453.7556,5447,
Mascot_mz,MassHunter_mz,Difference
453.7556,452.8612,0.8943769
453.7556,452.8622,0.8933784
453.7556,452.8637,0.8919063
453.7556,452.8639,0.8916878
453.7556,452.8641,0.8914887
453.7556,452.8645,0.891118
453.7556,452.8646,0.8909766
453.7556,452.8649,0.8906741
453.7556,452.865,0.8905677
453.7556,452.8655,0.8901183
453.7556,452.8657,0.889945
453.7556,452.8658,0.8897949
453.7556,452.8658,0.8897886
453.7556,452.8659,0.8897186
453.7556,452.8664,0.8892074
453.7556,452.8666,0.8889554
453.7556,452.8669,0.8886743
453.7556,452.867,0.8885804
453.7556,452.8671,0.8885278
453.7556,452.8672,0.8884433
453.7556,452.8673,0.8883313
453.7556,452.8676,0.8879562
453.7556,452.868,0.8875698
453.7556,452.8681,0.887511
453.7556,452.8682,0.8874327
453.7556,452.8682,0.8874134
453.7556,452.8686,0.8870003
453.7556,452.8687,0.8868659
453.7556,452.8688,0.8868495
453.7556,452.8688,0.8867932
453.7556,452.8689,0.8867418
453.7556,452.8689,0.8866643
453.7556,452.869,0.8865708
453.7556,452.8691,0.8864872
453.7556,452.8692,0.8864168
453.7556,452.8692,0.8864148
453.7556,452.8692,0.8863809
453.7556,452.8693,0.886341
453.7556,452.8693,0.8863403
453.7556,452.8693,0.8862713
453.7556,452.8693,0.8862702
453.7556,452.8694,0.8862316
453.7556,452.8694,0.8862225
453.7556,452.8697,0.8859436
453.7556,452.8698,0.8858189
453.7556,452.8698,0.8857724
453.7556,452.8698,0.8857507
453.7556,452.8699,0.8857436
453.7556,452.8699,0.8857296
453.7556,452.87,0.8856209
453.7556,452.8701,0.8854838
453.7556,452.8701,0.885466
453.7556,452.8702,0.8854487
453.7556,452.8704,0.885237
453.7556,452.8704,0.8851547
453.7556,452.8705,0.8851463
453.7556,452.8705,0.8851312
453.7556,452.8705,0.8851259
453.7556,452.8706,0.8849982
453.7556,452.8706,0.8849709
453.7556,452.8707,0.8849067
453.7556,452.8707,0.8849022
453.7556,452.8707,0.8848961
453.7556,452.8707,0.8848939
453.7556,452.8707,0.8848665
453.7556,452.8708,0.88485
453.7556,452.8708,0.884814
453.7556,452.8708,0.8847796
453.7556,452.8709,0.8847308
453.7556,452.8709,0.8846994
453.7556,452.8709,0.8846746
453.7556,452.871,0.8846126
453.7556,452.871,0.8845904
453.7556,452.871,0.8845775
453.7556,452.8711,0.8845472
453.7556,452.8711,0.8845376
453.7556,452.8711,0.8844646
453.7556,452.8712,0.8844304
453.7556,452.8712,0.8844091
453.7556,452.8712,0.8843805
453.7556,452.8713,0.8843466
453.7556,452.8713,0.8843128
453.7556,452.8713,0.8842785
453.7556,452.8713,0.884267
453.7556,452.8714,0.8842292
453.7556,452.8714,0.8842088
453.7556,452.8714,0.8841897
453.7556,452.8715,0.8841275
453.7556,452.8715,0.8840907
453.7556,452.8715,0.884071
453.7556,452.8715,0.8840697
453.7556,452.8716,0.8840476
453.7556,452.8716,0.884002
453.7556,452.8716,0.8839966
453.7556,452.8716,0.8839799
453.7556,452.8716,0.8839666
453.7556,452.8717,0.8839363
453.7556,452.8717,0.8839126
453.7556,452.8717,0.8838879
453.7556,452.8717,0.883885
453.7556,452.8717,0.8838564
453.7556,452.8717,0.8838556
453.7556,452.8718,0.8838449
453.7556,452.8718,0.8837901
453.7556,452.8718,0.8837543
453.7556,452.872,0.8836463
453.7556,452.872,0.8835714
453.7556,452.872,0.8835606
453.7556,452.8721,0.8835316
453.7556,452.8721,0.8835147
453.7556,452.8721,0.8834972
453.7556,452.8721,0.8834916
453.7556,452.8722,0.8834129
453.7556,452.8722,0.8833806
453.7556,452.8723,0.8833383
453.7556,452.8723,0.8833129
453.7556,452.8723,0.883273
453.7556,452.8723,0.8832707
453.7556,452.8723,0.8832606
453.7556,452.8724,0.8832466
453.7556,452.8724,0.8832175
453.7556,452.8724,0.8831593
453.7556,452.8726,0.883026
453.7556,452.8727,0.8828933
453.7556,452.8727,0.8828746
453.7556,452.8728,0.8828422
453.7556,452.8728,0.882828
453.7556,452.8728,0.8827709
453.7556,452.8729,0.8827376
453.7556,452.8729,0.8827362
453.7556,452.8729,0.882732
453.7556,452.8729,0.8827005
453.7556,452.8729,0.8826794
453.7556,452.8729,0.8826696
453.7556,452.873,0.8826156
453.7556,452.873,0.8825843
453.7556,452.8732,0.8824271
453.7556,452.8732,0.8824113
453.7556,452.8732,0.8823869
453.7556,452.8732,0.8823845
453.7556,452.8732,0.8823828
453.7556,452.8732,0.8823722
453.7556,452.8732,0.8823567
453.7556,452.8733,0.8823454
453.7556,452.8733,0.8823098
453.7556,452.8733,0.8822924
453.7556,452.8733,0.8822881
453.7556,452.8733,0.8822648
453.7556,452.8734,0.882193
453.7556,452.8736,0.8819923
453.7556,452.8737,0.8819439
453.7556,452.8737,0.8819423
453.7556,452.8737,0.881868
453.7556,452.8738,0.8817606
453.7556,452.8738,0.8817603
453.7556,452.8739,0.8817395
453.7556,452.8739,0.8817015
453.7556,452.8739,0.8816676
453.7556,452.8741,0.8815296
453.7556,452.8741,0.8815285
453.7556,452.8741,0.8815223
453.7556,452.8741,0.8815174
453.7556,452.8741,0.8814922
453.7556,452.8741,0.8814713
453.7556,452.8742,0.8814331
453.7556,452.8742,0.8814206
453.7556,452.8743,0.8813466
453.7556,452.8743,0.8813414
453.7556,452.8744,0.8811977
453.7556,452.8744,0.881177
453.7556,452.8745,0.8811434
453.7556,452.8745,0.8811414
453.7556,452.8746,0.8810402
453.7556,452.8746,0.8810381
453.7556,452.8746,0.8810322
453.7556,452.8746,0.8810275
453.7556,452.8746,0.880984
453.7556,452.8746,0.8809633
453.7556,452.8746,0.8809565
453.7556,452.8748,0.8807773
453.7556,452.8749,0.8807338
453.7556,452.8749,0.8806855
453.7556,452.8749,0.8806717
453.7556,452.875,0.8805986
453.7556,452.8751,0.8805303
453.7556,452.8751,0.8805109
453.7556,452.8752,0.880387
453.7556,452.8752,0.8803792
453.7556,452.8754,0.8802141
453.7556,452.8754,0.8801917
453.7556,452.8758,0.8798302
453.7556,452.876,0.8795641
453.7556,452.8763,0.8792525
453.7556,452.8765,0.8791233
453.7556,452.8768,0.8788454
453.7556,452.8768,0.8787682
453.7556,452.8771,0.8785378
453.7556,452.8773,0.8782504
453.7556,452.8776,0.8780185
453.7556,452.8789,0.8766808
453.7556,452.8791,0.876515
453.7556,452.8806,0.8750496
453.7556,452.888,0.8676293
453.7556,452.8906,0.8649836
453.7556,452.8909,0.8646933
453.7556,452.891,0.8645737
453.7556,452.8924,0.8632355
453.7556,452.8936,0.8620409
453.7556,452.8944,0.8612344
453.7556,452.8999,0.8557317
453.7556,452.9,0.8555653
453.7556,452.9061,0.8495216
453.7556,452.9063,0.8492783
453.7556,452.9929,0.762687
453.7556,452.9933,0.7623187
453.7556,452.9936,0.7620389
453.7556,452.994,0.7616429
453.7556,452.9946,0.7609865
453.7556,452.9947,0.7609329
453.7556,452.9947,0.7608746
453.7556,452.9953,0.7603227
453.7556,452.9956,0.7599699
453.7556,452.9959,0.759727
453.7556,452.9959,0.7596643
453.7556,452.9965,0.7591091
453.7556,452.9975,0.7581399
453.7556,452.9976,0.758043
453.7556,452.9978,0.7577563
453.7556,452.998,0.7575534
453.7556,452.9984,0.7572492
453.7556,452.9986,0.7569896
453.7556,453.0015,0.7541249
453.7556,453.0282,0.7274386
453.7556,453.0291,0.7264514
453.7556,453.0321,0.7234836
453.7556,453.0348,0.7207722
453.7556,453.1659,0.5896916
453.7556,453.1664,0.5892355
453.7556,453.1667,0.5889197
453.7556,453.1671,0.58846
453.7556,453.1672,0.5883785
453.7556,453.168,0.5876487
453.7556,453.1681,0.5875021
453.7556,453.1684,0.5872205
453.7556,453.1685,0.5870718
453.7556,453.1694,0.5861854
453.7556,453.1701,0.5855485
453.7556,453.1701,0.5855208
453.7556,453.1709,0.5846778
453.7556,453.1771,0.5785319
453.7556,453.1773,0.5782957
453.7556,453.1775,0.5780551
453.7556,453.1779,0.5776605
453.7556,453.1781,0.5775372
453.7556,453.1781,0.5775348
453.7556,453.1782,0.5773988
453.7556,453.1788,0.5768289
453.7556,453.18,0.5756229
453.7556,453.1802,0.5753843
453.7556,453.1814,0.5742198
453.7556,453.1817,0.5738598
453.7556,453.1819,0.5737447
453.7556,453.1824,0.5731957
453.7556,453.1825,0.5731077
453.7556,453.1839,0.5716559
453.7556,453.1858,0.5698388
453.7556,453.1865,0.569122
453.7556,453.1877,0.5678858
453.7556,453.1882,0.5674316
453.7556,453.1888,0.5667705
453.7556,453.1889,0.5667102
453.7556,453.1899,0.5656625
453.7556,453.1905,0.5651073
453.7556,453.1911,0.5645197
453.7556,453.1911,0.5644539
453.7556,453.1919,0.5637032
453.7556,453.1919,0.563663
453.7556,453.1923,0.5633059
453.7556,453.1924,0.5631588
453.7556,453.1929,0.5627224
453.7556,453.1931,0.5625277
453.7556,453.1938,0.5618486
453.7556,453.1939,0.561728
453.7556,453.1939,0.5616953
453.7556,453.1943,0.5612968
453.7556,453.1946,0.5610295
453.7556,453.1946,0.5609745
453.7556,453.1947,0.5609158
453.7556,453.195,0.5606192
453.7556,453.1951,0.5605235
453.7556,453.1952,0.5603774
453.7556,453.1953,0.5602855
453.7556,453.1954,0.5602451
453.7556,453.1954,0.5601974
453.7556,453.1954,0.5601784
453.7556,453.1954,0.5601661
453.7556,453.1955,0.5600667
453.7556,453.1956,0.5599627
453.7556,453.1957,0.5598699
453.7556,453.1961,0.5595318
453.7556,453.1963,0.5592863
453.7556,453.1963,0.5592862
453.7556,453.1965,0.5591409
453.7556,453.1965,0.5591245
453.7556,453.1965,0.5591057
453.7556,453.1965,0.5590867
453.7556,453.1966,0.558976
453.7556,453.1972,0.5583634
453.7556,453.1973,0.558306
453.7556,453.1975,0.5581344
453.7556,453.1975,0.5581069
453.7556,453.1979,0.557676
453.7556,453.198,0.5576266
453.7556,453.198,0.5575643
453.7556,453.198,0.5575568
453.7556,453.1982,0.5574039
453.7556,453.1983,0.5572513
453.7556,453.1984,0.5572229
453.7556,453.1984,0.5572054
453.7556,453.1984,0.5571861
453.7556,453.1986,0.5570486
453.7556,453.1987,0.5569188
453.7556,453.1988,0.5568259
453.7556,453.1989,0.5567456
453.7556,453.1989,0.5566815
453.7556,453.199,0.5566262
453.7556,453.1993,0.5563378
453.7556,453.1994,0.5562258
453.7556,453.1995,0.5561463
453.7556,453.1999,0.5557344
453.7556,453.2001,0.5555337
453.7556,453.2001,0.5555115
453.7556,453.2004,0.5552148
453.7556,453.2004,0.5551871
453.7556,453.2004,0.5551786
453.7556,453.2004,0.555178
453.7556,453.2004,0.5551739
453.7556,453.2005,0.555104
453.7556,453.2006,0.5549788
453.7556,453.2008,0.5548418
453.7556,453.2008,0.5547862
453.7556,453.2008,0.5547654
453.7556,453.2008,0.5547518
453.7556,453.201,0.5545767
453.7556,453.2011,0.5545248
453.7556,453.2012,0.5544027
453.7556,453.2016,0.5539696
453.7556,453.2017,0.5539367
453.7556,453.2017,0.5538859
453.7556,453.2017,0.5538741
453.7556,453.2018,0.5537511
453.7556,453.2019,0.5537388
453.7556,453.2019,0.5537182
453.7556,453.2021,0.5535446
453.7556,453.2023,0.5533097
453.7556,453.2023,0.5533065
453.7556,453.2024,0.5532099
453.7556,453.2024,0.5531853
453.7556,453.2025,0.5531372
453.7556,453.2026,0.5530082
453.7556,453.2026,0.5529602
453.7556,453.2027,0.5529494
453.7556,453.2027,0.5529393
453.7556,453.2027,0.5528855
453.7556,453.2028,0.5527543
453.7556,453.2031,0.5525081
453.7556,453.2035,0.5520528
453.7556,453.2036,0.5520219
453.7556,453.2036,0.5519626
453.7556,453.2037,0.551914
453.7556,453.2037,0.5518734
453.7556,453.2038,0.5518484
453.7556,453.2039,0.5517023
453.7556,453.204,0.551561
453.7556,453.2041,0.5514973
453.7556,453.2041,0.5514747
453.7556,453.2042,0.5513694
453.7556,453.2042,0.5513576
453.7556,453.2043,0.5512876
453.7556,453.2043,0.5512805
453.7556,453.2044,0.5512234
453.7556,453.2044,0.5512038
453.7556,453.2045,0.5511205
453.7556,453.2047,0.5509212
453.7556,453.2047,0.5509187
453.7556,453.2047,0.5508938
453.7556,453.2048,0.5508394
453.7556,453.2049,0.5507428
453.7556,453.2049,0.5506932
453.7556,453.2049,0.5506734
453.7556,453.2049,0.5506651
453.7556,453.205,0.5505512
453.7556,453.2051,0.5504648
453.7556,453.2052,0.5503863
453.7556,453.2052,0.5503614
453.7556,453.2053,0.5503332
453.7556,453.2053,0.5502528
453.7556,453.2054,0.5502364
453.7556,453.2054,0.5502269
453.7556,453.2055,0.5501069
453.7556,453.2055,0.5500524
453.7556,453.2057,0.5499416
453.7556,453.2057,0.5498943
453.7556,453.2057,0.5498727
453.7556,453.2058,0.5498325
453.7556,453.2058,0.5498191
453.7556,453.2058,0.5497519
453.7556,453.2059,0.54972
453.7556,453.206,0.549579
453.7556,453.206,0.5495756
453.7556,453.2061,0.5495188
453.7556,453.2062,0.5494404
453.7556,453.2062,0.5494078
453.7556,453.2063,0.5493412
453.7556,453.2063,0.5493215
453.7556,453.2063,0.5493026
453.7556,453.2064,0.5491907
453.7556,453.2064,0.549161
453.7556,453.2065,0.5491357
453.7556,453.2065,0.5491083
453.7556,453.2066,0.5490231
453.7556,453.2067,0.5488735
453.7556,453.2068,0.548843
453.7556,453.207,0.5485856
453.7556,453.2071,0.5485356
453.7556,453.2071,0.5484689
453.7556,453.2072,0.5484147
453.7556,453.2072,0.5484122
453.7556,453.2072,0.5483753
453.7556,453.2072,0.5483597
453.7556,453.2073,0.5483423
453.7556,453.2073,0.5483154
453.7556,453.2073,0.5483149
453.7556,453.2074,0.548202
453.7556,453.2075,0.5481062
453.7556,453.2075,0.5480654
453.7556,453.2075,0.5480646
453.7556,453.2075,0.5480576
453.7556,453.2076,0.5479704
453.7556,453.2076,0.5479674
453.7556,453.2077,0.5479388
453.7556,453.2077,0.5478748
453.7556,453.2077,0.5478728
453.7556,453.2079,0.5477492
453.7556,453.2079,0.5476798
453.7556,453.2079,0.5476768
453.7556,453.208,0.5476455
453.7556,453.208,0.5475894
453.7556,453.208,0.5475734
453.7556,453.208,0.5475689
453.7556,453.2081,0.5475056
453.7556,453.2082,0.547393
453.7556,453.2083,0.5473087
453.7556,453.2083,0.5472638
453.7556,453.2083,0.5472554
453.7556,453.2084,0.5472433
453.7556,453.2084,0.5472398
453.7556,453.2084,0.5472368
453.7556,453.2086,0.5469965
453.7556,453.2086,0.5469784
453.7556,453.2086,0.5469637
453.7556,453.2087,0.5469312
453.7556,453.2087,0.5468733
453.7556,453.2087,0.5468649
453.7556,453.2088,0.546846
453.7556,453.2088,0.5468151
453.7556,453.2088,0.546788
453.7556,453.2089,0.5467084
453.7556,453.2089,0.5466965
453.7556,453.209,0.54657
453.7556,453.2092,0.5463743
453.7556,453.2093,0.5463269
453.7556,453.2093,0.5463258
453.7556,453.2093,0.5463178
453.7556,453.2093,0.5463124
453.7556,453.2096,0.5460426
453.7556,453.2096,0.545988
453.7556,453.2097,0.5459485
453.7556,453.2098,0.5458085
453.7556,453.2099,0.5456675
453.7556,453.21,0.5456146
453.7556,453.21,0.5456112
453.7556,453.21,0.5456101
453.7556,453.21,0.5456061
453.7556,453.21,0.5455803
453.7556,453.21,0.5455559
453.7556,453.2101,0.5455257
453.7556,453.2102,0.5454293
453.7556,453.2103,0.5453221
453.7556,453.2103,0.5453188
453.7556,453.2105,0.5450608
453.7556,453.2107,0.5449269
453.7556,453.2108,0.5448443
453.7556,453.2108,0.5448441
453.7556,453.2108,0.5448438
453.7556,453.2109,0.5447295
453.7556,453.2109,0.5446987
453.7556,453.211,0.5445758
453.7556,453.2111,0.5445058
453.7556,453.2112,0.5444086
453.7556,453.2112,0.5443867
453.7556,453.2114,0.5442495
453.7556,453.2114,0.5441511
453.7556,453.2116,0.5440026
453.7556,453.2117,0.5439258
453.7556,453.2117,0.5439092
453.7556,453.2118,0.5437968
453.7556,453.2119,0.5436746
453.7556,453.2119,0.5436686
453.7556,453.2119,0.5436644
453.7556,453.212,0.5436055
453.7556,453.212,0.5435784
453.7556,453.2122,0.5434305
453.7556,453.2122,0.5433845
453.7556,453.2125,0.5430959
453.7556,453.2126,0.5430275
453.7556,453.2126,0.5429804
453.7556,453.2126,0.5429625
453.7556,453.2128,0.5428328
453.7556,453.2129,0.5426533
453.7556,453.213,0.5425895
453.7556,453.2132,0.5423703
453.7556,453.2134,0.5422048
453.7556,453.2137,0.541941
453.7556,453.2137,0.5419023
453.7556,453.2137,0.5418954
453.7556,453.2137,0.5418792
453.7556,453.2139,0.5416735
453.7556,453.2139,0.5416528
453.7556,453.214,0.5415706
453.7556,453.2141,0.5415229
453.7556,453.2141,0.5415076
453.7556,453.2142,0.5414151
453.7556,453.2142,0.5414042
453.7556,453.2144,0.541195
453.7556,453.2145,0.5411447
453.7556,453.2145,0.5411196
453.7556,453.2145,0.5411105
453.7556,453.2145,0.5410872
453.7556,453.2146,0.5410183
453.7556,453.2147,0.5409292
453.7556,453.2148,0.5408141
453.7556,453.2148,0.5407754
453.7556,453.2153,0.5402764
453.7556,453.2153,0.5402716
453.7556,453.2154,0.5402196
453.7556,453.2155,0.5401293
453.7556,453.2155,0.540122
453.7556,453.2158,0.5398463
453.7556,453.2159,0.5396556
453.7556,453.216,0.5396141
453.7556,453.216,0.5396033
453.7556,453.216,0.5395861
453.7556,453.216,0.539566
453.7556,453.2162,0.5393766
453.7556,453.2163,0.5393486
453.7556,453.2163,0.5392843
453.7556,453.2165,0.5391203
453.7556,453.2165,0.5391038
453.7556,453.2165,0.5391021
453.7556,453.2166,0.5390296
453.7556,453.2166,0.5390114
453.7556,453.2167,0.5389313
453.7556,453.2167,0.5388702
453.7556,453.2168,0.5387576
453.7556,453.217,0.5386341
453.7556,453.2171,0.5385295
453.7556,453.2171,0.5384559
453.7556,453.2172,0.5384499
453.7556,453.2172,0.5383711
453.7556,453.2172,0.5383696
453.7556,453.2173,0.5382832
453.7556,453.2173,0.5382716
453.7556,453.2173,0.5382702
453.7556,453.2176,0.538033
453.7556,453.2176,0.5380249
453.7556,453.2176,0.5379955
453.7556,453.2176,0.5379711
453.7556,453.2179,0.5376931
453.7556,453.2179,0.5376868
453.7556,453.2181,0.5375367
453.7556,453.2181,0.5375176
453.7556,453.2181,0.5374791
453.7556,453.2184,0.5371794
453.7556,453.2185,0.5370904
453.7556,453.2188,0.5367756
453.7556,453.2189,0.536703
453.7556,453.219,0.5365531
453.7556,453.2191,0.5365411
453.7556,453.2191,0.5364503
453.7556,453.2192,0.5364423
453.7556,453.2193,0.5363487
453.7556,453.2193,0.5362783
453.7556,453.2194,0.536238
453.7556,453.2195,0.5361371
453.7556,453.2197,0.5358573
453.7556,453.2202,0.5354117
453.7556,453.2203,0.5353474
453.7556,453.2203,0.5353372
453.7556,453.2205,0.5351415
453.7556,453.2205,0.5351279
453.7556,453.221,0.5346254
453.7556,453.221,0.5345946
453.7556,453.221,0.5345814
453.7556,453.2211,0.5344805
453.7556,453.2212,0.534435
453.7556,453.2218,0.5338043
453.7556,453.222,0.5335687
453.7556,453.2226,0.5329919
453.7556,453.2233,0.5322545
453.7556,453.2235,0.5321434
453.7556,453.2235,0.5321259
453.7556,453.2235,0.5320931
453.7556,453.224,0.5316448
453.7556,453.2243,0.5313401
453.7556,453.2244,0.5312403
453.7556,453.2244,0.5311857
453.7556,453.2245,0.5311436
453.7556,453.2245,0.5311119
453.7556,453.2249,0.5306646
453.7556,453.225,0.5306086
453.7556,453.2254,0.5302478
453.7556,453.2255,0.5301441
453.7556,453.2259,0.529732
453.7556,453.2259,0.5296941
453.7556,453.2259,0.5296738
453.7556,453.2263,0.5292791
453.7556,453.2264,0.5292428
453.7556,453.2266,0.5289741
453.7556,453.2267,0.528885
453.7556,453.2274,0.5281723
453.7556,453.2275,0.528134
453.7556,453.2279,0.5277247
453.7556,453.2279,0.5277169
453.7556,453.2279,0.5277022
453.7556,453.2279,0.5276505
453.7556,453.2281,0.5275161
453.7556,453.2282,0.5273843
453.7556,453.2283,0.5273441
453.7556,453.2283,0.5272907
453.7556,453.2284,0.5271962
453.7556,453.2284,0.5271533
453.7556,453.2285,0.5270699
453.7556,453.2286,0.5269932
453.7556,453.2286,0.5269525
453.7556,453.2287,0.5269158
453.7556,453.2289,0.5267097
453.7556,453.2291,0.5265029
453.7556,453.2293,0.5263301
453.7556,453.2294,0.5261776
453.7556,453.2294,0.5261751
453.7556,453.2294,0.5261505
453.7556,453.2295,0.526131
453.7556,453.2295,0.5261287
453.7556,453.2296,0.5259852
453.7556,453.2296,0.5259516
453.7556,453.2297,0.525946
453.7556,453.2297,0.525909
453.7556,453.2297,0.5258535
453.7556,453.2297,0.5258521
453.7556,453.2298,0.5258378
453.7556,453.2298,0.5258194
453.7556,453.2298,0.5257821
453.7556,453.2298,0.5257595
453.7556,453.2299,0.5257411
453.7556,453.2299,0.52572
453.7556,453.2299,0.5256969
453.7556,453.2299,0.5256645
453.7556,453.23,0.5256198
453.7556,453.23,0.525573
453.7556,453.2301,0.5255205
453.7556,453.2301,0.5255181
453.7556,453.2301,0.5254783
453.7556,453.2301,0.5254716
453.7556,453.2303,0.5253211
453.7556,453.2303,0.525299
453.7556,453.2303,0.5252837
453.7556,453.2304,0.5252471
453.7556,453.2304,0.5252363
453.7556,453.2304,0.5252355
453.7556,453.2304,0.5252248
453.7556,453.2304,0.5252237
453.7556,453.2304,0.5252051
453.7556,453.2304,0.5251944
453.7556,453.2304,0.5251867
453.7556,453.2304,0.5251825
453.7556,453.2304,0.5251549
453.7556,453.2305,0.5251315
453.7556,453.2305,0.5251283
453.7556,453.2305,0.5251194
453.7556,453.2305,0.5251189
453.7556,453.2305,0.5250965
453.7556,453.2305,0.5250664
453.7556,453.2305,0.5250596
453.7556,453.2306,0.5250484
453.7556,453.2306,0.5250273
453.7556,453.2306,0.5249961
453.7556,453.2306,0.5249879
453.7556,453.2306,0.5249543
453.7556,453.2306,0.5249506
453.7556,453.2307,0.5249009
453.7556,453.2307,0.5248938
453.7556,453.2308,0.524838
453.7556,453.2308,0.5248342
453.7556,453.2308,0.5247852
453.7556,453.2308,0.5247599
453.7556,453.2309,0.524729
453.7556,453.2309,0.5246943
453.7556,453.2309,0.5246877
453.7556,453.2309,0.5246803
453.7556,453.2309,0.5246507
453.7556,453.2311,0.5245164
453.7556,453.2311,0.5245008
453.7556,453.2311,0.524468
453.7556,453.2312,0.524378
453.7556,453.2312,0.5243762
453.7556,453.2313,0.5242701
453.7556,453.2313,0.5242683
453.7556,453.2314,0.5242243
453.7556,453.2316,0.5240369
453.7556,453.2316,0.5240212
453.7556,453.2316,0.5239999
453.7556,453.2318,0.5238456
453.7556,453.2321,0.5235195
453.7556,453.2321,0.5235178
453.7556,453.2323,0.5232634
453.7556,453.2324,0.5231816
453.7556,453.2326,0.5229876
453.7556,453.2326,0.5229621
453.7556,453.2327,0.5229216
453.7556,453.2328,0.5227625
453.7556,453.233,0.5226449
453.7556,453.2331,0.5224578
453.7556,453.2333,0.522305
453.7556,453.2334,0.5221586
453.7556,453.2347,0.5208748
453.7556,453.235,0.520586
453.7556,453.2351,0.5205255
453.7556,453.2351,0.520488
453.7556,453.2352,0.5204452
453.7556,453.2352,0.5204397
453.7556,453.2353,0.5203275
453.7556,453.2355,0.5201075
453.7556,453.2356,0.520041
453.7556,453.2356,0.5199661
453.7556,453.236,0.519635
453.7556,453.236,0.5196285
453.7556,453.2366,0.5190381
453.7556,453.2366,0.5190215
453.7556,453.2366,0.5190016
453.7556,453.2366,0.518983
453.7556,453.2366,0.5189714
453.7556,453.2368,0.5188136
453.7556,453.2368,0.5187858
453.7556,453.2371,0.5185216
453.7556,453.2371,0.5185174
453.7556,453.2372,0.5184263
453.7556,453.2373,0.518252
453.7556,453.2375,0.5181226
453.7556,453.2375,0.5181148
453.7556,453.2377,0.5179321
453.7556,453.2377,0.5178846
453.7556,453.2377,0.5178831
453.7556,453.2379,0.5177067
453.7556,453.2381,0.5174917
453.7556,453.2381,0.5174876
453.7556,453.2382,0.5173681
453.7556,453.2382,0.5173618
453.7556,453.2384,0.517229
453.7556,453.2384,0.5172044
453.7556,453.2384,0.5171776
453.7556,453.2385,0.5171121
453.7556,453.2385,0.517074
453.7556,453.2385,0.5170645
453.7556,453.2385,0.5170601
453.7556,453.2387,0.5169376
453.7556,453.2388,0.5168101
453.7556,453.2389,0.5167473
453.7556,453.2389,0.5167323
453.7556,453.2389,0.5166547
453.7556,453.239,0.5166453
453.7556,453.2391,0.516518
453.7556,453.2391,0.5164882
453.7556,453.2391,0.5164502
453.7556,453.2392,0.5164123
453.7556,453.2393,0.516332
453.7556,453.2393,0.5162724
453.7556,453.2394,0.516187
453.7556,453.2394,0.5161563
453.7556,453.2395,0.5160952
453.7556,453.2396,0.5159657
453.7556,453.2398,0.5158414
453.7556,453.2398,0.515771
453.7556,453.2399,0.5157303
453.7556,453.2399,0.5157276
453.7556,453.2399,0.5156998
453.7556,453.2402,0.5154398
453.7556,453.2402,0.5153673
453.7556,453.2403,0.5153302
453.7556,453.2403,0.5153045
453.7556,453.2403,0.5152616
453.7556,453.2404,0.5152406
453.7556,453.2404,0.5151724
453.7556,453.2404,0.5151503
453.7556,453.2406,0.5150469
453.7556,453.2406,0.5149782
453.7556,453.2406,0.5149565
453.7556,453.2408,0.5147885
453.7556,453.2409,0.5146568
453.7556,453.241,0.514577
453.7556,453.241,0.5145511
453.7556,453.2412,0.5144338
453.7556,453.2412,0.5144224
453.7556,453.2412,0.5143961
453.7556,453.2412,0.5143636
453.7556,453.2413,0.5143015
453.7556,453.2416,0.5140311
453.7556,453.2416,0.5140057
453.7556,453.2417,0.5138755
453.7556,453.2417,0.5138596
453.7556,453.2418,0.5138426
453.7556,453.2418,0.513781
453.7556,453.2418,0.5137651
453.7556,453.2419,0.5137234
453.7556,453.2419,0.5137003
453.7556,453.2419,0.5136569
453.7556,453.242,0.5135589
453.7556,453.242,0.5135501
453.7556,453.2421,0.5135183
453.7556,453.2421,0.5134739
453.7556,453.2422,0.5133709
453.7556,453.2423,0.5132914
453.7556,453.2425,0.5131464
453.7556,453.2425,0.5131297
453.7556,453.2425,0.5130775
453.7556,453.2425,0.513067
453.7556,453.2425,0.5130634
453.7556,453.2425,0.513063
453.7556,453.2426,0.5130424
453.7556,453.2426,0.5130301
453.7556,453.2426,0.5130035
453.7556,453.2426,0.5129985
453.7556,453.2426,0.5129661
453.7556,453.2427,0.512942
453.7556,453.2427,0.512922
453.7556,453.2427,0.5128684
453.7556,453.2427,0.5128549
453.7556,453.2428,0.5127661
453.7556,453.2428,0.5127502
453.7556,453.2429,0.5127354
453.7556,453.2429,0.5127243
453.7556,453.2429,0.5127155
453.7556,453.2429,0.5126895
453.7556,453.2429,0.5126827
453.7556,453.2429,0.5126658
453.7556,453.243,0.5126211
453.7556,453.243,0.5126111
453.7556,453.243,0.5125973
453.7556,453.243,0.5125721
453.7556,453.243,0.5125576
453.7556,453.2431,0.512499
453.7556,453.2431,0.5124515
453.7556,453.2432,0.5124348
453.7556,453.2432,0.5124342
453.7556,453.2432,0.5124071
453.7556,453.2432,0.512397
453.7556,453.2433,0.5123434
453.7556,453.2433,0.5122763
453.7556,453.2433,0.5122545
453.7556,453.2433,0.5122543
453.7556,453.2434,0.5122403
453.7556,453.2434,0.5121648
453.7556,453.2435,0.5121401
453.7556,453.2435,0.5121398
453.7556,453.2435,0.512126
453.7556,453.2435,0.5121051
453.7556,453.2435,0.5120974
453.7556,453.2435,0.512093
453.7556,453.2435,0.5120916
453.7556,453.2435,0.5120725
453.7556,453.2436,0.5119931
453.7556,453.2436,0.5119628
453.7556,453.2437,0.5119402
453.7556,453.2437,0.5119381
453.7556,453.2438,0.5118437
453.7556,453.2438,0.511842
453.7556,453.2438,0.5118389
453.7556,453.2438,0.5118315
453.7556,453.2438,0.5118304
453.7556,453.2438,0.5118165
453.7556,453.2438,0.5118073
453.7556,453.2438,0.5118067
453.7556,453.2438,0.5118017
453.7556,453.2438,0.5117819
453.7556,453.2438,0.5117799
453.7556,453.2438,0.5117575
453.7556,453.2438,0.511757
453.7556,453.2438,0.5117512
453.7556,453.2439,0.5117186
453.7556,453.2439,0.5117074
453.7556,453.2439,0.5116808
453.7556,453.2439,0.5116763
453.7556,453.2439,0.5116568
453.7556,453.244,0.5116423
453.7556,453.244,0.5116288
453.7556,453.244,0.5116122
453.7556,453.244,0.5115776
453.7556,453.244,0.5115598
453.7556,453.2441,0.5115499
453.7556,453.2441,0.5115254
453.7556,453.2442,0.5114357
453.7556,453.2442,0.5114114
453.7556,453.2442,0.5113836
453.7556,453.2442,0.5113716
453.7556,453.2442,0.5113688
453.7556,453.2442,0.5113614
453.7556,453.2442,0.511357
453.7556,453.2443,0.5113383
453.7556,453.2443,0.5113253
453.7556,453.2443,0.5112991
453.7556,453.2443,0.5112882
453.7556,453.2443,0.5112851
453.7556,453.2443,0.5112781
453.7556,453.2443,0.5112756
453.7556,453.2444,0.5112449
453.7556,453.2444,0.5112315
453.7556,453.2444,0.5112054
453.7556,453.2444,0.5111952
453.7556,453.2444,0.511182
453.7556,453.2444,0.5111594
453.7556,453.2445,0.5111381
453.7556,453.2445,0.5111237
453.7556,453.2445,0.511118
453.7556,453.2445,0.5110831
453.7556,453.2445,0.5110748
453.7556,453.2446,0.5110138
453.7556,453.2446,0.5110114
453.7556,453.2446,0.511011
453.7556,453.2446,0.511005
453.7556,453.2446,0.5109974
453.7556,453.2446,0.5109796
453.7556,453.2446,0.5109755
453.7556,453.2446,0.5109648
453.7556,453.2446,0.5109621
453.7556,453.2446,0.5109556
453.7556,453.2446,0.5109511
453.7556,453.2447,0.5109436
453.7556,453.2447,0.5109026
453.7556,453.2447,0.5108829
453.7556,453.2447,0.5108819
453.7556,453.2447,0.5108658
453.7556,453.2447,0.5108634
453.7556,453.2447,0.5108615
453.7556,453.2448,0.5108482
453.7556,453.2448,0.5108361
453.7556,453.2448,0.5108311
453.7556,453.2448,0.5108172
453.7556,453.2448,0.5107944
453.7556,453.2448,0.5107867
453.7556,453.2448,0.5107856
453.7556,453.2448,0.5107725
453.7556,453.2448,0.510769
453.7556,453.2449,0.5107435
453.7556,453.2449,0.5107313
453.7556,453.2449,0.5107233
453.7556,453.2449,0.5106872
453.7556,453.2449,0.5106684
453.7556,453.2449,0.5106624
453.7556,453.2449,0.5106575
453.7556,453.2449,0.5106562
453.7556,453.2449,0.5106555
453.7556,453.2449,0.5106552
453.7556,453.245,0.5106486
453.7556,453.245,0.5106288
453.7556,453.245,0.5106058
453.7556,453.245,0.5106008
453.7556,453.245,0.5105557
453.7556,453.245,0.5105556
453.7556,453.2451,0.5105465
453.7556,453.2451,0.5105416
453.7556,453.2451,0.510536
453.7556,453.2451,0.5105077
453.7556,453.2451,0.510493
453.7556,453.2451,0.5104865
453.7556,453.2451,0.5104843
453.7556,453.2452,0.5104254
453.7556,453.2452,0.5104149
453.7556,453.2452,0.5104079
453.7556,453.2452,0.5103976
453.7556,453.2452,0.5103896
453.7556,453.2452,0.5103752
453.7556,453.2452,0.5103741
453.7556,453.2452,0.5103609
453.7556,453.2453,0.5103353
453.7556,453.2453,0.5103281
453.7556,453.2453,0.5103238
453.7556,453.2453,0.5103
453.7556,453.2453,0.5102973
453.7556,453.2453,0.5102776
453.7556,453.2454,0.5102231
453.7556,453.2454,0.5102201
453.7556,453.2454,0.5102132
453.7556,453.2454,0.5102038
453.7556,453.2454,0.5102027
453.7556,453.2454,0.5101945
453.7556,453.2454,0.5101889
453.7556,453.2454,0.5101813
453.7556,453.2454,0.5101811
453.7556,453.2454,0.5101603
453.7556,453.2454,0.5101598
453.7556,453.2455,0.5101434
453.7556,453.2455,0.5101236
453.7556,453.2455,0.510122
453.7556,453.2455,0.5101165
453.7556,453.2455,0.5101164
453.7556,453.2455,0.5101061
453.7556,453.2455,0.5101055
453.7556,453.2455,0.5100618
453.7556,453.2455,0.5100555
453.7556,453.2456,0.5100463
453.7556,453.2456,0.5100336
453.7556,453.2456,0.5100261
453.7556,453.2456,0.5100228
453.7556,453.2456,0.5100094
453.7556,453.2456,0.5100072
453.7556,453.2456,0.5100059
453.7556,453.2456,0.5099819
453.7556,453.2456,0.5099792
453.7556,453.2456,0.5099691
453.7556,453.2456,0.5099669
453.7556,453.2457,0.5099459
453.7556,453.2457,0.5099434
453.7556,453.2457,0.509929
453.7556,453.2457,0.5099217
453.7556,453.2457,0.5099207
453.7556,453.2457,0.5099182
453.7556,453.2457,0.5099139
453.7556,453.2457,0.5098991
453.7556,453.2457,0.5098939
453.7556,453.2457,0.5098794
453.7556,453.2457,0.5098733
453.7556,453.2457,0.5098606
453.7556,453.2457,0.5098571
453.7556,453.2457,0.5098543
453.7556,453.2457,0.5098533
453.7556,453.2458,0.5098486
453.7556,453.2458,0.5098424
453.7556,453.2458,0.5098369
453.7556,453.2458,0.509831
453.7556,453.2458,0.5098277
453.7556,453.2458,0.5098165
453.7556,453.2458,0.5098064
453.7556,453.2458,0.5098043
453.7556,453.2458,0.5097908
453.7556,453.2458,0.5097815
453.7556,453.2458,0.5097785
453.7556,453.2458,0.5097696
453.7556,453.2458,0.5097558
453.7556,453.2459,0.5097382
453.7556,453.2459,0.509735
453.7556,453.2459,0.5097347
453.7556,453.2459,0.5097306
453.7556,453.2459,0.509713
453.7556,453.2459,0.5097119
453.7556,453.2459,0.5097095
453.7556,453.2459,0.5096964
453.7556,453.2459,0.5096824
453.7556,453.2459,0.5096813
453.7556,453.2459,0.509677
453.7556,453.2459,0.5096635
453.7556,453.246,0.5096269
453.7556,453.246,0.5096223
453.7556,453.246,0.5096081
453.7556,453.246,0.5096064
453.7556,453.246,0.5096035
453.7556,453.246,0.5095993
453.7556,453.246,0.5095962
453.7556,453.246,0.5095874
453.7556,453.246,0.5095853
453.7556,453.246,0.5095838
453.7556,453.246,0.5095678
453.7556,453.2461,0.5095443
453.7556,453.2461,0.5095197
453.7556,453.2461,0.5094946
453.7556,453.2461,0.5094899
453.7556,453.2461,0.5094819
453.7556,453.2461,0.5094792
453.7556,453.2461,0.50946
453.7556,453.2462,0.5094394
453.7556,453.2462,0.5094368
453.7556,453.2462,0.5094304
453.7556,453.2462,0.5094296
453.7556,453.2462,0.5093723
453.7556,453.2462,0.5093635
453.7556,453.2463,0.5093104
453.7556,453.2463,0.5092986
453.7556,453.2463,0.5092984
453.7556,453.2463,0.5092757
453.7556,453.2464,0.5092402
453.7556,453.2464,0.5092374
453.7556,453.2464,0.509233
453.7556,453.2464,0.5092144
453.7556,453.2464,0.5092116
453.7556,453.2464,0.5092093
453.7556,453.2464,0.5092032
453.7556,453.2464,0.5091587
453.7556,453.2464,0.5091528
453.7556,453.2465,0.5091286
453.7556,453.2465,0.5091204
453.7556,453.2465,0.509117
453.7556,453.2465,0.5091166
453.7556,453.2465,0.5091084
453.7556,453.2465,0.5090977
453.7556,453.2465,0.5090937
453.7556,453.2465,0.5090743
453.7556,453.2465,0.5090567
453.7556,453.2465,0.5090526
453.7556,453.2466,0.5090402
453.7556,453.2466,0.5090249
453.7556,453.2466,0.5090165
453.7556,453.2466,0.509012
453.7556,453.2466,0.5090072
453.7556,453.2466,0.509003
453.7556,453.2466,0.5089745
453.7556,453.2466,0.5089508
453.7556,453.2467,0.5089448
453.7556,453.2467,0.5089447
453.7556,453.2467,0.5089396
453.7556,453.2467,0.508938
453.7556,453.2467,0.5088932
453.7556,453.2467,0.5088855
453.7556,453.2467,0.5088827
453.7556,453.2467,0.508881
453.7556,453.2468,0.5088494
453.7556,453.2468,0.5088432
453.7556,453.2468,0.5088415
453.7556,453.2468,0.5088409
453.7556,453.2468,0.508836
453.7556,453.2468,0.5088351
453.7556,453.2468,0.5088306
453.7556,453.2468,0.5088287
453.7556,453.2468,0.5088272
453.7556,453.2468,0.5088186
453.7556,453.2468,0.5088184
453.7556,453.2468,0.5088126
453.7556,453.2468,0.5087981
453.7556,453.2468,0.5087932
453.7556,453.2468,0.5087863
453.7556,453.2468,0.5087612
453.7556,453.2469,0.5087375
453.7556,453.2469,0.5087105
453.7556,453.2469,0.5086903
453.7556,453.2469,0.5086902
453.7556,453.2469,0.5086593
453.7556,453.2469,0.5086531
453.7556,453.247,0.5086332
453.7556,453.247,0.5086249
453.7556,453.247,0.5085809
453.7556,453.247,0.5085639
453.7556,453.247,0.5085617
453.7556,453.247,0.5085595
453.7556,453.2471,0.5085492
453.7556,453.2471,0.5085464
453.7556,453.2471,0.5085351
453.7556,453.2471,0.5085345
453.7556,453.2471,0.5085243
453.7556,453.2471,0.5085064
453.7556,453.2471,0.5084962
453.7556,453.2471,0.5084812
453.7556,453.2471,0.5084712
453.7556,453.2472,0.5084166
453.7556,453.2472,0.5084021
453.7556,453.2472,0.5083959
453.7556,453.2472,0.5083834
453.7556,453.2473,0.5083382
453.7556,453.2473,0.5083352
453.7556,453.2473,0.508329
453.7556,453.2473,0.5082976
453.7556,453.2473,0.5082942
453.7556,453.2473,0.5082929
453.7556,453.2473,0.5082835
453.7556,453.2473,0.5082586
453.7556,453.2473,0.5082512
453.7556,453.2474,0.5082463
453.7556,453.2474,0.5082383
453.7556,453.2474,0.5082361
453.7556,453.2474,0.5081957
453.7556,453.2474,0.508182
453.7556,453.2474,0.5081736
453.7556,453.2474,0.5081705
453.7556,453.2474,0.5081684
453.7556,453.2474,0.5081528
453.7556,453.2475,0.5081385
453.7556,453.2475,0.5081218
453.7556,453.2475,0.5081215
453.7556,453.2475,0.5080965
453.7556,453.2475,0.5080843
453.7556,453.2475,0.5080676
453.7556,453.2475,0.5080599
453.7556,453.2475,0.5080547
453.7556,453.2476,0.5080227
453.7556,453.2476,0.5080141
453.7556,453.2476,0.5080082
453.7556,453.2476,0.5079998
453.7556,453.2476,0.5079911
453.7556,453.2476,0.5079713
453.7556,453.2477,0.5079375
453.7556,453.2477,0.5079276
453.7556,453.2477,0.5079184
453.7556,453.2477,0.5079135
453.7556,453.2477,0.5079117
453.7556,453.2477,0.5079027
453.7556,453.2477,0.5078876
453.7556,453.2478,0.5078389
453.7556,453.2478,0.5077801
453.7556,453.2478,0.5077626
453.7556,453.2479,0.5077322
453.7556,453.2479,0.5077175
453.7556,453.2479,0.5076951
453.7556,453.2479,0.5076885
453.7556,453.2479,0.5076669
453.7556,453.2479,0.5076563
453.7556,453.248,0.5076245
453.7556,453.248,0.5075602
453.7556,453.2481,0.5075399
453.7556,453.2481,0.5075386
453.7556,453.2481,0.5075199
453.7556,453.2481,0.5075114
453.7556,453.2481,0.5074757
453.7556,453.2482,0.5074336
453.7556,453.2482,0.5074132
453.7556,453.2482,0.5073663
453.7556,453.2482,0.5073588
453.7556,453.2483,0.5073208
453.7556,453.2483,0.5072866
453.7556,453.2483,0.5072691
453.7556,453.2484,0.5072188
453.7556,453.2485,0.5071383
453.7556,453.2485,0.5071012
453.7556,453.2485,0.5070903
453.7556,453.2486,0.5070423
453.7556,453.2486,0.5069856
453.7556,453.2486,0.5069567
453.7556,453.2487,0.5069247
453.7556,453.2487,0.506882
453.7556,453.2487,0.5068787
453.7556,453.2488,0.5068485
453.7556,453.2488,0.5068005
453.7556,453.2488,0.5067857
453.7556,453.2488,0.5067678
453.7556,453.2488,0.5067561
453.7556,453.2489,0.5067305
453.7556,453.2489,0.50673
453.7556,453.2489,0.5066989
453.7556,453.249,0.5066417
453.7556,453.249,0.5066367
453.7556,453.249,0.5066229
453.7556,453.249,0.5065971
453.7556,453.249,0.5065607
453.7556,453.2491,0.5064547
453.7556,453.2492,0.5064462
453.7556,453.2492,0.5064197
453.7556,453.2492,0.5064041
453.7556,453.2492,0.50639
453.7556,453.2492,0.5063869
453.7556,453.2492,0.5063622
453.7556,453.2493,0.5062889
453.7556,453.2493,0.5062603
453.7556,453.2494,0.5061795
453.7556,453.2494,0.5061714
453.7556,453.2494,0.5061514
453.7556,453.2495,0.506081
453.7556,453.2496,0.5060477
453.7556,453.2496,0.5059723
453.7556,453.2497,0.505938
453.7556,453.2497,0.5058851
453.7556,453.2497,0.5058734
453.7556,453.2498,0.5058359
453.7556,453.2498,0.5057922
453.7556,453.2498,0.5057685
453.7556,453.2499,0.5057421
453.7556,453.2499,0.5056581
453.7556,453.25,0.505622
453.7556,453.25,0.5055598
453.7556,453.2501,0.5055007
453.7556,453.2501,0.5054695
453.7556,453.2503,0.5052709
453.7556,453.2503,0.5052649
453.7556,453.2504,0.5052329
453.7556,453.2504,0.5051912
453.7556,453.2504,0.5051768
453.7556,453.2505,0.5051441
453.7556,453.2506,0.5050448
453.7556,453.2506,0.5050386
453.7556,453.2507,0.504936
453.7556,453.2507,0.5049307
453.7556,453.2507,0.5049155
453.7556,453.2508,0.5047692
453.7556,453.2509,0.5047302
453.7556,453.251,0.5046329
453.7556,453.251,0.504601
453.7556,453.251,0.5045589
453.7556,453.2511,0.5044967
453.7556,453.2511,0.5044523
453.7556,453.2512,0.5044396
453.7556,453.2512,0.5044177
453.7556,453.2512,0.504399
453.7556,453.2513,0.5043499
453.7556,453.2514,0.5042068
453.7556,453.2515,0.504142
453.7556,453.2515,0.5040899
453.7556,453.2515,0.5040708
453.7556,453.2518,0.503755
453.7556,453.2519,0.5036842
453.7556,453.2519,0.5036678
453.7556,453.2522,0.5034073
453.7556,453.2523,0.5032533
453.7556,453.2524,0.5032419
453.7556,453.2524,0.503194
453.7556,453.2525,0.5031114
453.7556,453.2525,0.503053
453.7556,453.2526,0.5029814
453.7556,453.2527,0.5029257
453.7556,453.2527,0.5028936
453.7556,453.2528,0.5028377
453.7556,453.2528,0.5028081
453.7556,453.2528,0.5027641
453.7556,453.2529,0.5027219
453.7556,453.2529,0.5026868
453.7556,453.253,0.5025761
453.7556,453.2532,0.5024255
453.7556,453.2532,0.5024062
453.7556,453.2532,0.5023727
453.7556,453.2533,0.5023466
453.7556,453.2534,0.5022326
453.7556,453.2534,0.5022167
453.7556,453.2534,0.5021858
453.7556,453.2535,0.5020951
453.7556,453.2535,0.5020827
453.7556,453.2536,0.5020327
453.7556,453.2536,0.5019979
453.7556,453.2536,0.5019911
453.7556,453.2537,0.5018848
453.7556,453.2537,0.5018703
453.7556,453.2538,0.5018318
453.7556,453.2538,0.5018013
453.7556,453.2538,0.5017899
453.7556,453.2538,0.5017886
453.7556,453.2539,0.5017403
453.7556,453.2539,0.5017139
453.7556,453.2539,0.5016637
453.7556,453.254,0.5016329
453.7556,453.254,0.5016142
453.7556,453.254,0.5016109
453.7556,453.254,0.5016084
453.7556,453.254,0.5015735
453.7556,453.2542,0.5013733
453.7556,453.2543,0.5012995
453.7556,453.2543,0.5012697
453.7556,453.2544,0.5012344
453.7556,453.2544,0.5012264
453.7556,453.2544,0.5012243
453.7556,453.2544,0.5012125
453.7556,453.2544,0.5011649
453.7556,453.2545,0.5011493
453.7556,453.2545,0.5011323
453.7556,453.2546,0.5009849
453.7556,453.2547,0.5008503
453.7556,453.2548,0.500831
453.7556,453.2549,0.5007009
453.7556,453.2549,0.5006733
453.7556,453.255,0.500621
453.7556,453.2551,0.5005159
453.7556,453.2551,0.5004816
453.7556,453.2552,0.5004487
453.7556,453.2552,0.500422
453.7556,453.2552,0.5004213
453.7556,453.2552,0.5003561
453.7556,453.2553,0.5003422
453.7556,453.2553,0.5003105
453.7556,453.2554,0.5002047
453.7556,453.2554,0.5001715
453.7556,453.2556,0.5000165
453.7556,453.2556,0.500005
453.7556,453.2556,0.4999988
453.7556,453.2557,0.4999106
453.7556,453.2557,0.4998876
453.7556,453.2557,0.49986
453.7556,453.2558,0.4998001
453.7556,453.2558,0.4997874
453.7556,453.2558,0.4997789
453.7556,453.2558,0.4997614
453.7556,453.2559,0.4997318
453.7556,453.256,0.499647
453.7556,453.256,0.499566
453.7556,453.256,0.4995643
453.7556,453.2561,0.499528
453.7556,453.2561,0.4995094
453.7556,453.2561,0.4995091
453.7556,453.2561,0.499507
453.7556,453.2561,0.4995037
453.7556,453.2561,0.4994951
453.7556,453.2562,0.4993667
453.7556,453.2563,0.49934
453.7556,453.2563,0.4992647
453.7556,453.2564,0.4991937
453.7556,453.2566,0.499021
453.7556,453.2566,0.499012
453.7556,453.2568,0.4987983
453.7556,453.2568,0.4987745
453.7556,453.2568,0.4987625
453.7556,453.2569,0.4986843
453.7556,453.2569,0.498678
453.7556,453.257,0.4986436
453.7556,453.257,0.4986362
453.7556,453.257,0.4985685
453.7556,453.257,0.498561
453.7556,453.257,0.4985585
453.7556,453.2571,0.4985277
453.7556,453.2571,0.4985025
453.7556,453.2571,0.4984962
453.7556,453.2571,0.4984728
453.7556,453.2571,0.4984595
453.7556,453.2572,0.4984302
453.7556,453.2572,0.4983826
453.7556,453.2572,0.4983577
453.7556,453.2573,0.4983402
453.7556,453.2573,0.4983121
453.7556,453.2573,0.4983093
453.7556,453.2573,0.498307
453.7556,453.2574,0.4981998
453.7556,453.2574,0.4981851
453.7556,453.2575,0.4981499
453.7556,453.2575,0.4981405
453.7556,453.2575,0.4981359
453.7556,453.2575,0.4981108
453.7556,453.2575,0.4981004
453.7556,453.2575,0.4980651
453.7556,453.2576,0.4980335
453.7556,453.2576,0.4980049
453.7556,453.2576,0.4979665
453.7556,453.2576,0.4979644
453.7556,453.2577,0.4979198
453.7556,453.2577,0.497918
453.7556,453.2577,0.4979098
453.7556,453.2577,0.4979077
453.7556,453.2577,0.4979044
453.7556,453.2577,0.4979038
453.7556,453.2577,0.4978919
453.7556,453.2577,0.4978565
453.7556,453.2577,0.4978551
453.7556,453.2578,0.4978457
453.7556,453.2578,0.4978291
453.7556,453.2578,0.4978258
453.7556,453.2578,0.4977985
453.7556,453.2578,0.4977549
453.7556,453.2578,0.4977537
453.7556,453.2579,0.4977415
453.7556,453.2579,0.4977344
453.7556,453.2579,0.4977233
453.7556,453.2579,0.4977065
453.7556,453.2579,0.497699
453.7556,453.2579,0.4976642
453.7556,453.258,0.4976435
453.7556,453.258,0.4976264
453.7556,453.258,0.4976013
453.7556,453.258,0.4975699
453.7556,453.2581,0.4975045
453.7556,453.2581,0.4975039
453.7556,453.2581,0.4974875
453.7556,453.2582,0.4974498
453.7556,453.2582,0.4973968
453.7556,453.2582,0.4973874
453.7556,453.2582,0.4973729
453.7556,453.2582,0.4973613
453.7556,453.2583,0.4973249
453.7556,453.2583,0.4973243
453.7556,453.2583,0.4973017
453.7556,453.2583,0.4972941
453.7556,453.2583,0.4972786
453.7556,453.2583,0.4972748
453.7556,453.2583,0.4972739
453.7556,453.2584,0.4972381
453.7556,453.2584,0.4972344
453.7556,453.2584,0.4971998
453.7556,453.2584,0.4971947
453.7556,453.2584,0.4971882
453.7556,453.2585,0.4971415
453.7556,453.2585,0.49714
453.7556,453.2585,0.4971275
453.7556,453.2585,0.4971202
453.7556,453.2585,0.4971139
453.7556,453.2585,0.497098
453.7556,453.2585,0.4970972
453.7556,453.2585,0.4970829
453.7556,453.2585,0.4970815
453.7556,453.2585,0.4970659
453.7556,453.2585,0.497065
453.7556,453.2585,0.4970532
453.7556,453.2586,0.4970363
453.7556,453.2586,0.4970203
453.7556,453.2586,0.497005
453.7556,453.2586,0.4970017
453.7556,453.2586,0.496995
453.7556,453.2586,0.4969546
453.7556,453.2587,0.4969384
453.7556,453.2587,0.4969207
453.7556,453.2587,0.4969092
453.7556,453.2587,0.4968972
453.7556,453.2587,0.4968749
453.7556,453.2587,0.4968592
453.7556,453.2587,0.4968548
453.7556,453.2587,0.496852
453.7556,453.2588,0.496817
453.7556,453.2588,0.4968052
453.7556,453.2588,0.4968023
453.7556,453.2588,0.4967977
453.7556,453.2588,0.496796
453.7556,453.2588,0.4967774
453.7556,453.2588,0.4967733
453.7556,453.2588,0.4967603
453.7556,453.2589,0.4967468
453.7556,453.2589,0.4967466
453.7556,453.2589,0.4967452
453.7556,453.2589,0.4967389
453.7556,453.2589,0.4967156
453.7556,453.2589,0.4967152
453.7556,453.2589,0.4967144
453.7556,453.2589,0.4966971
453.7556,453.2589,0.4966875
453.7556,453.2589,0.4966606
453.7556,453.2589,0.496656
453.7556,453.2589,0.4966532
453.7556,453.259,0.4966284
453.7556,453.259,0.4966269
453.7556,453.259,0.4966201
453.7556,453.259,0.4966003
453.7556,453.259,0.4965986
453.7556,453.259,0.4965958
453.7556,453.259,0.4965729
453.7556,453.259,0.4965573
453.7556,453.2591,0.4965405
453.7556,453.2591,0.4965394
453.7556,453.2591,0.4964764
453.7556,453.2591,0.4964581
453.7556,453.2591,0.4964533
453.7556,453.2592,0.4964407
453.7556,453.2592,0.496438
453.7556,453.2592,0.496425
453.7556,453.2592,0.4963851
453.7556,453.2592,0.4963797
453.7556,453.2592,0.4963542
453.7556,453.2593,0.4963387
453.7556,453.2593,0.4962921
453.7556,453.2594,0.4961921
453.7556,453.2594,0.4961652
453.7556,453.2595,0.4961171
453.7556,453.2595,0.4960925
453.7556,453.2595,0.4960791
453.7556,453.2596,0.4960126
453.7556,453.2596,0.4960052
453.7556,453.2596,0.4959856
453.7556,453.2598,0.4958346
453.7556,453.2598,0.4958256
453.7556,453.2598,0.4957829
453.7556,453.2599,0.4957476
453.7556,453.2599,0.49573
453.7556,453.2599,0.4956986
453.7556,453.2599,0.4956951
453.7556,453.2599,0.4956546
453.7556,453.26,0.4956371
453.7556,453.26,0.4956105
453.7556,453.2601,0.4955365
453.7556,453.2601,0.4955056
453.7556,453.2601,0.495501
453.7556,453.2601,0.4954794
453.7556,453.2601,0.4954617
453.7556,453.2601,0.4954568
453.7556,453.2602,0.4954473
453.7556,453.2602,0.4953801
453.7556,453.2602,0.4953645
453.7556,453.2602,0.4953541
453.7556,453.2603,0.4953438
453.7556,453.2603,0.4953389
453.7556,453.2603,0.4953089
453.7556,453.2603,0.4952938
453.7556,453.2603,0.4952852
453.7556,453.2603,0.4952758
453.7556,453.2604,0.4952235
453.7556,453.2604,0.4952198
453.7556,453.2604,0.4952194
453.7556,453.2605,0.4951324
453.7556,453.2605,0.4951091
453.7556,453.2606,0.494951
453.7556,453.2607,0.494922
453.7556,453.2607,0.4949182
453.7556,453.2608,0.4948449
453.7556,453.2608,0.4948309
453.7556,453.2608,0.4947757
453.7556,453.2608,0.4947715
453.7556,453.2609,0.4946744
453.7556,453.261,0.4946064
453.7556,453.261,0.4946013
453.7556,453.2611,0.4945353
453.7556,453.2611,0.4945215
453.7556,453.2611,0.4944618
453.7556,453.2613,0.4943311
453.7556,453.2614,0.4942422
453.7556,453.2614,0.4941963
453.7556,453.2614,0.4941697
453.7556,453.2614,0.4941555
453.7556,453.2616,0.4940407
453.7556,453.2616,0.4940361
453.7556,453.2616,0.4940232
453.7556,453.2616,0.4939843
453.7556,453.2616,0.493976
453.7556,453.2616,0.493966
453.7556,453.2617,0.493948
453.7556,453.2617,0.4938977
453.7556,453.2618,0.493835
453.7556,453.2619,0.4937392
453.7556,453.2619,0.493723
453.7556,453.262,0.4936484
453.7556,453.262,0.4936108
453.7556,453.262,0.4935919
453.7556,453.262,0.4935518
453.7556,453.2622,0.4934324
453.7556,453.2622,0.4933872
453.7556,453.2622,0.4933839
453.7556,453.2623,0.4933409
453.7556,453.2623,0.4933254
453.7556,453.2623,0.4933123
453.7556,453.2624,0.4931876
453.7556,453.2625,0.4931319
453.7556,453.2625,0.4930806
453.7556,453.2625,0.4930714
453.7556,453.2626,0.4930375
453.7556,453.2626,0.4930096
453.7556,453.2626,0.4929502
453.7556,453.2627,0.4929408
453.7556,453.2627,0.492898
453.7556,453.2627,0.4928739
453.7556,453.2627,0.4928612
453.7556,453.2627,0.4928596
453.7556,453.2627,0.4928511
453.7556,453.2628,0.4927656
453.7556,453.2629,0.492712
453.7556,453.2629,0.4926984
453.7556,453.2629,0.4926896
453.7556,453.2629,0.4926769
453.7556,453.2629,0.4926574
453.7556,453.263,0.4925507
453.7556,453.2631,0.4924805
453.7556,453.2632,0.4924201
453.7556,453.2632,0.4923714
453.7556,453.2633,0.4922749
453.7556,453.2633,0.4922746
453.7556,453.2635,0.4921393
453.7556,453.2635,0.4921098
453.7556,453.2635,0.4921007
453.7556,453.2637,0.4918873
453.7556,453.2638,0.4918005
453.7556,453.2638,0.4917992
453.7556,453.2638,0.4917593
453.7556,453.2639,0.4917128
453.7556,453.2641,0.4915437
453.7556,453.2641,0.4914848
453.7556,453.2643,0.491321
453.7556,453.2643,0.491314
453.7556,453.2643,0.4913132
453.7556,453.2643,0.4912868
453.7556,453.2643,0.4912861
453.7556,453.2644,0.4912072
453.7556,453.2644,0.4911972
453.7556,453.2644,0.4911877
453.7556,453.2644,0.4911865
453.7556,453.2644,0.4911853
453.7556,453.2644,0.491158
453.7556,453.2645,0.4911229
453.7556,453.2645,0.4911197
453.7556,453.2645,0.4910789
453.7556,453.2646,0.4910018
453.7556,453.2646,0.4909533
453.7556,453.2646,0.490952
453.7556,453.2647,0.4908818
453.7556,453.2648,0.4908425
453.7556,453.2649,0.490675
453.7556,453.2652,0.4904383
453.7556,453.2654,0.4901731
453.7556,453.2654,0.4901708
453.7556,453.2654,0.4901627
453.7556,453.2656,0.490009
453.7556,453.2656,0.4899688
453.7556,453.2656,0.489957
453.7556,453.2657,0.4899069
453.7556,453.2657,0.489899
453.7556,453.2658,0.4898392
453.7556,453.2658,0.4897758
453.7556,453.2659,0.4897274
453.7556,453.2659,0.4897258
453.7556,453.266,0.4896467
453.7556,453.266,0.4896421
453.7556,453.266,0.4896278
453.7556,453.2661,0.4895187
453.7556,453.2662,0.4894293
453.7556,453.2662,0.4893659
453.7556,453.2662,0.4893626
453.7556,453.2664,0.4892447
453.7556,453.2665,0.489118
453.7556,453.2666,0.488978
453.7556,453.2666,0.4889704
453.7556,453.2667,0.4889071
453.7556,453.2667,0.4888891
453.7556,453.2667,0.4888507
453.7556,453.2668,0.4888386
453.7556,453.2668,0.488827
453.7556,453.2669,0.4887343
453.7556,453.267,0.4886151
453.7556,453.267,0.4885869
453.7556,453.2672,0.4883509
453.7556,453.2673,0.4883397
453.7556,453.2675,0.4880698
453.7556,453.2676,0.4880352
453.7556,453.2677,0.4878862
453.7556,453.2679,0.4876731
453.7556,453.268,0.4876138
453.7556,453.268,0.4875851
453.7556,453.268,0.4875591
453.7556,453.268,0.4875528
453.7556,453.2681,0.487488
453.7556,453.2681,0.487459
453.7556,453.2682,0.4874208
453.7556,453.2683,0.4873132
453.7556,453.2683,0.4873011
453.7556,453.2683,0.4872867
453.7556,453.2683,0.4872743
453.7556,453.2684,0.4871861
453.7556,453.2684,0.4871586
453.7556,453.2685,0.4871418
453.7556,453.2685,0.4871249
453.7556,453.2685,0.4871188
453.7556,453.2685,0.4871041
453.7556,453.2685,0.4870858
453.7556,453.2686,0.4870438
453.7556,453.2687,0.4869169
453.7556,453.2687,0.4868765
453.7556,453.2687,0.4868715
453.7556,453.2687,0.4868636
453.7556,453.2688,0.4868448
453.7556,453.2689,0.4867419
453.7556,453.2689,0.4867284
453.7556,453.2689,0.4867252
453.7556,453.2689,0.4866983
453.7556,453.2689,0.4866948
453.7556,453.269,0.4866411
453.7556,453.269,0.486624
453.7556,453.269,0.4866173
453.7556,453.269,0.4865809
453.7556,453.2691,0.4865295
453.7556,453.2691,0.4865101
453.7556,453.2692,0.4864381
453.7556,453.2692,0.4864281
453.7556,453.2692,0.4864167
453.7556,453.2692,0.4864087
453.7556,453.2692,0.4863975
453.7556,453.2692,0.4863929
453.7556,453.2692,0.4863882
453.7556,453.2692,0.4863561
453.7556,453.2693,0.4863291
453.7556,453.2693,0.4863252
453.7556,453.2693,0.4863232
453.7556,453.2693,0.4863195
453.7556,453.2693,0.4863121
453.7556,453.2693,0.4863059
453.7556,453.2693,0.4862908
453.7556,453.2693,0.48628
453.7556,453.2693,0.4862756
453.7556,453.2693,0.4862743
453.7556,453.2693,0.4862732
453.7556,453.2693,0.4862564
453.7556,453.2694,0.4862432
453.7556,453.2694,0.4862376
453.7556,453.2694,0.4862127
453.7556,453.2694,0.4862005
453.7556,453.2694,0.4861698
453.7556,453.2694,0.4861669
453.7556,453.2694,0.4861542
453.7556,453.2695,0.4861468
453.7556,453.2695,0.4860919
453.7556,453.2695,0.4860889
453.7556,453.2695,0.4860757
453.7556,453.2695,0.4860556
453.7556,453.2696,0.486022
453.7556,453.2696,0.4860177
453.7556,453.2696,0.4859917
453.7556,453.2697,0.4858996
453.7556,453.2697,0.4858908
453.7556,453.2697,0.4858871
453.7556,453.2697,0.4858676
453.7556,453.2698,0.4858315
453.7556,453.2698,0.4858259
453.7556,453.2698,0.4858155
453.7556,453.2698,0.4857925
453.7556,453.2698,0.48578
453.7556,453.2698,0.48577
453.7556,453.2699,0.4857349
453.7556,453.2699,0.4857343
453.7556,453.2699,0.4857213
453.7556,453.2699,0.4857108
453.7556,453.2699,0.4856964
453.7556,453.2699,0.4856928
453.7556,453.2699,0.4856666
453.7556,453.2699,0.485656
453.7556,453.27,0.4856488
453.7556,453.27,0.4856158
453.7556,453.27,0.4856127
453.7556,453.27,0.4856048
453.7556,453.27,0.4856009
453.7556,453.27,0.4855967
453.7556,453.27,0.4855941
453.7556,453.27,0.4855727
453.7556,453.27,0.4855706
453.7556,453.27,0.4855688
453.7556,453.27,0.4855572
453.7556,453.2701,0.4855265
453.7556,453.2701,0.4855202
453.7556,453.2701,0.4855153
453.7556,453.2701,0.4855093
453.7556,453.2701,0.4855079
453.7556,453.2701,0.4854921
453.7556,453.2701,0.4854899
453.7556,453.2701,0.4854871
453.7556,453.2701,0.4854837
453.7556,453.2701,0.4854827
453.7556,453.2701,0.4854767
453.7556,453.2701,0.4854655
453.7556,453.2701,0.4854602
453.7556,453.2701,0.4854589
453.7556,453.2701,0.4854568
453.7556,453.2702,0.4854324
453.7556,453.2702,0.485425
453.7556,453.2702,0.4854195
453.7556,453.2702,0.4854151
453.7556,453.2702,0.4854095
453.7556,453.2702,0.4854075
453.7556,453.2702,0.4853985
453.7556,453.2702,0.4853944
453.7556,453.2702,0.4853878
453.7556,453.2702,0.4853854
453.7556,453.2702,0.4853677
453.7556,453.2702,0.4853674
453.7556,453.2702,0.4853515
453.7556,453.2703,0.4853456
453.7556,453.2703,0.4853438
453.7556,453.2703,0.4853437
453.7556,453.2703,0.4853211
453.7556,453.2703,0.4853006
453.7556,453.2703,0.4852963
453.7556,453.2703,0.4852949
453.7556,453.2704,0.4852431
453.7556,453.2704,0.4852357
453.7556,453.2704,0.4852345
453.7556,453.2704,0.4852323
453.7556,453.2704,0.48522
453.7556,453.2704,0.4852121
453.7556,453.2704,0.4852045
453.7556,453.2704,0.4851925
453.7556,453.2704,0.4851925
453.7556,453.2704,0.4851828
453.7556,453.2704,0.485166
453.7556,453.2704,0.4851646
453.7556,453.2704,0.4851627
453.7556,453.2704,0.4851608
453.7556,453.2704,0.4851599
453.7556,453.2704,0.4851588
453.7556,453.2704,0.4851508
453.7556,453.2705,0.4851364
453.7556,453.2705,0.485129
453.7556,453.2705,0.4851109
453.7556,453.2705,0.4850901
453.7556,453.2705,0.4850866
453.7556,453.2705,0.4850841
453.7556,453.2705,0.4850821
453.7556,453.2705,0.4850719
453.7556,453.2705,0.4850712
453.7556,453.2705,0.4850703
453.7556,453.2705,0.4850675
453.7556,453.2705,0.4850656
453.7556,453.2705,0.485065
453.7556,453.2705,0.4850514
453.7556,453.2706,0.4850494
453.7556,453.2706,0.4850479
453.7556,453.2706,0.4850477
453.7556,453.2706,0.4850449
453.7556,453.2706,0.4850318
453.7556,453.2706,0.4850248
453.7556,453.2706,0.485024
453.7556,453.2706,0.4850221
453.7556,453.2706,0.485021
453.7556,453.2706,0.4850178
453.7556,453.2706,0.4850166
453.7556,453.2706,0.4850023
453.7556,453.2706,0.4849972
453.7556,453.2706,0.4849956
453.7556,453.2706,0.484986
453.7556,453.2706,0.4849732
453.7556,453.2706,0.4849681
453.7556,453.2706,0.4849667
453.7556,453.2706,0.4849632
453.7556,453.2706,0.4849545
453.7556,453.2706,0.4849534
453.7556,453.2707,0.4849286
453.7556,453.2707,0.4849106
453.7556,453.2707,0.4848991
453.7556,453.2707,0.4848977
453.7556,453.2707,0.484895
453.7556,453.2707,0.4848931
453.7556,453.2707,0.4848929
453.7556,453.2707,0.4848911
453.7556,453.2707,0.484889
453.7556,453.2707,0.4848879
453.7556,453.2707,0.4848875
453.7556,453.2707,0.4848812
453.7556,453.2707,0.484875
453.7556,453.2707,0.4848677
453.7556,453.2707,0.4848661
453.7556,453.2707,0.484866
453.7556,453.2707,0.4848554
453.7556,453.2707,0.4848515
453.7556,453.2708,0.4848423
453.7556,453.2708,0.4848415
453.7556,453.2708,0.4848407
453.7556,453.2708,0.4848385
453.7556,453.2708,0.4848369
453.7556,453.2708,0.4848255
453.7556,453.2708,0.4848238
453.7556,453.2708,0.4848181
453.7556,453.2708,0.4848141
453.7556,453.2708,0.4848095
453.7556,453.2708,0.4848035
453.7556,453.2708,0.4847973
453.7556,453.2708,0.4847872
453.7556,453.2708,0.4847752
453.7556,453.2708,0.4847672
453.7556,453.2708,0.4847622
453.7556,453.2708,0.4847595
453.7556,453.2708,0.4847569
453.7556,453.2709,0.4847421
453.7556,453.2709,0.484729
453.7556,453.2709,0.4847264
453.7556,453.2709,0.4847246
453.7556,453.2709,0.4847164
453.7556,453.2709,0.4846916
453.7556,453.2709,0.4846905
453.7556,453.2709,0.4846904
453.7556,453.2709,0.4846558
453.7556,453.2709,0.4846543
453.7556,453.2709,0.4846504
453.7556,453.271,0.4846482
453.7556,453.271,0.4846388
453.7556,453.271,0.4846206
453.7556,453.271,0.4846187
453.7556,453.271,0.4846126
453.7556,453.271,0.4846096
453.7556,453.271,0.4846089
453.7556,453.271,0.4846007
453.7556,453.271,0.4845918
453.7556,453.271,0.4845906
453.7556,453.271,0.4845893
453.7556,453.271,0.484588
453.7556,453.271,0.4845806
453.7556,453.271,0.4845745
453.7556,453.271,0.4845672
453.7556,453.271,0.4845627
453.7556,453.271,0.4845624
453.7556,453.271,0.484553
453.7556,453.2711,0.4845424
453.7556,453.2711,0.4845408
453.7556,453.2711,0.4845383
453.7556,453.2711,0.4845364
453.7556,453.2711,0.4845347
453.7556,453.2711,0.484534
453.7556,453.2711,0.484517
453.7556,453.2711,0.4845093
453.7556,453.2711,0.484509
453.7556,453.2711,0.484499
453.7556,453.2711,0.4844923
453.7556,453.2711,0.4844923
453.7556,453.2712,0.4844444
453.7556,453.2712,0.484422
453.7556,453.2712,0.4843986
453.7556,453.2712,0.4843921
453.7556,453.2712,0.4843881
453.7556,453.2712,0.4843757
453.7556,453.2712,0.4843648
453.7556,453.2713,0.4843255
453.7556,453.2713,0.4843141
453.7556,453.2713,0.4843125
453.7556,453.2713,0.4843043
453.7556,453.2713,0.4842963
453.7556,453.2713,0.4842589
453.7556,453.2713,0.4842511
453.7556,453.2714,0.4842224
453.7556,453.2714,0.4841953
453.7556,453.2714,0.4841811
453.7556,453.2715,0.4840814
453.7556,453.2716,0.4840401
453.7556,453.2716,0.4839743
453.7556,453.2716,0.4839668
453.7556,453.2717,0.4838719
453.7556,453.2718,0.4837679
453.7556,453.2718,0.4837521
453.7556,453.2719,0.4837409
453.7556,453.2719,0.4837348
453.7556,453.2719,0.4837201
453.7556,453.272,0.483595
453.7556,453.272,0.4835643
453.7556,453.272,0.4835604
453.7556,453.2732,0.4823904
453.7556,453.2736,0.4820003
453.7556,453.2738,0.4817589
453.7556,453.2751,0.4805239
453.7556,453.2801,0.4754822
453.7556,453.2873,0.4682613
453.7556,453.2885,0.46712
453.7556,453.2897,0.4659154
453.7556,453.2898,0.465843
453.7556,453.2905,0.4651055
453.7556,453.2914,0.4641509
453.7556,453.2927,0.4628725
453.7556,453.2946,0.460964
453.7556,453.2949,0.460696
453.7556,453.2962,0.4594348
453.7556,453.2967,0.4589251
453.7556,453.297,0.458613
453.7556,453.2973,0.4583101
453.7556,453.2974,0.458219
453.7556,453.2975,0.4581497
453.7556,453.2975,0.4580881
453.7556,453.2976,0.4579974
453.7556,453.2976,0.4579511
453.7556,453.2977,0.4579293
453.7556,453.2978,0.4578115
453.7556,453.2979,0.4577331
453.7556,453.298,0.4576451
453.7556,453.298,0.4575531
453.7556,453.2981,0.4574802
453.7556,453.2983,0.4573131
453.7556,453.2984,0.457248
453.7556,453.2984,0.4571685
453.7556,453.2985,0.4571091
453.7556,453.2985,0.457098
453.7556,453.2986,0.4570353
453.7556,453.2986,0.4570084
453.7556,453.2986,0.456969
453.7556,453.2987,0.4568815
453.7556,453.2987,0.4568749
453.7556,453.2988,0.4568283
453.7556,453.2989,0.4566535
453.7556,453.2989,0.4566521
453.7556,453.299,0.4565731
453.7556,453.2991,0.4565216
453.7556,453.2991,0.4564839
453.7556,453.2991,0.456476
453.7556,453.2991,0.4564521
453.7556,453.2992,0.4564216
453.7556,453.2993,0.4563133
453.7556,453.2994,0.4562336
453.7556,453.2994,0.4561616
453.7556,453.2995,0.4561069
453.7556,453.2995,0.4560575
453.7556,453.2997,0.4558975
453.7556,453.2999,0.4557057
453.7556,453.2999,0.4556692
453.7556,453.2999,0.455662
453.7556,453.3,0.4556162
453.7556,453.3,0.4556025
453.7556,453.3001,0.4555381
453.7556,453.3001,0.455513
453.7556,453.3002,0.4554254
453.7556,453.3002,0.4554192
453.7556,453.3002,0.4553959
453.7556,453.3004,0.4552077
453.7556,453.3005,0.4550853
453.7556,453.3006,0.4549709
453.7556,453.3007,0.4549066
453.7556,453.3008,0.4548396
453.7556,453.3009,0.4547396
453.7556,453.3009,0.4547278
453.7556,453.3013,0.4542861
453.7556,453.3014,0.4541957
453.7556,453.3015,0.4540522
453.7556,453.3016,0.4540258
453.7556,453.3018,0.4537597
453.7556,453.3026,0.4529785
453.7556,453.3027,0.4528568
453.7556,453.3029,0.4526573
453.7556,453.3048,0.4507851
453.7556,453.314,0.4416367
453.7556,453.3154,0.4401976
453.7556,453.3171,0.4384866
453.7556,453.319,0.4365565
453.7556,453.3205,0.4350876
453.7556,453.322,0.4336275
453.7556,453.3225,0.4331352
453.7556,453.3279,0.4276659
453.7556,453.3284,0.4272231
453.7556,453.3287,0.4268542
453.7556,453.3293,0.4262961
453.7556,453.3294,0.4262382
453.7556,453.3296,0.4259663
453.7556,453.3309,0.4247292
453.7556,453.3319,0.4236998
453.7556,453.3319,0.4236868
453.7556,453.3326,0.4229552
453.7556,453.3327,0.422948
453.7556,453.3331,0.4225405
453.7556,453.3331,0.4224762
453.7556,453.3335,0.4221485
453.7556,453.3337,0.4218807
453.7556,453.334,0.4216484
453.7556,453.3342,0.421424
453.7556,453.3342,0.4213613
453.7556,453.3343,0.4212592
453.7556,453.3343,0.4212533
453.7556,453.3344,0.4212453
453.7556,453.3344,0.4212247
453.7556,453.3345,0.4211308
453.7556,453.3345,0.4211259
453.7556,453.3345,0.4210989
453.7556,453.3346,0.4210215
453.7556,453.335,0.4206386
453.7556,453.3351,0.4205498
453.7556,453.3351,0.4205354
453.7556,453.3351,0.4204541
453.7556,453.3351,0.420454
453.7556,453.3352,0.4203945
453.7556,453.3352,0.4203534
453.7556,453.3353,0.420282
453.7556,453.3353,0.4202568
453.7556,453.3354,0.42016
453.7556,453.3355,0.4200621
453.7556,453.3356,0.4199587
453.7556,453.3357,0.4198803
453.7556,453.3357,0.4198788
453.7556,453.3357,0.4198531
453.7556,453.3358,0.4198062
453.7556,453.3359,0.4196733
453.7556,453.336,0.4196405
453.7556,453.336,0.419631
453.7556,453.336,0.4195801
453.7556,453.336,0.4195532
453.7556,453.3361,0.4195464
453.7556,453.3361,0.4194526
453.7556,453.3362,0.4194193
453.7556,453.3362,0.4193621
453.7556,453.3363,0.4192721
453.7556,453.3364,0.4192364
453.7556,453.3364,0.4191897
453.7556,453.3364,0.4191788
453.7556,453.3365,0.41913
453.7556,453.3366,0.4189991
453.7556,453.3366,0.4189935
453.7556,453.3367,0.4189294
453.7556,453.3367,0.4189156
453.7556,453.3367,0.4188966
453.7556,453.3368,0.4188299
453.7556,453.337,0.4185772
453.7556,453.337,0.4185739
453.7556,453.3372,0.4184387
453.7556,453.3372,0.4184237
453.7556,453.3372,0.418381
453.7556,453.3373,0.4182833
453.7556,453.3374,0.4182109
453.7556,453.3374,0.4181836
453.7556,453.3375,0.4180747
453.7556,453.3376,0.4179849
453.7556,453.3379,0.4177377
453.7556,453.3379,0.4177294
453.7556,453.3379,0.4176981
453.7556,453.338,0.4176115
453.7556,453.3382,0.4173809
453.7556,453.3383,0.4173366
453.7556,453.3383,0.4173069
453.7556,453.3386,0.4170493
453.7556,453.3386,0.4170361
453.7556,453.3386,0.4169998
453.7556,453.3387,0.4168523
453.7556,453.3388,0.4168133
453.7556,453.3389,0.4166626
453.7556,453.339,0.4166214
453.7556,453.3391,0.4165241
453.7556,453.3397,0.4158872
453.7556,453.3397,0.4158743
453.7556,453.3398,0.4157796
453.7556,453.3399,0.4156525
453.7556,453.3402,0.4153621
453.7556,453.3403,0.4152719
453.7556,453.3407,0.414856
453.7556,453.3408,0.4148079
453.7556,453.3409,0.4146604
453.7556,453.341,0.4146005
453.7556,453.341,0.4145602
453.7556,453.3413,0.4143332
453.7556,453.3413,0.4142515
453.7556,453.3414,0.4142345
453.7556,453.3415,0.4140954
453.7556,453.3425,0.4131294
453.7556,453.3425,0.4130941
453.7556,453.3426,0.4129691
453.7556,453.3426,0.4129537
453.7556,453.3427,0.4129252
453.7556,453.3428,0.4128232
453.7556,453.3428,0.4128032
453.7556,453.3429,0.412679
453.7556,453.343,0.4126479
453.7556,453.3431,0.4125499
453.7556,453.3431,0.4124538
453.7556,453.3432,0.4124108
453.7556,453.3432,0.4123951
453.7556,453.3432,0.4123784
453.7556,453.3433,0.4123493
453.7556,453.3433,0.4123491
453.7556,453.3433,0.4123328
453.7556,453.3433,0.4122773
453.7556,453.3433,0.4122552
453.7556,453.3434,0.4122348
453.7556,453.3434,0.4122325
453.7556,453.3434,0.4122264
453.7556,453.3434,0.4122242
453.7556,453.3434,0.4122003
453.7556,453.3435,0.4121431
453.7556,453.3435,0.4121295
453.7556,453.3435,0.4121137
453.7556,453.3435,0.4120801
453.7556,453.3435,0.4120576
453.7556,453.3436,0.4120032
453.7556,453.3436,0.4119812
453.7556,453.3436,0.4119789
453.7556,453.3436,0.4119618
453.7556,453.3437,0.4119167
453.7556,453.3437,0.4119079
453.7556,453.3438,0.4118488
453.7556,453.3438,0.4118376
453.7556,453.3438,0.4118059
453.7556,453.3438,0.4118022
453.7556,453.3438,0.4118007
453.7556,453.3438,0.4117554
453.7556,453.3439,0.4116848
453.7556,453.344,0.411582
453.7556,453.344,0.4115636
453.7556,453.344,0.4115573
453.7556,453.3442,0.4114309
453.7556,453.3443,0.4113204
453.7556,453.3445,0.4111495
453.7556,453.3448,0.4108167
453.7556,453.3452,0.4104066
453.7556,453.3453,0.4102959
453.7556,453.3469,0.4087448
453.7556,453.3688,0.3867898
453.7556,453.3711,0.3844746
453.7556,453.3826,0.3730192
453.7556,453.3957,0.3599407
453.7556,453.4619,0.2937254
453.7556,453.4631,0.2925428
453.7556,453.4634,0.2922246
453.7556,453.4639,0.2916944
453.7556,453.4643,0.2913305
453.7556,453.4656,0.289995
453.7556,453.4659,0.2897075
453.7556,453.4672,0.2884183
453.7556,453.4698,0.2858434
453.7556,453.5179,0.2376729
453.7556,453.5198,0.2357819
453.7556,453.5203,0.2352862
453.7556,453.5207,0.2349477
453.7556,453.5209,0.2347301
453.7556,453.5211,0.2345272
453.7556,453.5223,0.2333262
453.7556,453.5226,0.2329643
453.7556,453.523,0.2325894
453.7556,453.5235,0.2320865
453.7556,453.5242,0.2313898
453.7556,453.5244,0.2312446
453.7556,453.5244,0.2312382
453.7556,453.5245,0.2310873
453.7556,453.5248,0.2307584
453.7556,453.5249,0.2306851
453.7556,453.5252,0.2303864
453.7556,453.5255,0.2301094
453.7556,453.5257,0.2299011
453.7556,453.5259,0.2296605
453.7556,453.5259,0.2296524
453.7556,453.526,0.229569
453.7556,453.5267,0.2289211
453.7556,453.5268,0.2288482
453.7556,453.527,0.2286088
453.7556,453.5271,0.2285304
453.7556,453.5271,0.2284517
453.7556,453.5272,0.2284464
453.7556,453.5274,0.2282008
453.7556,453.5274,0.2281983
453.7556,453.5275,0.2280518
453.7556,453.5277,0.227946
453.7556,453.5279,0.2277051
453.7556,453.5287,0.2268964
453.7556,453.5288,0.226762
453.7556,453.5291,0.2265479
453.7556,453.5291,0.226546
453.7556,453.5293,0.2263381
453.7556,453.5295,0.2261107
453.7556,453.5298,0.2257769
453.7556,453.53,0.2256355
453.7556,453.5302,0.2254095
453.7556,453.5302,0.2253787
453.7556,453.5303,0.225341
453.7556,453.5303,0.2252816
453.7556,453.5305,0.2251307
453.7556,453.5305,0.2251123
453.7556,453.5306,0.2249612
453.7556,453.5306,0.2249529
453.7556,453.5307,0.2249084
453.7556,453.5309,0.2246813
453.7556,453.531,0.2246035
453.7556,453.5311,0.2244742
453.7556,453.5317,0.2239203
453.7556,453.5318,0.2238379
453.7556,453.5321,0.2234922
453.7556,453.5327,0.2228986
453.7556,453.5329,0.2227263
453.7556,453.5329,0.2226825
453.7556,453.5331,0.2224523
453.7556,453.5332,0.2223882
453.7556,453.5332,0.2223643
453.7556,453.5334,0.2221769
453.7556,453.5336,0.2220294
453.7556,453.5336,0.2219963
453.7556,453.5338,0.2218217
453.7556,453.5347,0.2208908
453.7556,453.5348,0.2208055
453.7556,453.5349,0.2207324
453.7556,453.535,0.2205843
453.7556,453.5368,0.2187838
453.7556,453.537,0.2185822
453.7556,453.5373,0.21829
453.7556,453.5374,0.218239
453.7556,453.5377,0.2179242
453.7556,453.538,0.2175624
453.7556,453.5381,0.2175287
453.7556,453.5381,0.2175124
453.7556,453.5385,0.2171244
453.7556,453.5395,0.21614
453.7556,453.5396,0.2159712
453.7556,453.5397,0.2159382
453.7556,453.5401,0.2155366
453.7556,453.5406,0.2150028
453.7556,453.5406,0.2149565
453.7556,453.5407,0.214904
453.7556,453.5409,0.2147109
453.7556,453.5411,0.2145049
453.7556,453.5411,0.2144827
453.7556,453.5413,0.2142934
453.7556,453.5414,0.214199
453.7556,453.5419,0.2137009
453.7556,453.5428,0.2128078
453.7556,453.5441,0.2115275
453.7556,453.5445,0.2110945
453.7556,453.5456,0.2100251
453.7556,453.5462,0.2093706
453.7556,453.5465,0.2091142
453.7556,453.5467,0.208935
453.7556,453.5474,0.2081602
453.7556,453.5478,0.2078054
453.7556,453.5479,0.2077487
453.7556,453.548,0.2075858
453.7556,453.5481,0.207533
453.7556,453.5482,0.2074067
453.7556,453.5482,0.2073824
453.7556,453.5483,0.2073138
453.7556,453.5485,0.2071463
453.7556,453.5485,0.2070824
453.7556,453.5487,0.2069469
453.7556,453.5488,0.2068072
453.7556,453.5488,0.2067812
453.7556,453.549,0.2065851
453.7556,453.5491,0.2065293
453.7556,453.5492,0.2064425
453.7556,453.5493,0.2063416
453.7556,453.5493,0.2063343
453.7556,453.5495,0.2060931
453.7556,453.5495,0.2060741
453.7556,453.5495,0.2060532
453.7556,453.5496,0.2059796
453.7556,453.5496,0.2059615
453.7556,453.5497,0.2058916
453.7556,453.5498,0.2057786
453.7556,453.5499,0.2057066
453.7556,453.5502,0.2053912
453.7556,453.5505,0.2051396
453.7556,453.5507,0.2049407
453.7556,453.5507,0.2049093
453.7556,453.5509,0.2046625
453.7556,453.551,0.2046409
453.7556,453.551,0.20462
453.7556,453.5511,0.2045307
453.7556,453.5512,0.2043988
453.7556,453.5512,0.2043886
453.7556,453.5513,0.2043104
453.7556,453.5513,0.2042913
453.7556,453.5514,0.2042372
453.7556,453.5514,0.2041961
453.7556,453.5514,0.2041635
453.7556,453.5516,0.204018
453.7556,453.5516,0.2040153
453.7556,453.5516,0.2039711
453.7556,453.5517,0.2039435
453.7556,453.5517,0.2038739
453.7556,453.5517,0.2038641
453.7556,453.5517,0.2038606
453.7556,453.5518,0.2038228
453.7556,453.5519,0.2036614
453.7556,453.552,0.2036098
453.7556,453.5521,0.2035433
453.7556,453.5521,0.2035294
453.7556,453.5521,0.2034562
453.7556,453.5522,0.2034251
453.7556,453.5522,0.203378
453.7556,453.5523,0.2032963
453.7556,453.5523,0.2032776
453.7556,453.5524,0.2031964
453.7556,453.5525,0.203116
453.7556,453.5525,0.2030854
453.7556,453.5525,0.2030625
453.7556,453.5526,0.2030422
453.7556,453.5526,0.2029655
453.7556,453.5527,0.2028826
453.7556,453.5527,0.2028582
453.7556,453.5533,0.2023218
453.7556,453.5534,0.2021749
453.7556,453.5535,0.2021483
453.7556,453.5535,0.2021143
453.7556,453.5535,0.2020896
453.7556,453.5535,0.2020674
453.7556,453.5536,0.2020411
453.7556,453.5536,0.2019931
453.7556,453.5536,0.2019792
453.7556,453.5537,0.2019191
453.7556,453.5538,0.201814
453.7556,453.5538,0.2017598
453.7556,453.5538,0.2017554
453.7556,453.554,0.2016349
453.7556,453.554,0.2015978
453.7556,453.5541,0.2015298
453.7556,453.5543,0.2013434
453.7556,453.5544,0.2012076
453.7556,453.5545,0.2010841
453.7556,453.5546,0.2010087
453.7556,453.5549,0.2007298
453.7556,453.5554,0.2002238
453.7556,453.5555,0.2000631
453.7556,453.5556,0.2000162
453.7556,453.5556,0.1999691
453.7556,453.5557,0.1998982
453.7556,453.6212,0.1344119
453.7556,453.6219,0.1337482
453.7556,453.8579,-0.1022532
453.7556,453.8588,-0.1031909
453.7556,453.8588,-0.103247
453.7556,453.8591,-0.1034985
453.7556,453.8607,-0.1050961
453.7556,453.8611,-0.1055041
453.7556,453.8617,-0.1061253
453.7556,453.8622,-0.1065507
453.7556,453.8626,-0.1069973
453.7556,453.8629,-0.1072529
453.7556,453.8629,-0.1072637
453.7556,453.8635,-0.1079467
453.7556,453.8638,-0.1082321
453.7556,453.8643,-0.1086965
453.7556,453.865,-0.1094287
453.7556,453.8651,-0.1095422
453.7556,453.8654,-0.1097623
453.7556,453.8656,-0.1100132
453.7556,453.866,-0.1103877
453.7556,453.8661,-0.1105303
453.7556,453.8665,-0.1108738
453.7556,453.8673,-0.1117012
453.7556,453.8676,-0.1119598
453.7556,453.8678,-0.1122438
453.7556,453.8679,-0.1122828
453.7556,453.8683,-0.1126601
453.7556,453.8707,-0.1150726
453.7556,453.8707,-0.1150971
453.7556,453.8757,-0.1200823
453.7556,453.8773,-0.1217208
453.7556,453.8778,-0.122158
453.7556,453.878,-0.1223959
453.7556,453.8781,-0.122513
453.7556,453.8781,-0.1225225
453.7556,453.8782,-0.122555
453.7556,453.8782,-0.1225599
453.7556,453.8782,-0.1226337
453.7556,453.8784,-0.1227666
453.7556,453.8785,-0.1228929
453.7556,453.8786,-0.1229526
453.7556,453.8786,-0.1229953
453.7556,453.8786,-0.1230306
453.7556,453.8788,-0.1231842
453.7556,453.8788,-0.1232166
453.7556,453.8788,-0.1232187
453.7556,453.8788,-0.1232392
453.7556,453.8791,-0.1235347
453.7556,453.8792,-0.1235647
453.7556,453.8793,-0.1237049
453.7556,453.8796,-0.123974
453.7556,453.8796,-0.1239984
453.7556,453.8798,-0.1241683
453.7556,453.8798,-0.1241969
453.7556,453.8798,-0.1241987
453.7556,453.8799,-0.1243016
453.7556,453.88,-0.124369
453.7556,453.8801,-0.1244721
453.7556,453.8804,-0.1247624
453.7556,453.8806,-0.1249886
453.7556,453.8811,-0.1254884
453.7556,453.8812,-0.1255819
453.7556,453.8812,-0.1256239
453.7556,453.8817,-0.1261027
453.7556,453.8818,-0.1261656
453.7556,453.8818,-0.1262388
453.7556,453.882,-0.1263554
453.7556,453.8826,-0.1270337
453.7556,453.883,-0.1273752
453.7556,453.883,-0.1274389
453.7556,453.8832,-0.1276013
453.7556,453.8832,-0.1276434
453.7556,453.8834,-0.1277553
453.7556,453.8834,-0.1277688
453.7556,453.8835,-0.127887
453.7556,453.8837,-0.1280676
453.7556,453.8838,-0.1282308
453.7556,453.8838,-0.1282471
453.7556,453.8839,-0.1283364
453.7556,453.884,-0.1284214
453.7556,453.884,-0.1284382
453.7556,453.8842,-0.1286271
453.7556,453.8843,-0.1287382
453.7556,453.8844,-0.1287837
453.7556,453.8844,-0.1287992
453.7556,453.8846,-0.1289927
453.7556,453.8848,-0.1292246
453.7556,453.8849,-0.1292721
453.7556,453.8849,-0.1292745
453.7556,453.885,-0.1294219
453.7556,453.8851,-0.1294709
453.7556,453.8852,-0.1296071
453.7556,453.8853,-0.1297196
453.7556,453.8853,-0.1297229
453.7556,453.8854,-0.1297848
453.7556,453.8855,-0.1299012
453.7556,453.8855,-0.129912
453.7556,453.8857,-0.1301442
453.7556,453.8858,-0.1302062
453.7556,453.8859,-0.1302826
453.7556,453.8861,-0.1304938
453.7556,453.8861,-0.1305278
453.7556,453.8862,-0.1306252
453.7556,453.8862,-0.1306491
453.7556,453.8863,-0.1306836
453.7556,453.8865,-0.1308722
453.7556,453.8865,-0.1308861
453.7556,453.8866,-0.1309956
453.7556,453.8867,-0.1310551
453.7556,453.8868,-0.1311978
453.7556,453.8869,-0.1313168
453.7556,453.8871,-0.1315226
453.7556,453.8873,-0.1316589
453.7556,453.8874,-0.1317862
453.7556,453.8874,-0.1318386
453.7556,453.8875,-0.1319357
453.7556,453.8875,-0.1319384
453.7556,453.8876,-0.1320237
453.7556,453.8885,-0.1329217
453.7556,453.8889,-0.1332886
453.7556,453.8895,-0.1338534
453.7556,453.8896,-0.1339511
453.7556,453.8897,-0.1341227
453.7556,453.8899,-0.1342945
453.7556,453.89,-0.1344449
453.7556,453.8902,-0.1345645
453.7556,453.8921,-0.136452
453.7556,453.893,-0.1373903
453.7556,453.8932,-0.1376327
453.7556,453.8946,-0.1389653
453.7556,453.895,-0.1393535
453.7556,453.9589,-0.2033287
453.7556,453.9631,-0.2075429
453.7556,453.9642,-0.208565
453.7556,453.9653,-0.2097426
453.7556,453.9666,-0.2109635
453.7556,453.9666,-0.2110032
453.7556,453.9667,-0.2111111
453.7556,453.9669,-0.2112708
453.7556,453.967,-0.2114003
453.7556,453.9671,-0.2114744
453.7556,453.9673,-0.2117202
453.7556,453.9674,-0.2117859
453.7556,453.9675,-0.2119101
453.7556,453.9676,-0.2120459
453.7556,453.9677,-0.2120564
453.7556,453.9678,-0.2121511
453.7556,453.9678,-0.2121891
453.7556,453.9678,-0.2122145
453.7556,453.9679,-0.2122871
453.7556,453.9679,-0.2122872
453.7556,453.968,-0.2124031
453.7556,453.9681,-0.2124697
453.7556,453.9681,-0.2125
453.7556,453.9682,-0.2125531
453.7556,453.9682,-0.2125851
453.7556,453.9682,-0.2126079
453.7556,453.9682,-0.2126131
453.7556,453.9684,-0.2127642
453.7556,453.9685,-0.2128787
453.7556,453.9685,-0.2128891
453.7556,453.9685,-0.2129187
453.7556,453.9685,-0.2129244
453.7556,453.9686,-0.2129675
453.7556,453.9686,-0.2129883
453.7556,453.9686,-0.2130485
453.7556,453.9687,-0.2130972
453.7556,453.9688,-0.2132096
453.7556,453.9688,-0.2132183
453.7556,453.969,-0.2133981
453.7556,453.9691,-0.213498
453.7556,453.9691,-0.2135021
453.7556,453.9691,-0.2135053
453.7556,453.9691,-0.2135134
453.7556,453.9692,-0.2135653
453.7556,453.9692,-0.2136467
453.7556,453.9693,-0.2136655
453.7556,453.9693,-0.2136882
453.7556,453.9693,-0.213705
453.7556,453.9693,-0.2137157
453.7556,453.9693,-0.2137174
453.7556,453.9694,-0.2137721
453.7556,453.9694,-0.2137956
453.7556,453.9694,-0.2138078
453.7556,453.9694,-0.2138131
453.7556,453.9695,-0.2138515
453.7556,453.9695,-0.2138759
453.7556,453.9695,-0.2138764
453.7556,453.9695,-0.2139329
453.7556,453.9695,-0.2139423
453.7556,453.9696,-0.2139847
453.7556,453.9696,-0.2139949
453.7556,453.9696,-0.214038
453.7556,453.9697,-0.2140542
453.7556,453.9697,-0.2140631
453.7556,453.9697,-0.2141349
453.7556,453.9698,-0.2141592
453.7556,453.9698,-0.2141769
453.7556,453.9698,-0.2142314
453.7556,453.9699,-0.214253
453.7556,453.9699,-0.2143423
453.7556,453.97,-0.214353
453.7556,453.97,-0.2143609
453.7556,453.97,-0.2143809
453.7556,453.97,-0.214394
453.7556,453.9701,-0.2145041
453.7556,453.9702,-0.2145674
453.7556,453.9702,-0.2146097
453.7556,453.9702,-0.2146122
453.7556,453.9702,-0.2146203
453.7556,453.9702,-0.2146324
453.7556,453.9702,-0.2146385
453.7556,453.9702,-0.214641
453.7556,453.9702,-0.2146418
453.7556,453.9702,-0.2146435
453.7556,453.9703,-0.2146574
453.7556,453.9703,-0.2146606
453.7556,453.9703,-0.2146733
453.7556,453.9703,-0.214674
453.7556,453.9703,-0.2146859
453.7556,453.9703,-0.2147014
453.7556,453.9703,-0.2147059
453.7556,453.9703,-0.2147118
453.7556,453.9703,-0.2147482
453.7556,453.9704,-0.2147644
453.7556,453.9704,-0.2147675
453.7556,453.9704,-0.2147874
453.7556,453.9704,-0.2148036
453.7556,453.9704,-0.214809
453.7556,453.9704,-0.2148378
453.7556,453.9705,-0.2148609
453.7556,453.9705,-0.2148675
453.7556,453.9705,-0.214871
453.7556,453.9705,-0.214888
453.7556,453.9705,-0.2149134
453.7556,453.9705,-0.2149138
453.7556,453.9705,-0.214916
453.7556,453.9705,-0.2149277
453.7556,453.9706,-0.2149712
453.7556,453.9706,-0.2149808
453.7556,453.9706,-0.2149918
453.7556,453.9706,-0.2150089
453.7556,453.9707,-0.2150638
453.7556,453.9707,-0.2150655
453.7556,453.9707,-0.2150716
453.7556,453.9707,-0.2150913
453.7556,453.9707,-0.2151487
453.7556,453.9708,-0.2151562
453.7556,453.9708,-0.2151715
453.7556,453.9708,-0.2151969
453.7556,453.9708,-0.215212
453.7556,453.9708,-0.2152133
453.7556,453.9708,-0.2152408
453.7556,453.9709,-0.2152574
453.7556,453.9709,-0.2152675
453.7556,453.9709,-0.2152685
453.7556,453.9709,-0.215294
453.7556,453.9709,-0.2152954
453.7556,453.9709,-0.2153171
453.7556,453.9709,-0.2153214
453.7556,453.971,-0.215377
453.7556,453.971,-0.2153842
453.7556,453.971,-0.2154261
453.7556,453.971,-0.2154272
453.7556,453.971,-0.2154395
453.7556,453.971,-0.2154495
453.7556,453.9711,-0.2154624
453.7556,453.9711,-0.2154732
453.7556,453.9711,-0.2154936
453.7556,453.9711,-0.2155302
453.7556,453.9711,-0.2155321
453.7556,453.9712,-0.2155971
453.7556,453.9712,-0.215599
453.7556,453.9712,-0.2156288
453.7556,453.9712,-0.2156295
453.7556,453.9712,-0.2156477
453.7556,453.9713,-0.2156609
453.7556,453.9713,-0.2156611
453.7556,453.9713,-0.2156812
453.7556,453.9713,-0.2156832
453.7556,453.9713,-0.2156991
453.7556,453.9713,-0.2157204
453.7556,453.9714,-0.2157835
453.7556,453.9714,-0.2157952
453.7556,453.9714,-0.2158469
453.7556,453.9714,-0.2158484
453.7556,453.9715,-0.2159368
453.7556,453.9715,-0.215944
453.7556,453.9716,-0.2159687
453.7556,453.9716,-0.2159764
453.7556,453.9716,-0.2159894
453.7556,453.9716,-0.215995
453.7556,453.9716,-0.2160035
453.7556,453.9716,-0.2160135
453.7556,453.9716,-0.2160371
453.7556,453.9716,-0.2160391
453.7556,453.9716,-0.2160411
453.7556,453.9717,-0.2160713
453.7556,453.9717,-0.2160731
453.7556,453.9717,-0.2160799
453.7556,453.9717,-0.2161015
453.7556,453.9717,-0.2161311
453.7556,453.9717,-0.2161324
453.7556,453.9717,-0.2161401
453.7556,453.9718,-0.2161513
453.7556,453.9718,-0.2161803
453.7556,453.9718,-0.2162221
453.7556,453.9718,-0.2162278
453.7556,453.9718,-0.2162301
453.7556,453.9719,-0.2162623
453.7556,453.9719,-0.2162712
453.7556,453.9719,-0.2162997
453.7556,453.9719,-0.2163448
453.7556,453.9719,-0.2163492
453.7556,453.972,-0.2163619
453.7556,453.972,-0.2163724
453.7556,453.972,-0.2163987
453.7556,453.972,-0.216444
453.7556,453.9721,-0.2164542
453.7556,453.9721,-0.2164632
453.7556,453.9721,-0.2164648
453.7556,453.9721,-0.2164976
453.7556,453.9721,-0.216498
453.7556,453.9721,-0.2165157
453.7556,453.9721,-0.2165403
453.7556,453.9722,-0.216561
453.7556,453.9722,-0.2165626
453.7556,453.9722,-0.2165788
453.7556,453.9722,-0.216613
453.7556,453.9723,-0.2166534
453.7556,453.9723,-0.2167073
453.7556,453.9723,-0.2167288
453.7556,453.9724,-0.2168269
453.7556,453.9724,-0.2168307
453.7556,453.9724,-0.2168431
453.7556,453.9724,-0.2168451
453.7556,453.9725,-0.2169099
453.7556,453.9725,-0.2169284
453.7556,453.9726,-0.2169603
453.7556,453.9726,-0.2169942
453.7556,453.9726,-0.217024
453.7556,453.9727,-0.2170538
453.7556,453.9727,-0.2171328
453.7556,453.9727,-0.2171493
453.7556,453.9728,-0.2171622
453.7556,453.9728,-0.2172313
453.7556,453.9729,-0.2172581
453.7556,453.9729,-0.2172752
453.7556,453.9729,-0.2173193
453.7556,453.9729,-0.21733
453.7556,453.9729,-0.2173408
453.7556,453.9732,-0.2175554
453.7556,453.9732,-0.2175715
453.7556,453.9734,-0.2177676
453.7556,453.9734,-0.217823
453.7556,453.9735,-0.2178738
453.7556,453.9735,-0.2178919
453.7556,453.9735,-0.2179127
453.7556,453.9736,-0.2179604
453.7556,453.9736,-0.2179694
453.7556,453.9736,-0.2179741
453.7556,453.9736,-0.2179742
453.7556,453.9737,-0.2180571
453.7556,453.9738,-0.2181993
453.7556,453.9738,-0.2182382
453.7556,453.9738,-0.21824
453.7556,453.9739,-0.2183134
453.7556,453.9739,-0.2183445
453.7556,453.9741,-0.218505
453.7556,453.9741,-0.2185172
453.7556,453.9741,-0.2185278
453.7556,453.9742,-0.2186331
453.7556,453.9743,-0.2187191
453.7556,453.9743,-0.2187478
453.7556,453.9744,-0.2188426
453.7556,453.9745,-0.218867
453.7556,453.9745,-0.2189418
453.7556,453.9746,-0.2189572
453.7556,453.9746,-0.2189819
453.7556,453.9746,-0.2190006
453.7556,453.9747,-0.2190618
453.7556,453.9747,-0.2191392
453.7556,453.9749,-0.2192717
453.7556,453.9749,-0.2193164
453.7556,453.975,-0.2194267
453.7556,453.9751,-0.2194524
453.7556,453.9753,-0.219678
453.7556,453.9753,-0.2196998
453.7556,453.9754,-0.2197568
453.7556,453.9754,-0.2197626
453.7556,453.9754,-0.2198051
453.7556,453.9755,-0.2199069
453.7556,453.9755,-0.2199181
453.7556,453.9755,-0.2199217
453.7556,453.9755,-0.2199245
453.7556,453.9755,-0.219948
453.7556,453.9756,-0.2199949
453.7556,453.9756,-0.2200025
453.7556,453.9756,-0.2200455
453.7556,453.9756,-0.2200495
453.7556,453.9757,-0.2200793
453.7556,453.9757,-0.2201064
453.7556,453.9757,-0.2201219
453.7556,453.9759,-0.2202792
453.7556,453.976,-0.2203925
453.7556,453.9763,-0.2207065
453.7556,453.9764,-0.2207537
453.7556,453.9764,-0.2207571
453.7556,453.977,-0.2214341
453.7556,453.9889,-0.2332911
453.7556,453.9918,-0.2362398
453.7556,453.9927,-0.2371438
453.7556,453.9934,-0.2377943
453.7556,453.9942,-0.2386005
453.7556,453.9946,-0.2389888
453.7556,453.9947,-0.2391229
453.7556,453.9948,-0.2391658
453.7556,453.9949,-0.2392661
453.7556,453.9949,-0.2393037
453.7556,453.995,-0.2394193
453.7556,453.9956,-0.239966
453.7556,453.9956,-0.2399872
453.7556,453.9959,-0.240278
453.7556,453.997,-0.2413948
453.7556,453.9971,-0.2414548
453.7556,453.9977,-0.2421052
453.7556,454.0561,-0.3004689
453.7556,454.0757,-0.320138
453.7556,454.0759,-0.3202543
453.7556,454.0766,-0.3210428
453.7556,454.0796,-0.3240183
453.7556,454.0797,-0.3241412
453.7556,454.08,-0.3244212
453.7556,454.0809,-0.3252622
453.7556,454.0814,-0.3257793
453.7556,454.1926,-0.4369644
453.7556,454.1932,-0.4375592
453.7556,454.1935,-0.4379494
453.7556,454.1937,-0.4380725
453.7556,454.1942,-0.4385674
453.7556,454.1945,-0.4389268
453.7556,454.1948,-0.4391808
453.7556,454.1951,-0.4395334
453.7556,454.1954,-0.439752
453.7556,454.1966,-0.4410108
453.7556,454.1968,-0.4412357
453.7556,454.1969,-0.4412946
453.7556,454.1969,-0.4413375
453.7556,454.1969,-0.4413407
453.7556,454.1971,-0.441496
453.7556,454.1971,-0.4415193
453.7556,454.1972,-0.4415586
453.7556,454.1975,-0.4419156
453.7556,454.1976,-0.4420441
453.7556,454.1977,-0.4421462
453.7556,454.1979,-0.4422983
453.7556,454.1981,-0.4425361
453.7556,454.1983,-0.4426996
453.7556,454.1983,-0.4427094
453.7556,454.1985,-0.4429005
453.7556,454.1986,-0.443032
453.7556,454.1988,-0.4431682
453.7556,454.1988,-0.4431756
453.7556,454.199,-0.4434103
453.7556,454.1992,-0.4435567
453.7556,454.1992,-0.4435964
453.7556,454.1992,-0.4435996
453.7556,454.1996,-0.4439704
453.7556,454.1997,-0.4440679
453.7556,454.1997,-0.4440836
453.7556,454.1999,-0.4443393
453.7556,454.1999,-0.4443432
453.7556,454.2001,-0.4445307
453.7556,454.2004,-0.444771
453.7556,454.2004,-0.4448115
453.7556,454.2004,-0.4448122
453.7556,454.2005,-0.4449247
453.7556,454.2006,-0.4450177
453.7556,454.2007,-0.4450755
453.7556,454.2008,-0.4452266
453.7556,454.201,-0.4454261
453.7556,454.2011,-0.4454904
453.7556,454.2011,-0.4455198
453.7556,454.2011,-0.4455223
453.7556,454.2013,-0.4456524
453.7556,454.2015,-0.4458991
453.7556,454.2016,-0.4459689
453.7556,454.2016,-0.4459738
453.7556,454.2017,-0.4460555
453.7556,454.2017,-0.4461281
453.7556,454.2017,-0.4461432
453.7556,454.2018,-0.4462272
453.7556,454.2019,-0.4462973
453.7556,454.202,-0.4463999
453.7556,454.2022,-0.446638
453.7556,454.2022,-0.4466435
453.7556,454.2023,-0.4466913
453.7556,454.2023,-0.4467261
453.7556,454.2023,-0.4467435
453.7556,454.2025,-0.4469078
453.7556,454.2025,-0.4469374
453.7556,454.2025,-0.4469496
453.7556,454.2027,-0.4470784
453.7556,454.2027,-0.4470966
453.7556,454.2031,-0.4475341
453.7556,454.2032,-0.4475835
453.7556,454.2032,-0.4476468
453.7556,454.2036,-0.4479726
453.7556,454.2036,-0.4479883
453.7556,454.2036,-0.4480276
453.7556,454.2036,-0.4480314
453.7556,454.2037,-0.4480969
453.7556,454.2037,-0.4481302
453.7556,454.2038,-0.4481824
453.7556,454.2038,-0.4481951
453.7556,454.2038,-0.4482371
453.7556,454.2041,-0.4485122
453.7556,454.2042,-0.4485622
453.7556,454.2042,-0.4485636
453.7556,454.2042,-0.4485698
453.7556,454.2042,-0.4485937
453.7556,454.2043,-0.4486614
453.7556,454.2043,-0.4486829
453.7556,454.2043,-0.4486997
453.7556,454.2044,-0.4487652
453.7556,454.2044,-0.4487744
453.7556,454.2044,-0.4487914
453.7556,454.2044,-0.448843
453.7556,454.2045,-0.4488902
453.7556,454.2045,-0.4489281
453.7556,454.2045,-0.4489486
453.7556,454.2046,-0.448985
453.7556,454.2047,-0.4490713
453.7556,454.2047,-0.4490773
453.7556,454.2047,-0.4491006
453.7556,454.2047,-0.4491327
453.7556,454.2048,-0.4491509
453.7556,454.2048,-0.4491618
453.7556,454.2048,-0.4492126
453.7556,454.2049,-0.4492603
453.7556,454.2049,-0.4492709
453.7556,454.2049,-0.449281
453.7556,454.2049,-0.4492893
453.7556,454.2049,-0.4492965
453.7556,454.2049,-0.4493065
453.7556,454.2051,-0.4494581
453.7556,454.2051,-0.4495012
453.7556,454.2051,-0.449522
453.7556,454.2051,-0.449545
453.7556,454.2052,-0.4495529
453.7556,454.2052,-0.4495762
453.7556,454.2052,-0.4495987
453.7556,454.2053,-0.4496804
453.7556,454.2054,-0.449782
453.7556,454.2054,-0.4498287
453.7556,454.2054,-0.4498383
453.7556,454.2055,-0.4498575
453.7556,454.2055,-0.4498691
453.7556,454.2055,-0.4498842
453.7556,454.2056,-0.4499634
453.7556,454.2056,-0.4500484
453.7556,454.2057,-0.4500512
453.7556,454.2057,-0.4500736
453.7556,454.2057,-0.4500902
453.7556,454.2057,-0.4501164
453.7556,454.2057,-0.4501348
453.7556,454.2058,-0.450156
453.7556,454.2058,-0.4501846
453.7556,454.2058,-0.4501852
453.7556,454.2058,-0.4501871
453.7556,454.2058,-0.4502011
453.7556,454.2058,-0.4502238
453.7556,454.2059,-0.4502538
453.7556,454.2059,-0.4502682
453.7556,454.2059,-0.4502817
453.7556,454.2059,-0.4502851
453.7556,454.2059,-0.4503013
453.7556,454.2059,-0.4503171
453.7556,454.2059,-0.4503397
453.7556,454.206,-0.4503553
453.7556,454.206,-0.4503656
453.7556,454.206,-0.4503665
453.7556,454.206,-0.4504304
453.7556,454.2061,-0.4505312
453.7556,454.2061,-0.4505363
453.7556,454.2061,-0.4505462
453.7556,454.2062,-0.4505897
453.7556,454.2062,-0.4506
453.7556,454.2062,-0.4506082
453.7556,454.2063,-0.4507055
453.7556,454.2063,-0.4507061
453.7556,454.2063,-0.4507297
453.7556,454.2064,-0.4507533
453.7556,454.2064,-0.4507748
453.7556,454.2064,-0.4508066
453.7556,454.2065,-0.4508531
453.7556,454.2065,-0.4509154
453.7556,454.2065,-0.4509256
453.7556,454.2065,-0.4509339
453.7556,454.2065,-0.4509381
453.7556,454.2066,-0.4509712
453.7556,454.2066,-0.4509852
453.7556,454.2066,-0.4509922
453.7556,454.2066,-0.4509985
453.7556,454.2066,-0.4510118
453.7556,454.2067,-0.4510501
453.7556,454.2067,-0.4511087
453.7556,454.2068,-0.4512137
453.7556,454.2068,-0.4512498
453.7556,454.2069,-0.4512537
453.7556,454.2069,-0.4512901
453.7556,454.2069,-0.451291
453.7556,454.2069,-0.4513006
453.7556,454.2069,-0.4513462
453.7556,454.207,-0.4513896
453.7556,454.207,-0.4514041
453.7556,454.207,-0.4514175
453.7556,454.207,-0.4514344
453.7556,454.207,-0.4514378
453.7556,454.2071,-0.4514664
453.7556,454.2071,-0.4514689
453.7556,454.2071,-0.4514838
453.7556,454.2071,-0.4514889
453.7556,454.2071,-0.4515085
453.7556,454.2071,-0.4515152
453.7556,454.2071,-0.4515192
453.7556,454.2071,-0.4515491
453.7556,454.2072,-0.4515713
453.7556,454.2072,-0.4516052
453.7556,454.2073,-0.4516509
453.7556,454.2074,-0.4517617
453.7556,454.2074,-0.4517805
453.7556,454.2074,-0.4517972
453.7556,454.2076,-0.4519889
453.7556,454.2076,-0.4520202
453.7556,454.2078,-0.4521608
453.7556,454.2078,-0.4521998
453.7556,454.2078,-0.4522056
453.7556,454.2079,-0.452285
453.7556,454.2079,-0.4523197
453.7556,454.208,-0.4523866
453.7556,454.2081,-0.4524932
453.7556,454.2084,-0.4527906
453.7556,454.2085,-0.4529262
453.7556,454.2085,-0.4529265
453.7556,454.2087,-0.4531236
453.7556,454.2088,-0.4532253
453.7556,454.2088,-0.4532298
453.7556,454.209,-0.453412
453.7556,454.2094,-0.4537713
453.7556,454.2102,-0.4545738
453.7556,454.2104,-0.4548146
453.7556,454.2106,-0.4549847
453.7556,454.2107,-0.4551108
453.7556,454.2108,-0.4552047
453.7556,454.211,-0.4554251
453.7556,454.2112,-0.4555569
453.7556,454.2112,-0.4555868
453.7556,454.2112,-0.4555992
453.7556,454.2112,-0.4556437
453.7556,454.2113,-0.4556521
453.7556,454.2113,-0.4557485
453.7556,454.2114,-0.4557656
453.7556,454.2114,-0.4558451
453.7556,454.2115,-0.4559418
453.7556,454.2115,-0.4559435
453.7556,454.2116,-0.4559619
453.7556,454.2119,-0.4563492
453.7556,454.2121,-0.4565292
453.7556,454.2123,-0.4567176
453.7556,454.2124,-0.4567962
453.7556,454.2125,-0.4568837
453.7556,454.2126,-0.4569818
453.7556,454.2127,-0.4570626
453.7556,454.2128,-0.4572271
453.7556,454.2129,-0.457253
453.7556,454.2129,-0.457333
453.7556,454.213,-0.4573838
453.7556,454.213,-0.4574368
453.7556,454.2131,-0.4574927
453.7556,454.2132,-0.4575531
453.7556,454.2133,-0.4576752
453.7556,454.2134,-0.4577691
453.7556,454.2135,-0.4578922
453.7556,454.2135,-0.4579213
453.7556,454.2136,-0.4580384
453.7556,454.2137,-0.4580691
453.7556,454.2137,-0.4581261
453.7556,454.2137,-0.458146
453.7556,454.2138,-0.4582183
453.7556,454.2138,-0.4582318
453.7556,454.2138,-0.4582445
453.7556,454.214,-0.4583791
453.7556,454.2142,-0.4586125
453.7556,454.2143,-0.4586756
453.7556,454.2144,-0.458788
453.7556,454.2144,-0.4588102
453.7556,454.2145,-0.4588611
453.7556,454.2145,-0.4588951
453.7556,454.2147,-0.4590624
453.7556,454.2147,-0.4591288
453.7556,454.2149,-0.4592698
453.7556,454.215,-0.459375
453.7556,454.2151,-0.459466
453.7556,454.2151,-0.4594724
453.7556,454.2152,-0.4595692
453.7556,454.2152,-0.4596162
453.7556,454.2154,-0.4597604
453.7556,454.2154,-0.4597871
453.7556,454.2156,-0.4599828
453.7556,454.2159,-0.4602857
453.7556,454.2159,-0.4603091
453.7556,454.216,-0.4604109
453.7556,454.2161,-0.4605326
453.7556,454.2162,-0.4606196
453.7556,454.2162,-0.4606404
453.7556,454.2164,-0.460766
453.7556,454.2164,-0.4608306
453.7556,454.2165,-0.4609151
453.7556,454.2166,-0.4609929
453.7556,454.2167,-0.4611458
453.7556,454.2168,-0.4611962
453.7556,454.2168,-0.4612133
453.7556,454.2168,-0.4612353
453.7556,454.2169,-0.4612726
453.7556,454.2169,-0.4613425
453.7556,454.2169,-0.4613431
453.7556,454.217,-0.4613701
453.7556,454.2172,-0.4616419
453.7556,454.2173,-0.4617481
453.7556,454.2174,-0.4618076
453.7556,454.2174,-0.461831
453.7556,454.2175,-0.4618761
453.7556,454.2175,-0.4618936
453.7556,454.2175,-0.4619182
453.7556,454.2176,-0.4620274
453.7556,454.2176,-0.4620345
453.7556,454.2177,-0.4620502
453.7556,454.2177,-0.4620718
453.7556,454.2178,-0.4621571
453.7556,454.2179,-0.4622662
453.7556,454.2179,-0.462286
453.7556,454.218,-0.4623903
453.7556,454.218,-0.4624393
453.7556,454.2181,-0.4625301
453.7556,454.2182,-0.462595
453.7556,454.2182,-0.462626
453.7556,454.2183,-0.4627188
453.7556,454.2183,-0.4627188
453.7556,454.2183,-0.4627362
453.7556,454.2183,-0.4627369
453.7556,454.2184,-0.4627707
453.7556,454.2184,-0.4628009
453.7556,454.2185,-0.4628802
453.7556,454.2185,-0.4629067
453.7556,454.2185,-0.4629126
453.7556,454.2186,-0.4629616
453.7556,454.2186,-0.4630477
453.7556,454.2187,-0.4630549
453.7556,454.2187,-0.4631286
453.7556,454.2189,-0.4633238
453.7556,454.219,-0.4633599
453.7556,454.219,-0.4634462
453.7556,454.2191,-0.4634775
453.7556,454.2191,-0.463519
453.7556,454.2192,-0.4636186
453.7556,454.2193,-0.4637221
453.7556,454.2194,-0.4638285
453.7556,454.2195,-0.4638688
453.7556,454.2195,-0.4639258
453.7556,454.2195,-0.4639447
453.7556,454.2196,-0.4639759
453.7556,454.2196,-0.4640004
453.7556,454.2197,-0.4640667
453.7556,454.2197,-0.4640875
453.7556,454.2197,-0.4641239
453.7556,454.2197,-0.4641403
453.7556,454.2197,-0.4641481
453.7556,454.2198,-0.4641598
453.7556,454.2198,-0.4641728
453.7556,454.22,-0.4643891
453.7556,454.22,-0.4644407
453.7556,454.2201,-0.4644505
453.7556,454.2201,-0.4644794
453.7556,454.2202,-0.4645903
453.7556,454.2202,-0.4646086
453.7556,454.2202,-0.4646303
453.7556,454.2202,-0.4646434
453.7556,454.2203,-0.464727
453.7556,454.2203,-0.4647276
453.7556,454.2204,-0.4647937
453.7556,454.2204,-0.464795
453.7556,454.2204,-0.46481
453.7556,454.2204,-0.464846
453.7556,454.2205,-0.4648925
453.7556,454.2205,-0.4649444
453.7556,454.2205,-0.4649455
453.7556,454.2206,-0.4649678
453.7556,454.2206,-0.4650024
453.7556,454.2206,-0.465049
453.7556,454.2207,-0.4650602
453.7556,454.2207,-0.4650835
453.7556,454.2207,-0.4651203
453.7556,454.2207,-0.4651385
453.7556,454.2208,-0.4651907
453.7556,454.2208,-0.4652247
453.7556,454.2209,-0.4652519
453.7556,454.2209,-0.465279
453.7556,454.2209,-0.4653285
453.7556,454.2209,-0.4653323
453.7556,454.2209,-0.465336
453.7556,454.2209,-0.4653394
453.7556,454.221,-0.4653799
453.7556,454.221,-0.4653974
453.7556,454.221,-0.4654229
453.7556,454.221,-0.4654244
453.7556,454.221,-0.4654327
453.7556,454.221,-0.4654385
453.7556,454.221,-0.4654473
453.7556,454.2211,-0.4655171
453.7556,454.2211,-0.465523
453.7556,454.2212,-0.4655677
453.7556,454.2212,-0.4655788
453.7556,454.2212,-0.4655917
453.7556,454.2212,-0.4655935
453.7556,454.2212,-0.4655937
453.7556,454.2212,-0.4656031
453.7556,454.2212,-0.46563
453.7556,454.2212,-0.4656398
453.7556,454.2213,-0.4656538
453.7556,454.2213,-0.4656595
453.7556,454.2213,-0.4656634
453.7556,454.2213,-0.4656969
453.7556,454.2213,-0.4657116
453.7556,454.2213,-0.465737
453.7556,454.2213,-0.4657402
453.7556,454.2214,-0.4657712
453.7556,454.2214,-0.46581
453.7556,454.2214,-0.4658306
453.7556,454.2215,-0.4658621
453.7556,454.2215,-0.465888
453.7556,454.2215,-0.4658886
453.7556,454.2215,-0.4658963
453.7556,454.2215,-0.4659016
453.7556,454.2215,-0.465911
453.7556,454.2215,-0.4659189
453.7556,454.2215,-0.4659354
453.7556,454.2215,-0.4659393
453.7556,454.2216,-0.465979
453.7556,454.2216,-0.4659868
453.7556,454.2216,-0.4660005
453.7556,454.2216,-0.4660087
453.7556,454.2216,-0.4660296
453.7556,454.2216,-0.4660413
453.7556,454.2216,-0.4660479
453.7556,454.2217,-0.4660906
453.7556,454.2217,-0.4660932
453.7556,454.2217,-0.4660962
453.7556,454.2217,-0.4661272
453.7556,454.2217,-0.4661293
453.7556,454.2217,-0.466141
453.7556,454.2218,-0.4661585
453.7556,454.2218,-0.466177
453.7556,454.2218,-0.4661789
453.7556,454.2218,-0.4662336
453.7556,454.2218,-0.4662367
453.7556,454.2219,-0.4662545
453.7556,454.2219,-0.4662707
453.7556,454.2219,-0.4662746
453.7556,454.2219,-0.4662749
453.7556,454.2219,-0.4662821
453.7556,454.2219,-0.4663165
453.7556,454.2219,-0.4663258
453.7556,454.2219,-0.4663332
453.7556,454.2219,-0.4663375
453.7556,454.2219,-0.4663497
453.7556,454.222,-0.46635
453.7556,454.222,-0.4663532
453.7556,454.222,-0.4663723
453.7556,454.222,-0.466399
453.7556,454.222,-0.4664201
453.7556,454.222,-0.4664344
453.7556,454.2221,-0.466452
453.7556,454.2221,-0.4664537
453.7556,454.2221,-0.4664631
453.7556,454.2221,-0.4664639
453.7556,454.2221,-0.4664745
453.7556,454.2221,-0.4664977
453.7556,454.2221,-0.46651
453.7556,454.2221,-0.4665101
453.7556,454.2221,-0.4665373
453.7556,454.2221,-0.4665384
453.7556,454.2222,-0.4665898
453.7556,454.2222,-0.4665975
453.7556,454.2222,-0.4666161
453.7556,454.2222,-0.4666487
453.7556,454.2223,-0.4666508
453.7556,454.2223,-0.4666679
453.7556,454.2223,-0.466671
453.7556,454.2223,-0.4667088
453.7556,454.2223,-0.4667403
453.7556,454.2223,-0.4667405
453.7556,454.2224,-0.4667661
453.7556,454.2224,-0.466767
453.7556,454.2224,-0.4667831
453.7556,454.2224,-0.4667986
453.7556,454.2224,-0.4668004
453.7556,454.2224,-0.4668113
453.7556,454.2224,-0.4668427
453.7556,454.2224,-0.4668451
453.7556,454.2225,-0.4668553
453.7556,454.2225,-0.4668735
453.7556,454.2225,-0.466874
453.7556,454.2225,-0.4668785
453.7556,454.2225,-0.466879
453.7556,454.2225,-0.4669008
453.7556,454.2225,-0.4669202
453.7556,454.2225,-0.4669284
453.7556,454.2225,-0.4669379
453.7556,454.2225,-0.4669408
453.7556,454.2226,-0.4669723
453.7556,454.2226,-0.4669768
453.7556,454.2226,-0.4670151
453.7556,454.2226,-0.4670381
453.7556,454.2227,-0.4670537
453.7556,454.2227,-0.4670761
453.7556,454.2227,-0.4671102
453.7556,454.2227,-0.4671296
453.7556,454.2227,-0.4671378
453.7556,454.2227,-0.4671401
453.7556,454.2227,-0.4671455
453.7556,454.2228,-0.4671677
453.7556,454.2228,-0.4671835
453.7556,454.2228,-0.4671967
453.7556,454.2228,-0.4671977
453.7556,454.2228,-0.467209
453.7556,454.2228,-0.4672292
453.7556,454.2228,-0.4672302
453.7556,454.2229,-0.4672551
453.7556,454.2229,-0.4672565
453.7556,454.2229,-0.4672634
453.7556,454.2229,-0.4672968
453.7556,454.2229,-0.4673093
453.7556,454.2229,-0.4673211
453.7556,454.2229,-0.4673282
453.7556,454.2229,-0.4673383
453.7556,454.2229,-0.4673487
453.7556,454.223,-0.4673634
453.7556,454.223,-0.467367
453.7556,454.223,-0.4673727
453.7556,454.223,-0.4674222
453.7556,454.2231,-0.4674741
453.7556,454.2231,-0.4674932
453.7556,454.2231,-0.467509
453.7556,454.2231,-0.4675393
453.7556,454.2231,-0.4675404
453.7556,454.2231,-0.4675411
453.7556,454.2232,-0.4675509
453.7556,454.2232,-0.4676061
453.7556,454.2232,-0.4676264
453.7556,454.2233,-0.4676536
453.7556,454.2233,-0.4676614
453.7556,454.2233,-0.4676879
453.7556,454.2233,-0.467713
453.7556,454.2234,-0.4677931
453.7556,454.2234,-0.4678075
453.7556,454.2235,-0.4678658
453.7556,454.2235,-0.4679033
453.7556,454.2235,-0.4679293
453.7556,454.2236,-0.4680204
453.7556,454.2236,-0.4680325
453.7556,454.2237,-0.4681278
453.7556,454.2237,-0.4681397
453.7556,454.2238,-0.4681551
453.7556,454.2238,-0.4682185
453.7556,454.2238,-0.4682221
453.7556,454.2238,-0.4682292
453.7556,454.2238,-0.4682303
453.7556,454.2239,-0.468255
453.7556,454.2239,-0.4682693
453.7556,454.2239,-0.4682855
453.7556,454.2239,-0.4683012
453.7556,454.224,-0.468358
453.7556,454.224,-0.4683611
453.7556,454.224,-0.4684079
453.7556,454.224,-0.468411
453.7556,454.2241,-0.4684718
453.7556,454.2242,-0.468551
453.7556,454.2242,-0.4686157
453.7556,454.2242,-0.4686188
453.7556,454.2243,-0.4687486
453.7556,454.2244,-0.4687567
453.7556,454.2244,-0.4687719
453.7556,454.2244,-0.4688212
453.7556,454.2245,-0.4689263
453.7556,454.2245,-0.4689397
453.7556,454.2246,-0.4689962
453.7556,454.2246,-0.4690034
453.7556,454.2246,-0.4690045
453.7556,454.2246,-0.469044
453.7556,454.2247,-0.4691005
453.7556,454.2247,-0.4691005
453.7556,454.2247,-0.4691058
453.7556,454.2247,-0.4691369
453.7556,454.2248,-0.4691529
453.7556,454.2248,-0.4691645
453.7556,454.2248,-0.4692088
453.7556,454.2248,-0.4692138
453.7556,454.2248,-0.4692157
453.7556,454.2248,-0.469238
453.7556,454.2249,-0.4692506
453.7556,454.2249,-0.4693065
453.7556,454.2249,-0.4693318
453.7556,454.2249,-0.4693326
453.7556,454.225,-0.4693827
453.7556,454.225,-0.469419
453.7556,454.225,-0.4694218
453.7556,454.225,-0.4694267
453.7556,454.225,-0.4694334
453.7556,454.2251,-0.4694535
453.7556,454.2251,-0.4694704
453.7556,454.2251,-0.4694917
453.7556,454.2251,-0.4695317
453.7556,454.2251,-0.4695396
453.7556,454.2251,-0.4695414
453.7556,454.2251,-0.4695456
453.7556,454.2252,-0.4695691
453.7556,454.2252,-0.4695717
453.7556,454.2252,-0.469588
453.7556,454.2252,-0.4696098
453.7556,454.2252,-0.4696345
453.7556,454.2253,-0.4696657
453.7556,454.2253,-0.4696735
453.7556,454.2254,-0.4697694
453.7556,454.2254,-0.4698199
453.7556,454.2255,-0.4698741
453.7556,454.2255,-0.4699105
453.7556,454.2256,-0.4699636
453.7556,454.2256,-0.4700243
453.7556,454.2256,-0.4700302
453.7556,454.2256,-0.4700357
453.7556,454.2257,-0.4701401
453.7556,454.2257,-0.4701451
453.7556,454.2257,-0.4701471
453.7556,454.2258,-0.4701516
453.7556,454.2258,-0.4701573
453.7556,454.2259,-0.4702507
453.7556,454.2259,-0.4702581
453.7556,454.2259,-0.4702754
453.7556,454.2259,-0.4703027
453.7556,454.2259,-0.4703142
453.7556,454.2259,-0.4703428
453.7556,454.226,-0.4703606
453.7556,454.2261,-0.4705024
453.7556,454.2262,-0.4705776
453.7556,454.2262,-0.4706227
453.7556,454.2263,-0.4706557
453.7556,454.2263,-0.470662
453.7556,454.2263,-0.4707392
453.7556,454.2264,-0.4707614
453.7556,454.2264,-0.4707792
453.7556,454.2264,-0.4708169
453.7556,454.2264,-0.4708484
453.7556,454.2265,-0.47089
453.7556,454.2265,-0.4709425
453.7556,454.2265,-0.4709459
453.7556,454.2267,-0.471058
453.7556,454.2267,-0.4710699
453.7556,454.2267,-0.4710928
453.7556,454.2268,-0.4712137
453.7556,454.2268,-0.4712194
453.7556,454.2268,-0.4712214
453.7556,454.2269,-0.4712517
453.7556,454.2269,-0.4712784
453.7556,454.2269,-0.4712883
453.7556,454.2269,-0.4713049
453.7556,454.227,-0.4714402
453.7556,454.2271,-0.4714628
453.7556,454.2271,-0.47152
453.7556,454.2271,-0.4715224
453.7556,454.2271,-0.4715265
453.7556,454.2272,-0.4715679
453.7556,454.2272,-0.4715893
453.7556,454.2272,-0.4716067
453.7556,454.2273,-0.4716618
453.7556,454.2274,-0.4717776
453.7556,454.2274,-0.4718105
453.7556,454.2274,-0.4718346
453.7556,454.2274,-0.4718356
453.7556,454.2274,-0.4718356
453.7556,454.2274,-0.4718421
453.7556,454.2275,-0.4718523
453.7556,454.2275,-0.4719146
453.7556,454.2276,-0.4720079
453.7556,454.2276,-0.4720357
453.7556,454.2277,-0.4720545
453.7556,454.2279,-0.4722548
453.7556,454.2279,-0.4722896
453.7556,454.2279,-0.4722944
453.7556,454.2279,-0.4723294
453.7556,454.2281,-0.4724656
453.7556,454.2281,-0.4725197
453.7556,454.2281,-0.4725318
453.7556,454.2282,-0.4725718
453.7556,454.2282,-0.4725788
453.7556,454.2282,-0.472632
453.7556,454.2283,-0.4726882
453.7556,454.2284,-0.4728132
453.7556,454.2284,-0.472835
453.7556,454.2285,-0.4728874
453.7556,454.2285,-0.4728906
453.7556,454.2285,-0.4728972
453.7556,454.2287,-0.4730828
453.7556,454.2287,-0.4730833
453.7556,454.2288,-0.4732457
453.7556,454.2291,-0.4734602
453.7556,454.2291,-0.4734621
453.7556,454.2291,-0.4735077
453.7556,454.2292,-0.4736171
453.7556,454.2293,-0.4737264
453.7556,454.2294,-0.4737928
453.7556,454.2294,-0.4738293
453.7556,454.2295,-0.473909
453.7556,454.2297,-0.4740942
453.7556,454.23,-0.4744406
453.7556,454.2302,-0.4745528
453.7556,454.2303,-0.4747115
453.7556,454.2303,-0.4747309
453.7556,454.2304,-0.4748112
453.7556,454.2306,-0.4750183
453.7556,454.2307,-0.4750934
453.7556,454.2309,-0.475275
453.7556,454.231,-0.4754264
453.7556,454.2312,-0.4755805
453.7556,454.2312,-0.4755953
453.7556,454.2312,-0.4756469
453.7556,454.2313,-0.4756865
453.7556,454.2315,-0.4759407
453.7556,454.2316,-0.4759961
453.7556,454.2316,-0.4760346
453.7556,454.2318,-0.476191
453.7556,454.2318,-0.4762212
453.7556,454.2319,-0.476293
453.7556,454.2319,-0.4763402
453.7556,454.2319,-0.4763459
453.7556,454.232,-0.4763594
453.7556,454.2322,-0.4765527
453.7556,454.2324,-0.476751
453.7556,454.2325,-0.4768711
453.7556,454.2325,-0.4768817
453.7556,454.2325,-0.4769169
453.7556,454.2325,-0.4769412
453.7556,454.2326,-0.4770073
453.7556,454.2327,-0.4770754
453.7556,454.2328,-0.4772052
453.7556,454.2331,-0.4774761
453.7556,454.2331,-0.477477
453.7556,454.2332,-0.477588
453.7556,454.2332,-0.4776399
453.7556,454.2333,-0.4776655
453.7556,454.2338,-0.4781539
453.7556,454.234,-0.4783632
453.7556,454.2341,-0.4784637
453.7556,454.2341,-0.4784649
453.7556,454.2341,-0.478491
453.7556,454.2342,-0.478556
453.7556,454.2343,-0.4786943
453.7556,454.2343,-0.4787215
453.7556,454.2344,-0.4787738
453.7556,454.2344,-0.4788037
453.7556,454.2346,-0.4790193
453.7556,454.2347,-0.4791269
453.7556,454.2347,-0.4791358
453.7556,454.2349,-0.4792633
453.7556,454.2349,-0.4792713
453.7556,454.2349,-0.4792738
453.7556,454.2349,-0.4793098
453.7556,454.2349,-0.4793215
453.7556,454.2352,-0.4795522
453.7556,454.2352,-0.4796318
453.7556,454.2354,-0.4798036
453.7556,454.2356,-0.4799646
453.7556,454.2356,-0.4799959
453.7556,454.2357,-0.4800527
453.7556,454.2358,-0.480222
453.7556,454.2359,-0.4803214
453.7556,454.236,-0.4804474
453.7556,454.2361,-0.4804693
453.7556,454.2361,-0.480502
453.7556,454.2361,-0.4805465
453.7556,454.2363,-0.4806949
453.7556,454.2363,-0.4807048
453.7556,454.2363,-0.480729
453.7556,454.2363,-0.4807382
453.7556,454.2364,-0.4807934
453.7556,454.2364,-0.4808257
453.7556,454.2365,-0.4809347
453.7556,454.2368,-0.481154
453.7556,454.2368,-0.4812009
453.7556,454.2368,-0.4812448
453.7556,454.2369,-0.4812754
453.7556,454.2369,-0.4812955
453.7556,454.237,-0.481449
453.7556,454.2371,-0.481462
453.7556,454.2376,-0.4820373
453.7556,454.2378,-0.4822402
453.7556,454.2379,-0.4822921
453.7556,454.238,-0.4823731
453.7556,454.238,-0.4824293
453.7556,454.2381,-0.4824617
453.7556,454.2381,-0.4824624
453.7556,454.2381,-0.482546
453.7556,454.2382,-0.4825534
453.7556,454.2383,-0.4826605
453.7556,454.2384,-0.4827831
453.7556,454.2385,-0.482891
453.7556,454.2385,-0.4829175
453.7556,454.2385,-0.4829252
453.7556,454.2387,-0.483105
453.7556,454.239,-0.4833899
453.7556,454.2391,-0.4835442
453.7556,454.2392,-0.4835531
453.7556,454.2394,-0.4837556
453.7556,454.2394,-0.4837587
453.7556,454.2394,-0.4838027
453.7556,454.2394,-0.4838233
453.7556,454.2395,-0.4838962
453.7556,454.2395,-0.4839049
453.7556,454.2395,-0.4839054
453.7556,454.2396,-0.4839732
453.7556,454.2396,-0.4840143
453.7556,454.2396,-0.4840456
453.7556,454.2396,-0.4840462
453.7556,454.2397,-0.4841107
453.7556,454.2398,-0.4841836
453.7556,454.2398,-0.4841923
453.7556,454.2399,-0.4842925
453.7556,454.24,-0.4843755
453.7556,454.24,-0.4843995
453.7556,454.24,-0.484408
453.7556,454.2401,-0.4845271
453.7556,454.2402,-0.4845622
453.7556,454.2403,-0.4846822
453.7556,454.2404,-0.4847689
453.7556,454.2404,-0.4847796
453.7556,454.2405,-0.4849183
453.7556,454.2406,-0.4850185
453.7556,454.2406,-0.485026
453.7556,454.2406,-0.4850417
453.7556,454.2408,-0.4851773
453.7556,454.2409,-0.4852644
453.7556,454.2409,-0.4853076
453.7556,454.241,-0.4853652
453.7556,454.241,-0.4853661
453.7556,454.2411,-0.4854707
453.7556,454.2411,-0.4854729
453.7556,454.2411,-0.4855309
453.7556,454.2412,-0.4855631
453.7556,454.2412,-0.4856305
453.7556,454.2413,-0.4856516
453.7556,454.2415,-0.4858583
453.7556,454.2415,-0.485883
453.7556,454.2415,-0.4859129
453.7556,454.2415,-0.4859134
453.7556,454.2415,-0.4859242
453.7556,454.2417,-0.4860531
453.7556,454.2417,-0.4861306
453.7556,454.2418,-0.4861682
453.7556,454.2419,-0.4862917
453.7556,454.242,-0.4863546
453.7556,454.2421,-0.4864887
453.7556,454.2422,-0.4866131
453.7556,454.2423,-0.4866594
453.7556,454.2424,-0.4867517
453.7556,454.2424,-0.4868053
453.7556,454.2424,-0.4868135
453.7556,454.2425,-0.4869208
453.7556,454.2427,-0.4870605
453.7556,454.2428,-0.4871856
453.7556,454.2429,-0.4873246
453.7556,454.243,-0.4874072
453.7556,454.2431,-0.4874655
453.7556,454.2431,-0.4874743
453.7556,454.2431,-0.4874952
453.7556,454.2431,-0.4875014
453.7556,454.2431,-0.4875345
453.7556,454.2432,-0.4876072
453.7556,454.2433,-0.4877329
453.7556,454.2433,-0.4877496
453.7556,454.2434,-0.4878494
453.7556,454.2435,-0.4879288
453.7556,454.2435,-0.4879403
453.7556,454.2436,-0.4879662
453.7556,454.2436,-0.4880102
453.7556,454.2437,-0.4881107
453.7556,454.2438,-0.4881598
453.7556,454.2438,-0.488207
453.7556,454.2438,-0.4882339
453.7556,454.2439,-0.4883009
453.7556,454.2439,-0.4883357
453.7556,454.244,-0.4883868
453.7556,454.244,-0.4884005
453.7556,454.2441,-0.488504
453.7556,454.2441,-0.4885133
453.7556,454.2442,-0.4885878
453.7556,454.2443,-0.4886815
453.7556,454.2443,-0.4887107
453.7556,454.2444,-0.488785
453.7556,454.2445,-0.4889226
453.7556,454.2446,-0.4889832
453.7556,454.2447,-0.4890723
453.7556,454.2447,-0.48912
453.7556,454.2447,-0.4891272
453.7556,454.2448,-0.4891574
453.7556,454.2448,-0.4891723
453.7556,454.2448,-0.4892242
453.7556,454.2449,-0.4892854
453.7556,454.2449,-0.4893082
453.7556,454.245,-0.4893753
453.7556,454.2451,-0.4894993
453.7556,454.2451,-0.4895219
453.7556,454.2452,-0.4896242
453.7556,454.2453,-0.4897016
453.7556,454.2453,-0.489731
453.7556,454.2454,-0.4898451
453.7556,454.2455,-0.4899377
453.7556,454.2456,-0.4899572
453.7556,454.2456,-0.4899879
453.7556,454.2456,-0.4900349
453.7556,454.2456,-0.4900354
453.7556,454.2456,-0.4900494
453.7556,454.2457,-0.4900803
453.7556,454.2457,-0.4900975
453.7556,454.2457,-0.490103
453.7556,454.2458,-0.4901501
453.7556,454.2458,-0.4901582
453.7556,454.2458,-0.4901745
453.7556,454.2458,-0.4901747
453.7556,454.2458,-0.4901811
453.7556,454.2458,-0.490205
453.7556,454.2458,-0.490212
453.7556,454.2458,-0.4902122
453.7556,454.2458,-0.4902361
453.7556,454.2458,-0.4902407
453.7556,454.2458,-0.4902415
453.7556,454.2459,-0.4902797
453.7556,454.2459,-0.4903228
453.7556,454.2459,-0.4903239
453.7556,454.246,-0.4903561
453.7556,454.246,-0.4903679
453.7556,454.246,-0.4903863
453.7556,454.246,-0.4903924
453.7556,454.246,-0.4903964
453.7556,454.246,-0.4904068
453.7556,454.246,-0.4904092
453.7556,454.246,-0.4904241
453.7556,454.246,-0.4904318
453.7556,454.246,-0.4904436
453.7556,454.2461,-0.4904713
453.7556,454.2461,-0.490475
453.7556,454.2461,-0.49049
453.7556,454.2461,-0.4904916
453.7556,454.2461,-0.4904981
453.7556,454.2461,-0.4905076
453.7556,454.2461,-0.4905298
453.7556,454.2461,-0.4905336
453.7556,454.2462,-0.4905592
453.7556,454.2462,-0.490564
453.7556,454.2462,-0.4906008
453.7556,454.2462,-0.4906095
453.7556,454.2462,-0.4906155
453.7556,454.2462,-0.4906451
453.7556,454.2462,-0.4906474
453.7556,454.2463,-0.4906523
453.7556,454.2463,-0.4906641
453.7556,454.2463,-0.4907211
453.7556,454.2463,-0.4907269
453.7556,454.2463,-0.490731
453.7556,454.2464,-0.4907642
453.7556,454.2464,-0.4907725
453.7556,454.2464,-0.490791
453.7556,454.2464,-0.4908003
453.7556,454.2464,-0.4908026
453.7556,454.2464,-0.4908184
453.7556,454.2464,-0.4908395
453.7556,454.2465,-0.4908502
453.7556,454.2465,-0.4908668
453.7556,454.2465,-0.4908702
453.7556,454.2465,-0.4908839
453.7556,454.2465,-0.4909086
453.7556,454.2465,-0.4909121
453.7556,454.2465,-0.4909481
453.7556,454.2466,-0.4909744
453.7556,454.2466,-0.4909931
453.7556,454.2466,-0.4910292
453.7556,454.2467,-0.491051
453.7556,454.2467,-0.4910674
453.7556,454.2467,-0.4910678
453.7556,454.2467,-0.4910986
453.7556,454.2467,-0.4911258
453.7556,454.2468,-0.4911535
453.7556,454.2468,-0.4912125
453.7556,454.2468,-0.491221
453.7556,454.2468,-0.4912251
453.7556,454.2469,-0.4912698
453.7556,454.247,-0.4914266
453.7556,454.2471,-0.491466
453.7556,454.2472,-0.4915519
453.7556,454.2472,-0.4915709
453.7556,454.2472,-0.4916052
453.7556,454.2472,-0.4916359
453.7556,454.2473,-0.4916887
453.7556,454.2473,-0.4916984
453.7556,454.2474,-0.491754
453.7556,454.2474,-0.4918423
453.7556,454.2474,-0.4918433
453.7556,454.2476,-0.4919621
453.7556,454.2476,-0.4920084
453.7556,454.2476,-0.4920246
453.7556,454.2478,-0.4921756
453.7556,454.2479,-0.492287
453.7556,454.2482,-0.4926415
453.7556,454.2483,-0.4926609
453.7556,454.2483,-0.4926741
453.7556,454.2484,-0.4927587
453.7556,454.2484,-0.4927952
453.7556,454.2484,-0.4928404
453.7556,454.2485,-0.4929488
453.7556,454.2486,-0.4930341
453.7556,454.2488,-0.4931914
453.7556,454.2488,-0.493231
453.7556,454.2489,-0.4933041
453.7556,454.2489,-0.4933383
453.7556,454.2489,-0.4933494
453.7556,454.2491,-0.4934507
453.7556,454.2491,-0.4934849
453.7556,454.2491,-0.4934989
453.7556,454.2492,-0.4936064
453.7556,454.2492,-0.4936362
453.7556,454.2493,-0.4937054
453.7556,454.2494,-0.4938204
453.7556,454.2494,-0.4938331
453.7556,454.2496,-0.4940456
453.7556,454.2497,-0.494076
453.7556,454.2498,-0.4941659
453.7556,454.25,-0.4944083
453.7556,454.25,-0.4944266
453.7556,454.2501,-0.4944639
453.7556,454.2501,-0.4944752
453.7556,454.2501,-0.4945026
453.7556,454.2502,-0.4945551
453.7556,454.2502,-0.4945689
453.7556,454.2503,-0.4947004
453.7556,454.2503,-0.4947482
453.7556,454.2505,-0.4948924
453.7556,454.2505,-0.4949447
453.7556,454.2506,-0.4949848
453.7556,454.2506,-0.4950296
453.7556,454.2507,-0.4951005
453.7556,454.2508,-0.4951871
453.7556,454.2508,-0.4952269
453.7556,454.2508,-0.4952483
453.7556,454.2509,-0.4952581
453.7556,454.2509,-0.4952807
453.7556,454.251,-0.4953816
453.7556,454.251,-0.4954462
453.7556,454.2511,-0.495524
453.7556,454.2511,-0.4955441
453.7556,454.2512,-0.4956166
453.7556,454.2512,-0.4956206
453.7556,454.2512,-0.4956241
453.7556,454.2514,-0.4957846
453.7556,454.2514,-0.4957987
453.7556,454.2514,-0.4958077
453.7556,454.2514,-0.4958156
453.7556,454.2514,-0.4958193
453.7556,454.2514,-0.4958305
453.7556,454.2514,-0.4958423
453.7556,454.2515,-0.4958543
453.7556,454.2515,-0.4959292
453.7556,454.2516,-0.4960139
453.7556,454.2517,-0.4961108
453.7556,454.252,-0.4963555
453.7556,454.252,-0.4963594
453.7556,454.252,-0.4963663
453.7556,454.252,-0.496425
453.7556,454.2521,-0.4965016
453.7556,454.2523,-0.4966553
453.7556,454.2523,-0.496675
453.7556,454.2523,-0.4966808
453.7556,454.2523,-0.4967264
453.7556,454.2523,-0.496744
453.7556,454.2523,-0.4967461
453.7556,454.2524,-0.4968047
453.7556,454.2526,-0.4969897
453.7556,454.2526,-0.4970132
453.7556,454.2526,-0.4970307
453.7556,454.2527,-0.4970801
453.7556,454.253,-0.4973724
453.7556,454.2531,-0.497471
453.7556,454.2531,-0.4975333
453.7556,454.2532,-0.4976103
453.7556,454.2534,-0.4978216
453.7556,454.2538,-0.4981707
453.7556,454.2538,-0.4982254
453.7556,454.2539,-0.4982528
453.7556,454.2539,-0.4982646
453.7556,454.254,-0.4983702
453.7556,454.2541,-0.4984722
453.7556,454.2541,-0.4984855
453.7556,454.2543,-0.4986853
453.7556,454.2546,-0.4990146
453.7556,454.2546,-0.4990408
453.7556,454.2548,-0.4992025
453.7556,454.2549,-0.4992647
453.7556,454.2549,-0.4993019
453.7556,454.2551,-0.4994842
453.7556,454.2558,-0.5002311
453.7556,454.2561,-0.5004701
453.7556,454.2574,-0.5018354
453.7556,454.2575,-0.5018541
453.7556,454.2577,-0.5020834
453.7556,454.259,-0.5034452
453.7556,454.2592,-0.5036144
453.7556,454.2596,-0.503992
453.7556,454.2597,-0.5040615
453.7556,454.2598,-0.5041874
453.7556,454.2601,-0.5045401
453.7556,454.2604,-0.5047875
453.7556,454.2613,-0.5057365
453.7556,454.2613,-0.5057494
453.7556,454.2616,-0.5060135
453.7556,454.2618,-0.5062255
453.7556,454.2619,-0.5062857
453.7556,454.262,-0.5063858
453.7556,454.2621,-0.5065199
453.7556,454.2622,-0.5065763
453.7556,454.2622,-0.5066198
453.7556,454.2624,-0.5067502
453.7556,454.2624,-0.5068068
453.7556,454.2626,-0.5069858
453.7556,454.2626,-0.5070167
453.7556,454.2627,-0.5070958
453.7556,454.2628,-0.5071659
453.7556,454.2629,-0.5072602
453.7556,454.2629,-0.5072628
453.7556,454.2629,-0.5072809
453.7556,454.2629,-0.5073221
453.7556,454.263,-0.5073577
453.7556,454.263,-0.5074333
453.7556,454.2631,-0.5074682
453.7556,454.2631,-0.5074752
453.7556,454.2631,-0.5074861
453.7556,454.2631,-0.5074981
453.7556,454.2631,-0.507502
453.7556,454.2631,-0.5075178
453.7556,454.2633,-0.5077256
453.7556,454.2634,-0.5077579
453.7556,454.2634,-0.5077888
453.7556,454.2634,-0.5078393
453.7556,454.2634,-0.5078413
453.7556,454.2635,-0.5078858
453.7556,454.2635,-0.5079354
453.7556,454.2637,-0.5080683
453.7556,454.2638,-0.5081622
453.7556,454.2638,-0.5081722
453.7556,454.2639,-0.5083455
453.7556,454.264,-0.5084161
453.7556,454.2641,-0.5084792
453.7556,454.2641,-0.5085372
453.7556,454.2642,-0.508608
453.7556,454.2643,-0.5086986
453.7556,454.2644,-0.5087945
453.7556,454.2644,-0.5088068
453.7556,454.2644,-0.5088154
453.7556,454.2645,-0.5088974
453.7556,454.2645,-0.5089281
453.7556,454.2646,-0.5089827
453.7556,454.2646,-0.5090252
453.7556,454.2647,-0.5090712
453.7556,454.2647,-0.5090941
453.7556,454.2647,-0.5091083
453.7556,454.2647,-0.5091233
453.7556,454.2647,-0.5091276
453.7556,454.2648,-0.509185
453.7556,454.2649,-0.5092722
453.7556,454.2649,-0.5092779
453.7556,454.2649,-0.5092957
453.7556,454.2649,-0.5093395
453.7556,454.265,-0.5093642
453.7556,454.265,-0.5093744
453.7556,454.265,-0.5094246
453.7556,454.265,-0.5094426
453.7556,454.2651,-0.5094541
453.7556,454.2651,-0.5094597
453.7556,454.2651,-0.5094726
453.7556,454.2651,-0.5094946
453.7556,454.2651,-0.5095278
453.7556,454.2652,-0.509564
453.7556,454.2652,-0.5095687
453.7556,454.2652,-0.5095853
453.7556,454.2652,-0.5096206
453.7556,454.2652,-0.5096243
453.7556,454.2652,-0.5096243
453.7556,454.2652,-0.5096308
453.7556,454.2652,-0.5096448
453.7556,454.2653,-0.5096556
453.7556,454.2654,-0.5097688
453.7556,454.2654,-0.5097695
453.7556,454.2654,-0.5097711
453.7556,454.2654,-0.5097985
453.7556,454.2654,-0.5097987
453.7556,454.2654,-0.5098057
453.7556,454.2654,-0.5098364
453.7556,454.2654,-0.5098383
453.7556,454.2654,-0.5098439
453.7556,454.2655,-0.5098507
453.7556,454.2655,-0.5098645
453.7556,454.2655,-0.5098716
453.7556,454.2655,-0.5098859
453.7556,454.2655,-0.5098987
453.7556,454.2655,-0.5098996
453.7556,454.2655,-0.5099037
453.7556,454.2655,-0.5099293
453.7556,454.2656,-0.5099988
453.7556,454.2656,-0.510019
453.7556,454.2656,-0.5100236
453.7556,454.2656,-0.5100342
453.7556,454.2656,-0.5100422
453.7556,454.2656,-0.5100434
453.7556,454.2657,-0.5100835
453.7556,454.2657,-0.5101043
453.7556,454.2657,-0.510115
453.7556,454.2657,-0.5101345
453.7556,454.2657,-0.5101432
453.7556,454.2658,-0.5101559
453.7556,454.2658,-0.5101711
453.7556,454.2658,-0.5102079
453.7556,454.2658,-0.510217
453.7556,454.2658,-0.5102471
453.7556,454.2659,-0.5102732
453.7556,454.2659,-0.5102793
453.7556,454.2659,-0.5102859
453.7556,454.2659,-0.5102934
453.7556,454.2659,-0.510294
453.7556,454.266,-0.5103502
453.7556,454.266,-0.5104045
453.7556,454.2661,-0.5104705
453.7556,454.2661,-0.5104833
453.7556,454.2661,-0.5104909
453.7556,454.2661,-0.5105005
453.7556,454.2661,-0.5105058
453.7556,454.2661,-0.5105071
453.7556,454.2661,-0.5105275
453.7556,454.2661,-0.5105379
453.7556,454.2662,-0.5105629
453.7556,454.2662,-0.5105683
453.7556,454.2662,-0.5105915
453.7556,454.2663,-0.5106839
453.7556,454.2664,-0.5107798
453.7556,454.2664,-0.5107874
453.7556,454.2664,-0.5107942
453.7556,454.2664,-0.5108039
453.7556,454.2664,-0.5108104
453.7556,454.2664,-0.510824
453.7556,454.2664,-0.5108472
453.7556,454.2664,-0.5108477
453.7556,454.2665,-0.510904
453.7556,454.2665,-0.5109232
453.7556,454.2666,-0.5109665
453.7556,454.2666,-0.5109723
453.7556,454.2666,-0.5110004
453.7556,454.2666,-0.5110167
453.7556,454.2667,-0.5110772
453.7556,454.2667,-0.511084
453.7556,454.2667,-0.5111331
453.7556,454.2667,-0.5111386
453.7556,454.2668,-0.511173
453.7556,454.2668,-0.511185
453.7556,454.2668,-0.5111859
453.7556,454.2668,-0.5112017
453.7556,454.2669,-0.5113224
453.7556,454.2669,-0.5113365
453.7556,454.2669,-0.5113447
453.7556,454.267,-0.5113506
453.7556,454.267,-0.5113577
453.7556,454.267,-0.5113676
453.7556,454.267,-0.5114172
453.7556,454.2672,-0.5115521
453.7556,454.2672,-0.5115824
453.7556,454.2672,-0.5116229
453.7556,454.2673,-0.5117034
453.7556,454.2674,-0.5117956
453.7556,454.2676,-0.5120049
453.7556,454.2678,-0.5121574
453.7556,454.2678,-0.5121983
453.7556,454.2678,-0.5122394
453.7556,454.2679,-0.5122992
453.7556,454.268,-0.5124224
453.7556,454.2683,-0.5126865
453.7556,454.2683,-0.5126963
453.7556,454.2684,-0.5127765
453.7556,454.2684,-0.512802
453.7556,454.2684,-0.5128094
453.7556,454.2684,-0.5128173
453.7556,454.2685,-0.5129003
453.7556,454.2686,-0.5130244
453.7556,454.2687,-0.5131388
453.7556,454.2688,-0.5131968
453.7556,454.2688,-0.5132262
453.7556,454.2689,-0.5133165
453.7556,454.269,-0.51335
453.7556,454.269,-0.5134179
453.7556,454.2691,-0.5134983
453.7556,454.2695,-0.5139325
453.7556,454.2696,-0.5139556
453.7556,454.2696,-0.5140287
453.7556,454.2696,-0.5140349
453.7556,454.2697,-0.5141024
453.7556,454.2698,-0.5141737
453.7556,454.2698,-0.5141924
453.7556,454.2698,-0.5142093
453.7556,454.2699,-0.5142519
453.7556,454.27,-0.5144267
453.7556,454.2702,-0.5145922
453.7556,454.2702,-0.5146168
453.7556,454.2702,-0.5146206
453.7556,454.2703,-0.5147482
453.7556,454.2704,-0.5147881
453.7556,454.2704,-0.5148173
453.7556,454.2705,-0.5149291
453.7556,454.2708,-0.5152441
453.7556,454.2709,-0.5152752
453.7556,454.2709,-0.5152987
453.7556,454.271,-0.5153883
453.7556,454.2712,-0.5156304
453.7556,454.2712,-0.5156436
453.7556,454.2715,-0.5158642
453.7556,454.2716,-0.5159711
453.7556,454.2716,-0.5160352
453.7556,454.2717,-0.5161004
453.7556,454.2717,-0.5161155
453.7556,454.2718,-0.5162058
453.7556,454.2718,-0.516225
453.7556,454.2719,-0.5163341
453.7556,454.272,-0.5163954
453.7556,454.272,-0.5164234
453.7556,454.272,-0.5164462
453.7556,454.2721,-0.5164571
453.7556,454.2721,-0.5165178
453.7556,454.2721,-0.5165318
453.7556,454.2722,-0.5166301
453.7556,454.2723,-0.5166913
453.7556,454.2723,-0.5167183
453.7556,454.2724,-0.5167656
453.7556,454.2724,-0.516834
453.7556,454.2725,-0.5168672
453.7556,454.2725,-0.5169368
453.7556,454.2726,-0.5169537
453.7556,454.2726,-0.5170073
453.7556,454.2726,-0.5170291
453.7556,454.2727,-0.5171116
453.7556,454.2727,-0.5171175
453.7556,454.2728,-0.5171566
453.7556,454.2728,-0.5171815
453.7556,454.2728,-0.5172454
453.7556,454.2729,-0.5172689
453.7556,454.2729,-0.5172777
453.7556,454.273,-0.5173801
453.7556,454.273,-0.5174048
453.7556,454.2731,-0.5174523
453.7556,454.2731,-0.5174693
453.7556,454.2731,-0.5174696
453.7556,454.2731,-0.5174781
453.7556,454.2731,-0.5175247
453.7556,454.2731,-0.5175365
453.7556,454.2732,-0.517572
453.7556,454.2732,-0.5175721
453.7556,454.2732,-0.5175727
453.7556,454.2732,-0.5176074
453.7556,454.2732,-0.5176233
453.7556,454.2733,-0.5176534
453.7556,454.2733,-0.5176802
453.7556,454.2733,-0.5176823
453.7556,454.2733,-0.5176992
453.7556,454.2733,-0.5177218
453.7556,454.2733,-0.5177261
453.7556,454.2733,-0.5177295
453.7556,454.2733,-0.5177326
453.7556,454.2733,-0.5177461
453.7556,454.2734,-0.5177605
453.7556,454.2734,-0.5177688
453.7556,454.2734,-0.5178189
453.7556,454.2734,-0.5178355
453.7556,454.2734,-0.5178459
453.7556,454.2735,-0.517854
453.7556,454.2735,-0.5178621
453.7556,454.2735,-0.5178653
453.7556,454.2735,-0.5178661
453.7556,454.2735,-0.5178781
453.7556,454.2735,-0.5179251
453.7556,454.2735,-0.5179312
453.7556,454.2735,-0.517934
453.7556,454.2735,-0.5179392
453.7556,454.2735,-0.5179413
453.7556,454.2735,-0.5179433
453.7556,454.2736,-0.5179526
453.7556,454.2736,-0.5179563
453.7556,454.2736,-0.5179642
453.7556,454.2736,-0.5179687
453.7556,454.2736,-0.5179725
453.7556,454.2736,-0.5179807
453.7556,454.2736,-0.5179917
453.7556,454.2736,-0.5180186
453.7556,454.2736,-0.5180423
453.7556,454.2736,-0.518043
453.7556,454.2737,-0.5180541
453.7556,454.2737,-0.5180553
453.7556,454.2737,-0.5181081
453.7556,454.2737,-0.518118
453.7556,454.2737,-0.5181289
453.7556,454.2737,-0.5181407
453.7556,454.2737,-0.5181495
453.7556,454.2737,-0.5181496
453.7556,454.2738,-0.5181583
453.7556,454.2738,-0.518167
453.7556,454.2738,-0.5181965
453.7556,454.2738,-0.5181986
453.7556,454.2738,-0.5182023
453.7556,454.2738,-0.5182079
453.7556,454.2738,-0.5182096
453.7556,454.2738,-0.5182284
453.7556,454.2738,-0.5182299
453.7556,454.2738,-0.5182431
453.7556,454.2739,-0.5182509
453.7556,454.2739,-0.5182752
453.7556,454.2739,-0.5182874
453.7556,454.2739,-0.5183144
453.7556,454.2739,-0.5183494
453.7556,454.274,-0.5183503
453.7556,454.274,-0.518388
453.7556,454.274,-0.5183917
453.7556,454.274,-0.5184143
453.7556,454.274,-0.518447
453.7556,454.2741,-0.518453
453.7556,454.2741,-0.5184577
453.7556,454.2741,-0.5184754
453.7556,454.2741,-0.5184919
453.7556,454.2741,-0.5184975
453.7556,454.2742,-0.5185539
453.7556,454.2742,-0.5185713
453.7556,454.2742,-0.5185893
453.7556,454.2742,-0.5186224
453.7556,454.2742,-0.5186434
453.7556,454.2743,-0.5186573
453.7556,454.2743,-0.5186602
453.7556,454.2743,-0.5186623
453.7556,454.2743,-0.5186623
453.7556,454.2743,-0.5187206
453.7556,454.2743,-0.5187241
453.7556,454.2744,-0.5187785
453.7556,454.2744,-0.5187985
453.7556,454.2744,-0.5187998
453.7556,454.2744,-0.5188015
453.7556,454.2744,-0.5188239
453.7556,454.2745,-0.5188531
453.7556,454.2745,-0.5188623
453.7556,454.2745,-0.5188735
453.7556,454.2745,-0.5188802
453.7556,454.2746,-0.5189721
453.7556,454.2746,-0.5189818
453.7556,454.2746,-0.5190191
453.7556,454.2747,-0.519092
453.7556,454.2747,-0.519112
453.7556,454.2748,-0.5191575
453.7556,454.2748,-0.5191591
453.7556,454.2748,-0.5191664
453.7556,454.2748,-0.5192337
453.7556,454.275,-0.5193519
453.7556,454.275,-0.5193631
453.7556,454.275,-0.5193959
453.7556,454.275,-0.5194363
453.7556,454.2751,-0.5194756
453.7556,454.2753,-0.5196616
453.7556,454.2753,-0.5196885
453.7556,454.2757,-0.5201465
453.7556,454.2764,-0.5208024
453.7556,454.2778,-0.5222049
453.7556,454.279,-0.523405
453.7556,454.2929,-0.5373377
453.7556,454.2943,-0.5387154
453.7556,454.2952,-0.539625
453.7556,454.2969,-0.5412508
453.7556,454.2976,-0.5419798
453.7556,454.2993,-0.5437498
453.7556,454.3032,-0.547588
453.7556,454.3032,-0.5476434
453.7556,454.3035,-0.5478627
453.7556,454.3039,-0.5483054
453.7556,454.3044,-0.5488067
453.7556,454.3044,-0.5488217
453.7556,454.3047,-0.5491475
453.7556,454.3049,-0.5493257
453.7556,454.3049,-0.5493421
453.7556,454.3054,-0.5498353
453.7556,454.3057,-0.5500646
453.7556,454.3057,-0.5501333
453.7556,454.306,-0.5503961
453.7556,454.3061,-0.5504541
453.7556,454.3061,-0.5505383
453.7556,454.3062,-0.5505718
453.7556,454.3062,-0.550584
453.7556,454.3062,-0.5506427
453.7556,454.3062,-0.5506493
453.7556,454.3063,-0.5507251
453.7556,454.3064,-0.5507725
453.7556,454.3064,-0.550797
453.7556,454.3064,-0.5508273
453.7556,454.3065,-0.550862
453.7556,454.3066,-0.5509868
453.7556,454.3066,-0.5510023
453.7556,454.3067,-0.5510956
453.7556,454.3068,-0.5512154
453.7556,454.3068,-0.5512162
453.7556,454.3068,-0.5512357
453.7556,454.307,-0.5513781
453.7556,454.307,-0.5513994
453.7556,454.3071,-0.5514627
453.7556,454.3071,-0.55151
453.7556,454.3073,-0.5516617
453.7556,454.3073,-0.5517369
453.7556,454.3074,-0.5518033
453.7556,454.3074,-0.5518286
453.7556,454.3075,-0.5518557
453.7556,454.3075,-0.55186
453.7556,454.3076,-0.5520239
453.7556,454.3077,-0.5520669
453.7556,454.3077,-0.5520695
453.7556,454.3079,-0.5522912
453.7556,454.3079,-0.5523144
453.7556,454.3079,-0.5523474
453.7556,454.3082,-0.5526474
453.7556,454.3083,-0.552743
453.7556,454.3085,-0.5529032
453.7556,454.3095,-0.5539029
453.7556,454.3113,-0.5557047
453.7556,454.3238,-0.5682191
453.7556,454.3265,-0.5708524
453.7556,454.3265,-0.5708534
453.7556,454.3269,-0.5712625
453.7556,454.3307,-0.5750736
453.7556,454.3313,-0.5756512
453.7556,454.3318,-0.5762109
453.7556,454.3322,-0.5765582
453.7556,454.3326,-0.5769758
453.7556,454.3331,-0.5775344
453.7556,454.3348,-0.5791646
453.7556,454.3365,-0.5809363
453.7556,454.3376,-0.5820076
453.7556,454.3451,-0.5895396
453.7556,454.3452,-0.5896273
453.7556,454.3455,-0.5898856
453.7556,454.3455,-0.5899461
453.7556,454.3456,-0.5899947
453.7556,454.3457,-0.5901155
453.7556,454.3458,-0.5902277
453.7556,454.3459,-0.590271
453.7556,454.3459,-0.5902806
453.7556,454.3459,-0.5903247
453.7556,454.3459,-0.5903449
453.7556,454.346,-0.5903712
453.7556,454.346,-0.5903909
453.7556,454.346,-0.5904021
453.7556,454.346,-0.59044
453.7556,454.3461,-0.5904748
453.7556,454.3461,-0.5904784
453.7556,454.3461,-0.5904786
453.7556,454.3461,-0.5905032
453.7556,454.3461,-0.5905038
453.7556,454.3461,-0.5905204
453.7556,454.3462,-0.5906369
453.7556,454.3463,-0.5907176
453.7556,454.3464,-0.5908066
453.7556,454.3464,-0.5908136
453.7556,454.3466,-0.5910271
453.7556,454.3467,-0.5910594
453.7556,454.3468,-0.5911682
453.7556,454.3468,-0.5911989
453.7556,454.347,-0.5914297
453.7556,454.3471,-0.5914998
453.7556,454.3471,-0.591512
453.7556,454.3475,-0.5918875
453.7556,454.3476,-0.5919817
453.7556,454.3479,-0.5922825
453.7556,454.3479,-0.5923008
453.7556,454.3489,-0.5933347
453.7556,454.3503,-0.5946561
453.7556,454.3504,-0.5947856
453.7556,454.3505,-0.5949171
453.7556,454.3507,-0.5951136
453.7556,454.3508,-0.5951685
453.7556,454.3511,-0.5954553
453.7556,454.3522,-0.5966097
453.7556,454.3524,-0.5968016
453.7556,454.3524,-0.5968055
453.7556,454.3524,-0.5968397
453.7556,454.3532,-0.5975816
453.7556,454.3536,-0.5979824
453.7556,454.3536,-0.5980175
453.7556,454.3538,-0.5981884
453.7556,454.3544,-0.598797
453.7556,454.3545,-0.5988774
453.7556,454.3546,-0.5990419
453.7556,454.3548,-0.5992483
453.7556,454.3549,-0.5992864
453.7556,454.355,-0.5993843
453.7556,454.3553,-0.5996842
453.7556,454.3554,-0.5997783
453.7556,454.3557,-0.6000584
453.7556,454.3557,-0.600068
453.7556,454.3557,-0.6001115
453.7556,454.3558,-0.6001743
453.7556,454.356,-0.6003602
453.7556,454.3561,-0.6004658
453.7556,454.3564,-0.6008198
453.7556,454.3564,-0.6008266
453.7556,454.3569,-0.6013268
453.7556,454.3572,-0.6016317
453.7556,454.3575,-0.6018854
453.7556,454.3575,-0.6019304
453.7556,454.3583,-0.602704
453.7556,454.3583,-0.602733
453.7556,454.3584,-0.6027535
453.7556,454.3585,-0.6029109
453.7556,454.3586,-0.6030346
453.7556,454.359,-0.603356
453.7556,454.3594,-0.6038208
453.7556,454.36,-0.6043841
453.7556,454.3601,-0.6044548
453.7556,454.363,-0.6074097
453.7556,454.3631,-0.6075055
453.7556,454.3635,-0.6079216
453.7556,454.3636,-0.6079733
453.7556,454.3646,-0.6090009
453.7556,454.3647,-0.6090968
453.7556,454.3658,-0.6101623
453.7556,454.3661,-0.6105138
453.7556,454.3683,-0.6126599
453.7556,454.3683,-0.6127068
453.7556,454.3684,-0.6127724
453.7556,454.3711,-0.6155211
453.7556,454.4176,-0.6620224
453.7556,454.4314,-0.6757732
453.7556,454.466,-0.7104364
453.7556,454.4667,-0.7111368
453.7556,454.467,-0.7113696
453.7556,454.4675,-0.7119136
453.7556,454.4675,-0.7119361
453.7556,454.4684,-0.7128179
453.7556,454.4685,-0.7129248
453.7556,454.4686,-0.7129831
453.7556,454.4687,-0.7131158
453.7556,454.4688,-0.7132004
453.7556,454.469,-0.7133527
453.7556,454.4692,-0.713602
453.7556,454.4692,-0.7136469
453.7556,454.4693,-0.7137382
453.7556,454.4694,-0.7137703
453.7556,454.4694,-0.7137886
453.7556,454.4694,-0.7137985
453.7556,454.4696,-0.7139701
453.7556,454.4696,-0.713978
453.7556,454.4699,-0.7142752
453.7556,454.4699,-0.7142887
453.7556,454.4699,-0.7142984
453.7556,454.4699,-0.7143298
453.7556,454.47,-0.7143923
453.7556,454.47,-0.7144174
453.7556,454.4701,-0.7144973
453.7556,454.4701,-0.7145031
453.7556,454.4702,-0.7145859
453.7556,454.4702,-0.7146258
453.7556,454.4704,-0.7147777
453.7556,454.4704,-0.7148241
453.7556,454.4705,-0.714921
453.7556,454.4706,-0.7149818
453.7556,454.4707,-0.7151372
453.7556,454.4707,-0.715142
453.7556,454.4708,-0.7151852
453.7556,454.4708,-0.7152413
453.7556,454.4709,-0.7152816
453.7556,454.4709,-0.7152882
453.7556,454.4709,-0.7153148
453.7556,454.4709,-0.7153486
453.7556,454.4709,-0.7153495
453.7556,454.471,-0.7153793
453.7556,454.471,-0.7153986
453.7556,454.471,-0.7154136
453.7556,454.4711,-0.7154766
453.7556,454.4711,-0.7154995
453.7556,454.4711,-0.7155047
453.7556,454.4711,-0.715525
453.7556,454.4712,-0.7155993
453.7556,454.4712,-0.715601
453.7556,454.4713,-0.7156512
453.7556,454.4713,-0.7156617
453.7556,454.4713,-0.7156722
453.7556,454.4713,-0.7156915
453.7556,454.4713,-0.7157045
453.7556,454.4713,-0.7157497
453.7556,454.4714,-0.7157586
453.7556,454.4714,-0.7157754
453.7556,454.4714,-0.7157963
453.7556,454.4714,-0.7158358
453.7556,454.4715,-0.7158735
453.7556,454.4715,-0.715889
453.7556,454.4715,-0.7159047
453.7556,454.4715,-0.715908
453.7556,454.4716,-0.7160006
453.7556,454.4716,-0.7160089
453.7556,454.4716,-0.7160401
453.7556,454.4717,-0.7160534
453.7556,454.4717,-0.7160795
453.7556,454.4717,-0.7160802
453.7556,454.4717,-0.7160861
453.7556,454.4717,-0.7160939
453.7556,454.4717,-0.7161154
453.7556,454.4717,-0.7161196
453.7556,454.4717,-0.7161324
453.7556,454.4717,-0.7161486
453.7556,454.4718,-0.7161573
453.7556,454.4718,-0.7161661
453.7556,454.4718,-0.7161977
453.7556,454.4718,-0.716206
453.7556,454.4718,-0.7162162
453.7556,454.4718,-0.7162263
453.7556,454.4719,-0.7162543
453.7556,454.4719,-0.7162556
453.7556,454.4719,-0.7162685
453.7556,454.4719,-0.7162748
453.7556,454.4719,-0.7162777
453.7556,454.4719,-0.7162793
453.7556,454.4719,-0.7162892
453.7556,454.4719,-0.716314
453.7556,454.4719,-0.7163194
453.7556,454.4719,-0.7163214
453.7556,454.472,-0.7163591
453.7556,454.472,-0.7163593
453.7556,454.472,-0.7163845
453.7556,454.472,-0.7164194
453.7556,454.472,-0.7164334
453.7556,454.472,-0.7164402
453.7556,454.472,-0.716445
453.7556,454.4721,-0.7164676
453.7556,454.4721,-0.7164905
453.7556,454.4721,-0.7165361
453.7556,454.4722,-0.7165635
453.7556,454.4722,-0.7165641
453.7556,454.4722,-0.7165912
453.7556,454.4722,-0.7165962
453.7556,454.4722,-0.7166056
453.7556,454.4722,-0.7166084
453.7556,454.4722,-0.7166159
453.7556,454.4722,-0.7166277
453.7556,454.4722,-0.716634
453.7556,454.4722,-0.7166385
453.7556,454.4723,-0.7166614
453.7556,454.4723,-0.7166665
453.7556,454.4723,-0.7166702
453.7556,454.4723,-0.7166875
453.7556,454.4723,-0.7166982
453.7556,454.4723,-0.7167272
453.7556,454.4723,-0.716749
453.7556,454.4724,-0.7167607
453.7556,454.4724,-0.7167816
453.7556,454.4724,-0.7167966
453.7556,454.4724,-0.7167997
453.7556,454.4724,-0.7168019
453.7556,454.4724,-0.7168269
453.7556,454.4725,-0.716885
453.7556,454.4725,-0.7169001
453.7556,454.4726,-0.7169869
453.7556,454.4726,-0.7169963
453.7556,454.4727,-0.7171114
453.7556,454.4727,-0.7171136
453.7556,454.4727,-0.7171325
453.7556,454.4727,-0.7171343
453.7556,454.4728,-0.717182
453.7556,454.4728,-0.7171925
453.7556,454.4728,-0.7172034
453.7556,454.4728,-0.7172209
453.7556,454.4728,-0.7172352
453.7556,454.4729,-0.7172505
453.7556,454.4729,-0.7172636
453.7556,454.4729,-0.7172688
453.7556,454.4729,-0.7172794
453.7556,454.4729,-0.7172796
453.7556,454.4729,-0.7173089
453.7556,454.473,-0.7173985
453.7556,454.473,-0.7174136
453.7556,454.4731,-0.7174581
453.7556,454.4731,-0.7174855
453.7556,454.4731,-0.7175042
453.7556,454.4731,-0.7175346
453.7556,454.4731,-0.7175432
453.7556,454.4732,-0.7175543
453.7556,454.4732,-0.7175834
453.7556,454.4732,-0.7175914
453.7556,454.4732,-0.7176494
453.7556,454.4733,-0.7176708
453.7556,454.4733,-0.7177079
453.7556,454.4734,-0.7177632
453.7556,454.4734,-0.7177729
453.7556,454.4734,-0.7177914
453.7556,454.4734,-0.717818
453.7556,454.4734,-0.7178392
453.7556,454.4735,-0.717856
453.7556,454.4735,-0.717858
453.7556,454.4735,-0.7178585
453.7556,454.4735,-0.7179352
453.7556,454.4736,-0.7179544
453.7556,454.4736,-0.7179631
453.7556,454.4736,-0.7180092
453.7556,454.4736,-0.7180206
453.7556,454.4737,-0.7180821
453.7556,454.4737,-0.718084
453.7556,454.4737,-0.7180862
453.7556,454.4737,-0.7181056
453.7556,454.4737,-0.7181097
453.7556,454.4738,-0.7181828
453.7556,454.4738,-0.7182271
453.7556,454.4739,-0.7182627
453.7556,454.4739,-0.718271
453.7556,454.4739,-0.7183285
453.7556,454.4739,-0.7183331
453.7556,454.4739,-0.7183479
453.7556,454.474,-0.7183755
453.7556,454.474,-0.7184425
453.7556,454.4741,-0.7184559
453.7556,454.4741,-0.7184604
453.7556,454.4741,-0.718489
453.7556,454.4741,-0.7185244
453.7556,454.4741,-0.7185281
453.7556,454.4742,-0.7185535
453.7556,454.4742,-0.7185676
453.7556,454.4742,-0.7186276
453.7556,454.4743,-0.7186538
453.7556,454.4743,-0.7186821
453.7556,454.4743,-0.7186977
453.7556,454.4743,-0.7187153
453.7556,454.4744,-0.7187997
453.7556,454.4744,-0.7188204
453.7556,454.4744,-0.7188267
453.7556,454.4745,-0.7188721
453.7556,454.4746,-0.7190006
453.7556,454.4747,-0.7191331
453.7556,454.4747,-0.7191354
453.7556,454.4748,-0.7192462
453.7556,454.4749,-0.7193338
453.7556,454.4749,-0.7193373
453.7556,454.475,-0.7193904
453.7556,454.475,-0.7194298
453.7556,454.475,-0.719439
453.7556,454.4751,-0.7194566
453.7556,454.4751,-0.7195161
453.7556,454.4751,-0.7195353
453.7556,454.4752,-0.7195771
453.7556,454.4753,-0.7196553
453.7556,454.4753,-0.7196767
453.7556,454.4753,-0.7197245
453.7556,454.4756,-0.7200212
453.7556,454.4757,-0.7200968
453.7556,454.4758,-0.7201912
453.7556,454.476,-0.7203845
453.7556,454.476,-0.7204239
453.7556,454.4768,-0.721166
453.7556,454.4768,-0.7212422
453.7556,454.4773,-0.7216922
453.7556,454.4776,-0.7219911
453.7556,454.4882,-0.7326081
453.7556,454.4896,-0.7339626
453.7556,454.4897,-0.7340602
453.7556,454.4902,-0.7345618
453.7556,454.4902,-0.7346148
453.7556,454.4904,-0.7347971
453.7556,454.4906,-0.7350241
453.7556,454.4914,-0.7358153
453.7556,454.4926,-0.7369689
453.7556,454.4926,-0.7369824
453.7556,454.4927,-0.7370918
453.7556,454.4928,-0.7371747
453.7556,454.493,-0.7374366
453.7556,454.4931,-0.7375044
453.7556,454.4933,-0.7377233
453.7556,454.4938,-0.7381702
453.7556,454.4939,-0.7382954
453.7556,454.4945,-0.7389084
453.7556,454.4951,-0.7394712
453.7556,454.4951,-0.7395267
453.7556,454.4957,-0.7401114
453.7556,454.4965,-0.7409147
453.7556,454.4977,-0.7420963
453.7556,454.5213,-0.7657031
453.7556,454.5249,-0.7693149
453.7556,454.5253,-0.7697447
453.7556,454.5269,-0.7713319
453.7556,454.5303,-0.7747283
453.7556,454.5309,-0.775271
453.7556,454.5312,-0.7756262
453.7556,454.5312,-0.7756344
453.7556,454.5316,-0.7760204
453.7556,454.5327,-0.7770773
453.7556,454.5328,-0.7771809
453.7556,454.5331,-0.7774513
453.7556,454.5336,-0.7779639
453.7556,454.5351,-0.7794756
453.7556,454.5361,-0.7804682
453.7556,454.5361,-0.7804767
453.7556,454.5363,-0.7806657
453.7556,454.5364,-0.7808444
453.7556,454.5366,-0.7809948
453.7556,454.5369,-0.7813115
453.7556,454.5371,-0.7815115
453.7556,454.5371,-0.7815453
453.7556,454.5373,-0.7817027
453.7556,454.5377,-0.7820572
453.7556,454.5379,-0.782334
453.7556,454.5379,-0.7823397
453.7556,454.5381,-0.7825443
453.7556,454.5383,-0.7826707
453.7556,454.5383,-0.7826719
453.7556,454.5384,-0.7827626
453.7556,454.5384,-0.7827753
453.7556,454.5392,-0.7836409
453.7556,454.5393,-0.783665
453.7556,454.5393,-0.7837173
453.7556,454.54,-0.7844035
453.7556,454.5402,-0.7846141
453.7556,454.5403,-0.7847273
453.7556,454.5404,-0.7847584
453.7556,454.5407,-0.7851096
453.7556,454.5414,-0.7857691
453.7556,454.5414,-0.7857701
453.7556,454.5415,-0.785899
453.7556,454.5416,-0.7859722
453.7556,454.5417,-0.7861462
453.7556,454.5421,-0.7864878
453.7556,454.5422,-0.7865638
453.7556,454.5423,-0.7867044
453.7556,454.5423,-0.78672
453.7556,454.5426,-0.7869792
453.7556,454.543,-0.7873835
453.7556,454.543,-0.7873972
453.7556,454.543,-0.7874056
453.7556,454.543,-0.7874059
453.7556,454.5431,-0.7874702
453.7556,454.5431,-0.7875157
453.7556,454.5432,-0.7875955
453.7556,454.5432,-0.7875973
453.7556,454.5432,-0.7876292
453.7556,454.5433,-0.7876755
453.7556,454.5434,-0.7877791
453.7556,454.5437,-0.7880648
453.7556,454.5438,-0.7882461
453.7556,454.544,-0.7884499
453.7556,454.5441,-0.7884987
453.7556,454.5442,-0.7885678
453.7556,454.5446,-0.7889582
453.7556,454.5446,-0.7890166
453.7556,454.5446,-0.7890213
453.7556,454.5447,-0.7890786
453.7556,454.5447,-0.7891301
453.7556,454.5448,-0.7891503
453.7556,454.5449,-0.7893043
453.7556,454.5449,-0.7893216
453.7556,454.5449,-0.7893253
453.7556,454.545,-0.7893647
453.7556,454.545,-0.789398
453.7556,454.5451,-0.7894823
453.7556,454.5451,-0.7894868
453.7556,454.5451,-0.7894959
453.7556,454.5452,-0.7895747
453.7556,454.5452,-0.7896246
453.7556,454.5453,-0.7896606
453.7556,454.5453,-0.7897462
453.7556,454.5454,-0.7897704
453.7556,454.5454,-0.7897736
453.7556,454.5454,-0.7898122
453.7556,454.5454,-0.7898182
453.7556,454.5455,-0.7898663
453.7556,454.5455,-0.7898856
453.7556,454.5456,-0.7899885
453.7556,454.5456,-0.7900406
453.7556,454.5457,-0.7900537
453.7556,454.5457,-0.790068
453.7556,454.5457,-0.7900778
453.7556,454.5458,-0.7901876
453.7556,454.5458,-0.7901999
453.7556,454.5458,-0.7902036
453.7556,454.5458,-0.7902393
453.7556,454.5458,-0.7902486
453.7556,454.5459,-0.7902881
453.7556,454.5459,-0.79029
453.7556,454.5459,-0.7903093
453.7556,454.5459,-0.7903449
453.7556,454.546,-0.7903743
453.7556,454.546,-0.7903913
453.7556,454.546,-0.7903913
453.7556,454.5461,-0.790459
453.7556,454.5461,-0.7904854
453.7556,454.5461,-0.7905016
453.7556,454.5462,-0.7905713
453.7556,454.5462,-0.7906303
453.7556,454.5463,-0.7907
453.7556,454.5463,-0.7907019
453.7556,454.5465,-0.790883
453.7556,454.5465,-0.7908962
453.7556,454.5465,-0.7908966
453.7556,454.5466,-0.7910061
453.7556,454.5467,-0.7911001
453.7556,454.5467,-0.7911239
453.7556,454.5469,-0.7912539
453.7556,454.5469,-0.7912618
453.7556,454.5469,-0.7912749
453.7556,454.547,-0.7913997
453.7556,454.547,-0.7914386
453.7556,454.547,-0.7914388
453.7556,454.547,-0.7914469
453.7556,454.5471,-0.7914853
453.7556,454.5471,-0.791496
453.7556,454.5471,-0.7915079
453.7556,454.5471,-0.7915332
453.7556,454.5473,-0.7917225
453.7556,454.5473,-0.7917227
453.7556,454.5474,-0.791789
453.7556,454.5474,-0.7917937
453.7556,454.5474,-0.7918166
453.7556,454.5475,-0.7918665
453.7556,454.5475,-0.7918925
453.7556,454.5475,-0.791896
453.7556,454.5476,-0.7920057
453.7556,454.5476,-0.7920104
453.7556,454.5476,-0.7920184
453.7556,454.5476,-0.7920203
453.7556,454.5476,-0.7920494
453.7556,454.5478,-0.7921546
453.7556,454.5478,-0.7921549
453.7556,454.5479,-0.7922739
453.7556,454.5479,-0.7922762
453.7556,454.548,-0.7924132
453.7556,454.548,-0.7924288
453.7556,454.5482,-0.7925641
453.7556,454.5482,-0.7926063
453.7556,454.5482,-0.7926242
453.7556,454.5483,-0.7926731
453.7556,454.5487,-0.7930763
453.7556,454.5487,-0.7931024
453.7556,454.5491,-0.7935385
453.7556,454.5493,-0.7936753
453.7556,454.5493,-0.7936899
453.7556,454.5494,-0.7938208
453.7556,454.5495,-0.7938758
453.7556,454.5495,-0.7938881
453.7556,454.5496,-0.7939769
453.7556,454.5496,-0.7940481
453.7556,454.5497,-0.7940585
453.7556,454.5497,-0.7941313
453.7556,454.5498,-0.7942198
453.7556,454.55,-0.7943638
453.7556,454.5501,-0.7944997
453.7556,454.5501,-0.7945247
453.7556,454.5503,-0.7946597
453.7556,454.5503,-0.7946631
453.7556,454.5504,-0.7947674
453.7556,454.5504,-0.7948213
453.7556,454.5504,-0.7948436
453.7556,454.5505,-0.7949068
453.7556,454.5506,-0.7950286
453.7556,454.5507,-0.7950734
453.7556,454.5507,-0.7950743
453.7556,454.5507,-0.7951221
453.7556,454.5507,-0.7951305
453.7556,454.5507,-0.7951315
453.7556,454.5508,-0.7951621
453.7556,454.5508,-0.795165
453.7556,454.5508,-0.7951955
453.7556,454.5508,-0.7952324
453.7556,454.5508,-0.7952429
453.7556,454.5509,-0.7952973
453.7556,454.5509,-0.7953043
453.7556,454.5509,-0.7953047
453.7556,454.5509,-0.7953134
453.7556,454.551,-0.7953589
453.7556,454.551,-0.7953767
453.7556,454.551,-0.7954326
453.7556,454.551,-0.7954341
453.7556,454.5511,-0.795504
453.7556,454.5511,-0.7955042
453.7556,454.5511,-0.7955255
453.7556,454.5511,-0.7955295
453.7556,454.5511,-0.7955357
453.7556,454.5511,-0.7955453
453.7556,454.5511,-0.7955483
453.7556,454.5512,-0.7956142
453.7556,454.5512,-0.7956496
453.7556,454.5513,-0.7956745
453.7556,454.5513,-0.7956825
453.7556,454.5513,-0.7956909
453.7556,454.5513,-0.7957108
453.7556,454.5513,-0.7957353
453.7556,454.5513,-0.7957421
453.7556,454.5514,-0.7957505
453.7556,454.5514,-0.7957511
453.7556,454.5514,-0.7957605
453.7556,454.5514,-0.7957647
453.7556,454.5514,-0.7957765
453.7556,454.5514,-0.7957784
453.7556,454.5514,-0.7957793
453.7556,454.5514,-0.795804
453.7556,454.5514,-0.7958046
453.7556,454.5514,-0.7958127
453.7556,454.5514,-0.7958291
453.7556,454.5514,-0.7958296
453.7556,454.5514,-0.7958303
453.7556,454.5514,-0.7958317
453.7556,454.5514,-0.7958321
453.7556,454.5515,-0.795864
453.7556,454.5515,-0.7958778
453.7556,454.5515,-0.7958795
453.7556,454.5515,-0.7959051
453.7556,454.5515,-0.7959082
453.7556,454.5515,-0.7959134
453.7556,454.5515,-0.7959195
453.7556,454.5515,-0.7959199
453.7556,454.5515,-0.7959323
453.7556,454.5515,-0.7959428
453.7556,454.5516,-0.7959609
453.7556,454.5516,-0.795964
453.7556,454.5516,-0.795971
453.7556,454.5516,-0.7959728
453.7556,454.5516,-0.7959878
453.7556,454.5516,-0.7960141
453.7556,454.5516,-0.7960232
453.7556,454.5517,-0.7960534
453.7556,454.5517,-0.7960718
453.7556,454.5517,-0.796092
453.7556,454.5517,-0.7961038
453.7556,454.5517,-0.7961468
453.7556,454.5518,-0.7961647
453.7556,454.5518,-0.7961833
453.7556,454.5518,-0.7961843
453.7556,454.5518,-0.7961989
453.7556,454.5518,-0.7961993
453.7556,454.5518,-0.796203
453.7556,454.5518,-0.7962107
453.7556,454.5518,-0.796217
453.7556,454.5518,-0.7962217
453.7556,454.5518,-0.7962275
453.7556,454.5518,-0.7962344
453.7556,454.5518,-0.7962345
453.7556,454.5519,-0.7962537
453.7556,454.5519,-0.7962696
453.7556,454.5519,-0.7962716
453.7556,454.5519,-0.7962819
453.7556,454.5519,-0.7962864
453.7556,454.5519,-0.7962864
453.7556,454.5519,-0.7962883
453.7556,454.5519,-0.7962999
453.7556,454.5519,-0.7963038
453.7556,454.5519,-0.7963077
453.7556,454.5519,-0.7963203
453.7556,454.5519,-0.7963256
453.7556,454.5519,-0.7963282
453.7556,454.5519,-0.7963425
453.7556,454.5519,-0.7963496
453.7556,454.552,-0.796365
453.7556,454.552,-0.7963651
453.7556,454.552,-0.7963711
453.7556,454.552,-0.7963724
453.7556,454.552,-0.7963908
453.7556,454.552,-0.7963933
453.7556,454.552,-0.7964022
453.7556,454.552,-0.7964025
453.7556,454.552,-0.7964267
453.7556,454.552,-0.7964302
453.7556,454.552,-0.7964344
453.7556,454.552,-0.796435
453.7556,454.552,-0.7964371
453.7556,454.552,-0.7964387
453.7556,454.5521,-0.7964515
453.7556,454.5521,-0.796452
453.7556,454.5521,-0.7964558
453.7556,454.5521,-0.7964614
453.7556,454.5521,-0.7964682
453.7556,454.5521,-0.7964688
453.7556,454.5521,-0.7964762
453.7556,454.5521,-0.7964775
453.7556,454.5521,-0.7964865
453.7556,454.5521,-0.7964941
453.7556,454.5521,-0.7964947
453.7556,454.5521,-0.7964993
453.7556,454.5521,-0.7965024
453.7556,454.5521,-0.7965067
453.7556,454.5521,-0.7965077
453.7556,454.5521,-0.7965181
453.7556,454.5521,-0.7965188
453.7556,454.5521,-0.7965281
453.7556,454.5521,-0.7965306
453.7556,454.5521,-0.796537
453.7556,454.5521,-0.796542
453.7556,454.5522,-0.7965509
453.7556,454.5522,-0.796556
453.7556,454.5522,-0.7965562
453.7556,454.5522,-0.796559
453.7556,454.5522,-0.796561
453.7556,454.5522,-0.7965627
453.7556,454.5522,-0.7965652
453.7556,454.5522,-0.7965696
453.7556,454.5522,-0.7965789
453.7556,454.5522,-0.7965829
453.7556,454.5522,-0.7965966
453.7556,454.5522,-0.7966038
453.7556,454.5522,-0.7966039
453.7556,454.5522,-0.7966073
453.7556,454.5522,-0.7966171
453.7556,454.5522,-0.7966178
453.7556,454.5522,-0.7966266
453.7556,454.5522,-0.7966312
453.7556,454.5522,-0.796637
453.7556,454.5522,-0.7966374
453.7556,454.5522,-0.7966392
453.7556,454.5522,-0.7966499
453.7556,454.5523,-0.7966556
453.7556,454.5523,-0.7966609
453.7556,454.5523,-0.7966612
453.7556,454.5523,-0.7966675
453.7556,454.5523,-0.796675
453.7556,454.5523,-0.7966756
453.7556,454.5523,-0.7966757
453.7556,454.5523,-0.7966761
453.7556,454.5523,-0.7966778
453.7556,454.5523,-0.7966941
453.7556,454.5523,-0.7967024
453.7556,454.5523,-0.7967138
453.7556,454.5523,-0.7967268
453.7556,454.5523,-0.7967294
453.7556,454.5523,-0.7967409
453.7556,454.5523,-0.7967437
453.7556,454.5524,-0.796751
453.7556,454.5524,-0.7967628
453.7556,454.5524,-0.7967644
453.7556,454.5524,-0.7967695
453.7556,454.5524,-0.7967707
453.7556,454.5524,-0.7967819
453.7556,454.5524,-0.7967891
453.7556,454.5524,-0.7967969
453.7556,454.5524,-0.7967983
453.7556,454.5524,-0.7968014
453.7556,454.5524,-0.796803
453.7556,454.5524,-0.7968051
453.7556,454.5524,-0.7968067
453.7556,454.5524,-0.7968078
453.7556,454.5524,-0.7968161
453.7556,454.5524,-0.7968244
453.7556,454.5524,-0.7968363
453.7556,454.5524,-0.7968403
453.7556,454.5524,-0.7968465
453.7556,454.5525,-0.7968547
453.7556,454.5525,-0.796855
453.7556,454.5525,-0.7968607
453.7556,454.5525,-0.7968661
453.7556,454.5525,-0.7968662
453.7556,454.5525,-0.7968696
453.7556,454.5525,-0.7968699
453.7556,454.5525,-0.7968785
453.7556,454.5525,-0.7968915
453.7556,454.5525,-0.7968955
453.7556,454.5525,-0.7968979
453.7556,454.5525,-0.7968982
453.7556,454.5525,-0.7969008
453.7556,454.5525,-0.7969114
453.7556,454.5525,-0.7969152
453.7556,454.5525,-0.7969154
453.7556,454.5525,-0.7969181
453.7556,454.5525,-0.796923
453.7556,454.5525,-0.7969249
453.7556,454.5525,-0.7969256
453.7556,454.5525,-0.7969268
453.7556,454.5525,-0.7969404
453.7556,454.5525,-0.7969494
453.7556,454.5526,-0.7969573
453.7556,454.5526,-0.7969607
453.7556,454.5526,-0.7969658
453.7556,454.5526,-0.7969696
453.7556,454.5526,-0.796972
453.7556,454.5526,-0.7969726
453.7556,454.5526,-0.7969735
453.7556,454.5526,-0.796974
453.7556,454.5526,-0.7969821
453.7556,454.5526,-0.7969831
453.7556,454.5526,-0.7969836
453.7556,454.5526,-0.796986
453.7556,454.5526,-0.7969916
453.7556,454.5526,-0.7969918
453.7556,454.5526,-0.7969955
453.7556,454.5526,-0.7969996
453.7556,454.5526,-0.7970033
453.7556,454.5526,-0.7970057
453.7556,454.5526,-0.7970105
453.7556,454.5526,-0.7970112
453.7556,454.5526,-0.7970157
453.7556,454.5526,-0.7970163
453.7556,454.5526,-0.7970168
453.7556,454.5526,-0.7970171
453.7556,454.5526,-0.7970176
453.7556,454.5526,-0.7970217
453.7556,454.5526,-0.7970221
453.7556,454.5526,-0.7970261
453.7556,454.5526,-0.7970286
453.7556,454.5526,-0.797029
453.7556,454.5526,-0.79703
453.7556,454.5526,-0.7970356
453.7556,454.5527,-0.7970515
453.7556,454.5527,-0.7970633
453.7556,454.5527,-0.7970651
453.7556,454.5527,-0.7970682
453.7556,454.5527,-0.7970686
453.7556,454.5527,-0.7970729
453.7556,454.5527,-0.7970831
453.7556,454.5527,-0.7970866
453.7556,454.5527,-0.7970978
453.7556,454.5527,-0.7971192
453.7556,454.5527,-0.7971217
453.7556,454.5527,-0.7971313
453.7556,454.5527,-0.7971316
453.7556,454.5527,-0.7971319
453.7556,454.5527,-0.7971391
453.7556,454.5527,-0.797144
453.7556,454.5528,-0.7971567
453.7556,454.5528,-0.7971583
453.7556,454.5528,-0.7971627
453.7556,454.5528,-0.7971702
453.7556,454.5528,-0.7971717
453.7556,454.5528,-0.7971737
453.7556,454.5528,-0.7971768
453.7556,454.5528,-0.7971785
453.7556,454.5528,-0.797184
453.7556,454.5528,-0.7971846
453.7556,454.5528,-0.7971861
453.7556,454.5528,-0.7971905
453.7556,454.5528,-0.7972006
453.7556,454.5528,-0.7972031
453.7556,454.5528,-0.7972117
453.7556,454.5528,-0.7972131
453.7556,454.5528,-0.7972166
453.7556,454.5528,-0.797217
453.7556,454.5528,-0.7972199
453.7556,454.5528,-0.7972263
453.7556,454.5528,-0.7972298
453.7556,454.5528,-0.7972432
453.7556,454.5529,-0.7972549
453.7556,454.5529,-0.7972559
453.7556,454.5529,-0.7972631
453.7556,454.5529,-0.7972634
453.7556,454.5529,-0.7972675
453.7556,454.5529,-0.7972712
453.7556,454.5529,-0.7972735
453.7556,454.5529,-0.7972797
453.7556,454.5529,-0.7972829
453.7556,454.5529,-0.7972871
453.7556,454.5529,-0.797289
453.7556,454.5529,-0.79729
453.7556,454.5529,-0.7972942
453.7556,454.5529,-0.7972985
453.7556,454.5529,-0.7973027
453.7556,454.5529,-0.7973039
453.7556,454.5529,-0.7973143
453.7556,454.5529,-0.7973236
453.7556,454.5529,-0.7973251
453.7556,454.5529,-0.7973253
453.7556,454.5529,-0.7973324
453.7556,454.5529,-0.797342
453.7556,454.5529,-0.7973442
453.7556,454.5529,-0.7973452
453.7556,454.5529,-0.7973461
453.7556,454.553,-0.797352
453.7556,454.553,-0.7973595
453.7556,454.553,-0.7973617
453.7556,454.553,-0.7973637
453.7556,454.553,-0.7973665
453.7556,454.553,-0.7973711
453.7556,454.553,-0.7973732
453.7556,454.553,-0.7973736
453.7556,454.553,-0.7973766
453.7556,454.553,-0.7973776
453.7556,454.553,-0.7973925
453.7556,454.553,-0.7973955
453.7556,454.553,-0.7974079
453.7556,454.553,-0.7974104
453.7556,454.553,-0.7974114
453.7556,454.553,-0.7974145
453.7556,454.553,-0.7974163
453.7556,454.553,-0.7974186
453.7556,454.553,-0.7974239
453.7556,454.553,-0.7974306
453.7556,454.553,-0.7974308
453.7556,454.553,-0.797432
453.7556,454.553,-0.7974417
453.7556,454.553,-0.7974459
453.7556,454.553,-0.7974483
453.7556,454.553,-0.7974483
453.7556,454.5531,-0.7974523
453.7556,454.5531,-0.797459
453.7556,454.5531,-0.7974851
453.7556,454.5531,-0.7974859
453.7556,454.5531,-0.7974904
453.7556,454.5531,-0.7974919
453.7556,454.5531,-0.7974952
453.7556,454.5531,-0.7975129
453.7556,454.5531,-0.797517
453.7556,454.5531,-0.7975188
453.7556,454.5531,-0.7975329
453.7556,454.5531,-0.7975404
453.7556,454.5531,-0.7975413
453.7556,454.5532,-0.7975538
453.7556,454.5532,-0.7975538
453.7556,454.5532,-0.7975546
453.7556,454.5532,-0.7975574
453.7556,454.5532,-0.7975613
453.7556,454.5532,-0.7975622
453.7556,454.5532,-0.7975688
453.7556,454.5532,-0.7975709
453.7556,454.5532,-0.7975717
453.7556,454.5532,-0.7975761
453.7556,454.5532,-0.797578
453.7556,454.5532,-0.7975881
453.7556,454.5532,-0.7975963
453.7556,454.5532,-0.7976025
453.7556,454.5532,-0.7976029
453.7556,454.5532,-0.7976046
453.7556,454.5532,-0.7976075
453.7556,454.5532,-0.7976241
453.7556,454.5532,-0.7976287
453.7556,454.5532,-0.7976355
453.7556,454.5532,-0.7976358
453.7556,454.5532,-0.7976376
453.7556,454.5532,-0.7976416
453.7556,454.5532,-0.7976421
453.7556,454.5532,-0.797646
453.7556,454.5532,-0.7976488
453.7556,454.5532,-0.79765
453.7556,454.5533,-0.7976516
453.7556,454.5533,-0.7976749
453.7556,454.5533,-0.7976848
453.7556,454.5533,-0.7976892
453.7556,454.5533,-0.7976952
453.7556,454.5533,-0.7976996
453.7556,454.5533,-0.7976996
453.7556,454.5533,-0.7977037
453.7556,454.5533,-0.7977084
453.7556,454.5533,-0.7977141
453.7556,454.5533,-0.7977238
453.7556,454.5533,-0.7977363
453.7556,454.5533,-0.7977403
453.7556,454.5533,-0.7977447
453.7556,454.5533,-0.7977464
453.7556,454.5534,-0.7977614
453.7556,454.5534,-0.7977621
453.7556,454.5534,-0.7977693
453.7556,454.5534,-0.7977945
453.7556,454.5534,-0.797795
453.7556,454.5534,-0.7977965
453.7556,454.5534,-0.7977996
453.7556,454.5534,-0.7978273
453.7556,454.5534,-0.7978282
453.7556,454.5534,-0.7978469
453.7556,454.5535,-0.7978633
453.7556,454.5535,-0.7978689
453.7556,454.5535,-0.7978732
453.7556,454.5535,-0.7978752
453.7556,454.5535,-0.7978802
453.7556,454.5535,-0.7978816
453.7556,454.5535,-0.7978863
453.7556,454.5535,-0.7978879
453.7556,454.5535,-0.7978909
453.7556,454.5535,-0.7978918
453.7556,454.5535,-0.7979119
453.7556,454.5535,-0.7979302
453.7556,454.5535,-0.7979321
453.7556,454.5535,-0.7979372
453.7556,454.5535,-0.7979436
453.7556,454.5535,-0.797949
453.7556,454.5536,-0.7979566
453.7556,454.5536,-0.7979814
453.7556,454.5536,-0.7980475
453.7556,454.5536,-0.7980491
453.7556,454.5537,-0.7980708
453.7556,454.5537,-0.798071
453.7556,454.5537,-0.7981058
453.7556,454.5537,-0.7981125
453.7556,454.5537,-0.7981129
453.7556,454.5537,-0.7981194
453.7556,454.5537,-0.7981221
453.7556,454.5537,-0.7981283
453.7556,454.5537,-0.7981312
453.7556,454.5537,-0.7981369
453.7556,454.5537,-0.7981398
453.7556,454.5537,-0.7981473
453.7556,454.5538,-0.7981592
453.7556,454.5538,-0.7982026
453.7556,454.5539,-0.798256
453.7556,454.5539,-0.7982714
453.7556,454.5539,-0.7982786
453.7556,454.5539,-0.7982881
453.7556,454.5539,-0.7983155
453.7556,454.5539,-0.7983216
453.7556,454.5539,-0.7983303
453.7556,454.554,-0.798353
453.7556,454.554,-0.7983611
453.7556,454.5541,-0.7984555
453.7556,454.5541,-0.798467
453.7556,454.5541,-0.7984687
453.7556,454.5541,-0.7984946
453.7556,454.5541,-0.7985103
453.7556,454.5541,-0.7985108
453.7556,454.5541,-0.7985147
453.7556,454.5541,-0.7985173
453.7556,454.5542,-0.7985733
453.7556,454.5542,-0.7985855
453.7556,454.5542,-0.7985979
453.7556,454.5542,-0.7986196
453.7556,454.5543,-0.7986552
453.7556,454.5543,-0.7987455
453.7556,454.5543,-0.798749
453.7556,454.5544,-0.7987656
453.7556,454.5544,-0.7987678
453.7556,454.5544,-0.7987901
453.7556,454.5544,-0.7988277
453.7556,454.5545,-0.7988694
453.7556,454.5545,-0.7989416
453.7556,454.5546,-0.7990215
453.7556,454.5546,-0.7990444
453.7556,454.5546,-0.7990496
453.7556,454.5547,-0.7990924
453.7556,454.5548,-0.7992354
453.7556,454.5549,-0.7993104
453.7556,454.555,-0.7993595
453.7556,454.5552,-0.7995689
453.7556,454.5552,-0.7996167
453.7556,454.5552,-0.799619
453.7556,454.5552,-0.7996438
453.7556,454.5554,-0.7998361
453.7556,454.5554,-0.7998468
453.7556,454.5561,-0.8004623
453.7556,454.5564,-0.800799
453.7556,454.5565,-0.800943
453.7556,454.5566,-0.8009833
453.7556,454.5567,-0.8010694
453.7556,454.5571,-0.8015161
453.7556,454.5573,-0.801736
453.7556,454.5575,-0.8018948
453.7556,454.5575,-0.8019404
453.7556,454.5577,-0.8020854
453.7556,454.5578,-0.8021678
453.7556,454.5581,-0.8025376
453.7556,454.5582,-0.8026238
453.7556,454.5588,-0.8031715
453.7556,454.5594,-0.803778
453.7556,454.5609,-0.8053239
453.7556,454.5771,-0.8214994
453.7556,454.5784,-0.8227687
453.7556,454.5806,-0.8249741
453.7556,454.5806,-0.824979
453.7556,454.5807,-0.8251118
453.7556,454.5852,-0.8296372
453.7556,454.6348,-0.8791598
453.7556,454.6349,-0.8793248
453.7556,454.6351,-0.8794636
453.7556,454.6372,-0.8816255
453.7556,454.6382,-0.8825898
453.7556,454.6385,-0.8829045
453.7556,454.6392,-0.883609
453.7556,454.6555,-0.8998973
,,
