506.5915,4216,
Mascot_mz,MassHunter_mz,Difference
506.5915,505.7352,0.8563351
506.5915,505.7356,0.8559338
506.5915,505.7367,0.8547694
506.5915,505.7371,0.8544315
506.5915,505.7377,0.8538323
506.5915,505.7378,0.8536588
506.5915,505.7379,0.8536453
506.5915,505.7382,0.8533486
506.5915,505.7383,0.8532132
506.5915,505.7383,0.8531931
506.5915,505.7383,0.8531599
506.5915,505.7385,0.8530344
506.5915,505.7386,0.8528754
506.5915,505.7387,0.8528006
506.5915,505.7388,0.8526856
506.5915,505.7388,0.8526774
506.5915,505.7389,0.8526144
506.5915,505.7389,0.8525955
506.5915,505.7391,0.8524439
506.5915,505.7391,0.8523615
506.5915,505.7392,0.8523117
506.5915,505.7395,0.8520214
506.5915,505.7395,0.8519859
506.5915,505.7395,0.8519608
506.5915,505.7396,0.8519357
506.5915,505.7396,0.8519323
506.5915,505.7396,0.8518975
506.5915,505.7397,0.8518035
506.5915,505.7399,0.8516077
506.5915,505.7399,0.8516071
506.5915,505.74,0.8515336
506.5915,505.74,0.851493
506.5915,505.7402,0.8513343
506.5915,505.7403,0.8512347
506.5915,505.7403,0.8512243
506.5915,505.7403,0.8512168
506.5915,505.7403,0.8512163
506.5915,505.7406,0.8508994
506.5915,505.7408,0.850651
506.5915,505.7409,0.8505584
506.5915,505.7411,0.8503848
506.5915,505.7411,0.8503798
506.5915,505.7414,0.8501362
506.5915,505.7414,0.8501119
506.5915,505.7415,0.8499695
506.5915,505.7421,0.8494491
506.5915,505.7421,0.8493942
506.5915,505.7422,0.8493383
506.5915,505.7447,0.8467602
506.5915,505.7467,0.844766
506.5915,505.7535,0.8379802
506.5915,505.7633,0.828239
506.5915,505.7634,0.8281318
506.5915,505.7636,0.8278717
506.5915,505.7638,0.827727
506.5915,505.764,0.8275187
506.5915,505.7646,0.8269162
506.5915,505.7647,0.8268171
506.5915,505.7651,0.8264395
506.5915,505.7651,0.8263623
506.5915,505.7652,0.8263242
506.5915,505.7652,0.8263118
506.5915,505.7652,0.8262794
506.5915,505.7654,0.8261496
506.5915,505.7654,0.8261016
506.5915,505.7655,0.8260423
506.5915,505.7656,0.8258747
506.5915,505.7657,0.8258296
506.5915,505.7658,0.8257446
506.5915,505.7658,0.8256931
506.5915,505.7659,0.8256345
506.5915,505.7659,0.8256326
506.5915,505.7659,0.8256231
506.5915,505.7659,0.8256142
506.5915,505.7659,0.8255512
506.5915,505.766,0.8255454
506.5915,505.766,0.8254993
506.5915,505.7661,0.8254424
506.5915,505.7661,0.8253746
506.5915,505.7661,0.825354
506.5915,505.7662,0.8253439
506.5915,505.7662,0.8252839
506.5915,505.7662,0.8252637
506.5915,505.7662,0.8252614
506.5915,505.7662,0.8252535
506.5915,505.7663,0.825248
506.5915,505.7663,0.8252091
506.5915,505.7664,0.825145
506.5915,505.7664,0.8251218
506.5915,505.7664,0.8250552
506.5915,505.7665,0.8250444
506.5915,505.7665,0.8249918
506.5915,505.7665,0.8249849
506.5915,505.7666,0.8248744
506.5915,505.7666,0.8248728
506.5915,505.7667,0.8248469
506.5915,505.7667,0.8248101
506.5915,505.7667,0.8248031
506.5915,505.7667,0.8247663
506.5915,505.7668,0.8246619
506.5915,505.7669,0.8245851
506.5915,505.767,0.8245265
506.5915,505.7671,0.8244475
506.5915,505.7671,0.8244405
506.5915,505.7671,0.8243954
506.5915,505.7671,0.82436
506.5915,505.7672,0.8243342
506.5915,505.7673,0.8242409
506.5915,505.7673,0.8241636
506.5915,505.7675,0.824024
506.5915,505.7675,0.8239789
506.5915,505.7675,0.8239744
506.5915,505.7676,0.823921
506.5915,505.7676,0.8239036
506.5915,505.7677,0.8237894
506.5915,505.7678,0.8237425
506.5915,505.7678,0.8236508
506.5915,505.7679,0.8236449
506.5915,505.7679,0.8236161
506.5915,505.768,0.8235332
506.5915,505.768,0.8235016
506.5915,505.768,0.8234881
506.5915,505.768,0.823461
506.5915,505.7681,0.8234398
506.5915,505.7682,0.8233459
506.5915,505.7682,0.8233061
506.5915,505.7682,0.8232514
506.5915,505.7683,0.8232414
506.5915,505.7683,0.8232191
506.5915,505.7684,0.823133
506.5915,505.7685,0.8230492
506.5915,505.7685,0.8229896
506.5915,505.7685,0.8229759
506.5915,505.7686,0.82286
506.5915,505.7687,0.8228243
506.5915,505.7687,0.8227736
506.5915,505.7689,0.8226236
506.5915,505.7689,0.8225926
506.5915,505.7689,0.8225608
506.5915,505.769,0.8225313
506.5915,505.7691,0.822414
506.5915,505.7694,0.8220639
506.5915,505.7697,0.821839
506.5915,505.7697,0.8218015
506.5915,505.7698,0.8216657
506.5915,505.7699,0.8215688
506.5915,505.77,0.8215357
506.5915,505.77,0.8215157
506.5915,505.77,0.8214964
506.5915,505.77,0.8214777
506.5915,505.7701,0.8213959
506.5915,505.7701,0.8213717
506.5915,505.7703,0.8212251
506.5915,505.7704,0.8210696
506.5915,505.7705,0.8210468
506.5915,505.7705,0.8210336
506.5915,505.7706,0.8209452
506.5915,505.7707,0.8208048
506.5915,505.7707,0.8207582
506.5915,505.7708,0.8207262
506.5915,505.7708,0.8207261
506.5915,505.7708,0.8206794
506.5915,505.7708,0.820666
506.5915,505.7709,0.8206206
506.5915,505.7709,0.820585
506.5915,505.771,0.8204546
506.5915,505.7711,0.8203673
506.5915,505.7712,0.8202891
506.5915,505.7712,0.8202835
506.5915,505.7713,0.8202313
506.5915,505.7713,0.8201601
506.5915,505.7714,0.8201217
506.5915,505.7714,0.8200878
506.5915,505.7715,0.8200082
506.5915,505.7715,0.8199699
506.5915,505.7716,0.8198909
506.5915,505.7718,0.8196667
506.5915,505.7719,0.8196203
506.5915,505.7719,0.8196156
506.5915,505.7719,0.8196152
506.5915,505.772,0.8195317
506.5915,505.772,0.819483
506.5915,505.7721,0.8194001
506.5915,505.7723,0.8192293
506.5915,505.7723,0.8192114
506.5915,505.7724,0.8191365
506.5915,505.7724,0.8191277
506.5915,505.7724,0.819122
506.5915,505.7724,0.8190774
506.5915,505.7725,0.8190276
506.5915,505.7725,0.81901
506.5915,505.7725,0.8189771
506.5915,505.7726,0.8188771
506.5915,505.7726,0.8188589
506.5915,505.7727,0.8187539
506.5915,505.7729,0.8186002
506.5915,505.7729,0.8185894
506.5915,505.773,0.8184884
506.5915,505.773,0.8184789
506.5915,505.7732,0.8182887
506.5915,505.7732,0.8182762
506.5915,505.7734,0.8180778
506.5915,505.7735,0.8180121
506.5915,505.7736,0.817923
506.5915,505.7736,0.8179019
506.5915,505.7736,0.8178712
506.5915,505.7738,0.8176704
506.5915,505.774,0.8174859
506.5915,505.774,0.8174649
506.5915,505.7741,0.8174396
506.5915,505.7741,0.81738
506.5915,505.7742,0.8172504
506.5915,505.7743,0.8171523
506.5915,505.7745,0.8170355
506.5915,505.7745,0.8170233
506.5915,505.7746,0.8169294
506.5915,505.7747,0.8167955
506.5915,505.7748,0.8166691
506.5915,505.7749,0.8166185
506.5915,505.7754,0.8161393
506.5915,505.7758,0.8157426
506.5915,505.7759,0.8155884
506.5915,505.7763,0.8152105
506.5915,505.7764,0.8151433
506.5915,505.7764,0.8151363
506.5915,505.7765,0.8150401
506.5915,505.7765,0.8149924
506.5915,505.7766,0.8148743
506.5915,505.7773,0.8142032
506.5915,505.7773,0.8141641
506.5915,505.7774,0.8140806
506.5915,505.7774,0.8140579
506.5915,505.7777,0.8138413
506.5915,505.7779,0.8136119
506.5915,505.778,0.8135243
506.5915,505.7783,0.8132112
506.5915,505.7784,0.81315
506.5915,505.7784,0.8131333
506.5915,505.7786,0.8128915
506.5915,505.7786,0.8128615
506.5915,505.7788,0.8127351
506.5915,505.7788,0.8126592
506.5915,505.7789,0.8126287
506.5915,505.779,0.8125279
506.5915,505.7791,0.8123969
506.5915,505.7791,0.812394
506.5915,505.7794,0.8121202
506.5915,505.7795,0.8120014
506.5915,505.7796,0.8119495
506.5915,505.7799,0.811632
506.5915,505.7799,0.8115758
506.5915,505.78,0.8114701
506.5915,505.7802,0.811319
506.5915,505.7804,0.8111095
506.5915,505.7804,0.8110898
506.5915,505.7804,0.8110843
506.5915,505.7804,0.811059
506.5915,505.7805,0.8109765
506.5915,505.7805,0.810962
506.5915,505.7806,0.8109352
506.5915,505.7806,0.8108935
506.5915,505.7808,0.8107389
506.5915,505.7808,0.8107234
506.5915,505.781,0.8104917
506.5915,505.781,0.8104675
506.5915,505.7812,0.8102927
506.5915,505.7812,0.8102631
506.5915,505.7813,0.8101658
506.5915,505.7815,0.8100129
506.5915,505.7815,0.80998
506.5915,505.7816,0.8099499
506.5915,505.7816,0.8098761
506.5915,505.7817,0.8097903
506.5915,505.7817,0.8097511
506.5915,505.7818,0.8097022
506.5915,505.7818,0.8096827
506.5915,505.7818,0.8096608
506.5915,505.7819,0.8095609
506.5915,505.782,0.8095226
506.5915,505.782,0.8094897
506.5915,505.7821,0.809426
506.5915,505.7822,0.8092996
506.5915,505.7822,0.8092884
506.5915,505.7822,0.8092807
506.5915,505.7822,0.8092691
506.5915,505.7823,0.8092445
506.5915,505.7823,0.8092249
506.5915,505.7823,0.8092081
506.5915,505.7823,0.8091835
506.5915,505.7824,0.8090725
506.5915,505.7824,0.809069
506.5915,505.7827,0.8088001
506.5915,505.7827,0.8087914
506.5915,505.7828,0.8087347
506.5915,505.7828,0.808698
506.5915,505.7828,0.8086972
506.5915,505.7828,0.8086899
506.5915,505.7829,0.8086468
506.5915,505.7829,0.8086213
506.5915,505.7829,0.8086096
506.5915,505.783,0.8085167
506.5915,505.783,0.8084982
506.5915,505.783,0.8084841
506.5915,505.783,0.8084747
506.5915,505.783,0.8084544
506.5915,505.7831,0.8084426
506.5915,505.7831,0.8084066
506.5915,505.7831,0.8083665
506.5915,505.7832,0.8083014
506.5915,505.7832,0.8082538
506.5915,505.7833,0.8082216
506.5915,505.7833,0.8081775
506.5915,505.7834,0.8081099
506.5915,505.7835,0.8080415
506.5915,505.7835,0.8080333
506.5915,505.7835,0.8080259
506.5915,505.7835,0.8080177
506.5915,505.7835,0.8080048
506.5915,505.7835,0.8080014
506.5915,505.7836,0.807934
506.5915,505.7836,0.8079302
506.5915,505.7836,0.8079283
506.5915,505.7836,0.8079273
506.5915,505.7836,0.8078999
506.5915,505.7836,0.8078841
506.5915,505.7836,0.807874
506.5915,505.7836,0.8078722
506.5915,505.7836,0.8078675
506.5915,505.7837,0.8078022
506.5915,505.7837,0.8077814
506.5915,505.7837,0.8077752
506.5915,505.7838,0.8077252
506.5915,505.7838,0.8076889
506.5915,505.7838,0.8076857
506.5915,505.7838,0.8076795
506.5915,505.7838,0.8076558
506.5915,505.7839,0.807615
506.5915,505.7839,0.8076089
506.5915,505.784,0.807539
506.5915,505.784,0.807496
506.5915,505.7841,0.8074378
506.5915,505.7841,0.8074091
506.5915,505.7841,0.8074081
506.5915,505.7841,0.8073843
506.5915,505.7842,0.8073427
506.5915,505.7842,0.8073317
506.5915,505.7842,0.8073306
506.5915,505.7842,0.8073077
506.5915,505.7842,0.8073072
506.5915,505.7842,0.8073043
506.5915,505.7842,0.8072668
506.5915,505.7842,0.8072591
506.5915,505.7842,0.8072572
506.5915,505.7843,0.8072294
506.5915,505.7843,0.8072237
506.5915,505.7843,0.8072165
506.5915,505.7843,0.8072144
506.5915,505.7843,0.8072071
506.5915,505.7843,0.8071891
506.5915,505.7843,0.8071758
506.5915,505.7843,0.8071635
506.5915,505.7844,0.8071281
506.5915,505.7844,0.8071116
506.5915,505.7844,0.8070929
506.5915,505.7844,0.8070666
506.5915,505.7845,0.8070493
506.5915,505.7845,0.807042
506.5915,505.7845,0.8069932
506.5915,505.7845,0.806993
506.5915,505.7845,0.8069842
506.5915,505.7845,0.8069835
506.5915,505.7845,0.8069657
506.5915,505.7845,0.8069539
506.5915,505.7845,0.8069533
506.5915,505.7846,0.8069394
506.5915,505.7846,0.8069389
506.5915,505.7846,0.8069376
506.5915,505.7846,0.8069248
506.5915,505.7846,0.8069241
506.5915,505.7846,0.8069134
506.5915,505.7846,0.8069085
506.5915,505.7846,0.8069027
506.5915,505.7846,0.8068991
506.5915,505.7847,0.8068093
506.5915,505.7847,0.8068022
506.5915,505.7847,0.8067765
506.5915,505.7847,0.806765
506.5915,505.7847,0.8067641
506.5915,505.7848,0.8067205
506.5915,505.7848,0.806692
506.5915,505.7848,0.8066891
506.5915,505.7848,0.8066792
506.5915,505.7848,0.8066693
506.5915,505.7848,0.8066614
506.5915,505.7848,0.8066525
506.5915,505.7849,0.8066334
506.5915,505.7849,0.8066292
506.5915,505.7849,0.8066072
506.5915,505.7849,0.8066051
506.5915,505.7849,0.8066036
506.5915,505.7849,0.8065895
506.5915,505.7849,0.8065718
506.5915,505.7849,0.8065534
506.5915,505.785,0.806545
506.5915,505.785,0.8065362
506.5915,505.785,0.8065273
506.5915,505.785,0.8065205
506.5915,505.785,0.8065159
506.5915,505.785,0.8065067
506.5915,505.785,0.8064988
506.5915,505.785,0.8064717
506.5915,505.785,0.8064696
506.5915,505.785,0.806462
506.5915,505.785,0.8064534
506.5915,505.785,0.8064503
506.5915,505.7851,0.8064337
506.5915,505.7851,0.8064058
506.5915,505.7851,0.8064019
506.5915,505.7851,0.8063967
506.5915,505.7851,0.8063773
506.5915,505.7851,0.8063739
506.5915,505.7851,0.8063717
506.5915,505.7851,0.8063601
506.5915,505.7851,0.806358
506.5915,505.7851,0.8063514
506.5915,505.7852,0.8063447
506.5915,505.7852,0.8063408
506.5915,505.7852,0.8063375
506.5915,505.7852,0.8063358
506.5915,505.7852,0.8063326
506.5915,505.7852,0.8063197
506.5915,505.7852,0.8063191
506.5915,505.7852,0.8062685
506.5915,505.7852,0.8062672
506.5915,505.7853,0.8062394
506.5915,505.7853,0.8062372
506.5915,505.7853,0.8062368
506.5915,505.7853,0.8062366
506.5915,505.7853,0.8062285
506.5915,505.7853,0.8062218
506.5915,505.7853,0.806219
506.5915,505.7853,0.806205
506.5915,505.7853,0.8061907
506.5915,505.7853,0.8061896
506.5915,505.7853,0.8061746
506.5915,505.7853,0.8061703
506.5915,505.7853,0.8061676
506.5915,505.7853,0.8061576
506.5915,505.7854,0.8061465
506.5915,505.7854,0.806146
506.5915,505.7854,0.8061423
506.5915,505.7854,0.8061403
506.5915,505.7854,0.8061282
506.5915,505.7854,0.8061108
506.5915,505.7854,0.8061058
506.5915,505.7854,0.8060807
506.5915,505.7854,0.8060594
506.5915,505.7854,0.8060572
506.5915,505.7854,0.8060517
506.5915,505.7854,0.8060516
506.5915,505.7855,0.8060277
506.5915,505.7855,0.8060184
506.5915,505.7855,0.8060166
506.5915,505.7855,0.8060081
506.5915,505.7855,0.8060068
506.5915,505.7855,0.8059962
506.5915,505.7855,0.8059821
506.5915,505.7855,0.8059782
506.5915,505.7855,0.8059755
506.5915,505.7856,0.8059429
506.5915,505.7856,0.8059256
506.5915,505.7856,0.8059244
506.5915,505.7856,0.805923
506.5915,505.7856,0.8059183
506.5915,505.7856,0.8059182
506.5915,505.7856,0.8059174
506.5915,505.7856,0.8059118
506.5915,505.7856,0.8058986
506.5915,505.7856,0.8058889
506.5915,505.7856,0.8058811
506.5915,505.7856,0.8058758
506.5915,505.7856,0.8058699
506.5915,505.7856,0.8058651
506.5915,505.7856,0.8058596
506.5915,505.7856,0.8058531
506.5915,505.7857,0.8058401
506.5915,505.7857,0.8058335
506.5915,505.7857,0.8058312
506.5915,505.7857,0.8058305
506.5915,505.7857,0.8058269
506.5915,505.7857,0.8058153
506.5915,505.7857,0.805811
506.5915,505.7857,0.8058031
506.5915,505.7857,0.8057966
506.5915,505.7857,0.8057611
506.5915,505.7857,0.8057566
506.5915,505.7857,0.805756
506.5915,505.7857,0.8057558
506.5915,505.7858,0.8057413
506.5915,505.7858,0.8057393
506.5915,505.7858,0.8057316
506.5915,505.7858,0.8057229
506.5915,505.7858,0.80568
506.5915,505.7858,0.8056751
506.5915,505.7858,0.8056713
506.5915,505.7858,0.8056567
506.5915,505.7858,0.805654
506.5915,505.7859,0.8056492
506.5915,505.7859,0.8056462
506.5915,505.7859,0.8056352
506.5915,505.7859,0.8056275
506.5915,505.7859,0.8056077
506.5915,505.7859,0.8055963
506.5915,505.7859,0.805591
506.5915,505.7859,0.8055743
506.5915,505.7859,0.8055647
506.5915,505.7859,0.8055586
506.5915,505.7859,0.8055576
506.5915,505.786,0.8055327
506.5915,505.786,0.8055274
506.5915,505.786,0.8055229
506.5915,505.786,0.8055138
506.5915,505.786,0.8054884
506.5915,505.786,0.8054709
506.5915,505.786,0.8054709
506.5915,505.786,0.8054658
506.5915,505.786,0.8054644
506.5915,505.786,0.8054637
506.5915,505.786,0.8054628
506.5915,505.786,0.80546
506.5915,505.786,0.8054543
506.5915,505.7861,0.8054309
506.5915,505.7861,0.8054236
506.5915,505.7861,0.8054231
506.5915,505.7861,0.8054201
506.5915,505.7861,0.8054187
506.5915,505.7861,0.8054148
506.5915,505.7861,0.8053776
506.5915,505.7861,0.8053725
506.5915,505.7861,0.8053689
506.5915,505.7861,0.8053575
506.5915,505.7862,0.8053273
506.5915,505.7862,0.8053195
506.5915,505.7862,0.8053128
506.5915,505.7862,0.8053091
506.5915,505.7862,0.8053079
506.5915,505.7862,0.8053079
506.5915,505.7862,0.8053031
506.5915,505.7862,0.8053015
506.5915,505.7862,0.8052906
506.5915,505.7862,0.8052853
506.5915,505.7862,0.8052715
506.5915,505.7863,0.8052469
506.5915,505.7863,0.8052352
506.5915,505.7863,0.8052277
506.5915,505.7863,0.8052264
506.5915,505.7863,0.8052023
506.5915,505.7863,0.8051866
506.5915,505.7864,0.8051328
506.5915,505.7864,0.8051229
506.5915,505.7864,0.8051081
506.5915,505.7864,0.8050786
506.5915,505.7864,0.8050777
506.5915,505.7864,0.8050753
506.5915,505.7864,0.80507
506.5915,505.7864,0.8050663
506.5915,505.7864,0.805058
506.5915,505.7865,0.8050499
506.5915,505.7865,0.8050357
506.5915,505.7865,0.8050318
506.5915,505.7865,0.8049666
506.5915,505.7865,0.804962
506.5915,505.7866,0.8049263
506.5915,505.7866,0.8049102
506.5915,505.7866,0.8049022
506.5915,505.7866,0.8049002
506.5915,505.7866,0.804891
506.5915,505.7866,0.8048706
506.5915,505.7866,0.8048584
506.5915,505.7867,0.804832
506.5915,505.7867,0.804755
506.5915,505.7868,0.8047415
506.5915,505.7868,0.8047348
506.5915,505.7868,0.8047191
506.5915,505.7868,0.8046849
506.5915,505.7868,0.8046819
506.5915,505.7868,0.8046812
506.5915,505.7868,0.8046765
506.5915,505.7868,0.8046566
506.5915,505.7868,0.8046514
506.5915,505.7869,0.8046155
506.5915,505.7869,0.8045934
506.5915,505.787,0.8045444
506.5915,505.787,0.8045401
506.5915,505.787,0.8044871
506.5915,505.787,0.804465
506.5915,505.7872,0.8042914
506.5915,505.7872,0.8042816
506.5915,505.7872,0.8042546
506.5915,505.7873,0.8042328
506.5915,505.7873,0.8041745
506.5915,505.7875,0.8039523
506.5915,505.7876,0.8038903
506.5915,505.7876,0.8038626
506.5915,505.7877,0.8037957
506.5915,505.7877,0.8037753
506.5915,505.7878,0.8036714
506.5915,505.7879,0.8035783
506.5915,505.788,0.8034553
506.5915,505.7881,0.8034171
506.5915,505.7883,0.8032102
506.5915,505.7885,0.8029818
506.5915,505.7885,0.802977
506.5915,505.7887,0.8027947
506.5915,505.7887,0.8027887
506.5915,505.7887,0.8027714
506.5915,505.7888,0.8027456
506.5915,505.7888,0.8027205
506.5915,505.789,0.8025417
506.5915,505.789,0.8025355
506.5915,505.789,0.802457
506.5915,505.7891,0.8024258
506.5915,505.7891,0.8023929
506.5915,505.7896,0.8018712
506.5915,505.7896,0.8018652
506.5915,505.7901,0.8013789
506.5915,505.7902,0.8012848
506.5915,505.7904,0.8010543
506.5915,505.7911,0.8003626
506.5915,505.7915,0.799953
506.5915,505.7916,0.7999237
506.5915,505.7916,0.7998731
506.5915,505.7917,0.7998096
506.5915,505.7919,0.7996405
506.5915,505.7921,0.7993503
506.5915,505.7922,0.7993219
506.5915,505.7927,0.7988407
506.5915,505.7927,0.7988116
506.5915,505.7928,0.7986872
506.5915,505.7928,0.7986503
506.5915,505.7929,0.798641
506.5915,505.7929,0.7986102
506.5915,505.7929,0.798585
506.5915,505.7931,0.7983712
506.5915,505.7931,0.7983633
506.5915,505.7931,0.7983519
506.5915,505.7936,0.7979467
506.5915,505.7936,0.7979353
506.5915,505.7936,0.7978664
506.5915,505.7937,0.7977736
506.5915,505.7945,0.7970154
506.5915,505.7946,0.7968771
506.5915,505.7952,0.7963001
506.5915,505.7954,0.7961466
506.5915,505.7956,0.7959211
506.5915,505.7959,0.7956212
506.5915,505.7959,0.7956114
506.5915,505.7961,0.7953852
506.5915,505.7967,0.7948049
506.5915,505.7976,0.7939277
506.5915,505.7992,0.7922585
506.5915,505.8008,0.7907246
506.5915,505.8012,0.7903365
506.5915,505.8022,0.7893352
506.5915,505.8026,0.7889353
506.5915,505.8029,0.7885549
506.5915,505.8031,0.7884127
506.5915,505.8091,0.7823713
506.5915,505.872,0.7194632
506.5915,505.883,0.7085004
506.5915,505.886,0.7055356
506.5915,505.8915,0.7000418
506.5915,505.8929,0.6986378
506.5915,505.8932,0.6983018
506.5915,505.8936,0.6979346
506.5915,505.8958,0.6956551
506.5915,505.897,0.6944923
506.5915,505.8973,0.6942094
506.5915,505.8975,0.6939916
506.5915,505.8978,0.6937424
506.5915,505.8978,0.6936789
506.5915,505.898,0.693494
506.5915,505.8981,0.6934391
506.5915,505.8984,0.69306
506.5915,505.8991,0.6924325
506.5915,505.8994,0.6921398
506.5915,505.9,0.6915328
506.5915,505.901,0.6905251
506.5915,505.9015,0.690021
506.5915,505.9016,0.6898543
506.5915,505.9024,0.6891437
506.5915,505.9036,0.6878935
506.5915,505.9044,0.6870619
506.5915,505.905,0.6864706
506.5915,505.9053,0.6862145
506.5915,505.9056,0.6859293
506.5915,505.9063,0.6851691
506.5915,505.9064,0.6851122
506.5915,505.9066,0.6848635
506.5915,505.9068,0.6847411
506.5915,505.9072,0.6842753
506.5915,505.9075,0.6840211
506.5915,505.9075,0.6840205
506.5915,505.9075,0.6839672
506.5915,505.9076,0.6839207
506.5915,505.9076,0.6838547
506.5915,505.9077,0.6837794
506.5915,505.9077,0.6837534
506.5915,505.9078,0.6837339
506.5915,505.9078,0.6837335
506.5915,505.9079,0.6836267
506.5915,505.9079,0.6836186
506.5915,505.908,0.6835264
506.5915,505.908,0.6835154
506.5915,505.908,0.6835145
506.5915,505.9082,0.6833336
506.5915,505.9085,0.6830255
506.5915,505.9085,0.6829816
506.5915,505.9086,0.6829235
506.5915,505.9087,0.6828291
506.5915,505.9087,0.6827846
506.5915,505.9088,0.6827482
506.5915,505.9089,0.6826491
506.5915,505.9089,0.6826081
506.5915,505.9092,0.6822855
506.5915,505.9093,0.6822349
506.5915,505.9094,0.6821281
506.5915,505.9095,0.6820189
506.5915,505.9095,0.6819747
506.5915,505.9096,0.6818738
506.5915,505.9097,0.6818379
506.5915,505.9097,0.6817795
506.5915,505.9097,0.6817614
506.5915,505.9098,0.6817474
506.5915,505.9098,0.6817229
506.5915,505.9098,0.6817096
506.5915,505.9098,0.6817007
506.5915,505.9098,0.6816759
506.5915,505.9099,0.6815727
506.5915,505.9099,0.6815637
506.5915,505.9099,0.6815596
506.5915,505.9099,0.6815564
506.5915,505.91,0.6815398
506.5915,505.91,0.681495
506.5915,505.9101,0.6814463
506.5915,505.9101,0.6813668
506.5915,505.9102,0.6813038
506.5915,505.9103,0.6811615
506.5915,505.9104,0.6811488
506.5915,505.9104,0.6811084
506.5915,505.9105,0.6810101
506.5915,505.9106,0.6809452
506.5915,505.9106,0.6809308
506.5915,505.9106,0.6809271
506.5915,505.9106,0.6809191
506.5915,505.9106,0.680905
506.5915,505.9106,0.6808969
506.5915,505.9106,0.6808804
506.5915,505.9107,0.6808012
506.5915,505.9108,0.6807347
506.5915,505.9108,0.6807144
506.5915,505.9109,0.6805912
506.5915,505.911,0.6805371
506.5915,505.911,0.6805219
506.5915,505.911,0.6805084
506.5915,505.9111,0.6803792
506.5915,505.9112,0.6802681
506.5915,505.9114,0.6801442
506.5915,505.9115,0.6800173
506.5915,505.9115,0.6799981
506.5915,505.9115,0.6799936
506.5915,505.9116,0.6799059
506.5915,505.9119,0.6796316
506.5915,505.9119,0.679576
506.5915,505.9119,0.6795652
506.5915,505.912,0.6795357
506.5915,505.912,0.6794809
506.5915,505.9121,0.6794241
506.5915,505.9121,0.6794127
506.5915,505.9122,0.6793303
506.5915,505.9122,0.6792902
506.5915,505.9123,0.6791652
506.5915,505.9124,0.6791078
506.5915,505.9124,0.6790975
506.5915,505.9124,0.6790896
506.5915,505.9125,0.6790318
506.5915,505.9125,0.678986
506.5915,505.9127,0.6788353
506.5915,505.9127,0.6788183
506.5915,505.9127,0.6787954
506.5915,505.9127,0.6787517
506.5915,505.9128,0.6787052
506.5915,505.9128,0.678694
506.5915,505.9128,0.6786718
506.5915,505.9128,0.6786689
506.5915,505.9129,0.6786272
506.5915,505.9129,0.6786065
506.5915,505.9129,0.6785511
506.5915,505.913,0.6785405
506.5915,505.913,0.678493
506.5915,505.913,0.6784547
506.5915,505.9131,0.6784165
506.5915,505.9131,0.6783934
506.5915,505.9131,0.678372
506.5915,505.9132,0.6782688
506.5915,505.9133,0.6781686
506.5915,505.9133,0.6781657
506.5915,505.9134,0.6781232
506.5915,505.9134,0.67811
506.5915,505.9134,0.6780778
506.5915,505.9134,0.6780729
506.5915,505.9135,0.67799
506.5915,505.9135,0.6779818
506.5915,505.9135,0.6779577
506.5915,505.9136,0.6779401
506.5915,505.9136,0.6779311
506.5915,505.9136,0.6779142
506.5915,505.9136,0.6778735
506.5915,505.9137,0.6778325
506.5915,505.9137,0.6778142
506.5915,505.9138,0.6777081
506.5915,505.9138,0.6777069
506.5915,505.9138,0.6776656
506.5915,505.9139,0.6776208
506.5915,505.9139,0.6775967
506.5915,505.9139,0.6775887
506.5915,505.9139,0.6775704
506.5915,505.914,0.6774859
506.5915,505.9141,0.6773927
506.5915,505.9141,0.6773804
506.5915,505.9144,0.6770942
506.5915,505.9145,0.6769564
506.5915,505.9146,0.676934
506.5915,505.9146,0.6769322
506.5915,505.9146,0.6768964
506.5915,505.9148,0.676745
506.5915,505.9148,0.6767215
506.5915,505.9148,0.6767114
506.5915,505.9148,0.6766907
506.5915,505.9148,0.6766806
506.5915,505.9148,0.6766596
506.5915,505.9149,0.6766368
506.5915,505.9149,0.6766236
506.5915,505.9149,0.6765791
506.5915,505.9149,0.6765678
506.5915,505.915,0.6764972
506.5915,505.9151,0.6764169
506.5915,505.9151,0.6764063
506.5915,505.9151,0.6763765
506.5915,505.9151,0.6763727
506.5915,505.9152,0.6763028
506.5915,505.9152,0.6762531
506.5915,505.9152,0.6762502
506.5915,505.9153,0.6762026
506.5915,505.9153,0.6761884
506.5915,505.9154,0.6761441
506.5915,505.9155,0.6760358
506.5915,505.9155,0.6760201
506.5915,505.9156,0.6758726
506.5915,505.9157,0.6757548
506.5915,505.9158,0.675729
506.5915,505.9158,0.6756682
506.5915,505.9159,0.6755961
506.5915,505.9159,0.675567
506.5915,505.916,0.6754975
506.5915,505.9161,0.6753637
506.5915,505.9163,0.6752325
506.5915,505.9163,0.6751752
506.5915,505.9164,0.6751321
506.5915,505.9164,0.6750898
506.5915,505.9164,0.675071
506.5915,505.9164,0.675067
506.5915,505.9165,0.6750471
506.5915,505.9165,0.675022
506.5915,505.9165,0.6749852
506.5915,505.9165,0.6749636
506.5915,505.9166,0.6749354
506.5915,505.9168,0.6747114
506.5915,505.9169,0.6746026
506.5915,505.917,0.6744628
506.5915,505.9171,0.6744186
506.5915,505.9171,0.6743696
506.5915,505.9171,0.6743611
506.5915,505.9172,0.6742789
506.5915,505.9174,0.6740586
506.5915,505.9175,0.6739978
506.5915,505.9175,0.6739555
506.5915,505.9176,0.6739108
506.5915,505.9181,0.6733804
506.5915,505.9185,0.6729797
506.5915,505.9186,0.6728952
506.5915,505.9186,0.6728829
506.5915,505.9187,0.6727868
506.5915,505.9188,0.6726922
506.5915,505.9193,0.6722069
506.5915,505.9195,0.6720168
506.5915,505.9196,0.6718994
506.5915,505.9198,0.6716966
506.5915,505.9208,0.6707138
506.5915,505.9216,0.6698858
506.5915,505.9326,0.6589472
506.5915,505.9485,0.6430278
506.5915,505.9724,0.6191188
506.5915,505.9731,0.6184019
506.5915,505.9739,0.6175892
506.5915,505.9743,0.6171993
506.5915,505.9754,0.6161425
506.5915,505.9757,0.6157791
506.5915,505.9768,0.6146743
506.5915,505.9868,0.6046952
506.5915,506.2074,0.3840544
506.5915,506.2133,0.3781758
506.5915,506.216,0.3754883
506.5915,506.2174,0.3740754
506.5915,506.219,0.3724819
506.5915,506.2202,0.3713203
506.5915,506.221,0.370542
506.5915,506.2211,0.370399
506.5915,506.2215,0.3700223
506.5915,506.2223,0.3691639
506.5915,506.2224,0.3690578
506.5915,506.2228,0.368665
506.5915,506.2229,0.368578
506.5915,506.2231,0.368389
506.5915,506.2233,0.3682092
506.5915,506.2233,0.3681574
506.5915,506.2234,0.3680814
506.5915,506.2236,0.3679436
506.5915,506.2239,0.3675869
506.5915,506.2239,0.3675863
506.5915,506.2241,0.3674265
506.5915,506.2241,0.3674168
506.5915,506.2243,0.3672387
506.5915,506.2243,0.3672129
506.5915,506.2244,0.3670998
506.5915,506.2245,0.3670208
506.5915,506.2245,0.3670145
506.5915,506.2247,0.3668212
506.5915,506.2248,0.3667221
506.5915,506.2249,0.3665942
506.5915,506.2249,0.3665621
506.5915,506.2252,0.3662997
506.5915,506.2257,0.3658491
506.5915,506.2259,0.365629
506.5915,506.2259,0.3656053
506.5915,506.226,0.3654668
506.5915,506.2262,0.3653032
506.5915,506.2263,0.3652345
506.5915,506.2263,0.3651848
506.5915,506.2264,0.365139
506.5915,506.2264,0.3651174
506.5915,506.2265,0.3650126
506.5915,506.2265,0.3649725
506.5915,506.2265,0.3649659
506.5915,506.2265,0.3649555
506.5915,506.2265,0.364955
506.5915,506.2267,0.3648425
506.5915,506.2267,0.364839
506.5915,506.2268,0.3647352
506.5915,506.2268,0.3646975
506.5915,506.2272,0.3642971
506.5915,506.2272,0.3642797
506.5915,506.2273,0.3641827
506.5915,506.2273,0.3641679
506.5915,506.2275,0.3640256
506.5915,506.2276,0.3638599
506.5915,506.2277,0.3638287
506.5915,506.2278,0.3636899
506.5915,506.2279,0.3635638
506.5915,506.228,0.3634845
506.5915,506.228,0.3634791
506.5915,506.228,0.3634694
506.5915,506.228,0.3634542
506.5915,506.2281,0.3634285
506.5915,506.2281,0.3633937
506.5915,506.2284,0.3631492
506.5915,506.2285,0.3630493
506.5915,506.2285,0.3629706
506.5915,506.2286,0.362922
506.5915,506.2286,0.3628576
506.5915,506.2287,0.3628132
506.5915,506.2288,0.3627446
506.5915,506.2288,0.3626584
506.5915,506.2288,0.3626549
506.5915,506.2289,0.3626496
506.5915,506.2293,0.3622368
506.5915,506.2294,0.3621235
506.5915,506.2294,0.3620874
506.5915,506.2294,0.36208
506.5915,506.2296,0.3619077
506.5915,506.2296,0.3618798
506.5915,506.2296,0.3618716
506.5915,506.2296,0.3618508
506.5915,506.2297,0.3617921
506.5915,506.2298,0.3617195
506.5915,506.23,0.3614836
506.5915,506.23,0.361478
506.5915,506.2301,0.3614368
506.5915,506.2303,0.3612476
506.5915,506.2303,0.3612377
506.5915,506.2304,0.361117
506.5915,506.2304,0.3611015
506.5915,506.2305,0.3610369
506.5915,506.2305,0.3610141
506.5915,506.2306,0.3608884
506.5915,506.2307,0.360812
506.5915,506.2307,0.3607845
506.5915,506.2308,0.3607319
506.5915,506.2309,0.3606177
506.5915,506.2309,0.3605612
506.5915,506.231,0.3605458
506.5915,506.2311,0.3604385
506.5915,506.2312,0.3603268
506.5915,506.2313,0.3602418
506.5915,506.2316,0.3599444
506.5915,506.2316,0.3598547
506.5915,506.2318,0.3597039
506.5915,506.2319,0.3595844
506.5915,506.2321,0.359379
506.5915,506.2322,0.3592841
506.5915,506.2322,0.3592778
506.5915,506.2323,0.3592462
506.5915,506.2323,0.3591811
506.5915,506.2326,0.3589266
506.5915,506.233,0.358548
506.5915,506.2331,0.3584175
506.5915,506.2331,0.3583963
506.5915,506.2332,0.3582982
506.5915,506.2336,0.3579359
506.5915,506.2336,0.357913
506.5915,506.2338,0.3576962
506.5915,506.234,0.3574567
506.5915,506.2341,0.3574221
506.5915,506.2342,0.357281
506.5915,506.2342,0.3572581
506.5915,506.2344,0.3571234
506.5915,506.2344,0.3570658
506.5915,506.2344,0.3570587
506.5915,506.235,0.3564671
506.5915,506.2351,0.3564271
506.5915,506.2353,0.3562032
506.5915,506.2354,0.3561115
506.5915,506.2355,0.3559943
506.5915,506.2355,0.3559822
506.5915,506.2356,0.3558545
506.5915,506.2357,0.355816
506.5915,506.2358,0.3557088
506.5915,506.2359,0.3555881
506.5915,506.2359,0.355551
506.5915,506.236,0.3554989
506.5915,506.236,0.3554793
506.5915,506.236,0.3554626
506.5915,506.2361,0.3554073
506.5915,506.2362,0.3553386
506.5915,506.2362,0.3552722
506.5915,506.2362,0.3552534
506.5915,506.2363,0.3551533
506.5915,506.2365,0.3549573
506.5915,506.2366,0.3549195
506.5915,506.2366,0.3548793
506.5915,506.2367,0.3548284
506.5915,506.2371,0.3543694
506.5915,506.2372,0.3542646
506.5915,506.2373,0.354194
506.5915,506.2375,0.3540226
506.5915,506.2376,0.3538686
506.5915,506.2376,0.3538633
506.5915,506.2377,0.3537567
506.5915,506.2381,0.3534395
506.5915,506.2381,0.3534169
506.5915,506.2383,0.3532285
506.5915,506.2383,0.3531883
506.5915,506.2383,0.3531624
506.5915,506.2384,0.3531159
506.5915,506.2384,0.3530753
506.5915,506.2386,0.3529119
506.5915,506.2387,0.3528361
506.5915,506.2387,0.3528149
506.5915,506.2387,0.3527652
506.5915,506.239,0.3524915
506.5915,506.2391,0.3524196
506.5915,506.2395,0.3519763
506.5915,506.2397,0.3518298
506.5915,506.2398,0.3516676
506.5915,506.2401,0.3513696
506.5915,506.2402,0.3513118
506.5915,506.2402,0.3513108
506.5915,506.2405,0.3509851
506.5915,506.2406,0.3508888
506.5915,506.2407,0.3508137
506.5915,506.2407,0.3507963
506.5915,506.2408,0.3507318
506.5915,506.2408,0.3506885
506.5915,506.2408,0.3506562
506.5915,506.2409,0.3506377
506.5915,506.2409,0.3506238
506.5915,506.2411,0.3504113
506.5915,506.2412,0.3502744
506.5915,506.2414,0.3501108
506.5915,506.2414,0.3500735
506.5915,506.2415,0.3500425
506.5915,506.2415,0.3499934
506.5915,506.2416,0.3499465
506.5915,506.2416,0.3498835
506.5915,506.2416,0.3498716
506.5915,506.2417,0.3498151
506.5915,506.2419,0.3495881
506.5915,506.242,0.3495211
506.5915,506.2424,0.3491199
506.5915,506.2424,0.3490783
506.5915,506.2425,0.3489968
506.5915,506.2425,0.3489751
506.5915,506.2427,0.3487986
506.5915,506.2428,0.3487081
506.5915,506.2431,0.3483554
506.5915,506.2431,0.348352
506.5915,506.2432,0.3483088
506.5915,506.2432,0.3482939
506.5915,506.2433,0.348234
506.5915,506.2433,0.3481701
506.5915,506.2434,0.3481095
506.5915,506.2435,0.3480128
506.5915,506.2435,0.3479922
506.5915,506.2435,0.347965
506.5915,506.2436,0.3479053
506.5915,506.2437,0.3477932
506.5915,506.2438,0.3477446
506.5915,506.2438,0.3477296
506.5915,506.2438,0.3477224
506.5915,506.2439,0.3475691
506.5915,506.244,0.3475075
506.5915,506.244,0.3475063
506.5915,506.244,0.3474756
506.5915,506.2441,0.3473994
506.5915,506.2442,0.3472576
506.5915,506.2442,0.3472505
506.5915,506.2445,0.3470493
506.5915,506.2445,0.3470159
506.5915,506.2445,0.3469785
506.5915,506.2445,0.3469599
506.5915,506.2445,0.3469532
506.5915,506.2446,0.3469475
506.5915,506.2446,0.3468749
506.5915,506.2446,0.3468683
506.5915,506.2447,0.3467948
506.5915,506.2448,0.3467211
506.5915,506.2448,0.3466845
506.5915,506.2448,0.3466814
506.5915,506.2448,0.3466777
506.5915,506.2448,0.3466552
506.5915,506.2449,0.3465951
506.5915,506.2449,0.3465929
506.5915,506.2449,0.3465589
506.5915,506.245,0.3465259
506.5915,506.2451,0.3463957
506.5915,506.2451,0.3463889
506.5915,506.2453,0.3461909
506.5915,506.2454,0.3461148
506.5915,506.2457,0.345799
506.5915,506.2458,0.3457002
506.5915,506.2458,0.3456712
506.5915,506.2458,0.3456613
506.5915,506.2458,0.3456592
506.5915,506.2459,0.3456347
506.5915,506.2459,0.3455981
506.5915,506.2459,0.3455859
506.5915,506.246,0.3455392
506.5915,506.246,0.3454745
506.5915,506.2461,0.3454262
506.5915,506.2462,0.3452828
506.5915,506.2463,0.3451913
506.5915,506.2463,0.3451627
506.5915,506.2464,0.3451183
506.5915,506.2465,0.3450132
506.5915,506.2465,0.3450105
506.5915,506.2466,0.3449367
506.5915,506.2467,0.3448066
506.5915,506.2467,0.34475
506.5915,506.2467,0.34475
506.5915,506.2468,0.344714
506.5915,506.2468,0.3446668
506.5915,506.2469,0.3445938
506.5915,506.247,0.3445054
506.5915,506.2471,0.3444021
506.5915,506.2472,0.3443041
506.5915,506.2473,0.3442272
506.5915,506.2474,0.3441208
506.5915,506.2474,0.3441028
506.5915,506.2475,0.3440398
506.5915,506.2475,0.3440348
506.5915,506.2475,0.3439648
506.5915,506.2476,0.3439035
506.5915,506.2476,0.3438644
506.5915,506.2477,0.3437602
506.5915,506.2477,0.3437517
506.5915,506.2478,0.3437352
506.5915,506.2478,0.3436941
506.5915,506.2479,0.3436373
506.5915,506.2479,0.3436178
506.5915,506.2479,0.3435712
506.5915,506.248,0.3435315
506.5915,506.248,0.3435206
506.5915,506.248,0.3434532
506.5915,506.2481,0.3434227
506.5915,506.2481,0.3433728
506.5915,506.2482,0.3433391
506.5915,506.2482,0.3433229
506.5915,506.2482,0.3433151
506.5915,506.2484,0.3431479
506.5915,506.2484,0.3431416
506.5915,506.2484,0.3430885
506.5915,506.2484,0.343073
506.5915,506.2484,0.3430607
506.5915,506.2485,0.3430454
506.5915,506.2485,0.3430139
506.5915,506.2485,0.3429826
506.5915,506.2486,0.3429078
506.5915,506.2486,0.3428768
506.5915,506.2488,0.3426872
506.5915,506.2489,0.3426153
506.5915,506.2489,0.3425971
506.5915,506.2489,0.3425835
506.5915,506.249,0.3424839
506.5915,506.2491,0.3424059
506.5915,506.2491,0.3423803
506.5915,506.2491,0.3423731
506.5915,506.2492,0.3423497
506.5915,506.2492,0.3423324
506.5915,506.2492,0.3422867
506.5915,506.2492,0.3422747
506.5915,506.2492,0.3422636
506.5915,506.2493,0.3422293
506.5915,506.2493,0.3422137
506.5915,506.2494,0.3421407
506.5915,506.2495,0.3420434
506.5915,506.2495,0.3419767
506.5915,506.2496,0.3419136
506.5915,506.2496,0.3419028
506.5915,506.2497,0.3418373
506.5915,506.2497,0.3417585
506.5915,506.2497,0.3417547
506.5915,506.2498,0.3417496
506.5915,506.25,0.3415329
506.5915,506.25,0.3415164
506.5915,506.2502,0.3412567
506.5915,506.2503,0.341152
506.5915,506.2504,0.3411198
506.5915,506.2505,0.341043
506.5915,506.2505,0.341016
506.5915,506.2506,0.3409439
506.5915,506.2506,0.3408782
506.5915,506.2508,0.3406779
506.5915,506.251,0.3404872
506.5915,506.2512,0.3403354
506.5915,506.2512,0.3403003
506.5915,506.2514,0.3400772
506.5915,506.2517,0.3398204
506.5915,506.2517,0.3398087
506.5915,506.2518,0.3397412
506.5915,506.2518,0.3397285
506.5915,506.2518,0.3397229
506.5915,506.2518,0.3397188
506.5915,506.2518,0.3397115
506.5915,506.2518,0.3396618
506.5915,506.252,0.3395376
506.5915,506.252,0.3394847
506.5915,506.252,0.3394536
506.5915,506.2522,0.3392677
506.5915,506.2523,0.33918
506.5915,506.2524,0.339092
506.5915,506.2524,0.3390519
506.5915,506.2527,0.3388125
506.5915,506.2529,0.3385688
506.5915,506.253,0.3384803
506.5915,506.2531,0.3384126
506.5915,506.2531,0.3383851
506.5915,506.2532,0.3382765
506.5915,506.2535,0.3379666
506.5915,506.2536,0.3378963
506.5915,506.2537,0.337767
506.5915,506.2538,0.3376677
506.5915,506.2539,0.3376339
506.5915,506.254,0.3374807
506.5915,506.2541,0.3374495
506.5915,506.2541,0.3373663
506.5915,506.2542,0.3373448
506.5915,506.2542,0.3373042
506.5915,506.2542,0.3372547
506.5915,506.2543,0.3371919
506.5915,506.2544,0.3371265
506.5915,506.2546,0.3369013
506.5915,506.2548,0.3366723
506.5915,506.255,0.3364625
506.5915,506.2551,0.3364395
506.5915,506.2551,0.336438
506.5915,506.2551,0.3364176
506.5915,506.2555,0.3359549
506.5915,506.2558,0.3357253
506.5915,506.2559,0.3356425
506.5915,506.2559,0.3356298
506.5915,506.2559,0.3355839
506.5915,506.256,0.3355345
506.5915,506.256,0.3355207
506.5915,506.2563,0.3352378
506.5915,506.2564,0.3351259
506.5915,506.2565,0.3349871
506.5915,506.2565,0.3349646
506.5915,506.2566,0.3349192
506.5915,506.2568,0.3347375
506.5915,506.2568,0.3346622
506.5915,506.2569,0.3346363
506.5915,506.2569,0.3346283
506.5915,506.257,0.334496
506.5915,506.2571,0.3343836
506.5915,506.2576,0.3339491
506.5915,506.2577,0.3337799
506.5915,506.2578,0.3337202
506.5915,506.2578,0.3336699
506.5915,506.2579,0.3336444
506.5915,506.2579,0.3335727
506.5915,506.258,0.3334949
506.5915,506.2581,0.3334467
506.5915,506.2581,0.3334414
506.5915,506.2581,0.3334036
506.5915,506.2581,0.3333936
506.5915,506.2582,0.3333415
506.5915,506.2582,0.3332756
506.5915,506.2583,0.3332419
506.5915,506.2583,0.3332394
506.5915,506.2584,0.3331429
506.5915,506.2584,0.3330862
506.5915,506.2584,0.3330635
506.5915,506.2586,0.3328599
506.5915,506.2587,0.332788
506.5915,506.2587,0.3327755
506.5915,506.2589,0.3326196
506.5915,506.2589,0.3325784
506.5915,506.259,0.3324586
506.5915,506.2591,0.3324346
506.5915,506.2591,0.332373
506.5915,506.2592,0.3322967
506.5915,506.2592,0.3322899
506.5915,506.2593,0.332156
506.5915,506.2595,0.3320497
506.5915,506.2595,0.3319972
506.5915,506.2595,0.3319936
506.5915,506.2596,0.3318787
506.5915,506.2596,0.331861
506.5915,506.2597,0.3318334
506.5915,506.2597,0.3317993
506.5915,506.2597,0.3317606
506.5915,506.2597,0.3317583
506.5915,506.2598,0.3317366
506.5915,506.2598,0.3317338
506.5915,506.2598,0.3316891
506.5915,506.2598,0.3316722
506.5915,506.2599,0.3316391
506.5915,506.2599,0.3316303
506.5915,506.2599,0.3316193
506.5915,506.2599,0.3316125
506.5915,506.2599,0.3315836
506.5915,506.26,0.3315496
506.5915,506.26,0.3315088
506.5915,506.26,0.3314972
506.5915,506.26,0.3314889
506.5915,506.26,0.3314649
506.5915,506.26,0.3314528
506.5915,506.2602,0.3312997
506.5915,506.2602,0.3312731
506.5915,506.2603,0.3312323
506.5915,506.2603,0.3312204
506.5915,506.2603,0.3312151
506.5915,506.2603,0.3312054
506.5915,506.2603,0.331186
506.5915,506.2603,0.3311762
506.5915,506.2603,0.3311627
506.5915,506.2604,0.3311092
506.5915,506.2604,0.3310854
506.5915,506.2604,0.3310782
506.5915,506.2606,0.3309215
506.5915,506.2606,0.3308869
506.5915,506.2606,0.3308794
506.5915,506.2606,0.3308633
506.5915,506.2607,0.3308451
506.5915,506.2607,0.3308351
506.5915,506.2607,0.3308225
506.5915,506.2607,0.33078
506.5915,506.2608,0.3307335
506.5915,506.2608,0.3306897
506.5915,506.2609,0.3306002
506.5915,506.261,0.3304953
506.5915,506.261,0.3304716
506.5915,506.2611,0.3304183
506.5915,506.2612,0.3303014
506.5915,506.2612,0.3303009
506.5915,506.2612,0.3302885
506.5915,506.2612,0.3302791
506.5915,506.2612,0.3302615
506.5915,506.2615,0.3300465
506.5915,506.2615,0.3299529
506.5915,506.2616,0.3299463
506.5915,506.2616,0.3299303
506.5915,506.2616,0.3299208
506.5915,506.2616,0.3298906
506.5915,506.2616,0.3298816
506.5915,506.2617,0.3298086
506.5915,506.2617,0.329791
506.5915,506.2618,0.3296804
506.5915,506.2619,0.3296245
506.5915,506.2621,0.3293739
506.5915,506.2621,0.3293728
506.5915,506.2622,0.3293013
506.5915,506.2622,0.3292981
506.5915,506.2622,0.3292759
506.5915,506.2623,0.3292162
506.5915,506.2623,0.3291889
506.5915,506.2625,0.3289929
506.5915,506.2626,0.328915
506.5915,506.2626,0.3288595
506.5915,506.2627,0.3288496
506.5915,506.2627,0.3288257
506.5915,506.2627,0.3288171
506.5915,506.2627,0.3287666
506.5915,506.2628,0.3287319
506.5915,506.2628,0.3287041
506.5915,506.2629,0.3285858
506.5915,506.2629,0.32858
506.5915,506.2631,0.3284178
506.5915,506.2631,0.3283974
506.5915,506.2632,0.3283362
506.5915,506.2632,0.3282502
506.5915,506.2633,0.3281983
506.5915,506.2634,0.3281048
506.5915,506.2635,0.32803
506.5915,506.2635,0.3280075
506.5915,506.2635,0.3279917
506.5915,506.2635,0.3279674
506.5915,506.2636,0.3279164
506.5915,506.2636,0.3278686
506.5915,506.2636,0.3278666
506.5915,506.2637,0.3277732
506.5915,506.2637,0.3277604
506.5915,506.2639,0.3275988
506.5915,506.2639,0.3275916
506.5915,506.2639,0.3275544
506.5915,506.264,0.327529
506.5915,506.264,0.3275272
506.5915,506.2641,0.3274389
506.5915,506.2641,0.3274254
506.5915,506.2641,0.3274043
506.5915,506.2642,0.3272849
506.5915,506.2642,0.3272758
506.5915,506.2642,0.3272664
506.5915,506.2642,0.3272608
506.5915,506.2642,0.3272597
506.5915,506.2642,0.327258
506.5915,506.2643,0.3272398
506.5915,506.2644,0.327122
506.5915,506.2644,0.3271216
506.5915,506.2645,0.3270322
506.5915,506.2645,0.3269635
506.5915,506.2646,0.3269449
506.5915,506.2647,0.3268351
506.5915,506.2647,0.3268222
506.5915,506.2647,0.3268013
506.5915,506.2648,0.3267435
506.5915,506.2648,0.326727
506.5915,506.2648,0.3267219
506.5915,506.2648,0.3267016
506.5915,506.2649,0.3266492
506.5915,506.265,0.3265095
506.5915,506.2651,0.3264336
506.5915,506.2651,0.3264169
506.5915,506.2651,0.3264119
506.5915,506.2651,0.3263713
506.5915,506.2652,0.326335
506.5915,506.2652,0.3263342
506.5915,506.2653,0.3262133
506.5915,506.2653,0.3261735
506.5915,506.2653,0.3261532
506.5915,506.2654,0.3261496
506.5915,506.2654,0.3261344
506.5915,506.2654,0.3260607
506.5915,506.2655,0.3260327
506.5915,506.2656,0.3258989
506.5915,506.2657,0.3258197
506.5915,506.2658,0.3256808
506.5915,506.2659,0.3256197
506.5915,506.266,0.3254664
506.5915,506.2662,0.3253176
506.5915,506.2663,0.3252186
506.5915,506.2663,0.3251822
506.5915,506.2665,0.325049
506.5915,506.2665,0.3250424
506.5915,506.2666,0.3249157
506.5915,506.2666,0.3249087
506.5915,506.2666,0.3248611
506.5915,506.2667,0.3248394
506.5915,506.2667,0.3248131
506.5915,506.2667,0.3247915
506.5915,506.2667,0.3247701
506.5915,506.2667,0.3247692
506.5915,506.2668,0.3247339
506.5915,506.2668,0.3246984
506.5915,506.2668,0.3246796
506.5915,506.2668,0.3246712
506.5915,506.2668,0.3246594
506.5915,506.2669,0.3246427
506.5915,506.2669,0.3246317
506.5915,506.267,0.3244828
506.5915,506.267,0.3244563
506.5915,506.2671,0.3243902
506.5915,506.2672,0.3243469
506.5915,506.2673,0.3241821
506.5915,506.2674,0.3240931
506.5915,506.2677,0.3238486
506.5915,506.2677,0.3237676
506.5915,506.2678,0.323737
506.5915,506.2678,0.3237321
506.5915,506.2682,0.3232889
506.5915,506.2682,0.3232773
506.5915,506.2683,0.3232408
506.5915,506.2683,0.3231813
506.5915,506.2685,0.3229882
506.5915,506.2685,0.3229767
506.5915,506.2686,0.3229232
506.5915,506.2687,0.3227682
506.5915,506.2689,0.3226051
506.5915,506.2689,0.3225907
506.5915,506.2692,0.3223492
506.5915,506.2692,0.3222937
506.5915,506.2692,0.3222732
506.5915,506.2694,0.322089
506.5915,506.2696,0.3218777
506.5915,506.2699,0.3215535
506.5915,506.2702,0.321268
506.5915,506.2703,0.3212339
506.5915,506.2704,0.3211469
506.5915,506.2704,0.3211175
506.5915,506.2704,0.3210675
506.5915,506.2705,0.3209993
506.5915,506.2705,0.3209969
506.5915,506.2713,0.320198
506.5915,506.2715,0.3199572
506.5915,506.2717,0.3197908
506.5915,506.2717,0.3197624
506.5915,506.2719,0.3195751
506.5915,506.272,0.3195472
506.5915,506.2721,0.3194214
506.5915,506.2721,0.3194145
506.5915,506.2723,0.3192428
506.5915,506.2723,0.3192422
506.5915,506.2723,0.3191716
506.5915,506.2724,0.3190831
506.5915,506.2727,0.3188425
506.5915,506.273,0.3184521
506.5915,506.2731,0.3184135
506.5915,506.2731,0.3183688
506.5915,506.2732,0.3183128
506.5915,506.2733,0.3181783
506.5915,506.2734,0.3180834
506.5915,506.2735,0.3180048
506.5915,506.2735,0.3179621
506.5915,506.2736,0.3178624
506.5915,506.2738,0.3177453
506.5915,506.2738,0.3177381
506.5915,506.2739,0.3176472
506.5915,506.2739,0.3175561
506.5915,506.274,0.317529
506.5915,506.2745,0.3170177
506.5915,506.2746,0.3168594
506.5915,506.2748,0.3167269
506.5915,506.2749,0.3165991
506.5915,506.2751,0.3164294
506.5915,506.2752,0.316318
506.5915,506.2752,0.3162948
506.5915,506.2752,0.3162588
506.5915,506.2755,0.3159551
506.5915,506.2756,0.3159431
506.5915,506.2756,0.3158809
506.5915,506.2759,0.3155748
506.5915,506.276,0.3154753
506.5915,506.2761,0.3154167
506.5915,506.2765,0.3150387
506.5915,506.2765,0.3149632
506.5915,506.2767,0.3147644
506.5915,506.2768,0.3147457
506.5915,506.2769,0.3146081
506.5915,506.277,0.3145035
506.5915,506.2771,0.3144049
506.5915,506.2772,0.3142813
506.5915,506.2772,0.3142621
506.5915,506.2773,0.3141703
506.5915,506.2774,0.314093
506.5915,506.2775,0.3140212
506.5915,506.2775,0.3140055
506.5915,506.2778,0.31374
506.5915,506.278,0.313537
506.5915,506.2782,0.313339
506.5915,506.2782,0.3133277
506.5915,506.2782,0.3133053
506.5915,506.2782,0.3132843
506.5915,506.2783,0.3131803
506.5915,506.2785,0.3129523
506.5915,506.2787,0.3128254
506.5915,506.2787,0.3128158
506.5915,506.2788,0.3126856
506.5915,506.279,0.3124584
506.5915,506.2791,0.3123534
506.5915,506.2793,0.312169
506.5915,506.2794,0.3121345
506.5915,506.2797,0.3118427
506.5915,506.2797,0.3118308
506.5915,506.2798,0.3117355
506.5915,506.28,0.3115021
506.5915,506.2801,0.3113964
506.5915,506.2803,0.3112305
506.5915,506.2804,0.3111299
506.5915,506.2804,0.3111006
506.5915,506.2805,0.311019
506.5915,506.2805,0.3110153
506.5915,506.2806,0.3108957
506.5915,506.2806,0.3108898
506.5915,506.2807,0.3108385
506.5915,506.2807,0.310815
506.5915,506.2808,0.3107137
506.5915,506.2809,0.3105986
506.5915,506.281,0.3104869
506.5915,506.2811,0.3103789
506.5915,506.2811,0.3103557
506.5915,506.2812,0.3103273
506.5915,506.2812,0.3103155
506.5915,506.2812,0.3102696
506.5915,506.2812,0.3102606
506.5915,506.2813,0.3102113
506.5915,506.2813,0.3101751
506.5915,506.2813,0.3101608
506.5915,506.2813,0.3101597
506.5915,506.2814,0.3101126
506.5915,506.2815,0.3100243
506.5915,506.2816,0.3099355
506.5915,506.2816,0.3099112
506.5915,506.2817,0.3098078
506.5915,506.2818,0.3096898
506.5915,506.282,0.3095342
506.5915,506.282,0.309495
506.5915,506.2821,0.3094466
506.5915,506.2821,0.3094131
506.5915,506.2821,0.309387
506.5915,506.2822,0.3092546
506.5915,506.2823,0.3092484
506.5915,506.2823,0.3091591
506.5915,506.2824,0.3090731
506.5915,506.2824,0.309073
506.5915,506.2825,0.3089829
506.5915,506.2826,0.3089367
506.5915,506.2826,0.3089215
506.5915,506.2827,0.308773
506.5915,506.2827,0.3087537
506.5915,506.2828,0.3087034
506.5915,506.2828,0.3086873
506.5915,506.2828,0.3086657
506.5915,506.2828,0.3086606
506.5915,506.2828,0.3086558
506.5915,506.2829,0.3085927
506.5915,506.283,0.3085406
506.5915,506.283,0.3084948
506.5915,506.283,0.3084807
506.5915,506.2831,0.3084021
506.5915,506.2831,0.3083951
506.5915,506.2831,0.3083904
506.5915,506.2833,0.3081783
506.5915,506.2833,0.30816
506.5915,506.2834,0.3080893
506.5915,506.2834,0.3080838
506.5915,506.2834,0.3080547
506.5915,506.2835,0.3080173
506.5915,506.2835,0.3079869
506.5915,506.2836,0.3079204
506.5915,506.2836,0.3078863
506.5915,506.2837,0.3078276
506.5915,506.2837,0.3077903
506.5915,506.2837,0.3077775
506.5915,506.2838,0.307733
506.5915,506.2838,0.3077317
506.5915,506.2838,0.3077309
506.5915,506.2838,0.3077298
506.5915,506.2838,0.3077268
506.5915,506.2839,0.3076263
506.5915,506.2839,0.3076242
506.5915,506.2839,0.3076161
506.5915,506.284,0.3075334
506.5915,506.284,0.3075233
506.5915,506.284,0.3075192
506.5915,506.2841,0.307444
506.5915,506.2841,0.3074361
506.5915,506.2841,0.3073795
506.5915,506.2841,0.307354
506.5915,506.2842,0.3073293
506.5915,506.2842,0.3073018
506.5915,506.2842,0.3072995
506.5915,506.2842,0.3072907
506.5915,506.2842,0.3072687
506.5915,506.2843,0.3072397
506.5915,506.2843,0.307216
506.5915,506.2843,0.3071753
506.5915,506.2844,0.3071296
506.5915,506.2844,0.3071296
506.5915,506.2845,0.3070435
506.5915,506.2845,0.3070054
506.5915,506.2845,0.3069951
506.5915,506.2846,0.3069365
506.5915,506.2846,0.3069173
506.5915,506.2846,0.3068957
506.5915,506.2846,0.306888
506.5915,506.2846,0.3068684
506.5915,506.2847,0.3068378
506.5915,506.2847,0.306834
506.5915,506.2847,0.3067861
506.5915,506.2847,0.3067558
506.5915,506.2848,0.3067239
506.5915,506.2849,0.3065868
506.5915,506.2849,0.3065733
506.5915,506.2849,0.3065578
506.5915,506.285,0.3065287
506.5915,506.285,0.3065284
506.5915,506.285,0.306511
506.5915,506.285,0.3064993
506.5915,506.285,0.3064756
506.5915,506.2851,0.3064495
506.5915,506.2851,0.3064218
506.5915,506.2851,0.3064118
506.5915,506.2852,0.3063304
506.5915,506.2852,0.3063025
506.5915,506.2852,0.3062799
506.5915,506.2853,0.3062372
506.5915,506.2853,0.306199
506.5915,506.2853,0.3061925
506.5915,506.2853,0.3061734
506.5915,506.2854,0.306149
506.5915,506.2854,0.3060594
506.5915,506.2855,0.3060411
506.5915,506.2855,0.3060361
506.5915,506.2855,0.3060286
506.5915,506.2855,0.3060213
506.5915,506.2855,0.3060114
506.5915,506.2855,0.3059924
506.5915,506.2855,0.3059867
506.5915,506.2855,0.305983
506.5915,506.2856,0.3059443
506.5915,506.2856,0.305906
506.5915,506.2856,0.3058771
506.5915,506.2856,0.3058692
506.5915,506.2856,0.3058595
506.5915,506.2857,0.3058354
506.5915,506.2857,0.3058256
506.5915,506.2857,0.3058208
506.5915,506.2857,0.3058163
506.5915,506.2857,0.3058111
506.5915,506.2857,0.3058055
506.5915,506.2857,0.3057766
506.5915,506.2857,0.305774
506.5915,506.2858,0.3057433
506.5915,506.2859,0.3056491
506.5915,506.2859,0.3056489
506.5915,506.2859,0.3056432
506.5915,506.2859,0.3056278
506.5915,506.2859,0.3055516
506.5915,506.286,0.3055396
506.5915,506.286,0.3055126
506.5915,506.286,0.3055124
506.5915,506.286,0.305478
506.5915,506.286,0.3054657
506.5915,506.2861,0.3054201
506.5915,506.2861,0.305377
506.5915,506.2861,0.3053624
506.5915,506.2861,0.3053566
506.5915,506.2862,0.3053475
506.5915,506.2862,0.3053465
506.5915,506.2862,0.3053302
506.5915,506.2862,0.3053098
506.5915,506.2862,0.3052808
506.5915,506.2862,0.3052787
506.5915,506.2862,0.305259
506.5915,506.2862,0.3052585
506.5915,506.2862,0.3052538
506.5915,506.2863,0.3052382
506.5915,506.2863,0.3052094
506.5915,506.2863,0.3051855
506.5915,506.2863,0.3051747
506.5915,506.2863,0.3051724
506.5915,506.2863,0.3051672
506.5915,506.2864,0.3051118
506.5915,506.2864,0.3050676
506.5915,506.2864,0.3050618
506.5915,506.2865,0.3050105
506.5915,506.2865,0.3050051
506.5915,506.2865,0.3050005
506.5915,506.2865,0.3049967
506.5915,506.2865,0.304977
506.5915,506.2865,0.3049599
506.5915,506.2866,0.304938
506.5915,506.2866,0.3049314
506.5915,506.2866,0.3049275
506.5915,506.2866,0.3049165
506.5915,506.2866,0.3048513
506.5915,506.2867,0.3048182
506.5915,506.2867,0.3047876
506.5915,506.2867,0.3047757
506.5915,506.2867,0.3047703
506.5915,506.2867,0.3047617
506.5915,506.2868,0.3047347
506.5915,506.2868,0.3047312
506.5915,506.2868,0.3047132
506.5915,506.2868,0.304712
506.5915,506.2868,0.3046992
506.5915,506.2868,0.3046976
506.5915,506.2868,0.3046852
506.5915,506.2869,0.3046481
506.5915,506.2869,0.3046408
506.5915,506.2869,0.3046344
506.5915,506.2869,0.3046335
506.5915,506.2869,0.304603
506.5915,506.2869,0.3045753
506.5915,506.2869,0.3045601
506.5915,506.2869,0.3045523
506.5915,506.287,0.3045282
506.5915,506.287,0.3045244
506.5915,506.287,0.3045043
506.5915,506.287,0.3045026
506.5915,506.287,0.3044816
506.5915,506.287,0.3044679
506.5915,506.287,0.3044547
506.5915,506.2871,0.3044392
506.5915,506.2871,0.3044198
506.5915,506.2871,0.3044184
506.5915,506.2871,0.3044171
506.5915,506.2871,0.3044099
506.5915,506.2871,0.3043872
506.5915,506.2871,0.30438
506.5915,506.2871,0.3043629
506.5915,506.2872,0.3043464
506.5915,506.2872,0.3043383
506.5915,506.2872,0.3043189
506.5915,506.2872,0.3043146
506.5915,506.2872,0.3042922
506.5915,506.2872,0.3042893
506.5915,506.2872,0.3042841
506.5915,506.2872,0.3042773
506.5915,506.2873,0.3041934
506.5915,506.2873,0.3041739
506.5915,506.2873,0.3041642
506.5915,506.2874,0.3041413
506.5915,506.2874,0.3041316
506.5915,506.2874,0.3041295
506.5915,506.2874,0.304109
506.5915,506.2874,0.3040955
506.5915,506.2874,0.3040631
506.5915,506.2875,0.304039
506.5915,506.2875,0.3040135
506.5915,506.2875,0.3040075
506.5915,506.2875,0.3039814
506.5915,506.2875,0.3039753
506.5915,506.2875,0.303973
506.5915,506.2876,0.3039452
506.5915,506.2876,0.3039356
506.5915,506.2876,0.303889
506.5915,506.2876,0.3038837
506.5915,506.2876,0.3038792
506.5915,506.2876,0.3038686
506.5915,506.2877,0.3038074
506.5915,506.2877,0.3037895
506.5915,506.2878,0.3037168
506.5915,506.2878,0.3037
506.5915,506.2878,0.3036847
506.5915,506.2879,0.3036393
506.5915,506.2879,0.3036385
506.5915,506.2879,0.3036358
506.5915,506.2879,0.3036265
506.5915,506.2879,0.3036143
506.5915,506.288,0.3035011
506.5915,506.288,0.3034709
506.5915,506.288,0.3034667
506.5915,506.288,0.3034666
506.5915,506.2881,0.3034492
506.5915,506.2881,0.3034316
506.5915,506.2881,0.3033954
506.5915,506.2882,0.3033242
506.5915,506.2882,0.3033081
506.5915,506.2882,0.3033049
506.5915,506.2882,0.3033036
506.5915,506.2883,0.3032306
506.5915,506.2884,0.3030834
506.5915,506.2886,0.3029349
506.5915,506.2886,0.3029335
506.5915,506.2886,0.3029068
506.5915,506.2887,0.3028332
506.5915,506.2887,0.3028304
506.5915,506.2888,0.3027291
506.5915,506.2889,0.3026467
506.5915,506.2889,0.3025511
506.5915,506.289,0.3025355
506.5915,506.2891,0.3024189
506.5915,506.2892,0.3022629
506.5915,506.2893,0.3021866
506.5915,506.2894,0.3020748
506.5915,506.2895,0.3020433
506.5915,506.2897,0.3018293
506.5915,506.2897,0.3017593
506.5915,506.2901,0.3014459
506.5915,506.2901,0.301361
506.5915,506.2902,0.3013489
506.5915,506.2902,0.3013094
506.5915,506.2903,0.3012327
506.5915,506.2903,0.3011502
506.5915,506.2905,0.3010105
506.5915,506.2905,0.300954
506.5915,506.2909,0.3005934
506.5915,506.2913,0.3002059
506.5915,506.2915,0.3000104
506.5915,506.2916,0.2999164
506.5915,506.2921,0.2993835
506.5915,506.2922,0.2992741
506.5915,506.2927,0.2987669
506.5915,506.2929,0.2986099
506.5915,506.2933,0.2981781
506.5915,506.2936,0.2979055
506.5915,506.2937,0.297789
506.5915,506.2941,0.2973779
506.5915,506.2942,0.2973481
506.5915,506.2943,0.2972239
506.5915,506.2943,0.2971942
506.5915,506.2945,0.2969659
506.5915,506.2948,0.2967293
506.5915,506.295,0.296523
506.5915,506.295,0.2964983
506.5915,506.2951,0.2963869
506.5915,506.2952,0.2962839
506.5915,506.2954,0.2961156
506.5915,506.2954,0.2960518
506.5915,506.2956,0.2958821
506.5915,506.2957,0.2957763
506.5915,506.2958,0.2957376
506.5915,506.2958,0.2956963
506.5915,506.2959,0.2956355
506.5915,506.2959,0.2956206
506.5915,506.2959,0.2956089
506.5915,506.2959,0.2955909
506.5915,506.2959,0.295573
506.5915,506.2959,0.2955603
506.5915,506.2959,0.2955559
506.5915,506.296,0.295512
506.5915,506.296,0.2955112
506.5915,506.296,0.2954979
506.5915,506.296,0.2954891
506.5915,506.296,0.2954739
506.5915,506.2962,0.2953456
506.5915,506.2962,0.2953448
506.5915,506.2962,0.2953312
506.5915,506.2962,0.2953236
506.5915,506.2962,0.2953167
506.5915,506.2962,0.2953057
506.5915,506.2962,0.2952829
506.5915,506.2962,0.295266
506.5915,506.2963,0.2952221
506.5915,506.2963,0.2952123
506.5915,506.2963,0.2951736
506.5915,506.2963,0.2951678
506.5915,506.2964,0.2951399
506.5915,506.2964,0.2951363
506.5915,506.2964,0.2951016
506.5915,506.2965,0.2950371
506.5915,506.2965,0.2950337
506.5915,506.2965,0.295027
506.5915,506.2965,0.295024
506.5915,506.2965,0.2949699
506.5915,506.2965,0.2949647
506.5915,506.2965,0.2949595
506.5915,506.2966,0.2949281
506.5915,506.2966,0.2949253
506.5915,506.2966,0.2948976
506.5915,506.2966,0.2948803
506.5915,506.2966,0.2948733
506.5915,506.2967,0.2948358
506.5915,506.2967,0.294821
506.5915,506.2967,0.2947913
506.5915,506.2968,0.2947383
506.5915,506.2968,0.2947373
506.5915,506.2968,0.2947292
506.5915,506.2968,0.2947061
506.5915,506.2968,0.2946852
506.5915,506.2968,0.2946805
506.5915,506.2968,0.2946706
506.5915,506.2969,0.2946454
506.5915,506.2969,0.2946221
506.5915,506.2969,0.2946082
506.5915,506.2969,0.2946043
506.5915,506.2969,0.2945816
506.5915,506.2969,0.2945568
506.5915,506.297,0.2945339
506.5915,506.297,0.2945009
506.5915,506.297,0.2944717
506.5915,506.297,0.2944702
506.5915,506.2971,0.2944317
506.5915,506.2971,0.2944295
506.5915,506.2971,0.2944096
506.5915,506.2971,0.2943928
506.5915,506.2971,0.2943819
506.5915,506.2971,0.2943628
506.5915,506.2971,0.2943617
506.5915,506.2971,0.2943569
506.5915,506.2972,0.2943354
506.5915,506.2972,0.2943294
506.5915,506.2972,0.2943221
506.5915,506.2972,0.2943045
506.5915,506.2972,0.2942922
506.5915,506.2972,0.2942559
506.5915,506.2972,0.2942554
506.5915,506.2972,0.2942549
506.5915,506.2973,0.2942271
506.5915,506.2973,0.2941975
506.5915,506.2973,0.2941688
506.5915,506.2973,0.2941659
506.5915,506.2973,0.2941532
506.5915,506.2974,0.2941438
506.5915,506.2974,0.2941373
506.5915,506.2974,0.2941214
506.5915,506.2974,0.2940858
506.5915,506.2974,0.2940672
506.5915,506.2975,0.2940082
506.5915,506.2975,0.2939949
506.5915,506.2975,0.2939866
506.5915,506.2975,0.2939727
506.5915,506.2975,0.2939661
506.5915,506.2976,0.2939039
506.5915,506.2976,0.2938978
506.5915,506.2976,0.2938946
506.5915,506.2976,0.2938885
506.5915,506.2977,0.2938487
506.5915,506.2977,0.2938358
506.5915,506.2977,0.2938037
506.5915,506.2977,0.2937521
506.5915,506.2978,0.2937431
506.5915,506.2978,0.2937151
506.5915,506.2978,0.293689
506.5915,506.2978,0.2936874
506.5915,506.2978,0.293677
506.5915,506.2978,0.2936548
506.5915,506.2979,0.2936337
506.5915,506.2979,0.2936166
506.5915,506.2979,0.293582
506.5915,506.2979,0.2935774
506.5915,506.298,0.2935478
506.5915,506.298,0.2935467
506.5915,506.298,0.2935432
506.5915,506.298,0.2935423
506.5915,506.2981,0.2934155
506.5915,506.2981,0.2934007
506.5915,506.2982,0.2933147
506.5915,506.2982,0.2933084
506.5915,506.2982,0.2932902
506.5915,506.2982,0.2932805
506.5915,506.2982,0.2932738
506.5915,506.2982,0.2932665
506.5915,506.2983,0.2932492
506.5915,506.2983,0.293216
506.5915,506.2983,0.2931525
506.5915,506.2984,0.2931198
506.5915,506.2985,0.2929883
506.5915,506.2985,0.2929835
506.5915,506.2985,0.2929798
506.5915,506.2986,0.2929133
506.5915,506.2987,0.2928258
506.5915,506.2987,0.2928116
506.5915,506.2987,0.2927993
506.5915,506.2987,0.2927964
506.5915,506.2988,0.2926717
506.5915,506.2988,0.2926644
506.5915,506.299,0.292544
506.5915,506.2991,0.2924201
506.5915,506.2992,0.2923433
506.5915,506.2992,0.2923272
506.5915,506.2992,0.2922924
506.5915,506.2992,0.292254
506.5915,506.2993,0.2922125
506.5915,506.2993,0.2921766
506.5915,506.2994,0.2920813
506.5915,506.2994,0.2920739
506.5915,506.2994,0.2920736
506.5915,506.2995,0.2920399
506.5915,506.2998,0.2917017
506.5915,506.2998,0.291668
506.5915,506.3,0.2915227
506.5915,506.3002,0.2913422
506.5915,506.3006,0.290851
506.5915,506.3008,0.2906754
506.5915,506.3026,0.2889373
506.5915,506.304,0.2874696
506.5915,506.3056,0.2858621
506.5915,506.3111,0.2804047
506.5915,506.3116,0.2798798
506.5915,506.3126,0.2789396
506.5915,506.32,0.2714857
506.5915,506.321,0.270468
506.5915,506.3775,0.2139727
506.5915,506.7021,-0.1105553
506.5915,506.7226,-0.1311043
506.5915,506.7248,-0.1333015
506.5915,506.7279,-0.1364265
506.5915,506.729,-0.137491
506.5915,506.731,-0.1394582
506.5915,506.7316,-0.1400573
506.5915,506.7336,-0.1421334
506.5915,506.734,-0.1425021
506.5915,506.7381,-0.1466136
506.5915,506.7663,-0.1748032
506.5915,506.7679,-0.1763614
506.5915,506.7686,-0.1770673
506.5915,506.7691,-0.1776448
506.5915,506.7691,-0.1776475
506.5915,506.7709,-0.1793716
506.5915,506.7713,-0.1797914
506.5915,506.7721,-0.1805501
506.5915,506.7724,-0.1809346
506.5915,506.7727,-0.1812356
506.5915,506.7741,-0.1826095
506.5915,506.7751,-0.1836367
506.5915,506.7751,-0.1836449
506.5915,506.7751,-0.1836459
506.5915,506.7751,-0.1836473
506.5915,506.7752,-0.1836899
506.5915,506.7755,-0.1839753
506.5915,506.7757,-0.1842242
506.5915,506.7763,-0.1847633
506.5915,506.7777,-0.186156
506.5915,506.778,-0.1864542
506.5915,506.7781,-0.1865571
506.5915,506.7781,-0.1866385
506.5915,506.7782,-0.186668
506.5915,506.7788,-0.1873285
506.5915,506.7796,-0.1881164
506.5915,506.7797,-0.1882288
506.5915,506.7798,-0.1883224
506.5915,506.7802,-0.1887064
506.5915,506.7802,-0.1887498
506.5915,506.7804,-0.1889327
506.5915,506.7806,-0.1891284
506.5915,506.7809,-0.1894182
506.5915,506.781,-0.1894861
506.5915,506.7812,-0.1897117
506.5915,506.7814,-0.1898773
506.5915,506.7825,-0.1909999
506.5915,506.7825,-0.1910119
506.5915,506.7826,-0.1911262
506.5915,506.7827,-0.1912042
506.5915,506.783,-0.1915232
506.5915,506.7832,-0.191698
506.5915,506.7835,-0.1920218
506.5915,506.7837,-0.1922121
506.5915,506.784,-0.1925096
506.5915,506.7841,-0.1925909
506.5915,506.7842,-0.1926605
506.5915,506.7845,-0.1929695
506.5915,506.785,-0.1934994
506.5915,506.7852,-0.1936861
506.5915,506.7852,-0.1937337
506.5915,506.7852,-0.1937443
506.5915,506.7856,-0.1941031
506.5915,506.7859,-0.1943522
506.5915,506.7859,-0.194377
506.5915,506.7861,-0.1945554
506.5915,506.7861,-0.1945573
506.5915,506.7861,-0.1945921
506.5915,506.7864,-0.1948555
506.5915,506.7864,-0.1949078
506.5915,506.7864,-0.1949203
506.5915,506.7865,-0.1950145
506.5915,506.7865,-0.1950308
506.5915,506.787,-0.195468
506.5915,506.787,-0.1955161
506.5915,506.7873,-0.1957701
506.5915,506.7876,-0.1960682
506.5915,506.7876,-0.1960915
506.5915,506.7876,-0.1961034
506.5915,506.7878,-0.1962706
506.5915,506.7881,-0.1966458
506.5915,506.7882,-0.1966675
506.5915,506.7882,-0.1967269
506.5915,506.7884,-0.1968593
506.5915,506.7884,-0.1968958
506.5915,506.7885,-0.1969903
506.5915,506.7885,-0.1970156
506.5915,506.7886,-0.1970912
506.5915,506.7888,-0.1972799
506.5915,506.7888,-0.1973213
506.5915,506.7889,-0.1974068
506.5915,506.7889,-0.1974201
506.5915,506.789,-0.1974898
506.5915,506.789,-0.1975057
506.5915,506.7891,-0.1975712
506.5915,506.7891,-0.1975781
506.5915,506.7891,-0.1976041
506.5915,506.7891,-0.1976302
506.5915,506.7892,-0.1977372
506.5915,506.7894,-0.1978627
506.5915,506.7894,-0.1978999
506.5915,506.7894,-0.1979128
506.5915,506.7894,-0.1979391
506.5915,506.7894,-0.1979482
506.5915,506.7895,-0.1979689
506.5915,506.7896,-0.1980706
506.5915,506.7896,-0.1981008
506.5915,506.7897,-0.1981535
506.5915,506.7899,-0.1983623
506.5915,506.79,-0.1984571
506.5915,506.7901,-0.1985857
506.5915,506.7901,-0.1986468
506.5915,506.7902,-0.1986962
506.5915,506.7903,-0.1987856
506.5915,506.7905,-0.1989962
506.5915,506.7905,-0.198997
506.5915,506.7905,-0.1990162
506.5915,506.7905,-0.1990315
506.5915,506.7906,-0.1991024
506.5915,506.7907,-0.1992116
506.5915,506.7908,-0.1993146
506.5915,506.7909,-0.1994288
506.5915,506.791,-0.1995273
506.5915,506.7911,-0.1996182
506.5915,506.7912,-0.1996622
506.5915,506.7912,-0.1996839
506.5915,506.7912,-0.1996941
506.5915,506.7913,-0.1998316
506.5915,506.7915,-0.1999953
506.5915,506.7915,-0.2000262
506.5915,506.7916,-0.2000545
506.5915,506.7916,-0.200095
506.5915,506.7916,-0.2001239
506.5915,506.7917,-0.2002132
506.5915,506.792,-0.2004754
506.5915,506.7922,-0.2007377
506.5915,506.7923,-0.2007851
506.5915,506.7923,-0.2008336
506.5915,506.7924,-0.200851
506.5915,506.7927,-0.2012125
506.5915,506.7929,-0.2014319
506.5915,506.7931,-0.2016037
506.5915,506.7932,-0.2016782
506.5915,506.7933,-0.2018402
506.5915,506.7934,-0.2019064
506.5915,506.7934,-0.2019067
506.5915,506.7935,-0.2019919
506.5915,506.7935,-0.2019974
506.5915,506.7937,-0.2021814
506.5915,506.7942,-0.202684
506.5915,506.7947,-0.2031819
506.5915,506.7949,-0.2034412
506.5915,506.7951,-0.2036298
506.5915,506.7957,-0.2041914
506.5915,506.7962,-0.2046596
506.5915,506.7963,-0.2047505
506.5915,506.7965,-0.2050171
506.5915,506.7966,-0.2050697
506.5915,506.7967,-0.2052288
506.5915,506.7968,-0.2053431
506.5915,506.7969,-0.2053804
506.5915,506.7972,-0.2057207
506.5915,506.7973,-0.2058301
506.5915,506.7974,-0.205869
506.5915,506.7974,-0.2059126
506.5915,506.7976,-0.2061162
506.5915,506.7977,-0.2062009
506.5915,506.7978,-0.2063266
506.5915,506.7979,-0.2063711
506.5915,506.798,-0.2064518
506.5915,506.798,-0.2064561
506.5915,506.798,-0.2065092
506.5915,506.7981,-0.2065972
506.5915,506.7982,-0.2066843
506.5915,506.7982,-0.2066887
506.5915,506.7982,-0.2067336
506.5915,506.7984,-0.2068598
506.5915,506.7984,-0.2069074
506.5915,506.7984,-0.2069113
506.5915,506.7984,-0.2069332
506.5915,506.7984,-0.2069374
506.5915,506.7985,-0.2069515
506.5915,506.7985,-0.2070099
506.5915,506.7986,-0.2070644
506.5915,506.7986,-0.2071458
506.5915,506.7986,-0.2071465
506.5915,506.7987,-0.2071592
506.5915,506.7987,-0.2071674
506.5915,506.7987,-0.2071714
506.5915,506.7987,-0.207215
506.5915,506.7987,-0.2072385
506.5915,506.7988,-0.2072526
506.5915,506.7988,-0.2072699
506.5915,506.7988,-0.2073246
506.5915,506.7989,-0.2073708
506.5915,506.7989,-0.2073726
506.5915,506.7989,-0.2073907
506.5915,506.7989,-0.2074148
506.5915,506.7989,-0.2074298
506.5915,506.799,-0.2074842
506.5915,506.799,-0.2075169
506.5915,506.7993,-0.2077789
506.5915,506.7993,-0.2077798
506.5915,506.7993,-0.2077801
506.5915,506.7993,-0.2078391
506.5915,506.7994,-0.2079401
506.5915,506.7995,-0.2079853
506.5915,506.7995,-0.2080333
506.5915,506.7996,-0.2081252
506.5915,506.7997,-0.2081828
506.5915,506.7997,-0.2082321
506.5915,506.7998,-0.2082898
506.5915,506.7998,-0.2083038
506.5915,506.7998,-0.2083372
506.5915,506.7999,-0.2083879
506.5915,506.8,-0.2084725
506.5915,506.8,-0.208473
506.5915,506.8001,-0.2085721
506.5915,506.8002,-0.2087357
506.5915,506.8003,-0.2087594
506.5915,506.8003,-0.2087698
506.5915,506.8003,-0.2087819
506.5915,506.8004,-0.2088522
506.5915,506.8004,-0.2089334
506.5915,506.8005,-0.2089518
506.5915,506.8006,-0.2091192
506.5915,506.8006,-0.2091415
506.5915,506.8007,-0.2091957
506.5915,506.8007,-0.2092284
506.5915,506.8007,-0.2092288
506.5915,506.8008,-0.2093299
506.5915,506.801,-0.2095117
506.5915,506.8013,-0.2097817
506.5915,506.8016,-0.2100983
506.5915,506.8017,-0.2101673
506.5915,506.8017,-0.2101717
506.5915,506.8018,-0.2102794
506.5915,506.8018,-0.2102879
506.5915,506.8023,-0.210815
506.5915,506.8031,-0.2115765
506.5915,506.8031,-0.2115879
506.5915,506.8033,-0.2118005
506.5915,506.8033,-0.2118126
506.5915,506.8034,-0.2118659
506.5915,506.8035,-0.2120154
506.5915,506.8036,-0.2120902
506.5915,506.8039,-0.2124363
506.5915,506.8041,-0.2125919
506.5915,506.8041,-0.212603
506.5915,506.8043,-0.2127934
506.5915,506.8045,-0.212982
506.5915,506.8045,-0.2130407
506.5915,506.8046,-0.2131378
506.5915,506.8047,-0.2131691
506.5915,506.8047,-0.2131818
506.5915,506.8048,-0.2132527
506.5915,506.8048,-0.2133213
506.5915,506.8048,-0.2133479
506.5915,506.8052,-0.2136599
506.5915,506.8052,-0.2136773
506.5915,506.8052,-0.2136785
506.5915,506.8052,-0.2137126
506.5915,506.8052,-0.2137309
506.5915,506.8053,-0.2138408
506.5915,506.8055,-0.2139575
506.5915,506.8055,-0.2139602
506.5915,506.8056,-0.2141093
506.5915,506.8058,-0.2142511
506.5915,506.8058,-0.2143015
506.5915,506.8058,-0.2143455
506.5915,506.8059,-0.2143795
506.5915,506.8061,-0.2146375
506.5915,506.8063,-0.2147678
506.5915,506.8063,-0.2147793
506.5915,506.8066,-0.2151109
506.5915,506.8067,-0.2151916
506.5915,506.8067,-0.2152163
506.5915,506.8071,-0.2155848
506.5915,506.8071,-0.2156467
506.5915,506.8076,-0.2160821
506.5915,506.8078,-0.2163201
506.5915,506.808,-0.2165052
506.5915,506.8088,-0.2173329
506.5915,506.8089,-0.2174113
506.5915,506.8123,-0.220787
506.5915,506.8128,-0.2213063
506.5915,506.875,-0.283469
506.5915,506.885,-0.293467
506.5915,506.8852,-0.2937094
506.5915,506.8861,-0.2946033
506.5915,506.8866,-0.295127
506.5915,506.8867,-0.2951981
506.5915,506.8869,-0.295428
506.5915,506.8871,-0.2955502
506.5915,506.8872,-0.2957476
506.5915,506.8873,-0.2957637
506.5915,506.8875,-0.2959572
506.5915,506.8875,-0.2960176
506.5915,506.8877,-0.2961514
506.5915,506.8877,-0.2961776
506.5915,506.8877,-0.296203
506.5915,506.8878,-0.2962504
506.5915,506.8878,-0.29627
506.5915,506.8878,-0.296271
506.5915,506.8884,-0.2968971
506.5915,506.8884,-0.2969247
506.5915,506.8885,-0.2970229
506.5915,506.8887,-0.2971888
506.5915,506.8888,-0.2973186
506.5915,506.8889,-0.2973956
506.5915,506.8891,-0.297575
506.5915,506.8891,-0.2975991
506.5915,506.8891,-0.2976393
506.5915,506.8894,-0.2979307
506.5915,506.8894,-0.2979339
506.5915,506.8895,-0.2979581
506.5915,506.8895,-0.2980201
506.5915,506.8896,-0.2981227
506.5915,506.8898,-0.298271
506.5915,506.8899,-0.2984467
506.5915,506.89,-0.2984537
506.5915,506.8901,-0.2985726
506.5915,506.8902,-0.2986609
506.5915,506.8902,-0.2987165
506.5915,506.8903,-0.2988171
506.5915,506.8905,-0.2989514
506.5915,506.8908,-0.2992821
506.5915,506.8912,-0.2996864
506.5915,506.8915,-0.2999791
506.5915,506.8915,-0.3000318
506.5915,506.892,-0.3004593
506.5915,506.8925,-0.3010117
506.5915,506.8927,-0.3012122
506.5915,506.8932,-0.3016879
506.5915,506.8944,-0.3028575
506.5915,506.8944,-0.3029369
506.5915,506.8946,-0.3031227
506.5915,506.8965,-0.3049508
506.5915,506.8974,-0.3059187
506.5915,506.8977,-0.3061548
506.5915,506.8981,-0.3066394
506.5915,506.8982,-0.3067281
506.5915,506.8991,-0.307632
506.5915,506.8995,-0.3079865
506.5915,506.9004,-0.3089493
506.5915,506.9017,-0.310165
506.5915,506.9019,-0.3103879
506.5915,506.9021,-0.3106003
506.5915,506.9043,-0.3127636
506.5915,506.91,-0.3185244
506.5915,506.9104,-0.3188702
506.5915,506.9105,-0.3189657
506.5915,506.9114,-0.3198954
506.5915,506.9116,-0.3201327
506.5915,506.9123,-0.3208337
506.5915,506.9126,-0.3211053
506.5915,506.9127,-0.3212363
506.5915,506.913,-0.3215282
506.5915,506.9135,-0.3220202
506.5915,506.9135,-0.3220226
506.5915,506.9135,-0.3220339
506.5915,506.9137,-0.3221561
506.5915,506.9137,-0.3222014
506.5915,506.9138,-0.3222839
506.5915,506.9139,-0.3224091
506.5915,506.9141,-0.3225912
506.5915,506.9142,-0.3226543
506.5915,506.9143,-0.322815
506.5915,506.9144,-0.3228686
506.5915,506.9145,-0.3230489
506.5915,506.9146,-0.3230991
506.5915,506.9146,-0.3231244
506.5915,506.9146,-0.3231361
506.5915,506.9146,-0.323146
506.5915,506.9147,-0.323215
506.5915,506.9148,-0.3233364
506.5915,506.9149,-0.3233837
506.5915,506.9152,-0.3236616
506.5915,506.9152,-0.3236702
506.5915,506.9152,-0.3236774
506.5915,506.9152,-0.3237188
506.5915,506.9152,-0.3237431
506.5915,506.9153,-0.3238232
506.5915,506.9157,-0.3241958
506.5915,506.9157,-0.3242107
506.5915,506.9158,-0.3242648
506.5915,506.9158,-0.324315
506.5915,506.9158,-0.3243274
506.5915,506.9159,-0.3243573
506.5915,506.9159,-0.3243795
506.5915,506.916,-0.3244571
506.5915,506.916,-0.3244841
506.5915,506.916,-0.3245049
506.5915,506.916,-0.3245333
506.5915,506.9161,-0.3245737
506.5915,506.9162,-0.3247239
506.5915,506.9162,-0.3247371
506.5915,506.9163,-0.3248037
506.5915,506.9163,-0.3248291
506.5915,506.9163,-0.3248416
506.5915,506.9163,-0.3248477
506.5915,506.9164,-0.3248518
506.5915,506.9165,-0.324994
506.5915,506.9165,-0.3249942
506.5915,506.9165,-0.3250488
506.5915,506.9166,-0.3250716
506.5915,506.9166,-0.325084
506.5915,506.9166,-0.3250986
506.5915,506.9166,-0.3250998
506.5915,506.9166,-0.3251022
506.5915,506.9166,-0.3251382
506.5915,506.9167,-0.3251612
506.5915,506.9167,-0.3252241
506.5915,506.9168,-0.3253087
506.5915,506.9168,-0.3253225
506.5915,506.9168,-0.3253492
506.5915,506.9169,-0.3253782
506.5915,506.9169,-0.3253926
506.5915,506.917,-0.3255028
506.5915,506.917,-0.3255483
506.5915,506.9171,-0.3255657
506.5915,506.9171,-0.3255692
506.5915,506.9171,-0.3255723
506.5915,506.9171,-0.3256257
506.5915,506.9172,-0.3256538
506.5915,506.9173,-0.3257579
506.5915,506.9173,-0.3257617
506.5915,506.9173,-0.3257723
506.5915,506.9173,-0.3258462
506.5915,506.9174,-0.3258669
506.5915,506.9174,-0.325867
506.5915,506.9174,-0.3258932
506.5915,506.9174,-0.3258996
506.5915,506.9174,-0.3259147
506.5915,506.9174,-0.3259388
506.5915,506.9174,-0.3259408
506.5915,506.9175,-0.3259844
506.5915,506.9175,-0.3260204
506.5915,506.9176,-0.3260689
506.5915,506.9176,-0.3260969
506.5915,506.9177,-0.3261832
506.5915,506.9177,-0.3261861
506.5915,506.9177,-0.3261864
506.5915,506.9177,-0.326198
506.5915,506.9178,-0.3263259
506.5915,506.9178,-0.326338
506.5915,506.9178,-0.3263386
506.5915,506.9178,-0.3263489
506.5915,506.9179,-0.326357
506.5915,506.9179,-0.3263697
506.5915,506.9179,-0.3263747
506.5915,506.9179,-0.3264234
506.5915,506.918,-0.3264821
506.5915,506.918,-0.3264905
506.5915,506.918,-0.3265015
506.5915,506.9181,-0.3265708
506.5915,506.9181,-0.3265946
506.5915,506.9182,-0.3266708
506.5915,506.9182,-0.3266972
506.5915,506.9182,-0.326716
506.5915,506.9182,-0.3267347
506.5915,506.9183,-0.3267595
506.5915,506.9183,-0.3267905
506.5915,506.9183,-0.3267911
506.5915,506.9183,-0.3268307
506.5915,506.9183,-0.3268365
506.5915,506.9184,-0.3268677
506.5915,506.9184,-0.3268918
506.5915,506.9184,-0.3269479
506.5915,506.9185,-0.3270068
506.5915,506.9185,-0.3270222
506.5915,506.9185,-0.3270246
506.5915,506.9186,-0.3270616
506.5915,506.9186,-0.3270645
506.5915,506.9186,-0.3270747
506.5915,506.9186,-0.3270877
506.5915,506.9186,-0.3271175
506.5915,506.9186,-0.32712
506.5915,506.9186,-0.3271271
506.5915,506.9186,-0.3271296
506.5915,506.9187,-0.3271612
506.5915,506.9187,-0.3271938
506.5915,506.9187,-0.3272
506.5915,506.9187,-0.32721
506.5915,506.9188,-0.3272597
506.5915,506.9188,-0.3272634
506.5915,506.9188,-0.3272893
506.5915,506.9188,-0.3272898
506.5915,506.9188,-0.3272939
506.5915,506.9188,-0.3272964
506.5915,506.9188,-0.3273071
506.5915,506.9188,-0.3273338
506.5915,506.9188,-0.3273372
506.5915,506.9188,-0.3273373
506.5915,506.9189,-0.3273841
506.5915,506.9189,-0.327406
506.5915,506.9189,-0.3274226
506.5915,506.919,-0.3275241
506.5915,506.919,-0.3275373
506.5915,506.9191,-0.3275731
506.5915,506.9191,-0.3275742
506.5915,506.9191,-0.3276152
506.5915,506.9191,-0.3276266
506.5915,506.9192,-0.3276895
506.5915,506.9192,-0.3276929
506.5915,506.9192,-0.3276955
506.5915,506.9192,-0.3277119
506.5915,506.9192,-0.3277378
506.5915,506.9192,-0.3277417
506.5915,506.9193,-0.3277542
506.5915,506.9193,-0.3277556
506.5915,506.9193,-0.3277564
506.5915,506.9193,-0.3277729
506.5915,506.9193,-0.3277741
506.5915,506.9193,-0.3277988
506.5915,506.9193,-0.3277991
506.5915,506.9193,-0.3278075
506.5915,506.9193,-0.327814
506.5915,506.9193,-0.327816
506.5915,506.9193,-0.3278294
506.5915,506.9194,-0.3278936
506.5915,506.9194,-0.327895
506.5915,506.9194,-0.3279127
506.5915,506.9194,-0.3279214
506.5915,506.9194,-0.327924
506.5915,506.9194,-0.3279267
506.5915,506.9194,-0.3279492
506.5915,506.9195,-0.3279517
506.5915,506.9195,-0.3279572
506.5915,506.9195,-0.3279712
506.5915,506.9195,-0.3279798
506.5915,506.9195,-0.3279822
506.5915,506.9195,-0.3279824
506.5915,506.9195,-0.3279853
506.5915,506.9195,-0.3279886
506.5915,506.9195,-0.3279913
506.5915,506.9195,-0.3280044
506.5915,506.9195,-0.3280113
506.5915,506.9195,-0.3280173
506.5915,506.9195,-0.3280327
506.5915,506.9195,-0.3280487
506.5915,506.9196,-0.3280627
506.5915,506.9196,-0.3280635
506.5915,506.9196,-0.3280705
506.5915,506.9196,-0.3280748
506.5915,506.9196,-0.3280753
506.5915,506.9196,-0.3280813
506.5915,506.9196,-0.3280877
506.5915,506.9196,-0.3280887
506.5915,506.9196,-0.32809
506.5915,506.9196,-0.328098
506.5915,506.9196,-0.3281294
506.5915,506.9196,-0.3281341
506.5915,506.9197,-0.328155
506.5915,506.9197,-0.328163
506.5915,506.9197,-0.3281708
506.5915,506.9197,-0.3281806
506.5915,506.9197,-0.3281895
506.5915,506.9197,-0.328204
506.5915,506.9197,-0.3282073
506.5915,506.9197,-0.3282188
506.5915,506.9197,-0.3282222
506.5915,506.9197,-0.3282306
506.5915,506.9197,-0.3282319
506.5915,506.9197,-0.3282341
506.5915,506.9197,-0.3282394
506.5915,506.9197,-0.3282427
506.5915,506.9197,-0.328243
506.5915,506.9198,-0.3282756
506.5915,506.9198,-0.3282794
506.5915,506.9198,-0.3282817
506.5915,506.9198,-0.3282819
506.5915,506.9198,-0.3282922
506.5915,506.9198,-0.3283143
506.5915,506.9198,-0.328315
506.5915,506.9198,-0.3283172
506.5915,506.9198,-0.3283289
506.5915,506.9198,-0.3283302
506.5915,506.9198,-0.3283447
506.5915,506.9198,-0.3283484
506.5915,506.9198,-0.3283495
506.5915,506.9199,-0.3283565
506.5915,506.9199,-0.3283601
506.5915,506.9199,-0.3283702
506.5915,506.9199,-0.3283788
506.5915,506.9199,-0.3283845
506.5915,506.9199,-0.3283929
506.5915,506.9199,-0.3283972
506.5915,506.9199,-0.3283994
506.5915,506.9199,-0.3284067
506.5915,506.9199,-0.3284068
506.5915,506.9199,-0.3284072
506.5915,506.9199,-0.328409
506.5915,506.9199,-0.3284115
506.5915,506.9199,-0.3284253
506.5915,506.9199,-0.3284266
506.5915,506.9199,-0.3284385
506.5915,506.9199,-0.3284485
506.5915,506.92,-0.3284557
506.5915,506.92,-0.3284559
506.5915,506.92,-0.3284569
506.5915,506.92,-0.3284662
506.5915,506.92,-0.3284671
506.5915,506.92,-0.3284754
506.5915,506.92,-0.328477
506.5915,506.92,-0.3284788
506.5915,506.92,-0.3284837
506.5915,506.92,-0.3284992
506.5915,506.92,-0.3285036
506.5915,506.92,-0.3285047
506.5915,506.92,-0.3285051
506.5915,506.92,-0.3285087
506.5915,506.92,-0.3285106
506.5915,506.92,-0.3285212
506.5915,506.92,-0.3285303
506.5915,506.92,-0.3285304
506.5915,506.92,-0.3285317
506.5915,506.92,-0.3285339
506.5915,506.92,-0.3285379
506.5915,506.92,-0.3285453
506.5915,506.92,-0.3285457
506.5915,506.9201,-0.3285605
506.5915,506.9201,-0.3285641
506.5915,506.9201,-0.3285654
506.5915,506.9201,-0.3285748
506.5915,506.9201,-0.3285781
506.5915,506.9201,-0.3286319
506.5915,506.9201,-0.32865
506.5915,506.9202,-0.3286529
506.5915,506.9202,-0.3286549
506.5915,506.9202,-0.3286563
506.5915,506.9202,-0.3286583
506.5915,506.9202,-0.3286595
506.5915,506.9202,-0.3286729
506.5915,506.9202,-0.3286744
506.5915,506.9202,-0.3286859
506.5915,506.9202,-0.3286983
506.5915,506.9202,-0.3287054
506.5915,506.9202,-0.3287105
506.5915,506.9202,-0.328712
506.5915,506.9202,-0.3287139
506.5915,506.9202,-0.3287207
506.5915,506.9202,-0.3287259
506.5915,506.9202,-0.3287262
506.5915,506.9202,-0.328738
506.5915,506.9202,-0.3287398
506.5915,506.9202,-0.3287485
506.5915,506.9202,-0.3287498
506.5915,506.9203,-0.3287534
506.5915,506.9203,-0.3287585
506.5915,506.9203,-0.3287599
506.5915,506.9203,-0.328763
506.5915,506.9203,-0.3287736
506.5915,506.9203,-0.3287788
506.5915,506.9203,-0.3287792
506.5915,506.9203,-0.3287804
506.5915,506.9203,-0.328786
506.5915,506.9203,-0.3288052
506.5915,506.9203,-0.3288104
506.5915,506.9203,-0.3288171
506.5915,506.9203,-0.3288445
506.5915,506.9204,-0.3288677
506.5915,506.9204,-0.3288687
506.5915,506.9204,-0.3288729
506.5915,506.9204,-0.3288731
506.5915,506.9204,-0.3288733
506.5915,506.9204,-0.3288757
506.5915,506.9204,-0.3288834
506.5915,506.9204,-0.3288994
506.5915,506.9204,-0.3289014
506.5915,506.9204,-0.3289031
506.5915,506.9204,-0.3289046
506.5915,506.9204,-0.328913
506.5915,506.9204,-0.3289153
506.5915,506.9204,-0.3289235
506.5915,506.9204,-0.3289272
506.5915,506.9204,-0.3289292
506.5915,506.9204,-0.3289454
506.5915,506.9205,-0.3289612
506.5915,506.9205,-0.3289757
506.5915,506.9205,-0.3289786
506.5915,506.9205,-0.3289845
506.5915,506.9205,-0.3289846
506.5915,506.9205,-0.3289888
506.5915,506.9205,-0.328989
506.5915,506.9205,-0.3289907
506.5915,506.9205,-0.3289974
506.5915,506.9205,-0.3289985
506.5915,506.9205,-0.3290013
506.5915,506.9205,-0.3290043
506.5915,506.9205,-0.3290106
506.5915,506.9205,-0.3290133
506.5915,506.9205,-0.3290135
506.5915,506.9205,-0.329017
506.5915,506.9205,-0.329017
506.5915,506.9205,-0.3290181
506.5915,506.9205,-0.3290197
506.5915,506.9205,-0.3290211
506.5915,506.9205,-0.3290212
506.5915,506.9205,-0.3290218
506.5915,506.9205,-0.3290229
506.5915,506.9205,-0.3290267
506.5915,506.9205,-0.3290308
506.5915,506.9205,-0.3290326
506.5915,506.9205,-0.3290329
506.5915,506.9205,-0.3290352
506.5915,506.9205,-0.3290399
506.5915,506.9205,-0.3290453
506.5915,506.9205,-0.3290469
506.5915,506.9206,-0.3290608
506.5915,506.9206,-0.3290646
506.5915,506.9206,-0.3290686
506.5915,506.9206,-0.3290714
506.5915,506.9206,-0.3290817
506.5915,506.9206,-0.3290865
506.5915,506.9206,-0.3290879
506.5915,506.9206,-0.3290984
506.5915,506.9206,-0.3290996
506.5915,506.9206,-0.3291043
506.5915,506.9206,-0.3291082
506.5915,506.9206,-0.3291158
506.5915,506.9206,-0.3291174
506.5915,506.9206,-0.3291216
506.5915,506.9206,-0.3291232
506.5915,506.9206,-0.3291234
506.5915,506.9206,-0.3291245
506.5915,506.9206,-0.3291324
506.5915,506.9206,-0.3291357
506.5915,506.9206,-0.3291443
506.5915,506.9206,-0.3291457
506.5915,506.9207,-0.3291527
506.5915,506.9207,-0.3291549
506.5915,506.9207,-0.3291578
506.5915,506.9207,-0.3291683
506.5915,506.9207,-0.3291703
506.5915,506.9207,-0.3291714
506.5915,506.9207,-0.3291737
506.5915,506.9207,-0.3291738
506.5915,506.9207,-0.3291751
506.5915,506.9207,-0.3291764
506.5915,506.9207,-0.329182
506.5915,506.9207,-0.3291834
506.5915,506.9207,-0.3291896
506.5915,506.9207,-0.3292076
506.5915,506.9207,-0.3292158
506.5915,506.9207,-0.3292284
506.5915,506.9207,-0.3292309
506.5915,506.9207,-0.3292321
506.5915,506.9207,-0.3292375
506.5915,506.9207,-0.3292455
506.5915,506.9207,-0.3292498
506.5915,506.9208,-0.3292591
506.5915,506.9208,-0.329265
506.5915,506.9208,-0.329268
506.5915,506.9208,-0.3292762
506.5915,506.9208,-0.3292789
506.5915,506.9208,-0.3292809
506.5915,506.9208,-0.3292842
506.5915,506.9208,-0.3292887
506.5915,506.9208,-0.3293102
506.5915,506.9208,-0.3293115
506.5915,506.9208,-0.3293158
506.5915,506.9208,-0.3293174
506.5915,506.9208,-0.3293263
506.5915,506.9208,-0.32933
506.5915,506.9208,-0.3293302
506.5915,506.9208,-0.3293346
506.5915,506.9208,-0.3293365
506.5915,506.9208,-0.3293366
506.5915,506.9208,-0.3293428
506.5915,506.9209,-0.3293644
506.5915,506.9209,-0.3293746
506.5915,506.9209,-0.3293815
506.5915,506.9209,-0.3293839
506.5915,506.9209,-0.3293879
506.5915,506.9209,-0.3293885
506.5915,506.9209,-0.3293959
506.5915,506.9209,-0.3294009
506.5915,506.9209,-0.329402
506.5915,506.9209,-0.3294068
506.5915,506.9209,-0.3294211
506.5915,506.9209,-0.3294251
506.5915,506.9209,-0.3294274
506.5915,506.9209,-0.3294283
506.5915,506.9209,-0.3294297
506.5915,506.9209,-0.3294302
506.5915,506.9209,-0.3294306
506.5915,506.9209,-0.3294332
506.5915,506.9209,-0.3294349
506.5915,506.9209,-0.3294437
506.5915,506.921,-0.3294594
506.5915,506.921,-0.3294809
506.5915,506.921,-0.3294812
506.5915,506.921,-0.3294821
506.5915,506.921,-0.3294888
506.5915,506.921,-0.3295059
506.5915,506.921,-0.3295071
506.5915,506.921,-0.3295094
506.5915,506.921,-0.3295335
506.5915,506.921,-0.3295455
506.5915,506.921,-0.329546
506.5915,506.9211,-0.3295522
506.5915,506.9211,-0.3295528
506.5915,506.9211,-0.329561
506.5915,506.9211,-0.3295639
506.5915,506.9211,-0.3295644
506.5915,506.9211,-0.329566
506.5915,506.9211,-0.3295774
506.5915,506.9211,-0.329579
506.5915,506.9211,-0.3295804
506.5915,506.9211,-0.3295824
506.5915,506.9211,-0.3295838
506.5915,506.9211,-0.3295926
506.5915,506.9211,-0.3296039
506.5915,506.9211,-0.3296088
506.5915,506.9211,-0.3296144
506.5915,506.9211,-0.3296151
506.5915,506.9211,-0.3296171
506.5915,506.9211,-0.329621
506.5915,506.9211,-0.3296223
506.5915,506.9211,-0.3296304
506.5915,506.9211,-0.3296393
506.5915,506.9211,-0.3296414
506.5915,506.9211,-0.3296464
506.5915,506.9211,-0.3296465
506.5915,506.9211,-0.3296478
506.5915,506.9211,-0.3296481
506.5915,506.9212,-0.3296528
506.5915,506.9212,-0.3296549
506.5915,506.9212,-0.329666
506.5915,506.9212,-0.329668
506.5915,506.9212,-0.3296706
506.5915,506.9212,-0.3296929
506.5915,506.9212,-0.329693
506.5915,506.9212,-0.3296954
506.5915,506.9212,-0.3297041
506.5915,506.9212,-0.3297053
506.5915,506.9212,-0.3297182
506.5915,506.9212,-0.3297306
506.5915,506.9212,-0.3297438
506.5915,506.9212,-0.3297452
506.5915,506.9213,-0.3297695
506.5915,506.9213,-0.3297823
506.5915,506.9213,-0.3297873
506.5915,506.9213,-0.3297907
506.5915,506.9213,-0.3298121
506.5915,506.9213,-0.3298218
506.5915,506.9213,-0.3298277
506.5915,506.9213,-0.329841
506.5915,506.9214,-0.3298519
506.5915,506.9214,-0.3298532
506.5915,506.9214,-0.3298654
506.5915,506.9214,-0.3298884
506.5915,506.9214,-0.3298941
506.5915,506.9214,-0.3298952
506.5915,506.9214,-0.329898
506.5915,506.9214,-0.3299026
506.5915,506.9214,-0.329903
506.5915,506.9214,-0.3299145
506.5915,506.9214,-0.3299163
506.5915,506.9214,-0.3299499
506.5915,506.9215,-0.3299523
506.5915,506.9215,-0.3299725
506.5915,506.9215,-0.3299743
506.5915,506.9215,-0.3299762
506.5915,506.9215,-0.3299852
506.5915,506.9215,-0.3299864
506.5915,506.9215,-0.3299953
506.5915,506.9215,-0.3300122
506.5915,506.9215,-0.3300167
506.5915,506.9215,-0.3300364
506.5915,506.9216,-0.3300626
506.5915,506.9216,-0.3300851
506.5915,506.9216,-0.3300893
506.5915,506.9216,-0.3301025
506.5915,506.9216,-0.3301028
506.5915,506.9216,-0.3301363
506.5915,506.9217,-0.3301852
506.5915,506.9217,-0.3301877
506.5915,506.9217,-0.3302097
506.5915,506.9217,-0.3302134
506.5915,506.9217,-0.3302284
506.5915,506.9217,-0.3302371
506.5915,506.9217,-0.3302432
506.5915,506.9218,-0.3302516
506.5915,506.9218,-0.3302733
506.5915,506.9218,-0.330289
506.5915,506.9218,-0.3303158
506.5915,506.9218,-0.3303329
506.5915,506.9219,-0.3303504
506.5915,506.9219,-0.3303557
506.5915,506.9219,-0.3303678
506.5915,506.9219,-0.3304352
506.5915,506.922,-0.3304601
506.5915,506.922,-0.330475
506.5915,506.922,-0.3304901
506.5915,506.922,-0.3305051
506.5915,506.9221,-0.3305747
506.5915,506.9221,-0.330614
506.5915,506.9221,-0.3306153
506.5915,506.9222,-0.3307055
506.5915,506.9223,-0.3307556
506.5915,506.9223,-0.3308166
506.5915,506.9224,-0.3308517
506.5915,506.9225,-0.3309727
506.5915,506.9225,-0.3309782
506.5915,506.9225,-0.3310251
506.5915,506.9226,-0.3310966
506.5915,506.9226,-0.3311237
506.5915,506.9227,-0.3312209
506.5915,506.9228,-0.331288
506.5915,506.9228,-0.3313268
506.5915,506.9229,-0.3313732
506.5915,506.9229,-0.3313836
506.5915,506.9229,-0.3314361
506.5915,506.923,-0.3315485
506.5915,506.9232,-0.3316859
506.5915,506.9232,-0.3317048
506.5915,506.9232,-0.3317127
506.5915,506.9233,-0.3317586
506.5915,506.9233,-0.3317812
506.5915,506.9234,-0.3318954
506.5915,506.9237,-0.3321908
506.5915,506.9237,-0.3322399
506.5915,506.9239,-0.3323757
506.5915,506.9239,-0.3324167
506.5915,506.9241,-0.3325728
506.5915,506.9251,-0.3335518
506.5915,506.9252,-0.3336814
506.5915,506.9258,-0.334265
506.5915,506.9651,-0.373617
506.5915,506.9667,-0.3752364
506.5915,507.0025,-0.4110006
506.5915,507.0054,-0.4139354
506.5915,507.0111,-0.4196276
506.5915,507.0117,-0.4201566
506.5915,507.013,-0.4214992
506.5915,507.0219,-0.4304297
506.5915,507.024,-0.4325258
506.5915,507.0301,-0.438582
506.5915,507.0344,-0.4428866
506.5915,507.0348,-0.4432576
506.5915,507.0349,-0.4433982
506.5915,507.0352,-0.4437045
506.5915,507.0359,-0.4444105
506.5915,507.0377,-0.4462333
506.5915,507.0382,-0.4467343
506.5915,507.0392,-0.4477445
506.5915,507.2085,-0.6170458
506.5915,507.2116,-0.6200812
506.5915,507.2131,-0.621553
506.5915,507.2166,-0.6250517
506.5915,507.217,-0.6255134
506.5915,507.2178,-0.6263099
506.5915,507.2192,-0.6277151
506.5915,507.2196,-0.6280655
506.5915,507.2197,-0.6281547
506.5915,507.2197,-0.6282135
506.5915,507.2199,-0.6283923
506.5915,507.22,-0.6285017
506.5915,507.2201,-0.6286253
506.5915,507.2202,-0.6286624
506.5915,507.2203,-0.6287935
506.5915,507.2206,-0.6290804
506.5915,507.2207,-0.6291771
506.5915,507.221,-0.6294928
506.5915,507.221,-0.6295492
506.5915,507.2212,-0.6296994
506.5915,507.2213,-0.6298245
506.5915,507.2217,-0.6301674
506.5915,507.2217,-0.6301885
506.5915,507.2217,-0.6302127
506.5915,507.2218,-0.6302997
506.5915,507.2219,-0.6303793
506.5915,507.2222,-0.6306527
506.5915,507.2222,-0.630662
506.5915,507.2222,-0.630696
506.5915,507.2225,-0.6310317
506.5915,507.2226,-0.6311026
506.5915,507.2227,-0.6311662
506.5915,507.2227,-0.631183
506.5915,507.2227,-0.6312251
506.5915,507.2227,-0.6312266
506.5915,507.2228,-0.6313209
506.5915,507.2229,-0.6314326
506.5915,507.2232,-0.6317395
506.5915,507.2233,-0.6318023
506.5915,507.2234,-0.6318677
506.5915,507.2235,-0.6319845
506.5915,507.2236,-0.6320803
506.5915,507.2236,-0.6321208
506.5915,507.2236,-0.632142
506.5915,507.2237,-0.6321595
506.5915,507.2239,-0.6324006
506.5915,507.224,-0.632518
506.5915,507.2242,-0.6326537
506.5915,507.2242,-0.6326637
506.5915,507.2243,-0.6328039
506.5915,507.2243,-0.632831
506.5915,507.2244,-0.6328536
506.5915,507.2244,-0.6329434
506.5915,507.2245,-0.6329937
506.5915,507.2245,-0.6330261
506.5915,507.2245,-0.6330307
506.5915,507.2246,-0.6330917
506.5915,507.2247,-0.6331748
506.5915,507.2247,-0.6331823
506.5915,507.2247,-0.6331925
506.5915,507.2247,-0.6332144
506.5915,507.2247,-0.6332489
506.5915,507.225,-0.6334532
506.5915,507.225,-0.6335313
506.5915,507.2251,-0.6336487
506.5915,507.2253,-0.6337826
506.5915,507.2253,-0.6337936
506.5915,507.2253,-0.6338165
506.5915,507.2253,-0.6338302
506.5915,507.2253,-0.633847
506.5915,507.2255,-0.6339975
506.5915,507.2256,-0.634074
506.5915,507.2256,-0.6340911
506.5915,507.2258,-0.6342546
506.5915,507.2258,-0.6342953
506.5915,507.2258,-0.6343264
506.5915,507.2259,-0.6343644
506.5915,507.226,-0.6344785
506.5915,507.226,-0.6345087
506.5915,507.2262,-0.6346502
506.5915,507.2262,-0.6346975
506.5915,507.2263,-0.6348007
506.5915,507.2264,-0.6349
506.5915,507.2267,-0.6352308
506.5915,507.2268,-0.635336
506.5915,507.227,-0.6355308
506.5915,507.2271,-0.6355634
506.5915,507.2271,-0.6356447
506.5915,507.2272,-0.6356528
506.5915,507.2273,-0.6358347
506.5915,507.2274,-0.6358721
506.5915,507.2274,-0.6358797
506.5915,507.2274,-0.6359263
506.5915,507.2274,-0.6359277
506.5915,507.2275,-0.6359747
506.5915,507.2276,-0.6361147
506.5915,507.2278,-0.6362985
506.5915,507.2279,-0.6364024
506.5915,507.2279,-0.6364084
506.5915,507.228,-0.6365298
506.5915,507.2281,-0.6365504
506.5915,507.2282,-0.6366624
506.5915,507.2283,-0.6368159
506.5915,507.2284,-0.6369387
506.5915,507.2285,-0.6369955
506.5915,507.2285,-0.6370193
506.5915,507.2286,-0.6371044
506.5915,507.2287,-0.6371755
506.5915,507.229,-0.6374638
506.5915,507.2291,-0.6376191
506.5915,507.2292,-0.6377158
506.5915,507.2293,-0.6377548
506.5915,507.2294,-0.6378881
506.5915,507.2296,-0.6380859
506.5915,507.2297,-0.638225
506.5915,507.2302,-0.6386699
506.5915,507.2306,-0.6391241
506.5915,507.2311,-0.6396306
506.5915,507.2312,-0.6397426
506.5915,507.2313,-0.639846
506.5915,507.2315,-0.6400441
506.5915,507.2317,-0.6401763
506.5915,507.2324,-0.6408871
506.5915,507.2329,-0.6414257
506.5915,507.233,-0.6415304
506.5915,507.2331,-0.641577
506.5915,507.2333,-0.6417942
506.5915,507.2338,-0.6422787
506.5915,507.2341,-0.6426237
506.5915,507.235,-0.6435452
506.5915,507.236,-0.6445093
506.5915,507.2366,-0.6451389
506.5915,507.2367,-0.6451988
506.5915,507.238,-0.6465269
506.5915,507.2382,-0.6466578
506.5915,507.2389,-0.6474055
506.5915,507.2407,-0.6491947
506.5915,507.2407,-0.6492236
506.5915,507.2432,-0.6516575
506.5915,507.2443,-0.6527633
506.5915,507.2446,-0.6530948
506.5915,507.2447,-0.6531513
506.5915,507.2448,-0.6532574
506.5915,507.245,-0.6535409
506.5915,507.2456,-0.6541179
506.5915,507.2457,-0.6541788
506.5915,507.2458,-0.6542798
506.5915,507.2458,-0.6542936
506.5915,507.246,-0.6545326
506.5915,507.2461,-0.6545693
506.5915,507.2463,-0.6548004
506.5915,507.2463,-0.6548112
506.5915,507.2463,-0.6548415
506.5915,507.2464,-0.654864
506.5915,507.2464,-0.6549234
506.5915,507.2465,-0.6550323
506.5915,507.2467,-0.6551706
506.5915,507.2467,-0.6552405
506.5915,507.2469,-0.6554404
506.5915,507.2471,-0.6555577
506.5915,507.2471,-0.6556118
506.5915,507.2472,-0.6556942
506.5915,507.2475,-0.655987
506.5915,507.2479,-0.6564254
506.5915,507.2479,-0.6564339
506.5915,507.248,-0.6565125
506.5915,507.248,-0.656517
506.5915,507.248,-0.6565382
506.5915,507.2481,-0.656586
506.5915,507.2483,-0.6568363
506.5915,507.2484,-0.6568536
506.5915,507.2484,-0.6568886
506.5915,507.2485,-0.6569855
506.5915,507.2486,-0.6570533
506.5915,507.2486,-0.6570713
506.5915,507.2486,-0.6570921
506.5915,507.2486,-0.6571271
506.5915,507.2486,-0.6571385
506.5915,507.2487,-0.6571832
506.5915,507.2487,-0.6572089
506.5915,507.2488,-0.657307
506.5915,507.2488,-0.6573104
506.5915,507.2488,-0.6573272
506.5915,507.2489,-0.6573636
506.5915,507.249,-0.6575247
506.5915,507.2491,-0.6576047
506.5915,507.2491,-0.6576279
506.5915,507.2492,-0.6576688
506.5915,507.2492,-0.6577113
506.5915,507.2492,-0.6577258
506.5915,507.2492,-0.6577413
506.5915,507.2493,-0.6577795
506.5915,507.2493,-0.6577818
506.5915,507.2493,-0.6577954
506.5915,507.2493,-0.6578118
506.5915,507.2495,-0.6579961
506.5915,507.2495,-0.6580007
506.5915,507.2495,-0.658032
506.5915,507.2497,-0.6581801
506.5915,507.2497,-0.658203
506.5915,507.2497,-0.6582226
506.5915,507.2497,-0.6582332
506.5915,507.2497,-0.658238
506.5915,507.2498,-0.6582813
506.5915,507.2498,-0.6583423
506.5915,507.25,-0.6585493
506.5915,507.2502,-0.658651
506.5915,507.2502,-0.658742
506.5915,507.2503,-0.6587669
506.5915,507.2504,-0.6588507
506.5915,507.2504,-0.6589392
506.5915,507.2505,-0.6589518
506.5915,507.2505,-0.6589691
506.5915,507.2506,-0.6590778
506.5915,507.2506,-0.6590779
506.5915,507.2506,-0.6590789
506.5915,507.2506,-0.6591401
506.5915,507.2506,-0.6591401
506.5915,507.2507,-0.6591768
506.5915,507.2507,-0.6592032
506.5915,507.2507,-0.6592169
506.5915,507.2508,-0.6592551
506.5915,507.2508,-0.6592825
506.5915,507.2508,-0.6592881
506.5915,507.2508,-0.6592902
506.5915,507.2509,-0.6594004
506.5915,507.2509,-0.6594101
506.5915,507.2509,-0.6594206
506.5915,507.2509,-0.6594214
506.5915,507.2509,-0.6594265
506.5915,507.2509,-0.6594426
506.5915,507.2509,-0.6594496
506.5915,507.251,-0.659455
506.5915,507.251,-0.6594624
506.5915,507.251,-0.659471
506.5915,507.251,-0.6595125
506.5915,507.251,-0.6595226
506.5915,507.2511,-0.6595517
506.5915,507.2511,-0.6595532
506.5915,507.2511,-0.6595592
506.5915,507.2511,-0.65956
506.5915,507.2511,-0.6595867
506.5915,507.2511,-0.6596291
506.5915,507.2512,-0.6596539
506.5915,507.2512,-0.6596635
506.5915,507.2512,-0.6596982
506.5915,507.2512,-0.6597435
506.5915,507.2513,-0.6597505
506.5915,507.2513,-0.6597516
506.5915,507.2513,-0.6597847
506.5915,507.2513,-0.6598047
506.5915,507.2514,-0.659885
506.5915,507.2514,-0.6599036
506.5915,507.2514,-0.6599304
506.5915,507.2514,-0.65995
506.5915,507.2515,-0.65997
506.5915,507.2515,-0.6599757
506.5915,507.2515,-0.6599864
506.5915,507.2516,-0.6600896
506.5915,507.2516,-0.6600937
506.5915,507.2516,-0.6601173
506.5915,507.2517,-0.6601694
506.5915,507.2517,-0.6601733
506.5915,507.2517,-0.6602361
506.5915,507.2517,-0.6602431
506.5915,507.2518,-0.6602801
506.5915,507.2518,-0.6602816
506.5915,507.2518,-0.6602843
506.5915,507.2518,-0.6603273
506.5915,507.2519,-0.6603508
506.5915,507.2519,-0.6603776
506.5915,507.2519,-0.6604193
506.5915,507.2519,-0.6604259
506.5915,507.2519,-0.6604325
506.5915,507.252,-0.6604615
506.5915,507.252,-0.6604697
506.5915,507.252,-0.6604744
506.5915,507.252,-0.6604754
506.5915,507.252,-0.6604849
506.5915,507.252,-0.6604989
506.5915,507.252,-0.6605068
506.5915,507.252,-0.6605079
506.5915,507.2521,-0.6606038
506.5915,507.2521,-0.660634
506.5915,507.2522,-0.6606542
506.5915,507.2522,-0.6606603
506.5915,507.2522,-0.6606674
506.5915,507.2522,-0.6606791
506.5915,507.2522,-0.6606961
506.5915,507.2522,-0.6607007
506.5915,507.2522,-0.6607102
506.5915,507.2522,-0.6607424
506.5915,507.2523,-0.6607647
506.5915,507.2523,-0.6607743
506.5915,507.2523,-0.6607922
506.5915,507.2523,-0.6607941
506.5915,507.2523,-0.6608029
506.5915,507.2523,-0.6608412
506.5915,507.2524,-0.6608595
506.5915,507.2524,-0.6608729
506.5915,507.2524,-0.6608924
506.5915,507.2524,-0.6608966
506.5915,507.2524,-0.6609062
506.5915,507.2524,-0.6609118
506.5915,507.2524,-0.6609151
506.5915,507.2524,-0.6609189
506.5915,507.2524,-0.6609244
506.5915,507.2524,-0.6609294
506.5915,507.2524,-0.6609459
506.5915,507.2524,-0.6609493
506.5915,507.2525,-0.6609511
506.5915,507.2525,-0.6609722
506.5915,507.2525,-0.6609855
506.5915,507.2525,-0.661014
506.5915,507.2525,-0.6610374
506.5915,507.2525,-0.6610387
506.5915,507.2525,-0.6610391
506.5915,507.2526,-0.6610669
506.5915,507.2526,-0.661069
506.5915,507.2526,-0.6610859
506.5915,507.2526,-0.6610867
506.5915,507.2526,-0.6610995
506.5915,507.2526,-0.6611095
506.5915,507.2526,-0.6611462
506.5915,507.2527,-0.6611668
506.5915,507.2527,-0.661169
506.5915,507.2527,-0.661178
506.5915,507.2527,-0.6611846
506.5915,507.2527,-0.6611977
506.5915,507.2527,-0.6612043
506.5915,507.2527,-0.6612206
506.5915,507.2527,-0.6612293
506.5915,507.2527,-0.6612303
506.5915,507.2528,-0.6612505
506.5915,507.2528,-0.6612755
506.5915,507.2528,-0.6612782
506.5915,507.2528,-0.6613178
506.5915,507.2528,-0.6613186
506.5915,507.2528,-0.6613353
506.5915,507.2528,-0.6613371
506.5915,507.2529,-0.6613546
506.5915,507.2529,-0.6613619
506.5915,507.2529,-0.6613666
506.5915,507.2529,-0.6613832
506.5915,507.2529,-0.6613994
506.5915,507.2529,-0.6614189
506.5915,507.253,-0.6614598
506.5915,507.253,-0.6614827
506.5915,507.253,-0.6614911
506.5915,507.253,-0.6615243
506.5915,507.253,-0.6615355
506.5915,507.253,-0.6615369
506.5915,507.253,-0.6615432
506.5915,507.2531,-0.6615594
506.5915,507.2531,-0.6615615
506.5915,507.2531,-0.6615658
506.5915,507.2531,-0.6615706
506.5915,507.2531,-0.6615742
506.5915,507.2531,-0.6616015
506.5915,507.2531,-0.6616099
506.5915,507.2531,-0.661617
506.5915,507.2532,-0.6616557
506.5915,507.2532,-0.6617181
506.5915,507.2532,-0.6617261
506.5915,507.2532,-0.6617336
506.5915,507.2532,-0.6617449
506.5915,507.2533,-0.6617574
506.5915,507.2533,-0.6618105
506.5915,507.2533,-0.6618371
506.5915,507.2533,-0.6618471
506.5915,507.2534,-0.6618504
506.5915,507.2534,-0.6618692
506.5915,507.2534,-0.6618697
506.5915,507.2534,-0.6619009
506.5915,507.2534,-0.6619075
506.5915,507.2534,-0.6619214
506.5915,507.2534,-0.6619286
506.5915,507.2535,-0.6619637
506.5915,507.2535,-0.661969
506.5915,507.2535,-0.6619705
506.5915,507.2535,-0.6619725
506.5915,507.2535,-0.6619833
506.5915,507.2535,-0.6619924
506.5915,507.2535,-0.662006
506.5915,507.2535,-0.6620314
506.5915,507.2535,-0.6620455
506.5915,507.2535,-0.6620464
506.5915,507.2536,-0.6620601
506.5915,507.2536,-0.6620636
506.5915,507.2536,-0.6620745
506.5915,507.2536,-0.6620865
506.5915,507.2536,-0.6621054
506.5915,507.2536,-0.6621103
506.5915,507.2536,-0.6621155
506.5915,507.2536,-0.6621334
506.5915,507.2536,-0.662136
506.5915,507.2537,-0.662153
506.5915,507.2537,-0.6621673
506.5915,507.2537,-0.6621842
506.5915,507.2537,-0.6621859
506.5915,507.2537,-0.6621863
506.5915,507.2537,-0.6621869
506.5915,507.2537,-0.6621915
506.5915,507.2537,-0.6622216
506.5915,507.2537,-0.6622341
506.5915,507.2537,-0.6622385
506.5915,507.2538,-0.6622745
506.5915,507.2538,-0.6622767
506.5915,507.2538,-0.6622838
506.5915,507.2538,-0.6622874
506.5915,507.2538,-0.6622885
506.5915,507.2538,-0.6623015
506.5915,507.2538,-0.6623356
506.5915,507.2538,-0.6623368
506.5915,507.2538,-0.6623464
506.5915,507.2538,-0.6623464
506.5915,507.2539,-0.6623606
506.5915,507.2539,-0.6623709
506.5915,507.2539,-0.6623726
506.5915,507.2539,-0.6623748
506.5915,507.2539,-0.6623939
506.5915,507.2539,-0.6624018
506.5915,507.2539,-0.6624115
506.5915,507.2539,-0.6624153
506.5915,507.2539,-0.6624163
506.5915,507.2539,-0.6624194
506.5915,507.2539,-0.6624256
506.5915,507.2539,-0.66243
506.5915,507.254,-0.6624504
506.5915,507.254,-0.6624956
506.5915,507.254,-0.6624977
506.5915,507.254,-0.6624996
506.5915,507.254,-0.6625033
506.5915,507.254,-0.6625038
506.5915,507.254,-0.6625065
506.5915,507.254,-0.6625089
506.5915,507.254,-0.6625109
506.5915,507.254,-0.6625149
506.5915,507.254,-0.6625252
506.5915,507.254,-0.6625339
506.5915,507.254,-0.662542
506.5915,507.254,-0.6625431
506.5915,507.254,-0.6625463
506.5915,507.254,-0.6625476
506.5915,507.254,-0.6625479
506.5915,507.254,-0.6625498
506.5915,507.254,-0.6625499
506.5915,507.254,-0.66255
506.5915,507.2541,-0.6625656
506.5915,507.2541,-0.6625689
506.5915,507.2541,-0.6625702
506.5915,507.2541,-0.6625735
506.5915,507.2541,-0.6625859
506.5915,507.2541,-0.6625993
506.5915,507.2541,-0.6626165
506.5915,507.2541,-0.6626185
506.5915,507.2541,-0.6626214
506.5915,507.2541,-0.6626236
506.5915,507.2541,-0.6626266
506.5915,507.2541,-0.6626275
506.5915,507.2541,-0.6626362
506.5915,507.2541,-0.6626451
506.5915,507.2542,-0.662658
506.5915,507.2542,-0.6626873
506.5915,507.2542,-0.662699
506.5915,507.2542,-0.6627076
506.5915,507.2542,-0.6627209
506.5915,507.2542,-0.6627338
506.5915,507.2543,-0.6627504
506.5915,507.2543,-0.6627512
506.5915,507.2543,-0.6627512
506.5915,507.2543,-0.6627699
506.5915,507.2543,-0.662776
506.5915,507.2543,-0.6627822
506.5915,507.2543,-0.6627927
506.5915,507.2543,-0.6628174
506.5915,507.2543,-0.6628186
506.5915,507.2543,-0.6628445
506.5915,507.2544,-0.6628502
506.5915,507.2544,-0.6628509
506.5915,507.2544,-0.6628535
506.5915,507.2544,-0.6628557
506.5915,507.2544,-0.6628559
506.5915,507.2544,-0.6628662
506.5915,507.2544,-0.6628668
506.5915,507.2544,-0.662872
506.5915,507.2544,-0.6628734
506.5915,507.2544,-0.6628829
506.5915,507.2544,-0.6628993
506.5915,507.2544,-0.6629004
506.5915,507.2544,-0.6629016
506.5915,507.2544,-0.6629097
506.5915,507.2544,-0.6629119
506.5915,507.2544,-0.6629141
506.5915,507.2544,-0.6629156
506.5915,507.2544,-0.6629203
506.5915,507.2544,-0.6629244
506.5915,507.2544,-0.6629249
506.5915,507.2544,-0.6629293
506.5915,507.2544,-0.6629294
506.5915,507.2544,-0.6629371
506.5915,507.2545,-0.6629539
506.5915,507.2545,-0.6629579
506.5915,507.2545,-0.6629715
506.5915,507.2545,-0.6629755
506.5915,507.2545,-0.6629919
506.5915,507.2545,-0.6629955
506.5915,507.2545,-0.6630069
506.5915,507.2545,-0.6630125
506.5915,507.2545,-0.6630223
506.5915,507.2545,-0.6630244
506.5915,507.2545,-0.663033
506.5915,507.2545,-0.6630466
506.5915,507.2546,-0.663051
506.5915,507.2546,-0.6630693
506.5915,507.2546,-0.6630711
506.5915,507.2546,-0.663081
506.5915,507.2546,-0.6630833
506.5915,507.2546,-0.6630885
506.5915,507.2546,-0.6630909
506.5915,507.2546,-0.6630951
506.5915,507.2546,-0.6631061
506.5915,507.2546,-0.6631109
506.5915,507.2546,-0.6631137
506.5915,507.2546,-0.6631203
506.5915,507.2546,-0.6631322
506.5915,507.2546,-0.6631393
506.5915,507.2546,-0.6631471
506.5915,507.2547,-0.6631612
506.5915,507.2547,-0.6631662
506.5915,507.2547,-0.6631764
506.5915,507.2547,-0.6631778
506.5915,507.2547,-0.6631803
506.5915,507.2547,-0.6631845
506.5915,507.2547,-0.6631875
506.5915,507.2547,-0.6632023
506.5915,507.2547,-0.663205
506.5915,507.2547,-0.663226
506.5915,507.2547,-0.6632291
506.5915,507.2548,-0.6632736
506.5915,507.2548,-0.6632799
506.5915,507.2548,-0.6632839
506.5915,507.2548,-0.6632886
506.5915,507.2548,-0.6632952
506.5915,507.2548,-0.663305
506.5915,507.2548,-0.6633219
506.5915,507.2548,-0.6633277
506.5915,507.2548,-0.6633318
506.5915,507.2548,-0.663336
506.5915,507.2548,-0.6633417
506.5915,507.2548,-0.6633447
506.5915,507.2549,-0.6633589
506.5915,507.2549,-0.6633639
506.5915,507.2549,-0.6633658
506.5915,507.2549,-0.663367
506.5915,507.2549,-0.6633777
506.5915,507.2549,-0.6633954
506.5915,507.2549,-0.6634078
506.5915,507.2549,-0.6634137
506.5915,507.2549,-0.6634182
506.5915,507.2549,-0.6634334
506.5915,507.255,-0.6634729
506.5915,507.255,-0.663509
506.5915,507.255,-0.6635131
506.5915,507.255,-0.6635172
506.5915,507.255,-0.6635233
506.5915,507.255,-0.6635318
506.5915,507.2551,-0.6635689
506.5915,507.2551,-0.6635758
506.5915,507.2551,-0.6635947
506.5915,507.2551,-0.6636223
506.5915,507.2552,-0.6636639
506.5915,507.2552,-0.663724
506.5915,507.2552,-0.6637303
506.5915,507.2552,-0.663748
506.5915,507.2553,-0.6637541
506.5915,507.2553,-0.6637593
506.5915,507.2553,-0.6637614
506.5915,507.2553,-0.6637861
506.5915,507.2553,-0.6638184
506.5915,507.2553,-0.6638199
506.5915,507.2553,-0.6638235
506.5915,507.2553,-0.6638306
506.5915,507.2553,-0.6638355
506.5915,507.2553,-0.6638425
506.5915,507.2554,-0.6638696
506.5915,507.2554,-0.6638842
506.5915,507.2554,-0.6638844
506.5915,507.2554,-0.6638867
506.5915,507.2554,-0.6638883
506.5915,507.2554,-0.6639021
506.5915,507.2554,-0.6639126
506.5915,507.2554,-0.6639138
506.5915,507.2554,-0.6639207
506.5915,507.2554,-0.6639212
506.5915,507.2554,-0.6639294
506.5915,507.2554,-0.6639361
506.5915,507.2554,-0.66394
506.5915,507.2554,-0.6639437
506.5915,507.2554,-0.6639486
506.5915,507.2555,-0.6639532
506.5915,507.2555,-0.6639573
506.5915,507.2555,-0.6639611
506.5915,507.2555,-0.6639651
506.5915,507.2555,-0.663967
506.5915,507.2555,-0.664008
506.5915,507.2555,-0.6640092
506.5915,507.2555,-0.6640116
506.5915,507.2555,-0.6640179
506.5915,507.2555,-0.6640207
506.5915,507.2555,-0.664027
506.5915,507.2555,-0.6640398
506.5915,507.2556,-0.6640628
506.5915,507.2556,-0.6640632
506.5915,507.2556,-0.6640657
506.5915,507.2556,-0.6640716
506.5915,507.2556,-0.6640812
506.5915,507.2556,-0.6640898
506.5915,507.2556,-0.664095
506.5915,507.2556,-0.6641023
506.5915,507.2556,-0.6641068
506.5915,507.2556,-0.6641231
506.5915,507.2556,-0.6641255
506.5915,507.2557,-0.6641763
506.5915,507.2557,-0.6641765
506.5915,507.2557,-0.6641938
506.5915,507.2557,-0.6641949
506.5915,507.2557,-0.6642002
506.5915,507.2557,-0.6642454
506.5915,507.2558,-0.6642606
506.5915,507.2558,-0.6642761
506.5915,507.2558,-0.6642847
506.5915,507.2558,-0.664287
506.5915,507.2558,-0.6642872
506.5915,507.2558,-0.6643094
506.5915,507.2558,-0.6643099
506.5915,507.2558,-0.664326
506.5915,507.2558,-0.6643274
506.5915,507.2558,-0.6643329
506.5915,507.2558,-0.6643391
506.5915,507.2558,-0.6643403
506.5915,507.2559,-0.6643594
506.5915,507.2559,-0.6643611
506.5915,507.2559,-0.6644004
506.5915,507.2559,-0.6644016
506.5915,507.2559,-0.6644428
506.5915,507.256,-0.664459
506.5915,507.256,-0.664477
506.5915,507.256,-0.6645186
506.5915,507.256,-0.6645187
506.5915,507.256,-0.6645226
506.5915,507.256,-0.6645442
506.5915,507.2561,-0.6645554
506.5915,507.2561,-0.6645963
506.5915,507.2561,-0.6646318
506.5915,507.2561,-0.6646322
506.5915,507.2561,-0.6646355
506.5915,507.2561,-0.6646432
506.5915,507.2562,-0.664674
506.5915,507.2562,-0.6646923
506.5915,507.2563,-0.6647625
506.5915,507.2563,-0.6647684
506.5915,507.2563,-0.6647732
506.5915,507.2563,-0.6647926
506.5915,507.2564,-0.6648608
506.5915,507.2564,-0.6648986
506.5915,507.2564,-0.6649485
506.5915,507.2565,-0.6649726
506.5915,507.2565,-0.6649734
506.5915,507.2565,-0.6649775
506.5915,507.2565,-0.6649968
506.5915,507.2565,-0.6650146
506.5915,507.2565,-0.6650271
506.5915,507.2565,-0.6650466
506.5915,507.2566,-0.6650621
506.5915,507.2566,-0.6650679
506.5915,507.2566,-0.6650933
506.5915,507.2566,-0.6650945
506.5915,507.2566,-0.6651118
506.5915,507.2566,-0.6651318
506.5915,507.2566,-0.6651409
506.5915,507.2567,-0.6651522
506.5915,507.2567,-0.6651532
506.5915,507.2567,-0.665176
506.5915,507.2567,-0.6651763
506.5915,507.2567,-0.6651972
506.5915,507.2567,-0.6652105
506.5915,507.2567,-0.6652161
506.5915,507.2568,-0.6652795
506.5915,507.2569,-0.6653505
506.5915,507.2569,-0.6653597
506.5915,507.2569,-0.6654213
506.5915,507.2569,-0.6654287
506.5915,507.257,-0.6655212
506.5915,507.2571,-0.6655581
506.5915,507.2571,-0.665581
506.5915,507.2571,-0.6656198
506.5915,507.2571,-0.6656431
506.5915,507.2571,-0.6656436
506.5915,507.2572,-0.6656801
506.5915,507.2574,-0.6658531
506.5915,507.2574,-0.6658579
506.5915,507.2574,-0.6659193
506.5915,507.2575,-0.6660066
506.5915,507.2576,-0.6660607
506.5915,507.2576,-0.6661097
506.5915,507.2576,-0.666122
506.5915,507.2576,-0.6661242
506.5915,507.2578,-0.6663185
506.5915,507.2579,-0.6663585
506.5915,507.2579,-0.6664027
506.5915,507.2579,-0.6664273
506.5915,507.2579,-0.666431
506.5915,507.2579,-0.6664418
506.5915,507.2581,-0.6666218
506.5915,507.2582,-0.6667121
506.5915,507.2582,-0.6667272
506.5915,507.2582,-0.666734
506.5915,507.2582,-0.6667445
506.5915,507.2583,-0.666788
506.5915,507.2583,-0.6668494
506.5915,507.2588,-0.6672899
506.5915,507.2589,-0.6673628
506.5915,507.259,-0.6674784
506.5915,507.2591,-0.6675648
506.5915,507.2592,-0.6677309
506.5915,507.2592,-0.6677383
506.5915,507.2593,-0.6678184
506.5915,507.2593,-0.6678271
506.5915,507.2598,-0.6682505
506.5915,507.2601,-0.6686088
506.5915,507.2602,-0.6686679
506.5915,507.2602,-0.6687071
506.5915,507.2603,-0.6687756
506.5915,507.2606,-0.6690917
506.5915,507.2607,-0.6691781
506.5915,507.2609,-0.6693537
506.5915,507.2609,-0.6693688
506.5915,507.2609,-0.6694212
506.5915,507.2612,-0.6696783
506.5915,507.2612,-0.6697125
506.5915,507.2614,-0.6699339
506.5915,507.2616,-0.6700562
506.5915,507.2617,-0.6701762
506.5915,507.2618,-0.6703036
506.5915,507.2619,-0.6704259
506.5915,507.2625,-0.6709842
506.5915,507.2625,-0.6710199
506.5915,507.2627,-0.6711722
506.5915,507.2628,-0.6712866
506.5915,507.2628,-0.6713034
506.5915,507.2635,-0.6719927
506.5915,507.2636,-0.6720545
506.5915,507.2639,-0.6723667
506.5915,507.2641,-0.6725635
506.5915,507.2641,-0.6726417
506.5915,507.2643,-0.6728103
506.5915,507.2646,-0.6730809
506.5915,507.2647,-0.6731508
506.5915,507.2648,-0.6732875
506.5915,507.2654,-0.6738893
506.5915,507.2656,-0.6740622
506.5915,507.2659,-0.6743576
506.5915,507.2672,-0.6756793
506.5915,507.2702,-0.6786915
506.5915,507.2702,-0.678702
506.5915,507.2721,-0.680565
506.5915,507.2743,-0.682845
506.5915,507.275,-0.6834963
506.5915,507.276,-0.6844927
506.5915,507.2764,-0.6849237
506.5915,507.2803,-0.6888325
506.5915,507.2824,-0.6909348
506.5915,507.2825,-0.6909648
506.5915,507.2828,-0.6912575
506.5915,507.2831,-0.6916251
506.5915,507.2836,-0.6921407
506.5915,507.2837,-0.692182
506.5915,507.2838,-0.6923206
506.5915,507.2844,-0.6928921
506.5915,507.2846,-0.6930899
506.5915,507.285,-0.6935217
506.5915,507.2864,-0.6949148
506.5915,507.2865,-0.6950077
506.5915,507.2867,-0.6951576
506.5915,507.2869,-0.6953659
506.5915,507.2869,-0.695421
506.5915,507.2874,-0.6959313
506.5915,507.2874,-0.6959394
506.5915,507.2875,-0.6960104
506.5915,507.2877,-0.6961891
506.5915,507.2878,-0.6962724
506.5915,507.2878,-0.6963204
506.5915,507.2878,-0.6963394
506.5915,507.2879,-0.6964392
506.5915,507.288,-0.6964879
506.5915,507.2881,-0.6965839
506.5915,507.2881,-0.6966091
506.5915,507.2881,-0.6966331
506.5915,507.2882,-0.6966566
506.5915,507.2882,-0.6966747
506.5915,507.2883,-0.6967806
506.5915,507.2883,-0.6968212
506.5915,507.2883,-0.696827
506.5915,507.2883,-0.6968429
506.5915,507.2884,-0.6968553
506.5915,507.2884,-0.6968898
506.5915,507.2884,-0.6968909
506.5915,507.2884,-0.696912
506.5915,507.2885,-0.6969611
506.5915,507.2886,-0.6970787
506.5915,507.2887,-0.6971605
506.5915,507.2887,-0.6971963
506.5915,507.2887,-0.6972412
506.5915,507.2888,-0.6972611
506.5915,507.2888,-0.6972656
506.5915,507.2889,-0.6974355
506.5915,507.289,-0.6974667
506.5915,507.289,-0.697475
506.5915,507.289,-0.6974754
506.5915,507.2891,-0.6975632
506.5915,507.2891,-0.6975639
506.5915,507.2891,-0.6975814
506.5915,507.2891,-0.6975993
506.5915,507.2891,-0.6976232
506.5915,507.2891,-0.6976422
506.5915,507.2892,-0.697705
506.5915,507.2892,-0.6977069
506.5915,507.2892,-0.697709
506.5915,507.2892,-0.6977092
506.5915,507.2892,-0.697712
506.5915,507.2892,-0.6977146
506.5915,507.2892,-0.6977498
506.5915,507.2893,-0.6977676
506.5915,507.2893,-0.6978379
506.5915,507.2893,-0.6978498
506.5915,507.2894,-0.6978526
506.5915,507.2894,-0.6978533
506.5915,507.2894,-0.6978546
506.5915,507.2894,-0.6978757
506.5915,507.2894,-0.6978876
506.5915,507.2894,-0.6978993
506.5915,507.2895,-0.6980034
506.5915,507.2895,-0.6980345
506.5915,507.2896,-0.6980736
506.5915,507.2896,-0.6981459
506.5915,507.2897,-0.6981567
506.5915,507.2897,-0.6982081
506.5915,507.2897,-0.6982166
506.5915,507.2897,-0.6982402
506.5915,507.2898,-0.6982587
506.5915,507.2898,-0.6982645
506.5915,507.2898,-0.6982673
506.5915,507.2898,-0.6982941
506.5915,507.2898,-0.6983245
506.5915,507.2899,-0.6983747
506.5915,507.2899,-0.6983898
506.5915,507.2899,-0.6984307
506.5915,507.29,-0.6985004
506.5915,507.29,-0.6985252
506.5915,507.2901,-0.6985682
506.5915,507.2901,-0.6985822
506.5915,507.2901,-0.6985825
506.5915,507.2901,-0.6985838
506.5915,507.2901,-0.6985961
506.5915,507.2901,-0.6986099
506.5915,507.2901,-0.6986462
506.5915,507.2902,-0.698673
506.5915,507.2903,-0.6987661
506.5915,507.2903,-0.6988258
506.5915,507.2904,-0.6988595
506.5915,507.2904,-0.6988704
506.5915,507.2904,-0.6988877
506.5915,507.2904,-0.6988898
506.5915,507.2904,-0.6988937
506.5915,507.2905,-0.698973
506.5915,507.2905,-0.6989956
506.5915,507.2905,-0.6989974
506.5915,507.2905,-0.6990014
506.5915,507.2905,-0.6990139
506.5915,507.2906,-0.6990517
506.5915,507.2906,-0.6990687
506.5915,507.2906,-0.6990896
506.5915,507.2906,-0.6990924
506.5915,507.2906,-0.699105
506.5915,507.2907,-0.6991912
506.5915,507.2907,-0.6992188
506.5915,507.2907,-0.699221
506.5915,507.2908,-0.6992986
506.5915,507.2908,-0.6993126
506.5915,507.2908,-0.6993295
506.5915,507.2909,-0.699384
506.5915,507.2909,-0.699399
506.5915,507.291,-0.6994537
506.5915,507.291,-0.6994593
506.5915,507.291,-0.6995431
506.5915,507.2911,-0.6995751
506.5915,507.2911,-0.6995949
506.5915,507.2911,-0.6996483
506.5915,507.2912,-0.6997311
506.5915,507.2912,-0.6997399
506.5915,507.2913,-0.6997561
506.5915,507.2913,-0.6997864
506.5915,507.2913,-0.6997905
506.5915,507.2913,-0.6998406
506.5915,507.2914,-0.6998514
506.5915,507.2915,-0.7000057
506.5915,507.2915,-0.7000086
506.5915,507.2916,-0.7000502
506.5915,507.2917,-0.7001518
506.5915,507.2917,-0.7002022
506.5915,507.2917,-0.7002454
506.5915,507.2918,-0.7002731
506.5915,507.2918,-0.7003077
506.5915,507.2919,-0.7003664
506.5915,507.292,-0.700452
506.5915,507.292,-0.7004573
506.5915,507.2921,-0.7005634
506.5915,507.2921,-0.7006014
506.5915,507.2921,-0.700643
506.5915,507.2923,-0.7007791
506.5915,507.2925,-0.7009863
506.5915,507.2925,-0.7009954
506.5915,507.2925,-0.7010407
506.5915,507.2926,-0.7010567
506.5915,507.2926,-0.7011441
506.5915,507.2928,-0.7012576
506.5915,507.2928,-0.7012878
506.5915,507.2928,-0.7013036
506.5915,507.2928,-0.7013087
506.5915,507.2928,-0.7013136
506.5915,507.2928,-0.7013211
506.5915,507.2928,-0.7013282
506.5915,507.2929,-0.7014205
506.5915,507.2931,-0.7015785
506.5915,507.2931,-0.7016095
506.5915,507.2932,-0.7017164
506.5915,507.2933,-0.7017959
506.5915,507.2935,-0.7019537
506.5915,507.2938,-0.7023031
506.5915,507.2938,-0.7023198
506.5915,507.294,-0.7025387
506.5915,507.2941,-0.7025779
506.5915,507.2942,-0.7026718
506.5915,507.2942,-0.7026991
506.5915,507.2942,-0.7027229
506.5915,507.295,-0.7034812
506.5915,507.2954,-0.7038811
506.5915,507.2955,-0.7040161
506.5915,507.2957,-0.7041761
506.5915,507.2958,-0.7043217
506.5915,507.2959,-0.7043812
506.5915,507.296,-0.7044518
506.5915,507.296,-0.7044659
506.5915,507.296,-0.7044813
506.5915,507.2961,-0.7046043
506.5915,507.2961,-0.704628
506.5915,507.2962,-0.7047271
506.5915,507.2969,-0.7054291
506.5915,507.2972,-0.7057225
506.5915,507.2972,-0.7057448
506.5915,507.2973,-0.7058084
506.5915,507.2975,-0.7059631
506.5915,507.2978,-0.7062813
506.5915,507.2978,-0.7063061
506.5915,507.2981,-0.7066495
506.5915,507.2982,-0.7066762
506.5915,507.2982,-0.7067381
506.5915,507.2985,-0.7070461
506.5915,507.2986,-0.7070867
506.5915,507.2988,-0.7073313
506.5915,507.2989,-0.7073589
506.5915,507.2989,-0.7074194
506.5915,507.2989,-0.7074329
506.5915,507.299,-0.7074704
506.5915,507.299,-0.7075142
506.5915,507.2992,-0.7077184
506.5915,507.2992,-0.7077355
506.5915,507.2993,-0.7077707
506.5915,507.2994,-0.7079161
506.5915,507.2995,-0.7079522
506.5915,507.2996,-0.7080851
506.5915,507.3,-0.7085185
506.5915,507.3,-0.7085294
506.5915,507.3003,-0.70882
506.5915,507.3005,-0.7089538
506.5915,507.3005,-0.7089569
506.5915,507.3006,-0.7091358
506.5915,507.3008,-0.7093023
506.5915,507.3009,-0.7094314
506.5915,507.301,-0.7095351
506.5915,507.3011,-0.709617
506.5915,507.3012,-0.7097245
506.5915,507.3019,-0.7104337
506.5915,507.3023,-0.7108273
506.5915,507.3024,-0.7109219
506.5915,507.3029,-0.7114306
506.5915,507.3029,-0.7114329
506.5915,507.3035,-0.7119652
506.5915,507.3035,-0.7119671
506.5915,507.3039,-0.7124459
506.5915,507.3041,-0.7126232
506.5915,507.3044,-0.7129424
506.5915,507.3048,-0.7132696
506.5915,507.3048,-0.7133427
506.5915,507.3049,-0.7134178
506.5915,507.3056,-0.71414
506.5915,507.3061,-0.7146297
506.5915,507.3062,-0.7147377
506.5915,507.3063,-0.714754
506.5915,507.3063,-0.7148484
506.5915,507.3065,-0.7149841
506.5915,507.3067,-0.7151659
506.5915,507.3068,-0.7152504
506.5915,507.3068,-0.7152965
506.5915,507.3069,-0.7153589
506.5915,507.307,-0.715494
506.5915,507.3071,-0.7155567
506.5915,507.3072,-0.7157043
506.5915,507.3072,-0.7157115
506.5915,507.3072,-0.7157262
506.5915,507.3075,-0.7159687
506.5915,507.3076,-0.716063
506.5915,507.3076,-0.7160821
506.5915,507.3078,-0.7163188
506.5915,507.3081,-0.7165657
506.5915,507.3081,-0.7166
506.5915,507.3081,-0.7166029
506.5915,507.3081,-0.7166314
506.5915,507.3082,-0.716742
506.5915,507.3083,-0.7167514
506.5915,507.3083,-0.7167697
506.5915,507.3083,-0.7168059
506.5915,507.3084,-0.7169262
506.5915,507.3085,-0.7170476
506.5915,507.3086,-0.717103
506.5915,507.3087,-0.7172014
506.5915,507.3087,-0.7172236
506.5915,507.3089,-0.717397
506.5915,507.3089,-0.7173999
506.5915,507.309,-0.7174759
506.5915,507.3093,-0.7177869
506.5915,507.3094,-0.717899
506.5915,507.3095,-0.7179984
506.5915,507.3095,-0.7180158
506.5915,507.3095,-0.7180234
506.5915,507.3098,-0.7182725
506.5915,507.3098,-0.718291
506.5915,507.3099,-0.7183794
506.5915,507.3101,-0.7185957
506.5915,507.3104,-0.7189149
506.5915,507.3105,-0.7190216
506.5915,507.3112,-0.7197167
506.5915,507.3114,-0.719942
506.5915,507.3116,-0.7200601
506.5915,507.3117,-0.7201583
506.5915,507.3117,-0.7202327
506.5915,507.3118,-0.7202717
506.5915,507.3121,-0.7206385
506.5915,507.3122,-0.7206578
506.5915,507.3122,-0.7206769
506.5915,507.3122,-0.7206974
506.5915,507.3122,-0.720721
506.5915,507.3123,-0.7207552
506.5915,507.3123,-0.720809
506.5915,507.3124,-0.7208709
506.5915,507.3124,-0.7208919
506.5915,507.3126,-0.7210576
506.5915,507.3128,-0.7212818
506.5915,507.3128,-0.72129
506.5915,507.313,-0.7214552
506.5915,507.313,-0.7214887
506.5915,507.3131,-0.7215555
506.5915,507.3132,-0.721711
506.5915,507.3132,-0.7217178
506.5915,507.3133,-0.7217602
506.5915,507.3133,-0.7218081
506.5915,507.3134,-0.7219483
506.5915,507.3135,-0.7220162
506.5915,507.3136,-0.7220657
506.5915,507.3136,-0.7221108
506.5915,507.3138,-0.7222733
506.5915,507.3138,-0.7222933
506.5915,507.3138,-0.7223026
506.5915,507.3138,-0.7223308
506.5915,507.3139,-0.7223876
506.5915,507.3139,-0.7224239
506.5915,507.3139,-0.7224261
506.5915,507.314,-0.72251
506.5915,507.314,-0.7225457
506.5915,507.3141,-0.7225908
506.5915,507.3142,-0.7226779
506.5915,507.3142,-0.7226843
506.5915,507.3143,-0.7228347
506.5915,507.3144,-0.7228563
506.5915,507.3144,-0.722923
506.5915,507.3145,-0.7229837
506.5915,507.3147,-0.7231829
506.5915,507.315,-0.7234738
506.5915,507.315,-0.7234887
506.5915,507.315,-0.7234906
506.5915,507.3152,-0.7236529
506.5915,507.3154,-0.7238552
506.5915,507.3156,-0.7241202
506.5915,507.3157,-0.7241593
506.5915,507.3157,-0.7242335
506.5915,507.316,-0.7244877
506.5915,507.3161,-0.7245662
506.5915,507.3161,-0.724616
506.5915,507.3163,-0.7247535
506.5915,507.3166,-0.7251032
506.5915,507.3166,-0.7251279
506.5915,507.3166,-0.7251319
506.5915,507.3167,-0.7252034
506.5915,507.3168,-0.7252716
506.5915,507.317,-0.7255008
506.5915,507.3173,-0.7258421
506.5915,507.3183,-0.7267949
506.5915,507.3186,-0.7270639
506.5915,507.3195,-0.7279963
506.5915,507.3198,-0.7282678
506.5915,507.32,-0.7284701
506.5915,507.32,-0.7284997
506.5915,507.3201,-0.7285786
506.5915,507.3204,-0.7288858
506.5915,507.3213,-0.7297878
506.5915,507.3228,-0.7313085
506.5915,507.3233,-0.7318367
506.5915,507.3246,-0.7331012
506.5915,507.3256,-0.7341194
506.5915,507.3263,-0.7347865
506.5915,507.3264,-0.7349297
506.5915,507.3267,-0.7352439
506.5915,507.3274,-0.7358554
506.5915,507.3277,-0.7362116
506.5915,507.3278,-0.736293
506.5915,507.3279,-0.7364455
506.5915,507.3281,-0.7366348
506.5915,507.3282,-0.7366602
506.5915,507.3284,-0.736892
506.5915,507.3284,-0.7369393
506.5915,507.3286,-0.7371135
506.5915,507.3287,-0.7371772
506.5915,507.3287,-0.7371888
506.5915,507.3289,-0.7373907
506.5915,507.3289,-0.737401
506.5915,507.3289,-0.7374252
506.5915,507.3289,-0.7374469
506.5915,507.3289,-0.7374482
506.5915,507.329,-0.7375158
506.5915,507.3292,-0.7377464
506.5915,507.3293,-0.7378028
506.5915,507.3294,-0.7379452
506.5915,507.3296,-0.7381152
506.5915,507.3299,-0.7383805
506.5915,507.3301,-0.7386317
506.5915,507.3304,-0.7388998
506.5915,507.3309,-0.7394139
506.5915,507.3335,-0.7420271
506.5915,507.385,-0.793545
506.5915,507.477,-0.8854922
506.5915,507.4776,-0.8860816
506.5915,507.4825,-0.8910063
,,
