657.8271,3850,
Mascot_mz,MassHunter_mz,Difference
657.8271,656.9483,0.8787501
657.8271,656.949,0.8781053
657.8271,656.9495,0.8775504
657.8271,656.9497,0.8774436
657.8271,656.9522,0.8748615
657.8271,656.9567,0.8704221
657.8271,656.9572,0.8699494
657.8271,656.9614,0.8656904
657.8271,656.9618,0.8652658
657.8271,656.9619,0.8651504
657.8271,656.963,0.8641156
657.8271,656.9679,0.8591638
657.8271,656.9682,0.8588617
657.8271,656.9685,0.858608
657.8271,656.9686,0.858529
657.8271,656.9714,0.8556549
657.8271,656.972,0.855061
657.8271,656.9732,0.8539149
657.8271,656.975,0.8520626
657.8271,656.9752,0.8518765
657.8271,656.9754,0.8517015
657.8271,656.9768,0.8503305
657.8271,656.9773,0.8498112
657.8271,656.9778,0.8493058
657.8271,656.9792,0.8478786
657.8271,656.9793,0.847771
657.8271,656.9795,0.8476086
657.8271,656.981,0.8461346
657.8271,656.9812,0.8459233
657.8271,656.9818,0.8453332
657.8271,656.9818,0.8452649
657.8271,656.9818,0.8452553
657.8271,656.982,0.8450533
657.8271,656.9827,0.8444423
657.8271,656.9828,0.844282
657.8271,656.9829,0.8441707
657.8271,656.9829,0.8441559
657.8271,656.9831,0.8440462
657.8271,656.9831,0.844006
657.8271,656.9833,0.8437628
657.8271,656.9834,0.8437435
657.8271,656.9835,0.8436355
657.8271,656.9837,0.8433954
657.8271,656.9839,0.8432312
657.8271,656.9839,0.8432039
657.8271,656.9842,0.8428906
657.8271,656.9853,0.8417951
657.8271,656.9854,0.8417469
657.8271,656.9855,0.8416213
657.8271,656.9855,0.8416208
657.8271,656.9857,0.8413792
657.8271,656.986,0.8411296
657.8271,656.9864,0.8407261
657.8271,656.9864,0.8406865
657.8271,656.9864,0.8406669
657.8271,656.987,0.8400551
657.8271,656.9871,0.840004
657.8271,656.9871,0.8399866
657.8271,656.9872,0.8399118
657.8271,656.9877,0.8393982
657.8271,656.9878,0.8393181
657.8271,656.988,0.839086
657.8271,656.9883,0.838791
657.8271,656.9884,0.8386527
657.8271,656.9891,0.837952
657.8271,656.9894,0.837675
657.8271,656.9902,0.8369092
657.8271,656.9918,0.8352906
657.8271,656.9922,0.8348861
657.8271,656.9924,0.8346755
657.8271,656.993,0.8341401
657.8271,656.9932,0.8339366
657.8271,656.9937,0.8334239
657.8271,656.9945,0.8325576
657.8271,656.9954,0.8317375
657.8271,656.9956,0.831545
657.8271,656.9958,0.8312929
657.8271,656.9959,0.8311787
657.8271,656.9966,0.8305103
657.8271,656.9976,0.8294612
657.8271,656.9986,0.8284774
657.8271,656.9989,0.8281576
657.8271,657.001,0.8260821
657.8271,657.0027,0.8243524
657.8271,657.0065,0.8205782
657.8271,657.0071,0.8199936
657.8271,657.0083,0.8187907
657.8271,657.0147,0.8124154
657.8271,657.0214,0.8056938
657.8271,657.0217,0.8053711
657.8271,657.0226,0.8044996
657.8271,657.0246,0.8025191
657.8271,657.0246,0.8024908
657.8271,657.0249,0.8022264
657.8271,657.0249,0.8022119
657.8271,657.0251,0.8020444
657.8271,657.0253,0.8017924
657.8271,657.0254,0.8017254
657.8271,657.0255,0.801602
657.8271,657.0257,0.8014377
657.8271,657.0257,0.8014272
657.8271,657.0258,0.8013313
657.8271,657.0259,0.8011525
657.8271,657.026,0.8011475
657.8271,657.0261,0.8009953
657.8271,657.0262,0.80092
657.8271,657.0262,0.8009178
657.8271,657.0262,0.8008542
657.8271,657.0263,0.8008295
657.8271,657.0263,0.8007905
657.8271,657.0263,0.8007631
657.8271,657.0265,0.8006055
657.8271,657.0265,0.8005799
657.8271,657.0265,0.800555
657.8271,657.0265,0.8005505
657.8271,657.0266,0.8005283
657.8271,657.0266,0.8004994
657.8271,657.0267,0.8004362
657.8271,657.0267,0.8003833
657.8271,657.0267,0.8003538
657.8271,657.0268,0.8003476
657.8271,657.0269,0.8001706
657.8271,657.027,0.8001295
657.8271,657.027,0.8001237
657.8271,657.027,0.8000937
657.8271,657.0271,0.800041
657.8271,657.0271,0.8000269
657.8271,657.0272,0.7998899
657.8271,657.0272,0.7998787
657.8271,657.0272,0.7998743
657.8271,657.0273,0.7998351
657.8271,657.0273,0.7997717
657.8271,657.0273,0.7997653
657.8271,657.0273,0.799758
657.8271,657.0275,0.7996292
657.8271,657.0275,0.799586
657.8271,657.0275,0.7995782
657.8271,657.0276,0.7995092
657.8271,657.0276,0.7994883
657.8271,657.0276,0.799476
657.8271,657.0276,0.7994716
657.8271,657.0277,0.7994481
657.8271,657.0277,0.7994414
657.8271,657.0277,0.7993658
657.8271,657.0277,0.7993598
657.8271,657.0277,0.7993523
657.8271,657.0278,0.7993453
657.8271,657.0278,0.7993135
657.8271,657.0278,0.7993048
657.8271,657.0279,0.7992434
657.8271,657.0279,0.7992047
657.8271,657.0279,0.7991797
657.8271,657.0279,0.7991691
657.8271,657.028,0.7991469
657.8271,657.028,0.7991037
657.8271,657.028,0.7990895
657.8271,657.028,0.7990556
657.8271,657.0282,0.7989406
657.8271,657.0282,0.7988979
657.8271,657.0283,0.798765
657.8271,657.0284,0.7987471
657.8271,657.0287,0.7984049
657.8271,657.0289,0.7981617
657.8271,657.029,0.7981369
657.8271,657.029,0.7981251
657.8271,657.0292,0.7978556
657.8271,657.0293,0.797777
657.8271,657.0295,0.7975735
657.8271,657.0295,0.7975625
657.8271,657.0295,0.7975553
657.8271,657.0296,0.7974609
657.8271,657.0298,0.7972944
657.8271,657.0299,0.797239
657.8271,657.0299,0.7972125
657.8271,657.03,0.7970735
657.8271,657.03,0.797073
657.8271,657.0301,0.7970193
657.8271,657.0301,0.7969961
657.8271,657.0301,0.7969939
657.8271,657.0302,0.7968872
657.8271,657.0303,0.7968228
657.8271,657.0304,0.7967385
657.8271,657.0307,0.7964438
657.8271,657.0308,0.7963041
657.8271,657.0308,0.7963016
657.8271,657.0308,0.7962976
657.8271,657.0637,0.7634397
657.8271,657.1544,0.6727304
657.8271,657.1549,0.6721694
657.8271,657.1565,0.6706351
657.8271,657.2204,0.606687
657.8271,657.2224,0.6047319
657.8271,657.2236,0.603495
657.8271,657.2239,0.6031719
657.8271,657.2245,0.6025518
657.8271,657.226,0.6011371
657.8271,657.2261,0.6009696
657.8271,657.2304,0.5966612
657.8271,657.2373,0.5898487
657.8271,657.2378,0.5893417
657.8271,657.2383,0.5887512
657.8271,657.2388,0.5883257
657.8271,657.2388,0.5882753
657.8271,657.2391,0.5880035
657.8271,657.2391,0.5879623
657.8271,657.2392,0.5879221
657.8271,657.2393,0.58781
657.8271,657.2393,0.5878022
657.8271,657.2394,0.5877103
657.8271,657.2394,0.587701
657.8271,657.2395,0.5875631
657.8271,657.2396,0.5875475
657.8271,657.2396,0.5875118
657.8271,657.2396,0.5874735
657.8271,657.2397,0.5874276
657.8271,657.2399,0.587186
657.8271,657.2399,0.5871723
657.8271,657.24,0.5871366
657.8271,657.2401,0.5870099
657.8271,657.2402,0.5869064
657.8271,657.2404,0.5867273
657.8271,657.2405,0.5866032
657.8271,657.2406,0.5864874
657.8271,657.2407,0.5863797
657.8271,657.2407,0.5863667
657.8271,657.2407,0.5863579
657.8271,657.2408,0.5863183
657.8271,657.2408,0.5862803
657.8271,657.2409,0.5861948
657.8271,657.2409,0.5861704
657.8271,657.2409,0.5861557
657.8271,657.241,0.5861031
657.8271,657.241,0.5860969
657.8271,657.2411,0.5860178
657.8271,657.2413,0.5858456
657.8271,657.2413,0.5858016
657.8271,657.2413,0.5857898
657.8271,657.2414,0.5857423
657.8271,657.2414,0.5856879
657.8271,657.2415,0.585563
657.8271,657.2416,0.5854605
657.8271,657.2417,0.5854301
657.8271,657.2418,0.5853389
657.8271,657.242,0.585114
657.8271,657.242,0.5850786
657.8271,657.2422,0.5848578
657.8271,657.2423,0.5847631
657.8271,657.2427,0.5844308
657.8271,657.2427,0.5844209
657.8271,657.2568,0.5703003
657.8271,657.2933,0.5337738
657.8271,657.2939,0.5331846
657.8271,657.2954,0.5317071
657.8271,657.2954,0.5316622
657.8271,657.2955,0.5316488
657.8271,657.2963,0.5307778
657.8271,657.2972,0.5298687
657.8271,657.2975,0.5296268
657.8271,657.298,0.5290857
657.8271,657.2982,0.5289037
657.8271,657.2985,0.5286125
657.8271,657.2985,0.5285757
657.8271,657.2986,0.5284953
657.8271,657.2989,0.5282464
657.8271,657.2992,0.5279258
657.8271,657.2997,0.5273853
657.8271,657.3005,0.5265908
657.8271,657.3008,0.5263026
657.8271,657.3011,0.5260456
657.8271,657.3011,0.5260339
657.8271,657.3012,0.5259437
657.8271,657.3012,0.5259358
657.8271,657.3016,0.5254705
657.8271,657.3019,0.5251531
657.8271,657.3026,0.5244971
657.8271,657.303,0.5241233
657.8271,657.303,0.524084
657.8271,657.3034,0.5237012
657.8271,657.3037,0.5233757
657.8271,657.3043,0.5227527
657.8271,657.3044,0.5227159
657.8271,657.3044,0.5226889
657.8271,657.3047,0.5224074
657.8271,657.3047,0.522354
657.8271,657.3048,0.5223387
657.8271,657.3052,0.5219467
657.8271,657.3055,0.5216171
657.8271,657.3058,0.5213119
657.8271,657.3059,0.5212266
657.8271,657.3064,0.5207292
657.8271,657.3065,0.5206292
657.8271,657.3066,0.5204684
657.8271,657.3067,0.5204197
657.8271,657.3068,0.5203444
657.8271,657.3069,0.520222
657.8271,657.3069,0.520189
657.8271,657.307,0.5201287
657.8271,657.307,0.5200835
657.8271,657.307,0.5200535
657.8271,657.3071,0.5200149
657.8271,657.3072,0.519861
657.8271,657.3072,0.5198513
657.8271,657.3073,0.5198499
657.8271,657.3074,0.5197326
657.8271,657.3074,0.5196657
657.8271,657.3075,0.5196232
657.8271,657.3075,0.5196101
657.8271,657.3075,0.5195823
657.8271,657.3075,0.5195769
657.8271,657.3076,0.5194644
657.8271,657.3077,0.5194198
657.8271,657.3077,0.5193541
657.8271,657.308,0.5191487
657.8271,657.308,0.5191162
657.8271,657.3081,0.519011
657.8271,657.3082,0.5189484
657.8271,657.3084,0.5187477
657.8271,657.3084,0.5187384
657.8271,657.3084,0.5186714
657.8271,657.3085,0.5186222
657.8271,657.3088,0.5182579
657.8271,657.3091,0.5180416
657.8271,657.3091,0.5180091
657.8271,657.3091,0.5179531
657.8271,657.3092,0.5179297
657.8271,657.3092,0.5178673
657.8271,657.3093,0.5178098
657.8271,657.3094,0.517664
657.8271,657.3095,0.5175997
657.8271,657.3098,0.517348
657.8271,657.3098,0.5172968
657.8271,657.31,0.5171251
657.8271,657.31,0.5170766
657.8271,657.31,0.517076
657.8271,657.31,0.5170587
657.8271,657.3102,0.5169159
657.8271,657.3102,0.5169107
657.8271,657.3105,0.5166122
657.8271,657.3106,0.5164609
657.8271,657.3107,0.5164307
657.8271,657.3107,0.5163637
657.8271,657.3108,0.5163327
657.8271,657.3111,0.5159859
657.8271,657.3112,0.5159115
657.8271,657.3112,0.5158873
657.8271,657.3114,0.5157027
657.8271,657.3115,0.5155612
657.8271,657.3115,0.5155609
657.8271,657.3117,0.5154327
657.8271,657.3117,0.5153726
657.8271,657.3118,0.5153022
657.8271,657.3119,0.5151538
657.8271,657.312,0.5151177
657.8271,657.312,0.5151174
657.8271,657.312,0.5150708
657.8271,657.3121,0.515048
657.8271,657.3122,0.5149214
657.8271,657.3123,0.5147569
657.8271,657.3124,0.5147422
657.8271,657.3124,0.5147409
657.8271,657.3124,0.5147069
657.8271,657.3124,0.5146836
657.8271,657.3124,0.5146568
657.8271,657.3124,0.514651
657.8271,657.3125,0.5146156
657.8271,657.3127,0.5144259
657.8271,657.3127,0.5143928
657.8271,657.3128,0.5143472
657.8271,657.3128,0.5143411
657.8271,657.3129,0.5142163
657.8271,657.3129,0.5141855
657.8271,657.3133,0.5137548
657.8271,657.3134,0.5137431
657.8271,657.3134,0.5137092
657.8271,657.3134,0.5136741
657.8271,657.3134,0.5136525
657.8271,657.3135,0.5136019
657.8271,657.3137,0.513369
657.8271,657.3139,0.5132388
657.8271,657.3139,0.5132342
657.8271,657.3139,0.5131871
657.8271,657.3139,0.513178
657.8271,657.314,0.5130522
657.8271,657.3141,0.5130133
657.8271,657.3141,0.5129734
657.8271,657.3142,0.5129026
657.8271,657.3142,0.5128692
657.8271,657.3144,0.5127059
657.8271,657.3145,0.5126362
657.8271,657.3145,0.5126362
657.8271,657.3147,0.5124209
657.8271,657.3147,0.5124145
657.8271,657.3148,0.5123152
657.8271,657.3149,0.5122014
657.8271,657.3149,0.5121879
657.8271,657.315,0.5120739
657.8271,657.3151,0.5120495
657.8271,657.3151,0.5119644
657.8271,657.3151,0.511963
657.8271,657.3152,0.511949
657.8271,657.3152,0.5119428
657.8271,657.3152,0.5118971
657.8271,657.3152,0.5118632
657.8271,657.3153,0.5118275
657.8271,657.3153,0.5118137
657.8271,657.3153,0.5117896
657.8271,657.3154,0.5116885
657.8271,657.3154,0.5116792
657.8271,657.3155,0.5116166
657.8271,657.3155,0.5116003
657.8271,657.3157,0.5113546
657.8271,657.3158,0.5113094
657.8271,657.3159,0.5111807
657.8271,657.3159,0.5111555
657.8271,657.316,0.5110704
657.8271,657.3163,0.5108243
657.8271,657.3163,0.5108049
657.8271,657.3163,0.510769
657.8271,657.3165,0.5106048
657.8271,657.3165,0.5106028
657.8271,657.3165,0.5105943
657.8271,657.3167,0.5103569
657.8271,657.3167,0.5103548
657.8271,657.3168,0.5103241
657.8271,657.3168,0.5103025
657.8271,657.3168,0.510262
657.8271,657.3169,0.5102099
657.8271,657.3169,0.5101635
657.8271,657.317,0.5100656
657.8271,657.3171,0.5100382
657.8271,657.3173,0.5098385
657.8271,657.3173,0.5098294
657.8271,657.3173,0.5098155
657.8271,657.3174,0.5097283
657.8271,657.3174,0.5097141
657.8271,657.3175,0.5096426
657.8271,657.3175,0.5096346
657.8271,657.3176,0.5095088
657.8271,657.3176,0.5095049
657.8271,657.3176,0.5094709
657.8271,657.3176,0.5094636
657.8271,657.3176,0.5094545
657.8271,657.3177,0.5093595
657.8271,657.3178,0.5093449
657.8271,657.3179,0.5092027
657.8271,657.3179,0.5092013
657.8271,657.318,0.5091479
657.8271,657.3181,0.5090198
657.8271,657.3181,0.5090174
657.8271,657.3182,0.5089426
657.8271,657.3182,0.5089259
657.8271,657.3183,0.5088031
657.8271,657.3183,0.5087946
657.8271,657.3183,0.5087806
657.8271,657.3184,0.5086952
657.8271,657.3184,0.5086921
657.8271,657.3185,0.5085586
657.8271,657.3186,0.5084914
657.8271,657.3186,0.508462
657.8271,657.3186,0.5084535
657.8271,657.3187,0.5084246
657.8271,657.3187,0.5084143
657.8271,657.3187,0.5083961
657.8271,657.3188,0.5083483
657.8271,657.3188,0.5083209
657.8271,657.3188,0.5082698
657.8271,657.3188,0.5082503
657.8271,657.3189,0.5082126
657.8271,657.3189,0.5081796
657.8271,657.319,0.5081229
657.8271,657.319,0.5080813
657.8271,657.319,0.5080746
657.8271,657.3191,0.5080387
657.8271,657.3191,0.5080385
657.8271,657.3191,0.5080023
657.8271,657.3191,0.5079863
657.8271,657.3191,0.5079715
657.8271,657.3192,0.5079159
657.8271,657.3192,0.5078665
657.8271,657.3193,0.5078407
657.8271,657.3193,0.5078391
657.8271,657.3193,0.5077891
657.8271,657.3194,0.5076938
657.8271,657.3194,0.5076796
657.8271,657.3194,0.5076591
657.8271,657.3195,0.5076156
657.8271,657.3195,0.5076099
657.8271,657.3195,0.5075917
657.8271,657.3195,0.5075888
657.8271,657.3195,0.5075592
657.8271,657.3196,0.5074866
657.8271,657.3196,0.5074809
657.8271,657.3196,0.5074552
657.8271,657.3197,0.5074479
657.8271,657.3197,0.5074213
657.8271,657.3197,0.5074185
657.8271,657.3197,0.5073753
657.8271,657.3197,0.5073654
657.8271,657.3197,0.5073654
657.8271,657.3198,0.5073353
657.8271,657.3198,0.507315
657.8271,657.3198,0.5073129
657.8271,657.3198,0.5073099
657.8271,657.3198,0.5072762
657.8271,657.3198,0.5072552
657.8271,657.3199,0.5072494
657.8271,657.3199,0.5072475
657.8271,657.3199,0.5072139
657.8271,657.3199,0.5071753
657.8271,657.3199,0.5071577
657.8271,657.3199,0.5071502
657.8271,657.32,0.5071276
657.8271,657.32,0.5071234
657.8271,657.32,0.5071123
657.8271,657.32,0.5071067
657.8271,657.32,0.5070907
657.8271,657.32,0.5070721
657.8271,657.3201,0.5070338
657.8271,657.3201,0.5070188
657.8271,657.3201,0.5070187
657.8271,657.3201,0.506999
657.8271,657.3201,0.5069901
657.8271,657.3201,0.5069843
657.8271,657.3201,0.5069663
657.8271,657.3202,0.506932
657.8271,657.3202,0.5069117
657.8271,657.3203,0.5068462
657.8271,657.3203,0.5068269
657.8271,657.3203,0.5068135
657.8271,657.3203,0.5067954
657.8271,657.3203,0.5067829
657.8271,657.3203,0.5067707
657.8271,657.3203,0.5067662
657.8271,657.3204,0.5067265
657.8271,657.3204,0.506713
657.8271,657.3204,0.5066544
657.8271,657.3205,0.50657
657.8271,657.3206,0.5065425
657.8271,657.3206,0.5065035
657.8271,657.3207,0.5064398
657.8271,657.3207,0.5064065
657.8271,657.3207,0.5063873
657.8271,657.3207,0.5063671
657.8271,657.3207,0.5063555
657.8271,657.3207,0.5063545
657.8271,657.3208,0.5062825
657.8271,657.3208,0.5062778
657.8271,657.3209,0.5062472
657.8271,657.3209,0.5062408
657.8271,657.3209,0.506234
657.8271,657.3209,0.5062114
657.8271,657.3209,0.5062089
657.8271,657.3209,0.506176
657.8271,657.3209,0.5061532
657.8271,657.321,0.5061436
657.8271,657.321,0.5061327
657.8271,657.321,0.5060814
657.8271,657.321,0.5060778
657.8271,657.321,0.5060739
657.8271,657.3211,0.5060229
657.8271,657.3211,0.5060104
657.8271,657.3211,0.5059881
657.8271,657.3211,0.5059787
657.8271,657.3211,0.5059777
657.8271,657.3211,0.5059607
657.8271,657.3211,0.5059593
657.8271,657.3212,0.505948
657.8271,657.3212,0.5059416
657.8271,657.3212,0.5059291
657.8271,657.3212,0.5059144
657.8271,657.3212,0.5059119
657.8271,657.3212,0.5059068
657.8271,657.3212,0.5058982
657.8271,657.3212,0.5058864
657.8271,657.3212,0.5058762
657.8271,657.3212,0.5058645
657.8271,657.3213,0.5058427
657.8271,657.3213,0.5058327
657.8271,657.3213,0.505815
657.8271,657.3213,0.5058129
657.8271,657.3213,0.5058112
657.8271,657.3213,0.5058087
657.8271,657.3213,0.5057987
657.8271,657.3213,0.5057701
657.8271,657.3214,0.5057371
657.8271,657.3214,0.5057236
657.8271,657.3214,0.5057207
657.8271,657.3214,0.505719
657.8271,657.3214,0.5057082
657.8271,657.3214,0.5056633
657.8271,657.3214,0.5056532
657.8271,657.3215,0.505636
657.8271,657.3215,0.5056349
657.8271,657.3215,0.505605
657.8271,657.3215,0.5055893
657.8271,657.3215,0.5055774
657.8271,657.3215,0.5055556
657.8271,657.3215,0.5055534
657.8271,657.3216,0.5054893
657.8271,657.3216,0.5054756
657.8271,657.3216,0.5054719
657.8271,657.3216,0.5054642
657.8271,657.3217,0.5054311
657.8271,657.3217,0.5054126
657.8271,657.3217,0.5054014
657.8271,657.3217,0.505399
657.8271,657.3217,0.5053833
657.8271,657.3217,0.505378
657.8271,657.3217,0.5053525
657.8271,657.3218,0.5053465
657.8271,657.3218,0.5053417
657.8271,657.3218,0.5053293
657.8271,657.3218,0.5053252
657.8271,657.3218,0.5052991
657.8271,657.3218,0.5052864
657.8271,657.3218,0.5052817
657.8271,657.3218,0.5052783
657.8271,657.3219,0.5052261
657.8271,657.3219,0.5051951
657.8271,657.3219,0.5051837
657.8271,657.3219,0.5051646
657.8271,657.3219,0.5051506
657.8271,657.322,0.5051258
657.8271,657.322,0.5051191
657.8271,657.3221,0.5050296
657.8271,657.3221,0.50502
657.8271,657.3221,0.5049997
657.8271,657.3221,0.5049949
657.8271,657.3221,0.5049874
657.8271,657.3221,0.5049805
657.8271,657.3222,0.5049389
657.8271,657.3222,0.5049379
657.8271,657.3222,0.5049349
657.8271,657.3222,0.5049251
657.8271,657.3222,0.5049193
657.8271,657.3222,0.5049069
657.8271,657.3222,0.5048651
657.8271,657.3222,0.5048622
657.8271,657.3222,0.504857
657.8271,657.3222,0.504857
657.8271,657.3223,0.5048492
657.8271,657.3223,0.504848
657.8271,657.3223,0.5048368
657.8271,657.3223,0.5048291
657.8271,657.3223,0.5048218
657.8271,657.3223,0.5048216
657.8271,657.3223,0.5047874
657.8271,657.3223,0.5047715
657.8271,657.3223,0.5047599
657.8271,657.3224,0.5047353
657.8271,657.3224,0.5047349
657.8271,657.3224,0.50473
657.8271,657.3224,0.5046942
657.8271,657.3224,0.5046878
657.8271,657.3224,0.504666
657.8271,657.3224,0.504663
657.8271,657.3224,0.5046623
657.8271,657.3224,0.504654
657.8271,657.3224,0.504652
657.8271,657.3225,0.5046273
657.8271,657.3225,0.5046014
657.8271,657.3225,0.5045968
657.8271,657.3225,0.5045899
657.8271,657.3225,0.5045761
657.8271,657.3225,0.5045721
657.8271,657.3225,0.5045568
657.8271,657.3226,0.50454
657.8271,657.3226,0.5045266
657.8271,657.3226,0.5044993
657.8271,657.3226,0.5044599
657.8271,657.3226,0.5044595
657.8271,657.3227,0.5044489
657.8271,657.3227,0.5044416
657.8271,657.3227,0.504427
657.8271,657.3227,0.5044054
657.8271,657.3227,0.5043886
657.8271,657.3227,0.5043787
657.8271,657.3227,0.5043721
657.8271,657.3227,0.5043648
657.8271,657.3227,0.5043589
657.8271,657.3228,0.5043097
657.8271,657.3228,0.5043069
657.8271,657.3228,0.5043006
657.8271,657.3228,0.5042984
657.8271,657.3228,0.5042975
657.8271,657.3229,0.5042492
657.8271,657.3229,0.5042486
657.8271,657.3229,0.5042474
657.8271,657.3229,0.5042429
657.8271,657.3229,0.5042409
657.8271,657.3229,0.504236
657.8271,657.3229,0.5042024
657.8271,657.3229,0.5041846
657.8271,657.3229,0.5041845
657.8271,657.3229,0.5041648
657.8271,657.3229,0.5041511
657.8271,657.323,0.5041329
657.8271,657.323,0.5041242
657.8271,657.323,0.5041127
657.8271,657.323,0.5041045
657.8271,657.323,0.5041015
657.8271,657.323,0.5040881
657.8271,657.323,0.5040755
657.8271,657.323,0.5040616
657.8271,657.3231,0.5040492
657.8271,657.3231,0.5040465
657.8271,657.3231,0.5040434
657.8271,657.3231,0.5040283
657.8271,657.3231,0.5040097
657.8271,657.3231,0.5039798
657.8271,657.3231,0.5039765
657.8271,657.3231,0.5039721
657.8271,657.3231,0.5039679
657.8271,657.3231,0.5039551
657.8271,657.3232,0.5039355
657.8271,657.3232,0.5039219
657.8271,657.3232,0.5039026
657.8271,657.3232,0.5038839
657.8271,657.3232,0.5038682
657.8271,657.3232,0.5038599
657.8271,657.3233,0.5038454
657.8271,657.3233,0.5038409
657.8271,657.3233,0.5038407
657.8271,657.3233,0.5038264
657.8271,657.3233,0.5038181
657.8271,657.3233,0.5038101
657.8271,657.3233,0.5038066
657.8271,657.3233,0.5037977
657.8271,657.3233,0.5037921
657.8271,657.3233,0.5037671
657.8271,657.3234,0.503733
657.8271,657.3234,0.5037269
657.8271,657.3234,0.5037257
657.8271,657.3234,0.5037102
657.8271,657.3234,0.5037052
657.8271,657.3234,0.5036923
657.8271,657.3234,0.5036861
657.8271,657.3234,0.5036779
657.8271,657.3234,0.5036581
657.8271,657.3234,0.5036515
657.8271,657.3235,0.5036462
657.8271,657.3235,0.5036347
657.8271,657.3235,0.5036339
657.8271,657.3235,0.5036333
657.8271,657.3235,0.5036296
657.8271,657.3235,0.5036226
657.8271,657.3235,0.5036177
657.8271,657.3235,0.5036073
657.8271,657.3235,0.5035734
657.8271,657.3235,0.5035676
657.8271,657.3236,0.5035046
657.8271,657.3236,0.5035017
657.8271,657.3236,0.5034957
657.8271,657.3236,0.5034606
657.8271,657.3236,0.5034503
657.8271,657.3237,0.5034426
657.8271,657.3237,0.5034335
657.8271,657.3237,0.5033899
657.8271,657.3237,0.5033895
657.8271,657.3237,0.5033713
657.8271,657.3237,0.5033602
657.8271,657.3238,0.5033481
657.8271,657.3238,0.5033191
657.8271,657.3238,0.5033094
657.8271,657.3238,0.5032939
657.8271,657.3238,0.5032643
657.8271,657.3238,0.5032596
657.8271,657.3239,0.5032391
657.8271,657.3239,0.5031966
657.8271,657.3239,0.5031946
657.8271,657.3239,0.5031926
657.8271,657.324,0.5031303
657.8271,657.324,0.5030854
657.8271,657.324,0.5030645
657.8271,657.3241,0.5030393
657.8271,657.3241,0.5030332
657.8271,657.3241,0.5030298
657.8271,657.3241,0.5030094
657.8271,657.3241,0.5029942
657.8271,657.3241,0.5029681
657.8271,657.3241,0.5029524
657.8271,657.3242,0.5028691
657.8271,657.3242,0.5028691
657.8271,657.3242,0.502866
657.8271,657.3242,0.5028518
657.8271,657.3243,0.5028075
657.8271,657.3243,0.5027997
657.8271,657.3243,0.5027941
657.8271,657.3243,0.5027885
657.8271,657.3243,0.5027724
657.8271,657.3243,0.5027704
657.8271,657.3244,0.5027317
657.8271,657.3244,0.5027221
657.8271,657.3244,0.5027166
657.8271,657.3244,0.5027121
657.8271,657.3244,0.5026979
657.8271,657.3244,0.5026829
657.8271,657.3244,0.502682
657.8271,657.3244,0.5026692
657.8271,657.3244,0.5026542
657.8271,657.3245,0.5026078
657.8271,657.3245,0.5025873
657.8271,657.3245,0.5025573
657.8271,657.3246,0.5025421
657.8271,657.3246,0.5025319
657.8271,657.3246,0.5025244
657.8271,657.3246,0.5025225
657.8271,657.3246,0.5024977
657.8271,657.3246,0.5024739
657.8271,657.3246,0.5024627
657.8271,657.3247,0.5024496
657.8271,657.3247,0.5024166
657.8271,657.3247,0.5024124
657.8271,657.3247,0.5023777
657.8271,657.3247,0.5023754
657.8271,657.3248,0.5023475
657.8271,657.3248,0.5023046
657.8271,657.3248,0.5022846
657.8271,657.3248,0.5022579
657.8271,657.3248,0.5022575
657.8271,657.3248,0.5022517
657.8271,657.3249,0.5022415
657.8271,657.3249,0.502222
657.8271,657.3249,0.5022065
657.8271,657.3249,0.5021705
657.8271,657.3249,0.5021653
657.8271,657.3249,0.5021505
657.8271,657.325,0.5021193
657.8271,657.325,0.5020843
657.8271,657.325,0.5020748
657.8271,657.325,0.5020709
657.8271,657.3251,0.5019947
657.8271,657.3251,0.5019899
657.8271,657.3251,0.5019741
657.8271,657.3251,0.5019541
657.8271,657.3251,0.501954
657.8271,657.3251,0.5019511
657.8271,657.3252,0.5019498
657.8271,657.3252,0.5019373
657.8271,657.3252,0.5019266
657.8271,657.3252,0.501894
657.8271,657.3252,0.5018681
657.8271,657.3253,0.5018095
657.8271,657.3253,0.5018004
657.8271,657.3253,0.5017949
657.8271,657.3253,0.5017933
657.8271,657.3253,0.5017562
657.8271,657.3254,0.5017299
657.8271,657.3254,0.5017249
657.8271,657.3254,0.5017031
657.8271,657.3254,0.501684
657.8271,657.3254,0.5016808
657.8271,657.3254,0.5016575
657.8271,657.3255,0.5015686
657.8271,657.3256,0.5015421
657.8271,657.3256,0.5015354
657.8271,657.3256,0.5015249
657.8271,657.3256,0.5015179
657.8271,657.3256,0.5015152
657.8271,657.3256,0.5015126
657.8271,657.3256,0.5015065
657.8271,657.3256,0.5015026
657.8271,657.3256,0.501492
657.8271,657.3256,0.5014769
657.8271,657.3256,0.501467
657.8271,657.3257,0.5014221
657.8271,657.3257,0.5014151
657.8271,657.3257,0.5013823
657.8271,657.3257,0.501373
657.8271,657.3258,0.5013355
657.8271,657.3258,0.5013346
657.8271,657.3258,0.5013214
657.8271,657.3258,0.501305
657.8271,657.3258,0.5012973
657.8271,657.3258,0.5012847
657.8271,657.3258,0.5012519
657.8271,657.3259,0.5012344
657.8271,657.3259,0.501233
657.8271,657.3259,0.5012291
657.8271,657.3259,0.5012054
657.8271,657.3259,0.5012046
657.8271,657.3259,0.5011891
657.8271,657.3259,0.5011808
657.8271,657.3259,0.5011791
657.8271,657.3259,0.5011719
657.8271,657.3259,0.501158
657.8271,657.326,0.5011206
657.8271,657.326,0.5011153
657.8271,657.326,0.5010721
657.8271,657.326,0.5010703
657.8271,657.326,0.5010693
657.8271,657.326,0.5010663
657.8271,657.326,0.5010611
657.8271,657.3261,0.5010435
657.8271,657.3261,0.5010405
657.8271,657.3261,0.5010394
657.8271,657.3261,0.5010255
657.8271,657.3261,0.5010216
657.8271,657.3261,0.5010152
657.8271,657.3261,0.5009861
657.8271,657.3261,0.500981
657.8271,657.3261,0.5009783
657.8271,657.3261,0.5009691
657.8271,657.3261,0.5009652
657.8271,657.3262,0.5009283
657.8271,657.3262,0.5009254
657.8271,657.3262,0.5009121
657.8271,657.3262,0.5008835
657.8271,657.3262,0.500868
657.8271,657.3262,0.5008679
657.8271,657.3262,0.5008521
657.8271,657.3263,0.5008161
657.8271,657.3263,0.5008156
657.8271,657.3263,0.5008141
657.8271,657.3263,0.5008103
657.8271,657.3263,0.5007994
657.8271,657.3263,0.500796
657.8271,657.3263,0.5007957
657.8271,657.3263,0.500773
657.8271,657.3263,0.5007632
657.8271,657.3263,0.5007502
657.8271,657.3264,0.5007414
657.8271,657.3264,0.5007275
657.8271,657.3264,0.5006916
657.8271,657.3264,0.5006914
657.8271,657.3265,0.5006453
657.8271,657.3265,0.5006426
657.8271,657.3265,0.5006424
657.8271,657.3265,0.5006394
657.8271,657.3265,0.5006348
657.8271,657.3265,0.5006327
657.8271,657.3265,0.5006135
657.8271,657.3265,0.5005527
657.8271,657.3266,0.5005454
657.8271,657.3266,0.5005402
657.8271,657.3266,0.5005019
657.8271,657.3266,0.5004844
657.8271,657.3266,0.5004699
657.8271,657.3266,0.5004691
657.8271,657.3266,0.5004644
657.8271,657.3266,0.5004589
657.8271,657.3266,0.5004544
657.8271,657.3267,0.5004321
657.8271,657.3267,0.5004253
657.8271,657.3267,0.5004199
657.8271,657.3267,0.5004052
657.8271,657.3267,0.5004014
657.8271,657.3267,0.5003968
657.8271,657.3267,0.5003669
657.8271,657.3268,0.5003423
657.8271,657.3268,0.5003423
657.8271,657.3268,0.5002833
657.8271,657.3268,0.5002701
657.8271,657.3268,0.5002661
657.8271,657.3268,0.5002657
657.8271,657.3269,0.5002459
657.8271,657.3269,0.5002109
657.8271,657.3269,0.5002102
657.8271,657.3269,0.5001998
657.8271,657.3269,0.5001943
657.8271,657.3269,0.500187
657.8271,657.327,0.5001204
657.8271,657.327,0.5000919
657.8271,657.327,0.5000917
657.8271,657.327,0.5000659
657.8271,657.3271,0.5000294
657.8271,657.3271,0.5000124
657.8271,657.3271,0.5000049
657.8271,657.3271,0.4999969
657.8271,657.3271,0.4999866
657.8271,657.3271,0.4999689
657.8271,657.3271,0.4999567
657.8271,657.3271,0.4999558
657.8271,657.3271,0.4999539
657.8271,657.3272,0.4999428
657.8271,657.3272,0.4999292
657.8271,657.3272,0.499926
657.8271,657.3272,0.4999176
657.8271,657.3272,0.4998925
657.8271,657.3272,0.4998766
657.8271,657.3272,0.4998717
657.8271,657.3272,0.4998661
657.8271,657.3272,0.4998635
657.8271,657.3273,0.4998371
657.8271,657.3273,0.4998078
657.8271,657.3273,0.4998013
657.8271,657.3273,0.4997818
657.8271,657.3273,0.4997781
657.8271,657.3273,0.499771
657.8271,657.3273,0.4997637
657.8271,657.3273,0.4997602
657.8271,657.3274,0.4997485
657.8271,657.3274,0.4997321
657.8271,657.3274,0.4997321
657.8271,657.3274,0.4997282
657.8271,657.3274,0.4997243
657.8271,657.3274,0.4997188
657.8271,657.3274,0.4996559
657.8271,657.3275,0.4996417
657.8271,657.3275,0.4996341
657.8271,657.3275,0.4995694
657.8271,657.3275,0.4995581
657.8271,657.3276,0.4995477
657.8271,657.3276,0.4995293
657.8271,657.3276,0.4995237
657.8271,657.3276,0.4995092
657.8271,657.3276,0.4995034
657.8271,657.3276,0.4995013
657.8271,657.3276,0.4994924
657.8271,657.3276,0.4994853
657.8271,657.3276,0.4994813
657.8271,657.3277,0.4994454
657.8271,657.3277,0.4994135
657.8271,657.3277,0.4993792
657.8271,657.3278,0.4993431
657.8271,657.3278,0.4993373
657.8271,657.3278,0.4993055
657.8271,657.3278,0.4992907
657.8271,657.3278,0.4992835
657.8271,657.3278,0.499259
657.8271,657.3279,0.4992152
657.8271,657.3279,0.4992142
657.8271,657.328,0.4991475
657.8271,657.328,0.4991384
657.8271,657.328,0.4991229
657.8271,657.328,0.4990557
657.8271,657.328,0.4990537
657.8271,657.3281,0.499021
657.8271,657.3281,0.499015
657.8271,657.3281,0.4990017
657.8271,657.3281,0.4989956
657.8271,657.3281,0.4989682
657.8271,657.3281,0.4989585
657.8271,657.3281,0.4989563
657.8271,657.3282,0.4989195
657.8271,657.3282,0.4989015
657.8271,657.3283,0.4988376
657.8271,657.3283,0.4988364
657.8271,657.3283,0.4988151
657.8271,657.3283,0.4988139
657.8271,657.3283,0.4988114
657.8271,657.3284,0.4987298
657.8271,657.3284,0.498711
657.8271,657.3284,0.4987109
657.8271,657.3284,0.4986925
657.8271,657.3284,0.4986828
657.8271,657.3284,0.4986803
657.8271,657.3284,0.4986558
657.8271,657.3285,0.4986337
657.8271,657.3285,0.4986275
657.8271,657.3285,0.498607
657.8271,657.3285,0.4986065
657.8271,657.3285,0.4986034
657.8271,657.3285,0.4985758
657.8271,657.3285,0.4985522
657.8271,657.3286,0.498518
657.8271,657.3286,0.4985115
657.8271,657.3286,0.4985059
657.8271,657.3286,0.4984827
657.8271,657.3286,0.4984708
657.8271,657.3286,0.4984538
657.8271,657.3287,0.498446
657.8271,657.3287,0.4984081
657.8271,657.3287,0.4984026
657.8271,657.3287,0.4983913
657.8271,657.3287,0.498384
657.8271,657.3287,0.4983599
657.8271,657.3288,0.4983326
657.8271,657.3288,0.4983151
657.8271,657.3288,0.4983008
657.8271,657.3288,0.4982823
657.8271,657.3288,0.4982596
657.8271,657.3289,0.4982436
657.8271,657.3289,0.4982337
657.8271,657.3289,0.4982079
657.8271,657.3289,0.4981749
657.8271,657.3289,0.4981545
657.8271,657.329,0.498095
657.8271,657.329,0.4980616
657.8271,657.329,0.4980577
657.8271,657.3291,0.4980446
657.8271,657.3291,0.4980146
657.8271,657.3291,0.4979728
657.8271,657.3291,0.4979707
657.8271,657.3292,0.4979192
657.8271,657.3292,0.497894
657.8271,657.3292,0.4978561
657.8271,657.3293,0.4977715
657.8271,657.3294,0.4977436
657.8271,657.3294,0.4977299
657.8271,657.3294,0.4977086
657.8271,657.3294,0.4977054
657.8271,657.3295,0.4976446
657.8271,657.3295,0.4976295
657.8271,657.3295,0.4976215
657.8271,657.3295,0.4975511
657.8271,657.3296,0.4975438
657.8271,657.3297,0.4974296
657.8271,657.3297,0.4974273
657.8271,657.3297,0.4973539
657.8271,657.3298,0.4973379
657.8271,657.3298,0.4973156
657.8271,657.3298,0.4973138
657.8271,657.3298,0.4973125
657.8271,657.3298,0.4972655
657.8271,657.3299,0.4972002
657.8271,657.3299,0.4971638
657.8271,657.33,0.4971391
657.8271,657.33,0.4970929
657.8271,657.3301,0.4970367
657.8271,657.3301,0.4970278
657.8271,657.3301,0.4969888
657.8271,657.3301,0.4969769
657.8271,657.3301,0.4969612
657.8271,657.3302,0.4968609
657.8271,657.3303,0.4968245
657.8271,657.3303,0.4968239
657.8271,657.3303,0.4968122
657.8271,657.3303,0.4968082
657.8271,657.3304,0.4967471
657.8271,657.3304,0.496731
657.8271,657.3304,0.4966869
657.8271,657.3305,0.4966458
657.8271,657.3305,0.4965523
657.8271,657.3306,0.496543
657.8271,657.3306,0.4965399
657.8271,657.3306,0.4965115
657.8271,657.3306,0.4964525
657.8271,657.3307,0.4964086
657.8271,657.3307,0.4964063
657.8271,657.3307,0.4963562
657.8271,657.3308,0.4963378
657.8271,657.3308,0.4963338
657.8271,657.3308,0.4962901
657.8271,657.3308,0.4962803
657.8271,657.3309,0.4962179
657.8271,657.3309,0.4961545
657.8271,657.331,0.4961473
657.8271,657.331,0.4961355
657.8271,657.331,0.4961318
657.8271,657.3311,0.4960319
657.8271,657.3311,0.4960214
657.8271,657.3311,0.4959957
657.8271,657.3311,0.4959803
657.8271,657.3313,0.4958483
657.8271,657.3313,0.4958385
657.8271,657.3313,0.4957943
657.8271,657.3313,0.4957556
657.8271,657.3314,0.4957478
657.8271,657.3314,0.4957433
657.8271,657.3314,0.4956613
657.8271,657.3315,0.4956246
657.8271,657.3315,0.4956157
657.8271,657.3316,0.4955209
657.8271,657.3316,0.4954697
657.8271,657.3316,0.4954697
657.8271,657.3317,0.4954269
657.8271,657.3317,0.4953654
657.8271,657.3317,0.4953596
657.8271,657.3318,0.4953498
657.8271,657.3318,0.495298
657.8271,657.3318,0.4952599
657.8271,657.3319,0.4952147
657.8271,657.3319,0.4951624
657.8271,657.332,0.4951459
657.8271,657.3321,0.4950401
657.8271,657.3321,0.4949506
657.8271,657.3322,0.4949402
657.8271,657.3322,0.4949397
657.8271,657.3323,0.4948155
657.8271,657.3324,0.4947376
657.8271,657.3324,0.4947245
657.8271,657.3325,0.4946075
657.8271,657.3326,0.4945303
657.8271,657.3326,0.4944823
657.8271,657.3326,0.4944799
657.8271,657.3326,0.4944653
657.8271,657.3328,0.4943042
657.8271,657.3328,0.4942713
657.8271,657.3329,0.4942278
657.8271,657.3329,0.494217
657.8271,657.3329,0.4941965
657.8271,657.333,0.4940986
657.8271,657.333,0.4940968
657.8271,657.333,0.4940583
657.8271,657.3331,0.4940175
657.8271,657.3331,0.4940133
657.8271,657.3332,0.4939428
657.8271,657.3333,0.4938436
657.8271,657.3335,0.4935907
657.8271,657.3335,0.4935535
657.8271,657.3337,0.4934126
657.8271,657.3338,0.4933432
657.8271,657.3341,0.4930443
657.8271,657.3341,0.4930022
657.8271,657.3341,0.4929806
657.8271,657.3341,0.4929663
657.8271,657.3342,0.4928575
657.8271,657.3343,0.4927916
657.8271,657.3344,0.4927031
657.8271,657.3344,0.4926931
657.8271,657.3345,0.4925938
657.8271,657.3346,0.4925315
657.8271,657.3346,0.4925122
657.8271,657.3346,0.4924758
657.8271,657.3346,0.4924758
657.8271,657.3346,0.4924644
657.8271,657.3347,0.4924473
657.8271,657.3347,0.4924247
657.8271,657.3347,0.4923758
657.8271,657.3349,0.4922491
657.8271,657.3349,0.4921771
657.8271,657.335,0.4921323
657.8271,657.335,0.4921186
657.8271,657.3352,0.4919029
657.8271,657.3353,0.4917993
657.8271,657.3353,0.4917708
657.8271,657.3354,0.4917334
657.8271,657.3354,0.4917057
657.8271,657.3354,0.4917045
657.8271,657.3354,0.4916601
657.8271,657.3355,0.4915607
657.8271,657.3357,0.491373
657.8271,657.3358,0.4912691
657.8271,657.3358,0.4912505
657.8271,657.3359,0.4912321
657.8271,657.3359,0.4911776
657.8271,657.336,0.4910828
657.8271,657.3361,0.4909955
657.8271,657.3365,0.4905998
657.8271,657.3365,0.4905907
657.8271,657.3366,0.4905406
657.8271,657.3366,0.4905046
657.8271,657.3368,0.4903161
657.8271,657.3368,0.4902932
657.8271,657.3369,0.4901745
657.8271,657.337,0.4900693
657.8271,657.3373,0.4898413
657.8271,657.3373,0.4898371
657.8271,657.3375,0.4895734
657.8271,657.3376,0.4895491
657.8271,657.3376,0.4894552
657.8271,657.3376,0.489451
657.8271,657.3377,0.4894424
657.8271,657.3379,0.4892267
657.8271,657.338,0.4890798
657.8271,657.3381,0.4890396
657.8271,657.3382,0.4889222
657.8271,657.3382,0.4888885
657.8271,657.3383,0.4887929
657.8271,657.3384,0.4887325
657.8271,657.3384,0.4887018
657.8271,657.3384,0.488657
657.8271,657.3387,0.4884056
657.8271,657.3387,0.4883668
657.8271,657.3387,0.4883643
657.8271,657.3389,0.4882308
657.8271,657.3389,0.4881747
657.8271,657.339,0.488147
657.8271,657.3392,0.4878757
657.8271,657.3395,0.487569
657.8271,657.3396,0.4875125
657.8271,657.3397,0.4874409
657.8271,657.3398,0.4872932
657.8271,657.3399,0.4871584
657.8271,657.34,0.4870763
657.8271,657.3402,0.4869457
657.8271,657.3402,0.4869089
657.8271,657.3403,0.4867706
657.8271,657.3405,0.4865738
657.8271,657.3406,0.4865392
657.8271,657.3406,0.4865047
657.8271,657.341,0.4860566
657.8271,657.3413,0.4858269
657.8271,657.3413,0.4857968
657.8271,657.3413,0.4857879
657.8271,657.3416,0.4854841
657.8271,657.3418,0.4853429
657.8271,657.3418,0.4852542
657.8271,657.3419,0.4852289
657.8271,657.3419,0.4852016
657.8271,657.3421,0.4850444
657.8271,657.3421,0.4849645
657.8271,657.3423,0.4847562
657.8271,657.3426,0.4844654
657.8271,657.3427,0.4844377
657.8271,657.343,0.4841191
657.8271,657.3431,0.4840028
657.8271,657.3431,0.483952
657.8271,657.3432,0.4838503
657.8271,657.3433,0.4838283
657.8271,657.3435,0.4836038
657.8271,657.3437,0.4834274
657.8271,657.3437,0.4833527
657.8271,657.3438,0.4833216
657.8271,657.3438,0.4833078
657.8271,657.3438,0.4832808
657.8271,657.3441,0.4829584
657.8271,657.3442,0.4828748
657.8271,657.3443,0.4828075
657.8271,657.3444,0.4827112
657.8271,657.3445,0.4826315
657.8271,657.3446,0.4825153
657.8271,657.3447,0.4824038
657.8271,657.3448,0.4823064
657.8271,657.3448,0.4822786
657.8271,657.3449,0.4822388
657.8271,657.345,0.4820771
657.8271,657.3454,0.4816967
657.8271,657.3457,0.4814392
657.8271,657.3457,0.4813764
657.8271,657.3459,0.481205
657.8271,657.3462,0.4808936
657.8271,657.3462,0.4808502
657.8271,657.3464,0.4806561
657.8271,657.3465,0.4806498
657.8271,657.3465,0.4805748
657.8271,657.3466,0.480461
657.8271,657.3467,0.4803577
657.8271,657.3468,0.4803329
657.8271,657.3471,0.4799619
657.8271,657.3473,0.4798139
657.8271,657.3475,0.4796414
657.8271,657.3475,0.4795756
657.8271,657.3476,0.479548
657.8271,657.348,0.4790602
657.8271,657.3482,0.4789254
657.8271,657.3483,0.4788404
657.8271,657.3484,0.4786748
657.8271,657.3485,0.4785941
657.8271,657.3487,0.4784364
657.8271,657.3493,0.4777913
657.8271,657.3493,0.4777847
657.8271,657.3498,0.4773097
657.8271,657.3499,0.477239
657.8271,657.3503,0.4767957
657.8271,657.3506,0.4765206
657.8271,657.3506,0.4764649
657.8271,657.3507,0.4764006
657.8271,657.3513,0.475833
657.8271,657.3515,0.475648
657.8271,657.3515,0.4756414
657.8271,657.3516,0.4755215
657.8271,657.3517,0.4754151
657.8271,657.352,0.4751239
657.8271,657.3524,0.4747071
657.8271,657.3526,0.4744656
657.8271,657.3532,0.4738605
657.8271,657.3533,0.4738213
657.8271,657.3533,0.4737603
657.8271,657.3534,0.4736569
657.8271,657.3534,0.4736514
657.8271,657.3535,0.4735844
657.8271,657.3537,0.4733631
657.8271,657.3538,0.4733187
657.8271,657.355,0.4720597
657.8271,657.3553,0.4718366
657.8271,657.3553,0.4717537
657.8271,657.3554,0.4716967
657.8271,657.3556,0.4715254
657.8271,657.3557,0.471391
657.8271,657.3558,0.4712913
657.8271,657.3559,0.4712469
657.8271,657.3559,0.47116
657.8271,657.3562,0.4709019
657.8271,657.3563,0.4707756
657.8271,657.3564,0.4707386
657.8271,657.3567,0.4703649
657.8271,657.3572,0.4699457
657.8271,657.3572,0.4699298
657.8271,657.3572,0.4699272
657.8271,657.3572,0.4698774
657.8271,657.3577,0.4694393
657.8271,657.3577,0.4693837
657.8271,657.3577,0.4693762
657.8271,657.3578,0.4692815
657.8271,657.3579,0.4692142
657.8271,657.3582,0.4688511
657.8271,657.3583,0.4688468
657.8271,657.3585,0.4686146
657.8271,657.3585,0.468613
657.8271,657.3586,0.46847
657.8271,657.3587,0.4683579
657.8271,657.359,0.4680889
657.8271,657.3592,0.4679202
657.8271,657.3592,0.467917
657.8271,657.3592,0.4678818
657.8271,657.3595,0.4675587
657.8271,657.3596,0.4675406
657.8271,657.3597,0.467387
657.8271,657.3598,0.4672939
657.8271,657.3598,0.4672701
657.8271,657.3598,0.4672677
657.8271,657.3599,0.4672181
657.8271,657.3599,0.4671732
657.8271,657.36,0.4670913
657.8271,657.3603,0.4667841
657.8271,657.3605,0.4665959
657.8271,657.361,0.4661128
657.8271,657.361,0.4660793
657.8271,657.3614,0.4657301
657.8271,657.3614,0.4656512
657.8271,657.3616,0.4654665
657.8271,657.3618,0.4653093
657.8271,657.3619,0.4651803
657.8271,657.362,0.4650599
657.8271,657.3621,0.4649746
657.8271,657.3622,0.464941
657.8271,657.3622,0.4648665
657.8271,657.3622,0.4648657
657.8271,657.3623,0.4648166
657.8271,657.3623,0.4647838
657.8271,657.3625,0.4646367
657.8271,657.3626,0.4645382
657.8271,657.3627,0.4644467
657.8271,657.3627,0.4644445
657.8271,657.3629,0.4641907
657.8271,657.3633,0.4637827
657.8271,657.3635,0.4636329
657.8271,657.3636,0.4635314
657.8271,657.3637,0.4633508
657.8271,657.3639,0.4631966
657.8271,657.364,0.4631011
657.8271,657.3641,0.4630237
657.8271,657.3641,0.4630051
657.8271,657.3641,0.4629531
657.8271,657.3642,0.4629225
657.8271,657.3642,0.462919
657.8271,657.3645,0.4625934
657.8271,657.3645,0.462567
657.8271,657.3647,0.4623537
657.8271,657.3649,0.4622168
657.8271,657.3649,0.4622139
657.8271,657.365,0.4621375
657.8271,657.365,0.4621342
657.8271,657.3651,0.4620466
657.8271,657.3651,0.4620036
657.8271,657.3651,0.4619815
657.8271,657.3652,0.4618726
657.8271,657.3653,0.4618106
657.8271,657.3654,0.4616684
657.8271,657.3655,0.4616214
657.8271,657.3655,0.4616105
657.8271,657.3657,0.4614415
657.8271,657.3657,0.4613647
657.8271,657.366,0.4611123
657.8271,657.366,0.4610814
657.8271,657.3661,0.4610284
657.8271,657.3663,0.4608041
657.8271,657.3663,0.4607814
657.8271,657.3664,0.4607223
657.8271,657.3665,0.4605775
657.8271,657.3665,0.4605602
657.8271,657.3666,0.4605253
657.8271,657.3667,0.4604017
657.8271,657.3667,0.4603513
657.8271,657.3668,0.4602898
657.8271,657.3682,0.4589394
657.8271,657.3689,0.4581503
657.8271,657.3695,0.4576199
657.8271,657.3696,0.4575094
657.8271,657.3711,0.4560314
657.8271,657.3722,0.4549068
657.8271,657.373,0.4540502
657.8271,657.3743,0.4528052
657.8271,657.3781,0.4490097
657.8271,657.3795,0.447605
657.8271,657.3801,0.4470149
657.8271,657.3829,0.4441534
657.8271,657.3891,0.4380044
657.8271,657.3895,0.4376118
657.8271,657.3896,0.4374846
657.8271,657.3906,0.4364759
657.8271,657.3909,0.4361829
657.8271,657.391,0.4361164
657.8271,657.3911,0.4359901
657.8271,657.3912,0.4359152
657.8271,657.3912,0.4359116
657.8271,657.3912,0.435873
657.8271,657.3915,0.4356444
657.8271,657.3915,0.435616
657.8271,657.3917,0.4354484
657.8271,657.3917,0.4354129
657.8271,657.3918,0.4353166
657.8271,657.3918,0.4353003
657.8271,657.3919,0.4352382
657.8271,657.392,0.4351168
657.8271,657.392,0.4350924
657.8271,657.3921,0.4349669
657.8271,657.3921,0.4349571
657.8271,657.3921,0.4349567
657.8271,657.3922,0.4349307
657.8271,657.3922,0.4348582
657.8271,657.3923,0.434782
657.8271,657.3923,0.4347691
657.8271,657.3923,0.4347657
657.8271,657.3924,0.4347026
657.8271,657.3925,0.4346058
657.8271,657.3926,0.4345184
657.8271,657.3927,0.4343734
657.8271,657.3927,0.4343537
657.8271,657.3928,0.4343125
657.8271,657.3929,0.4342307
657.8271,657.393,0.4340743
657.8271,657.393,0.4340648
657.8271,657.393,0.4340564
657.8271,657.3931,0.4339767
657.8271,657.3932,0.4338655
657.8271,657.3936,0.43349
657.8271,657.3937,0.4334029
657.8271,657.394,0.4330556
657.8271,657.3941,0.4330022
657.8271,657.3945,0.4325707
657.8271,657.4293,0.3978407
657.8271,657.4851,0.3420499
657.8271,657.4863,0.3407827
657.8271,657.4869,0.3402302
657.8271,657.4897,0.3374061
657.8271,657.4907,0.3363593
657.8271,657.4909,0.3361503
657.8271,657.4911,0.3360472
657.8271,657.4914,0.3356574
657.8271,657.493,0.3341292
657.8271,657.493,0.3340507
657.8271,657.4936,0.3335135
657.8271,657.4941,0.3330175
657.8271,657.4942,0.3329015
657.8271,657.4945,0.3326461
657.8271,657.4948,0.3323171
657.8271,657.4949,0.3322254
657.8271,657.4954,0.3317371
657.8271,657.4954,0.3317368
657.8271,657.4954,0.3316582
657.8271,657.4957,0.3313686
657.8271,657.4958,0.3313278
657.8271,657.4962,0.3309263
657.8271,657.499,0.328122
657.8271,657.5562,0.2709371
657.8271,657.5563,0.2708298
657.8271,657.557,0.2701384
657.8271,657.5643,0.2628017
657.8271,657.5823,0.2448445
657.8271,657.588,0.2391285
657.8271,657.6,0.2270717
657.8271,657.6061,0.2209751
657.8271,657.6097,0.2174145
657.8271,657.6103,0.2168056
657.8271,657.6117,0.2153881
657.8271,657.6151,0.212035
657.8271,657.6155,0.2115525
657.8271,657.6173,0.209815
657.8271,657.6174,0.2097455
657.8271,657.6206,0.2064736
657.8271,657.6224,0.2046571
657.8271,657.6455,0.1816371
657.8271,657.6455,0.1815685
657.8271,657.646,0.1810701
657.8271,657.6464,0.1807231
657.8271,657.6465,0.1806202
657.8271,657.6469,0.1802286
657.8271,657.6473,0.1797931
657.8271,657.6474,0.1797377
657.8271,657.6475,0.1795613
657.8271,657.6488,0.178292
657.8271,657.6489,0.1782448
657.8271,657.6491,0.1780011
657.8271,657.6492,0.1778688
657.8271,657.6494,0.1776574
657.8271,657.6501,0.177046
657.8271,657.6504,0.1766944
657.8271,657.6506,0.176548
657.8271,657.6506,0.1765051
657.8271,657.6506,0.1764746
657.8271,657.6507,0.17642
657.8271,657.6511,0.1760374
657.8271,657.6511,0.1760007
657.8271,657.6514,0.1757188
657.8271,657.6515,0.175621
657.8271,657.652,0.1750732
657.8271,657.6521,0.1749699
657.8271,657.6526,0.1745191
657.8271,657.6526,0.1744994
657.8271,657.6526,0.1744766
657.8271,657.6526,0.1744603
657.8271,657.6528,0.1742997
657.8271,657.653,0.1741014
657.8271,657.6534,0.1736917
657.8271,657.6535,0.1735982
657.8271,657.6537,0.1734382
657.8271,657.6538,0.1733016
657.8271,657.6542,0.1728643
657.8271,657.6546,0.1725316
657.8271,657.6546,0.1724845
657.8271,657.655,0.1720832
657.8271,657.6557,0.1713612
657.8271,657.6559,0.1712458
657.8271,657.6563,0.1708435
657.8271,657.6569,0.1702454
657.8271,657.658,0.1690553
657.8271,657.6583,0.1688058
657.8271,657.6588,0.1682937
657.8271,657.6595,0.1676047
657.8271,657.666,0.1610527
657.8271,657.6668,0.1603476
657.8271,657.6708,0.1563422
657.8271,657.6724,0.1547301
657.8271,657.6725,0.1546011
657.8271,657.6738,0.1532957
657.8271,657.6748,0.1522905
657.8271,657.6752,0.1518794
657.8271,657.6757,0.151364
657.8271,657.6769,0.1501614
657.8271,657.9276,-0.1005488
657.8271,657.9386,-0.1115366
657.8271,657.94,-0.1129043
657.8271,657.9413,-0.1142089
657.8271,657.9414,-0.114298
657.8271,657.9423,-0.1151982
657.8271,657.9431,-0.11599
657.8271,657.9432,-0.1161445
657.8271,657.9433,-0.1162198
657.8271,657.9441,-0.116953
657.8271,657.9446,-0.1175396
657.8271,657.9446,-0.117545
657.8271,657.945,-0.1179388
657.8271,657.9451,-0.1180344
657.8271,657.9452,-0.1180547
657.8271,657.9453,-0.1182158
657.8271,657.9455,-0.1183715
657.8271,657.9456,-0.1184765
657.8271,657.9458,-0.1187035
657.8271,657.9461,-0.1190282
657.8271,657.9463,-0.1191994
657.8271,657.9464,-0.1192833
657.8271,657.9464,-0.1193366
657.8271,657.9465,-0.1194399
657.8271,657.9467,-0.1195623
657.8271,657.9467,-0.1195705
657.8271,657.9467,-0.1195977
657.8271,657.9468,-0.1197214
657.8271,657.947,-0.1198553
657.8271,657.947,-0.1198866
657.8271,657.9472,-0.1200765
657.8271,657.9472,-0.1200791
657.8271,657.9472,-0.1201239
657.8271,657.9473,-0.1201926
657.8271,657.9473,-0.1202015
657.8271,657.9473,-0.1202346
657.8271,657.9473,-0.12024
657.8271,657.9475,-0.1203667
657.8271,657.9475,-0.1204471
657.8271,657.9476,-0.1204823
657.8271,657.9476,-0.1205316
657.8271,657.9477,-0.1206085
657.8271,657.9477,-0.1206349
657.8271,657.9478,-0.1207361
657.8271,657.9481,-0.120986
657.8271,657.9481,-0.1209869
657.8271,657.9483,-0.1211513
657.8271,657.9483,-0.1211514
657.8271,657.9484,-0.121274
657.8271,657.9484,-0.1212927
657.8271,657.9484,-0.1213453
657.8271,657.9485,-0.1214158
657.8271,657.9486,-0.1214937
657.8271,657.9486,-0.1215248
657.8271,657.9486,-0.1215266
657.8271,657.9487,-0.1215727
657.8271,657.9493,-0.1221824
657.8271,657.9496,-0.122488
657.8271,657.9497,-0.1225701
657.8271,657.9501,-0.1230011
657.8271,657.9501,-0.1230374
657.8271,657.9503,-0.1232016
657.8271,657.9503,-0.1232068
657.8271,657.9507,-0.1235902
657.8271,657.9509,-0.1238079
657.8271,657.9513,-0.1241992
657.8271,657.952,-0.1249385
657.8271,657.955,-0.1278792
657.8271,657.9565,-0.1293827
657.8271,657.9574,-0.1302785
657.8271,657.9579,-0.1308256
657.8271,657.958,-0.1309025
657.8271,657.9582,-0.1310602
657.8271,657.9595,-0.1323675
657.8271,657.96,-0.1328559
657.8271,657.9612,-0.1341376
657.8271,657.9659,-0.1388129
657.8271,657.973,-0.1459296
657.8271,657.9752,-0.148145
657.8271,657.9761,-0.1489904
657.8271,657.9763,-0.1491514
657.8271,657.977,-0.1499286
657.8271,657.9787,-0.1515661
657.8271,657.9788,-0.1516805
657.8271,657.979,-0.1519383
657.8271,657.9794,-0.1523365
657.8271,657.9796,-0.1524648
657.8271,657.9799,-0.1527889
657.8271,657.9799,-0.1528395
657.8271,657.9802,-0.1531139
657.8271,657.9805,-0.1534128
657.8271,657.9808,-0.1536626
657.8271,657.9809,-0.1537844
657.8271,657.9809,-0.15382
657.8271,657.981,-0.1539322
657.8271,657.9811,-0.1539628
657.8271,657.9812,-0.1541131
657.8271,657.9813,-0.1542263
657.8271,657.9818,-0.1546585
657.8271,657.982,-0.1548562
657.8271,657.982,-0.1548915
657.8271,657.9825,-0.155429
657.8271,657.9825,-0.1554485
657.8271,657.983,-0.155918
657.8271,657.9832,-0.1561489
657.8271,657.9837,-0.1565593
657.8271,657.9842,-0.1571445
657.8271,657.9847,-0.1576207
657.8271,657.9848,-0.1577389
657.8271,657.9852,-0.1581162
657.8271,657.9855,-0.1583655
657.8271,657.9857,-0.1585513
657.8271,657.9858,-0.1586708
657.8271,657.9861,-0.1589561
657.8271,657.9864,-0.1592788
657.8271,657.9864,-0.159318
657.8271,657.9873,-0.1602293
657.8271,657.988,-0.1608852
657.8271,657.9881,-0.1610208
657.8271,657.9882,-0.1611476
657.8271,657.9884,-0.161271
657.8271,657.9886,-0.1615332
657.8271,657.9894,-0.1622579
657.8271,657.9901,-0.1629984
657.8271,657.9904,-0.1632792
657.8271,657.9926,-0.1654956
657.8271,657.9964,-0.1693487
657.8271,657.9967,-0.1695517
657.8271,657.9977,-0.1705757
657.8271,658.0019,-0.1748369
657.8271,658.004,-0.1768926
657.8271,658.0074,-0.1803486
657.8271,658.0075,-0.180447
657.8271,658.008,-0.1808901
657.8271,658.0109,-0.1838405
657.8271,658.0139,-0.1867949
657.8271,658.0172,-0.1900975
657.8271,658.0331,-0.2059928
657.8271,658.0632,-0.236126
657.8271,658.0663,-0.2391651
657.8271,658.0667,-0.2395607
657.8271,658.0673,-0.24018
657.8271,658.0674,-0.2403381
657.8271,658.0682,-0.2410712
657.8271,658.0683,-0.241175
657.8271,658.0683,-0.2412067
657.8271,658.0685,-0.2413636
657.8271,658.0686,-0.2415409
657.8271,658.0691,-0.2419581
657.8271,658.0692,-0.2420908
657.8271,658.0692,-0.2421148
657.8271,658.0692,-0.2421416
657.8271,658.0693,-0.2422252
657.8271,658.0694,-0.242305
657.8271,658.0697,-0.2425549
657.8271,658.0697,-0.2426269
657.8271,658.0698,-0.2427027
657.8271,658.0698,-0.2427043
657.8271,658.0698,-0.2427466
657.8271,658.0699,-0.2427594
657.8271,658.0699,-0.2427927
657.8271,658.0699,-0.2428129
657.8271,658.07,-0.2429175
657.8271,658.07,-0.2429328
657.8271,658.0701,-0.2430458
657.8271,658.0702,-0.2431393
657.8271,658.0705,-0.2433683
657.8271,658.0705,-0.2433727
657.8271,658.0705,-0.2433901
657.8271,658.0705,-0.2434224
657.8271,658.0705,-0.2434315
657.8271,658.0706,-0.2434713
657.8271,658.0706,-0.2434726
657.8271,658.0706,-0.243509
657.8271,658.0707,-0.2436155
657.8271,658.0707,-0.2436383
657.8271,658.0708,-0.2436852
657.8271,658.0708,-0.2437094
657.8271,658.0708,-0.2437465
657.8271,658.0709,-0.2437601
657.8271,658.0709,-0.2437719
657.8271,658.0709,-0.2438013
657.8271,658.0709,-0.243817
657.8271,658.0709,-0.2438183
657.8271,658.071,-0.2439481
657.8271,658.0711,-0.2439585
657.8271,658.0711,-0.2439943
657.8271,658.0711,-0.2440119
657.8271,658.0711,-0.2440179
657.8271,658.0712,-0.2440591
657.8271,658.0712,-0.2440671
657.8271,658.0712,-0.2441443
657.8271,658.0713,-0.2442195
657.8271,658.0714,-0.2442882
657.8271,658.0714,-0.2442931
657.8271,658.0714,-0.244308
657.8271,658.0714,-0.2443157
657.8271,658.0715,-0.2444328
657.8271,658.0717,-0.2446302
657.8271,658.0718,-0.2446685
657.8271,658.072,-0.2449004
657.8271,658.0726,-0.2455356
657.8271,658.0727,-0.2455805
657.8271,658.0732,-0.2460619
657.8271,658.074,-0.2468914
657.8271,658.075,-0.2479109
657.8271,658.0782,-0.2511412
657.8271,658.1329,-0.3057734
657.8271,658.1612,-0.3341423
657.8271,658.1908,-0.3636554
657.8271,658.1945,-0.3673736
657.8271,658.1971,-0.3699949
657.8271,658.1981,-0.3710436
657.8271,658.1987,-0.3716262
657.8271,658.1995,-0.3724373
657.8271,658.2404,-0.413345
657.8271,658.2418,-0.4146549
657.8271,658.2422,-0.4150505
657.8271,658.2423,-0.4151677
657.8271,658.2427,-0.4155601
657.8271,658.2427,-0.4155978
657.8271,658.2428,-0.415664
657.8271,658.2429,-0.415845
657.8271,658.2438,-0.4167078
657.8271,658.2438,-0.4167122
657.8271,658.2441,-0.4169761
657.8271,658.2445,-0.417409
657.8271,658.2545,-0.4273669
657.8271,658.2739,-0.4467793
657.8271,658.2741,-0.4470164
657.8271,658.2741,-0.4470483
657.8271,658.2742,-0.4470971
657.8271,658.2744,-0.4473199
657.8271,658.2753,-0.4481777
657.8271,658.2753,-0.4482234
657.8271,658.2753,-0.4482374
657.8271,658.2758,-0.448732
657.8271,658.276,-0.4489162
657.8271,658.2762,-0.4490549
657.8271,658.2767,-0.4496186
657.8271,658.2768,-0.4496963
657.8271,658.2768,-0.4497282
657.8271,658.2771,-0.4500437
657.8271,658.2776,-0.4504962
657.8271,658.2779,-0.4507854
657.8271,658.2782,-0.4510998
657.8271,658.2784,-0.4513122
657.8271,658.2785,-0.4513663
657.8271,658.2786,-0.4515146
657.8271,658.2786,-0.451537
657.8271,658.2787,-0.4515978
657.8271,658.2801,-0.4530376
657.8271,658.2804,-0.4533497
657.8271,658.2807,-0.4536306
657.8271,658.2807,-0.4536365
657.8271,658.2808,-0.4537361
657.8271,658.281,-0.4539331
657.8271,658.2816,-0.4545077
657.8271,658.2817,-0.4545755
657.8271,658.2818,-0.4546685
657.8271,658.2818,-0.4546868
657.8271,658.2819,-0.4547614
657.8271,658.2821,-0.4550158
657.8271,658.2821,-0.4550174
657.8271,658.2822,-0.4551192
657.8271,658.2823,-0.4552058
657.8271,658.2826,-0.4554713
657.8271,658.2826,-0.4554826
657.8271,658.283,-0.4559335
657.8271,658.2835,-0.4564402
657.8271,658.2836,-0.4564935
657.8271,658.284,-0.4569379
657.8271,658.2845,-0.457365
657.8271,658.2846,-0.4575038
657.8271,658.2862,-0.4591052
657.8271,658.2865,-0.4593905
657.8271,658.2866,-0.4594782
657.8271,658.287,-0.4599461
657.8271,658.2879,-0.4608061
657.8271,658.2883,-0.4611564
657.8271,658.2884,-0.4613219
657.8271,658.2892,-0.4621487
657.8271,658.2918,-0.4647113
657.8271,658.2924,-0.4653113
657.8271,658.2934,-0.4662627
657.8271,658.2935,-0.4664048
657.8271,658.2991,-0.4720145
657.8271,658.3028,-0.4757148
657.8271,658.3035,-0.4764203
657.8271,658.3044,-0.4773348
657.8271,658.305,-0.4778925
657.8271,658.3056,-0.4784692
657.8271,658.3056,-0.4784699
657.8271,658.3057,-0.4785947
657.8271,658.3086,-0.4815118
657.8271,658.3092,-0.4820715
657.8271,658.3098,-0.4827202
657.8271,658.3121,-0.4850152
657.8271,658.3122,-0.4851464
657.8271,658.3123,-0.4851707
657.8271,658.3123,-0.4851902
657.8271,658.3125,-0.4853635
657.8271,658.3128,-0.4857012
657.8271,658.3131,-0.4859901
657.8271,658.3132,-0.4861148
657.8271,658.3134,-0.4863252
657.8271,658.3136,-0.4865467
657.8271,658.3141,-0.4869716
657.8271,658.3145,-0.4873624
657.8271,658.315,-0.4878774
657.8271,658.315,-0.4879187
657.8271,658.3155,-0.4883912
657.8271,658.3156,-0.4884761
657.8271,658.3157,-0.4885549
657.8271,658.3158,-0.488695
657.8271,658.3159,-0.4887959
657.8271,658.3162,-0.4890826
657.8271,658.3162,-0.4891257
657.8271,658.3163,-0.4891537
657.8271,658.3163,-0.4892135
657.8271,658.3166,-0.489466
657.8271,658.3167,-0.4896291
657.8271,658.3171,-0.4900059
657.8271,658.3172,-0.4900805
657.8271,658.3175,-0.4903755
657.8271,658.3175,-0.4903916
657.8271,658.3176,-0.4905221
657.8271,658.3178,-0.4906919
657.8271,658.318,-0.490899
657.8271,658.3182,-0.4910526
657.8271,658.3182,-0.4911069
657.8271,658.3182,-0.4911293
657.8271,658.3183,-0.4911958
657.8271,658.3183,-0.4912178
657.8271,658.3184,-0.4912556
657.8271,658.3186,-0.4914871
657.8271,658.3186,-0.4915492
657.8271,658.3187,-0.4916497
657.8271,658.3188,-0.4916805
657.8271,658.3188,-0.4917055
657.8271,658.319,-0.4919279
657.8271,658.3191,-0.4919558
657.8271,658.3192,-0.4920883
657.8271,658.3192,-0.492138
657.8271,658.3192,-0.4921495
657.8271,658.3193,-0.492212
657.8271,658.3193,-0.4922405
657.8271,658.3194,-0.4922736
657.8271,658.3195,-0.4924188
657.8271,658.3196,-0.4924569
657.8271,658.3197,-0.4925724
657.8271,658.3197,-0.4925867
657.8271,658.3197,-0.4926037
657.8271,658.3198,-0.4926838
657.8271,658.3198,-0.4927021
657.8271,658.3199,-0.4928166
657.8271,658.3199,-0.4928177
657.8271,658.32,-0.4928866
657.8271,658.32,-0.4928999
657.8271,658.32,-0.4929282
657.8271,658.3201,-0.4929704
657.8271,658.3201,-0.4929708
657.8271,658.3201,-0.4930194
657.8271,658.3201,-0.4930485
657.8271,658.3202,-0.4930778
657.8271,658.3202,-0.4931338
657.8271,658.3203,-0.4931724
657.8271,658.3204,-0.4933005
657.8271,658.3204,-0.4933042
657.8271,658.3204,-0.4933389
657.8271,658.3205,-0.4933569
657.8271,658.3205,-0.4933693
657.8271,658.3205,-0.4933924
657.8271,658.3205,-0.4934041
657.8271,658.3205,-0.493416
657.8271,658.3205,-0.4934447
657.8271,658.3206,-0.4934565
657.8271,658.3206,-0.4934685
657.8271,658.3206,-0.4934791
657.8271,658.3206,-0.4934857
657.8271,658.3206,-0.4934945
657.8271,658.3206,-0.4934969
657.8271,658.3206,-0.4935021
657.8271,658.3206,-0.4935054
657.8271,658.3206,-0.4935181
657.8271,658.3206,-0.4935235
657.8271,658.3206,-0.4935257
657.8271,658.3207,-0.4935544
657.8271,658.3207,-0.4935863
657.8271,658.3207,-0.4935923
657.8271,658.3207,-0.4936193
657.8271,658.3207,-0.4936265
657.8271,658.3208,-0.4936902
657.8271,658.3208,-0.4936934
657.8271,658.3208,-0.4936996
657.8271,658.3208,-0.4937139
657.8271,658.3208,-0.4937196
657.8271,658.3208,-0.4937293
657.8271,658.3209,-0.4937532
657.8271,658.3209,-0.493759
657.8271,658.3209,-0.4937642
657.8271,658.3209,-0.4937843
657.8271,658.3209,-0.4938042
657.8271,658.3209,-0.4938306
657.8271,658.3209,-0.4938399
657.8271,658.3209,-0.4938421
657.8271,658.3209,-0.4938488
657.8271,658.321,-0.4938552
657.8271,658.321,-0.4938573
657.8271,658.321,-0.4938626
657.8271,658.321,-0.4938764
657.8271,658.321,-0.4938799
657.8271,658.321,-0.4938868
657.8271,658.321,-0.4938933
657.8271,658.321,-0.4938955
657.8271,658.321,-0.4939055
657.8271,658.321,-0.4939492
657.8271,658.3211,-0.4939513
657.8271,658.3211,-0.4939678
657.8271,658.3211,-0.4940353
657.8271,658.3211,-0.4940391
657.8271,658.3212,-0.4940986
657.8271,658.3212,-0.4941383
657.8271,658.3213,-0.4941529
657.8271,658.3213,-0.4941591
657.8271,658.3213,-0.4941655
657.8271,658.3213,-0.4941808
657.8271,658.3213,-0.4942099
657.8271,658.3213,-0.4942106
657.8271,658.3213,-0.4942243
657.8271,658.3214,-0.494263
657.8271,658.3214,-0.4942829
657.8271,658.3214,-0.4942837
657.8271,658.3214,-0.494291
657.8271,658.3214,-0.4942943
657.8271,658.3214,-0.4943049
657.8271,658.3214,-0.4943089
657.8271,658.3214,-0.4943252
657.8271,658.3215,-0.494356
657.8271,658.3215,-0.4943623
657.8271,658.3215,-0.4943703
657.8271,658.3215,-0.4943733
657.8271,658.3215,-0.4943915
657.8271,658.3215,-0.4944029
657.8271,658.3215,-0.4944131
657.8271,658.3215,-0.4944147
657.8271,658.3215,-0.49442
657.8271,658.3215,-0.4944356
657.8271,658.3215,-0.4944357
657.8271,658.3216,-0.4944577
657.8271,658.3216,-0.4945049
657.8271,658.3216,-0.4945069
657.8271,658.3216,-0.4945175
657.8271,658.3216,-0.4945412
657.8271,658.3217,-0.4945532
657.8271,658.3217,-0.4945594
657.8271,658.3217,-0.49456
657.8271,658.3217,-0.4945704
657.8271,658.3217,-0.4945726
657.8271,658.3217,-0.4945806
657.8271,658.3217,-0.4945825
657.8271,658.3217,-0.4946017
657.8271,658.3217,-0.4946206
657.8271,658.3217,-0.4946259
657.8271,658.3217,-0.4946352
657.8271,658.3218,-0.4946711
657.8271,658.3218,-0.4946813
657.8271,658.3218,-0.4946822
657.8271,658.3218,-0.4946844
657.8271,658.3218,-0.4946949
657.8271,658.3218,-0.4947046
657.8271,658.3218,-0.494733
657.8271,658.3218,-0.4947438
657.8271,658.3219,-0.4947749
657.8271,658.3219,-0.4947791
657.8271,658.3219,-0.4947797
657.8271,658.3219,-0.4947835
657.8271,658.3219,-0.4947865
657.8271,658.3219,-0.4948014
657.8271,658.3219,-0.4948186
657.8271,658.3219,-0.4948247
657.8271,658.3219,-0.4948463
657.8271,658.322,-0.4949011
657.8271,658.322,-0.49491
657.8271,658.322,-0.4949464
657.8271,658.3221,-0.4949736
657.8271,658.3221,-0.4949828
657.8271,658.3221,-0.4950213
657.8271,658.3221,-0.4950241
657.8271,658.3221,-0.4950292
657.8271,658.3221,-0.4950297
657.8271,658.3221,-0.4950352
657.8271,658.3221,-0.4950408
657.8271,658.3222,-0.4950523
657.8271,658.3222,-0.4950534
657.8271,658.3222,-0.4950649
657.8271,658.3222,-0.4950836
657.8271,658.3222,-0.495085
657.8271,658.3222,-0.4951078
657.8271,658.3222,-0.4951097
657.8271,658.3222,-0.495115
657.8271,658.3222,-0.4951318
657.8271,658.3222,-0.4951382
657.8271,658.3222,-0.4951442
657.8271,658.3223,-0.4951514
657.8271,658.3223,-0.4951615
657.8271,658.3223,-0.4951965
657.8271,658.3223,-0.4952047
657.8271,658.3223,-0.495239
657.8271,658.3223,-0.4952408
657.8271,658.3224,-0.4953037
657.8271,658.3224,-0.495305
657.8271,658.3224,-0.4953269
657.8271,658.3224,-0.4953348
657.8271,658.3225,-0.4954012
657.8271,658.3225,-0.4954146
657.8271,658.3225,-0.4954184
657.8271,658.3226,-0.4954947
657.8271,658.3226,-0.4955144
657.8271,658.3226,-0.4955492
657.8271,658.3227,-0.4955587
657.8271,658.3227,-0.49556
657.8271,658.3227,-0.4955654
657.8271,658.3227,-0.4955751
657.8271,658.3227,-0.4955783
657.8271,658.3227,-0.4955903
657.8271,658.3227,-0.4956111
657.8271,658.3227,-0.4956298
657.8271,658.3227,-0.4956323
657.8271,658.3227,-0.4956495
657.8271,658.3228,-0.4957226
657.8271,658.3229,-0.4957682
657.8271,658.3229,-0.4957729
657.8271,658.3229,-0.4957741
657.8271,658.3229,-0.4958137
657.8271,658.3229,-0.4958329
657.8271,658.3229,-0.4958481
657.8271,658.323,-0.4958573
657.8271,658.323,-0.495858
657.8271,658.323,-0.4958679
657.8271,658.323,-0.4958742
657.8271,658.323,-0.4958819
657.8271,658.323,-0.4958848
657.8271,658.323,-0.4958898
657.8271,658.3231,-0.4959563
657.8271,658.3231,-0.4960008
657.8271,658.3231,-0.4960072
657.8271,658.3231,-0.4960199
657.8271,658.3231,-0.4960213
657.8271,658.3231,-0.4960263
657.8271,658.3231,-0.4960373
657.8271,658.3231,-0.4960475
657.8271,658.3232,-0.4960614
657.8271,658.3232,-0.4960781
657.8271,658.3232,-0.4960831
657.8271,658.3232,-0.496091
657.8271,658.3232,-0.4961101
657.8271,658.3232,-0.4961145
657.8271,658.3232,-0.4961234
657.8271,658.3232,-0.4961244
657.8271,658.3233,-0.496171
657.8271,658.3233,-0.4961818
657.8271,658.3233,-0.4961909
657.8271,658.3233,-0.4961926
657.8271,658.3233,-0.4962097
657.8271,658.3233,-0.4962131
657.8271,658.3233,-0.4962146
657.8271,658.3233,-0.4962231
657.8271,658.3233,-0.4962319
657.8271,658.3234,-0.4962668
657.8271,658.3234,-0.4962862
657.8271,658.3234,-0.4962927
657.8271,658.3234,-0.4963347
657.8271,658.3234,-0.4963498
657.8271,658.3235,-0.4963597
657.8271,658.3235,-0.4963686
657.8271,658.3235,-0.4963693
657.8271,658.3235,-0.4963737
657.8271,658.3235,-0.4964007
657.8271,658.3235,-0.4964309
657.8271,658.3235,-0.4964422
657.8271,658.3236,-0.4964596
657.8271,658.3236,-0.4964651
657.8271,658.3236,-0.4965033
657.8271,658.3236,-0.4965486
657.8271,658.3237,-0.496571
657.8271,658.3237,-0.4965815
657.8271,658.3237,-0.4965962
657.8271,658.3237,-0.4966035
657.8271,658.3237,-0.4966207
657.8271,658.3237,-0.4966384
657.8271,658.3238,-0.496702
657.8271,658.3238,-0.4967443
657.8271,658.3239,-0.4967608
657.8271,658.3239,-0.4967735
657.8271,658.3239,-0.4967828
657.8271,658.3239,-0.4968103
657.8271,658.3239,-0.4968272
657.8271,658.3239,-0.4968423
657.8271,658.3239,-0.4968461
657.8271,658.324,-0.4968758
657.8271,658.324,-0.4968932
657.8271,658.324,-0.4969061
657.8271,658.324,-0.4969283
657.8271,658.324,-0.4969379
657.8271,658.3241,-0.4969534
657.8271,658.3241,-0.496955
657.8271,658.3241,-0.4969557
657.8271,658.3241,-0.4969576
657.8271,658.3241,-0.4969581
657.8271,658.3241,-0.4969601
657.8271,658.3241,-0.4969816
657.8271,658.3241,-0.4969919
657.8271,658.3241,-0.4970238
657.8271,658.3241,-0.4970288
657.8271,658.3242,-0.4970563
657.8271,658.3242,-0.497082
657.8271,658.3242,-0.4971047
657.8271,658.3242,-0.497111
657.8271,658.3242,-0.4971335
657.8271,658.3242,-0.4971476
657.8271,658.3243,-0.4971732
657.8271,658.3243,-0.497175
657.8271,658.3243,-0.4971911
657.8271,658.3243,-0.497193
657.8271,658.3243,-0.4972001
657.8271,658.3243,-0.4972026
657.8271,658.3244,-0.4972514
657.8271,658.3244,-0.4972527
657.8271,658.3244,-0.4972793
657.8271,658.3244,-0.4973041
657.8271,658.3244,-0.4973288
657.8271,658.3244,-0.4973316
657.8271,658.3245,-0.4973726
657.8271,658.3245,-0.49738
657.8271,658.3245,-0.4974146
657.8271,658.3245,-0.4974465
657.8271,658.3246,-0.4974696
657.8271,658.3246,-0.497481
657.8271,658.3246,-0.4974854
657.8271,658.3246,-0.497499
657.8271,658.3247,-0.4975608
657.8271,658.3247,-0.4975609
657.8271,658.3247,-0.4975629
657.8271,658.3247,-0.4975672
657.8271,658.3247,-0.4975893
657.8271,658.3247,-0.4975904
657.8271,658.3247,-0.4976287
657.8271,658.3247,-0.4976299
657.8271,658.3247,-0.497649
657.8271,658.3248,-0.4976575
657.8271,658.3248,-0.4976598
657.8271,658.3248,-0.4976598
657.8271,658.3248,-0.4976612
657.8271,658.3248,-0.4976654
657.8271,658.3248,-0.4976855
657.8271,658.3248,-0.4977026
657.8271,658.3248,-0.497706
657.8271,658.3248,-0.4977211
657.8271,658.3249,-0.4978144
657.8271,658.3249,-0.4978446
657.8271,658.325,-0.4978578
657.8271,658.325,-0.4978618
657.8271,658.325,-0.4978981
657.8271,658.325,-0.4979256
657.8271,658.325,-0.497929
657.8271,658.325,-0.4979487
657.8271,658.3251,-0.4979633
657.8271,658.3251,-0.4979637
657.8271,658.3251,-0.4979682
657.8271,658.3251,-0.4979768
657.8271,658.3251,-0.4979789
657.8271,658.3251,-0.4979829
657.8271,658.3251,-0.4980036
657.8271,658.3251,-0.498025
657.8271,658.3251,-0.4980292
657.8271,658.3252,-0.4980873
657.8271,658.3252,-0.4981138
657.8271,658.3252,-0.4981138
657.8271,658.3252,-0.4981409
657.8271,658.3253,-0.4981548
657.8271,658.3253,-0.4981562
657.8271,658.3253,-0.4981731
657.8271,658.3253,-0.4981921
657.8271,658.3253,-0.4982049
657.8271,658.3253,-0.4982209
657.8271,658.3253,-0.4982218
657.8271,658.3253,-0.4982391
657.8271,658.3253,-0.4982473
657.8271,658.3254,-0.4982717
657.8271,658.3254,-0.498289
657.8271,658.3254,-0.4983083
657.8271,658.3254,-0.4983202
657.8271,658.3255,-0.4983736
657.8271,658.3255,-0.4983759
657.8271,658.3255,-0.4983853
657.8271,658.3255,-0.4984172
657.8271,658.3255,-0.4984204
657.8271,658.3255,-0.498434
657.8271,658.3255,-0.4984408
657.8271,658.3255,-0.498444
657.8271,658.3256,-0.4984662
657.8271,658.3256,-0.4984795
657.8271,658.3256,-0.4984884
657.8271,658.3256,-0.4985148
657.8271,658.3256,-0.4985227
657.8271,658.3256,-0.4985409
657.8271,658.3257,-0.4985607
657.8271,658.3257,-0.4985838
657.8271,658.3257,-0.4985979
657.8271,658.3257,-0.4986053
657.8271,658.3257,-0.4986302
657.8271,658.3257,-0.4986489
657.8271,658.3258,-0.4986647
657.8271,658.3258,-0.4986823
657.8271,658.3258,-0.4986828
657.8271,658.3258,-0.4986849
657.8271,658.3258,-0.498687
657.8271,658.3258,-0.4986942
657.8271,658.3258,-0.4987079
657.8271,658.3258,-0.4987083
657.8271,658.3258,-0.4987431
657.8271,658.3259,-0.4987543
657.8271,658.3259,-0.4987859
657.8271,658.3259,-0.4987909
657.8271,658.3259,-0.4988261
657.8271,658.3259,-0.4988309
657.8271,658.326,-0.4988504
657.8271,658.326,-0.4989087
657.8271,658.326,-0.4989128
657.8271,658.326,-0.4989359
657.8271,658.326,-0.4989402
657.8271,658.3261,-0.4989702
657.8271,658.3261,-0.4989809
657.8271,658.3261,-0.4990087
657.8271,658.3261,-0.4990127
657.8271,658.3261,-0.4990376
657.8271,658.3261,-0.4990378
657.8271,658.3262,-0.4990699
657.8271,658.3262,-0.4990876
657.8271,658.3262,-0.499093
657.8271,658.3262,-0.4990946
657.8271,658.3262,-0.4991391
657.8271,658.3262,-0.4991453
657.8271,658.3263,-0.4991529
657.8271,658.3263,-0.4991887
657.8271,658.3263,-0.4991969
657.8271,658.3263,-0.499197
657.8271,658.3263,-0.4992291
657.8271,658.3263,-0.4992293
657.8271,658.3263,-0.4992375
657.8271,658.3264,-0.4992545
657.8271,658.3264,-0.4993023
657.8271,658.3264,-0.499311
657.8271,658.3265,-0.4993689
657.8271,658.3265,-0.4993868
657.8271,658.3265,-0.4994119
657.8271,658.3265,-0.4994222
657.8271,658.3266,-0.4994658
657.8271,658.3266,-0.4994707
657.8271,658.3266,-0.4994858
657.8271,658.3266,-0.4994924
657.8271,658.3266,-0.4994984
657.8271,658.3266,-0.4995031
657.8271,658.3266,-0.4995087
657.8271,658.3266,-0.4995113
657.8271,658.3266,-0.4995243
657.8271,658.3266,-0.4995264
657.8271,658.3267,-0.4995654
657.8271,658.3267,-0.499567
657.8271,658.3267,-0.4996126
657.8271,658.3267,-0.4996365
657.8271,658.3267,-0.4996404
657.8271,658.3268,-0.499654
657.8271,658.3268,-0.499678
657.8271,658.3268,-0.4996918
657.8271,658.3268,-0.4996956
657.8271,658.3268,-0.4996985
657.8271,658.3268,-0.4997001
657.8271,658.3268,-0.4997226
657.8271,658.3268,-0.4997362
657.8271,658.3268,-0.4997378
657.8271,658.3269,-0.4997891
657.8271,658.3269,-0.4998151
657.8271,658.3269,-0.4998244
657.8271,658.3269,-0.4998337
657.8271,658.3269,-0.4998439
657.8271,658.327,-0.4998513
657.8271,658.327,-0.4998848
657.8271,658.327,-0.4999081
657.8271,658.327,-0.4999272
657.8271,658.3271,-0.4999678
657.8271,658.3271,-0.4999759
657.8271,658.3271,-0.4999768
657.8271,658.3271,-0.4999776
657.8271,658.3271,-0.4999815
657.8271,658.3271,-0.4999914
657.8271,658.3271,-0.4999988
657.8271,658.3271,-0.5000152
657.8271,658.3271,-0.5000208
657.8271,658.3271,-0.5000268
657.8271,658.3271,-0.5000311
657.8271,658.3271,-0.5000334
657.8271,658.3271,-0.5000447
657.8271,658.3271,-0.5000485
657.8271,658.3272,-0.5000592
657.8271,658.3272,-0.5000699
657.8271,658.3272,-0.5000801
657.8271,658.3272,-0.5001064
657.8271,658.3272,-0.5001107
657.8271,658.3272,-0.5001287
657.8271,658.3272,-0.5001329
657.8271,658.3272,-0.500136
657.8271,658.3272,-0.5001363
657.8271,658.3272,-0.500146
657.8271,658.3273,-0.5001913
657.8271,658.3273,-0.5002166
657.8271,658.3273,-0.5002338
657.8271,658.3274,-0.5002678
657.8271,658.3274,-0.5002777
657.8271,658.3274,-0.5003
657.8271,658.3274,-0.5003033
657.8271,658.3274,-0.5003181
657.8271,658.3274,-0.5003297
657.8271,658.3275,-0.5003694
657.8271,658.3275,-0.5003754
657.8271,658.3275,-0.500401
657.8271,658.3275,-0.5004221
657.8271,658.3275,-0.5004254
657.8271,658.3275,-0.500434
657.8271,658.3275,-0.5004408
657.8271,658.3276,-0.5004587
657.8271,658.3276,-0.5004609
657.8271,658.3276,-0.5004741
657.8271,658.3276,-0.5004793
657.8271,658.3276,-0.500494
657.8271,658.3276,-0.5005439
657.8271,658.3277,-0.5005603
657.8271,658.3277,-0.5005677
657.8271,658.3277,-0.5005755
657.8271,658.3277,-0.5005794
657.8271,658.3277,-0.5005795
657.8271,658.3277,-0.5005872
657.8271,658.3277,-0.5006119
657.8271,658.3277,-0.5006332
657.8271,658.3277,-0.5006466
657.8271,658.3278,-0.5006521
657.8271,658.3278,-0.5006819
657.8271,658.3278,-0.5006841
657.8271,658.3278,-0.5006861
657.8271,658.3278,-0.5006974
657.8271,658.3278,-0.5006988
657.8271,658.3278,-0.5007066
657.8271,658.3278,-0.5007088
657.8271,658.3278,-0.5007116
657.8271,658.3279,-0.5007518
657.8271,658.3279,-0.5007718
657.8271,658.3279,-0.5007818
657.8271,658.3279,-0.5008075
657.8271,658.3279,-0.500812
657.8271,658.3279,-0.5008263
657.8271,658.3279,-0.5008394
657.8271,658.328,-0.5008559
657.8271,658.328,-0.5008658
657.8271,658.328,-0.5008737
657.8271,658.328,-0.5008738
657.8271,658.328,-0.5008841
657.8271,658.328,-0.5009103
657.8271,658.328,-0.5009134
657.8271,658.328,-0.500919
657.8271,658.328,-0.5009263
657.8271,658.328,-0.5009439
657.8271,658.328,-0.5009442
657.8271,658.3281,-0.5009632
657.8271,658.3281,-0.5009942
657.8271,658.3281,-0.5010164
657.8271,658.3281,-0.501019
657.8271,658.3281,-0.5010389
657.8271,658.3281,-0.501043
657.8271,658.3282,-0.5010572
657.8271,658.3282,-0.501062
657.8271,658.3282,-0.5010628
657.8271,658.3282,-0.5011202
657.8271,658.3282,-0.5011395
657.8271,658.3283,-0.5011735
657.8271,658.3283,-0.5011995
657.8271,658.3283,-0.501206
657.8271,658.3283,-0.5012199
657.8271,658.3284,-0.5012588
657.8271,658.3284,-0.5012745
657.8271,658.3284,-0.5012885
657.8271,658.3284,-0.501301
657.8271,658.3284,-0.5013245
657.8271,658.3284,-0.501326
657.8271,658.3285,-0.5013694
657.8271,658.3285,-0.5013888
657.8271,658.3285,-0.5014412
657.8271,658.3286,-0.5014587
657.8271,658.3286,-0.5014754
657.8271,658.3286,-0.5014779
657.8271,658.3286,-0.501488
657.8271,658.3286,-0.5014956
657.8271,658.3286,-0.5014971
657.8271,658.3286,-0.5015143
657.8271,658.3286,-0.5015185
657.8271,658.3287,-0.5015724
657.8271,658.3287,-0.5015877
657.8271,658.3287,-0.5015982
657.8271,658.3287,-0.5016
657.8271,658.3287,-0.5016024
657.8271,658.3287,-0.501626
657.8271,658.3287,-0.501633
657.8271,658.3287,-0.5016493
657.8271,658.3288,-0.5016505
657.8271,658.3288,-0.5016602
657.8271,658.3288,-0.5017017
657.8271,658.3288,-0.5017082
657.8271,658.3288,-0.5017295
657.8271,658.3288,-0.5017475
657.8271,658.3289,-0.5017674
657.8271,658.3289,-0.5017723
657.8271,658.3289,-0.501776
657.8271,658.3289,-0.5018184
657.8271,658.3289,-0.5018289
657.8271,658.329,-0.5018568
657.8271,658.329,-0.5018656
657.8271,658.329,-0.5018768
657.8271,658.329,-0.5018989
657.8271,658.329,-0.5019143
657.8271,658.329,-0.5019452
657.8271,658.3291,-0.5019589
657.8271,658.3291,-0.5019687
657.8271,658.3291,-0.5019829
657.8271,658.3291,-0.5020015
657.8271,658.3291,-0.5020086
657.8271,658.3291,-0.5020221
657.8271,658.3291,-0.5020282
657.8271,658.3291,-0.5020283
657.8271,658.3291,-0.5020326
657.8271,658.3291,-0.5020411
657.8271,658.3291,-0.5020432
657.8271,658.3292,-0.5020521
657.8271,658.3292,-0.5020584
657.8271,658.3292,-0.5020664
657.8271,658.3292,-0.5020684
657.8271,658.3292,-0.5020708
657.8271,658.3292,-0.5020759
657.8271,658.3292,-0.5020783
657.8271,658.3292,-0.5020917
657.8271,658.3292,-0.502121
657.8271,658.3292,-0.5021432
657.8271,658.3293,-0.5021526
657.8271,658.3293,-0.5021596
657.8271,658.3293,-0.5021597
657.8271,658.3293,-0.5021623
657.8271,658.3293,-0.5021732
657.8271,658.3293,-0.5021862
657.8271,658.3293,-0.502188
657.8271,658.3293,-0.5022011
657.8271,658.3293,-0.5022034
657.8271,658.3293,-0.5022187
657.8271,658.3293,-0.5022331
657.8271,658.3293,-0.502234
657.8271,658.3293,-0.50225
657.8271,658.3294,-0.5022583
657.8271,658.3294,-0.5022715
657.8271,658.3294,-0.5022921
657.8271,658.3294,-0.5023006
657.8271,658.3294,-0.5023181
657.8271,658.3294,-0.5023389
657.8271,658.3294,-0.5023473
657.8271,658.3294,-0.5023481
657.8271,658.3294,-0.5023483
657.8271,658.3294,-0.5023498
657.8271,658.3295,-0.5023599
657.8271,658.3295,-0.5023821
657.8271,658.3295,-0.5023862
657.8271,658.3295,-0.5023888
657.8271,658.3295,-0.5023974
657.8271,658.3295,-0.5024042
657.8271,658.3295,-0.5024142
657.8271,658.3295,-0.5024273
657.8271,658.3295,-0.5024354
657.8271,658.3296,-0.5024525
657.8271,658.3296,-0.5024662
657.8271,658.3296,-0.5024727
657.8271,658.3296,-0.5024798
657.8271,658.3296,-0.5025193
657.8271,658.3297,-0.5025735
657.8271,658.3297,-0.5026037
657.8271,658.3297,-0.5026218
657.8271,658.3297,-0.5026219
657.8271,658.3297,-0.5026259
657.8271,658.3297,-0.5026328
657.8271,658.3297,-0.5026497
657.8271,658.3298,-0.5026568
657.8271,658.3298,-0.5026595
657.8271,658.3298,-0.5026627
657.8271,658.3298,-0.5026745
657.8271,658.3298,-0.5026928
657.8271,658.3298,-0.5027035
657.8271,658.3298,-0.502705
657.8271,658.3298,-0.5027094
657.8271,658.3298,-0.5027121
657.8271,658.3298,-0.5027282
657.8271,658.3298,-0.5027313
657.8271,658.3298,-0.5027347
657.8271,658.3299,-0.5027537
657.8271,658.3299,-0.5027564
657.8271,658.3299,-0.5027612
657.8271,658.3299,-0.5027634
657.8271,658.3299,-0.5027769
657.8271,658.3299,-0.5027801
657.8271,658.3299,-0.5027841
657.8271,658.3299,-0.5027922
657.8271,658.3299,-0.5027954
657.8271,658.3299,-0.5028056
657.8271,658.3299,-0.5028059
657.8271,658.3299,-0.5028117
657.8271,658.3299,-0.5028121
657.8271,658.3299,-0.5028253
657.8271,658.3299,-0.5028303
657.8271,658.3299,-0.5028324
657.8271,658.3299,-0.5028459
657.8271,658.33,-0.5028579
657.8271,658.33,-0.5028699
657.8271,658.33,-0.5028876
657.8271,658.33,-0.5028892
657.8271,658.33,-0.5029003
657.8271,658.33,-0.5029072
657.8271,658.33,-0.5029219
657.8271,658.33,-0.5029324
657.8271,658.3301,-0.5029652
657.8271,658.3301,-0.5029786
657.8271,658.3301,-0.5029934
657.8271,658.3301,-0.502998
657.8271,658.3301,-0.5030124
657.8271,658.3301,-0.5030157
657.8271,658.3301,-0.5030158
657.8271,658.3301,-0.5030455
657.8271,658.3302,-0.5030552
657.8271,658.3302,-0.5030555
657.8271,658.3302,-0.5030634
657.8271,658.3302,-0.5030676
657.8271,658.3302,-0.5030703
657.8271,658.3302,-0.5030744
657.8271,658.3302,-0.5030911
657.8271,658.3302,-0.503108
657.8271,658.3302,-0.5031096
657.8271,658.3302,-0.5031258
657.8271,658.3303,-0.5031533
657.8271,658.3303,-0.5031644
657.8271,658.3303,-0.503172
657.8271,658.3303,-0.5031876
657.8271,658.3303,-0.5032035
657.8271,658.3303,-0.5032382
657.8271,658.3303,-0.503239
657.8271,658.3304,-0.5032561
657.8271,658.3304,-0.5032629
657.8271,658.3304,-0.5032898
657.8271,658.3304,-0.5033005
657.8271,658.3304,-0.503302
657.8271,658.3304,-0.5033053
657.8271,658.3304,-0.5033217
657.8271,658.3304,-0.5033277
657.8271,658.3304,-0.5033297
657.8271,658.3304,-0.5033314
657.8271,658.3304,-0.5033331
657.8271,658.3304,-0.5033426
657.8271,658.3305,-0.5033663
657.8271,658.3305,-0.5033706
657.8271,658.3305,-0.5033752
657.8271,658.3305,-0.5033805
657.8271,658.3305,-0.503383
657.8271,658.3305,-0.5033955
657.8271,658.3305,-0.503398
657.8271,658.3305,-0.5034217
657.8271,658.3305,-0.5034258
657.8271,658.3305,-0.5034306
657.8271,658.3305,-0.5034406
657.8271,658.3306,-0.5034533
657.8271,658.3306,-0.5034558
657.8271,658.3306,-0.5034591
657.8271,658.3306,-0.5034825
657.8271,658.3306,-0.503487
657.8271,658.3306,-0.5034907
657.8271,658.3306,-0.5035005
657.8271,658.3306,-0.5035087
657.8271,658.3306,-0.5035136
657.8271,658.3306,-0.5035141
657.8271,658.3306,-0.503524
657.8271,658.3306,-0.5035268
657.8271,658.3306,-0.5035405
657.8271,658.3306,-0.5035429
657.8271,658.3307,-0.5035578
657.8271,658.3307,-0.5035588
657.8271,658.3307,-0.5035607
657.8271,658.3307,-0.5035618
657.8271,658.3307,-0.5035622
657.8271,658.3307,-0.5035644
657.8271,658.3307,-0.5035662
657.8271,658.3307,-0.5035718
657.8271,658.3307,-0.5036066
657.8271,658.3307,-0.5036088
657.8271,658.3307,-0.5036123
657.8271,658.3307,-0.5036141
657.8271,658.3307,-0.5036238
657.8271,658.3307,-0.5036338
657.8271,658.3307,-0.5036403
657.8271,658.3308,-0.5036644
657.8271,658.3308,-0.5036655
657.8271,658.3308,-0.5036676
657.8271,658.3308,-0.5036766
657.8271,658.3308,-0.5036834
657.8271,658.3308,-0.5036914
657.8271,658.3308,-0.5036929
657.8271,658.3308,-0.5037074
657.8271,658.3308,-0.5037075
657.8271,658.3308,-0.5037172
657.8271,658.3308,-0.5037221
657.8271,658.3308,-0.5037227
657.8271,658.3308,-0.5037291
657.8271,658.3308,-0.5037407
657.8271,658.3308,-0.5037425
657.8271,658.3309,-0.503762
657.8271,658.3309,-0.5037844
657.8271,658.3309,-0.5037997
657.8271,658.3309,-0.5038014
657.8271,658.3309,-0.5038112
657.8271,658.3309,-0.5038121
657.8271,658.3309,-0.5038134
657.8271,658.3309,-0.5038295
657.8271,658.3309,-0.503842
657.8271,658.3309,-0.5038429
657.8271,658.3309,-0.5038472
657.8271,658.331,-0.5038598
657.8271,658.331,-0.5038909
657.8271,658.331,-0.5038911
657.8271,658.331,-0.5038921
657.8271,658.331,-0.5039007
657.8271,658.331,-0.5039071
657.8271,658.331,-0.5039102
657.8271,658.331,-0.5039269
657.8271,658.331,-0.5039369
657.8271,658.3311,-0.5039588
657.8271,658.3311,-0.503981
657.8271,658.3311,-0.5039924
657.8271,658.3311,-0.5039962
657.8271,658.3311,-0.5039985
657.8271,658.3311,-0.5040006
657.8271,658.3311,-0.5040134
657.8271,658.3311,-0.5040139
657.8271,658.3311,-0.5040166
657.8271,658.3311,-0.5040277
657.8271,658.3311,-0.5040289
657.8271,658.3311,-0.5040371
657.8271,658.3311,-0.504042
657.8271,658.3312,-0.5040566
657.8271,658.3312,-0.5040566
657.8271,658.3312,-0.5040567
657.8271,658.3312,-0.504058
657.8271,658.3312,-0.5040631
657.8271,658.3312,-0.5040671
657.8271,658.3312,-0.5040906
657.8271,658.3312,-0.5040991
657.8271,658.3312,-0.5041011
657.8271,658.3312,-0.5041086
657.8271,658.3312,-0.5041115
657.8271,658.3312,-0.5041348
657.8271,658.3312,-0.5041379
657.8271,658.3312,-0.5041496
657.8271,658.3313,-0.5041559
657.8271,658.3313,-0.5041727
657.8271,658.3313,-0.5041775
657.8271,658.3313,-0.5041804
657.8271,658.3313,-0.5041884
657.8271,658.3313,-0.5042002
657.8271,658.3313,-0.504202
657.8271,658.3313,-0.5042175
657.8271,658.3313,-0.5042185
657.8271,658.3313,-0.5042273
657.8271,658.3314,-0.5042809
657.8271,658.3314,-0.5042937
657.8271,658.3314,-0.5043026
657.8271,658.3314,-0.5043325
657.8271,658.3314,-0.5043418
657.8271,658.3314,-0.5043486
657.8271,658.3315,-0.5043598
657.8271,658.3315,-0.5043875
657.8271,658.3315,-0.5043969
657.8271,658.3315,-0.5044011
657.8271,658.3315,-0.5044097
657.8271,658.3315,-0.5044412
657.8271,658.3315,-0.5044418
657.8271,658.3316,-0.504453
657.8271,658.3316,-0.5044592
657.8271,658.3316,-0.5044625
657.8271,658.3316,-0.5044637
657.8271,658.3316,-0.5044819
657.8271,658.3316,-0.5044875
657.8271,658.3316,-0.5045234
657.8271,658.3316,-0.5045239
657.8271,658.3316,-0.504535
657.8271,658.3317,-0.5045552
657.8271,658.3317,-0.5045599
657.8271,658.3317,-0.5045665
657.8271,658.3317,-0.504578
657.8271,658.3317,-0.5045864
657.8271,658.3317,-0.5046472
657.8271,658.3318,-0.5046596
657.8271,658.3318,-0.5046782
657.8271,658.3318,-0.5046907
657.8271,658.3318,-0.5046942
657.8271,658.3318,-0.5047192
657.8271,658.3318,-0.5047291
657.8271,658.3318,-0.5047454
657.8271,658.3318,-0.5047461
657.8271,658.3319,-0.504767
657.8271,658.3319,-0.5047791
657.8271,658.3319,-0.5047832
657.8271,658.3319,-0.5047834
657.8271,658.3319,-0.5048097
657.8271,658.3319,-0.5048113
657.8271,658.3319,-0.5048191
657.8271,658.3319,-0.5048281
657.8271,658.3319,-0.5048415
657.8271,658.332,-0.5048533
657.8271,658.332,-0.504896
657.8271,658.332,-0.5049187
657.8271,658.332,-0.5049281
657.8271,658.3321,-0.5049655
657.8271,658.3321,-0.5049666
657.8271,658.3321,-0.5049688
657.8271,658.3321,-0.5049712
657.8271,658.3321,-0.5049796
657.8271,658.3321,-0.504983
657.8271,658.3321,-0.5049874
657.8271,658.3321,-0.5049935
657.8271,658.3321,-0.504995
657.8271,658.3321,-0.5050027
657.8271,658.3321,-0.5050121
657.8271,658.3321,-0.5050189
657.8271,658.3321,-0.505019
657.8271,658.3322,-0.5050558
657.8271,658.3322,-0.5050667
657.8271,658.3322,-0.5050723
657.8271,658.3323,-0.5051696
657.8271,658.3323,-0.5051707
657.8271,658.3323,-0.5051869
657.8271,658.3323,-0.5052209
657.8271,658.3324,-0.5052734
657.8271,658.3324,-0.5052736
657.8271,658.3324,-0.5052983
657.8271,658.3324,-0.5053069
657.8271,658.3325,-0.5053566
657.8271,658.3325,-0.5053625
657.8271,658.3325,-0.5053758
657.8271,658.3325,-0.5053994
657.8271,658.3325,-0.5054041
657.8271,658.3325,-0.5054168
657.8271,658.3325,-0.5054199
657.8271,658.3325,-0.5054474
657.8271,658.3326,-0.5054795
657.8271,658.3326,-0.5055095
657.8271,658.3326,-0.5055198
657.8271,658.3327,-0.5055556
657.8271,658.3327,-0.505578
657.8271,658.3327,-0.5055795
657.8271,658.3327,-0.5055807
657.8271,658.3327,-0.5056061
657.8271,658.3328,-0.5056554
657.8271,658.3328,-0.5056613
657.8271,658.3328,-0.5056636
657.8271,658.3328,-0.5056737
657.8271,658.3328,-0.5056763
657.8271,658.3328,-0.5057008
657.8271,658.3328,-0.5057339
657.8271,658.3328,-0.5057351
657.8271,658.3328,-0.5057402
657.8271,658.3329,-0.5057535
657.8271,658.3329,-0.505764
657.8271,658.3329,-0.5057779
657.8271,658.3329,-0.505781
657.8271,658.3329,-0.5057933
657.8271,658.3329,-0.5058116
657.8271,658.3329,-0.5058328
657.8271,658.3329,-0.5058484
657.8271,658.333,-0.5058567
657.8271,658.333,-0.5058591
657.8271,658.333,-0.5058726
657.8271,658.333,-0.5058899
657.8271,658.3331,-0.5059577
657.8271,658.3331,-0.5059932
657.8271,658.3331,-0.505998
657.8271,658.3331,-0.5060023
657.8271,658.3331,-0.5060075
657.8271,658.3331,-0.5060458
657.8271,658.3332,-0.5060687
657.8271,658.3332,-0.5061076
657.8271,658.3332,-0.5061152
657.8271,658.3333,-0.5061545
657.8271,658.3333,-0.5061701
657.8271,658.3333,-0.5061988
657.8271,658.3333,-0.5062041
657.8271,658.3333,-0.5062053
657.8271,658.3333,-0.5062157
657.8271,658.3334,-0.5063131
657.8271,658.3334,-0.506346
657.8271,658.3335,-0.506419
657.8271,658.3336,-0.5064603
657.8271,658.3336,-0.5064721
657.8271,658.3336,-0.5064962
657.8271,658.3336,-0.5065193
657.8271,658.3336,-0.5065267
657.8271,658.3337,-0.5065568
657.8271,658.3337,-0.5065875
657.8271,658.3337,-0.5066158
657.8271,658.3337,-0.5066306
657.8271,658.3338,-0.5066559
657.8271,658.3338,-0.5066604
657.8271,658.3338,-0.5066612
657.8271,658.3338,-0.5066619
657.8271,658.3338,-0.5066692
657.8271,658.3338,-0.5067007
657.8271,658.3338,-0.5067037
657.8271,658.3338,-0.5067268
657.8271,658.3339,-0.506773
657.8271,658.3339,-0.5067735
657.8271,658.3339,-0.5067815
657.8271,658.3339,-0.5067827
657.8271,658.3339,-0.5068153
657.8271,658.3339,-0.5068208
657.8271,658.3339,-0.5068485
657.8271,658.3341,-0.5069974
657.8271,658.3341,-0.5070023
657.8271,658.3341,-0.5070229
657.8271,658.3341,-0.5070336
657.8271,658.3342,-0.5070553
657.8271,658.3342,-0.5070921
657.8271,658.3342,-0.507142
657.8271,658.3343,-0.5071914
657.8271,658.3343,-0.5071918
657.8271,658.3343,-0.5072183
657.8271,658.3344,-0.5072604
657.8271,658.3344,-0.5073261
657.8271,658.3345,-0.5073866
657.8271,658.3345,-0.5073932
657.8271,658.3345,-0.5074262
657.8271,658.3346,-0.5074537
657.8271,658.3346,-0.5074607
657.8271,658.3347,-0.5075653
657.8271,658.3347,-0.5075993
657.8271,658.3347,-0.5076242
657.8271,658.3347,-0.5076419
657.8271,658.3348,-0.5076813
657.8271,658.3348,-0.5076836
657.8271,658.3349,-0.5077555
657.8271,658.3349,-0.5077563
657.8271,658.3349,-0.5078088
657.8271,658.335,-0.5078586
657.8271,658.335,-0.5078925
657.8271,658.3351,-0.5079693
657.8271,658.3351,-0.5079972
657.8271,658.3351,-0.5080277
657.8271,658.3353,-0.5081629
657.8271,658.3353,-0.508178
657.8271,658.3353,-0.5082388
657.8271,658.3354,-0.5083109
657.8271,658.3354,-0.5083183
657.8271,658.3354,-0.5083233
657.8271,658.3354,-0.5083316
657.8271,658.3354,-0.5083484
657.8271,658.3355,-0.5083954
657.8271,658.3356,-0.5084589
657.8271,658.3356,-0.5084697
657.8271,658.3356,-0.5084797
657.8271,658.3356,-0.5085055
657.8271,658.3357,-0.5085662
657.8271,658.3357,-0.5086069
657.8271,658.3357,-0.5086086
657.8271,658.3358,-0.5086844
657.8271,658.3358,-0.5086868
657.8271,658.3358,-0.5086944
657.8271,658.3359,-0.50876
657.8271,658.3359,-0.5087869
657.8271,658.3359,-0.5088366
657.8271,658.336,-0.5088992
657.8271,658.336,-0.5089449
657.8271,658.336,-0.5089488
657.8271,658.3361,-0.5089609
657.8271,658.3361,-0.5089628
657.8271,658.3361,-0.5089649
657.8271,658.3361,-0.5090031
657.8271,658.3362,-0.5090569
657.8271,658.3362,-0.5091098
657.8271,658.3362,-0.5091175
657.8271,658.3363,-0.5091882
657.8271,658.3363,-0.509202
657.8271,658.3363,-0.5092063
657.8271,658.3363,-0.5092224
657.8271,658.3364,-0.5093361
657.8271,658.3365,-0.5094036
657.8271,658.3365,-0.5094127
657.8271,658.3367,-0.5095937
657.8271,658.3368,-0.5096525
657.8271,658.3368,-0.5096665
657.8271,658.3369,-0.5097836
657.8271,658.3369,-0.5097933
657.8271,658.3369,-0.5098212
657.8271,658.3369,-0.5098451
657.8271,658.3369,-0.5098489
657.8271,658.337,-0.5098592
657.8271,658.337,-0.5098702
657.8271,658.337,-0.5098716
657.8271,658.337,-0.5098819
657.8271,658.3371,-0.5099703
657.8271,658.3371,-0.5099763
657.8271,658.3372,-0.5100539
657.8271,658.3372,-0.5100692
657.8271,658.3372,-0.5100943
657.8271,658.3372,-0.5101263
657.8271,658.3374,-0.5102552
657.8271,658.3374,-0.5102566
657.8271,658.3374,-0.5102627
657.8271,658.3374,-0.5103159
657.8271,658.3375,-0.510402
657.8271,658.3375,-0.5104023
657.8271,658.3376,-0.5104897
657.8271,658.3376,-0.5105047
657.8271,658.3377,-0.510566
657.8271,658.3377,-0.5106183
657.8271,658.3377,-0.5106314
657.8271,658.3378,-0.5107281
657.8271,658.3379,-0.510813
657.8271,658.3379,-0.5108483
657.8271,658.3381,-0.5109651
657.8271,658.3381,-0.510985
657.8271,658.3382,-0.511117
657.8271,658.3382,-0.5111266
657.8271,658.3383,-0.511206
657.8271,658.3383,-0.5112076
657.8271,658.3383,-0.5112393
657.8271,658.3384,-0.511346
657.8271,658.3385,-0.5113844
657.8271,658.3385,-0.5114289
657.8271,658.3386,-0.5114621
657.8271,658.3386,-0.5114721
657.8271,658.3386,-0.5115013
657.8271,658.3387,-0.5115549
657.8271,658.3387,-0.5115564
657.8271,658.3387,-0.5115891
657.8271,658.3387,-0.5116021
657.8271,658.3387,-0.5116047
657.8271,658.3389,-0.5118432
657.8271,658.339,-0.5119001
657.8271,658.339,-0.5119028
657.8271,658.3391,-0.5119968
657.8271,658.3391,-0.5120305
657.8271,658.3392,-0.5120684
657.8271,658.3392,-0.5121147
657.8271,658.3392,-0.5121305
657.8271,658.3393,-0.5121839
657.8271,658.3394,-0.5123032
657.8271,658.3394,-0.5123045
657.8271,658.3394,-0.512309
657.8271,658.3394,-0.5123164
657.8271,658.3394,-0.5123321
657.8271,658.3394,-0.5123497
657.8271,658.3395,-0.5123635
657.8271,658.3395,-0.5123746
657.8271,658.3395,-0.5123858
657.8271,658.3395,-0.5123931
657.8271,658.3395,-0.5123957
657.8271,658.3395,-0.5124224
657.8271,658.3395,-0.5124449
657.8271,658.3396,-0.5124907
657.8271,658.3396,-0.5125095
657.8271,658.3396,-0.5125187
657.8271,658.3396,-0.5125322
657.8271,658.3396,-0.5125368
657.8271,658.3397,-0.5125504
657.8271,658.3397,-0.5125749
657.8271,658.3397,-0.5125921
657.8271,658.3397,-0.5126143
657.8271,658.3397,-0.5126155
657.8271,658.3397,-0.5126249
657.8271,658.3397,-0.5126344
657.8271,658.3397,-0.5126384
657.8271,658.3397,-0.5126413
657.8271,658.3398,-0.5126877
657.8271,658.3398,-0.5127137
657.8271,658.3398,-0.5127159
657.8271,658.3399,-0.5127595
657.8271,658.3399,-0.5127901
657.8271,658.3399,-0.5128015
657.8271,658.34,-0.512874
657.8271,658.34,-0.5129114
657.8271,658.34,-0.5129393
657.8271,658.34,-0.5129468
657.8271,658.34,-0.5129482
657.8271,658.3401,-0.51296
657.8271,658.3401,-0.5129691
657.8271,658.3401,-0.5129765
657.8271,658.3401,-0.5130035
657.8271,658.3401,-0.5130256
657.8271,658.3401,-0.5130498
657.8271,658.3402,-0.5130655
657.8271,658.3403,-0.5131576
657.8271,658.3403,-0.5131598
657.8271,658.3403,-0.5131704
657.8271,658.3403,-0.5131747
657.8271,658.3403,-0.5131991
657.8271,658.3403,-0.5132316
657.8271,658.3403,-0.5132343
657.8271,658.3404,-0.5132626
657.8271,658.3404,-0.5132777
657.8271,658.3404,-0.513316
657.8271,658.3404,-0.5133286
657.8271,658.3404,-0.5133289
657.8271,658.3405,-0.5133736
657.8271,658.3405,-0.5133795
657.8271,658.3405,-0.5134103
657.8271,658.3405,-0.5134154
657.8271,658.3405,-0.5134195
657.8271,658.3405,-0.5134331
657.8271,658.3406,-0.5134697
657.8271,658.3406,-0.513484
657.8271,658.3406,-0.5134896
657.8271,658.3406,-0.5135298
657.8271,658.3407,-0.513571
657.8271,658.3407,-0.513619
657.8271,658.3407,-0.5136287
657.8271,658.3408,-0.5136822
657.8271,658.3408,-0.5137035
657.8271,658.3409,-0.5137676
657.8271,658.3409,-0.513796
657.8271,658.3409,-0.513809
657.8271,658.3409,-0.5138478
657.8271,658.341,-0.513862
657.8271,658.341,-0.5138844
657.8271,658.341,-0.5139204
657.8271,658.341,-0.5139429
657.8271,658.3411,-0.513978
657.8271,658.3411,-0.5140001
657.8271,658.3411,-0.5140322
657.8271,658.3411,-0.5140485
657.8271,658.3412,-0.5140941
657.8271,658.3412,-0.5141271
657.8271,658.3413,-0.5142264
657.8271,658.3414,-0.514254
657.8271,658.3414,-0.5142569
657.8271,658.3414,-0.5143134
657.8271,658.3414,-0.514322
657.8271,658.3414,-0.5143273
657.8271,658.3415,-0.5143547
657.8271,658.3416,-0.5144646
657.8271,658.3416,-0.5144934
657.8271,658.3416,-0.5145097
657.8271,658.3418,-0.5146613
657.8271,658.3418,-0.5146776
657.8271,658.3418,-0.5147026
657.8271,658.3418,-0.5147115
657.8271,658.3418,-0.5147348
657.8271,658.3418,-0.5147354
657.8271,658.3419,-0.514762
657.8271,658.3419,-0.514791
657.8271,658.3419,-0.5148236
657.8271,658.342,-0.5148871
657.8271,658.342,-0.5149138
657.8271,658.342,-0.5149186
657.8271,658.342,-0.5149362
657.8271,658.3421,-0.5150024
657.8271,658.3421,-0.5150448
657.8271,658.3422,-0.5150813
657.8271,658.3422,-0.5150854
657.8271,658.3422,-0.5151362
657.8271,658.3423,-0.5151651
657.8271,658.3423,-0.5151952
657.8271,658.3425,-0.5153723
657.8271,658.3425,-0.5153815
657.8271,658.3425,-0.5154142
657.8271,658.3425,-0.5154152
657.8271,658.3427,-0.5156044
657.8271,658.3427,-0.515644
657.8271,658.3428,-0.5156847
657.8271,658.3429,-0.5158292
657.8271,658.3429,-0.5158345
657.8271,658.343,-0.5159186
657.8271,658.3431,-0.5160187
657.8271,658.3431,-0.5160413
657.8271,658.3432,-0.5160579
657.8271,658.3433,-0.516174
657.8271,658.3433,-0.5162279
657.8271,658.3433,-0.516244
657.8271,658.3437,-0.5165992
657.8271,658.3437,-0.5165996
657.8271,658.3437,-0.5166198
657.8271,658.3438,-0.5166603
657.8271,658.3438,-0.5166756
657.8271,658.3438,-0.5166858
657.8271,658.3439,-0.5167996
657.8271,658.344,-0.5168884
657.8271,658.344,-0.5169233
657.8271,658.3441,-0.5169794
657.8271,658.3441,-0.5169804
657.8271,658.3443,-0.5172261
657.8271,658.3443,-0.5172272
657.8271,658.3445,-0.5173649
657.8271,658.3445,-0.5173856
657.8271,658.3447,-0.5175535
657.8271,658.3447,-0.5175877
657.8271,658.3448,-0.5177492
657.8271,658.345,-0.5179217
657.8271,658.3451,-0.5179795
657.8271,658.3453,-0.5181539
657.8271,658.3453,-0.5181596
657.8271,658.3454,-0.5182808
657.8271,658.3454,-0.5182955
657.8271,658.3455,-0.5184263
657.8271,658.3456,-0.5185087
657.8271,658.3456,-0.5185271
657.8271,658.3458,-0.518658
657.8271,658.3458,-0.5187479
657.8271,658.3459,-0.5187782
657.8271,658.346,-0.5188553
657.8271,658.3463,-0.5191768
657.8271,658.3464,-0.5192658
657.8271,658.3464,-0.5192701
657.8271,658.3466,-0.5194665
657.8271,658.3468,-0.5196553
657.8271,658.3468,-0.5196781
657.8271,658.3469,-0.5197913
657.8271,658.3469,-0.5197967
657.8271,658.3472,-0.5200713
657.8271,658.3474,-0.5203224
657.8271,658.3477,-0.520608
657.8271,658.3478,-0.5207218
657.8271,658.3479,-0.5207738
657.8271,658.348,-0.520942
657.8271,658.348,-0.520947
657.8271,658.3482,-0.5210964
657.8271,658.3482,-0.5211265
657.8271,658.3483,-0.5211571
657.8271,658.3484,-0.5213268
657.8271,658.3489,-0.5217906
657.8271,658.3489,-0.5218466
657.8271,658.3491,-0.5219739
657.8271,658.3493,-0.5222012
657.8271,658.3494,-0.5222746
657.8271,658.3495,-0.5224219
657.8271,658.3497,-0.5225938
657.8271,658.3497,-0.522616
657.8271,658.3499,-0.5227888
657.8271,658.35,-0.5228746
657.8271,658.35,-0.5229362
657.8271,658.3504,-0.5232732
657.8271,658.3509,-0.5237812
657.8271,658.3512,-0.5240807
657.8271,658.3512,-0.5240997
657.8271,658.3516,-0.5245221
657.8271,658.3517,-0.5245522
657.8271,658.3519,-0.5247986
657.8271,658.352,-0.5248759
657.8271,658.3521,-0.524958
657.8271,658.3521,-0.5249733
657.8271,658.3522,-0.5251136
657.8271,658.3523,-0.5251524
657.8271,658.3523,-0.5252353
657.8271,658.3524,-0.5253032
657.8271,658.3525,-0.5254466
657.8271,658.3528,-0.525674
657.8271,658.3528,-0.5257342
657.8271,658.3529,-0.525816
657.8271,658.353,-0.5258679
657.8271,658.3534,-0.5263152
657.8271,658.3535,-0.5264132
657.8271,658.3536,-0.5264991
657.8271,658.3536,-0.52651
657.8271,658.3537,-0.5265811
657.8271,658.3537,-0.5265964
657.8271,658.3537,-0.5266231
657.8271,658.3537,-0.5266317
657.8271,658.3538,-0.5267008
657.8271,658.3539,-0.5267647
657.8271,658.3539,-0.5267679
657.8271,658.3539,-0.5267898
657.8271,658.354,-0.5268829
657.8271,658.3541,-0.5269513
657.8271,658.3541,-0.5269556
657.8271,658.3541,-0.5270124
657.8271,658.3542,-0.5271222
657.8271,658.3542,-0.5271429
657.8271,658.3543,-0.5271525
657.8271,658.3543,-0.5271558
657.8271,658.3544,-0.5273222
657.8271,658.3546,-0.5274604
657.8271,658.3548,-0.5277131
657.8271,658.3548,-0.5277337
657.8271,658.3549,-0.5277712
657.8271,658.355,-0.5279001
657.8271,658.3551,-0.5279752
657.8271,658.3554,-0.528318
657.8271,658.356,-0.5288672
657.8271,658.3562,-0.5291215
657.8271,658.3562,-0.5291275
657.8271,658.3563,-0.5292382
657.8271,658.3567,-0.5295795
657.8271,658.357,-0.5299189
657.8271,658.3573,-0.5301608
657.8271,658.358,-0.5309051
657.8271,658.3584,-0.5312757
657.8271,658.3589,-0.5318121
657.8271,658.359,-0.5319375
657.8271,658.3593,-0.5321549
657.8271,658.36,-0.5329087
657.8271,658.3605,-0.5333604
657.8271,658.3605,-0.5333997
657.8271,658.3607,-0.5335896
657.8271,658.3608,-0.5337218
657.8271,658.3608,-0.533729
657.8271,658.361,-0.5338691
657.8271,658.3619,-0.5347802
657.8271,658.3623,-0.5352212
657.8271,658.3624,-0.5353448
657.8271,658.3625,-0.5354452
657.8271,658.3627,-0.5355759
657.8271,658.3629,-0.5358419
657.8271,658.3632,-0.5361345
657.8271,658.3638,-0.5366887
657.8271,658.3642,-0.5370813
657.8271,658.3644,-0.53731
657.8271,658.3651,-0.5380309
657.8271,658.3652,-0.5380961
657.8271,658.3652,-0.5381203
657.8271,658.3658,-0.5387049
657.8271,658.3663,-0.5391954
657.8271,658.3663,-0.5392265
657.8271,658.3663,-0.5392422
657.8271,658.3666,-0.5394813
657.8271,658.367,-0.5398848
657.8271,658.3671,-0.5399761
657.8271,658.3671,-0.5399762
657.8271,658.3674,-0.5402527
657.8271,658.368,-0.5409042
657.8271,658.3685,-0.5414231
657.8271,658.3695,-0.542403
657.8271,658.3698,-0.5427025
657.8271,658.3705,-0.5433826
657.8271,658.3719,-0.5448246
657.8271,658.3737,-0.546601
657.8271,658.3743,-0.5472076
657.8271,658.3765,-0.5493589
657.8271,658.3771,-0.5500361
657.8271,658.3776,-0.5504982
657.8271,658.3786,-0.5515018
657.8271,658.379,-0.551852
657.8271,658.3798,-0.552717
657.8271,658.3801,-0.5530471
657.8271,658.3802,-0.5530836
657.8271,658.3809,-0.5538211
657.8271,658.381,-0.5538698
657.8271,658.3813,-0.5542066
657.8271,658.3814,-0.5543068
657.8271,658.3815,-0.5543562
657.8271,658.3817,-0.5546137
657.8271,658.3819,-0.5548332
657.8271,658.3825,-0.5553677
657.8271,658.3825,-0.5553765
657.8271,658.3825,-0.5553893
657.8271,658.3829,-0.5557588
657.8271,658.3834,-0.5562706
657.8271,658.3835,-0.5563508
657.8271,658.3835,-0.5563861
657.8271,658.3835,-0.5564123
657.8271,658.3836,-0.5565033
657.8271,658.3838,-0.5567255
657.8271,658.3838,-0.5567463
657.8271,658.3845,-0.5573538
657.8271,658.3845,-0.5574329
657.8271,658.3845,-0.5574379
657.8271,658.3847,-0.557582
657.8271,658.3848,-0.5577478
657.8271,658.3853,-0.5582373
657.8271,658.3858,-0.5587125
657.8271,658.3859,-0.558827
657.8271,658.3866,-0.5594997
657.8271,658.3866,-0.5595305
657.8271,658.3867,-0.5596045
657.8271,658.3869,-0.5598262
657.8271,658.3871,-0.5599632
657.8271,658.3871,-0.5599691
657.8271,658.3873,-0.5601974
657.8271,658.3874,-0.5602647
657.8271,658.3876,-0.5604685
657.8271,658.3877,-0.5605602
657.8271,658.388,-0.5609018
657.8271,658.3881,-0.5610352
657.8271,658.3882,-0.5610644
657.8271,658.3882,-0.5611049
657.8271,658.3882,-0.5611217
657.8271,658.3883,-0.5612209
657.8271,658.3884,-0.5613036
657.8271,658.3885,-0.5613969
657.8271,658.3887,-0.5615653
657.8271,658.3887,-0.5615917
657.8271,658.3887,-0.5616248
657.8271,658.3887,-0.5616273
657.8271,658.3887,-0.5616318
657.8271,658.3888,-0.5617262
657.8271,658.389,-0.5619112
657.8271,658.3891,-0.5619565
657.8271,658.3891,-0.5619957
657.8271,658.3893,-0.5622263
657.8271,658.3896,-0.5625229
657.8271,658.3896,-0.5625369
657.8271,658.3897,-0.5626459
657.8271,658.3898,-0.5627428
657.8271,658.3898,-0.5627469
657.8271,658.3906,-0.5634809
657.8271,658.3906,-0.5634967
657.8271,658.3906,-0.563497
657.8271,658.3906,-0.5635432
657.8271,658.3909,-0.5638064
657.8271,658.3911,-0.5639652
657.8271,658.3911,-0.5640292
657.8271,658.3912,-0.5641329
657.8271,658.3915,-0.5643699
657.8271,658.3918,-0.5646762
657.8271,658.3918,-0.5646983
657.8271,658.3918,-0.5647097
657.8271,658.3919,-0.5648098
657.8271,658.3919,-0.5648489
657.8271,658.3921,-0.5650413
657.8271,658.3924,-0.5653361
657.8271,658.3925,-0.5654168
657.8271,658.3926,-0.5655457
657.8271,658.3929,-0.5657659
657.8271,658.3929,-0.5658018
657.8271,658.3933,-0.5662043
657.8271,658.3934,-0.5663048
657.8271,658.3936,-0.5664813
657.8271,658.3937,-0.5665595
657.8271,658.394,-0.5668571
657.8271,658.394,-0.5668831
657.8271,658.394,-0.5669072
657.8271,658.3943,-0.5672006
657.8271,658.3945,-0.5673736
657.8271,658.3945,-0.5674278
657.8271,658.3946,-0.5675205
657.8271,658.3946,-0.567536
657.8271,658.3947,-0.5675623
657.8271,658.3947,-0.5675652
657.8271,658.3948,-0.5676527
657.8271,658.3948,-0.5677387
657.8271,658.3953,-0.5682259
657.8271,658.3956,-0.5684774
657.8271,658.3957,-0.5686325
657.8271,658.3959,-0.5688041
657.8271,658.396,-0.5688543
657.8271,658.396,-0.5689069
657.8271,658.3961,-0.5689679
657.8271,658.3963,-0.5691737
657.8271,658.3971,-0.570023
657.8271,658.3972,-0.570074
657.8271,658.3976,-0.5705442
657.8271,658.3985,-0.5713849
657.8271,658.4043,-0.5772305
657.8271,658.4056,-0.5785335
657.8271,658.4064,-0.5793049
657.8271,658.4076,-0.5804663
657.8271,658.4088,-0.5816816
657.8271,658.409,-0.5818883
657.8271,658.409,-0.5819448
657.8271,658.4096,-0.5825024
657.8271,658.4107,-0.5836047
657.8271,658.4108,-0.5836673
657.8271,658.4423,-0.6152019
657.8271,658.4469,-0.6197923
657.8271,658.4484,-0.6212587
657.8271,658.4485,-0.6214345
657.8271,658.456,-0.6289367
657.8271,658.5049,-0.6777684
657.8271,658.5074,-0.6803168
657.8271,658.5077,-0.6805809
657.8271,658.5078,-0.6806704
657.8271,658.508,-0.6808972
657.8271,658.5087,-0.6816434
657.8271,658.5103,-0.6831993
657.8271,658.5117,-0.6845658
657.8271,658.5129,-0.6857831
657.8271,658.5403,-0.7131802
657.8271,658.568,-0.7408679
657.8271,658.5687,-0.7415584
657.8271,658.5689,-0.7417826
657.8271,658.569,-0.7418836
657.8271,658.5692,-0.7420904
657.8271,658.5699,-0.7427808
657.8271,658.5702,-0.7430867
657.8271,658.5702,-0.7431161
657.8271,658.5702,-0.743146
657.8271,658.5703,-0.7431652
657.8271,658.5704,-0.7432722
657.8271,658.5704,-0.7432903
657.8271,658.5704,-0.7433387
657.8271,658.5705,-0.7434259
657.8271,658.5706,-0.7435396
657.8271,658.5707,-0.7436283
657.8271,658.5708,-0.7436548
657.8271,658.5708,-0.743675
657.8271,658.5708,-0.743722
657.8271,658.5708,-0.7437374
657.8271,658.5709,-0.7437955
657.8271,658.571,-0.743882
657.8271,658.5711,-0.7440362
657.8271,658.5712,-0.7440702
657.8271,658.5712,-0.7440736
657.8271,658.5712,-0.7440952
657.8271,658.5712,-0.7441217
657.8271,658.5713,-0.7441805
657.8271,658.5714,-0.7442522
657.8271,658.5715,-0.7443569
657.8271,658.5715,-0.7443601
657.8271,658.5715,-0.7443773
657.8271,658.5715,-0.7443801
657.8271,658.5715,-0.7444165
657.8271,658.5716,-0.7445111
657.8271,658.5716,-0.7445148
657.8271,658.5717,-0.744567
657.8271,658.5717,-0.7446361
657.8271,658.5717,-0.7446483
657.8271,658.5718,-0.7447433
657.8271,658.5719,-0.7447713
657.8271,658.572,-0.7448656
657.8271,658.572,-0.7448667
657.8271,658.5721,-0.745033
657.8271,658.5722,-0.7451077
657.8271,658.5725,-0.7453636
657.8271,658.5725,-0.7454042
657.8271,658.5726,-0.745478
657.8271,658.5726,-0.7454902
657.8271,658.5726,-0.7455287
657.8271,658.5727,-0.7456313
657.8271,658.5728,-0.7457354
657.8271,658.5731,-0.7460144
657.8271,658.5731,-0.7460149
657.8271,658.5735,-0.7463885
657.8271,658.5741,-0.7470153
657.8271,658.5745,-0.7473746
657.8271,658.5749,-0.7477972
657.8271,658.575,-0.7479237
657.8271,658.5765,-0.7493804
657.8271,658.6028,-0.7757367
657.8271,658.6031,-0.7760244
657.8271,658.6046,-0.7774711
657.8271,658.6066,-0.7795087
657.8271,658.6069,-0.7797899
657.8271,658.6072,-0.780068
657.8271,658.6079,-0.7807619
657.8271,658.608,-0.7809068
657.8271,658.6083,-0.7811897
657.8271,658.609,-0.7818522
657.8271,658.6092,-0.7820628
657.8271,658.6093,-0.782189
657.8271,658.6093,-0.7821947
657.8271,658.6094,-0.7822723
657.8271,658.6095,-0.7824002
657.8271,658.61,-0.7828961
657.8271,658.6101,-0.7829892
657.8271,658.6103,-0.7832122
657.8271,658.6107,-0.7836407
657.8271,658.6113,-0.784165
657.8271,658.6116,-0.7844652
657.8271,658.6117,-0.7845831
657.8271,658.6117,-0.7846167
657.8271,658.612,-0.7848997
657.8271,658.6122,-0.785118
657.8271,658.6125,-0.785394
657.8271,658.6127,-0.7855618
657.8271,658.6129,-0.7857741
657.8271,658.6131,-0.7860317
657.8271,658.6132,-0.7861236
657.8271,658.6134,-0.7863193
657.8271,658.6135,-0.7863805
657.8271,658.6135,-0.7863901
657.8271,658.6142,-0.7870553
657.8271,658.6148,-0.7877179
657.8271,658.6151,-0.7880049
657.8271,658.6152,-0.7881163
657.8271,658.6153,-0.7882005
657.8271,658.6155,-0.7883557
657.8271,658.6157,-0.7886222
657.8271,658.616,-0.7888712
657.8271,658.6164,-0.7892568
657.8271,658.6164,-0.7893136
657.8271,658.6166,-0.7894533
657.8271,658.6167,-0.7895644
657.8271,658.6169,-0.7898231
657.8271,658.6171,-0.7899693
657.8271,658.6171,-0.78999
657.8271,658.6177,-0.7906025
657.8271,658.6178,-0.7906545
657.8271,658.6179,-0.7908324
657.8271,658.618,-0.7909338
657.8271,658.6181,-0.7910021
657.8271,658.6181,-0.7910374
657.8271,658.6182,-0.7911225
657.8271,658.6182,-0.7911396
657.8271,658.6183,-0.7912049
657.8271,658.619,-0.7918568
657.8271,658.619,-0.7919204
657.8271,658.6194,-0.7922782
657.8271,658.6196,-0.7925443
657.8271,658.6197,-0.7925573
657.8271,658.6197,-0.7925712
657.8271,658.6201,-0.7929735
657.8271,658.6211,-0.793965
657.8271,658.6213,-0.7941857
657.8271,658.6216,-0.7945094
657.8271,658.6218,-0.7946527
657.8271,658.6223,-0.7951531
657.8271,658.6231,-0.7959599
657.8271,658.6243,-0.7971952
657.8271,658.6247,-0.7975531
657.8271,658.6248,-0.797716
657.8271,658.6256,-0.7984685
657.8271,658.6266,-0.7994544
657.8271,658.6266,-0.7995495
657.8271,658.6273,-0.8002048
657.8271,658.6298,-0.8026539
657.8271,658.6303,-0.8031589
657.8271,658.6324,-0.805257
657.8271,658.6401,-0.8129727
657.8271,658.6418,-0.8147313
657.8271,658.6423,-0.8151549
657.8271,658.6424,-0.8153082
657.8271,658.6449,-0.8177654
657.8271,658.645,-0.8178737
657.8271,658.6466,-0.8194584
657.8271,658.647,-0.8199303
657.8271,658.6483,-0.8211847
657.8271,658.6485,-0.8214236
657.8271,658.6494,-0.8222559
657.8271,658.6498,-0.8226883
657.8271,658.6502,-0.8230605
657.8271,658.6503,-0.8231769
657.8271,658.6505,-0.8233712
657.8271,658.6506,-0.8234812
657.8271,658.6509,-0.8238496
657.8271,658.6513,-0.8241586
657.8271,658.6518,-0.8247283
657.8271,658.6522,-0.8250909
657.8271,658.6522,-0.8251316
657.8271,658.6523,-0.8251522
657.8271,658.653,-0.8258816
657.8271,658.653,-0.8259187
657.8271,658.6531,-0.8259761
657.8271,658.6532,-0.8260652
657.8271,658.6532,-0.8261055
657.8271,658.6533,-0.82618
657.8271,658.6534,-0.8262631
657.8271,658.6537,-0.8265627
657.8271,658.6537,-0.826574
657.8271,658.6538,-0.826691
657.8271,658.6538,-0.8267026
657.8271,658.6538,-0.8267348
657.8271,658.6539,-0.8267901
657.8271,658.6539,-0.8268047
657.8271,658.6541,-0.826964
657.8271,658.6542,-0.8271043
657.8271,658.6542,-0.8271187
657.8271,658.6542,-0.8271343
657.8271,658.6543,-0.8271572
657.8271,658.6544,-0.8272643
657.8271,658.6545,-0.8273762
657.8271,658.6545,-0.8273855
657.8271,658.6545,-0.8274304
657.8271,658.6545,-0.8274441
657.8271,658.6546,-0.827503
657.8271,658.6548,-0.8276537
657.8271,658.6548,-0.8276569
657.8271,658.6549,-0.8277812
657.8271,658.6549,-0.8277904
657.8271,658.655,-0.8278611
657.8271,658.6551,-0.8280139
657.8271,658.6552,-0.8280792
657.8271,658.6552,-0.8280909
657.8271,658.6552,-0.8280957
657.8271,658.6554,-0.8282532
657.8271,658.6555,-0.8283628
657.8271,658.6556,-0.8284625
657.8271,658.6556,-0.828475
657.8271,658.6557,-0.8285702
657.8271,658.6557,-0.8285829
657.8271,658.6557,-0.8286383
657.8271,658.6559,-0.8287806
657.8271,658.656,-0.828875
657.8271,658.656,-0.8289211
657.8271,658.656,-0.8289435
657.8271,658.6561,-0.8289504
657.8271,658.6561,-0.828956
657.8271,658.6561,-0.8289885
657.8271,658.6561,-0.8290049
657.8271,658.6562,-0.8291058
657.8271,658.6563,-0.8291552
657.8271,658.6563,-0.8292288
657.8271,658.6565,-0.8293534
657.8271,658.6565,-0.8293936
657.8271,658.6566,-0.8294524
657.8271,658.6567,-0.8296299
657.8271,658.6567,-0.8296306
657.8271,658.6568,-0.8296816
657.8271,658.6568,-0.8297405
657.8271,658.6568,-0.8297414
657.8271,658.6569,-0.8297776
657.8271,658.657,-0.8298672
657.8271,658.657,-0.8298709
657.8271,658.657,-0.8298947
657.8271,658.657,-0.8299156
657.8271,658.6572,-0.8300599
657.8271,658.6572,-0.8300729
657.8271,658.6572,-0.8301202
657.8271,658.6573,-0.8302207
657.8271,658.6573,-0.830233
657.8271,658.6573,-0.8302369
657.8271,658.6575,-0.8304067
657.8271,658.6575,-0.8304477
657.8271,658.6576,-0.8305324
657.8271,658.6577,-0.83057
657.8271,658.6577,-0.8305806
657.8271,658.6577,-0.8306444
657.8271,658.6578,-0.8307074
657.8271,658.6579,-0.8307642
657.8271,658.6579,-0.8308264
657.8271,658.6579,-0.83083
657.8271,658.658,-0.8308637
657.8271,658.658,-0.8308914
657.8271,658.658,-0.8309126
657.8271,658.658,-0.8309364
657.8271,658.6581,-0.8309722
657.8271,658.6581,-0.8309895
657.8271,658.6584,-0.8312558
657.8271,658.6584,-0.8312658
657.8271,658.6586,-0.8314983
657.8271,658.6588,-0.8317421
657.8271,658.659,-0.8318577
657.8271,658.659,-0.8318888
657.8271,658.659,-0.831927
657.8271,658.6591,-0.8320099
657.8271,658.6592,-0.8320882
657.8271,658.6593,-0.8321608
657.8271,658.6593,-0.8321682
657.8271,658.6593,-0.8321959
657.8271,658.6593,-0.832209
657.8271,658.6594,-0.8322856
657.8271,658.6594,-0.8323117
657.8271,658.6595,-0.8324135
657.8271,658.6596,-0.8324566
657.8271,658.6597,-0.8325793
657.8271,658.6597,-0.8326311
657.8271,658.6598,-0.832658
657.8271,658.6598,-0.8327177
657.8271,658.6598,-0.8327474
657.8271,658.6599,-0.832757
657.8271,658.6599,-0.8328285
657.8271,658.66,-0.8329488
657.8271,658.6601,-0.832968
657.8271,658.6601,-0.8330112
657.8271,658.6602,-0.8331354
657.8271,658.6603,-0.8331824
657.8271,658.6605,-0.8333666
657.8271,658.6608,-0.8337191
657.8271,658.6608,-0.8337278
657.8271,658.661,-0.8339321
657.8271,658.6611,-0.8340112
657.8271,658.6611,-0.834021
657.8271,658.6612,-0.8340725
657.8271,658.6612,-0.8341388
657.8271,658.6614,-0.834271
657.8271,658.6615,-0.8344126
657.8271,658.6616,-0.834517
657.8271,658.6617,-0.8345688
657.8271,658.6617,-0.8346261
657.8271,658.6617,-0.8346279
657.8271,658.6618,-0.8347129
657.8271,658.662,-0.8349275
657.8271,658.6622,-0.835073
657.8271,658.6622,-0.8351196
657.8271,658.6622,-0.8351333
657.8271,658.6624,-0.8353042
657.8271,658.6625,-0.8354209
657.8271,658.6628,-0.8357425
657.8271,658.6629,-0.8358014
657.8271,658.6632,-0.8360525
657.8271,658.6634,-0.8362874
657.8271,658.6634,-0.8362913
657.8271,658.6638,-0.8367419
657.8271,658.6641,-0.8369839
657.8271,658.6649,-0.8377762
657.8271,658.665,-0.8379121
657.8271,658.6651,-0.8380019
657.8271,658.6652,-0.8381175
657.8271,658.6653,-0.8382357
657.8271,658.6655,-0.8383588
657.8271,658.6655,-0.8383634
657.8271,658.6656,-0.8384709
657.8271,658.6656,-0.838483
657.8271,658.6656,-0.8385428
657.8271,658.6657,-0.8385558
657.8271,658.6667,-0.8396256
657.8271,658.6698,-0.8427437
657.8271,658.6741,-0.8470342
657.8271,658.6744,-0.8473317
657.8271,658.675,-0.8478621
657.8271,658.6751,-0.8480086
657.8271,658.6758,-0.8486889
657.8271,658.6759,-0.8488316
657.8271,658.677,-0.8498921
657.8271,658.6785,-0.85136
657.8271,658.6792,-0.8521204
657.8271,658.68,-0.852874
657.8271,658.6806,-0.8535168
657.8271,658.6809,-0.853812
657.8271,658.6812,-0.8540927
657.8271,658.6818,-0.8547013
657.8271,658.6818,-0.8547045
657.8271,658.684,-0.8568928
657.8271,658.6841,-0.8569919
657.8271,658.6858,-0.8587434
657.8271,658.6861,-0.8590374
657.8271,658.6873,-0.8602129
657.8271,658.6881,-0.861017
657.8271,658.6984,-0.871294
657.8271,658.7059,-0.878815
657.8271,658.7191,-0.8919514
657.8271,658.7198,-0.8927217
657.8271,658.7213,-0.8941823
657.8271,658.7234,-0.8963065
657.8271,658.7251,-0.8980116
,,
