665.3566,5237,
Mascot_mz,MassHunter_mz,Difference
665.3566,664.4569,0.8997282
665.3566,664.4573,0.89934
665.3566,664.458,0.8985954
665.3566,664.4581,0.898465
665.3566,664.4587,0.897897
665.3566,664.4587,0.8978728
665.3566,664.4589,0.8977388
665.3566,664.4589,0.897737
665.3566,664.459,0.8975955
665.3566,664.4591,0.8975483
665.3566,664.4595,0.8971086
665.3566,664.4595,0.8970837
665.3566,664.46,0.896585
665.3566,664.4602,0.8963885
665.3566,664.4608,0.8958194
665.3566,664.4614,0.8951904
665.3566,664.4617,0.8948654
665.3566,664.4619,0.8946664
665.3566,664.4622,0.8944245
665.3566,664.4623,0.8943084
665.3566,664.463,0.8935918
665.3566,664.4635,0.8930917
665.3566,664.4636,0.89297
665.3566,664.4639,0.8926776
665.3566,664.4641,0.8925452
665.3566,664.4648,0.8917659
665.3566,664.4655,0.8910771
665.3566,664.4674,0.889225
665.3566,664.4676,0.8889913
665.3566,664.4679,0.8887433
665.3566,664.4791,0.8774565
665.3566,664.4849,0.8716573
665.3566,664.5109,0.845685
665.3566,664.5154,0.8411541
665.3566,664.5303,0.8263251
665.3566,664.5528,0.8037643
665.3566,664.5657,0.7908604
665.3566,664.5703,0.7863208
665.3566,664.6303,0.7262514
665.3566,664.6439,0.7126704
665.3566,664.6446,0.7119771
665.3566,664.645,0.7116084
665.3566,664.6455,0.7110698
665.3566,664.6465,0.7101178
665.3566,664.6465,0.7100719
665.3566,664.6481,0.7085259
665.3566,664.6484,0.708227
665.3566,664.6487,0.707926
665.3566,664.6488,0.7077694
665.3566,664.65,0.7066266
665.3566,664.6501,0.706549
665.3566,664.6503,0.7063438
665.3566,664.6513,0.7053468
665.3566,664.6514,0.7052061
665.3566,664.6523,0.7043151
665.3566,664.6524,0.704188
665.3566,664.6526,0.7039987
665.3566,664.6528,0.703843
665.3566,664.6535,0.7030599
665.3566,664.6543,0.7023094
665.3566,664.6545,0.7021062
665.3566,664.6549,0.701714
665.3566,664.6549,0.7016904
665.3566,664.655,0.7015622
665.3566,664.655,0.7015534
665.3566,664.6551,0.7014774
665.3566,664.6554,0.7012072
665.3566,664.6554,0.7011865
665.3566,664.6554,0.7011846
665.3566,664.6554,0.701183
665.3566,664.6556,0.7010134
665.3566,664.6558,0.7007646
665.3566,664.6559,0.7006548
665.3566,664.656,0.7006244
665.3566,664.6564,0.7002198
665.3566,664.6565,0.7001315
665.3566,664.6566,0.7000384
665.3566,664.6567,0.6998863
665.3566,664.6567,0.6998686
665.3566,664.6569,0.69971
665.3566,664.6571,0.6994853
665.3566,664.6573,0.6993254
665.3566,664.6573,0.699266
665.3566,664.6575,0.6991168
665.3566,664.6575,0.699116
665.3566,664.6576,0.6989604
665.3566,664.6577,0.6989023
665.3566,664.6577,0.6988509
665.3566,664.6578,0.6987776
665.3566,664.6579,0.6986659
665.3566,664.658,0.6986453
665.3566,664.658,0.6985851
665.3566,664.658,0.6985692
665.3566,664.6582,0.6984111
665.3566,664.6583,0.6982838
665.3566,664.6583,0.6982696
665.3566,664.6584,0.6982253
665.3566,664.6585,0.6980904
665.3566,664.6585,0.6980695
665.3566,664.6585,0.6980653
665.3566,664.6586,0.6979747
665.3566,664.6587,0.6979421
665.3566,664.6587,0.6979124
665.3566,664.6588,0.6978488
665.3566,664.6588,0.6978433
665.3566,664.6588,0.6977987
665.3566,664.6588,0.6977852
665.3566,664.6588,0.6977532
665.3566,664.6588,0.6977509
665.3566,664.6589,0.6977475
665.3566,664.6589,0.6976783
665.3566,664.6589,0.6976747
665.3566,664.659,0.6976191
665.3566,664.659,0.6976178
665.3566,664.659,0.6976084
665.3566,664.659,0.6975791
665.3566,664.6591,0.6975225
665.3566,664.6591,0.6975123
665.3566,664.6591,0.6975108
665.3566,664.6592,0.697445
665.3566,664.6592,0.6973992
665.3566,664.6592,0.6973604
665.3566,664.6593,0.6972922
665.3566,664.6593,0.6972578
665.3566,664.6594,0.697217
665.3566,664.6594,0.6972129
665.3566,664.6594,0.6972122
665.3566,664.6594,0.697182
665.3566,664.6594,0.6971634
665.3566,664.6594,0.6971559
665.3566,664.6595,0.6971303
665.3566,664.6595,0.6970946
665.3566,664.6595,0.6970668
665.3566,664.6595,0.6970586
665.3566,664.6596,0.6970489
665.3566,664.6596,0.6970142
665.3566,664.6596,0.6970009
665.3566,664.6596,0.6969939
665.3566,664.6596,0.6969927
665.3566,664.6596,0.6969838
665.3566,664.6596,0.6969746
665.3566,664.6596,0.6969717
665.3566,664.6597,0.6969472
665.3566,664.6597,0.6969363
665.3566,664.6597,0.6969257
665.3566,664.6597,0.696923
665.3566,664.6597,0.6969192
665.3566,664.6597,0.6968859
665.3566,664.6598,0.6968427
665.3566,664.6598,0.6968144
665.3566,664.6598,0.6968126
665.3566,664.6598,0.6968106
665.3566,664.6598,0.6967937
665.3566,664.6598,0.6967852
665.3566,664.6598,0.6967738
665.3566,664.6598,0.6967646
665.3566,664.6598,0.6967602
665.3566,664.6599,0.6967489
665.3566,664.6599,0.696741
665.3566,664.6599,0.6967315
665.3566,664.6599,0.6967301
665.3566,664.6599,0.6967284
665.3566,664.6599,0.6967153
665.3566,664.6599,0.6967113
665.3566,664.6599,0.6967094
665.3566,664.6599,0.6966678
665.3566,664.66,0.6966358
665.3566,664.66,0.6966176
665.3566,664.66,0.6966135
665.3566,664.66,0.6965722
665.3566,664.66,0.6965667
665.3566,664.66,0.6965655
665.3566,664.6601,0.6965444
665.3566,664.6601,0.6965243
665.3566,664.6601,0.6965198
665.3566,664.6601,0.6965101
665.3566,664.6601,0.696509
665.3566,664.6601,0.6965063
665.3566,664.6601,0.696497
665.3566,664.6601,0.6964636
665.3566,664.6601,0.696457
665.3566,664.6602,0.6964469
665.3566,664.6602,0.6964396
665.3566,664.6602,0.6964097
665.3566,664.6602,0.6964013
665.3566,664.6602,0.6964003
665.3566,664.6602,0.6963931
665.3566,664.6602,0.6963648
665.3566,664.6602,0.6963603
665.3566,664.6602,0.6963566
665.3566,664.6602,0.6963523
665.3566,664.6603,0.6963348
665.3566,664.6603,0.6963335
665.3566,664.6603,0.6963173
665.3566,664.6603,0.6963098
665.3566,664.6603,0.696308
665.3566,664.6603,0.6963011
665.3566,664.6603,0.696289
665.3566,664.6603,0.6962847
665.3566,664.6603,0.6962797
665.3566,664.6603,0.6962762
665.3566,664.6603,0.6962751
665.3566,664.6603,0.6962627
665.3566,664.6603,0.6962579
665.3566,664.6604,0.6962425
665.3566,664.6604,0.6962254
665.3566,664.6604,0.6962176
665.3566,664.6604,0.6962113
665.3566,664.6604,0.6961948
665.3566,664.6604,0.6961789
665.3566,664.6604,0.696166
665.3566,664.6604,0.6961584
665.3566,664.6604,0.6961562
665.3566,664.6604,0.6961539
665.3566,664.6605,0.696146
665.3566,664.6605,0.6961326
665.3566,664.6605,0.6961274
665.3566,664.6605,0.6961272
665.3566,664.6605,0.6961186
665.3566,664.6605,0.6961036
665.3566,664.6605,0.6961017
665.3566,664.6605,0.6961015
665.3566,664.6605,0.6961003
665.3566,664.6605,0.6961002
665.3566,664.6605,0.6960722
665.3566,664.6605,0.6960668
665.3566,664.6605,0.6960638
665.3566,664.6605,0.6960594
665.3566,664.6605,0.6960566
665.3566,664.6605,0.6960525
665.3566,664.6606,0.6960319
665.3566,664.6606,0.6960302
665.3566,664.6606,0.696005
665.3566,664.6606,0.6959774
665.3566,664.6606,0.6959773
665.3566,664.6606,0.6959595
665.3566,664.6606,0.6959507
665.3566,664.6607,0.6959473
665.3566,664.6607,0.6959438
665.3566,664.6607,0.6959412
665.3566,664.6607,0.6959314
665.3566,664.6607,0.6959273
665.3566,664.6607,0.6959179
665.3566,664.6607,0.6959088
665.3566,664.6607,0.6959009
665.3566,664.6607,0.6958606
665.3566,664.6608,0.6958386
665.3566,664.6608,0.6958172
665.3566,664.6608,0.6957931
665.3566,664.6608,0.6957802
665.3566,664.6608,0.6957708
665.3566,664.6609,0.695729
665.3566,664.6609,0.695709
665.3566,664.6609,0.6957065
665.3566,664.6609,0.6957018
665.3566,664.6609,0.6956966
665.3566,664.6609,0.6956957
665.3566,664.6609,0.6956895
665.3566,664.6609,0.6956731
665.3566,664.6609,0.6956714
665.3566,664.6609,0.6956681
665.3566,664.6609,0.6956645
665.3566,664.6609,0.6956516
665.3566,664.661,0.6956448
665.3566,664.661,0.6956418
665.3566,664.661,0.6956185
665.3566,664.661,0.6956097
665.3566,664.661,0.6955666
665.3566,664.661,0.6955648
665.3566,664.661,0.6955629
665.3566,664.661,0.6955556
665.3566,664.661,0.6955509
665.3566,664.6611,0.69555
665.3566,664.6611,0.6955456
665.3566,664.6611,0.6955354
665.3566,664.6611,0.6955294
665.3566,664.6611,0.6955252
665.3566,664.6611,0.6954953
665.3566,664.6611,0.69549
665.3566,664.6611,0.6954871
665.3566,664.6611,0.695482
665.3566,664.6611,0.6954581
665.3566,664.6611,0.695451
665.3566,664.6612,0.6954392
665.3566,664.6612,0.6954369
665.3566,664.6612,0.6954347
665.3566,664.6612,0.6954248
665.3566,664.6612,0.6954227
665.3566,664.6612,0.6954118
665.3566,664.6612,0.695405
665.3566,664.6612,0.6954043
665.3566,664.6612,0.6953804
665.3566,664.6612,0.6953524
665.3566,664.6613,0.6953447
665.3566,664.6613,0.6953414
665.3566,664.6613,0.6953122
665.3566,664.6613,0.6953099
665.3566,664.6613,0.6953093
665.3566,664.6613,0.6952866
665.3566,664.6613,0.6952843
665.3566,664.6613,0.6952764
665.3566,664.6613,0.6952592
665.3566,664.6614,0.6952352
665.3566,664.6614,0.6952316
665.3566,664.6614,0.6952293
665.3566,664.6614,0.6952197
665.3566,664.6614,0.6952196
665.3566,664.6614,0.6952139
665.3566,664.6614,0.695209
665.3566,664.6614,0.6951792
665.3566,664.6614,0.695174
665.3566,664.6614,0.6951731
665.3566,664.6614,0.6951643
665.3566,664.6614,0.6951621
665.3566,664.6614,0.6951604
665.3566,664.6614,0.6951559
665.3566,664.6614,0.6951553
665.3566,664.6615,0.6951445
665.3566,664.6615,0.6951423
665.3566,664.6615,0.6951312
665.3566,664.6615,0.6951074
665.3566,664.6615,0.6950988
665.3566,664.6615,0.6950945
665.3566,664.6615,0.6950873
665.3566,664.6615,0.695076
665.3566,664.6615,0.6950657
665.3566,664.6615,0.6950551
665.3566,664.6616,0.6950496
665.3566,664.6616,0.6950495
665.3566,664.6616,0.6950287
665.3566,664.6616,0.6950265
665.3566,664.6616,0.6950142
665.3566,664.6616,0.6950003
665.3566,664.6616,0.6949989
665.3566,664.6616,0.6949903
665.3566,664.6616,0.6949631
665.3566,664.6617,0.6949316
665.3566,664.6617,0.6949187
665.3566,664.6617,0.6949174
665.3566,664.6617,0.6948866
665.3566,664.6617,0.6948594
665.3566,664.6618,0.6947855
665.3566,664.6618,0.6947812
665.3566,664.6618,0.6947603
665.3566,664.6618,0.6947542
665.3566,664.6618,0.6947504
665.3566,664.6619,0.6947408
665.3566,664.6619,0.6947184
665.3566,664.6619,0.6947114
665.3566,664.6619,0.6947002
665.3566,664.6619,0.6946842
665.3566,664.6619,0.6946656
665.3566,664.6619,0.6946578
665.3566,664.6619,0.6946556
665.3566,664.662,0.6946455
665.3566,664.662,0.6946392
665.3566,664.662,0.6946231
665.3566,664.662,0.6945767
665.3566,664.662,0.6945689
665.3566,664.6621,0.6945488
665.3566,664.6621,0.6945396
665.3566,664.6621,0.6945159
665.3566,664.6621,0.6945122
665.3566,664.6621,0.6945048
665.3566,664.6621,0.6944657
665.3566,664.6621,0.6944528
665.3566,664.6622,0.6944459
665.3566,664.6622,0.6944368
665.3566,664.6622,0.6944364
665.3566,664.6622,0.6943771
665.3566,664.6622,0.6943705
665.3566,664.6622,0.6943653
665.3566,664.6623,0.6943298
665.3566,664.6623,0.6942849
665.3566,664.6624,0.6942245
665.3566,664.6625,0.69415
665.3566,664.6625,0.6941217
665.3566,664.6625,0.6940869
665.3566,664.6626,0.6940406
665.3566,664.6626,0.6940316
665.3566,664.6626,0.6939775
665.3566,664.6627,0.6939161
665.3566,664.6627,0.6938833
665.3566,664.6628,0.6938454
665.3566,664.6628,0.6938002
665.3566,664.6628,0.6937967
665.3566,664.6628,0.6937827
665.3566,664.6628,0.6937787
665.3566,664.6629,0.6936903
665.3566,664.6629,0.6936864
665.3566,664.6629,0.6936582
665.3566,664.663,0.6936444
665.3566,664.663,0.6936249
665.3566,664.663,0.6935979
665.3566,664.663,0.6935922
665.3566,664.6631,0.693507
665.3566,664.6631,0.6934783
665.3566,664.6632,0.6934031
665.3566,664.6633,0.6933241
665.3566,664.6633,0.6932619
665.3566,664.6634,0.6931688
665.3566,664.6635,0.6931371
665.3566,664.6635,0.6931154
665.3566,664.6635,0.6930878
665.3566,664.6637,0.6929015
665.3566,664.6639,0.6926773
665.3566,664.6641,0.6924924
665.3566,664.6642,0.6924384
665.3566,664.6642,0.6924269
665.3566,664.6645,0.6920813
665.3566,664.6647,0.6919481
665.3566,664.6648,0.6918449
665.3566,664.665,0.6916473
665.3566,664.665,0.6916191
665.3566,664.665,0.691558
665.3566,664.6651,0.6914583
665.3566,664.6652,0.6914304
665.3566,664.6653,0.6913321
665.3566,664.6653,0.6913041
665.3566,664.6654,0.6911671
665.3566,664.6657,0.6908677
665.3566,664.666,0.690609
665.3566,664.6662,0.6904005
665.3566,664.6663,0.6902525
665.3566,664.6664,0.6902259
665.3566,664.6672,0.6894399
665.3566,664.6677,0.6889043
665.3566,664.6679,0.6887313
665.3566,664.668,0.6886109
665.3566,664.6685,0.688107
665.3566,664.6686,0.6880404
665.3566,664.6689,0.6876799
665.3566,664.6694,0.6872352
665.3566,664.6694,0.6872074
665.3566,664.6699,0.6867462
665.3566,664.67,0.6865705
665.3566,664.6704,0.686181
665.3566,664.6708,0.6858464
665.3566,664.6718,0.6848029
665.3566,664.6729,0.6836558
665.3566,664.673,0.6835685
665.3566,664.6739,0.6826619
665.3566,664.6753,0.68129
665.3566,664.6764,0.6801632
665.3566,664.6767,0.6799329
665.3566,664.6796,0.67703
665.3566,664.6798,0.6768019
665.3566,664.6819,0.6746516
665.3566,664.6824,0.674232
665.3566,664.6827,0.6738978
665.3566,664.6828,0.6737831
665.3566,664.6838,0.6727997
665.3566,664.684,0.672617
665.3566,664.6841,0.6725351
665.3566,664.6844,0.6721549
665.3566,664.6847,0.6719051
665.3566,664.6848,0.6718215
665.3566,664.685,0.6715966
665.3566,664.6854,0.6711985
665.3566,664.6866,0.6700202
665.3566,664.6867,0.6699118
665.3566,664.6872,0.6694203
665.3566,664.6873,0.6692935
665.3566,664.6879,0.6686862
665.3566,664.6883,0.6682731
665.3566,664.6884,0.6681519
665.3566,664.6895,0.6670885
665.3566,664.6895,0.66708
665.3566,664.6895,0.6670749
665.3566,664.6899,0.666669
665.3566,664.6901,0.6664734
665.3566,664.6903,0.6662832
665.3566,664.6912,0.6654116
665.3566,664.6916,0.6649956
665.3566,664.6918,0.664846
665.3566,664.6931,0.6634536
665.3566,664.6935,0.6631485
665.3566,664.6936,0.6629867
665.3566,664.695,0.6616006
665.3566,664.7027,0.6538824
665.3566,664.7053,0.6512942
665.3566,664.7088,0.6477529
665.3566,664.7118,0.6448383
665.3566,664.7458,0.610752
665.3566,664.7831,0.5734723
665.3566,664.802,0.5546467
665.3566,664.8058,0.5507783
665.3566,664.8087,0.5478711
665.3566,664.8091,0.5474602
665.3566,664.8114,0.5451981
665.3566,664.812,0.5445895
665.3566,664.8121,0.5444841
665.3566,664.8124,0.544189
665.3566,664.8135,0.5430518
665.3566,664.8137,0.5428782
665.3566,664.8138,0.5428341
665.3566,664.8138,0.5427622
665.3566,664.8139,0.5427153
665.3566,664.814,0.5426355
665.3566,664.8141,0.5424509
665.3566,664.8142,0.5424396
665.3566,664.8142,0.5424365
665.3566,664.8142,0.5424332
665.3566,664.8144,0.5422209
665.3566,664.8146,0.5419693
665.3566,664.8146,0.5419533
665.3566,664.8147,0.5419098
665.3566,664.8147,0.5418813
665.3566,664.8148,0.5418133
665.3566,664.8149,0.5417333
665.3566,664.8149,0.5416942
665.3566,664.8152,0.5414444
665.3566,664.8152,0.5413654
665.3566,664.8155,0.5411476
665.3566,664.8155,0.541094
665.3566,664.8155,0.5410926
665.3566,664.8155,0.5410918
665.3566,664.8155,0.5410882
665.3566,664.8156,0.5409678
665.3566,664.8156,0.540963
665.3566,664.8157,0.5409167
665.3566,664.8157,0.54087
665.3566,664.8158,0.540821
665.3566,664.8158,0.5407892
665.3566,664.8158,0.5407745
665.3566,664.8159,0.5407097
665.3566,664.816,0.5406044
665.3566,664.8161,0.5405396
665.3566,664.8161,0.5405391
665.3566,664.8161,0.5405385
665.3566,664.8161,0.540508
665.3566,664.8162,0.5404354
665.3566,664.8162,0.5404317
665.3566,664.8162,0.540412
665.3566,664.8162,0.5403648
665.3566,664.8163,0.5402938
665.3566,664.8163,0.5402824
665.3566,664.8163,0.5402781
665.3566,664.8164,0.5401783
665.3566,664.8165,0.5401137
665.3566,664.8165,0.540053
665.3566,664.8166,0.5400246
665.3566,664.8166,0.5399942
665.3566,664.8166,0.5399881
665.3566,664.8166,0.5399538
665.3566,664.8167,0.5399129
665.3566,664.8167,0.539864
665.3566,664.8168,0.5397888
665.3566,664.8169,0.5397415
665.3566,664.817,0.5396016
665.3566,664.817,0.5395966
665.3566,664.817,0.5395782
665.3566,664.817,0.5395602
665.3566,664.817,0.5395583
665.3566,664.817,0.5395575
665.3566,664.8172,0.5394226
665.3566,664.8172,0.539412
665.3566,664.8172,0.539401
665.3566,664.8172,0.5393805
665.3566,664.8172,0.5393784
665.3566,664.8173,0.5393399
665.3566,664.8173,0.5393073
665.3566,664.8173,0.5392796
665.3566,664.8174,0.5392312
665.3566,664.8174,0.5392197
665.3566,664.8174,0.5391987
665.3566,664.8174,0.5391799
665.3566,664.8175,0.539142
665.3566,664.8175,0.5391051
665.3566,664.8175,0.5390989
665.3566,664.8175,0.5390915
665.3566,664.8176,0.5390313
665.3566,664.8176,0.5390295
665.3566,664.8176,0.5389714
665.3566,664.8177,0.5389488
665.3566,664.8177,0.5389359
665.3566,664.8177,0.5388966
665.3566,664.8177,0.5388558
665.3566,664.8178,0.5388335
665.3566,664.8178,0.5387904
665.3566,664.8178,0.5387828
665.3566,664.8178,0.5387822
665.3566,664.8178,0.5387752
665.3566,664.8178,0.5387751
665.3566,664.8178,0.5387641
665.3566,664.8179,0.5387391
665.3566,664.8179,0.5387094
665.3566,664.8179,0.5386573
665.3566,664.818,0.5386436
665.3566,664.818,0.5386349
665.3566,664.818,0.5385696
665.3566,664.818,0.5385685
665.3566,664.8181,0.5385461
665.3566,664.8181,0.5385382
665.3566,664.8181,0.5384694
665.3566,664.8182,0.5383972
665.3566,664.8182,0.5383831
665.3566,664.8182,0.5383584
665.3566,664.8183,0.5383335
665.3566,664.8183,0.5383277
665.3566,664.8183,0.5383174
665.3566,664.8183,0.5383152
665.3566,664.8183,0.5383132
665.3566,664.8183,0.5383083
665.3566,664.8183,0.538305
665.3566,664.8184,0.5382454
665.3566,664.8184,0.5382342
665.3566,664.8184,0.5382
665.3566,664.8184,0.5381733
665.3566,664.8184,0.5381659
665.3566,664.8185,0.5381456
665.3566,664.8186,0.5379768
665.3566,664.8187,0.5378951
665.3566,664.8187,0.537874
665.3566,664.8188,0.5378492
665.3566,664.8188,0.5378225
665.3566,664.8188,0.537804
665.3566,664.8188,0.5377871
665.3566,664.8188,0.5377747
665.3566,664.8189,0.5377412
665.3566,664.8189,0.5377309
665.3566,664.8189,0.5376955
665.3566,664.8189,0.5376926
665.3566,664.8189,0.5376876
665.3566,664.819,0.5376449
665.3566,664.819,0.5375916
665.3566,664.819,0.5375595
665.3566,664.8191,0.5375467
665.3566,664.8191,0.537539
665.3566,664.8191,0.5374769
665.3566,664.8191,0.5374553
665.3566,664.8192,0.5374316
665.3566,664.8192,0.5373651
665.3566,664.8192,0.5373554
665.3566,664.8194,0.5372274
665.3566,664.8194,0.5372226
665.3566,664.8194,0.537199
665.3566,664.8194,0.5371944
665.3566,664.8194,0.5371767
665.3566,664.8194,0.5371554
665.3566,664.8195,0.5371397
665.3566,664.8195,0.5371378
665.3566,664.8195,0.5371166
665.3566,664.8195,0.5371037
665.3566,664.8196,0.5370405
665.3566,664.8197,0.536891
665.3566,664.8197,0.5368856
665.3566,664.8197,0.5368599
665.3566,664.8198,0.53682
665.3566,664.8198,0.5368196
665.3566,664.8198,0.5368164
665.3566,664.8198,0.5367985
665.3566,664.8198,0.5367678
665.3566,664.8198,0.5367653
665.3566,664.8199,0.536662
665.3566,664.82,0.536642
665.3566,664.82,0.5366369
665.3566,664.82,0.5366207
665.3566,664.82,0.5366169
665.3566,664.82,0.536587
665.3566,664.82,0.5365686
665.3566,664.8201,0.5365471
665.3566,664.8201,0.536544
665.3566,664.8201,0.5365217
665.3566,664.8201,0.5365099
665.3566,664.8201,0.5365055
665.3566,664.8201,0.5364917
665.3566,664.8201,0.5364843
665.3566,664.8201,0.5364567
665.3566,664.8201,0.5364507
665.3566,664.8202,0.536434
665.3566,664.8202,0.5364155
665.3566,664.8202,0.5363972
665.3566,664.8202,0.5363757
665.3566,664.8203,0.5363251
665.3566,664.8203,0.5363181
665.3566,664.8203,0.5363147
665.3566,664.8203,0.5363109
665.3566,664.8203,0.5362932
665.3566,664.8203,0.5362837
665.3566,664.8203,0.5362661
665.3566,664.8204,0.5362158
665.3566,664.8204,0.5362072
665.3566,664.8204,0.5361931
665.3566,664.8204,0.5361792
665.3566,664.8204,0.5361706
665.3566,664.8205,0.5361324
665.3566,664.8205,0.5361195
665.3566,664.8205,0.5360978
665.3566,664.8205,0.5360546
665.3566,664.8206,0.5360142
665.3566,664.8206,0.5360029
665.3566,664.8206,0.5359851
665.3566,664.8206,0.5359615
665.3566,664.8207,0.5359396
665.3566,664.8207,0.5359228
665.3566,664.8207,0.5359117
665.3566,664.8207,0.5359096
665.3566,664.8207,0.5358987
665.3566,664.8207,0.535898
665.3566,664.8207,0.5358946
665.3566,664.8207,0.5358853
665.3566,664.8207,0.5358784
665.3566,664.8207,0.535865
665.3566,664.8207,0.5358509
665.3566,664.8208,0.5358479
665.3566,664.8208,0.5358376
665.3566,664.8208,0.5358137
665.3566,664.8208,0.5358074
665.3566,664.8208,0.535762
665.3566,664.8209,0.5357469
665.3566,664.8209,0.5357401
665.3566,664.8209,0.53573
665.3566,664.8209,0.5357231
665.3566,664.8209,0.535715
665.3566,664.8209,0.5357125
665.3566,664.8209,0.5357092
665.3566,664.8209,0.5357076
665.3566,664.8209,0.5356973
665.3566,664.8209,0.5356901
665.3566,664.8209,0.5356824
665.3566,664.8209,0.5356719
665.3566,664.821,0.5356483
665.3566,664.821,0.5356181
665.3566,664.821,0.5355873
665.3566,664.821,0.5355777
665.3566,664.8211,0.5355178
665.3566,664.8211,0.5355009
665.3566,664.8211,0.5355005
665.3566,664.8211,0.5354708
665.3566,664.8211,0.5354657
665.3566,664.8212,0.5354462
665.3566,664.8212,0.5354387
665.3566,664.8212,0.5354356
665.3566,664.8212,0.5354033
665.3566,664.8212,0.5353883
665.3566,664.8212,0.5353862
665.3566,664.8212,0.5353637
665.3566,664.8213,0.535335
665.3566,664.8213,0.5353247
665.3566,664.8213,0.5353245
665.3566,664.8213,0.5353217
665.3566,664.8213,0.5353101
665.3566,664.8213,0.5353044
665.3566,664.8213,0.5352994
665.3566,664.8213,0.5352993
665.3566,664.8213,0.53527
665.3566,664.8213,0.5352672
665.3566,664.8213,0.5352618
665.3566,664.8213,0.5352569
665.3566,664.8214,0.535246
665.3566,664.8214,0.5352288
665.3566,664.8214,0.535218
665.3566,664.8214,0.5352131
665.3566,664.8214,0.5351911
665.3566,664.8214,0.5351842
665.3566,664.8214,0.5351683
665.3566,664.8214,0.5351679
665.3566,664.8214,0.5351661
665.3566,664.8215,0.5351454
665.3566,664.8215,0.5351395
665.3566,664.8215,0.5351372
665.3566,664.8215,0.5351247
665.3566,664.8215,0.5351224
665.3566,664.8215,0.5351197
665.3566,664.8215,0.5351135
665.3566,664.8215,0.5351065
665.3566,664.8215,0.5351056
665.3566,664.8215,0.5350835
665.3566,664.8215,0.5350795
665.3566,664.8215,0.5350789
665.3566,664.8215,0.5350764
665.3566,664.8215,0.535072
665.3566,664.8215,0.5350581
665.3566,664.8216,0.5350497
665.3566,664.8216,0.5350488
665.3566,664.8216,0.5350402
665.3566,664.8216,0.5350335
665.3566,664.8216,0.5350265
665.3566,664.8216,0.535022
665.3566,664.8216,0.5350165
665.3566,664.8216,0.5349974
665.3566,664.8216,0.5349943
665.3566,664.8216,0.5349639
665.3566,664.8216,0.534955
665.3566,664.8217,0.5349447
665.3566,664.8217,0.534934
665.3566,664.8217,0.5349326
665.3566,664.8217,0.5349202
665.3566,664.8217,0.5349113
665.3566,664.8217,0.5349111
665.3566,664.8217,0.5348896
665.3566,664.8217,0.5348844
665.3566,664.8217,0.5348746
665.3566,664.8217,0.5348731
665.3566,664.8217,0.5348671
665.3566,664.8217,0.5348531
665.3566,664.8217,0.534851
665.3566,664.8218,0.5348447
665.3566,664.8218,0.5348324
665.3566,664.8218,0.5348268
665.3566,664.8218,0.534823
665.3566,664.8218,0.5348216
665.3566,664.8218,0.534821
665.3566,664.8218,0.534815
665.3566,664.8218,0.5348132
665.3566,664.8218,0.5348125
665.3566,664.8218,0.5347994
665.3566,664.8218,0.5347989
665.3566,664.8218,0.5347708
665.3566,664.8218,0.5347631
665.3566,664.8218,0.5347625
665.3566,664.8218,0.5347594
665.3566,664.8219,0.5347463
665.3566,664.8219,0.5347459
665.3566,664.8219,0.5347433
665.3566,664.8219,0.534743
665.3566,664.8219,0.5347428
665.3566,664.8219,0.5347313
665.3566,664.8219,0.5347194
665.3566,664.8219,0.5347185
665.3566,664.8219,0.5347166
665.3566,664.8219,0.5346992
665.3566,664.8219,0.5346932
665.3566,664.8219,0.5346881
665.3566,664.8219,0.5346818
665.3566,664.8219,0.5346796
665.3566,664.822,0.534649
665.3566,664.822,0.5346474
665.3566,664.822,0.5346448
665.3566,664.822,0.5346411
665.3566,664.822,0.5346392
665.3566,664.822,0.5346328
665.3566,664.822,0.5346289
665.3566,664.822,0.5346161
665.3566,664.822,0.5346024
665.3566,664.822,0.5345899
665.3566,664.822,0.5345821
665.3566,664.822,0.5345727
665.3566,664.822,0.5345626
665.3566,664.822,0.5345573
665.3566,664.822,0.534554
665.3566,664.8221,0.534501
665.3566,664.8221,0.5345007
665.3566,664.8221,0.5344897
665.3566,664.8221,0.5344862
665.3566,664.8221,0.5344837
665.3566,664.8221,0.5344826
665.3566,664.8221,0.534474
665.3566,664.8221,0.534453
665.3566,664.8221,0.534451
665.3566,664.8222,0.5344455
665.3566,664.8222,0.5344404
665.3566,664.8222,0.5344346
665.3566,664.8222,0.5344293
665.3566,664.8222,0.5344271
665.3566,664.8222,0.5344259
665.3566,664.8222,0.5344135
665.3566,664.8222,0.5343986
665.3566,664.8222,0.5343936
665.3566,664.8222,0.5343872
665.3566,664.8222,0.5343525
665.3566,664.8222,0.5343506
665.3566,664.8223,0.5343314
665.3566,664.8223,0.5343167
665.3566,664.8223,0.5343005
665.3566,664.8223,0.5342947
665.3566,664.8223,0.5342895
665.3566,664.8223,0.534267
665.3566,664.8223,0.5342604
665.3566,664.8223,0.5342549
665.3566,664.8223,0.5342546
665.3566,664.8224,0.5342458
665.3566,664.8224,0.534236
665.3566,664.8224,0.5342315
665.3566,664.8224,0.5342287
665.3566,664.8224,0.5342252
665.3566,664.8224,0.5342198
665.3566,664.8224,0.5342155
665.3566,664.8224,0.5342105
665.3566,664.8224,0.534209
665.3566,664.8224,0.5342069
665.3566,664.8224,0.5341877
665.3566,664.8224,0.5341871
665.3566,664.8224,0.5341853
665.3566,664.8224,0.5341638
665.3566,664.8224,0.534163
665.3566,664.8224,0.534162
665.3566,664.8224,0.5341615
665.3566,664.8224,0.5341593
665.3566,664.8224,0.5341518
665.3566,664.8225,0.5341431
665.3566,664.8225,0.5341429
665.3566,664.8225,0.5341356
665.3566,664.8225,0.5341356
665.3566,664.8225,0.5341114
665.3566,664.8225,0.5341114
665.3566,664.8225,0.5341008
665.3566,664.8225,0.5341002
665.3566,664.8225,0.5340965
665.3566,664.8225,0.5340945
665.3566,664.8225,0.5340944
665.3566,664.8225,0.5340719
665.3566,664.8225,0.5340647
665.3566,664.8225,0.5340638
665.3566,664.8225,0.5340633
665.3566,664.8225,0.5340579
665.3566,664.8225,0.5340514
665.3566,664.8225,0.5340507
665.3566,664.8226,0.5340448
665.3566,664.8226,0.5340391
665.3566,664.8226,0.5340327
665.3566,664.8226,0.5340283
665.3566,664.8226,0.5340187
665.3566,664.8226,0.5340164
665.3566,664.8226,0.5340141
665.3566,664.8226,0.5340102
665.3566,664.8226,0.5340098
665.3566,664.8226,0.5340097
665.3566,664.8226,0.5340032
665.3566,664.8226,0.5339863
665.3566,664.8226,0.5339743
665.3566,664.8226,0.5339743
665.3566,664.8226,0.533972
665.3566,664.8226,0.5339706
665.3566,664.8226,0.5339677
665.3566,664.8226,0.533955
665.3566,664.8227,0.5339467
665.3566,664.8227,0.5339454
665.3566,664.8227,0.5339423
665.3566,664.8227,0.5339403
665.3566,664.8227,0.5339282
665.3566,664.8227,0.533927
665.3566,664.8227,0.5339266
665.3566,664.8227,0.5339112
665.3566,664.8227,0.5339016
665.3566,664.8227,0.533872
665.3566,664.8227,0.533857
665.3566,664.8227,0.5338565
665.3566,664.8227,0.5338538
665.3566,664.8228,0.533849
665.3566,664.8228,0.5338484
665.3566,664.8228,0.5338464
665.3566,664.8228,0.5338421
665.3566,664.8228,0.5338285
665.3566,664.8228,0.5338265
665.3566,664.8228,0.5338212
665.3566,664.8228,0.533814
665.3566,664.8228,0.5338115
665.3566,664.8228,0.5338064
665.3566,664.8228,0.5338045
665.3566,664.8228,0.5338004
665.3566,664.8228,0.5337997
665.3566,664.8228,0.5337992
665.3566,664.8228,0.5337978
665.3566,664.8228,0.5337963
665.3566,664.8228,0.5337776
665.3566,664.8228,0.5337672
665.3566,664.8228,0.5337604
665.3566,664.8228,0.5337601
665.3566,664.8228,0.5337575
665.3566,664.8228,0.5337553
665.3566,664.8229,0.5337432
665.3566,664.8229,0.5337406
665.3566,664.8229,0.5337341
665.3566,664.8229,0.5337335
665.3566,664.8229,0.5337282
665.3566,664.8229,0.5337277
665.3566,664.8229,0.5337231
665.3566,664.8229,0.5337231
665.3566,664.8229,0.5337207
665.3566,664.8229,0.5337105
665.3566,664.8229,0.5337064
665.3566,664.8229,0.5337027
665.3566,664.8229,0.5337015
665.3566,664.8229,0.5337014
665.3566,664.8229,0.5337013
665.3566,664.8229,0.5336833
665.3566,664.8229,0.5336809
665.3566,664.8229,0.5336763
665.3566,664.8229,0.5336744
665.3566,664.8229,0.5336714
665.3566,664.8229,0.5336598
665.3566,664.8229,0.5336574
665.3566,664.8229,0.5336564
665.3566,664.8229,0.5336564
665.3566,664.8229,0.5336534
665.3566,664.823,0.5336419
665.3566,664.823,0.5336383
665.3566,664.823,0.5336317
665.3566,664.823,0.5336316
665.3566,664.823,0.5336288
665.3566,664.823,0.5336271
665.3566,664.823,0.5336235
665.3566,664.823,0.5336169
665.3566,664.823,0.5336136
665.3566,664.823,0.5336128
665.3566,664.823,0.5336109
665.3566,664.823,0.5336093
665.3566,664.823,0.5335967
665.3566,664.823,0.5335958
665.3566,664.823,0.5335761
665.3566,664.8231,0.5335498
665.3566,664.8231,0.5335409
665.3566,664.8231,0.5335352
665.3566,664.8231,0.5335341
665.3566,664.8231,0.5335312
665.3566,664.8231,0.5335282
665.3566,664.8231,0.5335247
665.3566,664.8231,0.5335139
665.3566,664.8231,0.5334965
665.3566,664.8231,0.5334904
665.3566,664.8231,0.533489
665.3566,664.8231,0.5334877
665.3566,664.8231,0.5334877
665.3566,664.8231,0.5334763
665.3566,664.8231,0.5334724
665.3566,664.8231,0.5334697
665.3566,664.8231,0.533456
665.3566,664.8231,0.533455
665.3566,664.8231,0.5334547
665.3566,664.8232,0.5334462
665.3566,664.8232,0.5334439
665.3566,664.8232,0.5334391
665.3566,664.8232,0.5334334
665.3566,664.8232,0.533432
665.3566,664.8232,0.5334205
665.3566,664.8232,0.5334155
665.3566,664.8232,0.5334042
665.3566,664.8232,0.5333945
665.3566,664.8232,0.533388
665.3566,664.8232,0.533383
665.3566,664.8232,0.5333788
665.3566,664.8232,0.5333692
665.3566,664.8232,0.5333681
665.3566,664.8233,0.5333489
665.3566,664.8233,0.5333333
665.3566,664.8233,0.533333
665.3566,664.8233,0.5333152
665.3566,664.8233,0.5333134
665.3566,664.8233,0.5333125
665.3566,664.8233,0.5333099
665.3566,664.8233,0.5333076
665.3566,664.8233,0.5332711
665.3566,664.8233,0.5332668
665.3566,664.8233,0.5332635
665.3566,664.8233,0.5332627
665.3566,664.8233,0.5332622
665.3566,664.8233,0.5332546
665.3566,664.8233,0.5332519
665.3566,664.8234,0.5332412
665.3566,664.8234,0.5332376
665.3566,664.8234,0.5332287
665.3566,664.8234,0.533216
665.3566,664.8234,0.5332088
665.3566,664.8234,0.5332069
665.3566,664.8234,0.5332025
665.3566,664.8234,0.5332015
665.3566,664.8234,0.5331938
665.3566,664.8234,0.5331837
665.3566,664.8234,0.5331795
665.3566,664.8234,0.5331782
665.3566,664.8234,0.5331741
665.3566,664.8234,0.5331735
665.3566,664.8234,0.533172
665.3566,664.8234,0.5331691
665.3566,664.8234,0.5331585
665.3566,664.8234,0.5331517
665.3566,664.8235,0.533147
665.3566,664.8235,0.5331323
665.3566,664.8235,0.5331292
665.3566,664.8235,0.5331267
665.3566,664.8235,0.5331254
665.3566,664.8235,0.5331236
665.3566,664.8235,0.5331192
665.3566,664.8235,0.5331071
665.3566,664.8235,0.5330808
665.3566,664.8235,0.5330798
665.3566,664.8235,0.5330781
665.3566,664.8235,0.5330773
665.3566,664.8235,0.5330755
665.3566,664.8235,0.5330739
665.3566,664.8235,0.533071
665.3566,664.8235,0.5330706
665.3566,664.8235,0.5330521
665.3566,664.8236,0.5330444
665.3566,664.8236,0.5330373
665.3566,664.8236,0.5330299
665.3566,664.8236,0.5330263
665.3566,664.8236,0.5330192
665.3566,664.8236,0.533013
665.3566,664.8236,0.5330066
665.3566,664.8236,0.5330066
665.3566,664.8236,0.5330059
665.3566,664.8236,0.5329973
665.3566,664.8236,0.5329968
665.3566,664.8236,0.5329952
665.3566,664.8236,0.5329927
665.3566,664.8236,0.532991
665.3566,664.8236,0.53297
665.3566,664.8236,0.5329641
665.3566,664.8236,0.5329601
665.3566,664.8236,0.5329521
665.3566,664.8236,0.5329505
665.3566,664.8237,0.5329421
665.3566,664.8237,0.5329357
665.3566,664.8237,0.5329348
665.3566,664.8237,0.5329296
665.3566,664.8237,0.5329293
665.3566,664.8237,0.5329223
665.3566,664.8237,0.5329222
665.3566,664.8237,0.532909
665.3566,664.8237,0.5329039
665.3566,664.8237,0.5329032
665.3566,664.8237,0.5328991
665.3566,664.8237,0.532879
665.3566,664.8237,0.5328709
665.3566,664.8237,0.532859
665.3566,664.8237,0.5328522
665.3566,664.8237,0.5328513
665.3566,664.8238,0.5328378
665.3566,664.8238,0.532823
665.3566,664.8238,0.532822
665.3566,664.8238,0.5328213
665.3566,664.8238,0.5328177
665.3566,664.8238,0.5328115
665.3566,664.8238,0.5328078
665.3566,664.8238,0.5328055
665.3566,664.8238,0.5327993
665.3566,664.8238,0.5327948
665.3566,664.8238,0.5327936
665.3566,664.8238,0.5327908
665.3566,664.8238,0.5327899
665.3566,664.8238,0.532786
665.3566,664.8238,0.5327691
665.3566,664.8238,0.5327623
665.3566,664.8238,0.5327599
665.3566,664.8238,0.5327565
665.3566,664.8238,0.5327552
665.3566,664.8239,0.5327477
665.3566,664.8239,0.5327463
665.3566,664.8239,0.5327461
665.3566,664.8239,0.5327422
665.3566,664.8239,0.5327398
665.3566,664.8239,0.5327249
665.3566,664.8239,0.5327244
665.3566,664.8239,0.5327193
665.3566,664.8239,0.5327186
665.3566,664.8239,0.5327171
665.3566,664.8239,0.5327107
665.3566,664.8239,0.5327057
665.3566,664.8239,0.5327055
665.3566,664.8239,0.5327036
665.3566,664.8239,0.5327036
665.3566,664.8239,0.532701
665.3566,664.8239,0.5326971
665.3566,664.8239,0.5326927
665.3566,664.8239,0.5326897
665.3566,664.8239,0.5326894
665.3566,664.8239,0.5326887
665.3566,664.8239,0.532683
665.3566,664.8239,0.5326801
665.3566,664.8239,0.5326796
665.3566,664.8239,0.5326747
665.3566,664.8239,0.5326742
665.3566,664.8239,0.5326734
665.3566,664.8239,0.5326675
665.3566,664.8239,0.5326641
665.3566,664.8239,0.5326626
665.3566,664.8239,0.5326613
665.3566,664.8239,0.5326587
665.3566,664.8239,0.5326545
665.3566,664.8239,0.532651
665.3566,664.824,0.532647
665.3566,664.824,0.5326458
665.3566,664.824,0.532644
665.3566,664.824,0.5326353
665.3566,664.824,0.5326298
665.3566,664.824,0.5326253
665.3566,664.824,0.5326248
665.3566,664.824,0.5326205
665.3566,664.824,0.5326179
665.3566,664.824,0.5326176
665.3566,664.824,0.5326047
665.3566,664.824,0.5326041
665.3566,664.824,0.5326024
665.3566,664.824,0.5326005
665.3566,664.824,0.5325924
665.3566,664.824,0.5325884
665.3566,664.824,0.5325744
665.3566,664.824,0.5325676
665.3566,664.824,0.532557
665.3566,664.824,0.5325553
665.3566,664.824,0.5325525
665.3566,664.824,0.5325515
665.3566,664.8241,0.5325428
665.3566,664.8241,0.5325298
665.3566,664.8241,0.532524
665.3566,664.8241,0.5325126
665.3566,664.8241,0.5325064
665.3566,664.8241,0.5324928
665.3566,664.8241,0.5324917
665.3566,664.8241,0.5324898
665.3566,664.8241,0.5324893
665.3566,664.8241,0.5324862
665.3566,664.8241,0.5324762
665.3566,664.8241,0.532475
665.3566,664.8241,0.5324742
665.3566,664.8241,0.5324725
665.3566,664.8241,0.5324651
665.3566,664.8241,0.5324593
665.3566,664.8241,0.5324551
665.3566,664.8242,0.5324407
665.3566,664.8242,0.5324401
665.3566,664.8242,0.5324336
665.3566,664.8242,0.5324236
665.3566,664.8242,0.5324164
665.3566,664.8242,0.5324103
665.3566,664.8242,0.532407
665.3566,664.8242,0.5323874
665.3566,664.8242,0.5323873
665.3566,664.8242,0.5323783
665.3566,664.8242,0.5323758
665.3566,664.8242,0.5323696
665.3566,664.8242,0.5323682
665.3566,664.8242,0.5323661
665.3566,664.8242,0.5323638
665.3566,664.8243,0.5323467
665.3566,664.8243,0.532341
665.3566,664.8243,0.5323385
665.3566,664.8243,0.5323221
665.3566,664.8243,0.5323067
665.3566,664.8243,0.5322987
665.3566,664.8243,0.5322798
665.3566,664.8243,0.5322782
665.3566,664.8243,0.5322718
665.3566,664.8243,0.5322667
665.3566,664.8243,0.532264
665.3566,664.8243,0.5322637
665.3566,664.8243,0.5322631
665.3566,664.8243,0.5322625
665.3566,664.8243,0.5322621
665.3566,664.8243,0.5322606
665.3566,664.8243,0.5322571
665.3566,664.8243,0.532251
665.3566,664.8244,0.5322435
665.3566,664.8244,0.5322396
665.3566,664.8244,0.5322352
665.3566,664.8244,0.5322282
665.3566,664.8244,0.5322139
665.3566,664.8244,0.5322108
665.3566,664.8244,0.5322064
665.3566,664.8244,0.5322063
665.3566,664.8244,0.5322062
665.3566,664.8244,0.5322051
665.3566,664.8244,0.5322042
665.3566,664.8244,0.5321985
665.3566,664.8244,0.5321871
665.3566,664.8244,0.5321791
665.3566,664.8244,0.5321694
665.3566,664.8244,0.5321684
665.3566,664.8244,0.5321662
665.3566,664.8244,0.5321602
665.3566,664.8244,0.5321575
665.3566,664.8244,0.5321552
665.3566,664.8244,0.5321525
665.3566,664.8244,0.5321509
665.3566,664.8245,0.532148
665.3566,664.8245,0.5321454
665.3566,664.8245,0.5321426
665.3566,664.8245,0.5321411
665.3566,664.8245,0.5321319
665.3566,664.8245,0.5321156
665.3566,664.8245,0.5321034
665.3566,664.8245,0.5320984
665.3566,664.8245,0.5320943
665.3566,664.8245,0.5320916
665.3566,664.8245,0.5320903
665.3566,664.8245,0.5320873
665.3566,664.8245,0.5320775
665.3566,664.8245,0.532069
665.3566,664.8245,0.5320643
665.3566,664.8245,0.5320639
665.3566,664.8245,0.5320508
665.3566,664.8246,0.5320459
665.3566,664.8246,0.5320457
665.3566,664.8246,0.532043
665.3566,664.8246,0.5320347
665.3566,664.8246,0.5320282
665.3566,664.8246,0.5320226
665.3566,664.8246,0.5320171
665.3566,664.8246,0.5320158
665.3566,664.8246,0.5320081
665.3566,664.8246,0.5320067
665.3566,664.8246,0.5320046
665.3566,664.8246,0.5320026
665.3566,664.8246,0.5319974
665.3566,664.8246,0.5319937
665.3566,664.8246,0.5319874
665.3566,664.8246,0.5319846
665.3566,664.8246,0.5319735
665.3566,664.8246,0.5319674
665.3566,664.8246,0.5319651
665.3566,664.8246,0.5319554
665.3566,664.8246,0.5319553
665.3566,664.8247,0.5319499
665.3566,664.8247,0.5319492
665.3566,664.8247,0.5319472
665.3566,664.8247,0.5319467
665.3566,664.8247,0.5319467
665.3566,664.8247,0.5319442
665.3566,664.8247,0.531943
665.3566,664.8247,0.5319285
665.3566,664.8247,0.5319228
665.3566,664.8247,0.5319224
665.3566,664.8247,0.5319191
665.3566,664.8247,0.531914
665.3566,664.8247,0.5319048
665.3566,664.8247,0.5318996
665.3566,664.8247,0.5318947
665.3566,664.8247,0.5318913
665.3566,664.8247,0.5318909
665.3566,664.8247,0.5318907
665.3566,664.8247,0.5318765
665.3566,664.8247,0.5318713
665.3566,664.8247,0.5318647
665.3566,664.8248,0.5318431
665.3566,664.8248,0.5318393
665.3566,664.8248,0.5318347
665.3566,664.8248,0.5318338
665.3566,664.8248,0.5318323
665.3566,664.8248,0.531827
665.3566,664.8248,0.531824
665.3566,664.8248,0.531812
665.3566,664.8248,0.53181
665.3566,664.8248,0.5318001
665.3566,664.8248,0.5317986
665.3566,664.8248,0.5317986
665.3566,664.8248,0.5317985
665.3566,664.8248,0.5317983
665.3566,664.8248,0.5317968
665.3566,664.8248,0.531794
665.3566,664.8248,0.5317928
665.3566,664.8248,0.5317892
665.3566,664.8248,0.5317824
665.3566,664.8248,0.5317795
665.3566,664.8248,0.531773
665.3566,664.8248,0.53177
665.3566,664.8248,0.5317685
665.3566,664.8248,0.5317617
665.3566,664.8248,0.5317573
665.3566,664.8248,0.5317566
665.3566,664.8249,0.5317309
665.3566,664.8249,0.5317282
665.3566,664.8249,0.5317248
665.3566,664.8249,0.5317105
665.3566,664.8249,0.5317104
665.3566,664.8249,0.5317035
665.3566,664.8249,0.5317
665.3566,664.8249,0.5316964
665.3566,664.8249,0.5316937
665.3566,664.8249,0.5316878
665.3566,664.8249,0.5316867
665.3566,664.8249,0.5316867
665.3566,664.8249,0.5316867
665.3566,664.8249,0.5316858
665.3566,664.8249,0.5316783
665.3566,664.8249,0.5316705
665.3566,664.8249,0.531659
665.3566,664.8249,0.5316581
665.3566,664.825,0.5316407
665.3566,664.825,0.53164
665.3566,664.825,0.5316241
665.3566,664.825,0.5316239
665.3566,664.825,0.531622
665.3566,664.825,0.5316037
665.3566,664.825,0.5316032
665.3566,664.825,0.5315891
665.3566,664.825,0.5315831
665.3566,664.825,0.5315823
665.3566,664.825,0.5315806
665.3566,664.825,0.5315746
665.3566,664.825,0.531573
665.3566,664.825,0.5315716
665.3566,664.825,0.5315688
665.3566,664.825,0.5315615
665.3566,664.825,0.5315582
665.3566,664.8251,0.5315446
665.3566,664.8251,0.5315446
665.3566,664.8251,0.5315416
665.3566,664.8251,0.5315335
665.3566,664.8251,0.5315263
665.3566,664.8251,0.5315242
665.3566,664.8251,0.5315229
665.3566,664.8251,0.5315124
665.3566,664.8251,0.5315014
665.3566,664.8251,0.5314811
665.3566,664.8251,0.5314798
665.3566,664.8251,0.5314769
665.3566,664.8251,0.5314743
665.3566,664.8251,0.531473
665.3566,664.8251,0.5314729
665.3566,664.8251,0.5314724
665.3566,664.8251,0.5314701
665.3566,664.8251,0.5314693
665.3566,664.8251,0.5314691
665.3566,664.8251,0.5314618
665.3566,664.8251,0.5314587
665.3566,664.8251,0.5314557
665.3566,664.8251,0.5314551
665.3566,664.8251,0.5314532
665.3566,664.8252,0.5314492
665.3566,664.8252,0.5314456
665.3566,664.8252,0.5314405
665.3566,664.8252,0.5314313
665.3566,664.8252,0.5314181
665.3566,664.8252,0.5314163
665.3566,664.8252,0.5313916
665.3566,664.8252,0.5313837
665.3566,664.8252,0.5313754
665.3566,664.8252,0.5313738
665.3566,664.8252,0.5313722
665.3566,664.8252,0.5313716
665.3566,664.8252,0.5313636
665.3566,664.8252,0.5313603
665.3566,664.8253,0.531348
665.3566,664.8253,0.531329
665.3566,664.8253,0.5313162
665.3566,664.8253,0.5313145
665.3566,664.8253,0.5313135
665.3566,664.8253,0.5313055
665.3566,664.8253,0.5313012
665.3566,664.8253,0.531294
665.3566,664.8253,0.5312859
665.3566,664.8253,0.5312858
665.3566,664.8253,0.5312785
665.3566,664.8253,0.531272
665.3566,664.8253,0.5312717
665.3566,664.8253,0.5312519
665.3566,664.8253,0.5312518
665.3566,664.8253,0.5312503
665.3566,664.8254,0.5312459
665.3566,664.8254,0.5312366
665.3566,664.8254,0.5312156
665.3566,664.8254,0.5312094
665.3566,664.8254,0.5312061
665.3566,664.8254,0.5312051
665.3566,664.8254,0.5312025
665.3566,664.8254,0.5311982
665.3566,664.8254,0.5311938
665.3566,664.8254,0.5311906
665.3566,664.8254,0.5311895
665.3566,664.8254,0.5311852
665.3566,664.8254,0.53118
665.3566,664.8254,0.5311635
665.3566,664.8254,0.5311569
665.3566,664.8254,0.5311521
665.3566,664.8255,0.5311494
665.3566,664.8255,0.5311489
665.3566,664.8255,0.531148
665.3566,664.8255,0.5311351
665.3566,664.8255,0.5311343
665.3566,664.8255,0.5311322
665.3566,664.8255,0.5311207
665.3566,664.8255,0.5311195
665.3566,664.8255,0.531105
665.3566,664.8255,0.5310895
665.3566,664.8255,0.5310851
665.3566,664.8256,0.5310291
665.3566,664.8256,0.5310119
665.3566,664.8256,0.5310058
665.3566,664.8256,0.5310027
665.3566,664.8256,0.5310013
665.3566,664.8256,0.5309969
665.3566,664.8256,0.5309961
665.3566,664.8256,0.5309603
665.3566,664.8256,0.53096
665.3566,664.8256,0.5309584
665.3566,664.8257,0.5309435
665.3566,664.8257,0.5309427
665.3566,664.8257,0.5309413
665.3566,664.8257,0.5309305
665.3566,664.8257,0.5309106
665.3566,664.8257,0.5309051
665.3566,664.8257,0.5309032
665.3566,664.8257,0.5309023
665.3566,664.8257,0.5308893
665.3566,664.8257,0.5308826
665.3566,664.8257,0.5308778
665.3566,664.8257,0.5308704
665.3566,664.8257,0.5308612
665.3566,664.8257,0.5308585
665.3566,664.8257,0.5308562
665.3566,664.8257,0.5308514
665.3566,664.8258,0.5308499
665.3566,664.8258,0.5308461
665.3566,664.8258,0.5308442
665.3566,664.8258,0.5308434
665.3566,664.8258,0.5308431
665.3566,664.8258,0.5308312
665.3566,664.8258,0.5308288
665.3566,664.8258,0.5308286
665.3566,664.8258,0.5308192
665.3566,664.8258,0.5308132
665.3566,664.8258,0.5307933
665.3566,664.8258,0.5307693
665.3566,664.8259,0.5307431
665.3566,664.8259,0.5307104
665.3566,664.8259,0.5307071
665.3566,664.8259,0.5307036
665.3566,664.8259,0.5306855
665.3566,664.8259,0.5306822
665.3566,664.8259,0.5306747
665.3566,664.826,0.5306463
665.3566,664.826,0.5306235
665.3566,664.826,0.5306106
665.3566,664.826,0.5305957
665.3566,664.826,0.5305646
665.3566,664.826,0.5305638
665.3566,664.826,0.5305562
665.3566,664.8261,0.5305335
665.3566,664.8261,0.5304997
665.3566,664.8261,0.5304713
665.3566,664.8261,0.5304521
665.3566,664.8261,0.5304519
665.3566,664.8262,0.5304368
665.3566,664.8262,0.530428
665.3566,664.8262,0.5304156
665.3566,664.8262,0.5304087
665.3566,664.8262,0.5303761
665.3566,664.8262,0.5303752
665.3566,664.8263,0.530336
665.3566,664.8263,0.5303358
665.3566,664.8263,0.5303293
665.3566,664.8263,0.5303266
665.3566,664.8263,0.5303242
665.3566,664.8263,0.5303151
665.3566,664.8263,0.5303135
665.3566,664.8263,0.530311
665.3566,664.8263,0.5303108
665.3566,664.8263,0.530302
665.3566,664.8263,0.5302969
665.3566,664.8263,0.5302969
665.3566,664.8263,0.5302834
665.3566,664.8263,0.5302807
665.3566,664.8263,0.5302566
665.3566,664.8263,0.5302525
665.3566,664.8264,0.5302388
665.3566,664.8264,0.5302334
665.3566,664.8264,0.5302244
665.3566,664.8264,0.5302235
665.3566,664.8264,0.5302114
665.3566,664.8264,0.5301833
665.3566,664.8264,0.5301821
665.3566,664.8264,0.5301757
665.3566,664.8264,0.5301742
665.3566,664.8264,0.5301588
665.3566,664.8264,0.5301575
665.3566,664.8265,0.5301456
665.3566,664.8265,0.5301402
665.3566,664.8265,0.5301372
665.3566,664.8265,0.5301221
665.3566,664.8265,0.5301136
665.3566,664.8265,0.5301083
665.3566,664.8265,0.5300934
665.3566,664.8265,0.5300915
665.3566,664.8265,0.5300873
665.3566,664.8265,0.5300824
665.3566,664.8265,0.5300759
665.3566,664.8265,0.5300754
665.3566,664.8265,0.530065
665.3566,664.8265,0.5300564
665.3566,664.8266,0.5300205
665.3566,664.8266,0.5300073
665.3566,664.8266,0.5300058
665.3566,664.8266,0.5299885
665.3566,664.8266,0.5299767
665.3566,664.8266,0.5299626
665.3566,664.8266,0.5299601
665.3566,664.8266,0.5299593
665.3566,664.8266,0.5299589
665.3566,664.8267,0.5299332
665.3566,664.8267,0.5299157
665.3566,664.8267,0.5299155
665.3566,664.8267,0.5299021
665.3566,664.8267,0.5298721
665.3566,664.8267,0.5298666
665.3566,664.8268,0.5298325
665.3566,664.8268,0.5298256
665.3566,664.8268,0.5298127
665.3566,664.8268,0.5297964
665.3566,664.8268,0.529796
665.3566,664.8268,0.5297664
665.3566,664.8268,0.5297597
665.3566,664.8268,0.529757
665.3566,664.8269,0.5297483
665.3566,664.8269,0.5297314
665.3566,664.8269,0.5297028
665.3566,664.8269,0.5296546
665.3566,664.827,0.529635
665.3566,664.827,0.5296154
665.3566,664.827,0.5295903
665.3566,664.827,0.5295692
665.3566,664.827,0.529558
665.3566,664.8271,0.5295254
665.3566,664.8271,0.5295218
665.3566,664.8271,0.5295087
665.3566,664.8271,0.5294847
665.3566,664.8271,0.5294814
665.3566,664.8272,0.5294371
665.3566,664.8272,0.5294041
665.3566,664.8272,0.5293886
665.3566,664.8273,0.5293189
665.3566,664.8273,0.5292887
665.3566,664.8273,0.529283
665.3566,664.8273,0.5292824
665.3566,664.8273,0.5292791
665.3566,664.8273,0.5292722
665.3566,664.8274,0.529235
665.3566,664.8274,0.5292094
665.3566,664.8274,0.5292029
665.3566,664.8274,0.529202
665.3566,664.8274,0.5291645
665.3566,664.8275,0.5291456
665.3566,664.8275,0.5291386
665.3566,664.8275,0.5291347
665.3566,664.8275,0.5290797
665.3566,664.8275,0.529063
665.3566,664.8275,0.5290616
665.3566,664.8275,0.5290602
665.3566,664.8276,0.5290415
665.3566,664.8276,0.5290366
665.3566,664.8276,0.5290329
665.3566,664.8276,0.5290318
665.3566,664.8276,0.5290306
665.3566,664.8276,0.5290263
665.3566,664.8276,0.5290108
665.3566,664.8276,0.5290045
665.3566,664.8276,0.528956
665.3566,664.8277,0.5288966
665.3566,664.8277,0.5288904
665.3566,664.8277,0.5288876
665.3566,664.8277,0.5288812
665.3566,664.8278,0.5288269
665.3566,664.8278,0.5287768
665.3566,664.8279,0.5287446
665.3566,664.8279,0.5287442
665.3566,664.8279,0.5287312
665.3566,664.8279,0.5286892
665.3566,664.828,0.5285733
665.3566,664.828,0.5285614
665.3566,664.8281,0.5285435
665.3566,664.8281,0.5285125
665.3566,664.8281,0.5285054
665.3566,664.8281,0.5284589
665.3566,664.8282,0.528444
665.3566,664.8282,0.5284277
665.3566,664.8283,0.5283107
665.3566,664.8283,0.5282834
665.3566,664.8283,0.5282803
665.3566,664.8284,0.5282434
665.3566,664.8284,0.5282354
665.3566,664.8284,0.5281823
665.3566,664.8285,0.5281366
665.3566,664.8285,0.5281105
665.3566,664.8285,0.5281083
665.3566,664.8285,0.5280983
665.3566,664.8286,0.5280052
665.3566,664.8286,0.527956
665.3566,664.8286,0.5279504
665.3566,664.8287,0.5279393
665.3566,664.8287,0.5279081
665.3566,664.8287,0.5279049
665.3566,664.8287,0.5278602
665.3566,664.8287,0.5278592
665.3566,664.8288,0.5278278
665.3566,664.8289,0.5277446
665.3566,664.8289,0.527738
665.3566,664.8289,0.527729
665.3566,664.8289,0.5277172
665.3566,664.8289,0.5276709
665.3566,664.8289,0.5276561
665.3566,664.8291,0.5275442
665.3566,664.8291,0.5275305
665.3566,664.8292,0.5274337
665.3566,664.8292,0.5273782
665.3566,664.8293,0.5273326
665.3566,664.8293,0.5273322
665.3566,664.8293,0.5273319
665.3566,664.8293,0.5273204
665.3566,664.8293,0.5272965
665.3566,664.8294,0.5272428
665.3566,664.8294,0.5272352
665.3566,664.8295,0.5271298
665.3566,664.8295,0.5271068
665.3566,664.8295,0.5270998
665.3566,664.8295,0.5270861
665.3566,664.8295,0.5270824
665.3566,664.8295,0.5270725
665.3566,664.8297,0.5269057
665.3566,664.8298,0.5268392
665.3566,664.8298,0.526814
665.3566,664.8298,0.526786
665.3566,664.8299,0.526694
665.3566,664.8299,0.5266644
665.3566,664.8301,0.5265429
665.3566,664.8301,0.5265079
665.3566,664.8301,0.5264848
665.3566,664.8301,0.5264666
665.3566,664.8302,0.5264281
665.3566,664.8302,0.5264213
665.3566,664.8302,0.5263871
665.3566,664.8302,0.5263508
665.3566,664.8303,0.5263164
665.3566,664.8303,0.5262735
665.3566,664.8304,0.5261844
665.3566,664.8304,0.5261839
665.3566,664.8304,0.52618
665.3566,664.8304,0.5261615
665.3566,664.8305,0.5261391
665.3566,664.8305,0.5261235
665.3566,664.8305,0.5261201
665.3566,664.8305,0.5261194
665.3566,664.8305,0.5260546
665.3566,664.8306,0.5260434
665.3566,664.8306,0.5259884
665.3566,664.8306,0.5259864
665.3566,664.8306,0.5259525
665.3566,664.8307,0.5259436
665.3566,664.8307,0.5259284
665.3566,664.8307,0.5259002
665.3566,664.8307,0.5258869
665.3566,664.8307,0.5258613
665.3566,664.8308,0.5258364
665.3566,664.8308,0.5258361
665.3566,664.8308,0.5257927
665.3566,664.8308,0.5257824
665.3566,664.8308,0.5257728
665.3566,664.8308,0.5257667
665.3566,664.8309,0.5256958
665.3566,664.8309,0.5256926
665.3566,664.8309,0.5256661
665.3566,664.8311,0.5255355
665.3566,664.8311,0.5254852
665.3566,664.8311,0.5254649
665.3566,664.8311,0.5254545
665.3566,664.8312,0.5254326
665.3566,664.8312,0.5254279
665.3566,664.8312,0.5254118
665.3566,664.8312,0.5254012
665.3566,664.8312,0.5253913
665.3566,664.8312,0.5253731
665.3566,664.8313,0.5253416
665.3566,664.8313,0.5253345
665.3566,664.8313,0.525317
665.3566,664.8313,0.525312
665.3566,664.8313,0.5253059
665.3566,664.8314,0.5252044
665.3566,664.8314,0.5251527
665.3566,664.8315,0.5251431
665.3566,664.8315,0.5251426
665.3566,664.8315,0.5251393
665.3566,664.8316,0.525043
665.3566,664.8316,0.5250413
665.3566,664.8316,0.5250366
665.3566,664.8316,0.5250327
665.3566,664.8316,0.5250305
665.3566,664.8316,0.5250246
665.3566,664.8316,0.5250228
665.3566,664.8316,0.5249537
665.3566,664.8317,0.5249387
665.3566,664.8317,0.5249375
665.3566,664.8317,0.5249299
665.3566,664.8317,0.5249083
665.3566,664.8317,0.5248568
665.3566,664.8318,0.5248233
665.3566,664.8318,0.5248187
665.3566,664.8318,0.5247896
665.3566,664.8318,0.5247761
665.3566,664.8318,0.5247646
665.3566,664.8318,0.5247637
665.3566,664.8319,0.5247427
665.3566,664.8319,0.5247243
665.3566,664.8319,0.5247132
665.3566,664.8319,0.5246978
665.3566,664.8319,0.5246664
665.3566,664.8319,0.5246577
665.3566,664.832,0.5246239
665.3566,664.832,0.5245819
665.3566,664.832,0.5245722
665.3566,664.8321,0.5245142
665.3566,664.8321,0.5245117
665.3566,664.8321,0.5245077
665.3566,664.8321,0.5244762
665.3566,664.8321,0.5244662
665.3566,664.8321,0.5244527
665.3566,664.8322,0.5244377
665.3566,664.8322,0.5243752
665.3566,664.8323,0.5242659
665.3566,664.8323,0.524254
665.3566,664.8323,0.5242512
665.3566,664.8324,0.5242484
665.3566,664.8324,0.5241835
665.3566,664.8325,0.5241105
665.3566,664.8325,0.5240688
665.3566,664.8325,0.5240565
665.3566,664.8326,0.5240171
665.3566,664.8326,0.5240123
665.3566,664.8326,0.5239958
665.3566,664.8326,0.5239714
665.3566,664.8326,0.5239696
665.3566,664.8326,0.5239561
665.3566,664.8327,0.523936
665.3566,664.8327,0.5239008
665.3566,664.8327,0.5238964
665.3566,664.8327,0.5238783
665.3566,664.8328,0.5238251
665.3566,664.8329,0.523667
665.3566,664.8329,0.523667
665.3566,664.8329,0.5236516
665.3566,664.8331,0.523513
665.3566,664.8332,0.5234487
665.3566,664.8332,0.5234454
665.3566,664.8332,0.5234299
665.3566,664.8332,0.5233759
665.3566,664.8333,0.5233373
665.3566,664.8333,0.5232723
665.3566,664.8334,0.5232059
665.3566,664.8335,0.5231094
665.3566,664.8336,0.5230386
665.3566,664.8336,0.5230171
665.3566,664.8336,0.5229728
665.3566,664.8337,0.5229375
665.3566,664.8338,0.5228348
665.3566,664.8338,0.5227545
665.3566,664.834,0.5225975
665.3566,664.8341,0.5224737
665.3566,664.8342,0.5224349
665.3566,664.8342,0.5223641
665.3566,664.8343,0.5223393
665.3566,664.8343,0.5222758
665.3566,664.8345,0.5221355
665.3566,664.8347,0.5219471
665.3566,664.8347,0.5219407
665.3566,664.8348,0.5217865
665.3566,664.8348,0.5217793
665.3566,664.8348,0.5217616
665.3566,664.8348,0.5217606
665.3566,664.8348,0.5217531
665.3566,664.8349,0.5216917
665.3566,664.8349,0.5216506
665.3566,664.835,0.5215613
665.3566,664.8351,0.5215238
665.3566,664.8351,0.5214792
665.3566,664.8352,0.5214006
665.3566,664.8354,0.5212403
665.3566,664.8355,0.5211258
665.3566,664.8355,0.5211189
665.3566,664.8356,0.5209901
665.3566,664.8357,0.5208622
665.3566,664.8361,0.5205442
665.3566,664.8361,0.5204562
665.3566,664.8363,0.5202959
665.3566,664.8363,0.5202927
665.3566,664.8363,0.5202893
665.3566,664.8363,0.5202671
665.3566,664.8365,0.5200796
665.3566,664.8365,0.5200609
665.3566,664.8366,0.5200481
665.3566,664.8366,0.5199836
665.3566,664.8366,0.5199584
665.3566,664.8368,0.5198395
665.3566,664.8368,0.5197553
665.3566,664.8368,0.5197521
665.3566,664.8369,0.5197483
665.3566,664.837,0.5196378
665.3566,664.837,0.5196322
665.3566,664.837,0.519608
665.3566,664.837,0.5195621
665.3566,664.8371,0.519462
665.3566,664.8371,0.5194526
665.3566,664.8372,0.519431
665.3566,664.8372,0.5194187
665.3566,664.8372,0.519396
665.3566,664.8372,0.5193633
665.3566,664.8373,0.5193199
665.3566,664.8374,0.5192252
665.3566,664.8374,0.519185
665.3566,664.8374,0.5191734
665.3566,664.8375,0.5191325
665.3566,664.8376,0.5190099
665.3566,664.8376,0.5189782
665.3566,664.8376,0.5189571
665.3566,664.8377,0.5189147
665.3566,664.8377,0.5188904
665.3566,664.8377,0.5188564
665.3566,664.8378,0.518839
665.3566,664.8378,0.5187638
665.3566,664.8379,0.5187273
665.3566,664.8379,0.5186814
665.3566,664.838,0.5185606
665.3566,664.838,0.5185562
665.3566,664.8381,0.5185337
665.3566,664.8381,0.518459
665.3566,664.8382,0.5184036
665.3566,664.8383,0.518343
665.3566,664.8383,0.5183328
665.3566,664.8383,0.5183063
665.3566,664.8384,0.5182045
665.3566,664.8385,0.5181202
665.3566,664.8385,0.5181127
665.3566,664.8385,0.5181033
665.3566,664.8386,0.5179605
665.3566,664.8387,0.517906
665.3566,664.8388,0.5177635
665.3566,664.8389,0.5176997
665.3566,664.8389,0.5176703
665.3566,664.839,0.5176169
665.3566,664.8392,0.5174115
665.3566,664.8394,0.5172186
665.3566,664.8394,0.5172118
665.3566,664.8394,0.5172031
665.3566,664.8395,0.5170767
665.3566,664.8396,0.5170232
665.3566,664.8398,0.5168072
665.3566,664.8399,0.5166869
665.3566,664.8401,0.51655
665.3566,664.8401,0.5165297
665.3566,664.8401,0.5164715
665.3566,664.8404,0.5161957
665.3566,664.8404,0.5161703
665.3566,664.8405,0.5161151
665.3566,664.8406,0.5160005
665.3566,664.8407,0.5159063
665.3566,664.8407,0.5158827
665.3566,664.8408,0.5157817
665.3566,664.8409,0.5157499
665.3566,664.8411,0.5155206
665.3566,664.8412,0.5154227
665.3566,664.8412,0.5153585
665.3566,664.8412,0.515351
665.3566,664.8415,0.5151041
665.3566,664.8415,0.5150762
665.3566,664.8416,0.514985
665.3566,664.8416,0.5149685
665.3566,664.8418,0.514763
665.3566,664.8421,0.5145313
665.3566,664.8421,0.514511
665.3566,664.8422,0.5144314
665.3566,664.8422,0.5143978
665.3566,664.8424,0.5142245
665.3566,664.8424,0.5141648
665.3566,664.8426,0.5139594
665.3566,664.8427,0.5138582
665.3566,664.8427,0.513852
665.3566,664.8431,0.5135355
665.3566,664.8432,0.5133838
665.3566,664.8434,0.5131603
665.3566,664.8435,0.5130984
665.3566,664.8436,0.5130209
665.3566,664.8436,0.5129548
665.3566,664.8438,0.5127614
665.3566,664.8439,0.5126996
665.3566,664.8441,0.5125122
665.3566,664.8442,0.5124069
665.3566,664.8443,0.5123172
665.3566,664.8443,0.5122768
665.3566,664.8444,0.51221
665.3566,664.8447,0.5119217
665.3566,664.8447,0.5118666
665.3566,664.8448,0.5117547
665.3566,664.8449,0.5116782
665.3566,664.8451,0.5115359
665.3566,664.8451,0.5115055
665.3566,664.8451,0.5115045
665.3566,664.8454,0.5112107
665.3566,664.8454,0.5111876
665.3566,664.8454,0.5111792
665.3566,664.8455,0.5111463
665.3566,664.8456,0.5110284
665.3566,664.8457,0.5109323
665.3566,664.8458,0.5108266
665.3566,664.8458,0.5108028
665.3566,664.8459,0.5106772
665.3566,664.8459,0.5106602
665.3566,664.846,0.5106043
665.3566,664.846,0.5105602
665.3566,664.8461,0.5104925
665.3566,664.8461,0.5104547
665.3566,664.8462,0.5104285
665.3566,664.8463,0.5102521
665.3566,664.8464,0.5102087
665.3566,664.8464,0.5101989
665.3566,664.8465,0.5100677
665.3566,664.8467,0.5098592
665.3566,664.8472,0.5094329
665.3566,664.8491,0.5074862
665.3566,664.8493,0.5073327
665.3566,664.8578,0.4988373
665.3566,664.8593,0.4973432
665.3566,664.8602,0.4964299
665.3566,664.8607,0.4959185
665.3566,664.861,0.4956352
665.3566,664.8616,0.494996
665.3566,664.8618,0.4947698
665.3566,664.8626,0.4939738
665.3566,664.8628,0.4937583
665.3566,664.863,0.493594
665.3566,664.8631,0.4935226
665.3566,664.8633,0.4932775
665.3566,664.8634,0.4932392
665.3566,664.8638,0.4928442
665.3566,664.8644,0.4921889
665.3566,664.8647,0.4919065
665.3566,664.8648,0.4918041
665.3566,664.865,0.4915523
665.3566,664.8651,0.4914912
665.3566,664.8651,0.4914764
665.3566,664.8653,0.4913418
665.3566,664.8656,0.4910404
665.3566,664.8658,0.4908095
665.3566,664.866,0.4906247
665.3566,664.8661,0.4905461
665.3566,664.8661,0.490541
665.3566,664.8664,0.4901737
665.3566,664.8668,0.4898349
665.3566,664.8671,0.4895318
665.3566,664.8695,0.4871113
665.3566,664.8736,0.4830192
665.3566,664.8883,0.4682826
665.3566,664.9088,0.4477619
665.3566,664.9192,0.4374396
665.3566,664.9207,0.4358957
665.3566,664.9419,0.4146799
665.3566,664.9444,0.4121536
665.3566,664.9497,0.4068812
665.3566,664.9528,0.4037897
665.3566,664.955,0.4016062
665.3566,664.9552,0.4014128
665.3566,664.9587,0.3979319
665.3566,664.9629,0.3937026
665.3566,664.9645,0.3920508
665.3566,664.9655,0.3910803
665.3566,664.9658,0.3907842
665.3566,664.966,0.3906198
665.3566,664.9661,0.3905042
665.3566,664.9671,0.3895319
665.3566,664.968,0.3885778
665.3566,664.9693,0.3872513
665.3566,664.9725,0.384145
665.3566,664.9777,0.3789107
665.3566,664.9809,0.3756607
665.3566,664.9816,0.3750244
665.3566,664.9816,0.3749875
665.3566,664.9835,0.3731254
665.3566,664.9836,0.3730325
665.3566,664.9838,0.3728108
665.3566,664.9839,0.372723
665.3566,664.9847,0.371909
665.3566,664.9849,0.37166
665.3566,664.985,0.3716481
665.3566,664.9852,0.3713937
665.3566,664.9852,0.3713599
665.3566,664.9857,0.3709056
665.3566,664.9866,0.3700127
665.3566,664.9867,0.3698535
665.3566,664.9868,0.3698434
665.3566,664.9874,0.3692217
665.3566,664.9875,0.3691428
665.3566,664.9876,0.3690394
665.3566,664.9876,0.3689652
665.3566,664.9876,0.368955
665.3566,664.9878,0.3687555
665.3566,664.9878,0.3687542
665.3566,664.9882,0.3684122
665.3566,664.9883,0.3683289
665.3566,664.9886,0.3680496
665.3566,664.9888,0.3678274
665.3566,664.9889,0.3677066
665.3566,664.9889,0.3677042
665.3566,664.9889,0.3676979
665.3566,664.9889,0.3676766
665.3566,664.989,0.3676439
665.3566,664.9891,0.3674785
665.3566,664.9891,0.3674571
665.3566,664.9892,0.3674046
665.3566,664.9894,0.3672243
665.3566,664.9896,0.3670085
665.3566,664.9896,0.3669662
665.3566,664.9897,0.3669431
665.3566,664.9897,0.3669278
665.3566,664.9898,0.3667554
665.3566,664.9899,0.3666823
665.3566,664.99,0.3666325
665.3566,664.9901,0.3665264
665.3566,664.9902,0.3664449
665.3566,664.9902,0.3664023
665.3566,664.9902,0.3663854
665.3566,664.9903,0.366347
665.3566,664.9904,0.3661548
665.3566,664.9905,0.3660778
665.3566,664.9906,0.3660014
665.3566,664.9906,0.3659982
665.3566,664.9906,0.3659791
665.3566,664.9908,0.3658191
665.3566,664.991,0.3656247
665.3566,664.9911,0.3655292
665.3566,664.9911,0.3654502
665.3566,664.9912,0.3654314
665.3566,664.9913,0.3653486
665.3566,664.9913,0.3652935
665.3566,664.9913,0.3652883
665.3566,664.9913,0.3652828
665.3566,664.9914,0.3651955
665.3566,664.9915,0.365104
665.3566,664.9915,0.3650535
665.3566,664.9916,0.3649815
665.3566,664.9916,0.3649795
665.3566,664.9917,0.3649411
665.3566,664.9917,0.3648968
665.3566,664.9918,0.3648316
665.3566,664.9918,0.3647591
665.3566,664.9919,0.3647143
665.3566,664.9919,0.3646977
665.3566,664.9919,0.3646912
665.3566,664.9919,0.3646856
665.3566,664.992,0.3646491
665.3566,664.992,0.3646332
665.3566,664.992,0.3646192
665.3566,664.9921,0.3645383
665.3566,664.9921,0.364516
665.3566,664.9921,0.3644672
665.3566,664.9921,0.3644638
665.3566,664.9922,0.3644367
665.3566,664.9922,0.3643657
665.3566,664.9922,0.3643587
665.3566,664.9922,0.364353
665.3566,664.9923,0.3642781
665.3566,664.9923,0.3642609
665.3566,664.9923,0.3642552
665.3566,664.9923,0.3642519
665.3566,664.9924,0.364175
665.3566,664.9925,0.3641248
665.3566,664.9925,0.3641221
665.3566,664.9925,0.3640833
665.3566,664.9925,0.3640685
665.3566,664.9926,0.3639718
665.3566,664.9927,0.3639045
665.3566,664.9927,0.3638887
665.3566,664.9927,0.3638709
665.3566,664.9928,0.3638328
665.3566,664.9928,0.3638132
665.3566,664.9928,0.3637645
665.3566,664.9928,0.3637607
665.3566,664.9929,0.3637375
665.3566,664.9929,0.3636561
665.3566,664.9929,0.3636549
665.3566,664.993,0.3636161
665.3566,664.993,0.3635809
665.3566,664.993,0.363573
665.3566,664.993,0.3635507
665.3566,664.9931,0.3635192
665.3566,664.9931,0.3635023
665.3566,664.9931,0.3634998
665.3566,664.9931,0.3634867
665.3566,664.9931,0.3634839
665.3566,664.9931,0.3634807
665.3566,664.9931,0.3634624
665.3566,664.9932,0.363437
665.3566,664.9932,0.3634326
665.3566,664.9932,0.3634221
665.3566,664.9932,0.3633968
665.3566,664.9932,0.3633784
665.3566,664.9932,0.3633779
665.3566,664.9933,0.3633292
665.3566,664.9933,0.3632691
665.3566,664.9933,0.3632527
665.3566,664.9934,0.3632405
665.3566,664.9934,0.3632392
665.3566,664.9934,0.3632311
665.3566,664.9934,0.3632288
665.3566,664.9934,0.3632173
665.3566,664.9934,0.3632171
665.3566,664.9934,0.3632114
665.3566,664.9934,0.3631818
665.3566,664.9934,0.3631805
665.3566,664.9934,0.3631627
665.3566,664.9935,0.3631499
665.3566,664.9935,0.3631377
665.3566,664.9935,0.3631033
665.3566,664.9935,0.3630816
665.3566,664.9935,0.3630789
665.3566,664.9935,0.3630765
665.3566,664.9935,0.3630758
665.3566,664.9935,0.3630744
665.3566,664.9935,0.363072
665.3566,664.9936,0.3630349
665.3566,664.9936,0.3630222
665.3566,664.9936,0.3630106
665.3566,664.9936,0.3630051
665.3566,664.9936,0.362963
665.3566,664.9936,0.3629607
665.3566,664.9936,0.3629558
665.3566,664.9937,0.3629496
665.3566,664.9937,0.362948
665.3566,664.9937,0.3629356
665.3566,664.9937,0.3629321
665.3566,664.9937,0.3629176
665.3566,664.9937,0.3629119
665.3566,664.9937,0.3629104
665.3566,664.9937,0.3629066
665.3566,664.9937,0.3628956
665.3566,664.9937,0.3628818
665.3566,664.9937,0.3628593
665.3566,664.9938,0.3628322
665.3566,664.9938,0.3628294
665.3566,664.9938,0.3628231
665.3566,664.9938,0.3628055
665.3566,664.9938,0.3628033
665.3566,664.9938,0.3627535
665.3566,664.9939,0.3627488
665.3566,664.9939,0.36273
665.3566,664.9939,0.3627126
665.3566,664.9939,0.3627006
665.3566,664.9939,0.3626904
665.3566,664.9939,0.3626803
665.3566,664.9939,0.3626718
665.3566,664.9939,0.3626704
665.3566,664.9939,0.3626504
665.3566,664.9941,0.3625339
665.3566,664.9941,0.3625256
665.3566,664.9941,0.3625177
665.3566,664.9941,0.3625132
665.3566,664.9941,0.3625056
665.3566,664.9941,0.3625047
665.3566,664.9941,0.3624917
665.3566,664.9941,0.3624735
665.3566,664.9941,0.362471
665.3566,664.9941,0.362465
665.3566,664.9942,0.3624326
665.3566,664.9942,0.3624277
665.3566,664.9942,0.3624152
665.3566,664.9942,0.3623856
665.3566,664.9942,0.3623736
665.3566,664.9942,0.3623678
665.3566,664.9942,0.3623572
665.3566,664.9943,0.3623166
665.3566,664.9943,0.3622865
665.3566,664.9943,0.3622864
665.3566,664.9943,0.3622853
665.3566,664.9943,0.3622764
665.3566,664.9943,0.3622744
665.3566,664.9943,0.362257
665.3566,664.9944,0.3622408
665.3566,664.9944,0.362218
665.3566,664.9944,0.3622135
665.3566,664.9944,0.3622069
665.3566,664.9944,0.3621813
665.3566,664.9944,0.3621719
665.3566,664.9944,0.3621655
665.3566,664.9944,0.3621595
665.3566,664.9945,0.3621446
665.3566,664.9945,0.3621427
665.3566,664.9945,0.3621065
665.3566,664.9945,0.3621003
665.3566,664.9945,0.3620979
665.3566,664.9945,0.3620971
665.3566,664.9945,0.362089
665.3566,664.9945,0.3620688
665.3566,664.9946,0.3620373
665.3566,664.9946,0.3620328
665.3566,664.9946,0.362031
665.3566,664.9946,0.3620098
665.3566,664.9946,0.3619691
665.3566,664.9946,0.3619691
665.3566,664.9946,0.3619592
665.3566,664.9946,0.3619559
665.3566,664.9947,0.3619115
665.3566,664.9947,0.3619009
665.3566,664.9947,0.3618933
665.3566,664.9947,0.3618874
665.3566,664.9947,0.3618791
665.3566,664.9947,0.3618695
665.3566,664.9947,0.3618684
665.3566,664.9948,0.361846
665.3566,664.9948,0.3618214
665.3566,664.9948,0.3618179
665.3566,664.9948,0.3618079
665.3566,664.9948,0.3617941
665.3566,664.9948,0.3617809
665.3566,664.9948,0.3617691
665.3566,664.9948,0.3617517
665.3566,664.9949,0.3617069
665.3566,664.9949,0.3617038
665.3566,664.9949,0.3616899
665.3566,664.9949,0.3616801
665.3566,664.9949,0.3616679
665.3566,664.995,0.3616342
665.3566,664.995,0.3616288
665.3566,664.995,0.3616212
665.3566,664.995,0.3616174
665.3566,664.995,0.3616133
665.3566,664.995,0.3616123
665.3566,664.995,0.3616009
665.3566,664.995,0.3615942
665.3566,664.995,0.3615819
665.3566,664.995,0.3615703
665.3566,664.9951,0.3615469
665.3566,664.9951,0.361513
665.3566,664.9951,0.3615115
665.3566,664.9951,0.361509
665.3566,664.9951,0.361508
665.3566,664.9951,0.3614983
665.3566,664.9951,0.3614845
665.3566,664.9951,0.3614787
665.3566,664.9951,0.3614773
665.3566,664.9952,0.3614264
665.3566,664.9952,0.3614116
665.3566,664.9952,0.3614089
665.3566,664.9952,0.3613926
665.3566,664.9952,0.3613647
665.3566,664.9953,0.3613191
665.3566,664.9953,0.3612986
665.3566,664.9953,0.3612894
665.3566,664.9953,0.3612792
665.3566,664.9953,0.3612634
665.3566,664.9953,0.3612575
665.3566,664.9954,0.3612489
665.3566,664.9954,0.3612326
665.3566,664.9954,0.361219
665.3566,664.9954,0.3612087
665.3566,664.9954,0.361208
665.3566,664.9954,0.3612045
665.3566,664.9954,0.3612029
665.3566,664.9954,0.3611771
665.3566,664.9954,0.3611739
665.3566,664.9954,0.3611631
665.3566,664.9955,0.3611493
665.3566,664.9955,0.3611052
665.3566,664.9955,0.3610893
665.3566,664.9955,0.3610603
665.3566,664.9956,0.3610418
665.3566,664.9956,0.3609996
665.3566,664.9956,0.3609879
665.3566,664.9956,0.3609785
665.3566,664.9956,0.3609614
665.3566,664.9957,0.3609466
665.3566,664.9957,0.3609295
665.3566,664.9957,0.3609249
665.3566,664.9957,0.3609225
665.3566,664.9957,0.3608948
665.3566,664.9957,0.3608641
665.3566,664.9958,0.3608363
665.3566,664.9958,0.3608295
665.3566,664.9958,0.3608048
665.3566,664.9958,0.3607518
665.3566,664.9959,0.3607391
665.3566,664.9959,0.3607307
665.3566,664.9959,0.3607264
665.3566,664.9959,0.3607228
665.3566,664.9959,0.3607203
665.3566,664.9959,0.3606997
665.3566,664.9959,0.3606922
665.3566,664.9959,0.3606633
665.3566,664.9959,0.3606614
665.3566,664.996,0.3606411
665.3566,664.9961,0.3605248
665.3566,664.9961,0.3604959
665.3566,664.9961,0.3604926
665.3566,664.9961,0.3604826
665.3566,664.9961,0.3604652
665.3566,664.9962,0.3604394
665.3566,664.9962,0.3603819
665.3566,664.9962,0.3603787
665.3566,664.9963,0.3602789
665.3566,664.9964,0.3602388
665.3566,664.9966,0.3600432
665.3566,664.9967,0.3599144
665.3566,664.9967,0.3599085
665.3566,664.9967,0.3598777
665.3566,664.9967,0.3598723
665.3566,664.9968,0.3597893
665.3566,664.9968,0.3597639
665.3566,664.9969,0.3596979
665.3566,664.9969,0.3596724
665.3566,664.997,0.3596229
665.3566,664.997,0.3595738
665.3566,664.997,0.3595617
665.3566,664.9971,0.3595494
665.3566,664.9972,0.3593895
665.3566,664.9972,0.3593882
665.3566,664.9973,0.3592915
665.3566,664.9974,0.3592224
665.3566,664.9974,0.3592124
665.3566,664.9974,0.3591908
665.3566,664.9974,0.3591555
665.3566,664.9975,0.3591011
665.3566,664.9976,0.359023
665.3566,664.9976,0.3589527
665.3566,664.9982,0.3584394
665.3566,664.9984,0.3582092
665.3566,664.999,0.3576237
665.3566,664.999,0.3575894
665.3566,665.001,0.3555561
665.3566,665.0025,0.354075
665.3566,665.0186,0.337981
665.3566,665.0205,0.3361168
665.3566,665.0238,0.332779
665.3566,665.0418,0.3147836
665.3566,665.0528,0.3037778
665.3566,665.0564,0.3001665
665.3566,665.0667,0.2899186
665.3566,665.0678,0.2887592
665.3566,665.0694,0.2871512
665.3566,665.0722,0.2844105
665.3566,665.0831,0.27348
665.3566,665.0847,0.2718978
665.3566,665.0945,0.2620557
665.3566,665.0963,0.2602993
665.3566,665.1033,0.2533134
665.3566,665.106,0.2506045
665.3566,665.1165,0.240101
665.3566,665.1168,0.2397675
665.3566,665.1171,0.2395435
665.3566,665.1177,0.2389256
665.3566,665.1184,0.2381747
665.3566,665.1217,0.234941
665.3566,665.1232,0.2333964
665.3566,665.1289,0.2276522
665.3566,665.1324,0.2241677
665.3566,665.1365,0.2201365
665.3566,665.1512,0.2054215
665.3566,665.1577,0.1989071
665.3566,665.1592,0.1973846
665.3566,665.1625,0.1941353
665.3566,665.1708,0.1858081
665.3566,665.4569,-0.1002543
665.3566,665.4569,-0.1003351
665.3566,665.4571,-0.1005023
665.3566,665.4577,-0.1010904
665.3566,665.4586,-0.1019814
665.3566,665.4594,-0.1027641
665.3566,665.4626,-0.1060274
665.3566,665.4627,-0.1060711
665.3566,665.4629,-0.1063465
665.3566,665.4639,-0.107274
665.3566,665.4641,-0.1074952
665.3566,665.4643,-0.1076761
665.3566,665.4648,-0.1082398
665.3566,665.465,-0.1083566
665.3566,665.4651,-0.1084974
665.3566,665.4652,-0.1085876
665.3566,665.4657,-0.1090553
665.3566,665.4662,-0.1096291
665.3566,665.4689,-0.1123193
665.3566,665.4722,-0.115561
665.3566,665.4869,-0.1302583
665.3566,665.4893,-0.1327065
665.3566,665.492,-0.1353785
665.3566,665.4921,-0.1355299
665.3566,665.4938,-0.1372346
665.3566,665.4943,-0.1377023
665.3566,665.4953,-0.138709
665.3566,665.4954,-0.1387709
665.3566,665.4959,-0.1392839
665.3566,665.4961,-0.1395129
665.3566,665.4976,-0.1409613
665.3566,665.4979,-0.1412897
665.3566,665.5012,-0.1445845
665.3566,665.5365,-0.1799073
665.3566,665.5443,-0.1876946
665.3566,665.5552,-0.1986304
665.3566,665.5701,-0.2134684
665.3566,665.5962,-0.2395508
665.3566,665.6315,-0.2748785
665.3566,665.6485,-0.2919053
665.3566,665.6501,-0.2934706
665.3566,665.6503,-0.2936613
665.3566,665.6504,-0.2937708
665.3566,665.6523,-0.2957109
665.3566,665.6533,-0.2966935
665.3566,665.6534,-0.2968395
665.3566,665.6536,-0.2970075
665.3566,665.654,-0.2973513
665.3566,665.6542,-0.2976069
665.3566,665.6542,-0.2976298
665.3566,665.6544,-0.2978061
665.3566,665.6545,-0.297899
665.3566,665.6546,-0.2979843
665.3566,665.6547,-0.2981239
665.3566,665.655,-0.2983718
665.3566,665.655,-0.2984031
665.3566,665.6551,-0.2984964
665.3566,665.6554,-0.2988396
665.3566,665.6557,-0.2990722
665.3566,665.6558,-0.2992083
665.3566,665.656,-0.2993513
665.3566,665.6561,-0.2994923
665.3566,665.6561,-0.2995029
665.3566,665.6561,-0.2995093
665.3566,665.6563,-0.29967
665.3566,665.6565,-0.2998515
665.3566,665.6565,-0.2998816
665.3566,665.6565,-0.2999116
665.3566,665.6566,-0.300003
665.3566,665.6566,-0.3000118
665.3566,665.6566,-0.3000355
665.3566,665.6567,-0.3001081
665.3566,665.6568,-0.3002348
665.3566,665.6569,-0.3003049
665.3566,665.6569,-0.3003345
665.3566,665.6571,-0.3005208
665.3566,665.6571,-0.3005255
665.3566,665.6571,-0.300548
665.3566,665.6572,-0.3006034
665.3566,665.6572,-0.3006315
665.3566,665.6573,-0.3006798
665.3566,665.6573,-0.300695
665.3566,665.6573,-0.3007269
665.3566,665.6574,-0.3007625
665.3566,665.6574,-0.3008158
665.3566,665.6575,-0.300898
665.3566,665.6576,-0.3010126
665.3566,665.6577,-0.3010788
665.3566,665.6577,-0.3010986
665.3566,665.6577,-0.3011063
665.3566,665.6577,-0.3011153
665.3566,665.6577,-0.3011455
665.3566,665.6578,-0.3012177
665.3566,665.6578,-0.3012203
665.3566,665.6578,-0.3012317
665.3566,665.6578,-0.3012402
665.3566,665.6579,-0.3012535
665.3566,665.6579,-0.3012624
665.3566,665.6579,-0.3012813
665.3566,665.6579,-0.3013084
665.3566,665.6579,-0.3013146
665.3566,665.6579,-0.3013297
665.3566,665.658,-0.3013519
665.3566,665.658,-0.3013572
665.3566,665.658,-0.3013962
665.3566,665.658,-0.3014057
665.3566,665.658,-0.3014489
665.3566,665.6581,-0.3014523
665.3566,665.6581,-0.3014691
665.3566,665.6581,-0.3014856
665.3566,665.6581,-0.3014942
665.3566,665.6581,-0.3015149
665.3566,665.6581,-0.3015383
665.3566,665.6581,-0.3015492
665.3566,665.6581,-0.3015498
665.3566,665.6582,-0.3015642
665.3566,665.6582,-0.3015649
665.3566,665.6582,-0.3015981
665.3566,665.6582,-0.3016081
665.3566,665.6584,-0.3017719
665.3566,665.6584,-0.3017954
665.3566,665.6584,-0.3018023
665.3566,665.6584,-0.3018198
665.3566,665.6585,-0.3018841
665.3566,665.6585,-0.3018843
665.3566,665.6585,-0.3019331
665.3566,665.6586,-0.3020328
665.3566,665.6587,-0.3020522
665.3566,665.6587,-0.3021394
665.3566,665.6587,-0.3021465
665.3566,665.6588,-0.3021964
665.3566,665.6588,-0.3022392
665.3566,665.6589,-0.3023146
665.3566,665.6589,-0.3023265
665.3566,665.659,-0.3024401
665.3566,665.659,-0.3024476
665.3566,665.6591,-0.3024624
665.3566,665.6591,-0.3024698
665.3566,665.6591,-0.3024806
665.3566,665.6591,-0.3024969
665.3566,665.6591,-0.3025458
665.3566,665.6592,-0.3026131
665.3566,665.6592,-0.3026458
665.3566,665.6593,-0.3026744
665.3566,665.6593,-0.3026969
665.3566,665.6594,-0.3027767
665.3566,665.6595,-0.3028548
665.3566,665.6595,-0.3028632
665.3566,665.6595,-0.3028771
665.3566,665.6595,-0.3029434
665.3566,665.6595,-0.3029439
665.3566,665.6596,-0.3029605
665.3566,665.6596,-0.3029848
665.3566,665.6596,-0.3029895
665.3566,665.6596,-0.3030396
665.3566,665.6597,-0.3030989
665.3566,665.6597,-0.3031113
665.3566,665.6597,-0.3031154
665.3566,665.6598,-0.3031505
665.3566,665.6598,-0.3031676
665.3566,665.6598,-0.3032028
665.3566,665.6598,-0.3032306
665.3566,665.6599,-0.3032617
665.3566,665.6599,-0.3032654
665.3566,665.6599,-0.3032656
665.3566,665.6599,-0.3033301
665.3566,665.6599,-0.3033463
665.3566,665.66,-0.3033523
665.3566,665.66,-0.3033535
665.3566,665.66,-0.3033811
665.3566,665.66,-0.3033916
665.3566,665.66,-0.3034355
665.3566,665.6601,-0.303487
665.3566,665.6601,-0.3035202
665.3566,665.6601,-0.3035323
665.3566,665.6601,-0.3035419
665.3566,665.6602,-0.3036016
665.3566,665.6602,-0.3036148
665.3566,665.6602,-0.3036285
665.3566,665.6602,-0.303629
665.3566,665.6603,-0.3037259
665.3566,665.6603,-0.3037387
665.3566,665.6604,-0.3037621
665.3566,665.6605,-0.3038643
665.3566,665.6605,-0.303949
665.3566,665.6606,-0.3039554
665.3566,665.6606,-0.3039728
665.3566,665.6606,-0.3039896
665.3566,665.6606,-0.3040384
665.3566,665.6607,-0.3040712
665.3566,665.6607,-0.3040753
665.3566,665.6607,-0.3040817
665.3566,665.6607,-0.304098
665.3566,665.6607,-0.3041202
665.3566,665.6607,-0.3041217
665.3566,665.6607,-0.3041233
665.3566,665.6607,-0.3041405
665.3566,665.6609,-0.3043106
665.3566,665.6609,-0.3043145
665.3566,665.6609,-0.3043202
665.3566,665.6609,-0.304324
665.3566,665.6609,-0.3043347
665.3566,665.661,-0.3043519
665.3566,665.661,-0.3043664
665.3566,665.661,-0.3044121
665.3566,665.6611,-0.3044559
665.3566,665.6611,-0.3044758
665.3566,665.6611,-0.3045268
665.3566,665.6611,-0.3045299
665.3566,665.6611,-0.3045301
665.3566,665.6612,-0.304607
665.3566,665.6612,-0.3046106
665.3566,665.6612,-0.3046187
665.3566,665.6613,-0.3046542
665.3566,665.6614,-0.3047658
665.3566,665.6614,-0.3048102
665.3566,665.6615,-0.3048778
665.3566,665.6615,-0.304881
665.3566,665.6616,-0.3049691
665.3566,665.6616,-0.3049751
665.3566,665.6616,-0.3049855
665.3566,665.6616,-0.3050263
665.3566,665.6616,-0.3050374
665.3566,665.6617,-0.3050634
665.3566,665.6617,-0.3050708
665.3566,665.6617,-0.305107
665.3566,665.6617,-0.3051473
665.3566,665.6618,-0.3051915
665.3566,665.6618,-0.305195
665.3566,665.6618,-0.305207
665.3566,665.6618,-0.3052142
665.3566,665.6619,-0.3052772
665.3566,665.6619,-0.3052863
665.3566,665.6619,-0.3053002
665.3566,665.6619,-0.3053106
665.3566,665.6619,-0.3053236
665.3566,665.662,-0.3054131
665.3566,665.662,-0.305439
665.3566,665.6621,-0.3054889
665.3566,665.6621,-0.3055052
665.3566,665.6621,-0.3055326
665.3566,665.6623,-0.3056584
665.3566,665.6623,-0.3056676
665.3566,665.6623,-0.3056919
665.3566,665.6623,-0.3057161
665.3566,665.6623,-0.3057176
665.3566,665.6624,-0.305772
665.3566,665.6624,-0.3057772
665.3566,665.6624,-0.3057794
665.3566,665.6624,-0.3057936
665.3566,665.6625,-0.3059036
665.3566,665.6626,-0.3059981
665.3566,665.6626,-0.3060098
665.3566,665.6626,-0.3060181
665.3566,665.6626,-0.3060428
665.3566,665.6626,-0.3060457
665.3566,665.6627,-0.3061067
665.3566,665.6627,-0.3061112
665.3566,665.6627,-0.3061293
665.3566,665.6627,-0.3061361
665.3566,665.6628,-0.3061548
665.3566,665.6628,-0.3062244
665.3566,665.6629,-0.3062607
665.3566,665.6629,-0.3062748
665.3566,665.6629,-0.3063044
665.3566,665.6629,-0.3063448
665.3566,665.663,-0.3064071
665.3566,665.663,-0.3064304
665.3566,665.6631,-0.3064767
665.3566,665.6631,-0.3064924
665.3566,665.6632,-0.3065852
665.3566,665.6632,-0.3065934
665.3566,665.6633,-0.3066554
665.3566,665.6633,-0.3067443
665.3566,665.6634,-0.3068282
665.3566,665.6634,-0.3068433
665.3566,665.6635,-0.3068655
665.3566,665.6635,-0.3069134
665.3566,665.6636,-0.306979
665.3566,665.6636,-0.307019
665.3566,665.6636,-0.3070467
665.3566,665.6637,-0.3070744
665.3566,665.6637,-0.3071077
665.3566,665.6637,-0.3071261
665.3566,665.6637,-0.3071496
665.3566,665.6639,-0.307259
665.3566,665.6639,-0.3072809
665.3566,665.664,-0.3074141
665.3566,665.664,-0.3074364
665.3566,665.6641,-0.3075315
665.3566,665.6643,-0.3076715
665.3566,665.6644,-0.3078437
665.3566,665.6645,-0.3078512
665.3566,665.6646,-0.3080342
665.3566,665.6647,-0.3080593
665.3566,665.6649,-0.3082959
665.3566,665.6649,-0.3083208
665.3566,665.665,-0.3084335
665.3566,665.6651,-0.3084634
665.3566,665.6651,-0.3084704
665.3566,665.6653,-0.3086624
665.3566,665.6653,-0.3086946
665.3566,665.6653,-0.3086963
665.3566,665.6654,-0.3087962
665.3566,665.6655,-0.3088572
665.3566,665.6661,-0.3095081
665.3566,665.6661,-0.3095487
665.3566,665.6665,-0.3098637
665.3566,665.6667,-0.3100522
665.3566,665.6672,-0.3105744
665.3566,665.6676,-0.3109828
665.3566,665.6689,-0.3123384
665.3566,665.7039,-0.3473124
665.3566,665.7244,-0.3678156
665.3566,665.7269,-0.370253
665.3566,665.7738,-0.4172363
665.3566,665.7773,-0.4206502
665.3566,665.7774,-0.4207591
665.3566,665.7775,-0.4208884
665.3566,665.7782,-0.4215737
665.3566,665.7782,-0.4216155
665.3566,665.7785,-0.4218714
665.3566,665.7797,-0.4231014
665.3566,665.7799,-0.423296
665.3566,665.78,-0.4234156
665.3566,665.7813,-0.4246662
665.3566,665.7816,-0.4250489
665.3566,665.7819,-0.4252628
665.3566,665.783,-0.4263689
665.3566,665.7839,-0.4272884
665.3566,665.7842,-0.4275633
665.3566,665.7846,-0.4279911
665.3566,665.7848,-0.4281599
665.3566,665.7912,-0.4346198
665.3566,665.7937,-0.4371308
665.3566,665.8076,-0.4510497
665.3566,665.8109,-0.4543195
665.3566,665.8123,-0.4556525
665.3566,665.8143,-0.4577239
665.3566,665.8144,-0.4578052
665.3566,665.8149,-0.458264
665.3566,665.8151,-0.4584528
665.3566,665.8152,-0.4585962
665.3566,665.8157,-0.4591234
665.3566,665.8157,-0.4591448
665.3566,665.8161,-0.4594829
665.3566,665.8162,-0.4596263
665.3566,665.8166,-0.4599583
665.3566,665.8169,-0.4602695
665.3566,665.8172,-0.4605788
665.3566,665.8172,-0.4605931
665.3566,665.8173,-0.4607244
665.3566,665.8177,-0.461078
665.3566,665.8177,-0.4610854
665.3566,665.8179,-0.4612581
665.3566,665.8179,-0.4612592
665.3566,665.818,-0.4613722
665.3566,665.818,-0.461378
665.3566,665.8181,-0.4615347
665.3566,665.8188,-0.4622107
665.3566,665.8188,-0.4622441
665.3566,665.819,-0.4623853
665.3566,665.819,-0.462424
665.3566,665.8192,-0.4625629
665.3566,665.8196,-0.4629703
665.3566,665.8197,-0.4631475
665.3566,665.8198,-0.4631775
665.3566,665.82,-0.4633596
665.3566,665.82,-0.4634182
665.3566,665.8201,-0.4634939
665.3566,665.8202,-0.463563
665.3566,665.8202,-0.4636253
665.3566,665.8203,-0.4636502
665.3566,665.8203,-0.4637135
665.3566,665.8204,-0.4637593
665.3566,665.8204,-0.4637846
665.3566,665.8205,-0.4639085
665.3566,665.8205,-0.4639308
665.3566,665.8205,-0.4639376
665.3566,665.8206,-0.4639616
665.3566,665.8206,-0.4640285
665.3566,665.8207,-0.4640771
665.3566,665.8207,-0.4641348
665.3566,665.8208,-0.4641524
665.3566,665.8209,-0.464275
665.3566,665.821,-0.4643533
665.3566,665.821,-0.4644023
665.3566,665.821,-0.4644339
665.3566,665.8211,-0.4644823
665.3566,665.8211,-0.4645343
665.3566,665.8212,-0.4645556
665.3566,665.8214,-0.4647994
665.3566,665.8215,-0.4648831
665.3566,665.8215,-0.4649265
665.3566,665.8216,-0.4649657
665.3566,665.8216,-0.4650174
665.3566,665.8216,-0.465034
665.3566,665.8217,-0.4650734
665.3566,665.8217,-0.4651063
665.3566,665.822,-0.4653709
665.3566,665.8221,-0.4654739
665.3566,665.8222,-0.4655912
665.3566,665.8222,-0.4656244
665.3566,665.8223,-0.4657007
665.3566,665.8223,-0.4657091
665.3566,665.8224,-0.4657509
665.3566,665.8225,-0.4658735
665.3566,665.8225,-0.4658784
665.3566,665.8226,-0.4659825
665.3566,665.8226,-0.4660469
665.3566,665.8228,-0.4661818
665.3566,665.8228,-0.4661996
665.3566,665.8229,-0.4663113
665.3566,665.823,-0.4663894
665.3566,665.8231,-0.4664703
665.3566,665.8233,-0.4666545
665.3566,665.8233,-0.4667024
665.3566,665.8233,-0.4667305
665.3566,665.8234,-0.4667525
665.3566,665.8234,-0.4668183
665.3566,665.8234,-0.4668284
665.3566,665.8234,-0.4668312
665.3566,665.8235,-0.4668611
665.3566,665.8236,-0.4670103
665.3566,665.8236,-0.4670349
665.3566,665.8237,-0.4670831
665.3566,665.8237,-0.4671452
665.3566,665.8238,-0.4671779
665.3566,665.8238,-0.4671919
665.3566,665.8238,-0.4672133
665.3566,665.8239,-0.4672633
665.3566,665.8239,-0.4672784
665.3566,665.8239,-0.4673046
665.3566,665.824,-0.467383
665.3566,665.8241,-0.4674501
665.3566,665.8241,-0.4674722
665.3566,665.8241,-0.4675036
665.3566,665.8241,-0.4675337
665.3566,665.8242,-0.4675789
665.3566,665.8242,-0.4675829
665.3566,665.8243,-0.4677179
665.3566,665.8244,-0.4677721
665.3566,665.8244,-0.4677762
665.3566,665.8244,-0.4677952
665.3566,665.8244,-0.4678143
665.3566,665.8245,-0.4679352
665.3566,665.8246,-0.4679559
665.3566,665.8246,-0.4680208
665.3566,665.8247,-0.4680827
665.3566,665.8247,-0.4681114
665.3566,665.8247,-0.4681151
665.3566,665.8248,-0.4681646
665.3566,665.8248,-0.468204
665.3566,665.8248,-0.4682264
665.3566,665.8249,-0.468305
665.3566,665.8249,-0.4683066
665.3566,665.8249,-0.4683176
665.3566,665.8249,-0.468337
665.3566,665.8249,-0.4683493
665.3566,665.8251,-0.4684599
665.3566,665.8251,-0.4685334
665.3566,665.8252,-0.4685797
665.3566,665.8252,-0.4686389
665.3566,665.8253,-0.4687114
665.3566,665.8253,-0.4687291
665.3566,665.8254,-0.4687827
665.3566,665.8254,-0.46882
665.3566,665.8254,-0.4688323
665.3566,665.8255,-0.4688537
665.3566,665.8255,-0.4688631
665.3566,665.8255,-0.4688723
665.3566,665.8255,-0.468884
665.3566,665.8255,-0.4688956
665.3566,665.8255,-0.4689364
665.3566,665.8255,-0.4689473
665.3566,665.8256,-0.4689522
665.3566,665.8256,-0.468958
665.3566,665.8256,-0.4690031
665.3566,665.8257,-0.4691471
665.3566,665.8258,-0.4691603
665.3566,665.8258,-0.4691876
665.3566,665.8258,-0.4691949
665.3566,665.8258,-0.4692031
665.3566,665.8258,-0.4692386
665.3566,665.826,-0.469427
665.3566,665.8261,-0.4694503
665.3566,665.8261,-0.4695013
665.3566,665.8261,-0.4695154
665.3566,665.8261,-0.4695227
665.3566,665.8261,-0.4695479
665.3566,665.8262,-0.4695748
665.3566,665.8263,-0.4696599
665.3566,665.8263,-0.4696752
665.3566,665.8263,-0.4696885
665.3566,665.8263,-0.4696972
665.3566,665.8263,-0.4697086
665.3566,665.8263,-0.46973
665.3566,665.8264,-0.4698361
665.3566,665.8264,-0.4698407
665.3566,665.8265,-0.4698706
665.3566,665.8265,-0.4698814
665.3566,665.8265,-0.4698873
665.3566,665.8265,-0.4698891
665.3566,665.8265,-0.4699046
665.3566,665.8266,-0.4699695
665.3566,665.8266,-0.4700062
665.3566,665.8266,-0.4700323
665.3566,665.8267,-0.470127
665.3566,665.8268,-0.4701903
665.3566,665.8268,-0.4701944
665.3566,665.8268,-0.4702066
665.3566,665.8268,-0.4702399
665.3566,665.8269,-0.4702564
665.3566,665.8269,-0.4702646
665.3566,665.8269,-0.4703152
665.3566,665.8269,-0.4703312
665.3566,665.827,-0.4703662
665.3566,665.827,-0.4703772
665.3566,665.8271,-0.47045
665.3566,665.8271,-0.4704661
665.3566,665.8271,-0.4705109
665.3566,665.8271,-0.4705282
665.3566,665.8271,-0.4705439
665.3566,665.8272,-0.4705699
665.3566,665.8272,-0.4705836
665.3566,665.8272,-0.470637
665.3566,665.8272,-0.4706461
665.3566,665.8273,-0.47073
665.3566,665.8274,-0.4707528
665.3566,665.8274,-0.4707682
665.3566,665.8274,-0.4708033
665.3566,665.8274,-0.470816
665.3566,665.8274,-0.470844
665.3566,665.8275,-0.4708763
665.3566,665.8275,-0.4709115
665.3566,665.8275,-0.4709121
665.3566,665.8275,-0.4709446
665.3566,665.8275,-0.4709463
665.3566,665.8276,-0.4709717
665.3566,665.8276,-0.4710219
665.3566,665.8276,-0.4710231
665.3566,665.8276,-0.4710444
665.3566,665.8276,-0.4710474
665.3566,665.8277,-0.471069
665.3566,665.8277,-0.4710952
665.3566,665.8277,-0.4711101
665.3566,665.8277,-0.4711135
665.3566,665.8277,-0.4711289
665.3566,665.8277,-0.4711483
665.3566,665.8278,-0.471156
665.3566,665.8278,-0.4711956
665.3566,665.8278,-0.4712128
665.3566,665.8278,-0.4712178
665.3566,665.8278,-0.4712206
665.3566,665.8278,-0.4712248
665.3566,665.8279,-0.4712632
665.3566,665.8279,-0.4712786
665.3566,665.8279,-0.4713015
665.3566,665.8279,-0.4713023
665.3566,665.828,-0.4713661
665.3566,665.828,-0.4713738
665.3566,665.828,-0.4713835
665.3566,665.828,-0.4713952
665.3566,665.828,-0.4714228
665.3566,665.828,-0.4714362
665.3566,665.8281,-0.4714841
665.3566,665.8281,-0.4714947
665.3566,665.8281,-0.4715048
665.3566,665.8282,-0.4715552
665.3566,665.8282,-0.4715562
665.3566,665.8282,-0.4715939
665.3566,665.8282,-0.471623
665.3566,665.8282,-0.4716445
665.3566,665.8282,-0.4716453
665.3566,665.8283,-0.4716641
665.3566,665.8283,-0.4717012
665.3566,665.8283,-0.4717019
665.3566,665.8283,-0.4717124
665.3566,665.8283,-0.4717299
665.3566,665.8283,-0.4717449
665.3566,665.8284,-0.4717504
665.3566,665.8284,-0.4717524
665.3566,665.8284,-0.4717973
665.3566,665.8284,-0.4718132
665.3566,665.8284,-0.4718213
665.3566,665.8284,-0.4718316
665.3566,665.8284,-0.4718492
665.3566,665.8285,-0.4718567
665.3566,665.8285,-0.4718625
665.3566,665.8285,-0.4718776
665.3566,665.8285,-0.4718819
665.3566,665.8285,-0.4718841
665.3566,665.8285,-0.4719201
665.3566,665.8285,-0.4719447
665.3566,665.8285,-0.471945
665.3566,665.8285,-0.4719469
665.3566,665.8285,-0.4719472
665.3566,665.8286,-0.4719564
665.3566,665.8286,-0.4719703
665.3566,665.8286,-0.471991
665.3566,665.8286,-0.4719928
665.3566,665.8286,-0.4719963
665.3566,665.8286,-0.4720234
665.3566,665.8286,-0.4720384
665.3566,665.8286,-0.472041
665.3566,665.8287,-0.4720676
665.3566,665.8287,-0.4721022
665.3566,665.8287,-0.4721237
665.3566,665.8287,-0.4721319
665.3566,665.8287,-0.4721357
665.3566,665.8287,-0.472141
665.3566,665.8288,-0.4721627
665.3566,665.8288,-0.472172
665.3566,665.8288,-0.4721726
665.3566,665.8288,-0.4721864
665.3566,665.8288,-0.4722106
665.3566,665.8288,-0.4722173
665.3566,665.8288,-0.4722206
665.3566,665.8288,-0.4722218
665.3566,665.8288,-0.472229
665.3566,665.8288,-0.4722466
665.3566,665.8289,-0.4722586
665.3566,665.8289,-0.4722638
665.3566,665.8289,-0.4722764
665.3566,665.8289,-0.4722825
665.3566,665.8289,-0.4722959
665.3566,665.8289,-0.4722998
665.3566,665.8289,-0.4723009
665.3566,665.8289,-0.4723042
665.3566,665.8289,-0.4723077
665.3566,665.8289,-0.4723341
665.3566,665.829,-0.4723772
665.3566,665.829,-0.4723845
665.3566,665.829,-0.4723875
665.3566,665.829,-0.4723884
665.3566,665.829,-0.4723928
665.3566,665.829,-0.4723928
665.3566,665.829,-0.4723958
665.3566,665.829,-0.4724094
665.3566,665.829,-0.4724218
665.3566,665.829,-0.4724251
665.3566,665.829,-0.4724478
665.3566,665.8291,-0.4724569
665.3566,665.8291,-0.4724603
665.3566,665.8291,-0.4724619
665.3566,665.8291,-0.472486
665.3566,665.8291,-0.4724869
665.3566,665.8291,-0.4724896
665.3566,665.8291,-0.4724912
665.3566,665.8291,-0.4724914
665.3566,665.8291,-0.4725086
665.3566,665.8291,-0.4725283
665.3566,665.8291,-0.4725409
665.3566,665.8291,-0.4725429
665.3566,665.8291,-0.4725463
665.3566,665.8291,-0.4725473
665.3566,665.8292,-0.4725587
665.3566,665.8292,-0.4725773
665.3566,665.8292,-0.472589
665.3566,665.8292,-0.4725913
665.3566,665.8292,-0.472592
665.3566,665.8292,-0.4725952
665.3566,665.8292,-0.4725972
665.3566,665.8292,-0.4725976
665.3566,665.8292,-0.4726046
665.3566,665.8292,-0.4726165
665.3566,665.8292,-0.4726315
665.3566,665.8292,-0.472635
665.3566,665.8292,-0.4726409
665.3566,665.8292,-0.4726417
665.3566,665.8292,-0.4726432
665.3566,665.8292,-0.4726456
665.3566,665.8292,-0.4726497
665.3566,665.8293,-0.4726519
665.3566,665.8293,-0.4726613
665.3566,665.8293,-0.4726674
665.3566,665.8293,-0.4726714
665.3566,665.8293,-0.4726718
665.3566,665.8293,-0.4726837
665.3566,665.8293,-0.4726845
665.3566,665.8293,-0.4726886
665.3566,665.8293,-0.4726891
665.3566,665.8293,-0.4726893
665.3566,665.8293,-0.4726952
665.3566,665.8293,-0.4727047
665.3566,665.8293,-0.4727416
665.3566,665.8293,-0.4727491
665.3566,665.8294,-0.4727666
665.3566,665.8294,-0.4728059
665.3566,665.8294,-0.4728287
665.3566,665.8294,-0.472835
665.3566,665.8294,-0.4728355
665.3566,665.8295,-0.4728508
665.3566,665.8295,-0.4728512
665.3566,665.8295,-0.4728569
665.3566,665.8295,-0.4728634
665.3566,665.8295,-0.4728835
665.3566,665.8295,-0.4728885
665.3566,665.8295,-0.4728898
665.3566,665.8295,-0.4728928
665.3566,665.8295,-0.4728937
665.3566,665.8295,-0.4728944
665.3566,665.8295,-0.4729188
665.3566,665.8295,-0.4729324
665.3566,665.8295,-0.4729346
665.3566,665.8295,-0.4729402
665.3566,665.8295,-0.4729408
665.3566,665.8295,-0.4729429
665.3566,665.8296,-0.4729522
665.3566,665.8296,-0.4729615
665.3566,665.8296,-0.4729631
665.3566,665.8296,-0.472966
665.3566,665.8296,-0.4729731
665.3566,665.8296,-0.472985
665.3566,665.8296,-0.4729877
665.3566,665.8296,-0.4729908
665.3566,665.8296,-0.4729923
665.3566,665.8296,-0.4729946
665.3566,665.8296,-0.473002
665.3566,665.8296,-0.4730072
665.3566,665.8296,-0.4730284
665.3566,665.8296,-0.4730338
665.3566,665.8296,-0.473034
665.3566,665.8296,-0.4730355
665.3566,665.8296,-0.4730473
665.3566,665.8297,-0.4730544
665.3566,665.8297,-0.473058
665.3566,665.8297,-0.4730654
665.3566,665.8297,-0.4730913
665.3566,665.8297,-0.4731016
665.3566,665.8297,-0.4731104
665.3566,665.8297,-0.4731326
665.3566,665.8297,-0.4731357
665.3566,665.8297,-0.4731438
665.3566,665.8297,-0.4731439
665.3566,665.8298,-0.4731505
665.3566,665.8298,-0.473156
665.3566,665.8298,-0.4731587
665.3566,665.8298,-0.4731589
665.3566,665.8298,-0.4731615
665.3566,665.8298,-0.4731772
665.3566,665.8298,-0.4731923
665.3566,665.8298,-0.4732028
665.3566,665.8298,-0.4732071
665.3566,665.8298,-0.4732286
665.3566,665.8298,-0.4732311
665.3566,665.8298,-0.4732339
665.3566,665.8298,-0.4732343
665.3566,665.8298,-0.4732386
665.3566,665.8298,-0.4732476
665.3566,665.8299,-0.4732654
665.3566,665.8299,-0.4732759
665.3566,665.8299,-0.473291
665.3566,665.8299,-0.4733036
665.3566,665.8299,-0.473312
665.3566,665.8299,-0.4733146
665.3566,665.8299,-0.4733162
665.3566,665.8299,-0.4733164
665.3566,665.8299,-0.4733175
665.3566,665.8299,-0.4733179
665.3566,665.8299,-0.4733217
665.3566,665.8299,-0.473322
665.3566,665.8299,-0.4733279
665.3566,665.8299,-0.4733282
665.3566,665.8299,-0.473333
665.3566,665.8299,-0.4733342
665.3566,665.8299,-0.4733422
665.3566,665.8299,-0.4733436
665.3566,665.8299,-0.4733478
665.3566,665.8299,-0.4733495
665.3566,665.83,-0.4733556
665.3566,665.83,-0.4733574
665.3566,665.83,-0.47337
665.3566,665.83,-0.4733702
665.3566,665.83,-0.4733768
665.3566,665.83,-0.4733859
665.3566,665.83,-0.4733888
665.3566,665.83,-0.473398
665.3566,665.83,-0.4734032
665.3566,665.83,-0.4734193
665.3566,665.83,-0.473436
665.3566,665.83,-0.4734485
665.3566,665.8301,-0.4734515
665.3566,665.8301,-0.4734517
665.3566,665.8301,-0.4734556
665.3566,665.8301,-0.4734567
665.3566,665.8301,-0.4734596
665.3566,665.8301,-0.4734673
665.3566,665.8301,-0.4734741
665.3566,665.8301,-0.4734746
665.3566,665.8301,-0.4734783
665.3566,665.8301,-0.4734813
665.3566,665.8301,-0.4734828
665.3566,665.8301,-0.4734959
665.3566,665.8301,-0.4734992
665.3566,665.8301,-0.4734995
665.3566,665.8301,-0.473502
665.3566,665.8301,-0.4735021
665.3566,665.8301,-0.4735082
665.3566,665.8301,-0.4735086
665.3566,665.8301,-0.4735106
665.3566,665.8301,-0.4735129
665.3566,665.8301,-0.4735134
665.3566,665.8301,-0.4735353
665.3566,665.8301,-0.4735439
665.3566,665.8301,-0.4735493
665.3566,665.8302,-0.4735518
665.3566,665.8302,-0.4735526
665.3566,665.8302,-0.4735564
665.3566,665.8302,-0.4735574
665.3566,665.8302,-0.47356
665.3566,665.8302,-0.4735615
665.3566,665.8302,-0.4735619
665.3566,665.8302,-0.4735687
665.3566,665.8302,-0.4735918
665.3566,665.8302,-0.4735936
665.3566,665.8302,-0.4735952
665.3566,665.8302,-0.4736004
665.3566,665.8302,-0.4736043
665.3566,665.8302,-0.4736133
665.3566,665.8302,-0.4736149
665.3566,665.8302,-0.4736155
665.3566,665.8302,-0.473619
665.3566,665.8302,-0.4736232
665.3566,665.8302,-0.4736284
665.3566,665.8302,-0.4736287
665.3566,665.8302,-0.4736439
665.3566,665.8302,-0.4736453
665.3566,665.8303,-0.4736546
665.3566,665.8303,-0.4736625
665.3566,665.8303,-0.4736761
665.3566,665.8303,-0.4736811
665.3566,665.8303,-0.4736842
665.3566,665.8303,-0.4736886
665.3566,665.8303,-0.4736932
665.3566,665.8303,-0.473712
665.3566,665.8303,-0.4737127
665.3566,665.8303,-0.4737132
665.3566,665.8303,-0.4737181
665.3566,665.8303,-0.4737205
665.3566,665.8303,-0.4737266
665.3566,665.8303,-0.4737281
665.3566,665.8303,-0.4737447
665.3566,665.8303,-0.4737454
665.3566,665.8304,-0.4737511
665.3566,665.8304,-0.4737519
665.3566,665.8304,-0.4737528
665.3566,665.8304,-0.4737533
665.3566,665.8304,-0.47376
665.3566,665.8304,-0.4737628
665.3566,665.8304,-0.4737661
665.3566,665.8304,-0.473767
665.3566,665.8304,-0.4737678
665.3566,665.8304,-0.4737699
665.3566,665.8304,-0.4737721
665.3566,665.8304,-0.4737735
665.3566,665.8304,-0.4737793
665.3566,665.8304,-0.4737806
665.3566,665.8304,-0.4737806
665.3566,665.8304,-0.473782
665.3566,665.8304,-0.4737843
665.3566,665.8304,-0.4737945
665.3566,665.8304,-0.4737945
665.3566,665.8304,-0.4738011
665.3566,665.8304,-0.4738048
665.3566,665.8304,-0.4738068
665.3566,665.8304,-0.4738182
665.3566,665.8304,-0.4738209
665.3566,665.8304,-0.4738265
665.3566,665.8304,-0.4738267
665.3566,665.8304,-0.4738272
665.3566,665.8304,-0.4738296
665.3566,665.8304,-0.4738303
665.3566,665.8304,-0.4738325
665.3566,665.8304,-0.4738391
665.3566,665.8304,-0.4738429
665.3566,665.8304,-0.4738437
665.3566,665.8305,-0.4738533
665.3566,665.8305,-0.4738627
665.3566,665.8305,-0.473877
665.3566,665.8305,-0.4738809
665.3566,665.8305,-0.4738816
665.3566,665.8305,-0.4738869
665.3566,665.8305,-0.4738893
665.3566,665.8305,-0.4738982
665.3566,665.8305,-0.4738995
665.3566,665.8305,-0.4739017
665.3566,665.8305,-0.4739085
665.3566,665.8305,-0.473917
665.3566,665.8305,-0.4739253
665.3566,665.8305,-0.4739254
665.3566,665.8305,-0.4739304
665.3566,665.8305,-0.4739304
665.3566,665.8305,-0.4739328
665.3566,665.8305,-0.4739369
665.3566,665.8305,-0.4739385
665.3566,665.8305,-0.4739411
665.3566,665.8305,-0.4739421
665.3566,665.8305,-0.4739442
665.3566,665.8305,-0.4739446
665.3566,665.8305,-0.4739471
665.3566,665.8305,-0.4739495
665.3566,665.8305,-0.4739495
665.3566,665.8306,-0.4739554
665.3566,665.8306,-0.473966
665.3566,665.8306,-0.4739699
665.3566,665.8306,-0.4739767
665.3566,665.8306,-0.4739889
665.3566,665.8306,-0.4739898
665.3566,665.8306,-0.4739909
665.3566,665.8306,-0.4739912
665.3566,665.8306,-0.4739952
665.3566,665.8306,-0.4739958
665.3566,665.8306,-0.4739982
665.3566,665.8306,-0.4740044
665.3566,665.8306,-0.4740072
665.3566,665.8306,-0.4740129
665.3566,665.8306,-0.4740166
665.3566,665.8306,-0.4740192
665.3566,665.8306,-0.4740241
665.3566,665.8306,-0.4740243
665.3566,665.8306,-0.4740417
665.3566,665.8306,-0.4740428
665.3566,665.8306,-0.4740494
665.3566,665.8307,-0.4740529
665.3566,665.8307,-0.4740553
665.3566,665.8307,-0.474063
665.3566,665.8307,-0.4740699
665.3566,665.8307,-0.474077
665.3566,665.8307,-0.474083
665.3566,665.8307,-0.4740908
665.3566,665.8307,-0.4740977
665.3566,665.8307,-0.4740981
665.3566,665.8307,-0.4740996
665.3566,665.8307,-0.4741064
665.3566,665.8307,-0.4741072
665.3566,665.8307,-0.4741076
665.3566,665.8307,-0.4741121
665.3566,665.8307,-0.4741225
665.3566,665.8307,-0.4741241
665.3566,665.8307,-0.4741297
665.3566,665.8307,-0.4741312
665.3566,665.8307,-0.4741319
665.3566,665.8307,-0.4741411
665.3566,665.8307,-0.4741435
665.3566,665.8308,-0.4741575
665.3566,665.8308,-0.4741603
665.3566,665.8308,-0.4741684
665.3566,665.8308,-0.4741696
665.3566,665.8308,-0.4741699
665.3566,665.8308,-0.4741704
665.3566,665.8308,-0.4741718
665.3566,665.8308,-0.4741748
665.3566,665.8308,-0.474183
665.3566,665.8308,-0.4741837
665.3566,665.8308,-0.474184
665.3566,665.8308,-0.4741849
665.3566,665.8308,-0.4741867
665.3566,665.8308,-0.4741894
665.3566,665.8308,-0.4741905
665.3566,665.8308,-0.4741959
665.3566,665.8308,-0.4741992
665.3566,665.8308,-0.4742027
665.3566,665.8308,-0.4742114
665.3566,665.8308,-0.4742165
665.3566,665.8308,-0.4742205
665.3566,665.8308,-0.4742216
665.3566,665.8308,-0.474222
665.3566,665.8308,-0.4742246
665.3566,665.8308,-0.4742265
665.3566,665.8308,-0.4742301
665.3566,665.8308,-0.4742303
665.3566,665.8308,-0.4742317
665.3566,665.8308,-0.4742345
665.3566,665.8308,-0.474238
665.3566,665.8308,-0.4742431
665.3566,665.8308,-0.4742477
665.3566,665.8308,-0.4742482
665.3566,665.8309,-0.4742503
665.3566,665.8309,-0.4742645
665.3566,665.8309,-0.4742654
665.3566,665.8309,-0.4742714
665.3566,665.8309,-0.4742733
665.3566,665.8309,-0.4742741
665.3566,665.8309,-0.474276
665.3566,665.8309,-0.4742825
665.3566,665.8309,-0.4742834
665.3566,665.8309,-0.4742851
665.3566,665.8309,-0.4742916
665.3566,665.8309,-0.4743008
665.3566,665.8309,-0.4743032
665.3566,665.8309,-0.4743063
665.3566,665.8309,-0.4743067
665.3566,665.8309,-0.4743149
665.3566,665.8309,-0.4743168
665.3566,665.8309,-0.4743216
665.3566,665.8309,-0.4743375
665.3566,665.8309,-0.4743428
665.3566,665.8309,-0.4743428
665.3566,665.8309,-0.4743449
665.3566,665.8309,-0.4743464
665.3566,665.831,-0.4743567
665.3566,665.831,-0.4743583
665.3566,665.831,-0.4743592
665.3566,665.831,-0.4743606
665.3566,665.831,-0.4743644
665.3566,665.831,-0.4743715
665.3566,665.831,-0.4743737
665.3566,665.831,-0.4743779
665.3566,665.831,-0.4743863
665.3566,665.831,-0.4743868
665.3566,665.831,-0.4743888
665.3566,665.831,-0.4743922
665.3566,665.831,-0.4743959
665.3566,665.831,-0.4743961
665.3566,665.831,-0.4743983
665.3566,665.831,-0.4744063
665.3566,665.831,-0.4744086
665.3566,665.831,-0.4744093
665.3566,665.831,-0.4744098
665.3566,665.831,-0.4744149
665.3566,665.831,-0.4744185
665.3566,665.831,-0.4744217
665.3566,665.831,-0.4744248
665.3566,665.831,-0.4744375
665.3566,665.831,-0.4744386
665.3566,665.831,-0.4744466
665.3566,665.831,-0.4744476
665.3566,665.831,-0.474448
665.3566,665.831,-0.4744485
665.3566,665.831,-0.4744493
665.3566,665.8311,-0.4744524
665.3566,665.8311,-0.4744557
665.3566,665.8311,-0.4744596
665.3566,665.8311,-0.4744622
665.3566,665.8311,-0.4744629
665.3566,665.8311,-0.4744673
665.3566,665.8311,-0.4744956
665.3566,665.8311,-0.4744987
665.3566,665.8311,-0.4744992
665.3566,665.8311,-0.4745001
665.3566,665.8311,-0.4745002
665.3566,665.8311,-0.4745063
665.3566,665.8311,-0.4745085
665.3566,665.8311,-0.4745124
665.3566,665.8311,-0.4745128
665.3566,665.8311,-0.4745184
665.3566,665.8311,-0.4745291
665.3566,665.8311,-0.4745316
665.3566,665.8311,-0.474537
665.3566,665.8311,-0.4745411
665.3566,665.8311,-0.4745448
665.3566,665.8312,-0.47455
665.3566,665.8312,-0.4745528
665.3566,665.8312,-0.4745531
665.3566,665.8312,-0.4745537
665.3566,665.8312,-0.4745577
665.3566,665.8312,-0.4745726
665.3566,665.8312,-0.474576
665.3566,665.8312,-0.4745763
665.3566,665.8312,-0.4745844
665.3566,665.8312,-0.4745884
665.3566,665.8312,-0.4745898
665.3566,665.8312,-0.4745937
665.3566,665.8312,-0.4745941
665.3566,665.8312,-0.4745943
665.3566,665.8312,-0.474595
665.3566,665.8312,-0.474599
665.3566,665.8312,-0.4745998
665.3566,665.8312,-0.4745998
665.3566,665.8312,-0.4746063
665.3566,665.8312,-0.4746087
665.3566,665.8312,-0.4746188
665.3566,665.8312,-0.4746313
665.3566,665.8312,-0.4746314
665.3566,665.8312,-0.4746365
665.3566,665.8312,-0.4746376
665.3566,665.8312,-0.4746382
665.3566,665.8312,-0.4746454
665.3566,665.8312,-0.4746477
665.3566,665.8313,-0.4746551
665.3566,665.8313,-0.474659
665.3566,665.8313,-0.4746607
665.3566,665.8313,-0.4746624
665.3566,665.8313,-0.4746625
665.3566,665.8313,-0.4746662
665.3566,665.8313,-0.4746681
665.3566,665.8313,-0.4746722
665.3566,665.8313,-0.4746764
665.3566,665.8313,-0.4746788
665.3566,665.8313,-0.4746879
665.3566,665.8313,-0.4746949
665.3566,665.8313,-0.4746993
665.3566,665.8313,-0.4747024
665.3566,665.8313,-0.4747193
665.3566,665.8313,-0.4747205
665.3566,665.8313,-0.4747212
665.3566,665.8313,-0.4747235
665.3566,665.8313,-0.4747264
665.3566,665.8313,-0.4747282
665.3566,665.8313,-0.4747328
665.3566,665.8313,-0.4747335
665.3566,665.8313,-0.4747339
665.3566,665.8313,-0.4747345
665.3566,665.8313,-0.4747375
665.3566,665.8313,-0.4747478
665.3566,665.8314,-0.4747508
665.3566,665.8314,-0.4747509
665.3566,665.8314,-0.474752
665.3566,665.8314,-0.4747534
665.3566,665.8314,-0.474754
665.3566,665.8314,-0.4747542
665.3566,665.8314,-0.4747545
665.3566,665.8314,-0.4747584
665.3566,665.8314,-0.4747593
665.3566,665.8314,-0.4747602
665.3566,665.8314,-0.474763
665.3566,665.8314,-0.4747632
665.3566,665.8314,-0.4747649
665.3566,665.8314,-0.4747671
665.3566,665.8314,-0.4747731
665.3566,665.8314,-0.474776
665.3566,665.8314,-0.474778
665.3566,665.8314,-0.4747786
665.3566,665.8314,-0.4747858
665.3566,665.8314,-0.4747899
665.3566,665.8314,-0.4747917
665.3566,665.8314,-0.4747972
665.3566,665.8314,-0.4748012
665.3566,665.8314,-0.4748039
665.3566,665.8314,-0.4748054
665.3566,665.8314,-0.4748078
665.3566,665.8314,-0.4748217
665.3566,665.8314,-0.4748267
665.3566,665.8314,-0.4748296
665.3566,665.8314,-0.4748324
665.3566,665.8314,-0.4748421
665.3566,665.8315,-0.4748522
665.3566,665.8315,-0.4748543
665.3566,665.8315,-0.4748568
665.3566,665.8315,-0.4748569
665.3566,665.8315,-0.4748571
665.3566,665.8315,-0.4748578
665.3566,665.8315,-0.4748625
665.3566,665.8315,-0.4748685
665.3566,665.8315,-0.4748703
665.3566,665.8315,-0.4748729
665.3566,665.8315,-0.4748786
665.3566,665.8315,-0.4748799
665.3566,665.8315,-0.4748799
665.3566,665.8315,-0.4748832
665.3566,665.8315,-0.474886
665.3566,665.8315,-0.4748868
665.3566,665.8315,-0.474888
665.3566,665.8315,-0.4748881
665.3566,665.8315,-0.4748986
665.3566,665.8315,-0.4749036
665.3566,665.8315,-0.4749076
665.3566,665.8315,-0.4749086
665.3566,665.8315,-0.4749091
665.3566,665.8315,-0.474911
665.3566,665.8315,-0.4749183
665.3566,665.8315,-0.4749204
665.3566,665.8315,-0.4749209
665.3566,665.8315,-0.4749229
665.3566,665.8315,-0.4749234
665.3566,665.8315,-0.4749302
665.3566,665.8315,-0.4749335
665.3566,665.8315,-0.4749343
665.3566,665.8315,-0.4749385
665.3566,665.8315,-0.4749401
665.3566,665.8315,-0.474943
665.3566,665.8315,-0.4749446
665.3566,665.8315,-0.4749449
665.3566,665.8315,-0.4749472
665.3566,665.8315,-0.4749483
665.3566,665.8315,-0.4749488
665.3566,665.8315,-0.4749491
665.3566,665.8316,-0.4749508
665.3566,665.8316,-0.4749514
665.3566,665.8316,-0.4749538
665.3566,665.8316,-0.4749539
665.3566,665.8316,-0.4749588
665.3566,665.8316,-0.4749614
665.3566,665.8316,-0.474965
665.3566,665.8316,-0.4749671
665.3566,665.8316,-0.4749695
665.3566,665.8316,-0.4749697
665.3566,665.8316,-0.4749697
665.3566,665.8316,-0.4749712
665.3566,665.8316,-0.4749747
665.3566,665.8316,-0.47498
665.3566,665.8316,-0.4749841
665.3566,665.8316,-0.4749868
665.3566,665.8316,-0.4749878
665.3566,665.8316,-0.4749885
665.3566,665.8316,-0.4749891
665.3566,665.8316,-0.4749894
665.3566,665.8316,-0.4749949
665.3566,665.8316,-0.4749958
665.3566,665.8316,-0.4749966
665.3566,665.8316,-0.474997
665.3566,665.8316,-0.4749998
665.3566,665.8316,-0.4750013
665.3566,665.8316,-0.4750051
665.3566,665.8316,-0.4750125
665.3566,665.8316,-0.4750125
665.3566,665.8316,-0.4750135
665.3566,665.8316,-0.4750213
665.3566,665.8316,-0.4750222
665.3566,665.8316,-0.4750261
665.3566,665.8316,-0.4750301
665.3566,665.8316,-0.4750326
665.3566,665.8316,-0.475039
665.3566,665.8316,-0.4750399
665.3566,665.8316,-0.4750455
665.3566,665.8316,-0.4750465
665.3566,665.8316,-0.4750481
665.3566,665.8317,-0.4750525
665.3566,665.8317,-0.4750579
665.3566,665.8317,-0.4750601
665.3566,665.8317,-0.4750625
665.3566,665.8317,-0.4750631
665.3566,665.8317,-0.4750645
665.3566,665.8317,-0.4750709
665.3566,665.8317,-0.4750714
665.3566,665.8317,-0.4750752
665.3566,665.8317,-0.475079
665.3566,665.8317,-0.4750795
665.3566,665.8317,-0.4750806
665.3566,665.8317,-0.4750818
665.3566,665.8317,-0.4750877
665.3566,665.8317,-0.4750881
665.3566,665.8317,-0.4750896
665.3566,665.8317,-0.4750899
665.3566,665.8317,-0.4750914
665.3566,665.8317,-0.4751005
665.3566,665.8317,-0.4751014
665.3566,665.8317,-0.4751022
665.3566,665.8317,-0.4751055
665.3566,665.8317,-0.4751094
665.3566,665.8317,-0.4751101
665.3566,665.8317,-0.4751111
665.3566,665.8317,-0.475112
665.3566,665.8317,-0.4751127
665.3566,665.8317,-0.4751249
665.3566,665.8317,-0.4751353
665.3566,665.8317,-0.4751372
665.3566,665.8317,-0.4751414
665.3566,665.8317,-0.4751447
665.3566,665.8317,-0.4751481
665.3566,665.8318,-0.4751505
665.3566,665.8318,-0.4751522
665.3566,665.8318,-0.4751542
665.3566,665.8318,-0.4751602
665.3566,665.8318,-0.4751761
665.3566,665.8318,-0.4751829
665.3566,665.8318,-0.4751843
665.3566,665.8318,-0.4751847
665.3566,665.8318,-0.4751856
665.3566,665.8318,-0.4751862
665.3566,665.8318,-0.4751866
665.3566,665.8318,-0.4751869
665.3566,665.8318,-0.4751871
665.3566,665.8318,-0.4752039
665.3566,665.8318,-0.4752047
665.3566,665.8318,-0.4752115
665.3566,665.8318,-0.4752176
665.3566,665.8318,-0.4752186
665.3566,665.8318,-0.4752225
665.3566,665.8318,-0.4752275
665.3566,665.8318,-0.4752335
665.3566,665.8318,-0.4752401
665.3566,665.8318,-0.4752403
665.3566,665.8318,-0.4752421
665.3566,665.8318,-0.4752431
665.3566,665.8318,-0.4752438
665.3566,665.8318,-0.4752456
665.3566,665.8318,-0.475249
665.3566,665.8319,-0.475252
665.3566,665.8319,-0.4752543
665.3566,665.8319,-0.4752572
665.3566,665.8319,-0.4752621
665.3566,665.8319,-0.4752631
665.3566,665.8319,-0.4752661
665.3566,665.8319,-0.4752692
665.3566,665.8319,-0.4752721
665.3566,665.8319,-0.4752742
665.3566,665.8319,-0.4752747
665.3566,665.8319,-0.475283
665.3566,665.8319,-0.4752849
665.3566,665.8319,-0.4752855
665.3566,665.8319,-0.4752866
665.3566,665.8319,-0.4752878
665.3566,665.8319,-0.4752897
665.3566,665.8319,-0.4752924
665.3566,665.8319,-0.4752942
665.3566,665.8319,-0.4753059
665.3566,665.8319,-0.4753074
665.3566,665.8319,-0.4753123
665.3566,665.8319,-0.4753154
665.3566,665.8319,-0.4753161
665.3566,665.8319,-0.4753185
665.3566,665.8319,-0.4753204
665.3566,665.8319,-0.4753232
665.3566,665.8319,-0.4753289
665.3566,665.8319,-0.47533
665.3566,665.8319,-0.4753305
665.3566,665.8319,-0.4753344
665.3566,665.8319,-0.4753381
665.3566,665.8319,-0.4753416
665.3566,665.8319,-0.475342
665.3566,665.8319,-0.4753469
665.3566,665.8319,-0.4753494
665.3566,665.832,-0.4753528
665.3566,665.832,-0.4753553
665.3566,665.832,-0.4753599
665.3566,665.832,-0.4753627
665.3566,665.832,-0.4753653
665.3566,665.832,-0.4753657
665.3566,665.832,-0.4753695
665.3566,665.832,-0.4753709
665.3566,665.832,-0.4753766
665.3566,665.832,-0.4753808
665.3566,665.832,-0.4753823
665.3566,665.832,-0.4753841
665.3566,665.832,-0.4753846
665.3566,665.832,-0.4753854
665.3566,665.832,-0.4753857
665.3566,665.832,-0.4753898
665.3566,665.832,-0.4753939
665.3566,665.832,-0.475395
665.3566,665.832,-0.4753952
665.3566,665.832,-0.4754001
665.3566,665.832,-0.4754021
665.3566,665.832,-0.4754021
665.3566,665.832,-0.4754045
665.3566,665.832,-0.4754088
665.3566,665.832,-0.4754109
665.3566,665.832,-0.4754111
665.3566,665.832,-0.4754114
665.3566,665.832,-0.4754128
665.3566,665.832,-0.4754166
665.3566,665.832,-0.4754197
665.3566,665.832,-0.4754218
665.3566,665.832,-0.4754226
665.3566,665.832,-0.4754231
665.3566,665.832,-0.4754245
665.3566,665.832,-0.4754315
665.3566,665.832,-0.4754329
665.3566,665.832,-0.475433
665.3566,665.832,-0.4754383
665.3566,665.832,-0.4754398
665.3566,665.832,-0.4754411
665.3566,665.832,-0.4754414
665.3566,665.832,-0.4754457
665.3566,665.832,-0.4754465
665.3566,665.832,-0.4754476
665.3566,665.832,-0.4754493
665.3566,665.8321,-0.4754516
665.3566,665.8321,-0.4754523
665.3566,665.8321,-0.475454
665.3566,665.8321,-0.4754561
665.3566,665.8321,-0.4754604
665.3566,665.8321,-0.4754615
665.3566,665.8321,-0.4754623
665.3566,665.8321,-0.4754629
665.3566,665.8321,-0.4754646
665.3566,665.8321,-0.4754656
665.3566,665.8321,-0.4754676
665.3566,665.8321,-0.4754685
665.3566,665.8321,-0.4754688
665.3566,665.8321,-0.4754734
665.3566,665.8321,-0.4754874
665.3566,665.8321,-0.4754946
665.3566,665.8321,-0.4754968
665.3566,665.8321,-0.4754977
665.3566,665.8321,-0.4754985
665.3566,665.8321,-0.475503
665.3566,665.8321,-0.4755054
665.3566,665.8321,-0.4755055
665.3566,665.8321,-0.4755105
665.3566,665.8321,-0.4755151
665.3566,665.8321,-0.4755163
665.3566,665.8321,-0.475519
665.3566,665.8321,-0.4755217
665.3566,665.8321,-0.4755238
665.3566,665.8321,-0.4755255
665.3566,665.8321,-0.4755316
665.3566,665.8321,-0.4755329
665.3566,665.8321,-0.4755373
665.3566,665.8321,-0.4755395
665.3566,665.8321,-0.4755431
665.3566,665.8321,-0.4755435
665.3566,665.8321,-0.4755442
665.3566,665.8321,-0.4755447
665.3566,665.8321,-0.4755447
665.3566,665.8321,-0.4755454
665.3566,665.8322,-0.4755528
665.3566,665.8322,-0.4755536
665.3566,665.8322,-0.4755566
665.3566,665.8322,-0.4755573
665.3566,665.8322,-0.4755609
665.3566,665.8322,-0.475562
665.3566,665.8322,-0.4755677
665.3566,665.8322,-0.4755702
665.3566,665.8322,-0.4755716
665.3566,665.8322,-0.4755737
665.3566,665.8322,-0.4755737
665.3566,665.8322,-0.4755739
665.3566,665.8322,-0.475588
665.3566,665.8322,-0.4755895
665.3566,665.8322,-0.4755927
665.3566,665.8322,-0.4755934
665.3566,665.8322,-0.4755939
665.3566,665.8322,-0.475594
665.3566,665.8322,-0.4755987
665.3566,665.8322,-0.4756003
665.3566,665.8322,-0.4756056
665.3566,665.8322,-0.475606
665.3566,665.8322,-0.4756094
665.3566,665.8322,-0.4756104
665.3566,665.8322,-0.4756108
665.3566,665.8322,-0.4756122
665.3566,665.8322,-0.4756128
665.3566,665.8322,-0.4756129
665.3566,665.8322,-0.4756157
665.3566,665.8322,-0.4756168
665.3566,665.8322,-0.4756184
665.3566,665.8322,-0.4756225
665.3566,665.8322,-0.4756335
665.3566,665.8322,-0.4756362
665.3566,665.8322,-0.4756438
665.3566,665.8323,-0.4756514
665.3566,665.8323,-0.4756545
665.3566,665.8323,-0.475656
665.3566,665.8323,-0.47566
665.3566,665.8323,-0.475665
665.3566,665.8323,-0.4756655
665.3566,665.8323,-0.4756667
665.3566,665.8323,-0.4756686
665.3566,665.8323,-0.4756693
665.3566,665.8323,-0.4756719
665.3566,665.8323,-0.4756732
665.3566,665.8323,-0.4756749
665.3566,665.8323,-0.4756772
665.3566,665.8323,-0.4756802
665.3566,665.8323,-0.4756802
665.3566,665.8323,-0.4756804
665.3566,665.8323,-0.4756819
665.3566,665.8323,-0.4756863
665.3566,665.8323,-0.4756885
665.3566,665.8323,-0.475694
665.3566,665.8323,-0.4757014
665.3566,665.8323,-0.475703
665.3566,665.8323,-0.4757103
665.3566,665.8323,-0.4757146
665.3566,665.8323,-0.475715
665.3566,665.8323,-0.475716
665.3566,665.8323,-0.4757178
665.3566,665.8323,-0.4757234
665.3566,665.8323,-0.4757272
665.3566,665.8323,-0.4757337
665.3566,665.8323,-0.4757402
665.3566,665.8323,-0.4757426
665.3566,665.8323,-0.4757468
665.3566,665.8323,-0.4757471
665.3566,665.8323,-0.4757486
665.3566,665.8323,-0.4757495
665.3566,665.8324,-0.4757518
665.3566,665.8324,-0.4757534
665.3566,665.8324,-0.475766
665.3566,665.8324,-0.4757662
665.3566,665.8324,-0.4757688
665.3566,665.8324,-0.4757826
665.3566,665.8324,-0.4757848
665.3566,665.8324,-0.4757873
665.3566,665.8324,-0.4757893
665.3566,665.8324,-0.4757897
665.3566,665.8324,-0.4757929
665.3566,665.8324,-0.4757937
665.3566,665.8324,-0.4757942
665.3566,665.8324,-0.4757953
665.3566,665.8324,-0.4757987
665.3566,665.8324,-0.4758007
665.3566,665.8324,-0.4758028
665.3566,665.8324,-0.4758101
665.3566,665.8324,-0.4758136
665.3566,665.8324,-0.4758191
665.3566,665.8324,-0.47582
665.3566,665.8324,-0.4758222
665.3566,665.8324,-0.4758276
665.3566,665.8324,-0.4758296
665.3566,665.8324,-0.475835
665.3566,665.8324,-0.4758418
665.3566,665.8324,-0.4758429
665.3566,665.8324,-0.4758454
665.3566,665.8324,-0.4758461
665.3566,665.8324,-0.4758478
665.3566,665.8324,-0.4758499
665.3566,665.8325,-0.475851
665.3566,665.8325,-0.4758531
665.3566,665.8325,-0.4758554
665.3566,665.8325,-0.4758655
665.3566,665.8325,-0.4758668
665.3566,665.8325,-0.475874
665.3566,665.8325,-0.4758783
665.3566,665.8325,-0.4758824
665.3566,665.8325,-0.4758857
665.3566,665.8325,-0.4758858
665.3566,665.8325,-0.4758858
665.3566,665.8325,-0.4758871
665.3566,665.8325,-0.4758879
665.3566,665.8325,-0.4758902
665.3566,665.8325,-0.4758949
665.3566,665.8325,-0.475903
665.3566,665.8325,-0.4759032
665.3566,665.8325,-0.475904
665.3566,665.8325,-0.4759054
665.3566,665.8325,-0.4759064
665.3566,665.8325,-0.4759065
665.3566,665.8325,-0.4759157
665.3566,665.8325,-0.4759191
665.3566,665.8325,-0.4759277
665.3566,665.8325,-0.4759295
665.3566,665.8325,-0.4759311
665.3566,665.8325,-0.4759324
665.3566,665.8325,-0.4759331
665.3566,665.8325,-0.4759365
665.3566,665.8325,-0.4759422
665.3566,665.8325,-0.4759425
665.3566,665.8325,-0.4759473
665.3566,665.8325,-0.4759489
665.3566,665.8325,-0.47595
665.3566,665.8326,-0.4759505
665.3566,665.8326,-0.4759557
665.3566,665.8326,-0.4759579
665.3566,665.8326,-0.4759596
665.3566,665.8326,-0.4759664
665.3566,665.8326,-0.4759665
665.3566,665.8326,-0.4759692
665.3566,665.8326,-0.4759721
665.3566,665.8326,-0.4759739
665.3566,665.8326,-0.475976
665.3566,665.8326,-0.475977
665.3566,665.8326,-0.4759844
665.3566,665.8326,-0.4759896
665.3566,665.8326,-0.4759896
665.3566,665.8326,-0.4759925
665.3566,665.8326,-0.4759926
665.3566,665.8326,-0.4759961
665.3566,665.8326,-0.4760009
665.3566,665.8326,-0.4760014
665.3566,665.8326,-0.4760039
665.3566,665.8326,-0.4760079
665.3566,665.8326,-0.4760081
665.3566,665.8326,-0.4760093
665.3566,665.8326,-0.4760117
665.3566,665.8326,-0.4760137
665.3566,665.8326,-0.4760151
665.3566,665.8326,-0.4760163
665.3566,665.8326,-0.4760176
665.3566,665.8326,-0.4760183
665.3566,665.8326,-0.4760196
665.3566,665.8326,-0.4760203
665.3566,665.8326,-0.4760226
665.3566,665.8326,-0.4760246
665.3566,665.8326,-0.4760255
665.3566,665.8326,-0.4760285
665.3566,665.8326,-0.476029
665.3566,665.8326,-0.4760294
665.3566,665.8326,-0.4760305
665.3566,665.8326,-0.4760314
665.3566,665.8326,-0.4760317
665.3566,665.8326,-0.4760323
665.3566,665.8326,-0.4760337
665.3566,665.8326,-0.4760374
665.3566,665.8326,-0.476041
665.3566,665.8326,-0.4760427
665.3566,665.8326,-0.4760434
665.3566,665.8326,-0.4760457
665.3566,665.8326,-0.4760478
665.3566,665.8327,-0.4760519
665.3566,665.8327,-0.4760536
665.3566,665.8327,-0.4760581
665.3566,665.8327,-0.4760609
665.3566,665.8327,-0.4760649
665.3566,665.8327,-0.4760649
665.3566,665.8327,-0.4760669
665.3566,665.8327,-0.4760686
665.3566,665.8327,-0.4760739
665.3566,665.8327,-0.4760762
665.3566,665.8327,-0.4760823
665.3566,665.8327,-0.4760837
665.3566,665.8327,-0.4760918
665.3566,665.8327,-0.4760931
665.3566,665.8327,-0.4761029
665.3566,665.8327,-0.4761043
665.3566,665.8327,-0.4761051
665.3566,665.8327,-0.4761071
665.3566,665.8327,-0.4761076
665.3566,665.8327,-0.4761076
665.3566,665.8327,-0.4761119
665.3566,665.8327,-0.4761226
665.3566,665.8327,-0.4761241
665.3566,665.8327,-0.4761255
665.3566,665.8327,-0.4761292
665.3566,665.8327,-0.4761301
665.3566,665.8327,-0.4761367
665.3566,665.8327,-0.4761403
665.3566,665.8327,-0.4761466
665.3566,665.8327,-0.4761468
665.3566,665.8327,-0.4761478
665.3566,665.8327,-0.4761487
665.3566,665.8328,-0.4761501
665.3566,665.8328,-0.4761523
665.3566,665.8328,-0.4761584
665.3566,665.8328,-0.4761585
665.3566,665.8328,-0.4761633
665.3566,665.8328,-0.4761649
665.3566,665.8328,-0.4761682
665.3566,665.8328,-0.476169
665.3566,665.8328,-0.476171
665.3566,665.8328,-0.4761712
665.3566,665.8328,-0.4761729
665.3566,665.8328,-0.4761743
665.3566,665.8328,-0.4761757
665.3566,665.8328,-0.4761807
665.3566,665.8328,-0.4761894
665.3566,665.8328,-0.4761931
665.3566,665.8328,-0.4761951
665.3566,665.8328,-0.4761977
665.3566,665.8328,-0.4761984
665.3566,665.8328,-0.4761988
665.3566,665.8328,-0.4762039
665.3566,665.8328,-0.4762042
665.3566,665.8328,-0.4762104
665.3566,665.8328,-0.4762134
665.3566,665.8328,-0.4762178
665.3566,665.8328,-0.4762207
665.3566,665.8328,-0.476221
665.3566,665.8328,-0.476226
665.3566,665.8328,-0.4762268
665.3566,665.8328,-0.4762285
665.3566,665.8328,-0.4762318
665.3566,665.8328,-0.4762335
665.3566,665.8328,-0.4762384
665.3566,665.8328,-0.4762393
665.3566,665.8328,-0.4762407
665.3566,665.8328,-0.4762443
665.3566,665.8328,-0.4762447
665.3566,665.8328,-0.4762499
665.3566,665.8329,-0.476253
665.3566,665.8329,-0.4762557
665.3566,665.8329,-0.4762601
665.3566,665.8329,-0.4762611
665.3566,665.8329,-0.4762611
665.3566,665.8329,-0.4762643
665.3566,665.8329,-0.4762652
665.3566,665.8329,-0.4762679
665.3566,665.8329,-0.4762688
665.3566,665.8329,-0.4762703
665.3566,665.8329,-0.476271
665.3566,665.8329,-0.4762716
665.3566,665.8329,-0.4762816
665.3566,665.8329,-0.4762886
665.3566,665.8329,-0.4762931
665.3566,665.8329,-0.4762957
665.3566,665.8329,-0.4762993
665.3566,665.8329,-0.4763
665.3566,665.8329,-0.4763063
665.3566,665.8329,-0.4763108
665.3566,665.8329,-0.4763221
665.3566,665.8329,-0.4763244
665.3566,665.8329,-0.4763299
665.3566,665.8329,-0.4763329
665.3566,665.8329,-0.4763346
665.3566,665.8329,-0.4763358
665.3566,665.833,-0.476362
665.3566,665.833,-0.4763655
665.3566,665.833,-0.4763677
665.3566,665.833,-0.4763684
665.3566,665.833,-0.4763689
665.3566,665.833,-0.4763789
665.3566,665.833,-0.4763792
665.3566,665.833,-0.4763804
665.3566,665.833,-0.4763846
665.3566,665.833,-0.4763873
665.3566,665.833,-0.4764002
665.3566,665.833,-0.4764003
665.3566,665.833,-0.476406
665.3566,665.833,-0.4764069
665.3566,665.833,-0.4764167
665.3566,665.833,-0.4764169
665.3566,665.833,-0.4764173
665.3566,665.833,-0.476419
665.3566,665.833,-0.4764223
665.3566,665.833,-0.4764256
665.3566,665.833,-0.476429
665.3566,665.833,-0.4764297
665.3566,665.833,-0.4764298
665.3566,665.833,-0.4764403
665.3566,665.833,-0.4764413
665.3566,665.833,-0.4764417
665.3566,665.833,-0.4764422
665.3566,665.833,-0.4764432
665.3566,665.833,-0.4764482
665.3566,665.8331,-0.4764555
665.3566,665.8331,-0.4764655
665.3566,665.8331,-0.4764664
665.3566,665.8331,-0.4764671
665.3566,665.8331,-0.4764711
665.3566,665.8331,-0.4764792
665.3566,665.8331,-0.476481
665.3566,665.8331,-0.4764846
665.3566,665.8331,-0.4764926
665.3566,665.8331,-0.476507
665.3566,665.8331,-0.476511
665.3566,665.8331,-0.4765128
665.3566,665.8331,-0.476522
665.3566,665.8331,-0.4765271
665.3566,665.8331,-0.4765343
665.3566,665.8331,-0.4765422
665.3566,665.8331,-0.4765469
665.3566,665.8332,-0.4765515
665.3566,665.8332,-0.4765529
665.3566,665.8332,-0.4765562
665.3566,665.8332,-0.4765575
665.3566,665.8332,-0.4765591
665.3566,665.8332,-0.4765628
665.3566,665.8332,-0.4765646
665.3566,665.8332,-0.4765686
665.3566,665.8332,-0.4765694
665.3566,665.8332,-0.4765769
665.3566,665.8332,-0.4765772
665.3566,665.8332,-0.4765798
665.3566,665.8332,-0.4765814
665.3566,665.8332,-0.4765855
665.3566,665.8332,-0.4765905
665.3566,665.8332,-0.476597
665.3566,665.8332,-0.4766009
665.3566,665.8332,-0.4766055
665.3566,665.8332,-0.4766162
665.3566,665.8332,-0.4766173
665.3566,665.8332,-0.4766178
665.3566,665.8332,-0.4766179
665.3566,665.8332,-0.476618
665.3566,665.8332,-0.4766193
665.3566,665.8332,-0.4766203
665.3566,665.8332,-0.4766225
665.3566,665.8332,-0.4766321
665.3566,665.8332,-0.4766392
665.3566,665.8332,-0.4766429
665.3566,665.8332,-0.4766437
665.3566,665.8332,-0.4766462
665.3566,665.8332,-0.4766492
665.3566,665.8333,-0.4766543
665.3566,665.8333,-0.4766608
665.3566,665.8333,-0.4766616
665.3566,665.8333,-0.4766657
665.3566,665.8333,-0.4766699
665.3566,665.8333,-0.4766721
665.3566,665.8333,-0.4766747
665.3566,665.8333,-0.4766828
665.3566,665.8333,-0.4766874
665.3566,665.8333,-0.4767083
665.3566,665.8333,-0.476713
665.3566,665.8333,-0.4767163
665.3566,665.8333,-0.4767243
665.3566,665.8333,-0.4767299
665.3566,665.8333,-0.4767304
665.3566,665.8333,-0.4767404
665.3566,665.8333,-0.4767419
665.3566,665.8333,-0.476743
665.3566,665.8333,-0.4767437
665.3566,665.8333,-0.4767438
665.3566,665.8333,-0.4767488
665.3566,665.8334,-0.4767505
665.3566,665.8334,-0.4767651
665.3566,665.8334,-0.4767701
665.3566,665.8334,-0.4767757
665.3566,665.8334,-0.4767771
665.3566,665.8334,-0.4767837
665.3566,665.8334,-0.4767839
665.3566,665.8334,-0.4767854
665.3566,665.8334,-0.4767996
665.3566,665.8334,-0.476804
665.3566,665.8334,-0.4768068
665.3566,665.8334,-0.4768086
665.3566,665.8334,-0.4768152
665.3566,665.8334,-0.4768242
665.3566,665.8334,-0.4768245
665.3566,665.8334,-0.4768274
665.3566,665.8334,-0.4768287
665.3566,665.8334,-0.4768317
665.3566,665.8334,-0.4768347
665.3566,665.8334,-0.4768348
665.3566,665.8334,-0.4768378
665.3566,665.8335,-0.4768515
665.3566,665.8335,-0.4768562
665.3566,665.8335,-0.4768581
665.3566,665.8335,-0.4768703
665.3566,665.8335,-0.4768713
665.3566,665.8335,-0.4768736
665.3566,665.8335,-0.4768777
665.3566,665.8335,-0.4768844
665.3566,665.8335,-0.4768903
665.3566,665.8335,-0.4768908
665.3566,665.8335,-0.4768918
665.3566,665.8335,-0.4768957
665.3566,665.8335,-0.4768973
665.3566,665.8335,-0.4769033
665.3566,665.8335,-0.4769118
665.3566,665.8335,-0.476926
665.3566,665.8335,-0.4769279
665.3566,665.8335,-0.4769345
665.3566,665.8335,-0.4769348
665.3566,665.8335,-0.4769371
665.3566,665.8336,-0.4769518
665.3566,665.8336,-0.4769627
665.3566,665.8336,-0.4769647
665.3566,665.8336,-0.4769654
665.3566,665.8336,-0.4769799
665.3566,665.8336,-0.4769892
665.3566,665.8336,-0.4769914
665.3566,665.8336,-0.4769936
665.3566,665.8336,-0.4769994
665.3566,665.8336,-0.4770012
665.3566,665.8336,-0.4770023
665.3566,665.8336,-0.4770024
665.3566,665.8336,-0.4770039
665.3566,665.8336,-0.477006
665.3566,665.8336,-0.4770099
665.3566,665.8336,-0.4770126
665.3566,665.8336,-0.4770182
665.3566,665.8336,-0.477032
665.3566,665.8336,-0.4770336
665.3566,665.8336,-0.4770351
665.3566,665.8336,-0.4770376
665.3566,665.8336,-0.4770391
665.3566,665.8336,-0.4770433
665.3566,665.8337,-0.4770742
665.3566,665.8337,-0.4770843
665.3566,665.8337,-0.4770869
665.3566,665.8337,-0.477095
665.3566,665.8337,-0.477096
665.3566,665.8337,-0.4770968
665.3566,665.8337,-0.4771096
665.3566,665.8337,-0.4771168
665.3566,665.8337,-0.4771197
665.3566,665.8337,-0.4771204
665.3566,665.8337,-0.4771209
665.3566,665.8337,-0.4771255
665.3566,665.8337,-0.4771298
665.3566,665.8337,-0.4771412
665.3566,665.8337,-0.477142
665.3566,665.8338,-0.477152
665.3566,665.8338,-0.4771522
665.3566,665.8338,-0.4771599
665.3566,665.8338,-0.4771629
665.3566,665.8338,-0.4771699
665.3566,665.8338,-0.4771718
665.3566,665.8338,-0.4771774
665.3566,665.8338,-0.4771814
665.3566,665.8338,-0.4771864
665.3566,665.8338,-0.4772438
665.3566,665.8338,-0.4772441
665.3566,665.8338,-0.4772458
665.3566,665.8339,-0.4772615
665.3566,665.8339,-0.4772635
665.3566,665.8339,-0.4772734
665.3566,665.8339,-0.4772755
665.3566,665.8339,-0.4772781
665.3566,665.8339,-0.4772813
665.3566,665.8339,-0.4772832
665.3566,665.8339,-0.477288
665.3566,665.8339,-0.4773082
665.3566,665.8339,-0.4773102
665.3566,665.8339,-0.4773322
665.3566,665.8339,-0.4773402
665.3566,665.8339,-0.477348
665.3566,665.834,-0.4773569
665.3566,665.834,-0.4773657
665.3566,665.834,-0.4773699
665.3566,665.834,-0.4773727
665.3566,665.834,-0.4773747
665.3566,665.834,-0.4773812
665.3566,665.834,-0.4773862
665.3566,665.834,-0.4774048
665.3566,665.834,-0.4774058
665.3566,665.834,-0.4774075
665.3566,665.834,-0.4774158
665.3566,665.834,-0.4774168
665.3566,665.834,-0.4774233
665.3566,665.834,-0.477443
665.3566,665.8341,-0.4774506
665.3566,665.8341,-0.4774533
665.3566,665.8341,-0.4774541
665.3566,665.8341,-0.4774654
665.3566,665.8341,-0.4774756
665.3566,665.8341,-0.4774843
665.3566,665.8341,-0.4774879
665.3566,665.8341,-0.4774953
665.3566,665.8341,-0.4775057
665.3566,665.8341,-0.4775096
665.3566,665.8341,-0.4775232
665.3566,665.8341,-0.477524
665.3566,665.8341,-0.4775306
665.3566,665.8342,-0.4775503
665.3566,665.8342,-0.4775535
665.3566,665.8342,-0.4775593
665.3566,665.8342,-0.4775671
665.3566,665.8342,-0.4775713
665.3566,665.8342,-0.4775882
665.3566,665.8342,-0.4775928
665.3566,665.8342,-0.4775932
665.3566,665.8342,-0.4775932
665.3566,665.8342,-0.4775935
665.3566,665.8342,-0.4775969
665.3566,665.8342,-0.4776035
665.3566,665.8342,-0.4776081
665.3566,665.8342,-0.4776262
665.3566,665.8342,-0.4776355
665.3566,665.8342,-0.4776403
665.3566,665.8342,-0.4776435
665.3566,665.8343,-0.4776591
665.3566,665.8343,-0.4776614
665.3566,665.8343,-0.4776979
665.3566,665.8343,-0.4776995
665.3566,665.8343,-0.477708
665.3566,665.8343,-0.4777239
665.3566,665.8343,-0.477731
665.3566,665.8344,-0.4777546
665.3566,665.8344,-0.4777879
665.3566,665.8344,-0.4778067
665.3566,665.8344,-0.4778098
665.3566,665.8344,-0.4778284
665.3566,665.8344,-0.477842
665.3566,665.8344,-0.4778421
665.3566,665.8344,-0.4778446
665.3566,665.8344,-0.4778499
665.3566,665.8345,-0.4778627
665.3566,665.8345,-0.477872
665.3566,665.8345,-0.477883
665.3566,665.8345,-0.4778914
665.3566,665.8345,-0.4778944
665.3566,665.8345,-0.477905
665.3566,665.8345,-0.4779198
665.3566,665.8345,-0.4779306
665.3566,665.8345,-0.477937
665.3566,665.8345,-0.4779472
665.3566,665.8346,-0.4779698
665.3566,665.8346,-0.4779774
665.3566,665.8346,-0.4780012
665.3566,665.8346,-0.4780046
665.3566,665.8346,-0.4780071
665.3566,665.8346,-0.4780335
665.3566,665.8347,-0.4780509
665.3566,665.8347,-0.4780656
665.3566,665.8347,-0.4780889
665.3566,665.8347,-0.478089
665.3566,665.8347,-0.4780943
665.3566,665.8347,-0.478133
665.3566,665.8347,-0.4781373
665.3566,665.8348,-0.4781549
665.3566,665.8348,-0.4781565
665.3566,665.8348,-0.4781792
665.3566,665.8348,-0.4781929
665.3566,665.8348,-0.4782094
665.3566,665.8348,-0.478217
665.3566,665.8348,-0.4782252
665.3566,665.8348,-0.4782316
665.3566,665.8348,-0.4782428
665.3566,665.8349,-0.4782584
665.3566,665.8349,-0.478272
665.3566,665.8349,-0.478274
665.3566,665.8349,-0.4783149
665.3566,665.8349,-0.478319
665.3566,665.8349,-0.4783359
665.3566,665.8349,-0.4783468
665.3566,665.8349,-0.4783476
665.3566,665.835,-0.4783661
665.3566,665.835,-0.4783785
665.3566,665.835,-0.4783809
665.3566,665.835,-0.478394
665.3566,665.835,-0.4784173
665.3566,665.835,-0.4784258
665.3566,665.835,-0.4784304
665.3566,665.835,-0.4784497
665.3566,665.8351,-0.4784779
665.3566,665.8351,-0.4784857
665.3566,665.8351,-0.4784893
665.3566,665.8351,-0.4785088
665.3566,665.8351,-0.4785241
665.3566,665.8351,-0.4785317
665.3566,665.8351,-0.4785429
665.3566,665.8352,-0.4785575
665.3566,665.8352,-0.4785582
665.3566,665.8352,-0.4785614
665.3566,665.8352,-0.4785631
665.3566,665.8352,-0.4785696
665.3566,665.8352,-0.4785743
665.3566,665.8352,-0.4785909
665.3566,665.8352,-0.4786055
665.3566,665.8352,-0.4786432
665.3566,665.8353,-0.4786504
665.3566,665.8353,-0.4786619
665.3566,665.8353,-0.4786667
665.3566,665.8353,-0.4786759
665.3566,665.8353,-0.4787002
665.3566,665.8353,-0.4787249
665.3566,665.8353,-0.4787346
665.3566,665.8353,-0.4787439
665.3566,665.8354,-0.4787589
665.3566,665.8354,-0.4787687
665.3566,665.8354,-0.4787854
665.3566,665.8354,-0.4788022
665.3566,665.8354,-0.4788415
665.3566,665.8355,-0.478859
665.3566,665.8355,-0.478864
665.3566,665.8355,-0.4788679
665.3566,665.8355,-0.4788698
665.3566,665.8355,-0.4788828
665.3566,665.8355,-0.4788901
665.3566,665.8355,-0.4788945
665.3566,665.8355,-0.4789274
665.3566,665.8355,-0.4789372
665.3566,665.8356,-0.478955
665.3566,665.8356,-0.4789597
665.3566,665.8356,-0.478979
665.3566,665.8356,-0.4790002
665.3566,665.8356,-0.4790056
665.3566,665.8356,-0.4790064
665.3566,665.8356,-0.4790409
665.3566,665.8357,-0.4790814
665.3566,665.8357,-0.4790865
665.3566,665.8357,-0.4791209
665.3566,665.8357,-0.479121
665.3566,665.8358,-0.4791841
665.3566,665.8358,-0.479188
665.3566,665.8359,-0.4792879
665.3566,665.8359,-0.4793175
665.3566,665.836,-0.4793537
665.3566,665.836,-0.4793784
665.3566,665.836,-0.4794148
665.3566,665.836,-0.4794148
665.3566,665.8361,-0.4794668
665.3566,665.8361,-0.4794735
665.3566,665.8361,-0.4795269
665.3566,665.8361,-0.4795454
665.3566,665.8362,-0.4795692
665.3566,665.8362,-0.4795984
665.3566,665.8362,-0.4796142
665.3566,665.8362,-0.4796473
665.3566,665.8363,-0.479666
665.3566,665.8363,-0.4796748
665.3566,665.8364,-0.4797527
665.3566,665.8364,-0.4797754
665.3566,665.8364,-0.4797975
665.3566,665.8365,-0.4798715
665.3566,665.8365,-0.4799493
665.3566,665.8366,-0.4799635
665.3566,665.8366,-0.4799888
665.3566,665.8366,-0.4799985
665.3566,665.8366,-0.4800231
665.3566,665.8366,-0.4800438
665.3566,665.8367,-0.4800741
665.3566,665.8367,-0.4800969
665.3566,665.8367,-0.4801097
665.3566,665.8367,-0.4801224
665.3566,665.8368,-0.4801809
665.3566,665.8368,-0.4801981
665.3566,665.8369,-0.4802752
665.3566,665.837,-0.4804009
665.3566,665.837,-0.4804444
665.3566,665.8371,-0.4805372
665.3566,665.8371,-0.4805493
665.3566,665.8372,-0.4805546
665.3566,665.8372,-0.4805767
665.3566,665.8372,-0.4805904
665.3566,665.8372,-0.4805916
665.3566,665.8373,-0.4807443
665.3566,665.8374,-0.4807765
665.3566,665.8375,-0.4809454
665.3566,665.8376,-0.4809842
665.3566,665.8376,-0.4810192
665.3566,665.8377,-0.4810688
665.3566,665.8377,-0.4810923
665.3566,665.8377,-0.4810992
665.3566,665.8377,-0.4811412
665.3566,665.8379,-0.4812904
665.3566,665.838,-0.4813574
665.3566,665.838,-0.481388
665.3566,665.8381,-0.4814678
665.3566,665.8381,-0.4814895
665.3566,665.8381,-0.4815151
665.3566,665.8382,-0.4816009
665.3566,665.8382,-0.4816047
665.3566,665.8382,-0.4816062
665.3566,665.8382,-0.4816492
665.3566,665.8383,-0.4816649
665.3566,665.8383,-0.4816847
665.3566,665.8383,-0.48173
665.3566,665.8386,-0.4819691
665.3566,665.8386,-0.4819808
665.3566,665.8387,-0.4820614
665.3566,665.8387,-0.482077
665.3566,665.8387,-0.4821491
665.3566,665.8388,-0.4822047
665.3566,665.8388,-0.4822151
665.3566,665.8388,-0.4822447
665.3566,665.8389,-0.4823033
665.3566,665.8389,-0.4823399
665.3566,665.839,-0.4823844
665.3566,665.8391,-0.4824651
665.3566,665.8391,-0.4825492
665.3566,665.8392,-0.4825681
665.3566,665.8393,-0.4827422
665.3566,665.8394,-0.482803
665.3566,665.8394,-0.4828262
665.3566,665.8394,-0.482842
665.3566,665.8395,-0.4828541
665.3566,665.8396,-0.4830223
665.3566,665.8396,-0.4830399
665.3566,665.8397,-0.4830927
665.3566,665.8397,-0.4831015
665.3566,665.8397,-0.4831194
665.3566,665.8399,-0.4833125
665.3566,665.8399,-0.4833402
665.3566,665.8399,-0.4833497
665.3566,665.84,-0.4833543
665.3566,665.84,-0.4834266
665.3566,665.84,-0.4834327
665.3566,665.8402,-0.4835618
665.3566,665.8402,-0.4835777
665.3566,665.8402,-0.4835846
665.3566,665.8403,-0.4836551
665.3566,665.8403,-0.4836621
665.3566,665.8403,-0.4836768
665.3566,665.8404,-0.4838027
665.3566,665.8404,-0.4838174
665.3566,665.8404,-0.4838219
665.3566,665.8405,-0.4838637
665.3566,665.8405,-0.4839091
665.3566,665.8406,-0.4839548
665.3566,665.8406,-0.4839656
665.3566,665.8406,-0.4839854
665.3566,665.8406,-0.4840019
665.3566,665.8407,-0.4840547
665.3566,665.8407,-0.4840722
665.3566,665.8407,-0.4841115
665.3566,665.8407,-0.4841494
665.3566,665.8408,-0.484158
665.3566,665.8408,-0.4841639
665.3566,665.8408,-0.4841738
665.3566,665.8408,-0.4841777
665.3566,665.8408,-0.4842443
665.3566,665.8409,-0.4842748
665.3566,665.841,-0.4843664
665.3566,665.841,-0.4844134
665.3566,665.841,-0.4844202
665.3566,665.841,-0.4844267
665.3566,665.841,-0.4844323
665.3566,665.841,-0.4844359
665.3566,665.8411,-0.48447
665.3566,665.8412,-0.484584
665.3566,665.8412,-0.4845929
665.3566,665.8414,-0.4847748
665.3566,665.8414,-0.4847765
665.3566,665.8416,-0.4850255
665.3566,665.8416,-0.485032
665.3566,665.8417,-0.4850554
665.3566,665.8418,-0.4851606
665.3566,665.8419,-0.4853024
665.3566,665.842,-0.4853792
665.3566,665.8421,-0.4854994
665.3566,665.8424,-0.4858379
665.3566,665.8425,-0.4858582
665.3566,665.8427,-0.4861105
665.3566,665.8429,-0.4862696
665.3566,665.8432,-0.4865978
665.3566,665.8434,-0.4868384
665.3566,665.8437,-0.4870663
665.3566,665.844,-0.4874083
665.3566,665.8442,-0.4875737
665.3566,665.8444,-0.4878431
665.3566,665.8445,-0.4879296
665.3566,665.8446,-0.4879784
665.3566,665.8448,-0.4881613
665.3566,665.8451,-0.4884524
665.3566,665.8452,-0.4885853
665.3566,665.8453,-0.4886852
665.3566,665.8459,-0.4892787
665.3566,665.846,-0.4893743
665.3566,665.8462,-0.4896356
665.3566,665.8468,-0.4901791
665.3566,665.847,-0.49038
665.3566,665.847,-0.4904267
665.3566,665.8474,-0.490777
665.3566,665.8478,-0.4912401
665.3566,665.8483,-0.4916917
665.3566,665.8487,-0.4921405
665.3566,665.8488,-0.4921545
665.3566,665.849,-0.4924239
665.3566,665.8491,-0.4924956
665.3566,665.8497,-0.4931133
665.3566,665.8499,-0.4933449
665.3566,665.8593,-0.5027452
665.3566,665.8599,-0.5033272
665.3566,665.8602,-0.5035993
665.3566,665.8604,-0.5037998
665.3566,665.8639,-0.5073127
665.3566,665.8642,-0.5076322
665.3566,665.865,-0.5083971
665.3566,665.8651,-0.5084592
665.3566,665.8652,-0.5085823
665.3566,665.8653,-0.5087068
665.3566,665.8664,-0.509763
665.3566,665.8664,-0.5097843
665.3566,665.8668,-0.5102087
665.3566,665.8669,-0.5102509
665.3566,665.8673,-0.5107143
665.3566,665.8675,-0.510855
665.3566,665.8678,-0.5111507
665.3566,665.8684,-0.5117693
665.3566,665.8684,-0.5118421
665.3566,665.8685,-0.5119308
665.3566,665.8686,-0.5119741
665.3566,665.8686,-0.5120331
665.3566,665.8687,-0.5121424
665.3566,665.8688,-0.5121609
665.3566,665.8688,-0.5122355
665.3566,665.8689,-0.5122611
665.3566,665.8689,-0.5123258
665.3566,665.8694,-0.5127509
665.3566,665.8694,-0.5128187
665.3566,665.8695,-0.5128656
665.3566,665.8697,-0.5130953
665.3566,665.8697,-0.5131276
665.3566,665.8698,-0.513242
665.3566,665.8699,-0.513282
665.3566,665.8699,-0.5133301
665.3566,665.8703,-0.5137072
665.3566,665.8703,-0.5137385
665.3566,665.8704,-0.5137682
665.3566,665.8704,-0.5138456
665.3566,665.8705,-0.5138506
665.3566,665.8705,-0.5138709
665.3566,665.8706,-0.5139528
665.3566,665.8707,-0.5141336
665.3566,665.8708,-0.5141898
665.3566,665.8708,-0.5142243
665.3566,665.8709,-0.5142778
665.3566,665.8709,-0.5142938
665.3566,665.871,-0.5143789
665.3566,665.871,-0.5144374
665.3566,665.8711,-0.5144559
665.3566,665.8711,-0.5144748
665.3566,665.8711,-0.5145166
665.3566,665.8712,-0.5145675
665.3566,665.8713,-0.5146804
665.3566,665.8713,-0.5147167
665.3566,665.8713,-0.5147268
665.3566,665.8713,-0.5147353
665.3566,665.8714,-0.5148127
665.3566,665.8715,-0.5148947
665.3566,665.8715,-0.5148965
665.3566,665.8715,-0.5149053
665.3566,665.8715,-0.5149251
665.3566,665.8716,-0.5150376
665.3566,665.8717,-0.5150713
665.3566,665.8717,-0.5150828
665.3566,665.8717,-0.5150929
665.3566,665.8717,-0.5151336
665.3566,665.8718,-0.5151718
665.3566,665.8718,-0.5151868
665.3566,665.8718,-0.5151981
665.3566,665.8718,-0.5152196
665.3566,665.8718,-0.5152231
665.3566,665.8719,-0.5153234
665.3566,665.872,-0.5153811
665.3566,665.872,-0.5153873
665.3566,665.872,-0.5153921
665.3566,665.8721,-0.5154723
665.3566,665.8721,-0.5155207
665.3566,665.8721,-0.5155336
665.3566,665.8722,-0.5155616
665.3566,665.8722,-0.5155825
665.3566,665.8722,-0.5156038
665.3566,665.8722,-0.5156124
665.3566,665.8723,-0.5156554
665.3566,665.8723,-0.5156669
665.3566,665.8723,-0.5156766
665.3566,665.8723,-0.5157218
665.3566,665.8723,-0.5157238
665.3566,665.8723,-0.5157408
665.3566,665.8724,-0.5157566
665.3566,665.8724,-0.5157611
665.3566,665.8724,-0.5157812
665.3566,665.8724,-0.5157914
665.3566,665.8724,-0.5158068
665.3566,665.8724,-0.5158136
665.3566,665.8724,-0.5158304
665.3566,665.8724,-0.5158353
665.3566,665.8725,-0.5159085
665.3566,665.8725,-0.5159434
665.3566,665.8726,-0.5159564
665.3566,665.8726,-0.5159946
665.3566,665.8726,-0.5160012
665.3566,665.8726,-0.5160022
665.3566,665.8726,-0.5160082
665.3566,665.8726,-0.5160148
665.3566,665.8726,-0.5160183
665.3566,665.8727,-0.5160566
665.3566,665.8727,-0.5161224
665.3566,665.8728,-0.5161652
665.3566,665.8728,-0.5161687
665.3566,665.8728,-0.5161716
665.3566,665.8728,-0.5161859
665.3566,665.8728,-0.5161867
665.3566,665.8728,-0.5161907
665.3566,665.8728,-0.5162337
665.3566,665.8728,-0.5162449
665.3566,665.8728,-0.5162466
665.3566,665.8729,-0.5162674
665.3566,665.8729,-0.5162683
665.3566,665.8729,-0.5162728
665.3566,665.873,-0.5163787
665.3566,665.873,-0.5163979
665.3566,665.873,-0.5164023
665.3566,665.873,-0.5164316
665.3566,665.8731,-0.5164561
665.3566,665.8731,-0.5165129
665.3566,665.8731,-0.5165261
665.3566,665.8732,-0.5165524
665.3566,665.8732,-0.5165692
665.3566,665.8732,-0.5165812
665.3566,665.8732,-0.5165858
665.3566,665.8732,-0.5166185
665.3566,665.8732,-0.5166304
665.3566,665.8733,-0.5166759
665.3566,665.8734,-0.5167539
665.3566,665.8734,-0.5167841
665.3566,665.8734,-0.5167949
665.3566,665.8734,-0.5167968
665.3566,665.8734,-0.5168322
665.3566,665.8735,-0.5168807
665.3566,665.8735,-0.5168815
665.3566,665.8735,-0.5169113
665.3566,665.8735,-0.5169421
665.3566,665.8736,-0.5169699
665.3566,665.8736,-0.5170172
665.3566,665.8736,-0.5170222
665.3566,665.8736,-0.5170322
665.3566,665.8736,-0.5170324
665.3566,665.8736,-0.5170403
665.3566,665.8737,-0.5170772
665.3566,665.8737,-0.517086
665.3566,665.8737,-0.5171418
665.3566,665.8738,-0.5171517
665.3566,665.8738,-0.5171697
665.3566,665.8738,-0.5172102
665.3566,665.8738,-0.5172233
665.3566,665.8739,-0.517281
665.3566,665.8739,-0.517292
665.3566,665.8739,-0.5172958
665.3566,665.8739,-0.5173206
665.3566,665.874,-0.5173587
665.3566,665.874,-0.5173925
665.3566,665.874,-0.5174119
665.3566,665.8741,-0.5174538
665.3566,665.8741,-0.5174551
665.3566,665.8741,-0.5174642
665.3566,665.8741,-0.5175132
665.3566,665.8741,-0.5175202
665.3566,665.8741,-0.5175267
665.3566,665.8742,-0.5175523
665.3566,665.8742,-0.5176137
665.3566,665.8743,-0.5176626
665.3566,665.8743,-0.5177471
665.3566,665.8744,-0.5177647
665.3566,665.8744,-0.5178362
665.3566,665.8744,-0.5178429
665.3566,665.8745,-0.5179063
665.3566,665.8745,-0.5179199
665.3566,665.8745,-0.5179349
665.3566,665.8745,-0.5179499
665.3566,665.8746,-0.5179509
665.3566,665.8747,-0.5180723
665.3566,665.8747,-0.5180783
665.3566,665.8747,-0.5180881
665.3566,665.8747,-0.5181242
665.3566,665.8747,-0.5181288
665.3566,665.8748,-0.5181687
665.3566,665.8748,-0.5181791
665.3566,665.8748,-0.5181832
665.3566,665.8748,-0.5182064
665.3566,665.8749,-0.5182905
665.3566,665.8749,-0.5183045
665.3566,665.8749,-0.5183046
665.3566,665.8749,-0.5183316
665.3566,665.8749,-0.5183496
665.3566,665.875,-0.5183591
665.3566,665.875,-0.5183998
665.3566,665.875,-0.5184
665.3566,665.875,-0.5184308
665.3566,665.875,-0.5184464
665.3566,665.8752,-0.518556
665.3566,665.8752,-0.5185579
665.3566,665.8752,-0.5185676
665.3566,665.8752,-0.5185976
665.3566,665.8753,-0.5186725
665.3566,665.8753,-0.5186986
665.3566,665.8753,-0.5187475
665.3566,665.8754,-0.5187802
665.3566,665.8754,-0.5188122
665.3566,665.8754,-0.5188128
665.3566,665.8754,-0.5188184
665.3566,665.8755,-0.5188742
665.3566,665.8755,-0.518949
665.3566,665.8756,-0.5189957
665.3566,665.8757,-0.5190928
665.3566,665.8758,-0.519165
665.3566,665.8758,-0.5191924
665.3566,665.8758,-0.5192039
665.3566,665.8759,-0.5193306
665.3566,665.876,-0.5194185
665.3566,665.876,-0.5194497
665.3566,665.8761,-0.5194718
665.3566,665.8761,-0.5195072
665.3566,665.8761,-0.5195312
665.3566,665.8762,-0.519581
665.3566,665.8762,-0.5196437
665.3566,665.8762,-0.5196461
665.3566,665.8763,-0.5196685
665.3566,665.8766,-0.5200444
665.3566,665.8767,-0.5200771
665.3566,665.8767,-0.5201065
665.3566,665.8768,-0.5201673
665.3566,665.8768,-0.5201904
665.3566,665.8768,-0.5201964
665.3566,665.8768,-0.5201997
665.3566,665.8769,-0.5202823
665.3566,665.877,-0.520351
665.3566,665.877,-0.520363
665.3566,665.877,-0.5204028
665.3566,665.8771,-0.5204569
665.3566,665.8771,-0.5204793
665.3566,665.8771,-0.5205105
665.3566,665.8773,-0.5206591
665.3566,665.8773,-0.5207302
665.3566,665.8773,-0.5207421
665.3566,665.8774,-0.5208203
665.3566,665.8774,-0.5208486
665.3566,665.8775,-0.5208721
665.3566,665.8775,-0.5208761
665.3566,665.8775,-0.5208855
665.3566,665.8775,-0.5209077
665.3566,665.8777,-0.5210918
665.3566,665.8777,-0.5211143
665.3566,665.8777,-0.5211361
665.3566,665.8777,-0.5211499
665.3566,665.8778,-0.5211761
665.3566,665.8778,-0.5212279
665.3566,665.8779,-0.5213021
665.3566,665.8779,-0.5213338
665.3566,665.878,-0.5213574
665.3566,665.878,-0.5214406
665.3566,665.8781,-0.5214636
665.3566,665.8783,-0.5216576
665.3566,665.8783,-0.5216867
665.3566,665.8783,-0.5216926
665.3566,665.8785,-0.521858
665.3566,665.8785,-0.521864
665.3566,665.8785,-0.5218988
665.3566,665.8786,-0.5220115
665.3566,665.8786,-0.5220127
665.3566,665.8786,-0.5220134
665.3566,665.8786,-0.5220265
665.3566,665.8787,-0.5220884
665.3566,665.8788,-0.5222102
665.3566,665.8788,-0.522244
665.3566,665.8789,-0.5222566
665.3566,665.8789,-0.5223141
665.3566,665.8791,-0.522521
665.3566,665.8792,-0.5225665
665.3566,665.8792,-0.5225705
665.3566,665.8792,-0.5225718
665.3566,665.8792,-0.5225988
665.3566,665.8793,-0.5226767
665.3566,665.8793,-0.5226779
665.3566,665.8794,-0.5228115
665.3566,665.8794,-0.5228376
665.3566,665.8795,-0.5228904
665.3566,665.8795,-0.5229492
665.3566,665.8796,-0.5229523
665.3566,665.8796,-0.5230076
665.3566,665.8796,-0.523015
665.3566,665.8797,-0.5230603
665.3566,665.8797,-0.5231028
665.3566,665.8798,-0.5231981
665.3566,665.8799,-0.5233038
665.3566,665.88,-0.5233723
665.3566,665.8801,-0.523467
665.3566,665.8801,-0.5234783
665.3566,665.8802,-0.5235814
665.3566,665.8802,-0.5236267
665.3566,665.8805,-0.5238935
665.3566,665.8806,-0.5240487
665.3566,665.8807,-0.5240504
665.3566,665.8808,-0.524186
665.3566,665.8815,-0.524919
665.3566,665.8819,-0.5252709
665.3566,665.8819,-0.5253424
665.3566,665.8824,-0.525776
665.3566,665.8827,-0.5261169
665.3566,665.8829,-0.5262504
665.3566,665.8972,-0.5405668
665.3566,665.9069,-0.5502865
665.3566,665.9127,-0.5561106
665.3566,665.9199,-0.5632836
665.3566,665.9206,-0.5640022
665.3566,665.9283,-0.5717179
665.3566,665.9322,-0.5756249
665.3566,665.9363,-0.579676
665.3566,665.9367,-0.5800507
665.3566,665.9445,-0.5879342
665.3566,665.9679,-0.6113229
665.3566,665.9682,-0.6115796
665.3566,665.9733,-0.6166858
665.3566,665.9754,-0.618792
665.3566,665.9763,-0.6196529
665.3566,665.9765,-0.619927
665.3566,665.9772,-0.6206186
665.3566,665.9772,-0.6206407
665.3566,665.9774,-0.6208004
665.3566,665.9782,-0.6215553
665.3566,665.9785,-0.6218624
665.3566,665.9786,-0.6220233
665.3566,665.9788,-0.6221774
665.3566,665.979,-0.6223995
665.3566,665.9795,-0.6229291
665.3566,665.9795,-0.6229425
665.3566,665.9796,-0.6230359
665.3566,665.9799,-0.6233292
665.3566,665.98,-0.6234215
665.3566,665.9802,-0.6235735
665.3566,665.9803,-0.6237389
665.3566,665.9804,-0.6237657
665.3566,665.9809,-0.6242688
665.3566,665.9811,-0.6245172
665.3566,665.9812,-0.624599
665.3566,665.9812,-0.6246022
665.3566,665.9818,-0.6251718
665.3566,665.9818,-0.6252478
665.3566,665.9821,-0.6254546
665.3566,665.9821,-0.6254786
665.3566,665.9823,-0.6256695
665.3566,665.9823,-0.6257266
665.3566,665.9823,-0.6257277
665.3566,665.9825,-0.6258856
665.3566,665.9826,-0.6259745
665.3566,665.9826,-0.6259904
665.3566,665.983,-0.6264422
665.3566,665.9834,-0.626838
665.3566,665.9836,-0.6270245
665.3566,665.9836,-0.6270256
665.3566,665.9837,-0.6270876
665.3566,665.984,-0.6274435
665.3566,665.9842,-0.6275987
665.3566,665.9843,-0.6277481
665.3566,665.9844,-0.6277747
665.3566,665.9845,-0.6278559
665.3566,665.9845,-0.6279087
665.3566,665.9846,-0.628046
665.3566,665.9849,-0.6282557
665.3566,665.985,-0.6283851
665.3566,665.985,-0.6284206
665.3566,665.9854,-0.628753
665.3566,665.9854,-0.6288116
665.3566,665.9857,-0.6290773
665.3566,665.9857,-0.6291063
665.3566,665.9857,-0.6291104
665.3566,665.9857,-0.6291315
665.3566,665.9861,-0.62951
665.3566,665.9861,-0.6295275
665.3566,665.9861,-0.6295429
665.3566,665.9862,-0.6295842
665.3566,665.9863,-0.6297072
665.3566,665.9863,-0.6297139
665.3566,665.9863,-0.6297172
665.3566,665.9866,-0.6300333
665.3566,665.9869,-0.6303142
665.3566,665.987,-0.6304079
665.3566,665.9872,-0.6305604
665.3566,665.9872,-0.6306454
665.3566,665.9873,-0.6306774
665.3566,665.9874,-0.6308057
665.3566,665.9874,-0.6308439
665.3566,665.9875,-0.6308651
665.3566,665.9875,-0.6308778
665.3566,665.9875,-0.6308807
665.3566,665.9875,-0.630908
665.3566,665.9875,-0.630924
665.3566,665.9876,-0.6309787
665.3566,665.9878,-0.6311507
665.3566,665.9878,-0.6311798
665.3566,665.9879,-0.6313078
665.3566,665.9883,-0.6316885
665.3566,665.9883,-0.6317277
665.3566,665.9884,-0.6318402
665.3566,665.9885,-0.6319193
665.3566,665.9886,-0.6320175
665.3566,665.9887,-0.6320904
665.3566,665.9888,-0.6321638
665.3566,665.9888,-0.6321638
665.3566,665.9888,-0.6322156
665.3566,665.9888,-0.6322274
665.3566,665.9889,-0.6323147
665.3566,665.989,-0.6324153
665.3566,665.989,-0.6324184
665.3566,665.9891,-0.6324519
665.3566,665.9891,-0.6324962
665.3566,665.9891,-0.6324974
665.3566,665.9892,-0.6325525
665.3566,665.9892,-0.6326063
665.3566,665.9892,-0.6326296
665.3566,665.9893,-0.6326928
665.3566,665.9894,-0.6327939
665.3566,665.9895,-0.6328715
665.3566,665.9895,-0.6329362
665.3566,665.9896,-0.6330038
665.3566,665.9896,-0.6330116
665.3566,665.9897,-0.6330928
665.3566,665.9897,-0.6331359
665.3566,665.9898,-0.6331551
665.3566,665.9899,-0.6333303
665.3566,665.9899,-0.6333452
665.3566,665.99,-0.6333743
665.3566,665.99,-0.6333934
665.3566,665.9901,-0.6335059
665.3566,665.9901,-0.6335275
665.3566,665.9902,-0.6335803
665.3566,665.9902,-0.6335941
665.3566,665.9902,-0.6335966
665.3566,665.9902,-0.6336269
665.3566,665.9903,-0.6336982
665.3566,665.9903,-0.6337033
665.3566,665.9903,-0.6337049
665.3566,665.9903,-0.6337372
665.3566,665.9904,-0.6337869
665.3566,665.9904,-0.6337996
665.3566,665.9904,-0.6338023
665.3566,665.9904,-0.6338036
665.3566,665.9904,-0.6338161
665.3566,665.9904,-0.6338309
665.3566,665.9905,-0.633887
665.3566,665.9905,-0.6339338
665.3566,665.9906,-0.6339784
665.3566,665.9906,-0.6339978
665.3566,665.9906,-0.6340121
665.3566,665.9907,-0.6340638
665.3566,665.9907,-0.6340723
665.3566,665.9907,-0.6340837
665.3566,665.9907,-0.6341135
665.3566,665.9907,-0.6341302
665.3566,665.9908,-0.6342012
665.3566,665.9909,-0.6343437
665.3566,665.9911,-0.6344725
665.3566,665.9911,-0.6344801
665.3566,665.9911,-0.6345069
665.3566,665.9912,-0.634612
665.3566,665.9912,-0.6346491
665.3566,665.9913,-0.6347311
665.3566,665.9914,-0.6347963
665.3566,665.9914,-0.6348166
665.3566,665.9915,-0.6348693
665.3566,665.9915,-0.6349078
665.3566,665.9915,-0.6349243
665.3566,665.9915,-0.6349282
665.3566,665.9915,-0.6349398
665.3566,665.9915,-0.6349407
665.3566,665.9916,-0.6349603
665.3566,665.9917,-0.6350517
665.3566,665.9917,-0.6350784
665.3566,665.9917,-0.6350927
665.3566,665.9917,-0.6351214
665.3566,665.9917,-0.6351258
665.3566,665.9917,-0.6351309
665.3566,665.9917,-0.6351387
665.3566,665.9917,-0.6351398
665.3566,665.9918,-0.6351988
665.3566,665.9918,-0.6352118
665.3566,665.9919,-0.6352902
665.3566,665.9919,-0.6353228
665.3566,665.9919,-0.6353411
665.3566,665.992,-0.6353548
665.3566,665.992,-0.6353812
665.3566,665.992,-0.6354216
665.3566,665.9921,-0.6354604
665.3566,665.9921,-0.6354713
665.3566,665.9921,-0.635503
665.3566,665.9921,-0.6355092
665.3566,665.9921,-0.6355237
665.3566,665.9921,-0.6355323
665.3566,665.9921,-0.6355334
665.3566,665.9922,-0.6355882
665.3566,665.9923,-0.6356671
665.3566,665.9923,-0.6356993
665.3566,665.9924,-0.6357573
665.3566,665.9924,-0.6357849
665.3566,665.9924,-0.6358033
665.3566,665.9925,-0.6358551
665.3566,665.9926,-0.6360111
665.3566,665.9926,-0.6360288
665.3566,665.9926,-0.6360311
665.3566,665.9926,-0.6360492
665.3566,665.9927,-0.6360729
665.3566,665.9927,-0.6360867
665.3566,665.9927,-0.6361076
665.3566,665.9927,-0.6361363
665.3566,665.9929,-0.6363248
665.3566,665.9931,-0.6364788
665.3566,665.9931,-0.6364889
665.3566,665.9936,-0.6370265
665.3566,665.9937,-0.6370661
665.3566,665.9938,-0.6372213
665.3566,665.9939,-0.6372819
665.3566,665.9939,-0.6373386
665.3566,665.994,-0.6373527
665.3566,665.994,-0.6373677
665.3566,665.994,-0.6373775
665.3566,665.994,-0.6373842
665.3566,665.9941,-0.6375267
665.3566,665.9941,-0.6375442
665.3566,665.9942,-0.6375557
665.3566,665.9942,-0.6375783
665.3566,665.9942,-0.6375785
665.3566,665.9942,-0.6376396
665.3566,665.9942,-0.6376445
665.3566,665.9943,-0.6376919
665.3566,665.9944,-0.6378341
665.3566,665.9944,-0.6378497
665.3566,665.9946,-0.6380178
665.3566,665.9947,-0.6380917
665.3566,665.9948,-0.6381655
665.3566,665.9948,-0.6381662
665.3566,665.9952,-0.6386257
665.3566,665.9953,-0.6386853
665.3566,665.9957,-0.6390576
665.3566,665.9957,-0.6391448
665.3566,665.996,-0.6393848
665.3566,665.996,-0.6394136
665.3566,665.996,-0.6394313
665.3566,665.9961,-0.6394823
665.3566,665.9962,-0.639645
665.3566,665.9964,-0.6397695
665.3566,665.9967,-0.6401444
665.3566,665.997,-0.6403933
665.3566,665.9972,-0.6405543
665.3566,665.9977,-0.6411487
665.3566,665.9981,-0.6415103
665.3566,665.9986,-0.6420327
665.3566,665.9988,-0.6422394
665.3566,665.9991,-0.6424938
665.3566,665.9996,-0.6429753
665.3566,666.0146,-0.6580183
665.3566,666.0253,-0.6687167
665.3566,666.0331,-0.6765
665.3566,666.0552,-0.6985948
665.3566,666.0597,-0.7031072
665.3566,666.0613,-0.7046634
665.3566,666.0629,-0.7062554
665.3566,666.066,-0.7093634
665.3566,666.0675,-0.7109261
665.3566,666.0719,-0.7153384
665.3566,666.0732,-0.7165814
665.3566,666.0735,-0.7169081
665.3566,666.0738,-0.7172235
665.3566,666.0747,-0.7181334
665.3566,666.0767,-0.7200899
665.3566,666.0769,-0.7203471
665.3566,666.0777,-0.7210955
665.3566,666.0783,-0.7216748
665.3566,666.0799,-0.7232561
665.3566,666.0808,-0.7241585
665.3566,666.0811,-0.7245255
665.3566,666.0827,-0.7260942
665.3566,666.0837,-0.7270808
665.3566,666.0851,-0.7284751
665.3566,666.0851,-0.7285334
665.3566,666.0864,-0.7298341
665.3566,666.0897,-0.7330838
665.3566,666.0903,-0.7337473
665.3566,666.0944,-0.7377865
665.3566,666.105,-0.748368
665.3566,666.1475,-0.7908592
665.3566,666.149,-0.7924381
665.3566,666.1986,-0.8420335
665.3566,666.2555,-0.8989336
665.3566,666.256,-0.8993869
,,
