688.1253,11577,
Mascot_mz,MassHunter_mz,Difference
688.1253,687.2341,0.8912188
688.1253,687.2647,0.8606154
688.1253,687.2884,0.8368827
688.1253,687.2904,0.8349284
688.1253,687.2904,0.8349209
688.1253,687.2912,0.8340593
688.1253,687.2914,0.8338848
688.1253,687.2934,0.8319336
688.1253,687.2939,0.8313651
688.1253,687.295,0.8302594
688.1253,687.2958,0.8294862
688.1253,687.2965,0.8287991
688.1253,687.2968,0.8285155
688.1253,687.2985,0.8267546
688.1253,687.2987,0.8265608
688.1253,687.302,0.823251
688.1253,687.303,0.8222669
688.1253,687.304,0.8212737
688.1253,687.3041,0.8212363
688.1253,687.3044,0.8209104
688.1253,687.3044,0.8209035
688.1253,687.3044,0.8208974
688.1253,687.3048,0.8204979
688.1253,687.305,0.8203257
688.1253,687.305,0.8203139
688.1253,687.3052,0.8201275
688.1253,687.3053,0.8200103
688.1253,687.3057,0.8195722
688.1253,687.3057,0.819557
688.1253,687.306,0.8193315
688.1253,687.306,0.8193011
688.1253,687.3065,0.8188447
688.1253,687.3065,0.8188033
688.1253,687.3066,0.8186507
688.1253,687.3068,0.8185084
688.1253,687.3068,0.8184813
688.1253,687.3069,0.8184457
688.1253,687.307,0.818308
688.1253,687.3071,0.8182158
688.1253,687.3071,0.8182156
688.1253,687.3074,0.8178755
688.1253,687.3076,0.8177482
688.1253,687.3076,0.8177137
688.1253,687.3077,0.8176089
688.1253,687.3077,0.8176062
688.1253,687.3077,0.8175674
688.1253,687.3079,0.8174297
688.1253,687.308,0.8172676
688.1253,687.3081,0.8171793
688.1253,687.3082,0.8171498
688.1253,687.3082,0.8171015
688.1253,687.3083,0.8170457
688.1253,687.3083,0.8170387
688.1253,687.3083,0.8169813
688.1253,687.3084,0.8169277
688.1253,687.3084,0.8169174
688.1253,687.3084,0.8168966
688.1253,687.3085,0.8167969
688.1253,687.3086,0.8167233
688.1253,687.3087,0.8165894
688.1253,687.3087,0.8165793
688.1253,687.3089,0.8164245
688.1253,687.3089,0.8164065
688.1253,687.3089,0.8163592
688.1253,687.3089,0.8163507
688.1253,687.309,0.8162741
688.1253,687.3091,0.8162163
688.1253,687.3092,0.8160896
688.1253,687.3092,0.8160592
688.1253,687.3094,0.8158982
688.1253,687.3094,0.8158743
688.1253,687.3095,0.8157661
688.1253,687.3097,0.8155699
688.1253,687.3101,0.8152342
688.1253,687.3101,0.8151629
688.1253,687.3102,0.8151406
688.1253,687.3103,0.8149838
688.1253,687.3104,0.8148851
688.1253,687.3105,0.8148308
688.1253,687.3105,0.8148215
688.1253,687.3106,0.8147049
688.1253,687.3106,0.8146774
688.1253,687.3107,0.8146037
688.1253,687.3108,0.8145246
688.1253,687.3108,0.8145185
688.1253,687.311,0.8143328
688.1253,687.311,0.8142601
688.1253,687.3111,0.8142233
688.1253,687.3111,0.8141959
688.1253,687.3111,0.8141594
688.1253,687.3112,0.8140777
688.1253,687.3113,0.8140424
688.1253,687.3113,0.8139833
688.1253,687.3113,0.8139589
688.1253,687.3115,0.813795
688.1253,687.3117,0.8135998
688.1253,687.3117,0.8135686
688.1253,687.312,0.8132971
688.1253,687.3121,0.8132456
688.1253,687.3121,0.8132412
688.1253,687.3121,0.8131707
688.1253,687.3122,0.8131174
688.1253,687.3122,0.813116
688.1253,687.3123,0.8130331
688.1253,687.3123,0.8129854
688.1253,687.3123,0.8129675
688.1253,687.3124,0.8129215
688.1253,687.3125,0.8128251
688.1253,687.3125,0.812787
688.1253,687.3125,0.8127501
688.1253,687.3126,0.8127055
688.1253,687.3127,0.8126467
688.1253,687.3127,0.8125953
688.1253,687.3128,0.8125225
688.1253,687.3128,0.8125075
688.1253,687.3128,0.8124671
688.1253,687.3128,0.8124631
688.1253,687.3128,0.8124601
688.1253,687.313,0.8123302
688.1253,687.3132,0.8121245
688.1253,687.3133,0.8120303
688.1253,687.3133,0.8120296
688.1253,687.3133,0.811965
688.1253,687.3134,0.8119437
688.1253,687.3134,0.8119385
688.1253,687.3134,0.8118993
688.1253,687.3134,0.8118949
688.1253,687.3134,0.8118852
688.1253,687.3135,0.8118338
688.1253,687.3136,0.8117276
688.1253,687.3137,0.8116115
688.1253,687.3137,0.8115733
688.1253,687.3138,0.8114813
688.1253,687.3138,0.8114683
688.1253,687.3139,0.8114466
688.1253,687.3139,0.8113727
688.1253,687.3139,0.8113635
688.1253,687.314,0.8112847
688.1253,687.3142,0.8111006
688.1253,687.3143,0.8109854
688.1253,687.3143,0.8109731
688.1253,687.3144,0.8108871
688.1253,687.3144,0.8108787
688.1253,687.3145,0.8108263
688.1253,687.3145,0.8107586
688.1253,687.3146,0.8107028
688.1253,687.3146,0.8106661
688.1253,687.3147,0.8106128
688.1253,687.3147,0.8105997
688.1253,687.3148,0.8105451
688.1253,687.3148,0.8104914
688.1253,687.3148,0.8104866
688.1253,687.3148,0.8104754
688.1253,687.3149,0.8104234
688.1253,687.3149,0.8103601
688.1253,687.315,0.8103268
688.1253,687.315,0.810299
688.1253,687.315,0.8102806
688.1253,687.3151,0.8102437
688.1253,687.3151,0.810237
688.1253,687.3151,0.8102269
688.1253,687.3151,0.8102132
688.1253,687.3151,0.8101952
688.1253,687.3151,0.8101801
688.1253,687.3151,0.810166
688.1253,687.3152,0.8101208
688.1253,687.3152,0.8101084
688.1253,687.3152,0.8100757
688.1253,687.3153,0.8100463
688.1253,687.3153,0.8099598
688.1253,687.3154,0.8099115
688.1253,687.3154,0.8098624
688.1253,687.3155,0.8098323
688.1253,687.3155,0.8097599
688.1253,687.3156,0.8097477
688.1253,687.3156,0.8097329
688.1253,687.3156,0.8096866
688.1253,687.3156,0.8096571
688.1253,687.3157,0.8096341
688.1253,687.3157,0.8096032
688.1253,687.3157,0.8096031
688.1253,687.3157,0.8095885
688.1253,687.3158,0.8095492
688.1253,687.3158,0.8095253
688.1253,687.3158,0.809493
688.1253,687.3158,0.8094631
688.1253,687.3158,0.8094614
688.1253,687.3158,0.8094553
688.1253,687.3158,0.8094501
688.1253,687.3159,0.8094199
688.1253,687.3159,0.809419
688.1253,687.3159,0.8093837
688.1253,687.3159,0.8093801
688.1253,687.316,0.8093184
688.1253,687.316,0.8093092
688.1253,687.3161,0.809229
688.1253,687.3161,0.8092136
688.1253,687.3161,0.80916
688.1253,687.3161,0.8091554
688.1253,687.3162,0.809111
688.1253,687.3162,0.8090802
688.1253,687.3162,0.8090574
688.1253,687.3162,0.8090506
688.1253,687.3163,0.8090468
688.1253,687.3163,0.8090258
688.1253,687.3163,0.8089602
688.1253,687.3163,0.8089504
688.1253,687.3164,0.8089336
688.1253,687.3164,0.8089316
688.1253,687.3164,0.8089136
688.1253,687.3164,0.8089069
688.1253,687.3164,0.80889
688.1253,687.3164,0.8088772
688.1253,687.3165,0.8088484
688.1253,687.3165,0.8087923
688.1253,687.3165,0.808764
688.1253,687.3165,0.8087583
688.1253,687.3166,0.8087466
688.1253,687.3166,0.8087156
688.1253,687.3166,0.8086608
688.1253,687.3167,0.8086317
688.1253,687.3167,0.8086128
688.1253,687.3167,0.8085952
688.1253,687.3167,0.8085938
688.1253,687.3167,0.8085625
688.1253,687.3168,0.8085299
688.1253,687.3168,0.8085135
688.1253,687.3168,0.8085036
688.1253,687.3168,0.8084929
688.1253,687.3168,0.8084743
688.1253,687.3168,0.8084663
688.1253,687.3169,0.8084342
688.1253,687.3169,0.8083735
688.1253,687.3169,0.8083555
688.1253,687.317,0.808326
688.1253,687.317,0.8083143
688.1253,687.317,0.8083117
688.1253,687.317,0.8082544
688.1253,687.3171,0.8082418
688.1253,687.3171,0.8082325
688.1253,687.3171,0.8082217
688.1253,687.3171,0.8082093
688.1253,687.3171,0.8082091
688.1253,687.3171,0.8081809
688.1253,687.3172,0.8081412
688.1253,687.3172,0.8081348
688.1253,687.3172,0.8080901
688.1253,687.3173,0.8080429
688.1253,687.3173,0.8080359
688.1253,687.3173,0.808033
688.1253,687.3173,0.808016
688.1253,687.3173,0.8080048
688.1253,687.3173,0.8080022
688.1253,687.3173,0.8079841
688.1253,687.3174,0.8079372
688.1253,687.3174,0.8078856
688.1253,687.3174,0.8078696
688.1253,687.3175,0.8078471
688.1253,687.3175,0.8078282
688.1253,687.3175,0.8078055
688.1253,687.3175,0.8078003
688.1253,687.3175,0.807776
688.1253,687.3175,0.807766
688.1253,687.3175,0.8077654
688.1253,687.3176,0.8077489
688.1253,687.3176,0.8076937
688.1253,687.3177,0.8076417
688.1253,687.3177,0.8076069
688.1253,687.3177,0.8075733
688.1253,687.3178,0.8075225
688.1253,687.3178,0.8075004
688.1253,687.3178,0.8074782
688.1253,687.3179,0.8074081
688.1253,687.318,0.8073448
688.1253,687.318,0.8072813
688.1253,687.318,0.8072577
688.1253,687.3181,0.8072469
688.1253,687.3181,0.8072392
688.1253,687.3181,0.8072207
688.1253,687.3181,0.8071789
688.1253,687.3182,0.807122
688.1253,687.3182,0.8070572
688.1253,687.3183,0.8070415
688.1253,687.3183,0.8070188
688.1253,687.3183,0.8070018
688.1253,687.3184,0.8069273
688.1253,687.3184,0.8069233
688.1253,687.3184,0.8069083
688.1253,687.3184,0.8068994
688.1253,687.3184,0.8068819
688.1253,687.3184,0.8068748
688.1253,687.3185,0.8068364
688.1253,687.3185,0.8068008
688.1253,687.3185,0.8067711
688.1253,687.3186,0.8066989
688.1253,687.3186,0.80666
688.1253,687.3187,0.8066414
688.1253,687.3187,0.8065964
688.1253,687.3187,0.8065751
688.1253,687.3188,0.8065483
688.1253,687.3188,0.8065437
688.1253,687.3188,0.806491
688.1253,687.3188,0.8064573
688.1253,687.3189,0.8063815
688.1253,687.3189,0.8063808
688.1253,687.319,0.8063201
688.1253,687.319,0.8063131
688.1253,687.319,0.8062509
688.1253,687.3192,0.8060832
688.1253,687.3193,0.8059586
688.1253,687.3194,0.8059365
688.1253,687.3194,0.8059313
688.1253,687.3194,0.8058647
688.1253,687.3195,0.8058294
688.1253,687.3196,0.8057444
688.1253,687.3196,0.8057319
688.1253,687.3196,0.8057013
688.1253,687.3196,0.8056966
688.1253,687.3197,0.805631
688.1253,687.3197,0.8056302
688.1253,687.3197,0.8056044
688.1253,687.3198,0.8055222
688.1253,687.3198,0.8055164
688.1253,687.3199,0.8053725
688.1253,687.32,0.8053297
688.1253,687.32,0.8052821
688.1253,687.3201,0.8052057
688.1253,687.3203,0.8050431
688.1253,687.3203,0.8050399
688.1253,687.3203,0.8050312
688.1253,687.3203,0.8049917
688.1253,687.3203,0.804978
688.1253,687.3204,0.8049382
688.1253,687.3204,0.8048996
688.1253,687.3204,0.8048816
688.1253,687.3205,0.804842
688.1253,687.3205,0.8048372
688.1253,687.3205,0.8048316
688.1253,687.3205,0.8047973
688.1253,687.3205,0.804765
688.1253,687.3206,0.8047066
688.1253,687.3206,0.8046644
688.1253,687.3207,0.8046473
688.1253,687.3207,0.8046182
688.1253,687.3208,0.8044879
688.1253,687.3209,0.8044472
688.1253,687.3209,0.8044432
688.1253,687.3209,0.804385
688.1253,687.3209,0.8043601
688.1253,687.321,0.8043303
688.1253,687.3211,0.8042311
688.1253,687.3211,0.8041941
688.1253,687.3211,0.8041828
688.1253,687.3212,0.8041422
688.1253,687.3212,0.8040663
688.1253,687.3214,0.803919
688.1253,687.3214,0.8038873
688.1253,687.3214,0.8038652
688.1253,687.3217,0.8036162
688.1253,687.3217,0.8035788
688.1253,687.3218,0.8035126
688.1253,687.3218,0.8034579
688.1253,687.3219,0.803382
688.1253,687.322,0.8032931
688.1253,687.3221,0.8031911
688.1253,687.3221,0.803166
688.1253,687.3221,0.8031561
688.1253,687.3222,0.8031366
688.1253,687.3222,0.8030857
688.1253,687.3223,0.8030017
688.1253,687.3224,0.8029299
688.1253,687.3225,0.8028466
688.1253,687.3225,0.8028237
688.1253,687.3226,0.8026976
688.1253,687.3226,0.8026947
688.1253,687.3226,0.8026904
688.1253,687.3226,0.8026704
688.1253,687.3226,0.802668
688.1253,687.3227,0.8026384
688.1253,687.3228,0.8025377
688.1253,687.3228,0.8024821
688.1253,687.3229,0.8024452
688.1253,687.3229,0.8023861
688.1253,687.323,0.8023398
688.1253,687.3231,0.8022312
688.1253,687.3231,0.8021713
688.1253,687.3231,0.8021645
688.1253,687.3231,0.8021565
688.1253,687.3232,0.8021488
688.1253,687.3232,0.8021423
688.1253,687.3232,0.8021224
688.1253,687.3232,0.8020624
688.1253,687.3233,0.8020326
688.1253,687.3233,0.8020206
688.1253,687.3233,0.8019574
688.1253,687.3234,0.8019197
688.1253,687.3234,0.8019006
688.1253,687.3235,0.8018029
688.1253,687.3236,0.8017155
688.1253,687.3236,0.8016571
688.1253,687.3237,0.8016347
688.1253,687.3237,0.8016218
688.1253,687.3237,0.8016152
688.1253,687.3237,0.8015953
688.1253,687.3237,0.8015905
688.1253,687.3238,0.8015264
688.1253,687.3238,0.8014804
688.1253,687.3239,0.8014374
688.1253,687.3239,0.8013894
688.1253,687.3239,0.8013794
688.1253,687.3239,0.8013588
688.1253,687.324,0.8013166
688.1253,687.324,0.8012856
688.1253,687.3241,0.801241
688.1253,687.3241,0.8011542
688.1253,687.3242,0.801129
688.1253,687.3242,0.8011158
688.1253,687.3242,0.8010875
688.1253,687.3242,0.8010741
688.1253,687.3242,0.8010661
688.1253,687.3244,0.8009107
688.1253,687.3244,0.800867
688.1253,687.3245,0.8008431
688.1253,687.3245,0.8008219
688.1253,687.3245,0.8008122
688.1253,687.3245,0.8007951
688.1253,687.3245,0.8007819
688.1253,687.3245,0.8007616
688.1253,687.3245,0.80076
688.1253,687.3246,0.8007079
688.1253,687.3246,0.8006547
688.1253,687.3246,0.8006542
688.1253,687.3247,0.8006246
688.1253,687.3247,0.8006223
688.1253,687.3247,0.8006207
688.1253,687.3247,0.8006133
688.1253,687.3247,0.8005873
688.1253,687.3247,0.8005703
688.1253,687.3248,0.8005339
688.1253,687.3248,0.8005143
688.1253,687.3248,0.8005087
688.1253,687.3248,0.8005072
688.1253,687.3248,0.8004852
688.1253,687.3248,0.8004589
688.1253,687.3249,0.8004367
688.1253,687.3249,0.8004126
688.1253,687.3249,0.8004095
688.1253,687.3249,0.8003955
688.1253,687.3249,0.8003928
688.1253,687.3249,0.8003673
688.1253,687.3249,0.8003526
688.1253,687.3249,0.8003519
688.1253,687.325,0.8003181
688.1253,687.3251,0.8002239
688.1253,687.3251,0.8001928
688.1253,687.3251,0.800172
688.1253,687.3251,0.8001717
688.1253,687.3252,0.8000977
688.1253,687.3252,0.8000853
688.1253,687.3252,0.8000516
688.1253,687.3253,0.8000288
688.1253,687.3253,0.8000252
688.1253,687.3253,0.7999949
688.1253,687.3253,0.7999672
688.1253,687.3253,0.7999566
688.1253,687.3253,0.7999527
688.1253,687.3254,0.79995
688.1253,687.3254,0.7999355
688.1253,687.3254,0.7999301
688.1253,687.3254,0.7998982
688.1253,687.3254,0.799874
688.1253,687.3255,0.799836
688.1253,687.3255,0.7998264
688.1253,687.3255,0.7998209
688.1253,687.3255,0.7998007
688.1253,687.3255,0.7997895
688.1253,687.3256,0.7997365
688.1253,687.3256,0.7997194
688.1253,687.3256,0.7996838
688.1253,687.3256,0.7996791
688.1253,687.3256,0.7996738
688.1253,687.3256,0.7996652
688.1253,687.3256,0.7996576
688.1253,687.3257,0.7996375
688.1253,687.3257,0.7996165
688.1253,687.3257,0.7995974
688.1253,687.3257,0.7995697
688.1253,687.3257,0.7995674
688.1253,687.3257,0.7995619
688.1253,687.3257,0.799553
688.1253,687.3258,0.7995157
688.1253,687.3258,0.7995043
688.1253,687.3258,0.7994868
688.1253,687.3258,0.7994831
688.1253,687.3258,0.7994622
688.1253,687.3258,0.7994539
688.1253,687.3259,0.7994452
688.1253,687.3259,0.7994382
688.1253,687.3259,0.7994353
688.1253,687.3259,0.7994324
688.1253,687.3259,0.7994278
688.1253,687.326,0.7993444
688.1253,687.326,0.7993443
688.1253,687.326,0.7993282
688.1253,687.326,0.7993174
688.1253,687.326,0.7992888
688.1253,687.3261,0.7992438
688.1253,687.3261,0.7991971
688.1253,687.3261,0.7991922
688.1253,687.3261,0.799154
688.1253,687.3262,0.7991434
688.1253,687.3262,0.799117
688.1253,687.3262,0.7991141
688.1253,687.3262,0.7991082
688.1253,687.3262,0.7990942
688.1253,687.3262,0.7990845
688.1253,687.3262,0.799081
688.1253,687.3262,0.7990776
688.1253,687.3262,0.7990561
688.1253,687.3263,0.7990405
688.1253,687.3263,0.799027
688.1253,687.3263,0.7989951
688.1253,687.3263,0.7989949
688.1253,687.3263,0.7989766
688.1253,687.3264,0.7989387
688.1253,687.3264,0.7989262
688.1253,687.3264,0.7989187
688.1253,687.3264,0.7988879
688.1253,687.3264,0.7988581
688.1253,687.3265,0.7987742
688.1253,687.3265,0.7987558
688.1253,687.3266,0.7987408
688.1253,687.3266,0.7987394
688.1253,687.3266,0.7987167
688.1253,687.3266,0.7986888
688.1253,687.3266,0.7986621
688.1253,687.3266,0.7986593
688.1253,687.3266,0.798658
688.1253,687.3266,0.7986569
688.1253,687.3267,0.798632
688.1253,687.3267,0.7986189
688.1253,687.3267,0.7986136
688.1253,687.3267,0.7986132
688.1253,687.3267,0.798603
688.1253,687.3267,0.7985928
688.1253,687.3267,0.798578
688.1253,687.3267,0.7985719
688.1253,687.3267,0.798558
688.1253,687.3268,0.7985354
688.1253,687.3268,0.7985239
688.1253,687.3268,0.7985213
688.1253,687.3268,0.7985025
688.1253,687.3268,0.7984797
688.1253,687.3268,0.7984686
688.1253,687.3269,0.7984373
688.1253,687.3269,0.7984365
688.1253,687.3269,0.7984335
688.1253,687.3269,0.798416
688.1253,687.3269,0.7983848
688.1253,687.3269,0.7983824
688.1253,687.3269,0.7983789
688.1253,687.3269,0.7983656
688.1253,687.3269,0.7983626
688.1253,687.327,0.7983003
688.1253,687.327,0.7982946
688.1253,687.327,0.7982692
688.1253,687.327,0.7982596
688.1253,687.327,0.7982552
688.1253,687.3271,0.7982467
688.1253,687.3271,0.7982404
688.1253,687.3271,0.7982384
688.1253,687.3271,0.7982327
688.1253,687.3271,0.7982249
688.1253,687.3271,0.7981835
688.1253,687.3271,0.7981751
688.1253,687.3272,0.7981415
688.1253,687.3272,0.7981212
688.1253,687.3272,0.7980931
688.1253,687.3272,0.7980659
688.1253,687.3272,0.7980658
688.1253,687.3272,0.7980526
688.1253,687.3273,0.7979901
688.1253,687.3273,0.7979729
688.1253,687.3273,0.7979528
688.1253,687.3274,0.7979236
688.1253,687.3274,0.7979006
688.1253,687.3274,0.7978942
688.1253,687.3274,0.797892
688.1253,687.3274,0.7978785
688.1253,687.3274,0.7978639
688.1253,687.3274,0.7978538
688.1253,687.3275,0.7978182
688.1253,687.3275,0.7978097
688.1253,687.3275,0.7977524
688.1253,687.3276,0.7977408
688.1253,687.3276,0.7977069
688.1253,687.3276,0.7976961
688.1253,687.3277,0.7976081
688.1253,687.3277,0.7975782
688.1253,687.3277,0.7975709
688.1253,687.3277,0.7975638
688.1253,687.3277,0.7975623
688.1253,687.3277,0.7975549
688.1253,687.3278,0.7975355
688.1253,687.3278,0.7975208
688.1253,687.3278,0.7974832
688.1253,687.3278,0.7974532
688.1253,687.3279,0.7974368
688.1253,687.3279,0.7973862
688.1253,687.3279,0.7973725
688.1253,687.3279,0.7973614
688.1253,687.328,0.7973494
688.1253,687.328,0.797302
688.1253,687.328,0.7972529
688.1253,687.3281,0.7972346
688.1253,687.3281,0.7972317
688.1253,687.3281,0.7971873
688.1253,687.3282,0.7971372
688.1253,687.3282,0.7971099
688.1253,687.3282,0.7970562
688.1253,687.3283,0.7970247
688.1253,687.3283,0.7970181
688.1253,687.3283,0.7970014
688.1253,687.3283,0.7969653
688.1253,687.3284,0.7969456
688.1253,687.3284,0.7969313
688.1253,687.3284,0.796918
688.1253,687.3284,0.7968585
688.1253,687.3285,0.7968087
688.1253,687.3285,0.7967972
688.1253,687.3285,0.7967588
688.1253,687.3286,0.7967446
688.1253,687.3286,0.7967363
688.1253,687.3286,0.7967343
688.1253,687.3287,0.7966317
688.1253,687.3287,0.7966242
688.1253,687.3287,0.7965715
688.1253,687.3288,0.7964661
688.1253,687.3288,0.7964564
688.1253,687.3289,0.796378
688.1253,687.329,0.7963407
688.1253,687.329,0.7963332
688.1253,687.329,0.7963264
688.1253,687.329,0.7963241
688.1253,687.329,0.7963186
688.1253,687.329,0.7963027
688.1253,687.329,0.7962986
688.1253,687.329,0.7962926
688.1253,687.329,0.7962835
688.1253,687.329,0.7962577
688.1253,687.3291,0.7962163
688.1253,687.3291,0.7962049
688.1253,687.3291,0.7962031
688.1253,687.3291,0.7961965
688.1253,687.3291,0.7961717
688.1253,687.3291,0.7961615
688.1253,687.3291,0.7961568
688.1253,687.3292,0.796126
688.1253,687.3292,0.7960868
688.1253,687.3292,0.7960854
688.1253,687.3292,0.7960725
688.1253,687.3292,0.7960548
688.1253,687.3292,0.7960548
688.1253,687.3293,0.7960447
688.1253,687.3293,0.7959685
688.1253,687.3293,0.7959678
688.1253,687.3293,0.7959637
688.1253,687.3294,0.7959016
688.1253,687.3294,0.795898
688.1253,687.3294,0.7958856
688.1253,687.3294,0.7958784
688.1253,687.3295,0.7957874
688.1253,687.3295,0.7957755
688.1253,687.3295,0.7957738
688.1253,687.3295,0.7957669
688.1253,687.3296,0.7956865
688.1253,687.3296,0.7956572
688.1253,687.3297,0.7955893
688.1253,687.3297,0.7955603
688.1253,687.3298,0.7955326
688.1253,687.3298,0.7955163
688.1253,687.3298,0.7955141
688.1253,687.3298,0.7954799
688.1253,687.3298,0.7954535
688.1253,687.3299,0.7954004
688.1253,687.33,0.795342
688.1253,687.33,0.7953284
688.1253,687.33,0.7953079
688.1253,687.33,0.7952531
688.1253,687.3301,0.7952225
688.1253,687.3301,0.7952162
688.1253,687.3301,0.7952141
688.1253,687.3302,0.7950994
688.1253,687.3302,0.7950908
688.1253,687.3302,0.7950904
688.1253,687.3302,0.7950786
688.1253,687.3303,0.7950197
688.1253,687.3304,0.7949449
688.1253,687.3304,0.7949318
688.1253,687.3304,0.794929
688.1253,687.3305,0.7948459
688.1253,687.3306,0.79475
688.1253,687.3306,0.7947095
688.1253,687.3306,0.7946968
688.1253,687.3306,0.7946616
688.1253,687.3307,0.7946346
688.1253,687.3307,0.7946223
688.1253,687.3307,0.7945883
688.1253,687.3308,0.7944612
688.1253,687.3309,0.7944411
688.1253,687.3309,0.7944198
688.1253,687.3309,0.7944062
688.1253,687.3309,0.7943967
688.1253,687.331,0.7943295
688.1253,687.331,0.7942654
688.1253,687.3311,0.7942305
688.1253,687.3311,0.7942162
688.1253,687.3312,0.7940939
688.1253,687.3313,0.7939803
688.1253,687.3314,0.7939149
688.1253,687.3314,0.7939075
688.1253,687.3315,0.7938485
688.1253,687.3315,0.7938047
688.1253,687.3316,0.7937484
688.1253,687.3316,0.7937418
688.1253,687.3316,0.7937347
688.1253,687.3316,0.7936915
688.1253,687.3316,0.7936904
688.1253,687.3316,0.7936769
688.1253,687.3316,0.7936609
688.1253,687.3317,0.793575
688.1253,687.3318,0.7935446
688.1253,687.3318,0.79351
688.1253,687.332,0.7932777
688.1253,687.332,0.7932616
688.1253,687.332,0.7932577
688.1253,687.3321,0.7932444
688.1253,687.3321,0.793215
688.1253,687.3321,0.7931883
688.1253,687.3322,0.7931438
688.1253,687.3322,0.7931326
688.1253,687.3322,0.7930762
688.1253,687.3322,0.7930521
688.1253,687.3324,0.7929493
688.1253,687.3324,0.7929185
688.1253,687.3324,0.7929066
688.1253,687.3325,0.792784
688.1253,687.3325,0.7927627
688.1253,687.3326,0.792701
688.1253,687.3327,0.7926339
688.1253,687.3327,0.7925598
688.1253,687.3328,0.7925305
688.1253,687.3328,0.7924761
688.1253,687.3328,0.7924752
688.1253,687.3328,0.792465
688.1253,687.3329,0.7924202
688.1253,687.333,0.7923173
688.1253,687.333,0.7922605
688.1253,687.3331,0.792207
688.1253,687.3331,0.7922058
688.1253,687.3331,0.7921643
688.1253,687.3332,0.7921369
688.1253,687.3332,0.7920885
688.1253,687.3332,0.7920653
688.1253,687.3333,0.792022
688.1253,687.3333,0.792
688.1253,687.3333,0.7919557
688.1253,687.3334,0.7918731
688.1253,687.3335,0.7917929
688.1253,687.3335,0.7917538
688.1253,687.3336,0.7917379
688.1253,687.3336,0.7917081
688.1253,687.3336,0.7916912
688.1253,687.3336,0.7916518
688.1253,687.3337,0.7916314
688.1253,687.3337,0.7915556
688.1253,687.3338,0.7915371
688.1253,687.3338,0.7914508
688.1253,687.334,0.791287
688.1253,687.334,0.7912515
688.1253,687.3341,0.791237
688.1253,687.3342,0.7911481
688.1253,687.3342,0.7910533
688.1253,687.3344,0.7909055
688.1253,687.3344,0.7909025
688.1253,687.3344,0.7908798
688.1253,687.3344,0.790874
688.1253,687.3345,0.7908281
688.1253,687.3345,0.7907612
688.1253,687.3346,0.7907051
688.1253,687.3346,0.7906733
688.1253,687.3347,0.7906498
688.1253,687.3347,0.7906389
688.1253,687.3347,0.7906241
688.1253,687.3347,0.7906166
688.1253,687.3347,0.7905951
688.1253,687.3348,0.7905177
688.1253,687.3348,0.7905127
688.1253,687.335,0.7903418
688.1253,687.335,0.790253
688.1253,687.3351,0.7901744
688.1253,687.3351,0.7901641
688.1253,687.3352,0.7900819
688.1253,687.3352,0.7900657
688.1253,687.3353,0.7899973
688.1253,687.3354,0.7899342
688.1253,687.3354,0.7899268
688.1253,687.3354,0.7899208
688.1253,687.3354,0.789901
688.1253,687.3354,0.7898821
688.1253,687.3354,0.7898722
688.1253,687.3354,0.7898654
688.1253,687.3354,0.7898578
688.1253,687.3355,0.7898235
688.1253,687.3355,0.7898065
688.1253,687.3355,0.789794
688.1253,687.3356,0.7897411
688.1253,687.3356,0.7897158
688.1253,687.3356,0.7897086
688.1253,687.3356,0.7896894
688.1253,687.3357,0.7895816
688.1253,687.3357,0.7895776
688.1253,687.3357,0.7895676
688.1253,687.3359,0.7894487
688.1253,687.3359,0.7894272
688.1253,687.3359,0.7894168
688.1253,687.3359,0.7894136
688.1253,687.3359,0.7893662
688.1253,687.336,0.7893057
688.1253,687.336,0.7893056
688.1253,687.336,0.7892781
688.1253,687.336,0.7892696
688.1253,687.3361,0.7892467
688.1253,687.3361,0.7892346
688.1253,687.3361,0.7891551
688.1253,687.3362,0.7891461
688.1253,687.3362,0.7891024
688.1253,687.3362,0.7890937
688.1253,687.3362,0.7890799
688.1253,687.3362,0.7890795
688.1253,687.3363,0.7890412
688.1253,687.3363,0.7890411
688.1253,687.3363,0.7890027
688.1253,687.3363,0.7889987
688.1253,687.3363,0.7889844
688.1253,687.3363,0.7889652
688.1253,687.3364,0.7889266
688.1253,687.3364,0.7888767
688.1253,687.3364,0.7888719
688.1253,687.3365,0.788822
688.1253,687.3365,0.7888143
688.1253,687.3365,0.7887822
688.1253,687.3365,0.7887719
688.1253,687.3365,0.788764
688.1253,687.3365,0.7887631
688.1253,687.3366,0.7887229
688.1253,687.3366,0.7887095
688.1253,687.3366,0.7887003
688.1253,687.3366,0.7886706
688.1253,687.3367,0.7886178
688.1253,687.3367,0.7885882
688.1253,687.3367,0.7885717
688.1253,687.3367,0.7885553
688.1253,687.3368,0.7885401
688.1253,687.3368,0.7885304
688.1253,687.3368,0.7885197
688.1253,687.3368,0.7884917
688.1253,687.3368,0.788456
688.1253,687.3369,0.7884429
688.1253,687.3369,0.7884287
688.1253,687.3369,0.7883905
688.1253,687.3369,0.7883863
688.1253,687.337,0.7883443
688.1253,687.337,0.7883162
688.1253,687.337,0.7882968
688.1253,687.337,0.7882546
688.1253,687.3371,0.7882276
688.1253,687.3371,0.788203
688.1253,687.3371,0.7881969
688.1253,687.3371,0.788172
688.1253,687.3371,0.788165
688.1253,687.3372,0.788128
688.1253,687.3372,0.7881266
688.1253,687.3372,0.7881196
688.1253,687.3372,0.7881164
688.1253,687.3372,0.7880872
688.1253,687.3372,0.7880646
688.1253,687.3372,0.7880567
688.1253,687.3372,0.788051
688.1253,687.3373,0.7880357
688.1253,687.3373,0.7880237
688.1253,687.3373,0.7880069
688.1253,687.3373,0.7879865
688.1253,687.3373,0.7879837
688.1253,687.3373,0.7879569
688.1253,687.3373,0.7879554
688.1253,687.3374,0.7879148
688.1253,687.3374,0.7879095
688.1253,687.3374,0.7878757
688.1253,687.3374,0.7878574
688.1253,687.3375,0.7878456
688.1253,687.3375,0.7878396
688.1253,687.3375,0.7878158
688.1253,687.3375,0.7878098
688.1253,687.3375,0.7877977
688.1253,687.3375,0.7877868
688.1253,687.3375,0.787781
688.1253,687.3375,0.7877633
688.1253,687.3376,0.787746
688.1253,687.3376,0.787738
688.1253,687.3376,0.7877325
688.1253,687.3376,0.7877202
688.1253,687.3376,0.7877009
688.1253,687.3377,0.787635
688.1253,687.3377,0.7876313
688.1253,687.3377,0.7876288
688.1253,687.3377,0.7876211
688.1253,687.3377,0.7876186
688.1253,687.3377,0.7876106
688.1253,687.3378,0.7875473
688.1253,687.3378,0.7875271
688.1253,687.3378,0.7874897
688.1253,687.3378,0.7874874
688.1253,687.3378,0.7874835
688.1253,687.3378,0.7874829
688.1253,687.3378,0.7874612
688.1253,687.3379,0.7874485
688.1253,687.3379,0.7874379
688.1253,687.3379,0.7874376
688.1253,687.3379,0.7874313
688.1253,687.3379,0.7874312
688.1253,687.3379,0.7873998
688.1253,687.3379,0.787384
688.1253,687.3379,0.7873557
688.1253,687.3379,0.7873534
688.1253,687.338,0.7873351
688.1253,687.338,0.7873166
688.1253,687.338,0.7872736
688.1253,687.3381,0.7872399
688.1253,687.3381,0.7872309
688.1253,687.3381,0.7872005
688.1253,687.3382,0.7871247
688.1253,687.3382,0.7871021
688.1253,687.3382,0.7870994
688.1253,687.3382,0.7870947
688.1253,687.3382,0.7870851
688.1253,687.3382,0.7870555
688.1253,687.3383,0.7870415
688.1253,687.3383,0.7870413
688.1253,687.3383,0.7870246
688.1253,687.3383,0.7869925
688.1253,687.3383,0.7869899
688.1253,687.3383,0.7869625
688.1253,687.3384,0.7869032
688.1253,687.3384,0.7868927
688.1253,687.3384,0.786866
688.1253,687.3384,0.7868505
688.1253,687.3385,0.7868377
688.1253,687.3385,0.7867787
688.1253,687.3385,0.7867707
688.1253,687.3386,0.7867055
688.1253,687.3386,0.7866877
688.1253,687.3386,0.7866838
688.1253,687.3386,0.7866701
688.1253,687.3387,0.7866321
688.1253,687.3387,0.7866321
688.1253,687.3387,0.7866215
688.1253,687.3387,0.7866139
688.1253,687.3387,0.7866024
688.1253,687.3387,0.7866008
688.1253,687.3387,0.7865643
688.1253,687.3387,0.7865559
688.1253,687.3388,0.7865392
688.1253,687.3388,0.7865389
688.1253,687.3388,0.7865247
688.1253,687.3388,0.7865059
688.1253,687.3388,0.7865013
688.1253,687.3388,0.7864795
688.1253,687.3388,0.7864673
688.1253,687.3389,0.786446
688.1253,687.3389,0.7864307
688.1253,687.3389,0.7863893
688.1253,687.3389,0.7863851
688.1253,687.3389,0.7863572
688.1253,687.339,0.7863406
688.1253,687.339,0.7863364
688.1253,687.339,0.7863293
688.1253,687.339,0.7862986
688.1253,687.339,0.7862955
688.1253,687.339,0.7862516
688.1253,687.3391,0.7862356
688.1253,687.3391,0.7862329
688.1253,687.3391,0.786227
688.1253,687.3391,0.7861553
688.1253,687.3391,0.7861524
688.1253,687.3391,0.7861514
688.1253,687.3392,0.7861019
688.1253,687.3392,0.786087
688.1253,687.3392,0.7860743
688.1253,687.3393,0.7860333
688.1253,687.3393,0.7860059
688.1253,687.3393,0.7859997
688.1253,687.3393,0.7859808
688.1253,687.3393,0.7859663
688.1253,687.3394,0.7859411
688.1253,687.3394,0.785912
688.1253,687.3394,0.7858671
688.1253,687.3394,0.7858545
688.1253,687.3394,0.7858539
688.1253,687.3395,0.7858179
688.1253,687.3395,0.7857694
688.1253,687.3395,0.7857561
688.1253,687.3396,0.7857329
688.1253,687.3396,0.7857265
688.1253,687.3396,0.7856955
688.1253,687.3396,0.785679
688.1253,687.3396,0.7856664
688.1253,687.3396,0.7856617
688.1253,687.3397,0.7856302
688.1253,687.3397,0.7855847
688.1253,687.3397,0.7855642
688.1253,687.3397,0.7855536
688.1253,687.3398,0.7855105
688.1253,687.3398,0.7855058
688.1253,687.3398,0.785483
688.1253,687.3398,0.7854806
688.1253,687.3398,0.7854748
688.1253,687.3398,0.7854655
688.1253,687.3399,0.7854491
688.1253,687.3399,0.7854254
688.1253,687.3399,0.7854223
688.1253,687.3399,0.7853993
688.1253,687.34,0.7853354
688.1253,687.34,0.7853113
688.1253,687.34,0.7852998
688.1253,687.34,0.7852958
688.1253,687.34,0.7852548
688.1253,687.3401,0.7851927
688.1253,687.3401,0.7851703
688.1253,687.3401,0.7851589
688.1253,687.3402,0.7851378
688.1253,687.3402,0.7851196
688.1253,687.3402,0.7851168
688.1253,687.3402,0.7851105
688.1253,687.3402,0.7851048
688.1253,687.3402,0.7850979
688.1253,687.3402,0.7850759
688.1253,687.3403,0.7849721
688.1253,687.3404,0.7849242
688.1253,687.3404,0.7848598
688.1253,687.3405,0.7848477
688.1253,687.3405,0.7848293
688.1253,687.3406,0.7847499
688.1253,687.3406,0.7847401
688.1253,687.3406,0.7847241
688.1253,687.3407,0.784596
688.1253,687.3407,0.7845836
688.1253,687.3407,0.7845713
688.1253,687.3408,0.7844898
688.1253,687.3408,0.7844614
688.1253,687.3408,0.7844564
688.1253,687.3408,0.7844536
688.1253,687.3409,0.7844277
688.1253,687.3409,0.7843907
688.1253,687.3409,0.7843736
688.1253,687.3409,0.7843549
688.1253,687.341,0.7843496
688.1253,687.341,0.7843453
688.1253,687.341,0.7843266
688.1253,687.341,0.7842598
688.1253,687.3411,0.7842447
688.1253,687.3411,0.7841979
688.1253,687.3412,0.7841293
688.1253,687.3412,0.7841255
688.1253,687.3412,0.7841251
688.1253,687.3412,0.7840763
688.1253,687.3413,0.7839889
688.1253,687.3413,0.7839793
688.1253,687.3414,0.783946
688.1253,687.3414,0.7839286
688.1253,687.3414,0.7838672
688.1253,687.3415,0.7838161
688.1253,687.3415,0.7837906
688.1253,687.3415,0.7837776
688.1253,687.3415,0.7837696
688.1253,687.3416,0.7837481
688.1253,687.3416,0.7837268
688.1253,687.3416,0.7836902
688.1253,687.3416,0.7836611
688.1253,687.3417,0.7836028
688.1253,687.3417,0.7835901
688.1253,687.3418,0.783505
688.1253,687.3418,0.7834952
688.1253,687.3419,0.7834499
688.1253,687.3419,0.783402
688.1253,687.3419,0.7833896
688.1253,687.3419,0.7833666
688.1253,687.342,0.7833276
688.1253,687.342,0.7833183
688.1253,687.342,0.7832905
688.1253,687.342,0.7832763
688.1253,687.3421,0.7831718
688.1253,687.3422,0.7831076
688.1253,687.3422,0.783073
688.1253,687.3422,0.7830678
688.1253,687.3423,0.7830332
688.1253,687.3423,0.7830084
688.1253,687.3423,0.7830042
688.1253,687.3423,0.7829832
688.1253,687.3424,0.7829227
688.1253,687.3425,0.7828387
688.1253,687.3425,0.7827964
688.1253,687.3425,0.7827766
688.1253,687.3425,0.7827714
688.1253,687.3426,0.7826995
688.1253,687.3426,0.7826508
688.1253,687.3428,0.7825329
688.1253,687.3428,0.7824932
688.1253,687.3428,0.7824637
688.1253,687.3429,0.78239
688.1253,687.3429,0.782387
688.1253,687.3429,0.7823824
688.1253,687.3429,0.7823508
688.1253,687.343,0.7823396
688.1253,687.343,0.7823341
688.1253,687.343,0.7823158
688.1253,687.343,0.7822705
688.1253,687.343,0.7822642
688.1253,687.343,0.7822621
688.1253,687.3431,0.7822372
688.1253,687.3431,0.7822181
688.1253,687.3431,0.7821877
688.1253,687.3431,0.782158
688.1253,687.3432,0.782148
688.1253,687.3432,0.7821427
688.1253,687.3432,0.7821411
688.1253,687.3432,0.7820682
688.1253,687.3432,0.7820622
688.1253,687.3433,0.7820417
688.1253,687.3433,0.7819794
688.1253,687.3433,0.7819702
688.1253,687.3434,0.7819308
688.1253,687.3434,0.7819241
688.1253,687.3434,0.7819092
688.1253,687.3435,0.7818398
688.1253,687.3435,0.7818148
688.1253,687.3435,0.7817943
688.1253,687.3435,0.7817884
688.1253,687.3435,0.7817695
688.1253,687.3435,0.7817652
688.1253,687.3436,0.7817165
688.1253,687.3436,0.7817057
688.1253,687.3436,0.7816986
688.1253,687.3436,0.7816733
688.1253,687.3436,0.7816637
688.1253,687.3437,0.7816498
688.1253,687.3438,0.7815171
688.1253,687.3438,0.7814966
688.1253,687.3438,0.7814752
688.1253,687.3438,0.7814695
688.1253,687.3438,0.781453
688.1253,687.3439,0.781438
688.1253,687.3439,0.7814378
688.1253,687.3439,0.7814045
688.1253,687.3439,0.7813548
688.1253,687.3439,0.7813506
688.1253,687.344,0.7812943
688.1253,687.344,0.7812924
688.1253,687.344,0.7812898
688.1253,687.344,0.7812534
688.1253,687.3441,0.7812292
688.1253,687.3441,0.7811837
688.1253,687.3441,0.7811674
688.1253,687.3442,0.78114
688.1253,687.3442,0.7811384
688.1253,687.3442,0.7811089
688.1253,687.3443,0.7810238
688.1253,687.3443,0.780977
688.1253,687.3445,0.7808154
688.1253,687.3446,0.7807439
688.1253,687.3447,0.7806327
688.1253,687.3447,0.7806135
688.1253,687.3447,0.780591
688.1253,687.3448,0.780542
688.1253,687.3448,0.7805009
688.1253,687.3448,0.78047
688.1253,687.3448,0.7804516
688.1253,687.3449,0.7804495
688.1253,687.3449,0.7804223
688.1253,687.3449,0.7804194
688.1253,687.3449,0.7804137
688.1253,687.3449,0.7804078
688.1253,687.3449,0.7803804
688.1253,687.3449,0.7803752
688.1253,687.345,0.7802903
688.1253,687.345,0.7802718
688.1253,687.3452,0.7801199
688.1253,687.3452,0.7801044
688.1253,687.3452,0.780085
688.1253,687.3452,0.780077
688.1253,687.3453,0.780003
688.1253,687.3453,0.7799982
688.1253,687.3453,0.7799896
688.1253,687.3454,0.7799439
688.1253,687.3454,0.7799436
688.1253,687.3454,0.7799323
688.1253,687.3454,0.7798587
688.1253,687.3454,0.7798523
688.1253,687.3455,0.7798107
688.1253,687.3456,0.7797469
688.1253,687.3456,0.7797241
688.1253,687.3456,0.7797075
688.1253,687.3456,0.7796931
688.1253,687.3457,0.7796452
688.1253,687.3457,0.7795742
688.1253,687.3458,0.7794888
688.1253,687.3459,0.7794432
688.1253,687.3459,0.779429
688.1253,687.3459,0.7793698
688.1253,687.3459,0.7793653
688.1253,687.3459,0.779356
688.1253,687.346,0.7793261
688.1253,687.346,0.7792898
688.1253,687.3461,0.7792167
688.1253,687.3461,0.7792158
688.1253,687.3461,0.7792081
688.1253,687.3461,0.7791718
688.1253,687.3461,0.77917
688.1253,687.3461,0.7791626
688.1253,687.3461,0.7791596
688.1253,687.3462,0.7791421
688.1253,687.3462,0.7791082
688.1253,687.3462,0.7790862
688.1253,687.3463,0.7789903
688.1253,687.3463,0.7789539
688.1253,687.3464,0.7789368
688.1253,687.3464,0.7789354
688.1253,687.3464,0.7789136
688.1253,687.3464,0.7789107
688.1253,687.3465,0.7788387
688.1253,687.3465,0.7788344
688.1253,687.3465,0.7788013
688.1253,687.3465,0.7787754
688.1253,687.3465,0.7787505
688.1253,687.3466,0.7787325
688.1253,687.3466,0.7786791
688.1253,687.3466,0.7786764
688.1253,687.3466,0.7786591
688.1253,687.3467,0.7786191
688.1253,687.3467,0.7785669
688.1253,687.3468,0.7785164
688.1253,687.3468,0.7784957
688.1253,687.3468,0.7784794
688.1253,687.3468,0.7784527
688.1253,687.3469,0.7784491
688.1253,687.3469,0.7784272
688.1253,687.3469,0.7784123
688.1253,687.3469,0.7783841
688.1253,687.3469,0.7783615
688.1253,687.347,0.7783498
688.1253,687.347,0.7783474
688.1253,687.347,0.77825
688.1253,687.3471,0.7782406
688.1253,687.3471,0.7781771
688.1253,687.3471,0.7781681
688.1253,687.3472,0.7781181
688.1253,687.3474,0.7779436
688.1253,687.3474,0.7779353
688.1253,687.3474,0.7779115
688.1253,687.3474,0.7778822
688.1253,687.3474,0.7778822
688.1253,687.3474,0.7778732
688.1253,687.3474,0.7778573
688.1253,687.3475,0.7778437
688.1253,687.3475,0.777824
688.1253,687.3475,0.777823
688.1253,687.3476,0.7777248
688.1253,687.3476,0.7777192
688.1253,687.3476,0.7777138
688.1253,687.3476,0.7776758
688.1253,687.3477,0.7776404
688.1253,687.3477,0.7776287
688.1253,687.3477,0.7776137
688.1253,687.3477,0.7775945
688.1253,687.3477,0.7775894
688.1253,687.3478,0.7775448
688.1253,687.3478,0.7775034
688.1253,687.3478,0.7774842
688.1253,687.3479,0.7774486
688.1253,687.3479,0.7773683
688.1253,687.3479,0.7773573
688.1253,687.348,0.7773276
688.1253,687.348,0.7772656
688.1253,687.3481,0.7772146
688.1253,687.3481,0.7772093
688.1253,687.3483,0.777048
688.1253,687.3483,0.777046
688.1253,687.3483,0.7770357
688.1253,687.3483,0.7770248
688.1253,687.3483,0.7770053
688.1253,687.3483,0.776969
688.1253,687.3484,0.7769377
688.1253,687.3485,0.7768191
688.1253,687.3485,0.7768029
688.1253,687.3486,0.7766625
688.1253,687.3487,0.7766379
688.1253,687.3487,0.7766315
688.1253,687.3487,0.776568
688.1253,687.3488,0.776548
688.1253,687.3488,0.7765403
688.1253,687.3488,0.7765152
688.1253,687.3489,0.7763637
688.1253,687.349,0.776325
688.1253,687.349,0.7763246
688.1253,687.349,0.7763139
688.1253,687.349,0.7762784
688.1253,687.349,0.7762585
688.1253,687.3491,0.7762469
688.1253,687.3492,0.7761249
688.1253,687.3492,0.7760973
688.1253,687.3492,0.7760698
688.1253,687.3492,0.7760617
688.1253,687.3492,0.7760505
688.1253,687.3493,0.776042
688.1253,687.3493,0.775977
688.1253,687.3493,0.7759738
688.1253,687.3494,0.7759438
688.1253,687.3494,0.7759348
688.1253,687.3494,0.7758716
688.1253,687.3495,0.7757689
688.1253,687.3496,0.7757497
688.1253,687.3496,0.7757414
688.1253,687.3496,0.7757364
688.1253,687.3496,0.7756517
688.1253,687.3497,0.7756237
688.1253,687.3497,0.7755614
688.1253,687.3498,0.7755229
688.1253,687.3498,0.7754524
688.1253,687.3499,0.7754337
688.1253,687.3499,0.7754135
688.1253,687.3499,0.7753937
688.1253,687.3499,0.7753928
688.1253,687.3499,0.775365
688.1253,687.35,0.7753097
688.1253,687.35,0.7752736
688.1253,687.3501,0.7751631
688.1253,687.3502,0.7751337
688.1253,687.3502,0.7751107
688.1253,687.3504,0.7749062
688.1253,687.3504,0.7748742
688.1253,687.3504,0.7748686
688.1253,687.3505,0.7747932
688.1253,687.3505,0.774763
688.1253,687.3506,0.7747068
688.1253,687.3506,0.7746664
688.1253,687.3507,0.774631
688.1253,687.3507,0.7746163
688.1253,687.3507,0.7745876
688.1253,687.3508,0.7744963
688.1253,687.3509,0.7744231
688.1253,687.3509,0.7743884
688.1253,687.351,0.7743483
688.1253,687.3512,0.7740896
688.1253,687.3512,0.7740712
688.1253,687.3512,0.7740657
688.1253,687.3512,0.7740644
688.1253,687.3513,0.7740296
688.1253,687.3513,0.7739954
688.1253,687.3514,0.7739186
688.1253,687.3514,0.7739176
688.1253,687.3515,0.7738493
688.1253,687.3516,0.7736755
688.1253,687.3517,0.7735648
688.1253,687.3518,0.7735457
688.1253,687.3518,0.7735341
688.1253,687.3518,0.7735282
688.1253,687.3518,0.7734835
688.1253,687.3519,0.7734421
688.1253,687.3519,0.7733949
688.1253,687.3519,0.7733845
688.1253,687.3519,0.7733789
688.1253,687.3521,0.7732282
688.1253,687.3521,0.7731857
688.1253,687.3521,0.7731857
688.1253,687.3521,0.7731749
688.1253,687.3523,0.7729896
688.1253,687.3523,0.7729649
688.1253,687.3524,0.7729196
688.1253,687.3524,0.7729153
688.1253,687.3524,0.7728698
688.1253,687.3525,0.7728195
688.1253,687.3525,0.7728107
688.1253,687.3525,0.7727885
688.1253,687.3525,0.7727843
688.1253,687.3525,0.7727716
688.1253,687.3526,0.772722
688.1253,687.3526,0.7727088
688.1253,687.3526,0.772662
688.1253,687.3527,0.7726262
688.1253,687.3528,0.7725238
688.1253,687.3528,0.7725141
688.1253,687.3529,0.7724202
688.1253,687.3529,0.7723667
688.1253,687.3529,0.7723606
688.1253,687.353,0.772338
688.1253,687.3532,0.7721245
688.1253,687.3532,0.7721167
688.1253,687.3532,0.7721087
688.1253,687.3532,0.7721058
688.1253,687.3533,0.771979
688.1253,687.3534,0.7719317
688.1253,687.3534,0.7718587
688.1253,687.3534,0.7718546
688.1253,687.3535,0.7718279
688.1253,687.3535,0.7717557
688.1253,687.3536,0.7716995
688.1253,687.3537,0.7716312
688.1253,687.3537,0.7715578
688.1253,687.3538,0.7714874
688.1253,687.3539,0.7713929
688.1253,687.354,0.7713396
688.1253,687.354,0.7712966
688.1253,687.3541,0.7711883
688.1253,687.3541,0.7711763
688.1253,687.3541,0.7711623
688.1253,687.3542,0.7710824
688.1253,687.3543,0.7710362
688.1253,687.3543,0.7710295
688.1253,687.3543,0.7710128
688.1253,687.3543,0.7710019
688.1253,687.3544,0.7708997
688.1253,687.3544,0.7708707
688.1253,687.3544,0.7708666
688.1253,687.3545,0.7707843
688.1253,687.3545,0.7707687
688.1253,687.3546,0.7706874
688.1253,687.3546,0.7706665
688.1253,687.3547,0.770644
688.1253,687.3547,0.7706355
688.1253,687.3548,0.7704533
688.1253,687.3549,0.7704218
688.1253,687.3549,0.7704052
688.1253,687.3549,0.7703597
688.1253,687.355,0.7702952
688.1253,687.3551,0.7702401
688.1253,687.3551,0.7702248
688.1253,687.3551,0.7701783
688.1253,687.3551,0.7701707
688.1253,687.3551,0.7701512
688.1253,687.3552,0.7701054
688.1253,687.3553,0.7699828
688.1253,687.3554,0.7699495
688.1253,687.3554,0.7699392
688.1253,687.3554,0.7698805
688.1253,687.3555,0.7698323
688.1253,687.3555,0.7698128
688.1253,687.3555,0.769755
688.1253,687.3556,0.7697443
688.1253,687.3556,0.7697265
688.1253,687.3556,0.7697253
688.1253,687.3556,0.7696795
688.1253,687.3557,0.7696201
688.1253,687.3557,0.7696141
688.1253,687.3557,0.7695598
688.1253,687.3557,0.7695539
688.1253,687.3558,0.7695483
688.1253,687.3558,0.7695241
688.1253,687.3559,0.7694365
688.1253,687.3559,0.7694315
688.1253,687.3559,0.769405
688.1253,687.3559,0.7693962
688.1253,687.3559,0.7693914
688.1253,687.3559,0.7693703
688.1253,687.3559,0.7693621
688.1253,687.356,0.7693336
688.1253,687.356,0.7693312
688.1253,687.356,0.7693101
688.1253,687.356,0.7692698
688.1253,687.3561,0.7692331
688.1253,687.3562,0.7691262
688.1253,687.3562,0.7691103
688.1253,687.3562,0.7691049
688.1253,687.3562,0.7690866
688.1253,687.3562,0.7690697
688.1253,687.3562,0.7690692
688.1253,687.3563,0.7690418
688.1253,687.3563,0.7690383
688.1253,687.3563,0.7690223
688.1253,687.3563,0.7689561
688.1253,687.3564,0.7689131
688.1253,687.3564,0.7689122
688.1253,687.3564,0.7688914
688.1253,687.3564,0.7688504
688.1253,687.3565,0.7688341
688.1253,687.3565,0.7687833
688.1253,687.3566,0.768712
688.1253,687.3566,0.7686823
688.1253,687.3566,0.768666
688.1253,687.3566,0.7686616
688.1253,687.3567,0.7686038
688.1253,687.3568,0.7684989
688.1253,687.3569,0.7684498
688.1253,687.3569,0.7684446
688.1253,687.3569,0.7684325
688.1253,687.3569,0.7684149
688.1253,687.3569,0.768413
688.1253,687.3569,0.7683745
688.1253,687.357,0.7683378
688.1253,687.357,0.7682809
688.1253,687.357,0.7682561
688.1253,687.3571,0.7681511
688.1253,687.3572,0.7681395
688.1253,687.3572,0.7680721
688.1253,687.3572,0.7680706
688.1253,687.3574,0.7678737
688.1253,687.3575,0.7677752
688.1253,687.3576,0.7677404
688.1253,687.3576,0.7677162
688.1253,687.3576,0.7676689
688.1253,687.3577,0.7676403
688.1253,687.3577,0.7676144
688.1253,687.3577,0.7675785
688.1253,687.3578,0.7675127
688.1253,687.3578,0.7674832
688.1253,687.3579,0.7674196
688.1253,687.358,0.7673247
688.1253,687.358,0.7672928
688.1253,687.3582,0.7671497
688.1253,687.3586,0.7666735
688.1253,687.3589,0.7664108
688.1253,687.3591,0.766212
688.1253,687.3592,0.7660715
688.1253,687.3593,0.7659621
688.1253,687.3596,0.7656755
688.1253,687.36,0.7652795
688.1253,687.3601,0.7651602
688.1253,687.3603,0.7649586
688.1253,687.3604,0.764914
688.1253,687.3606,0.7647447
688.1253,687.3607,0.7645678
688.1253,687.3609,0.7643596
688.1253,687.3612,0.7641246
688.1253,687.3612,0.764105
688.1253,687.3614,0.7638649
688.1253,687.3616,0.7637128
688.1253,687.362,0.763292
688.1253,687.3622,0.7631158
688.1253,687.3622,0.7630698
688.1253,687.3624,0.7629492
688.1253,687.3624,0.7628714
688.1253,687.363,0.7622816
688.1253,687.363,0.7622667
688.1253,687.3631,0.7622236
688.1253,687.3631,0.7621905
688.1253,687.3631,0.7621871
688.1253,687.3632,0.7621282
688.1253,687.3633,0.761966
688.1253,687.3634,0.7619078
688.1253,687.3634,0.7618528
688.1253,687.3635,0.7618465
688.1253,687.3635,0.7617956
688.1253,687.3636,0.7617193
688.1253,687.3636,0.7617159
688.1253,687.3636,0.7617117
688.1253,687.3636,0.7617034
688.1253,687.3637,0.7615582
688.1253,687.364,0.7613245
688.1253,687.364,0.7613042
688.1253,687.3641,0.7612111
688.1253,687.3641,0.7611688
688.1253,687.3642,0.7610834
688.1253,687.3643,0.7609963
688.1253,687.3643,0.760991
688.1253,687.3643,0.760952
688.1253,687.3646,0.7606909
688.1253,687.3647,0.7605576
688.1253,687.3648,0.760513
688.1253,687.3649,0.7604382
688.1253,687.3649,0.7604295
688.1253,687.365,0.7602875
688.1253,687.3651,0.7602119
688.1253,687.3652,0.7601459
688.1253,687.3656,0.7597401
688.1253,687.3658,0.7595097
688.1253,687.3659,0.7593813
688.1253,687.3661,0.759194
688.1253,687.3662,0.7591276
688.1253,687.3666,0.75871
688.1253,687.3666,0.7587013
688.1253,687.3668,0.7585405
688.1253,687.3668,0.7584925
688.1253,687.3671,0.758183
688.1253,687.3677,0.7575552
688.1253,687.3679,0.7574298
688.1253,687.3679,0.7574149
688.1253,687.368,0.7572961
688.1253,687.3681,0.7571521
688.1253,687.3682,0.7571263
688.1253,687.3682,0.7571125
688.1253,687.3682,0.7570547
688.1253,687.3686,0.7567135
688.1253,687.3689,0.7563661
688.1253,687.3691,0.7561945
688.1253,687.3693,0.7559855
688.1253,687.3693,0.7559704
688.1253,687.3696,0.7557331
688.1253,687.3696,0.7556735
688.1253,687.3697,0.7555828
688.1253,687.3698,0.7555064
688.1253,687.3698,0.7555052
688.1253,687.3698,0.7554886
688.1253,687.3699,0.7554458
688.1253,687.3702,0.7551387
688.1253,687.3702,0.7551204
688.1253,687.3703,0.7550405
688.1253,687.3705,0.7548417
688.1253,687.3708,0.7545255
688.1253,687.371,0.7543287
688.1253,687.371,0.7542913
688.1253,687.3711,0.7542099
688.1253,687.3712,0.7541101
688.1253,687.3714,0.7539498
688.1253,687.3718,0.7535354
688.1253,687.3718,0.7534752
688.1253,687.3719,0.7534189
688.1253,687.372,0.7533465
688.1253,687.372,0.7533147
688.1253,687.3721,0.7532396
688.1253,687.3721,0.7532004
688.1253,687.3721,0.7531588
688.1253,687.3721,0.7531544
688.1253,687.3726,0.7527223
688.1253,687.3729,0.7524279
688.1253,687.3731,0.7522227
688.1253,687.3732,0.7521371
688.1253,687.3732,0.7521307
688.1253,687.3732,0.7521217
688.1253,687.3733,0.7520265
688.1253,687.3733,0.7520208
688.1253,687.3733,0.7519852
688.1253,687.3736,0.7516974
688.1253,687.3736,0.7516884
688.1253,687.3737,0.7516296
688.1253,687.3737,0.7515611
688.1253,687.3738,0.7514768
688.1253,687.3738,0.7514742
688.1253,687.3739,0.7514105
688.1253,687.374,0.7513146
688.1253,687.3741,0.7512405
688.1253,687.3742,0.7510757
688.1253,687.3742,0.7510602
688.1253,687.3744,0.7509292
688.1253,687.3744,0.7509173
688.1253,687.3746,0.7507073
688.1253,687.3746,0.7506566
688.1253,687.3748,0.7505124
688.1253,687.3749,0.7503869
688.1253,687.3751,0.7502327
688.1253,687.3754,0.7498807
688.1253,687.3754,0.7498792
688.1253,687.3757,0.749638
688.1253,687.3761,0.7492373
688.1253,687.3761,0.7491708
688.1253,687.3763,0.7490448
688.1253,687.3767,0.7485509
688.1253,687.3896,0.7356866
688.1253,687.3954,0.7299138
688.1253,687.3994,0.7259288
688.1253,687.3996,0.7257408
688.1253,687.3999,0.7253644
688.1253,687.4002,0.7250703
688.1253,687.4009,0.7244321
688.1253,687.4011,0.724237
688.1253,687.4011,0.7241602
688.1253,687.4014,0.7239497
688.1253,687.4014,0.7239139
688.1253,687.4016,0.7236903
688.1253,687.4016,0.7236583
688.1253,687.4017,0.7235929
688.1253,687.4019,0.7234407
688.1253,687.402,0.7233245
688.1253,687.4022,0.7231415
688.1253,687.4022,0.7231359
688.1253,687.4023,0.7230408
688.1253,687.4023,0.7230393
688.1253,687.4023,0.7229876
688.1253,687.4024,0.7229499
688.1253,687.4024,0.7229224
688.1253,687.4024,0.7228877
688.1253,687.4024,0.722852
688.1253,687.4025,0.7228349
688.1253,687.4025,0.7228213
688.1253,687.4025,0.7228136
688.1253,687.4027,0.722602
688.1253,687.4027,0.7225961
688.1253,687.4027,0.7225824
688.1253,687.4028,0.7225265
688.1253,687.4028,0.722523
688.1253,687.4028,0.7225004
688.1253,687.4028,0.7224503
688.1253,687.4029,0.7224146
688.1253,687.4029,0.7223921
688.1253,687.4029,0.7223917
688.1253,687.4029,0.7223858
688.1253,687.4031,0.7222461
688.1253,687.4031,0.7222437
688.1253,687.4031,0.7222084
688.1253,687.4031,0.7221893
688.1253,687.4031,0.7221664
688.1253,687.4031,0.7221562
688.1253,687.4031,0.7221527
688.1253,687.4032,0.7221487
688.1253,687.4032,0.7221415
688.1253,687.4032,0.7221255
688.1253,687.4032,0.7221143
688.1253,687.4032,0.7221066
688.1253,687.4032,0.7221034
688.1253,687.4032,0.7221032
688.1253,687.4032,0.7220979
688.1253,687.4032,0.7220826
688.1253,687.4033,0.7220433
688.1253,687.4034,0.7219457
688.1253,687.4034,0.7219378
688.1253,687.4034,0.7219105
688.1253,687.4034,0.7218532
688.1253,687.4035,0.7218319
688.1253,687.4035,0.7218125
688.1253,687.4035,0.7217754
688.1253,687.4036,0.7217391
688.1253,687.4037,0.7216491
688.1253,687.4037,0.7216453
688.1253,687.4037,0.7216423
688.1253,687.4037,0.7216365
688.1253,687.4037,0.721588
688.1253,687.4037,0.7215684
688.1253,687.4037,0.7215652
688.1253,687.4038,0.7215429
688.1253,687.4038,0.7215239
688.1253,687.4038,0.7215181
688.1253,687.4038,0.7215056
688.1253,687.4039,0.7214196
688.1253,687.4039,0.7214153
688.1253,687.4039,0.7214089
688.1253,687.4039,0.7214071
688.1253,687.4039,0.7214058
688.1253,687.4039,0.7213843
688.1253,687.4039,0.7213569
688.1253,687.404,0.7213298
688.1253,687.404,0.7213182
688.1253,687.404,0.7213124
688.1253,687.404,0.7212785
688.1253,687.4041,0.7211964
688.1253,687.4041,0.7211959
688.1253,687.4041,0.7211678
688.1253,687.4041,0.7211583
688.1253,687.4042,0.72108
688.1253,687.4043,0.7210254
688.1253,687.4043,0.7210226
688.1253,687.4044,0.7209064
688.1253,687.4045,0.720835
688.1253,687.4045,0.7207981
688.1253,687.4047,0.7206326
688.1253,687.4047,0.7205732
688.1253,687.4051,0.7202141
688.1253,687.4056,0.7197497
688.1253,687.4061,0.7191633
688.1253,687.4064,0.7188758
688.1253,687.4075,0.7177507
688.1253,687.4087,0.7165548
688.1253,687.4091,0.7161916
688.1253,687.4096,0.7157055
688.1253,687.4106,0.7147343
688.1253,687.4111,0.7142425
688.1253,687.4115,0.7137773
688.1253,687.4136,0.7117347
688.1253,687.414,0.7113435
688.1253,687.4148,0.7105232
688.1253,687.4176,0.7076532
688.1253,687.4186,0.7067396
688.1253,687.4188,0.706506
688.1253,687.4189,0.7064033
688.1253,687.4197,0.7055533
688.1253,687.4199,0.7053557
688.1253,687.4212,0.704123
688.1253,687.4219,0.7033654
688.1253,687.4223,0.7030306
688.1253,687.4244,0.700933
688.1253,687.4265,0.6988268
688.1253,687.4271,0.6982219
688.1253,687.4281,0.6971618
688.1253,687.4283,0.6969599
688.1253,687.4323,0.6930084
688.1253,687.4337,0.6915978
688.1253,687.4404,0.6849141
688.1253,687.4421,0.6832325
688.1253,687.4429,0.6824012
688.1253,687.448,0.6772994
688.1253,687.4481,0.6772009
688.1253,687.4509,0.6744498
688.1253,687.4519,0.6733687
688.1253,687.4529,0.6724343
688.1253,687.4567,0.6686109
688.1253,687.4581,0.6671541
688.1253,687.4597,0.6656299
688.1253,687.4714,0.6539251
688.1253,687.4793,0.6460415
688.1253,687.4811,0.6442039
688.1253,687.4815,0.6438372
688.1253,687.4827,0.6425799
688.1253,687.4841,0.6412477
688.1253,687.4848,0.640531
688.1253,687.4865,0.6387663
688.1253,687.4866,0.6386541
688.1253,687.4869,0.6383963
688.1253,687.4872,0.6380825
688.1253,687.4874,0.6379093
688.1253,687.4881,0.6371584
688.1253,687.4889,0.6364212
688.1253,687.4892,0.6361494
688.1253,687.4934,0.631949
688.1253,687.495,0.6303007
688.1253,687.4993,0.6259681
688.1253,687.5163,0.609041
688.1253,687.5193,0.6059528
688.1253,687.5204,0.6048809
688.1253,687.5318,0.5934747
688.1253,687.5327,0.5926334
688.1253,687.5334,0.5918676
688.1253,687.5349,0.5904285
688.1253,687.5354,0.5899228
688.1253,687.5354,0.5898742
688.1253,687.5375,0.5878085
688.1253,687.5378,0.5875089
688.1253,687.5397,0.5856469
688.1253,687.5642,0.5611476
688.1253,687.5663,0.5590372
688.1253,687.5861,0.5391814
688.1253,687.5863,0.5390105
688.1253,687.5873,0.5379809
688.1253,687.5876,0.5376572
688.1253,687.5879,0.5374165
688.1253,687.5883,0.5369531
688.1253,687.5884,0.5368921
688.1253,687.5887,0.5365566
688.1253,687.5888,0.5365307
688.1253,687.5888,0.5364583
688.1253,687.589,0.5362751
688.1253,687.5903,0.5350478
688.1253,687.5904,0.5348617
688.1253,687.5905,0.5348365
688.1253,687.5911,0.5342432
688.1253,687.592,0.5333065
688.1253,687.5921,0.5332417
688.1253,687.5921,0.5332032
688.1253,687.6046,0.5206751
688.1253,687.605,0.5203411
688.1253,687.6051,0.5201648
688.1253,687.6052,0.5201227
688.1253,687.6052,0.5200589
688.1253,687.606,0.519261
688.1253,687.6061,0.5192168
688.1253,687.6062,0.5190572
688.1253,687.6062,0.519053
688.1253,687.6064,0.5188859
688.1253,687.6065,0.5187516
688.1253,687.6069,0.518413
688.1253,687.607,0.5183176
688.1253,687.6071,0.5181755
688.1253,687.6072,0.5180902
688.1253,687.6072,0.5180803
688.1253,687.6075,0.5178499
688.1253,687.6075,0.5178337
688.1253,687.6075,0.5178065
688.1253,687.6075,0.517794
688.1253,687.6075,0.5177569
688.1253,687.6077,0.517643
688.1253,687.6079,0.5174325
688.1253,687.608,0.5172908
688.1253,687.6084,0.5169199
688.1253,687.6087,0.5166113
688.1253,687.6089,0.5163714
688.1253,687.609,0.516331
688.1253,687.6095,0.5158411
688.1253,687.6095,0.5158101
688.1253,687.6096,0.5156612
688.1253,687.6099,0.5153938
688.1253,687.61,0.5153285
688.1253,687.61,0.5152818
688.1253,687.6102,0.5151114
688.1253,687.6102,0.5150871
688.1253,687.6103,0.5149538
688.1253,687.6104,0.5148872
688.1253,687.6104,0.5148643
688.1253,687.6104,0.5148589
688.1253,687.6105,0.5148389
688.1253,687.6105,0.5148366
688.1253,687.6107,0.5146329
688.1253,687.6107,0.51461
688.1253,687.6107,0.5145578
688.1253,687.6108,0.5145261
688.1253,687.6109,0.5144421
688.1253,687.6111,0.5142058
688.1253,687.6113,0.514011
688.1253,687.6113,0.5139702
688.1253,687.6114,0.5139272
688.1253,687.6114,0.5138769
688.1253,687.6114,0.5138613
688.1253,687.6115,0.5138314
688.1253,687.6117,0.5136041
688.1253,687.6117,0.5135656
688.1253,687.6118,0.5134804
688.1253,687.6119,0.5133528
688.1253,687.612,0.5132934
688.1253,687.6121,0.5132455
688.1253,687.6121,0.5132361
688.1253,687.6123,0.5130475
688.1253,687.6123,0.5130035
688.1253,687.6123,0.5129577
688.1253,687.6124,0.5128978
688.1253,687.6124,0.5128876
688.1253,687.6125,0.5128348
688.1253,687.6125,0.5128335
688.1253,687.6125,0.5127822
688.1253,687.6125,0.5127758
688.1253,687.6126,0.5127419
688.1253,687.6126,0.5126747
688.1253,687.6127,0.5125529
688.1253,687.6128,0.5124829
688.1253,687.6129,0.5124092
688.1253,687.6129,0.5123731
688.1253,687.6129,0.5123575
688.1253,687.613,0.5122924
688.1253,687.613,0.5122663
688.1253,687.613,0.5122585
688.1253,687.6131,0.5122271
688.1253,687.6132,0.5121354
688.1253,687.6132,0.5121084
688.1253,687.6132,0.5120758
688.1253,687.6133,0.5119871
688.1253,687.6133,0.5119829
688.1253,687.6133,0.511956
688.1253,687.6133,0.5119552
688.1253,687.6134,0.5118889
688.1253,687.6134,0.5118864
688.1253,687.6135,0.5118424
688.1253,687.6135,0.5118354
688.1253,687.6135,0.5118097
688.1253,687.6136,0.5117389
688.1253,687.6136,0.5116779
688.1253,687.6136,0.5116722
688.1253,687.6137,0.5116412
688.1253,687.6137,0.5116229
688.1253,687.6137,0.5116023
688.1253,687.6139,0.5114243
688.1253,687.614,0.5112556
688.1253,687.6141,0.5111633
688.1253,687.6142,0.5111017
688.1253,687.6143,0.5110148
688.1253,687.6144,0.5108765
688.1253,687.6146,0.5107256
688.1253,687.6146,0.5106825
688.1253,687.6147,0.5105871
688.1253,687.6147,0.5105752
688.1253,687.6147,0.5105635
688.1253,687.6147,0.5105515
688.1253,687.6149,0.5104498
688.1253,687.6149,0.510448
688.1253,687.615,0.5103179
688.1253,687.6151,0.5102312
688.1253,687.6151,0.5101503
688.1253,687.6152,0.5101209
688.1253,687.6152,0.5101042
688.1253,687.6153,0.5100192
688.1253,687.6154,0.5099177
688.1253,687.6155,0.5098317
688.1253,687.6155,0.5098088
688.1253,687.6156,0.5096681
688.1253,687.6157,0.5096246
688.1253,687.6157,0.5095975
688.1253,687.6158,0.509548
688.1253,687.6158,0.5095076
688.1253,687.6158,0.5094888
688.1253,687.6158,0.5094808
688.1253,687.6158,0.5094639
688.1253,687.616,0.5093042
688.1253,687.6161,0.5092095
688.1253,687.6161,0.509157
688.1253,687.6162,0.509138
688.1253,687.6162,0.5091253
688.1253,687.6163,0.5089767
688.1253,687.6164,0.508905
688.1253,687.6165,0.5088024
688.1253,687.6165,0.5087604
688.1253,687.6165,0.5087533
688.1253,687.6167,0.5086081
688.1253,687.6168,0.5085284
688.1253,687.6169,0.5083875
688.1253,687.617,0.508336
688.1253,687.617,0.5083128
688.1253,687.6172,0.5081359
688.1253,687.6172,0.5081005
688.1253,687.6173,0.508036
688.1253,687.6173,0.5080135
688.1253,687.6173,0.5079807
688.1253,687.6174,0.5078749
688.1253,687.6175,0.5077556
688.1253,687.6176,0.5076901
688.1253,687.6177,0.5076104
688.1253,687.6177,0.5075928
688.1253,687.6179,0.5074221
688.1253,687.618,0.507294
688.1253,687.618,0.5072504
688.1253,687.6183,0.5069599
688.1253,687.6184,0.5069396
688.1253,687.6184,0.5069374
688.1253,687.6184,0.5068618
688.1253,687.6186,0.5067476
688.1253,687.6186,0.5066867
688.1253,687.6186,0.5066745
688.1253,687.6188,0.5064571
688.1253,687.6189,0.5063815
688.1253,687.619,0.5063483
688.1253,687.619,0.5063413
688.1253,687.619,0.5062754
688.1253,687.6191,0.5061757
688.1253,687.6193,0.5060395
688.1253,687.6193,0.5060037
688.1253,687.6194,0.505942
688.1253,687.6195,0.505842
688.1253,687.6196,0.5057264
688.1253,687.6197,0.505649
688.1253,687.6198,0.5054861
688.1253,687.6199,0.5054271
688.1253,687.6199,0.5053839
688.1253,687.6201,0.5052249
688.1253,687.6204,0.5049443
688.1253,687.6204,0.5048567
688.1253,687.6205,0.5048275
688.1253,687.6205,0.50482
688.1253,687.6207,0.5045977
688.1253,687.6209,0.5044466
688.1253,687.6209,0.5044285
688.1253,687.621,0.5043161
688.1253,687.6214,0.5038939
688.1253,687.6214,0.5038591
688.1253,687.6215,0.5038382
688.1253,687.6216,0.5037227
688.1253,687.6217,0.5036388
688.1253,687.6217,0.5035526
688.1253,687.6218,0.5034764
688.1253,687.6219,0.5033874
688.1253,687.6224,0.5029294
688.1253,687.6225,0.5027523
688.1253,687.6227,0.5026388
688.1253,687.6227,0.5025825
688.1253,687.6228,0.5025084
688.1253,687.623,0.5022758
688.1253,687.623,0.5022521
688.1253,687.6231,0.5022319
688.1253,687.6231,0.5021968
688.1253,687.6231,0.5021779
688.1253,687.6232,0.5021238
688.1253,687.6233,0.5020086
688.1253,687.6236,0.5017198
688.1253,687.6238,0.5015423
688.1253,687.6238,0.501526
688.1253,687.6238,0.5014577
688.1253,687.624,0.5013102
688.1253,687.6241,0.5012467
688.1253,687.6243,0.5010114
688.1253,687.6244,0.5008644
688.1253,687.6244,0.5008577
688.1253,687.6257,0.4996403
688.1253,687.6263,0.4990233
688.1253,687.6264,0.4989175
688.1253,687.627,0.4982945
688.1253,687.6272,0.4980687
688.1253,687.6273,0.4980273
688.1253,687.6276,0.4977201
688.1253,687.6285,0.4967658
688.1253,687.6299,0.4954483
688.1253,687.63,0.4953105
688.1253,687.6301,0.4952366
688.1253,687.6303,0.4950026
688.1253,687.6307,0.4946404
688.1253,687.6308,0.4945487
688.1253,687.6309,0.4943543
688.1253,687.631,0.4942945
688.1253,687.6313,0.4939612
688.1253,687.6317,0.4936368
688.1253,687.6319,0.4934156
688.1253,687.6331,0.4921694
688.1253,687.6332,0.4920595
688.1253,687.6335,0.4918359
688.1253,687.6338,0.4914735
688.1253,687.6339,0.4914048
688.1253,687.6341,0.4912257
688.1253,687.6347,0.4905814
688.1253,687.6364,0.4888538
688.1253,687.6367,0.4886288
688.1253,687.638,0.4873018
688.1253,687.6382,0.4870653
688.1253,687.6395,0.4858325
688.1253,687.6398,0.4854685
688.1253,687.6413,0.4840419
688.1253,687.6418,0.4835152
688.1253,687.6418,0.4834928
688.1253,687.642,0.4832608
688.1253,687.6421,0.4832371
688.1253,687.6421,0.4831527
688.1253,687.6424,0.4829482
688.1253,687.6425,0.4828042
688.1253,687.6427,0.4825862
688.1253,687.6427,0.4825613
688.1253,687.6429,0.4823614
688.1253,687.643,0.482305
688.1253,687.6431,0.4821746
688.1253,687.6432,0.4821317
688.1253,687.6432,0.4820973
688.1253,687.6434,0.481943
688.1253,687.6435,0.4817564
688.1253,687.6437,0.4815807
688.1253,687.6439,0.4814013
688.1253,687.644,0.4813496
688.1253,687.644,0.4813358
688.1253,687.6442,0.4810893
688.1253,687.6443,0.4810363
688.1253,687.6443,0.4809888
688.1253,687.6444,0.4808849
688.1253,687.6446,0.480707
688.1253,687.6446,0.4806924
688.1253,687.6446,0.4806725
688.1253,687.6446,0.4806626
688.1253,687.6447,0.4806416
688.1253,687.6447,0.4806077
688.1253,687.6447,0.4805966
688.1253,687.6447,0.480564
688.1253,687.6448,0.4804504
688.1253,687.6449,0.48038
688.1253,687.6454,0.4798927
688.1253,687.6457,0.4796387
688.1253,687.6457,0.4795962
688.1253,687.6457,0.4795741
688.1253,687.6457,0.4795597
688.1253,687.6458,0.4794956
688.1253,687.6458,0.4794941
688.1253,687.6459,0.4794459
688.1253,687.646,0.47935
688.1253,687.6462,0.4791476
688.1253,687.6463,0.4789934
688.1253,687.6463,0.4789894
688.1253,687.6463,0.4789543
688.1253,687.6464,0.478911
688.1253,687.6464,0.4788947
688.1253,687.6464,0.4788567
688.1253,687.6466,0.4787379
688.1253,687.6466,0.478723
688.1253,687.6466,0.4786935
688.1253,687.6468,0.4785178
688.1253,687.6468,0.47849
688.1253,687.647,0.4783201
688.1253,687.6471,0.4781912
688.1253,687.6473,0.4780055
688.1253,687.6473,0.4779549
688.1253,687.6475,0.4778471
688.1253,687.6475,0.4778079
688.1253,687.6475,0.4777725
688.1253,687.6476,0.4776507
688.1253,687.6477,0.4776392
688.1253,687.6477,0.4776246
688.1253,687.6478,0.4775437
688.1253,687.6478,0.4775081
688.1253,687.6479,0.4773821
688.1253,687.6479,0.4773559
688.1253,687.6479,0.477353
688.1253,687.648,0.4773377
688.1253,687.648,0.4773127
688.1253,687.648,0.4773007
688.1253,687.648,0.4772854
688.1253,687.6481,0.4772021
688.1253,687.6483,0.477013
688.1253,687.6483,0.4770123
688.1253,687.6484,0.4769493
688.1253,687.6484,0.4768656
688.1253,687.6484,0.4768649
688.1253,687.6484,0.4768593
688.1253,687.6485,0.4768482
688.1253,687.6485,0.4768021
688.1253,687.6485,0.4767835
688.1253,687.6485,0.4767692
688.1253,687.6485,0.4767572
688.1253,687.6486,0.4766906
688.1253,687.6486,0.4766893
688.1253,687.6486,0.4766842
688.1253,687.6486,0.4766705
688.1253,687.6486,0.4766701
688.1253,687.6487,0.4766412
688.1253,687.6487,0.476633
688.1253,687.6487,0.4766081
688.1253,687.6487,0.476606
688.1253,687.6487,0.4765835
688.1253,687.6488,0.4764884
688.1253,687.6489,0.4763991
688.1253,687.6489,0.4763919
688.1253,687.649,0.4763314
688.1253,687.649,0.4763298
688.1253,687.649,0.4762961
688.1253,687.649,0.4762884
688.1253,687.649,0.476288
688.1253,687.649,0.4762788
688.1253,687.649,0.476274
688.1253,687.649,0.476261
688.1253,687.6491,0.4762429
688.1253,687.6491,0.4762337
688.1253,687.6491,0.4762328
688.1253,687.6491,0.4762098
688.1253,687.6491,0.4761884
688.1253,687.6492,0.4760871
688.1253,687.6493,0.4759953
688.1253,687.6494,0.475905
688.1253,687.6494,0.4759
688.1253,687.6494,0.475899
688.1253,687.6494,0.4758912
688.1253,687.6494,0.4758904
688.1253,687.6495,0.475795
688.1253,687.6495,0.4757909
688.1253,687.6495,0.4757553
688.1253,687.6496,0.4756868
688.1253,687.6497,0.4756092
688.1253,687.6497,0.4755909
688.1253,687.6497,0.4755885
688.1253,687.6498,0.4755146
688.1253,687.6498,0.4754978
688.1253,687.6498,0.4754949
688.1253,687.6498,0.4754931
688.1253,687.6498,0.4754811
688.1253,687.6498,0.4754709
688.1253,687.6499,0.4754489
688.1253,687.6499,0.4754434
688.1253,687.6499,0.4754192
688.1253,687.6499,0.4753532
688.1253,687.65,0.4753449
688.1253,687.65,0.4753403
688.1253,687.65,0.4753352
688.1253,687.65,0.4753271
688.1253,687.65,0.4753134
688.1253,687.65,0.4753047
688.1253,687.65,0.4753009
688.1253,687.65,0.475285
688.1253,687.65,0.4752759
688.1253,687.6501,0.4752452
688.1253,687.6501,0.4752367
688.1253,687.6501,0.4752071
688.1253,687.6501,0.475154
688.1253,687.6502,0.4751416
688.1253,687.6502,0.4751333
688.1253,687.6502,0.475125
688.1253,687.6502,0.4751161
688.1253,687.6502,0.4750992
688.1253,687.6502,0.4750829
688.1253,687.6503,0.4750464
688.1253,687.6503,0.4750441
688.1253,687.6503,0.4750424
688.1253,687.6503,0.4749673
688.1253,687.6503,0.4749565
688.1253,687.6504,0.4749453
688.1253,687.6504,0.4749239
688.1253,687.6504,0.4749046
688.1253,687.6504,0.4748764
688.1253,687.6504,0.474876
688.1253,687.6506,0.4747209
688.1253,687.6506,0.4747172
688.1253,687.6506,0.4746695
688.1253,687.6506,0.4746554
688.1253,687.6507,0.4746487
688.1253,687.6507,0.4746416
688.1253,687.6507,0.4746336
688.1253,687.6507,0.4746044
688.1253,687.6507,0.4745923
688.1253,687.6507,0.4745915
688.1253,687.6507,0.4745693
688.1253,687.6508,0.4745426
688.1253,687.6508,0.4745395
688.1253,687.6508,0.4745317
688.1253,687.6508,0.4745038
688.1253,687.6508,0.4745004
688.1253,687.6508,0.4744943
688.1253,687.6508,0.4744907
688.1253,687.6509,0.4744331
688.1253,687.6509,0.4744262
688.1253,687.6509,0.4744129
688.1253,687.6509,0.4744095
688.1253,687.6509,0.4744008
688.1253,687.6509,0.4743997
688.1253,687.6509,0.4743992
688.1253,687.6509,0.474374
688.1253,687.6509,0.474374
688.1253,687.6509,0.4743635
688.1253,687.6509,0.4743518
688.1253,687.651,0.4743389
688.1253,687.651,0.4743251
688.1253,687.651,0.4743062
688.1253,687.651,0.4743022
688.1253,687.651,0.4742885
688.1253,687.651,0.4742663
688.1253,687.6511,0.4742104
688.1253,687.6511,0.474205
688.1253,687.6511,0.4742037
688.1253,687.6511,0.4741944
688.1253,687.6512,0.4741463
688.1253,687.6512,0.4741248
688.1253,687.6512,0.4740853
688.1253,687.6512,0.4740845
688.1253,687.6512,0.4740644
688.1253,687.6512,0.4740514
688.1253,687.6513,0.4740023
688.1253,687.6513,0.4740012
688.1253,687.6513,0.4739931
688.1253,687.6513,0.4739686
688.1253,687.6514,0.4739362
688.1253,687.6514,0.4739329
688.1253,687.6514,0.4739285
688.1253,687.6514,0.4738679
688.1253,687.6514,0.4738597
688.1253,687.6515,0.4738493
688.1253,687.6515,0.4738463
688.1253,687.6515,0.4738282
688.1253,687.6515,0.4738184
688.1253,687.6515,0.4738112
688.1253,687.6515,0.4737995
688.1253,687.6516,0.4737468
688.1253,687.6516,0.4737462
688.1253,687.6516,0.473722
688.1253,687.6516,0.4737168
688.1253,687.6516,0.4736973
688.1253,687.6516,0.4736772
688.1253,687.6517,0.4736363
688.1253,687.6517,0.4736033
688.1253,687.6517,0.4736029
688.1253,687.6517,0.4735995
688.1253,687.6517,0.4735899
688.1253,687.6517,0.4735754
688.1253,687.6518,0.4735107
688.1253,687.6519,0.4734033
688.1253,687.6519,0.4733865
688.1253,687.652,0.473308
688.1253,687.652,0.4733046
688.1253,687.652,0.4732834
688.1253,687.652,0.4732716
688.1253,687.6521,0.4732035
688.1253,687.6521,0.4731816
688.1253,687.6522,0.4731463
688.1253,687.6522,0.4731447
688.1253,687.6522,0.4731117
688.1253,687.6522,0.4731053
688.1253,687.6522,0.4730636
688.1253,687.6523,0.473036
688.1253,687.6523,0.4730299
688.1253,687.6523,0.4729876
688.1253,687.6523,0.4729735
688.1253,687.6523,0.4729632
688.1253,687.6523,0.4729606
688.1253,687.6523,0.4729599
688.1253,687.6524,0.4728699
688.1253,687.6525,0.4728493
688.1253,687.6525,0.4728107
688.1253,687.6525,0.4727814
688.1253,687.6525,0.4727592
688.1253,687.6526,0.4727198
688.1253,687.6526,0.4727197
688.1253,687.6526,0.4726979
688.1253,687.6526,0.4726629
688.1253,687.6526,0.4726604
688.1253,687.6526,0.4726595
688.1253,687.6526,0.4726541
688.1253,687.6527,0.4726151
688.1253,687.6527,0.4726044
688.1253,687.6528,0.4725361
688.1253,687.6528,0.4725279
688.1253,687.6528,0.4725012
688.1253,687.6528,0.4724997
688.1253,687.6528,0.4724917
688.1253,687.6528,0.4724881
688.1253,687.6528,0.4724775
688.1253,687.6528,0.4724755
688.1253,687.6528,0.4724722
688.1253,687.6528,0.4724662
688.1253,687.6528,0.4724597
688.1253,687.6528,0.4724532
688.1253,687.6529,0.4724109
688.1253,687.6529,0.4724009
688.1253,687.6529,0.4723937
688.1253,687.6529,0.4723806
688.1253,687.6529,0.4723701
688.1253,687.6529,0.4723508
688.1253,687.653,0.4723436
688.1253,687.653,0.4723376
688.1253,687.653,0.4723187
688.1253,687.653,0.4723037
688.1253,687.6531,0.4721864
688.1253,687.6532,0.4721468
688.1253,687.6532,0.4721332
688.1253,687.6532,0.4721244
688.1253,687.6532,0.4720864
688.1253,687.6532,0.4720614
688.1253,687.6532,0.4720595
688.1253,687.6532,0.4720521
688.1253,687.6533,0.4720446
688.1253,687.6533,0.4720171
688.1253,687.6533,0.4720159
688.1253,687.6533,0.4720013
688.1253,687.6533,0.4719933
688.1253,687.6533,0.4719872
688.1253,687.6533,0.4719752
688.1253,687.6533,0.4719556
688.1253,687.6533,0.4719536
688.1253,687.6534,0.4719052
688.1253,687.6534,0.4718842
688.1253,687.6534,0.4718522
688.1253,687.6536,0.4717492
688.1253,687.6536,0.471749
688.1253,687.6536,0.4717278
688.1253,687.6536,0.4717257
688.1253,687.6536,0.4717178
688.1253,687.6536,0.4717116
688.1253,687.6536,0.4716998
688.1253,687.6536,0.4716929
688.1253,687.6536,0.4716746
688.1253,687.6536,0.4716734
688.1253,687.6536,0.4716562
688.1253,687.6536,0.4716548
688.1253,687.6536,0.4716509
688.1253,687.6537,0.4716281
688.1253,687.6537,0.4715631
688.1253,687.6537,0.4715536
688.1253,687.6538,0.4715483
688.1253,687.6538,0.4714957
688.1253,687.6538,0.4714795
688.1253,687.6538,0.4714765
688.1253,687.6538,0.4714699
688.1253,687.6538,0.4714683
688.1253,687.6539,0.4714075
688.1253,687.6539,0.4713983
688.1253,687.6539,0.4713705
688.1253,687.6539,0.4713682
688.1253,687.6539,0.4713656
688.1253,687.6539,0.4713637
688.1253,687.654,0.4713257
688.1253,687.654,0.4713254
688.1253,687.654,0.4713245
688.1253,687.654,0.4712957
688.1253,687.654,0.4712542
688.1253,687.6541,0.4711933
688.1253,687.6541,0.4711783
688.1253,687.6541,0.4711722
688.1253,687.6541,0.4711669
688.1253,687.6542,0.4711119
688.1253,687.6543,0.4710331
688.1253,687.6543,0.4710185
688.1253,687.6543,0.4710161
688.1253,687.6543,0.4710128
688.1253,687.6543,0.4709933
688.1253,687.6545,0.4707727
688.1253,687.6546,0.4707107
688.1253,687.6547,0.4706256
688.1253,687.6547,0.4706071
688.1253,687.6548,0.4705438
688.1253,687.6548,0.4705298
688.1253,687.6548,0.470489
688.1253,687.6548,0.4704857
688.1253,687.6548,0.4704594
688.1253,687.6549,0.4704354
688.1253,687.6549,0.4703934
688.1253,687.6549,0.4703829
688.1253,687.6549,0.4703612
688.1253,687.655,0.4703267
688.1253,687.6551,0.4702404
688.1253,687.6551,0.47023
688.1253,687.6551,0.4702195
688.1253,687.6552,0.4700772
688.1253,687.6553,0.4700457
688.1253,687.6553,0.4700269
688.1253,687.6553,0.4699623
688.1253,687.6555,0.4697995
688.1253,687.6555,0.4697935
688.1253,687.6555,0.4697769
688.1253,687.6556,0.4697312
688.1253,687.6556,0.4697069
688.1253,687.6556,0.4696867
688.1253,687.6556,0.4696814
688.1253,687.6556,0.4696609
688.1253,687.6557,0.469647
688.1253,687.6559,0.4693799
688.1253,687.6559,0.4693729
688.1253,687.656,0.4693101
688.1253,687.6561,0.4691996
688.1253,687.6561,0.4691617
688.1253,687.6562,0.4691046
688.1253,687.6563,0.4689978
688.1253,687.6563,0.4689791
688.1253,687.6563,0.4689636
688.1253,687.6564,0.4689272
688.1253,687.6564,0.4688739
688.1253,687.6566,0.4687362
688.1253,687.6566,0.4687361
688.1253,687.6566,0.4687214
688.1253,687.6566,0.4686733
688.1253,687.6566,0.4686567
688.1253,687.6567,0.4686301
688.1253,687.6567,0.4685994
688.1253,687.6568,0.4684555
688.1253,687.6571,0.4682403
688.1253,687.6571,0.468226
688.1253,687.6572,0.468144
688.1253,687.6572,0.4680744
688.1253,687.6573,0.4679813
688.1253,687.6574,0.4679455
688.1253,687.6574,0.467936
688.1253,687.6576,0.4676535
688.1253,687.6577,0.4676494
688.1253,687.6577,0.4675982
688.1253,687.6579,0.4674199
688.1253,687.6586,0.4667452
688.1253,687.6588,0.4665124
688.1253,687.6589,0.4663987
688.1253,687.6591,0.4662476
688.1253,687.6592,0.4660963
688.1253,687.6595,0.4657885
688.1253,687.6595,0.4657705
688.1253,687.6601,0.4652497
688.1253,687.6601,0.4652389
688.1253,687.6604,0.4648932
688.1253,687.6606,0.4647394
688.1253,687.6609,0.4644317
688.1253,687.6609,0.4644005
688.1253,687.6614,0.4638522
688.1253,687.6627,0.4625814
688.1253,687.6637,0.4615703
688.1253,687.6644,0.4609319
688.1253,687.6646,0.4607288
688.1253,687.6647,0.4606314
688.1253,687.6688,0.456504
688.1253,687.6689,0.456383
688.1253,687.6729,0.452423
688.1253,687.6735,0.4518069
688.1253,687.6735,0.4517718
688.1253,687.6788,0.4464919
688.1253,687.6793,0.4459516
688.1253,687.6801,0.4452327
688.1253,687.6803,0.445011
688.1253,687.6804,0.4449366
688.1253,687.6805,0.4447538
688.1253,687.6806,0.4447105
688.1253,687.681,0.4442687
688.1253,687.6816,0.4436683
688.1253,687.6829,0.4424314
688.1253,687.6834,0.4418871
688.1253,687.6847,0.4406003
688.1253,687.6848,0.4405238
688.1253,687.685,0.4403423
688.1253,687.6853,0.4400234
688.1253,687.6856,0.4396789
688.1253,687.6858,0.4395388
688.1253,687.686,0.4392577
688.1253,687.6861,0.4392173
688.1253,687.6863,0.4389728
688.1253,687.6867,0.4385881
688.1253,687.6874,0.4378506
688.1253,687.6876,0.4376567
688.1253,687.6878,0.4374917
688.1253,687.6879,0.4373734
688.1253,687.6879,0.4373636
688.1253,687.6881,0.4371748
688.1253,687.6882,0.4371181
688.1253,687.6883,0.4369802
688.1253,687.6883,0.4369564
688.1253,687.6886,0.4367038
688.1253,687.6887,0.4366003
688.1253,687.6888,0.4365271
688.1253,687.6888,0.4364695
688.1253,687.6888,0.4364598
688.1253,687.6888,0.4364586
688.1253,687.6889,0.4363821
688.1253,687.6889,0.4363768
688.1253,687.689,0.436347
688.1253,687.6891,0.4361812
688.1253,687.6891,0.4361788
688.1253,687.6892,0.4360765
688.1253,687.6894,0.4359104
688.1253,687.6894,0.4359094
688.1253,687.6894,0.4358727
688.1253,687.6895,0.4358251
688.1253,687.6895,0.4358098
688.1253,687.6896,0.4356888
688.1253,687.6897,0.4356177
688.1253,687.6897,0.4356073
688.1253,687.6897,0.4355867
688.1253,687.6898,0.4355348
688.1253,687.6899,0.4354157
688.1253,687.6899,0.4354052
688.1253,687.6899,0.4353732
688.1253,687.69,0.4352951
688.1253,687.6901,0.43515
688.1253,687.6902,0.4351129
688.1253,687.6903,0.4349693
688.1253,687.6904,0.4349445
688.1253,687.6904,0.4348747
688.1253,687.6905,0.4348014
688.1253,687.6905,0.4347545
688.1253,687.6907,0.4346319
688.1253,687.6907,0.434628
688.1253,687.6907,0.4346205
688.1253,687.6908,0.4345387
688.1253,687.6911,0.4342137
688.1253,687.6911,0.43419
688.1253,687.6911,0.4341599
688.1253,687.6912,0.4340848
688.1253,687.6912,0.4340818
688.1253,687.6916,0.4337316
688.1253,687.6916,0.4336771
688.1253,687.6918,0.4335067
688.1253,687.6918,0.4334814
688.1253,687.6918,0.4334568
688.1253,687.6919,0.4333659
688.1253,687.6919,0.4333643
688.1253,687.692,0.4333362
688.1253,687.692,0.4332744
688.1253,687.6921,0.433209
688.1253,687.6923,0.4329515
688.1253,687.6924,0.4328964
688.1253,687.6924,0.4328853
688.1253,687.6926,0.4326921
688.1253,687.6926,0.4326597
688.1253,687.6928,0.4324927
688.1253,687.6931,0.4321583
688.1253,687.6932,0.4321458
688.1253,687.6935,0.4317852
688.1253,687.6938,0.4315432
688.1253,687.6939,0.4313762
688.1253,687.6942,0.4311012
688.1253,687.6944,0.4309377
688.1253,687.6946,0.4306915
688.1253,687.6947,0.4306312
688.1253,687.6947,0.4305783
688.1253,687.6951,0.4302437
688.1253,687.6951,0.4301913
688.1253,687.6952,0.4301476
688.1253,687.6952,0.4300998
688.1253,687.6959,0.4294308
688.1253,687.6959,0.4294241
688.1253,687.6961,0.4292357
688.1253,687.6961,0.4291784
688.1253,687.6963,0.4290059
688.1253,687.6963,0.4289912
688.1253,687.6965,0.4288442
688.1253,687.6965,0.4287789
688.1253,687.6966,0.4286678
688.1253,687.6969,0.4284483
688.1253,687.697,0.428296
688.1253,687.6976,0.4277265
688.1253,687.698,0.4273395
688.1253,687.6981,0.4272075
688.1253,687.6985,0.4268219
688.1253,687.6991,0.426184
688.1253,687.6992,0.4261292
688.1253,687.6992,0.4260548
688.1253,687.6997,0.4256141
688.1253,687.7001,0.425156
688.1253,687.7005,0.4247654
688.1253,687.7006,0.4246958
688.1253,687.7007,0.4246318
688.1253,687.7007,0.4246242
688.1253,687.7009,0.4244023
688.1253,687.7011,0.4242302
688.1253,687.7011,0.4242063
688.1253,687.7011,0.4241857
688.1253,687.7011,0.4241554
688.1253,687.7012,0.4241279
688.1253,687.7013,0.4239717
688.1253,687.7015,0.4237578
688.1253,687.7016,0.4237263
688.1253,687.7017,0.4236495
688.1253,687.7017,0.4236001
688.1253,687.7019,0.4233508
688.1253,687.702,0.4233042
688.1253,687.7023,0.4230455
688.1253,687.7023,0.4229507
688.1253,687.7025,0.4227893
688.1253,687.7027,0.4225826
688.1253,687.7027,0.4225527
688.1253,687.7028,0.4224652
688.1253,687.7031,0.4221831
688.1253,687.7031,0.4221822
688.1253,687.7033,0.4219984
688.1253,687.7034,0.4219303
688.1253,687.7035,0.4217531
688.1253,687.7036,0.4216711
688.1253,687.7037,0.4216323
688.1253,687.7038,0.4215041
688.1253,687.704,0.4213037
688.1253,687.704,0.4212696
688.1253,687.7042,0.4211479
688.1253,687.7043,0.4210389
688.1253,687.7044,0.4209478
688.1253,687.7044,0.4209093
688.1253,687.7045,0.4207861
688.1253,687.7047,0.4206134
688.1253,687.7047,0.4205589
688.1253,687.7049,0.4204153
688.1253,687.7049,0.4204114
688.1253,687.705,0.4203249
688.1253,687.7051,0.4202442
688.1253,687.7051,0.4201671
688.1253,687.7052,0.4200509
688.1253,687.7053,0.4199776
688.1253,687.7055,0.4198469
688.1253,687.7057,0.4196219
688.1253,687.7057,0.4196002
688.1253,687.7058,0.4195177
688.1253,687.706,0.4193484
688.1253,687.7062,0.4191321
688.1253,687.7062,0.4191124
688.1253,687.7063,0.4190316
688.1253,687.7063,0.418974
688.1253,687.7065,0.4188215
688.1253,687.7067,0.4185619
688.1253,687.7069,0.4184392
688.1253,687.7069,0.4183922
688.1253,687.7073,0.418044
688.1253,687.7074,0.4179024
688.1253,687.7075,0.4178482
688.1253,687.7075,0.4178192
688.1253,687.7075,0.4177975
688.1253,687.7075,0.4177972
688.1253,687.7075,0.4177963
688.1253,687.7078,0.4174966
688.1253,687.7079,0.4174039
688.1253,687.7079,0.4173767
688.1253,687.708,0.4173169
688.1253,687.708,0.4172502
688.1253,687.7081,0.4172285
688.1253,687.7083,0.4170399
688.1253,687.7083,0.4169721
688.1253,687.7084,0.4168815
688.1253,687.7084,0.4168809
688.1253,687.7085,0.416838
688.1253,687.7085,0.416813
688.1253,687.7085,0.4168036
688.1253,687.7088,0.4164879
688.1253,687.7089,0.4164367
688.1253,687.7089,0.4164036
688.1253,687.7089,0.4163702
688.1253,687.7091,0.4162278
688.1253,687.7092,0.4161116
688.1253,687.7092,0.4160862
688.1253,687.7093,0.4160436
688.1253,687.7093,0.416042
688.1253,687.7094,0.4159124
688.1253,687.7095,0.4157923
688.1253,687.7095,0.4157832
688.1253,687.7096,0.4157179
688.1253,687.7097,0.4155828
688.1253,687.7098,0.4155211
688.1253,687.7098,0.4155044
688.1253,687.7098,0.4154838
688.1253,687.7099,0.4153736
688.1253,687.71,0.4152828
688.1253,687.7101,0.4152048
688.1253,687.7104,0.4149477
688.1253,687.7105,0.4148196
688.1253,687.7105,0.4147644
688.1253,687.7105,0.4147506
688.1253,687.7106,0.414673
688.1253,687.7107,0.4146393
688.1253,687.7107,0.4145861
688.1253,687.7107,0.4145704
688.1253,687.7107,0.4145562
688.1253,687.7112,0.4140728
688.1253,687.7113,0.4140419
688.1253,687.7113,0.4139576
688.1253,687.7114,0.4138555
688.1253,687.7115,0.4137841
688.1253,687.7115,0.4137685
688.1253,687.7115,0.4137566
688.1253,687.7116,0.4137073
688.1253,687.7116,0.4136797
688.1253,687.7116,0.4136641
688.1253,687.7118,0.4134623
688.1253,687.7119,0.4134024
688.1253,687.712,0.413292
688.1253,687.712,0.4132533
688.1253,687.7121,0.4131987
688.1253,687.7121,0.4131856
688.1253,687.7123,0.4129588
688.1253,687.7124,0.4129284
688.1253,687.7124,0.4129165
688.1253,687.7124,0.4128616
688.1253,687.7124,0.4128537
688.1253,687.7125,0.4128004
688.1253,687.7127,0.4126186
688.1253,687.7127,0.4125995
688.1253,687.713,0.4123068
688.1253,687.7132,0.4120643
688.1253,687.7133,0.4120471
688.1253,687.7134,0.4119409
688.1253,687.7136,0.4116543
688.1253,687.7137,0.411632
688.1253,687.7137,0.4116251
688.1253,687.7137,0.4115762
688.1253,687.7143,0.4110075
688.1253,687.7152,0.4100672
688.1253,687.716,0.4092622
688.1253,687.7164,0.4089493
688.1253,687.7242,0.4010965
688.1253,687.727,0.3983474
688.1253,687.7286,0.3967235
688.1253,687.7338,0.3914857
688.1253,687.7349,0.3903819
688.1253,687.7351,0.3901926
688.1253,687.7392,0.3861408
688.1253,687.7395,0.3858311
688.1253,687.7401,0.3852017
688.1253,687.7402,0.385083
688.1253,687.7469,0.3784098
688.1253,687.7477,0.3775783
688.1253,687.7495,0.3758415
688.1253,687.7496,0.3757055
688.1253,687.7625,0.362839
688.1253,687.7751,0.3501588
688.1253,687.7755,0.3498462
688.1253,687.7764,0.3489101
688.1253,687.7769,0.3484281
688.1253,687.7823,0.3429885
688.1253,687.7916,0.3337068
688.1253,687.7924,0.3329124
688.1253,687.7931,0.3322006
688.1253,687.7944,0.3308659
688.1253,687.7951,0.3302279
688.1253,687.7959,0.3294404
688.1253,687.7976,0.3277174
688.1253,687.8031,0.3222122
688.1253,687.8043,0.3210061
688.1253,687.8051,0.3201736
688.1253,687.8052,0.3201379
688.1253,687.8056,0.3196675
688.1253,687.8058,0.3194763
688.1253,687.8059,0.3193822
688.1253,687.806,0.3193117
688.1253,687.8061,0.3192497
688.1253,687.8063,0.3190442
688.1253,687.8064,0.3188538
688.1253,687.8066,0.3186809
688.1253,687.8067,0.3185818
688.1253,687.8067,0.318577
688.1253,687.8067,0.3185565
688.1253,687.8068,0.3184958
688.1253,687.8068,0.3184644
688.1253,687.8068,0.3184517
688.1253,687.8069,0.3184449
688.1253,687.8069,0.3184264
688.1253,687.8069,0.3183959
688.1253,687.807,0.318323
688.1253,687.807,0.3183105
688.1253,687.807,0.3182906
688.1253,687.8072,0.3181095
688.1253,687.8072,0.3180778
688.1253,687.8072,0.318066
688.1253,687.8072,0.3180501
688.1253,687.8073,0.3180307
688.1253,687.8074,0.3179407
688.1253,687.8074,0.3179305
688.1253,687.8074,0.317922
688.1253,687.8074,0.3178938
688.1253,687.8074,0.3178823
688.1253,687.8074,0.3178808
688.1253,687.8075,0.3178262
688.1253,687.8075,0.3178231
688.1253,687.8075,0.3178084
688.1253,687.8075,0.3178025
688.1253,687.8075,0.3177593
688.1253,687.8076,0.3176643
688.1253,687.8077,0.3176345
688.1253,687.8077,0.3176198
688.1253,687.8077,0.3176169
688.1253,687.8077,0.3176144
688.1253,687.8077,0.3176049
688.1253,687.8077,0.3175975
688.1253,687.8077,0.3175927
688.1253,687.8077,0.317591
688.1253,687.8077,0.3175811
688.1253,687.8077,0.3175716
688.1253,687.8078,0.3175341
688.1253,687.8078,0.3175333
688.1253,687.8078,0.3175222
688.1253,687.8078,0.3175176
688.1253,687.8078,0.317515
688.1253,687.8078,0.3175102
688.1253,687.8078,0.3175088
688.1253,687.8078,0.3174921
688.1253,687.8078,0.3174825
688.1253,687.8079,0.3174477
688.1253,687.8079,0.3174412
688.1253,687.8079,0.3174374
688.1253,687.8079,0.3173969
688.1253,687.8079,0.3173795
688.1253,687.8079,0.3173665
688.1253,687.808,0.3173463
688.1253,687.808,0.3173438
688.1253,687.808,0.3172617
688.1253,687.8081,0.3172371
688.1253,687.8081,0.317226
688.1253,687.8081,0.3172236
688.1253,687.8081,0.3172163
688.1253,687.8081,0.3171926
688.1253,687.8081,0.3171729
688.1253,687.8081,0.317155
688.1253,687.8082,0.3171476
688.1253,687.8082,0.3171354
688.1253,687.8082,0.3171185
688.1253,687.8082,0.3171174
688.1253,687.8082,0.3171147
688.1253,687.8082,0.3170958
688.1253,687.8082,0.3170782
688.1253,687.8082,0.3170626
688.1253,687.8082,0.3170582
688.1253,687.8083,0.3170053
688.1253,687.8083,0.3170031
688.1253,687.8083,0.3169718
688.1253,687.8084,0.3169481
688.1253,687.8084,0.3169087
688.1253,687.8084,0.316907
688.1253,687.8084,0.3168934
688.1253,687.8084,0.3168877
688.1253,687.8084,0.3168717
688.1253,687.8084,0.3168538
688.1253,687.8085,0.3168454
688.1253,687.8085,0.3168406
688.1253,687.8085,0.3167962
688.1253,687.8085,0.316793
688.1253,687.8085,0.3167747
688.1253,687.8085,0.3167585
688.1253,687.8085,0.3167584
688.1253,687.8085,0.3167583
688.1253,687.8086,0.3167447
688.1253,687.8086,0.3167424
688.1253,687.8086,0.3167265
688.1253,687.8086,0.3167134
688.1253,687.8086,0.3167039
688.1253,687.8086,0.3167023
688.1253,687.8086,0.3167003
688.1253,687.8086,0.3166792
688.1253,687.8086,0.3166637
688.1253,687.8087,0.3165943
688.1253,687.8087,0.3165846
688.1253,687.8087,0.3165726
688.1253,687.8088,0.3165349
688.1253,687.8088,0.3165119
688.1253,687.8088,0.3164959
688.1253,687.8088,0.3164679
688.1253,687.8088,0.3164595
688.1253,687.8088,0.316452
688.1253,687.8089,0.3164449
688.1253,687.8089,0.3164224
688.1253,687.8089,0.3164192
688.1253,687.8089,0.3164116
688.1253,687.8089,0.3164115
688.1253,687.8089,0.3164053
688.1253,687.8089,0.3163848
688.1253,687.8089,0.3163795
688.1253,687.8089,0.3163634
688.1253,687.809,0.3163476
688.1253,687.809,0.3163448
688.1253,687.809,0.3163186
688.1253,687.809,0.3163176
688.1253,687.809,0.3163038
688.1253,687.809,0.3162904
688.1253,687.809,0.3162817
688.1253,687.809,0.3162787
688.1253,687.809,0.316271
688.1253,687.809,0.316262
688.1253,687.8091,0.3162443
688.1253,687.8091,0.3162176
688.1253,687.8091,0.3162124
688.1253,687.8091,0.316163
688.1253,687.8091,0.3161583
688.1253,687.8092,0.3161392
688.1253,687.8092,0.3161322
688.1253,687.8092,0.3161263
688.1253,687.8092,0.316108
688.1253,687.8092,0.3161044
688.1253,687.8092,0.3160973
688.1253,687.8092,0.3160807
688.1253,687.8092,0.3160703
688.1253,687.8093,0.3160075
688.1253,687.8093,0.3159877
688.1253,687.8093,0.3159854
688.1253,687.8093,0.3159573
688.1253,687.8094,0.3159455
688.1253,687.8094,0.3159426
688.1253,687.8094,0.3159401
688.1253,687.8094,0.3159361
688.1253,687.8094,0.315927
688.1253,687.8094,0.315915
688.1253,687.8094,0.3158991
688.1253,687.8094,0.3158803
688.1253,687.8094,0.3158781
688.1253,687.8094,0.3158722
688.1253,687.8094,0.3158699
688.1253,687.8094,0.3158656
688.1253,687.8094,0.3158609
688.1253,687.8094,0.3158568
688.1253,687.8095,0.3158492
688.1253,687.8095,0.3158468
688.1253,687.8095,0.3158339
688.1253,687.8095,0.3158299
688.1253,687.8095,0.3158294
688.1253,687.8095,0.3158065
688.1253,687.8095,0.3158056
688.1253,687.8095,0.3157926
688.1253,687.8095,0.3157802
688.1253,687.8095,0.3157694
688.1253,687.8096,0.3157331
688.1253,687.8096,0.3157323
688.1253,687.8096,0.3157265
688.1253,687.8096,0.3157232
688.1253,687.8096,0.3157168
688.1253,687.8096,0.3156991
688.1253,687.8096,0.3156959
688.1253,687.8096,0.3156814
688.1253,687.8096,0.3156769
688.1253,687.8096,0.3156682
688.1253,687.8096,0.3156662
688.1253,687.8096,0.3156503
688.1253,687.8097,0.315611
688.1253,687.8097,0.3155973
688.1253,687.8097,0.3155952
688.1253,687.8097,0.3155892
688.1253,687.8097,0.3155854
688.1253,687.8097,0.3155825
688.1253,687.8097,0.3155813
688.1253,687.8097,0.3155743
688.1253,687.8098,0.3155466
688.1253,687.8098,0.3155347
688.1253,687.8098,0.3155322
688.1253,687.8098,0.3154998
688.1253,687.8098,0.3154979
688.1253,687.8098,0.3154947
688.1253,687.8098,0.3154934
688.1253,687.8098,0.3154908
688.1253,687.8098,0.3154856
688.1253,687.8098,0.3154657
688.1253,687.8098,0.3154609
688.1253,687.8099,0.3154403
688.1253,687.8099,0.3154384
688.1253,687.8099,0.315433
688.1253,687.8099,0.3154124
688.1253,687.8099,0.3153876
688.1253,687.8099,0.3153865
688.1253,687.8099,0.3153864
688.1253,687.8099,0.3153857
688.1253,687.8099,0.3153823
688.1253,687.8099,0.3153765
688.1253,687.8099,0.3153684
688.1253,687.8099,0.3153646
688.1253,687.8099,0.3153617
688.1253,687.8099,0.3153579
688.1253,687.8099,0.3153556
688.1253,687.8099,0.3153531
688.1253,687.81,0.3153427
688.1253,687.81,0.3153267
688.1253,687.81,0.3153061
688.1253,687.81,0.3153041
688.1253,687.81,0.315299
688.1253,687.81,0.3152919
688.1253,687.81,0.315288
688.1253,687.81,0.3152866
688.1253,687.81,0.3152814
688.1253,687.81,0.3152717
688.1253,687.81,0.3152666
688.1253,687.81,0.3152502
688.1253,687.8101,0.3152494
688.1253,687.8101,0.315246
688.1253,687.8101,0.3152444
688.1253,687.8101,0.3152147
688.1253,687.8101,0.3151803
688.1253,687.8101,0.3151776
688.1253,687.8101,0.3151716
688.1253,687.8101,0.3151699
688.1253,687.8101,0.3151676
688.1253,687.8101,0.3151646
688.1253,687.8101,0.3151617
688.1253,687.8101,0.3151508
688.1253,687.8102,0.3151425
688.1253,687.8102,0.315139
688.1253,687.8102,0.3151148
688.1253,687.8102,0.3151062
688.1253,687.8102,0.3150885
688.1253,687.8102,0.315077
688.1253,687.8102,0.3150703
688.1253,687.8102,0.3150636
688.1253,687.8102,0.3150559
688.1253,687.8103,0.3150389
688.1253,687.8103,0.315026
688.1253,687.8103,0.3150217
688.1253,687.8103,0.3150201
688.1253,687.8103,0.3150074
688.1253,687.8103,0.315004
688.1253,687.8103,0.3149962
688.1253,687.8103,0.314996
688.1253,687.8103,0.3149934
688.1253,687.8103,0.3149793
688.1253,687.8103,0.3149649
688.1253,687.8103,0.3149599
688.1253,687.8103,0.3149558
688.1253,687.8104,0.3149468
688.1253,687.8104,0.3149301
688.1253,687.8104,0.3149204
688.1253,687.8104,0.314906
688.1253,687.8104,0.3148918
688.1253,687.8104,0.31487
688.1253,687.8104,0.3148573
688.1253,687.8105,0.3148471
688.1253,687.8105,0.3148318
688.1253,687.8105,0.3148247
688.1253,687.8105,0.3148213
688.1253,687.8105,0.3148038
688.1253,687.8105,0.3148031
688.1253,687.8105,0.3147913
688.1253,687.8105,0.3147805
688.1253,687.8105,0.3147795
688.1253,687.8105,0.3147737
688.1253,687.8106,0.3147362
688.1253,687.8106,0.3147243
688.1253,687.8106,0.3147008
688.1253,687.8106,0.3146965
688.1253,687.8106,0.314685
688.1253,687.8107,0.3146448
688.1253,687.8107,0.3146283
688.1253,687.8107,0.3145988
688.1253,687.8107,0.3145965
688.1253,687.8107,0.3145707
688.1253,687.8107,0.3145694
688.1253,687.8107,0.314567
688.1253,687.8107,0.3145627
688.1253,687.8107,0.3145586
688.1253,687.8108,0.3145391
688.1253,687.8108,0.3145204
688.1253,687.8108,0.3145027
688.1253,687.8108,0.3144903
688.1253,687.8108,0.3144836
688.1253,687.8108,0.3144572
688.1253,687.8109,0.3144253
688.1253,687.8109,0.3144186
688.1253,687.8109,0.3144177
688.1253,687.8109,0.31441
688.1253,687.8109,0.3144034
688.1253,687.8109,0.3143642
688.1253,687.811,0.3143432
688.1253,687.811,0.3143241
688.1253,687.811,0.3143184
688.1253,687.811,0.3143045
688.1253,687.811,0.3142687
688.1253,687.8111,0.3142254
688.1253,687.8112,0.3140998
688.1253,687.8112,0.314085
688.1253,687.8112,0.3140573
688.1253,687.8113,0.3140098
688.1253,687.8113,0.3140035
688.1253,687.8113,0.3139893
688.1253,687.8113,0.3139851
688.1253,687.8113,0.3139501
688.1253,687.8114,0.3139428
688.1253,687.8114,0.3138714
688.1253,687.8114,0.313868
688.1253,687.8115,0.313846
688.1253,687.8115,0.3138374
688.1253,687.8115,0.3138158
688.1253,687.8115,0.313813
688.1253,687.8115,0.3138051
688.1253,687.8115,0.3137979
688.1253,687.8115,0.313791
688.1253,687.8115,0.3137786
688.1253,687.8116,0.3137323
688.1253,687.8116,0.3136833
688.1253,687.8117,0.3136102
688.1253,687.8117,0.3136004
688.1253,687.8118,0.3134966
688.1253,687.8119,0.3134223
688.1253,687.8119,0.31342
688.1253,687.8119,0.313394
688.1253,687.8119,0.3133838
688.1253,687.8121,0.3132168
688.1253,687.8121,0.3131897
688.1253,687.8121,0.3131749
688.1253,687.8121,0.3131569
688.1253,687.8122,0.3131427
688.1253,687.8122,0.3131198
688.1253,687.8122,0.3130865
688.1253,687.8122,0.3130539
688.1253,687.8123,0.3130144
688.1253,687.8124,0.3129097
688.1253,687.8124,0.3128649
688.1253,687.8125,0.3128196
688.1253,687.8126,0.3127449
688.1253,687.8126,0.3127047
688.1253,687.8127,0.3125997
688.1253,687.8127,0.3125869
688.1253,687.8128,0.3125483
688.1253,687.8128,0.312511
688.1253,687.8129,0.3124296
688.1253,687.8133,0.3119867
688.1253,687.8133,0.3119653
688.1253,687.8134,0.3119497
688.1253,687.8135,0.3117966
688.1253,687.8135,0.3117893
688.1253,687.8135,0.3117685
688.1253,687.8137,0.3116188
688.1253,687.8138,0.3115485
688.1253,687.814,0.3113196
688.1253,687.814,0.3112785
688.1253,687.8141,0.3112322
688.1253,687.8143,0.311046
688.1253,687.8143,0.3110227
688.1253,687.8143,0.3110001
688.1253,687.8143,0.3109885
688.1253,687.8143,0.3109885
688.1253,687.8143,0.3109817
688.1253,687.8143,0.3109688
688.1253,687.8144,0.3108662
688.1253,687.8144,0.3108656
688.1253,687.8145,0.3108132
688.1253,687.8153,0.3100205
688.1253,687.8154,0.3099035
688.1253,687.8155,0.3098096
688.1253,687.8155,0.3097739
688.1253,687.8155,0.3097512
688.1253,687.8156,0.3097005
688.1253,687.8158,0.3094589
688.1253,687.816,0.3093406
688.1253,687.816,0.3093346
688.1253,687.816,0.3092896
688.1253,687.8161,0.3092026
688.1253,687.8161,0.3091933
688.1253,687.8162,0.3091132
688.1253,687.8162,0.3090783
688.1253,687.8162,0.3090749
688.1253,687.8165,0.3087679
688.1253,687.8166,0.3087383
688.1253,687.8166,0.3087339
688.1253,687.8166,0.3087336
688.1253,687.8166,0.3086629
688.1253,687.8167,0.3086314
688.1253,687.8167,0.3085616
688.1253,687.8168,0.3085045
688.1253,687.8168,0.3084703
688.1253,687.8169,0.3084224
688.1253,687.8169,0.3084084
688.1253,687.817,0.3083299
688.1253,687.817,0.3082898
688.1253,687.8171,0.3082453
688.1253,687.8171,0.3082002
688.1253,687.8171,0.3081679
688.1253,687.8173,0.3080452
688.1253,687.8173,0.3080429
688.1253,687.8174,0.3078959
688.1253,687.8174,0.3078729
688.1253,687.8176,0.3076965
688.1253,687.8179,0.3074246
688.1253,687.8179,0.3074246
688.1253,687.818,0.3073159
688.1253,687.818,0.307286
688.1253,687.8181,0.3072273
688.1253,687.8181,0.3071816
688.1253,687.8181,0.3071597
688.1253,687.8183,0.3070332
688.1253,687.8183,0.3069893
688.1253,687.8185,0.3068463
688.1253,687.8185,0.3067561
688.1253,687.8186,0.3067454
688.1253,687.8187,0.3066251
688.1253,687.8187,0.3065552
688.1253,687.8188,0.3065072
688.1253,687.8188,0.3064923
688.1253,687.8188,0.3064868
688.1253,687.8188,0.3064848
688.1253,687.8188,0.3064844
688.1253,687.8189,0.3064448
688.1253,687.8191,0.3061761
688.1253,687.8192,0.3061081
688.1253,687.8193,0.3059676
688.1253,687.8194,0.305876
688.1253,687.8195,0.3057743
688.1253,687.8195,0.3057557
688.1253,687.8197,0.3056255
688.1253,687.8197,0.3055937
688.1253,687.8197,0.3055827
688.1253,687.8197,0.3055568
688.1253,687.8198,0.3055036
688.1253,687.8199,0.3053514
688.1253,687.82,0.3053405
688.1253,687.82,0.3053125
688.1253,687.8202,0.305113
688.1253,687.8203,0.3050114
688.1253,687.8203,0.3050019
688.1253,687.8204,0.304937
688.1253,687.8204,0.304903
688.1253,687.8205,0.3048422
688.1253,687.8205,0.3048368
688.1253,687.8205,0.3048101
688.1253,687.8206,0.3047205
688.1253,687.8206,0.3047097
688.1253,687.8206,0.304695
688.1253,687.8206,0.304685
688.1253,687.8207,0.3046206
688.1253,687.8207,0.3045988
688.1253,687.8207,0.304571
688.1253,687.8208,0.3044855
688.1253,687.8209,0.3043704
688.1253,687.821,0.3043234
688.1253,687.821,0.3043205
688.1253,687.821,0.3043066
688.1253,687.8212,0.3040993
688.1253,687.8212,0.3040835
688.1253,687.8213,0.3040235
688.1253,687.8213,0.304003
688.1253,687.8213,0.303957
688.1253,687.8214,0.3039293
688.1253,687.8214,0.3038791
688.1253,687.8215,0.3038419
688.1253,687.8215,0.3038151
688.1253,687.8215,0.3037846
688.1253,687.8215,0.3037839
688.1253,687.8215,0.3037524
688.1253,687.8216,0.3037296
688.1253,687.8216,0.3037153
688.1253,687.8217,0.3036231
688.1253,687.8217,0.3036078
688.1253,687.8218,0.3034527
688.1253,687.8219,0.3034491
688.1253,687.8219,0.3033737
688.1253,687.822,0.3033061
688.1253,687.822,0.3032827
688.1253,687.822,0.3032605
688.1253,687.822,0.3032541
688.1253,687.822,0.3032509
688.1253,687.8221,0.3032239
688.1253,687.8221,0.3031996
688.1253,687.8222,0.3031139
688.1253,687.8222,0.3030912
688.1253,687.8222,0.3030885
688.1253,687.8222,0.3030776
688.1253,687.8222,0.3030648
688.1253,687.8223,0.3030498
688.1253,687.8223,0.3030433
688.1253,687.8223,0.3029974
688.1253,687.8223,0.3029968
688.1253,687.8223,0.3029964
688.1253,687.8223,0.3029722
688.1253,687.8224,0.3029458
688.1253,687.8224,0.3028623
688.1253,687.8225,0.3028342
688.1253,687.8225,0.3028263
688.1253,687.8225,0.3027735
688.1253,687.8225,0.3027649
688.1253,687.8226,0.3027426
688.1253,687.8226,0.3026793
688.1253,687.8228,0.302475
688.1253,687.8229,0.3024426
688.1253,687.8229,0.3024332
688.1253,687.823,0.3023066
688.1253,687.823,0.3023028
688.1253,687.8231,0.3022231
688.1253,687.8231,0.3022021
688.1253,687.8231,0.3021839
688.1253,687.8231,0.3021661
688.1253,687.8232,0.3021395
688.1253,687.8233,0.3019784
688.1253,687.8233,0.3019633
688.1253,687.8234,0.3019082
688.1253,687.8234,0.3018836
688.1253,687.8234,0.3018702
688.1253,687.8235,0.3018464
688.1253,687.8236,0.3017174
688.1253,687.8236,0.3017119
688.1253,687.8236,0.3016799
688.1253,687.8236,0.3016554
688.1253,687.8239,0.3014263
688.1253,687.8239,0.3013873
688.1253,687.824,0.3012924
688.1253,687.824,0.3012886
688.1253,687.824,0.3012773
688.1253,687.8241,0.3011701
688.1253,687.8242,0.3011438
688.1253,687.8242,0.3011412
688.1253,687.8242,0.3011019
688.1253,687.8242,0.3010818
688.1253,687.8243,0.3010491
688.1253,687.8243,0.3010298
688.1253,687.8243,0.3010225
688.1253,687.8243,0.3010217
688.1253,687.8243,0.3009814
688.1253,687.8244,0.3009346
688.1253,687.8244,0.3009187
688.1253,687.8245,0.3008478
688.1253,687.8245,0.3008404
688.1253,687.8245,0.3008266
688.1253,687.8245,0.300824
688.1253,687.8246,0.3007393
688.1253,687.8246,0.3007311
688.1253,687.8247,0.3006367
688.1253,687.8247,0.3005758
688.1253,687.8247,0.300574
688.1253,687.8248,0.3005
688.1253,687.8249,0.3004161
688.1253,687.8249,0.3004078
688.1253,687.8249,0.3003983
688.1253,687.8249,0.3003669
688.1253,687.8249,0.3003653
688.1253,687.825,0.3003104
688.1253,687.8251,0.3002375
688.1253,687.8251,0.3001913
688.1253,687.8253,0.3000277
688.1253,687.8253,0.300023
688.1253,687.8253,0.2999895
688.1253,687.8253,0.2999544
688.1253,687.8254,0.2998597
688.1253,687.8255,0.299848
688.1253,687.8255,0.2998205
688.1253,687.8256,0.2997322
688.1253,687.8256,0.2997241
688.1253,687.8256,0.2997055
688.1253,687.8257,0.2996478
688.1253,687.8257,0.2996398
688.1253,687.8257,0.299622
688.1253,687.8258,0.2995284
688.1253,687.8258,0.2994717
688.1253,687.8258,0.2994675
688.1253,687.8259,0.299444
688.1253,687.8259,0.2994367
688.1253,687.8259,0.2993976
688.1253,687.8259,0.2993811
688.1253,687.8259,0.2993734
688.1253,687.8259,0.299368
688.1253,687.8259,0.2993522
688.1253,687.826,0.2993397
688.1253,687.826,0.2993045
688.1253,687.826,0.2992889
688.1253,687.8261,0.2992375
688.1253,687.8261,0.2991905
688.1253,687.8261,0.2991558
688.1253,687.8261,0.2991513
688.1253,687.8262,0.2991136
688.1253,687.8262,0.2991065
688.1253,687.8262,0.2990846
688.1253,687.8262,0.2990693
688.1253,687.8262,0.2990533
688.1253,687.8262,0.2990512
688.1253,687.8263,0.2990061
688.1253,687.8263,0.2989961
688.1253,687.8263,0.2989927
688.1253,687.8263,0.2989918
688.1253,687.8263,0.298974
688.1253,687.8263,0.2989521
688.1253,687.8264,0.2989262
688.1253,687.8264,0.2988951
688.1253,687.8264,0.2988886
688.1253,687.8264,0.2988844
688.1253,687.8265,0.2988395
688.1253,687.8265,0.2988275
688.1253,687.8265,0.2987947
688.1253,687.8265,0.2987912
688.1253,687.8265,0.2987718
688.1253,687.8265,0.2987673
688.1253,687.8266,0.2986645
688.1253,687.8266,0.2986642
688.1253,687.8266,0.2986636
688.1253,687.8267,0.2986333
688.1253,687.8267,0.2986278
688.1253,687.8267,0.2986182
688.1253,687.8267,0.2986072
688.1253,687.8267,0.2985917
688.1253,687.8267,0.2985833
688.1253,687.8267,0.2985689
688.1253,687.8267,0.2985583
688.1253,687.8268,0.2985455
688.1253,687.8268,0.2985432
688.1253,687.8268,0.2985086
688.1253,687.8268,0.2985036
688.1253,687.8268,0.298503
688.1253,687.8268,0.2984973
688.1253,687.8268,0.2984754
688.1253,687.8269,0.2984293
688.1253,687.8269,0.2984292
688.1253,687.8269,0.2984084
688.1253,687.8269,0.2984004
688.1253,687.8269,0.2983895
688.1253,687.8269,0.2983861
688.1253,687.8269,0.2983682
688.1253,687.827,0.2983393
688.1253,687.827,0.2983338
688.1253,687.827,0.2983059
688.1253,687.827,0.2983046
688.1253,687.827,0.2983017
688.1253,687.827,0.2982934
688.1253,687.827,0.298253
688.1253,687.8271,0.2982392
688.1253,687.8271,0.2982139
688.1253,687.8271,0.2982075
688.1253,687.8271,0.2982034
688.1253,687.8271,0.2981996
688.1253,687.8272,0.2981443
688.1253,687.8272,0.2981149
688.1253,687.8272,0.2981054
688.1253,687.8272,0.2981021
688.1253,687.8272,0.2980934
688.1253,687.8272,0.298072
688.1253,687.8273,0.2980467
688.1253,687.8273,0.2980441
688.1253,687.8273,0.298026
688.1253,687.8273,0.2980213
688.1253,687.8273,0.2980198
688.1253,687.8273,0.2980055
688.1253,687.8273,0.2980009
688.1253,687.8273,0.2979905
688.1253,687.8273,0.2979884
688.1253,687.8273,0.2979859
688.1253,687.8274,0.2979406
688.1253,687.8274,0.2979211
688.1253,687.8274,0.2979049
688.1253,687.8274,0.2979032
688.1253,687.8274,0.2979017
688.1253,687.8275,0.2978294
688.1253,687.8275,0.2978095
688.1253,687.8275,0.2977725
688.1253,687.8276,0.2977349
688.1253,687.8276,0.2977003
688.1253,687.8276,0.2976964
688.1253,687.8276,0.2976681
688.1253,687.8276,0.2976543
688.1253,687.8276,0.2976535
688.1253,687.8277,0.2976299
688.1253,687.8277,0.2976084
688.1253,687.8277,0.2975575
688.1253,687.8278,0.2975386
688.1253,687.8278,0.2975238
688.1253,687.8278,0.2974896
688.1253,687.8278,0.2974852
688.1253,687.8278,0.2974644
688.1253,687.8278,0.2974604
688.1253,687.8278,0.2974541
688.1253,687.8279,0.2974218
688.1253,687.8279,0.2973516
688.1253,687.828,0.2973407
688.1253,687.828,0.2973208
688.1253,687.828,0.2972894
688.1253,687.828,0.2972641
688.1253,687.828,0.2972575
688.1253,687.8281,0.2972381
688.1253,687.8281,0.2972032
688.1253,687.8281,0.2971931
688.1253,687.8281,0.2971919
688.1253,687.8281,0.2971705
688.1253,687.8282,0.2971038
688.1253,687.8282,0.297068
688.1253,687.8282,0.2970662
688.1253,687.8282,0.297061
688.1253,687.8282,0.2970547
688.1253,687.8283,0.2970285
688.1253,687.8283,0.2969667
688.1253,687.8283,0.2969644
688.1253,687.8283,0.2969507
688.1253,687.8284,0.2969237
688.1253,687.8284,0.2969164
688.1253,687.8284,0.2969053
688.1253,687.8284,0.296902
688.1253,687.8285,0.2968321
688.1253,687.8285,0.2968305
688.1253,687.8285,0.2967954
688.1253,687.8285,0.29678
688.1253,687.8285,0.2967742
688.1253,687.8286,0.296745
688.1253,687.8286,0.2966921
688.1253,687.8287,0.2966488
688.1253,687.8287,0.2966161
688.1253,687.8287,0.2966115
688.1253,687.8287,0.2965861
688.1253,687.8287,0.2965673
688.1253,687.8288,0.2964899
688.1253,687.8289,0.296396
688.1253,687.8289,0.2963953
688.1253,687.8289,0.2963735
688.1253,687.829,0.2963373
688.1253,687.829,0.2963035
688.1253,687.829,0.2962785
688.1253,687.829,0.2962587
688.1253,687.8291,0.2962292
688.1253,687.8291,0.2961789
688.1253,687.8292,0.2960574
688.1253,687.8292,0.2960559
688.1253,687.8293,0.2960424
688.1253,687.8293,0.2960377
688.1253,687.8293,0.2960317
688.1253,687.8293,0.2960297
688.1253,687.8293,0.296029
688.1253,687.8293,0.295978
688.1253,687.8293,0.2959755
688.1253,687.8294,0.2959409
688.1253,687.8294,0.2959314
688.1253,687.8294,0.2959202
688.1253,687.8294,0.2959017
688.1253,687.8294,0.295893
688.1253,687.8295,0.2958424
688.1253,687.8295,0.2958164
688.1253,687.8295,0.2958155
688.1253,687.8295,0.2957711
688.1253,687.8295,0.2957515
688.1253,687.8296,0.2957459
688.1253,687.8296,0.2956742
688.1253,687.8297,0.2956132
688.1253,687.8297,0.2956124
688.1253,687.8297,0.2955595
688.1253,687.8297,0.2955563
688.1253,687.8298,0.2955488
688.1253,687.8298,0.2955122
688.1253,687.8298,0.2954675
688.1253,687.8298,0.2954532
688.1253,687.8299,0.2953943
688.1253,687.83,0.2952723
688.1253,687.8301,0.2951664
688.1253,687.8302,0.2950984
688.1253,687.8302,0.2950616
688.1253,687.8303,0.2950238
688.1253,687.8303,0.2950161
688.1253,687.8303,0.2949554
688.1253,687.8304,0.2949461
688.1253,687.8304,0.2949432
688.1253,687.8304,0.2949016
688.1253,687.8304,0.2948695
688.1253,687.8304,0.2948588
688.1253,687.8305,0.2948391
688.1253,687.8305,0.2947982
688.1253,687.8306,0.2947444
688.1253,687.8306,0.2946819
688.1253,687.8306,0.2946718
688.1253,687.8306,0.2946548
688.1253,687.8307,0.2946426
688.1253,687.8307,0.2946199
688.1253,687.8307,0.2946089
688.1253,687.8307,0.2945848
688.1253,687.8307,0.2945749
688.1253,687.8308,0.2945483
688.1253,687.8308,0.2945475
688.1253,687.8308,0.2945182
688.1253,687.8308,0.2944784
688.1253,687.8309,0.2944436
688.1253,687.8309,0.2944161
688.1253,687.8311,0.2942065
688.1253,687.8311,0.2941656
688.1253,687.8312,0.2941463
688.1253,687.8312,0.2941257
688.1253,687.8312,0.2940725
688.1253,687.8313,0.294035
688.1253,687.8313,0.2940275
688.1253,687.8313,0.2940192
688.1253,687.8313,0.2939631
688.1253,687.8314,0.2939448
688.1253,687.8314,0.2938992
688.1253,687.8314,0.2938933
688.1253,687.8314,0.2938907
688.1253,687.8314,0.2938683
688.1253,687.8315,0.2938466
688.1253,687.8315,0.293845
688.1253,687.8315,0.2938408
688.1253,687.8315,0.293834
688.1253,687.8315,0.2938299
688.1253,687.8315,0.2937662
688.1253,687.8315,0.2937533
688.1253,687.8316,0.2936668
688.1253,687.8316,0.2936559
688.1253,687.8317,0.2935922
688.1253,687.8317,0.2935703
688.1253,687.8317,0.2935701
688.1253,687.8318,0.2935089
688.1253,687.8318,0.2935052
688.1253,687.8318,0.293487
688.1253,687.8318,0.2934783
688.1253,687.8319,0.2934479
688.1253,687.8319,0.2933989
688.1253,687.8319,0.293392
688.1253,687.8319,0.2933719
688.1253,687.8319,0.2933651
688.1253,687.832,0.2933246
688.1253,687.832,0.2932871
688.1253,687.8322,0.2931293
688.1253,687.8322,0.2930937
688.1253,687.8322,0.29309
688.1253,687.8323,0.2930404
688.1253,687.8323,0.2930049
688.1253,687.8323,0.2929801
688.1253,687.8323,0.2929742
688.1253,687.8323,0.2929665
688.1253,687.8323,0.2929663
688.1253,687.8324,0.2929399
688.1253,687.8324,0.2929082
688.1253,687.8325,0.2928334
688.1253,687.8325,0.2927927
688.1253,687.8325,0.2927719
688.1253,687.8325,0.2927652
688.1253,687.8326,0.2927411
688.1253,687.8326,0.2927301
688.1253,687.8326,0.2927298
688.1253,687.8326,0.2927131
688.1253,687.8326,0.2927027
688.1253,687.8326,0.2927012
688.1253,687.8327,0.2926224
688.1253,687.8327,0.2926192
688.1253,687.8327,0.2926104
688.1253,687.8327,0.2925898
688.1253,687.8329,0.292423
688.1253,687.8329,0.2924221
688.1253,687.8329,0.2923823
688.1253,687.8329,0.292382
688.1253,687.8329,0.2923678
688.1253,687.833,0.2923217
688.1253,687.833,0.2922973
688.1253,687.8331,0.2922477
688.1253,687.8331,0.2922259
688.1253,687.8331,0.2922171
688.1253,687.8331,0.2922066
688.1253,687.8331,0.2922015
688.1253,687.8331,0.2921963
688.1253,687.8331,0.292166
688.1253,687.8331,0.2921539
688.1253,687.8332,0.2921076
688.1253,687.8332,0.2920906
688.1253,687.8332,0.2920889
688.1253,687.8332,0.2920693
688.1253,687.8332,0.2920535
688.1253,687.8333,0.2920475
688.1253,687.8333,0.2920084
688.1253,687.8333,0.2919538
688.1253,687.8334,0.2919471
688.1253,687.8334,0.2919407
688.1253,687.8334,0.2918611
688.1253,687.8334,0.2918549
688.1253,687.8335,0.2918279
688.1253,687.8336,0.2916919
688.1253,687.8336,0.2916598
688.1253,687.8337,0.2916295
688.1253,687.8337,0.2915758
688.1253,687.8337,0.2915545
688.1253,687.8338,0.2914858
688.1253,687.8339,0.2914471
688.1253,687.834,0.2912632
688.1253,687.834,0.2912619
688.1253,687.8341,0.2912211
688.1253,687.8341,0.2912211
688.1253,687.8341,0.2912192
688.1253,687.8342,0.2911458
688.1253,687.8342,0.2910779
688.1253,687.8342,0.2910708
688.1253,687.8343,0.2909747
688.1253,687.8344,0.2909021
688.1253,687.8344,0.2908996
688.1253,687.8344,0.290898
688.1253,687.8344,0.2908939
688.1253,687.8345,0.2908313
688.1253,687.8345,0.290825
688.1253,687.8345,0.2908204
688.1253,687.8345,0.2908148
688.1253,687.8345,0.2908103
688.1253,687.8345,0.2907851
688.1253,687.8345,0.2907774
688.1253,687.8345,0.2907619
688.1253,687.8345,0.2907611
688.1253,687.8346,0.290721
688.1253,687.8346,0.290688
688.1253,687.8347,0.2906319
688.1253,687.8347,0.2906255
688.1253,687.8347,0.2906249
688.1253,687.8347,0.2906201
688.1253,687.8347,0.2906015
688.1253,687.8347,0.2905871
688.1253,687.8347,0.2905596
688.1253,687.8348,0.2905235
688.1253,687.8348,0.2905182
688.1253,687.8348,0.29051
688.1253,687.8349,0.2904356
688.1253,687.8349,0.2904329
688.1253,687.8349,0.2904286
688.1253,687.8349,0.2903998
688.1253,687.8349,0.2903937
688.1253,687.8349,0.2903761
688.1253,687.8349,0.2903661
688.1253,687.8349,0.2903658
688.1253,687.835,0.2903373
688.1253,687.835,0.2903365
688.1253,687.835,0.2903363
688.1253,687.8351,0.2902438
688.1253,687.8351,0.2902265
688.1253,687.8351,0.2902145
688.1253,687.8351,0.2901703
688.1253,687.8351,0.2901696
688.1253,687.8352,0.2901228
688.1253,687.8353,0.2900281
688.1253,687.8353,0.2899965
688.1253,687.8353,0.2899823
688.1253,687.8354,0.2899295
688.1253,687.8354,0.289926
688.1253,687.8354,0.2898969
688.1253,687.8354,0.289884
688.1253,687.8354,0.2898791
688.1253,687.8354,0.2898716
688.1253,687.8354,0.2898546
688.1253,687.8355,0.2898057
688.1253,687.8357,0.2895891
688.1253,687.8358,0.2895349
688.1253,687.8358,0.2895272
688.1253,687.8358,0.2894893
688.1253,687.8358,0.2894752
688.1253,687.8359,0.2894158
688.1253,687.8359,0.2893876
688.1253,687.8359,0.2893844
688.1253,687.836,0.2893358
688.1253,687.836,0.2893111
688.1253,687.8361,0.289228
688.1253,687.8361,0.2892222
688.1253,687.8361,0.289185
688.1253,687.8361,0.2891845
688.1253,687.8362,0.2890668
688.1253,687.8362,0.2890556
688.1253,687.8363,0.289046
688.1253,687.8363,0.289
688.1253,687.8363,0.2889983
688.1253,687.8363,0.2889978
688.1253,687.8363,0.2889943
688.1253,687.8363,0.2889639
688.1253,687.8364,0.2889025
688.1253,687.8364,0.2889008
688.1253,687.8364,0.2888795
688.1253,687.8364,0.2888522
688.1253,687.8365,0.2888305
688.1253,687.8365,0.2887884
688.1253,687.8366,0.2887016
688.1253,687.8366,0.2886908
688.1253,687.8366,0.2886824
688.1253,687.8366,0.2886789
688.1253,687.8367,0.2886388
688.1253,687.8368,0.2885184
688.1253,687.8368,0.2885038
688.1253,687.8368,0.2885021
688.1253,687.8369,0.288445
688.1253,687.8369,0.2884322
688.1253,687.8369,0.2884278
688.1253,687.8369,0.2883903
688.1253,687.8369,0.2883843
688.1253,687.837,0.28831
688.1253,687.837,0.2882705
688.1253,687.837,0.2882657
688.1253,687.837,0.2882575
688.1253,687.8371,0.288221
688.1253,687.8371,0.2882069
688.1253,687.8371,0.2881523
688.1253,687.8372,0.2881018
688.1253,687.8372,0.2880589
688.1253,687.8372,0.2880528
688.1253,687.8373,0.2880212
688.1253,687.8373,0.2880209
688.1253,687.8373,0.2879729
688.1253,687.8374,0.2879431
688.1253,687.8374,0.2879347
688.1253,687.8374,0.2879174
688.1253,687.8374,0.2878854
688.1253,687.8375,0.2878443
688.1253,687.8375,0.287839
688.1253,687.8375,0.287775
688.1253,687.8375,0.287768
688.1253,687.8375,0.2877582
688.1253,687.8376,0.2876917
688.1253,687.8376,0.2876807
688.1253,687.8376,0.2876564
688.1253,687.8377,0.2876397
688.1253,687.8377,0.2876305
688.1253,687.8377,0.2875965
688.1253,687.8377,0.2875859
688.1253,687.8378,0.287549
688.1253,687.8378,0.2875267
688.1253,687.8378,0.28748
688.1253,687.8379,0.2874427
688.1253,687.8379,0.2874345
688.1253,687.8379,0.2874193
688.1253,687.8379,0.2874098
688.1253,687.8379,0.2874075
688.1253,687.8379,0.2874022
688.1253,687.8379,0.2873943
688.1253,687.8379,0.2873851
688.1253,687.8379,0.2873779
688.1253,687.838,0.2873414
688.1253,687.838,0.2873276
688.1253,687.838,0.287315
688.1253,687.838,0.2872802
688.1253,687.838,0.2872753
688.1253,687.8381,0.287228
688.1253,687.8381,0.2872234
688.1253,687.8381,0.2872047
688.1253,687.8382,0.2871375
688.1253,687.8382,0.2871074
688.1253,687.8383,0.2870128
688.1253,687.8384,0.2869467
688.1253,687.8384,0.2869312
688.1253,687.8384,0.2869144
688.1253,687.8384,0.2869083
688.1253,687.8384,0.2868983
688.1253,687.8384,0.2868947
688.1253,687.8384,0.2868554
688.1253,687.8385,0.2868352
688.1253,687.8385,0.2868124
688.1253,687.8385,0.2867992
688.1253,687.8385,0.2867726
688.1253,687.8385,0.2867552
688.1253,687.8386,0.2867066
688.1253,687.8386,0.2867004
688.1253,687.8386,0.286661
688.1253,687.8387,0.2866492
688.1253,687.8387,0.2865845
688.1253,687.8387,0.286584
688.1253,687.8387,0.2865774
688.1253,687.8387,0.2865607
688.1253,687.8388,0.2865237
688.1253,687.8388,0.2865174
688.1253,687.8388,0.2864948
688.1253,687.8388,0.2864899
688.1253,687.8388,0.2864778
688.1253,687.8389,0.2864401
688.1253,687.8389,0.2864298
688.1253,687.8389,0.2864073
688.1253,687.8389,0.2864032
688.1253,687.8389,0.2863742
688.1253,687.8389,0.2863733
688.1253,687.8389,0.2863637
688.1253,687.839,0.2863404
688.1253,687.839,0.2863386
688.1253,687.839,0.286333
688.1253,687.839,0.2863298
688.1253,687.839,0.2863145
688.1253,687.839,0.2862874
688.1253,687.839,0.2862823
688.1253,687.839,0.2862762
688.1253,687.839,0.2862702
688.1253,687.839,0.2862686
688.1253,687.839,0.2862612
688.1253,687.839,0.2862566
688.1253,687.8391,0.286249
688.1253,687.8391,0.2862479
688.1253,687.8391,0.2862436
688.1253,687.8391,0.2862219
688.1253,687.8391,0.2861852
688.1253,687.8391,0.2861722
688.1253,687.8391,0.2861578
688.1253,687.8392,0.2861364
688.1253,687.8392,0.2860526
688.1253,687.8393,0.2859685
688.1253,687.8393,0.2859628
688.1253,687.8394,0.2859318
688.1253,687.8394,0.28592
688.1253,687.8394,0.2858881
688.1253,687.8394,0.2858843
688.1253,687.8394,0.2858579
688.1253,687.8395,0.2858246
688.1253,687.8395,0.2858155
688.1253,687.8395,0.2858143
688.1253,687.8395,0.2857911
688.1253,687.8395,0.2857822
688.1253,687.8396,0.2857368
688.1253,687.8396,0.2857339
688.1253,687.8396,0.285715
688.1253,687.8396,0.2856986
688.1253,687.8396,0.2856542
688.1253,687.8397,0.2856158
688.1253,687.8397,0.2856066
688.1253,687.8397,0.2855995
688.1253,687.8397,0.2855872
688.1253,687.8397,0.2855771
688.1253,687.8397,0.285574
688.1253,687.8397,0.2855569
688.1253,687.8397,0.2855536
688.1253,687.8398,0.2855342
688.1253,687.8398,0.2855177
688.1253,687.8398,0.2854851
688.1253,687.8398,0.2854612
688.1253,687.8399,0.2854399
688.1253,687.8399,0.2854077
688.1253,687.8399,0.2854061
688.1253,687.8399,0.2853951
688.1253,687.8399,0.2853529
688.1253,687.84,0.2853478
688.1253,687.84,0.285338
688.1253,687.84,0.2853234
688.1253,687.84,0.2852999
688.1253,687.84,0.285297
688.1253,687.8401,0.2852431
688.1253,687.8401,0.2852415
688.1253,687.8401,0.2852379
688.1253,687.8401,0.2852277
688.1253,687.8401,0.2852176
688.1253,687.8401,0.2851671
688.1253,687.8402,0.2851371
688.1253,687.8402,0.2851242
688.1253,687.8402,0.2851086
688.1253,687.8402,0.2850994
688.1253,687.8402,0.2850812
688.1253,687.8402,0.2850789
688.1253,687.8403,0.2850254
688.1253,687.8404,0.2849492
688.1253,687.8404,0.2849411
688.1253,687.8404,0.2849403
688.1253,687.8404,0.2849353
688.1253,687.8404,0.2849149
688.1253,687.8404,0.2849087
688.1253,687.8404,0.2849074
688.1253,687.8404,0.2849068
688.1253,687.8404,0.2848986
688.1253,687.8404,0.2848864
688.1253,687.8404,0.2848718
688.1253,687.8404,0.2848614
688.1253,687.8404,0.2848609
688.1253,687.8404,0.2848509
688.1253,687.8405,0.2848472
688.1253,687.8405,0.2848413
688.1253,687.8405,0.2847991
688.1253,687.8405,0.2847828
688.1253,687.8405,0.2847793
688.1253,687.8405,0.2847725
688.1253,687.8405,0.2847688
688.1253,687.8406,0.2847231
688.1253,687.8406,0.2847142
688.1253,687.8406,0.2846976
688.1253,687.8406,0.2846929
688.1253,687.8406,0.2846848
688.1253,687.8407,0.2846145
688.1253,687.8407,0.2846092
688.1253,687.8407,0.2846082
688.1253,687.8407,0.2845874
688.1253,687.8407,0.2845752
688.1253,687.8407,0.2845579
688.1253,687.8408,0.2845278
688.1253,687.8408,0.2845057
688.1253,687.8408,0.2845039
688.1253,687.8408,0.2844992
688.1253,687.8408,0.2844863
688.1253,687.8408,0.284463
688.1253,687.8409,0.2844468
688.1253,687.8409,0.284444
688.1253,687.8409,0.2844325
688.1253,687.8409,0.2843871
688.1253,687.8409,0.2843845
688.1253,687.8409,0.2843611
688.1253,687.8409,0.2843592
688.1253,687.8409,0.2843549
688.1253,687.8409,0.2843535
688.1253,687.841,0.2843038
688.1253,687.841,0.2842957
688.1253,687.841,0.2842801
688.1253,687.841,0.284273
688.1253,687.841,0.2842583
688.1253,687.841,0.2842556
688.1253,687.8411,0.2842378
688.1253,687.8411,0.2842301
688.1253,687.8411,0.2842193
688.1253,687.8411,0.2842175
688.1253,687.8411,0.2842174
688.1253,687.8411,0.2841872
688.1253,687.8411,0.2841827
688.1253,687.8411,0.2841789
688.1253,687.8412,0.2841036
688.1253,687.8412,0.2840674
688.1253,687.8412,0.2840571
688.1253,687.8412,0.2840562
688.1253,687.8412,0.2840506
688.1253,687.8413,0.2840348
688.1253,687.8413,0.2840268
688.1253,687.8413,0.2840258
688.1253,687.8413,0.2840151
688.1253,687.8413,0.2840103
688.1253,687.8413,0.2840093
688.1253,687.8413,0.2840046
688.1253,687.8413,0.2839944
688.1253,687.8413,0.2839651
688.1253,687.8413,0.2839609
688.1253,687.8414,0.2839491
688.1253,687.8414,0.2839449
688.1253,687.8414,0.2839439
688.1253,687.8414,0.2839328
688.1253,687.8414,0.2839047
688.1253,687.8414,0.2838768
688.1253,687.8414,0.2838702
688.1253,687.8415,0.283808
688.1253,687.8415,0.2838021
688.1253,687.8415,0.2837868
688.1253,687.8415,0.283777
688.1253,687.8415,0.2837754
688.1253,687.8415,0.2837605
688.1253,687.8415,0.283757
688.1253,687.8416,0.2837441
688.1253,687.8416,0.2837368
688.1253,687.8416,0.283731
688.1253,687.8416,0.2837261
688.1253,687.8416,0.283683
688.1253,687.8416,0.2836712
688.1253,687.8416,0.2836549
688.1253,687.8417,0.2836066
688.1253,687.8417,0.2836035
688.1253,687.8417,0.2835986
688.1253,687.8417,0.2835929
688.1253,687.8417,0.2835904
688.1253,687.8417,0.2835707
688.1253,687.8417,0.2835606
688.1253,687.8417,0.28356
688.1253,687.8417,0.2835565
688.1253,687.8418,0.2835487
688.1253,687.8418,0.2835467
688.1253,687.8418,0.2835309
688.1253,687.8418,0.2835207
688.1253,687.8418,0.2835006
688.1253,687.8418,0.2834977
688.1253,687.8418,0.2834968
688.1253,687.8418,0.2834877
688.1253,687.8418,0.2834819
688.1253,687.8419,0.2834499
688.1253,687.8419,0.2834432
688.1253,687.8419,0.283408
688.1253,687.8419,0.2834071
688.1253,687.8419,0.2834069
688.1253,687.8419,0.2833987
688.1253,687.8419,0.2833915
688.1253,687.8419,0.2833908
688.1253,687.8419,0.2833833
688.1253,687.8419,0.283379
688.1253,687.8419,0.2833619
688.1253,687.8419,0.2833613
688.1253,687.842,0.2833421
688.1253,687.842,0.2833391
688.1253,687.842,0.2833287
688.1253,687.842,0.2833259
688.1253,687.842,0.283324
688.1253,687.842,0.2833126
688.1253,687.842,0.2832984
688.1253,687.842,0.2832917
688.1253,687.842,0.2832845
688.1253,687.842,0.2832821
688.1253,687.842,0.2832745
688.1253,687.842,0.2832735
688.1253,687.842,0.2832657
688.1253,687.842,0.2832635
688.1253,687.842,0.2832626
688.1253,687.842,0.2832607
688.1253,687.8421,0.2832373
688.1253,687.8421,0.2832339
688.1253,687.8421,0.2832336
688.1253,687.8421,0.2832243
688.1253,687.8421,0.2831943
688.1253,687.8421,0.2831659
688.1253,687.8422,0.2831496
688.1253,687.8422,0.2831325
688.1253,687.8422,0.28313
688.1253,687.8422,0.2831155
688.1253,687.8422,0.2831113
688.1253,687.8422,0.2830717
688.1253,687.8422,0.2830687
688.1253,687.8422,0.2830542
688.1253,687.8422,0.2830538
688.1253,687.8423,0.2830299
688.1253,687.8423,0.2830245
688.1253,687.8423,0.2830154
688.1253,687.8423,0.2830141
688.1253,687.8423,0.2829983
688.1253,687.8423,0.2829632
688.1253,687.8423,0.2829598
688.1253,687.8423,0.282957
688.1253,687.8423,0.282956
688.1253,687.8423,0.2829548
688.1253,687.8424,0.282945
688.1253,687.8424,0.28294
688.1253,687.8424,0.2829324
688.1253,687.8424,0.2829314
688.1253,687.8424,0.2828999
688.1253,687.8424,0.2828942
688.1253,687.8425,0.2828459
688.1253,687.8425,0.2828325
688.1253,687.8425,0.2828108
688.1253,687.8425,0.2827945
688.1253,687.8426,0.2827481
688.1253,687.8426,0.2827419
688.1253,687.8426,0.2827278
688.1253,687.8426,0.2827229
688.1253,687.8426,0.2827125
688.1253,687.8426,0.2827121
688.1253,687.8426,0.28271
688.1253,687.8426,0.2827081
688.1253,687.8426,0.2826977
688.1253,687.8426,0.2826786
688.1253,687.8426,0.2826767
688.1253,687.8426,0.2826642
688.1253,687.8426,0.2826549
688.1253,687.8427,0.2826472
688.1253,687.8427,0.2826415
688.1253,687.8427,0.2826247
688.1253,687.8427,0.282586
688.1253,687.8427,0.2825779
688.1253,687.8427,0.2825768
688.1253,687.8427,0.282565
688.1253,687.8428,0.2825439
688.1253,687.8428,0.2825376
688.1253,687.8428,0.282533
688.1253,687.8428,0.282515
688.1253,687.8428,0.2825114
688.1253,687.8428,0.2825085
688.1253,687.8428,0.2825035
688.1253,687.8428,0.2824834
688.1253,687.8428,0.2824769
688.1253,687.8428,0.2824741
688.1253,687.8428,0.2824687
688.1253,687.8428,0.2824639
688.1253,687.8428,0.2824598
688.1253,687.8429,0.2824463
688.1253,687.8429,0.2824462
688.1253,687.8429,0.2824435
688.1253,687.8429,0.2824266
688.1253,687.8429,0.2824181
688.1253,687.8429,0.2824056
688.1253,687.8429,0.2824006
688.1253,687.8429,0.2823994
688.1253,687.8429,0.282386
688.1253,687.8429,0.2823619
688.1253,687.843,0.2823432
688.1253,687.843,0.2823294
688.1253,687.843,0.2823131
688.1253,687.843,0.2822994
688.1253,687.843,0.282297
688.1253,687.843,0.2822799
688.1253,687.843,0.2822667
688.1253,687.843,0.2822568
688.1253,687.843,0.2822555
688.1253,687.843,0.2822536
688.1253,687.8431,0.282246
688.1253,687.8431,0.2822391
688.1253,687.8431,0.2822079
688.1253,687.8431,0.2821976
688.1253,687.8431,0.2821958
688.1253,687.8431,0.2821912
688.1253,687.8431,0.2821854
688.1253,687.8431,0.2821686
688.1253,687.8431,0.2821525
688.1253,687.8432,0.2821489
688.1253,687.8432,0.2821398
688.1253,687.8432,0.2821294
688.1253,687.8432,0.2821178
688.1253,687.8432,0.28209
688.1253,687.8432,0.2820584
688.1253,687.8432,0.2820552
688.1253,687.8433,0.2820332
688.1253,687.8433,0.2820319
688.1253,687.8433,0.2819772
688.1253,687.8434,0.2819323
688.1253,687.8434,0.2818939
688.1253,687.8434,0.2818636
688.1253,687.8434,0.2818619
688.1253,687.8435,0.2818448
688.1253,687.8435,0.2818263
688.1253,687.8435,0.2817888
688.1253,687.8435,0.2817611
688.1253,687.8435,0.2817541
688.1253,687.8435,0.2817518
688.1253,687.8436,0.2816504
688.1253,687.8437,0.2816445
688.1253,687.8437,0.2816433
688.1253,687.8437,0.2816335
688.1253,687.8437,0.2816224
688.1253,687.8437,0.2816177
688.1253,687.8437,0.2816088
688.1253,687.8437,0.2815988
688.1253,687.8437,0.2815687
688.1253,687.8438,0.2815328
688.1253,687.8438,0.2815086
688.1253,687.8438,0.2814948
688.1253,687.8438,0.2814569
688.1253,687.8438,0.2814547
688.1253,687.8439,0.2814498
688.1253,687.8439,0.2814386
688.1253,687.8439,0.2814334
688.1253,687.8439,0.2814255
688.1253,687.8439,0.2814175
688.1253,687.8439,0.2814075
688.1253,687.8439,0.2814071
688.1253,687.8439,0.2813903
688.1253,687.8439,0.2813618
688.1253,687.844,0.2813409
688.1253,687.844,0.2813402
688.1253,687.844,0.2813386
688.1253,687.844,0.2813291
688.1253,687.844,0.2813191
688.1253,687.844,0.2813146
688.1253,687.844,0.2813073
688.1253,687.844,0.2812982
688.1253,687.844,0.2812971
688.1253,687.844,0.2812877
688.1253,687.844,0.2812757
688.1253,687.8441,0.281231
688.1253,687.8441,0.2812136
688.1253,687.8441,0.2811809
688.1253,687.8441,0.2811565
688.1253,687.8442,0.2811437
688.1253,687.8442,0.2811079
688.1253,687.8442,0.2810747
688.1253,687.8442,0.2810522
688.1253,687.8443,0.281008
688.1253,687.8443,0.2809698
688.1253,687.8444,0.2809488
688.1253,687.8444,0.2809395
688.1253,687.8444,0.280938
688.1253,687.8444,0.2809345
688.1253,687.8444,0.2808718
688.1253,687.8444,0.2808535
688.1253,687.8445,0.2808305
688.1253,687.8445,0.2808217
688.1253,687.8445,0.2808088
688.1253,687.8445,0.2807852
688.1253,687.8445,0.2807779
688.1253,687.8445,0.280769
688.1253,687.8446,0.2807499
688.1253,687.8447,0.2806351
688.1253,687.8447,0.2806208
688.1253,687.8448,0.2805163
688.1253,687.8448,0.2805086
688.1253,687.8448,0.280464
688.1253,687.8449,0.2804154
688.1253,687.8449,0.2803697
688.1253,687.845,0.2803109
688.1253,687.845,0.2802949
688.1253,687.8451,0.2802471
688.1253,687.8451,0.280235
688.1253,687.8451,0.2802158
688.1253,687.8451,0.2801881
688.1253,687.8451,0.2801867
688.1253,687.8451,0.280154
688.1253,687.8452,0.2800975
688.1253,687.8452,0.2800836
688.1253,687.8453,0.279976
688.1253,687.8453,0.2799505
688.1253,687.8454,0.2798822
688.1253,687.8455,0.2798058
688.1253,687.8455,0.2797815
688.1253,687.8456,0.2797372
688.1253,687.8456,0.2797274
688.1253,687.8456,0.2797077
688.1253,687.8456,0.2796792
688.1253,687.8457,0.279605
688.1253,687.8457,0.2795848
688.1253,687.8457,0.2795676
688.1253,687.8458,0.2795206
688.1253,687.8458,0.2794816
688.1253,687.8459,0.2794394
688.1253,687.8459,0.2794236
688.1253,687.8459,0.2794078
688.1253,687.846,0.2792815
688.1253,687.8461,0.2792424
688.1253,687.8461,0.2791887
688.1253,687.8461,0.2791821
688.1253,687.8461,0.2791628
688.1253,687.8462,0.2791206
688.1253,687.8462,0.2790693
688.1253,687.8463,0.2790227
688.1253,687.8463,0.2789832
688.1253,687.8464,0.278947
688.1253,687.8464,0.2788942
688.1253,687.8465,0.2788313
688.1253,687.8466,0.2787299
688.1253,687.8466,0.2786953
688.1253,687.8466,0.2786789
688.1253,687.8466,0.2786673
688.1253,687.8467,0.2785799
688.1253,687.8469,0.2783732
688.1253,687.8469,0.2783707
688.1253,687.8469,0.2783579
688.1253,687.847,0.2782984
688.1253,687.8471,0.278225
688.1253,687.8471,0.2782205
688.1253,687.8472,0.2781229
688.1253,687.8472,0.2781161
688.1253,687.8472,0.2781043
688.1253,687.8472,0.2780924
688.1253,687.8472,0.2780594
688.1253,687.8473,0.2780313
688.1253,687.8473,0.2779619
688.1253,687.8475,0.2777724
688.1253,687.8475,0.2777716
688.1253,687.848,0.2772741
688.1253,687.848,0.2772506
688.1253,687.8481,0.2772496
688.1253,687.8481,0.2771792
688.1253,687.8481,0.2771724
688.1253,687.8481,0.2771686
688.1253,687.8482,0.2771123
688.1253,687.8482,0.2770547
688.1253,687.8483,0.2770004
688.1253,687.8483,0.2769725
688.1253,687.8483,0.2769501
688.1253,687.8484,0.2769337
688.1253,687.8484,0.2768934
688.1253,687.8484,0.2768631
688.1253,687.8485,0.276813
688.1253,687.8486,0.2767172
688.1253,687.8486,0.276694
688.1253,687.8486,0.2766662
688.1253,687.8487,0.2766412
688.1253,687.8487,0.2766198
688.1253,687.8487,0.2765866
688.1253,687.8487,0.2765775
688.1253,687.8488,0.2764964
688.1253,687.8488,0.2764927
688.1253,687.8488,0.2764629
688.1253,687.8489,0.2763573
688.1253,687.849,0.2763239
688.1253,687.8491,0.27622
688.1253,687.8491,0.2761773
688.1253,687.8492,0.2761247
688.1253,687.8492,0.2761102
688.1253,687.8493,0.2759979
688.1253,687.8493,0.2759749
688.1253,687.8495,0.2758019
688.1253,687.8496,0.2757471
688.1253,687.8496,0.2757209
688.1253,687.8496,0.2756764
688.1253,687.8497,0.2756413
688.1253,687.8497,0.2755728
688.1253,687.85,0.2753351
688.1253,687.8501,0.2752402
688.1253,687.8501,0.2751979
688.1253,687.8501,0.2751926
688.1253,687.8501,0.2751527
688.1253,687.8502,0.2751001
688.1253,687.8503,0.2750445
688.1253,687.8503,0.2749856
688.1253,687.8504,0.2748889
688.1253,687.8505,0.2748477
688.1253,687.8505,0.2748431
688.1253,687.8505,0.2748215
688.1253,687.8505,0.2748022
688.1253,687.8506,0.2746931
688.1253,687.8506,0.2746715
688.1253,687.8506,0.2746678
688.1253,687.8506,0.2746672
688.1253,687.8506,0.274655
688.1253,687.8508,0.2745193
688.1253,687.8509,0.2744395
688.1253,687.8509,0.2743741
688.1253,687.8513,0.2739502
688.1253,687.8514,0.2739309
688.1253,687.8514,0.2739153
688.1253,687.8514,0.273899
688.1253,687.8514,0.2738926
688.1253,687.8514,0.2738618
688.1253,687.8515,0.2738435
688.1253,687.8516,0.2737348
688.1253,687.8516,0.2737342
688.1253,687.8517,0.2735663
688.1253,687.8517,0.2735506
688.1253,687.8518,0.2734798
688.1253,687.8518,0.2734752
688.1253,687.852,0.2733256
688.1253,687.8521,0.2732135
688.1253,687.8521,0.2732075
688.1253,687.8522,0.2730711
688.1253,687.8523,0.2729836
688.1253,687.8524,0.2728904
688.1253,687.8525,0.2727955
688.1253,687.8525,0.2727721
688.1253,687.8526,0.2727245
688.1253,687.8526,0.2727156
688.1253,687.8526,0.2726833
688.1253,687.8526,0.2726705
688.1253,687.8527,0.2726298
688.1253,687.8528,0.27253
688.1253,687.853,0.2722927
688.1253,687.853,0.2722583
688.1253,687.8531,0.272153
688.1253,687.8532,0.2721233
688.1253,687.8535,0.2718292
688.1253,687.8535,0.2718091
688.1253,687.8535,0.2717625
688.1253,687.8537,0.2716361
688.1253,687.8537,0.2716246
688.1253,687.8537,0.2716083
688.1253,687.854,0.2713133
688.1253,687.854,0.2712567
688.1253,687.8541,0.271201
688.1253,687.8543,0.2709974
688.1253,687.8543,0.2709639
688.1253,687.8544,0.2708625
688.1253,687.8545,0.2707916
688.1253,687.8546,0.2707376
688.1253,687.8546,0.2707315
688.1253,687.8546,0.2706916
688.1253,687.8546,0.2706862
688.1253,687.8546,0.2706533
688.1253,687.8547,0.2706367
688.1253,687.8547,0.2706087
688.1253,687.8547,0.2705949
688.1253,687.8548,0.2705461
688.1253,687.8548,0.2704965
688.1253,687.8548,0.2704675
688.1253,687.8549,0.2704295
688.1253,687.8553,0.2699521
688.1253,687.8554,0.269923
688.1253,687.8554,0.2699145
688.1253,687.8554,0.2699041
688.1253,687.8554,0.2698613
688.1253,687.8555,0.2697839
688.1253,687.8557,0.2696359
688.1253,687.856,0.2693378
688.1253,687.8561,0.2692092
688.1253,687.8561,0.2691872
688.1253,687.8563,0.2689943
688.1253,687.8563,0.2689854
688.1253,687.8563,0.268953
688.1253,687.8564,0.2689356
688.1253,687.8564,0.2689222
688.1253,687.8565,0.2687839
688.1253,687.8565,0.2687754
688.1253,687.8566,0.2686969
688.1253,687.8566,0.268688
688.1253,687.8567,0.2685715
688.1253,687.8568,0.2685106
688.1253,687.8568,0.2684966
688.1253,687.8568,0.2684552
688.1253,687.8569,0.2683852
688.1253,687.857,0.2683445
688.1253,687.857,0.2683266
688.1253,687.857,0.2682673
688.1253,687.8571,0.2682333
688.1253,687.8571,0.2682308
688.1253,687.8572,0.2681446
688.1253,687.8572,0.2681226
688.1253,687.8573,0.2680164
688.1253,687.8573,0.2679928
688.1253,687.8573,0.267956
688.1253,687.8574,0.267936
688.1253,687.8575,0.2678252
688.1253,687.8577,0.2676393
688.1253,687.8577,0.2675712
688.1253,687.8577,0.2675617
688.1253,687.8578,0.2675004
688.1253,687.8579,0.2674464
688.1253,687.858,0.2673277
688.1253,687.858,0.2673153
688.1253,687.858,0.2673089
688.1253,687.858,0.2672754
688.1253,687.8582,0.2671479
688.1253,687.8583,0.2669549
688.1253,687.8584,0.266938
688.1253,687.8584,0.2669052
688.1253,687.8585,0.2668451
688.1253,687.8585,0.2667851
688.1253,687.8586,0.2667055
688.1253,687.8586,0.2666948
688.1253,687.8586,0.266693
688.1253,687.8587,0.2666243
688.1253,687.8587,0.2665756
688.1253,687.8587,0.2665682
688.1253,687.8587,0.2665628
688.1253,687.8588,0.2665376
688.1253,687.8588,0.2665249
688.1253,687.8589,0.2664298
688.1253,687.8589,0.2663872
688.1253,687.8589,0.2663861
688.1253,687.8589,0.266384
688.1253,687.859,0.2662949
688.1253,687.8592,0.2660708
688.1253,687.8592,0.2660666
688.1253,687.8593,0.2659844
688.1253,687.8593,0.2659689
688.1253,687.8593,0.2659581
688.1253,687.8594,0.2658805
688.1253,687.8595,0.2658437
688.1253,687.8595,0.2658131
688.1253,687.8596,0.2657363
688.1253,687.8596,0.2657334
688.1253,687.8596,0.2657119
688.1253,687.8596,0.2657066
688.1253,687.8597,0.2655925
688.1253,687.8597,0.2655908
688.1253,687.8598,0.2654882
688.1253,687.8598,0.265484
688.1253,687.8599,0.2654327
688.1253,687.86,0.2652759
688.1253,687.8601,0.2652332
688.1253,687.8601,0.2651772
688.1253,687.8602,0.2651156
688.1253,687.8605,0.2648202
688.1253,687.8605,0.2647967
688.1253,687.8605,0.2647819
688.1253,687.8607,0.2645624
688.1253,687.8608,0.2645131
688.1253,687.8611,0.2642193
688.1253,687.8612,0.2641278
688.1253,687.8612,0.2641236
688.1253,687.8615,0.2638283
688.1253,687.8616,0.2636604
688.1253,687.8617,0.2635897
688.1253,687.8618,0.2635189
688.1253,687.8623,0.2630377
688.1253,687.8625,0.2627816
688.1253,687.8627,0.2625825
688.1253,687.8628,0.2625408
688.1253,687.8629,0.2623914
688.1253,687.8629,0.2623736
688.1253,687.8631,0.2621679
688.1253,687.8634,0.261908
688.1253,687.8636,0.2617284
688.1253,687.8639,0.2614422
688.1253,687.864,0.2612949
688.1253,687.8643,0.2610367
688.1253,687.8643,0.2610231
688.1253,687.8643,0.2609787
688.1253,687.8643,0.2609563
688.1253,687.8644,0.2608751
688.1253,687.8647,0.2606111
688.1253,687.8649,0.2604024
688.1253,687.865,0.2603246
688.1253,687.865,0.2602861
688.1253,687.8652,0.2601433
688.1253,687.8655,0.2598453
688.1253,687.8656,0.2596826
688.1253,687.8658,0.2595101
688.1253,687.8659,0.2593764
688.1253,687.866,0.259293
688.1253,687.866,0.2592885
688.1253,687.8663,0.2590372
688.1253,687.867,0.2583209
688.1253,687.867,0.2582956
688.1253,687.8677,0.2576299
688.1253,687.8751,0.2501565
688.1253,687.8803,0.2450429
688.1253,687.887,0.2382752
688.1253,687.8873,0.2379906
688.1253,687.8879,0.2373757
688.1253,687.8892,0.2361418
688.1253,687.9099,0.2153535
688.1253,687.9113,0.2139981
688.1253,687.9535,0.1717758
688.1253,687.9597,0.1655637
688.1253,687.9598,0.1655223
688.1253,687.9647,0.1605557
688.1253,687.9656,0.1596593
688.1253,687.966,0.1593361
688.1253,687.9672,0.1580502
688.1253,687.9681,0.1572037
688.1253,687.9689,0.1563638
688.1253,687.9694,0.1558846
688.1253,687.9698,0.1554638
688.1253,687.97,0.155338
688.1253,687.9708,0.1544526
688.1253,687.9715,0.1538453
688.1253,687.9721,0.1531995
688.1253,687.9726,0.1527245
688.1253,687.9727,0.1525537
688.1253,687.9728,0.1525476
688.1253,687.973,0.1522756
688.1253,687.9742,0.1511355
688.1253,687.9744,0.1509424
688.1253,687.9744,0.1509197
688.1253,687.9748,0.1504878
688.1253,687.9749,0.1504424
688.1253,687.9752,0.1501071
688.1253,687.9753,0.1500383
688.1253,687.9759,0.1494097
688.1253,687.9759,0.149387
688.1253,687.976,0.1493154
688.1253,687.976,0.149264
688.1253,687.9761,0.1491657
688.1253,687.9762,0.1490947
688.1253,687.9762,0.1490889
688.1253,687.9763,0.1490129
688.1253,687.9765,0.1488312
688.1253,687.9768,0.1485151
688.1253,687.9768,0.1485067
688.1253,687.977,0.148342
688.1253,687.9772,0.1481372
688.1253,687.9772,0.1481343
688.1253,687.9773,0.1480035
688.1253,687.9776,0.1476601
688.1253,687.9777,0.1475745
688.1253,687.9778,0.1475004
688.1253,687.9778,0.1474686
688.1253,687.978,0.1473206
688.1253,687.978,0.1472871
688.1253,687.9781,0.1472383
688.1253,687.9781,0.1471553
688.1253,687.9787,0.1466369
688.1253,687.9787,0.1466301
688.1253,687.9788,0.1464822
688.1253,687.9788,0.14648
688.1253,687.9789,0.146435
688.1253,687.9789,0.1464197
688.1253,687.9791,0.1461645
688.1253,687.9792,0.146126
688.1253,687.9793,0.1459543
688.1253,687.9794,0.1458852
688.1253,687.9794,0.1458843
688.1253,687.9795,0.1457669
688.1253,687.9796,0.1456846
688.1253,687.9797,0.1455952
688.1253,687.9797,0.1455569
688.1253,687.9798,0.1455073
688.1253,687.9798,0.1454865
688.1253,687.9799,0.1454263
688.1253,687.9799,0.1454202
688.1253,687.9799,0.1454062
688.1253,687.9799,0.1453849
688.1253,687.9799,0.1453775
688.1253,687.98,0.1453157
688.1253,687.98,0.1453057
688.1253,687.98,0.1452528
688.1253,687.9801,0.145233
688.1253,687.9802,0.1451388
688.1253,687.9802,0.1451082
688.1253,687.9802,0.1450651
688.1253,687.9803,0.1450462
688.1253,687.9803,0.1450345
688.1253,687.9803,0.1450243
688.1253,687.9803,0.1450166
688.1253,687.9804,0.1449481
688.1253,687.9805,0.1448003
688.1253,687.9806,0.1446893
688.1253,687.9806,0.1446614
688.1253,687.9806,0.1446593
688.1253,687.9807,0.1445578
688.1253,687.9808,0.1445422
688.1253,687.9808,0.1445341
688.1253,687.9808,0.1444963
688.1253,687.9808,0.1444741
688.1253,687.9808,0.14446
688.1253,687.9808,0.1444539
688.1253,687.9809,0.1443825
688.1253,687.981,0.1443438
688.1253,687.981,0.1443394
688.1253,687.981,0.1442887
688.1253,687.9811,0.1442254
688.1253,687.9812,0.1441157
688.1253,687.9812,0.1441
688.1253,687.9812,0.1440822
688.1253,687.9813,0.1440007
688.1253,687.9813,0.1439795
688.1253,687.9813,0.1439553
688.1253,687.9813,0.1439551
688.1253,687.9814,0.1439249
688.1253,687.9814,0.1439245
688.1253,687.9814,0.1439067
688.1253,687.9814,0.1438883
688.1253,687.9814,0.1438532
688.1253,687.9816,0.1437402
688.1253,687.9816,0.1436571
688.1253,687.9817,0.1435802
688.1253,687.9817,0.1435541
688.1253,687.9818,0.1435205
688.1253,687.9818,0.1435024
688.1253,687.9819,0.1434352
688.1253,687.9819,0.1434334
688.1253,687.9819,0.1434235
688.1253,687.982,0.143273
688.1253,687.982,0.1432605
688.1253,687.982,0.143253
688.1253,687.9821,0.1432463
688.1253,687.9821,0.1432341
688.1253,687.9821,0.1432221
688.1253,687.9822,0.1431004
688.1253,687.9822,0.1430979
688.1253,687.9823,0.1430385
688.1253,687.9823,0.1430345
688.1253,687.9823,0.1429709
688.1253,687.9824,0.1429133
688.1253,687.9824,0.1428701
688.1253,687.9825,0.1428091
688.1253,687.9825,0.1427937
688.1253,687.9826,0.1427443
688.1253,687.9826,0.1427349
688.1253,687.9826,0.1427286
688.1253,687.9826,0.1427008
688.1253,687.9826,0.1426839
688.1253,687.9826,0.1426673
688.1253,687.9827,0.1426447
688.1253,687.9827,0.1425915
688.1253,687.9827,0.1425892
688.1253,687.9827,0.1425876
688.1253,687.9828,0.1425013
688.1253,687.9828,0.1424658
688.1253,687.9829,0.1424369
688.1253,687.9829,0.1424271
688.1253,687.9829,0.1424102
688.1253,687.9829,0.1423989
688.1253,687.983,0.1423435
688.1253,687.983,0.142342
688.1253,687.983,0.1422809
688.1253,687.983,0.1422754
688.1253,687.983,0.1422741
688.1253,687.983,0.1422669
688.1253,687.9831,0.1422283
688.1253,687.9832,0.1420812
688.1253,687.9832,0.1420572
688.1253,687.9833,0.1420314
688.1253,687.9833,0.142021
688.1253,687.9833,0.1419757
688.1253,687.9835,0.1418338
688.1253,687.9835,0.1418331
688.1253,687.9835,0.1418096
688.1253,687.9836,0.1417372
688.1253,687.9836,0.1417357
688.1253,687.9836,0.141702
688.1253,687.9836,0.1417006
688.1253,687.9836,0.1416877
688.1253,687.9837,0.1416371
688.1253,687.9837,0.141633
688.1253,687.9837,0.141572
688.1253,687.9837,0.141558
688.1253,687.9838,0.1415369
688.1253,687.9838,0.1415206
688.1253,687.9839,0.1414448
688.1253,687.9839,0.1414037
688.1253,687.9839,0.1414035
688.1253,687.9839,0.141382
688.1253,687.9839,0.1413812
688.1253,687.9839,0.1413808
688.1253,687.9839,0.1413504
688.1253,687.984,0.1413142
688.1253,687.984,0.141274
688.1253,687.9841,0.1412261
688.1253,687.9841,0.1411962
688.1253,687.9841,0.1411745
688.1253,687.9841,0.1411539
688.1253,687.9842,0.1411207
688.1253,687.9842,0.1411179
688.1253,687.9842,0.1411135
688.1253,687.9842,0.1410992
688.1253,687.9842,0.1410594
688.1253,687.9843,0.1410214
688.1253,687.9843,0.1410164
688.1253,687.9843,0.1410154
688.1253,687.9843,0.1410016
688.1253,687.9843,0.1409988
688.1253,687.9843,0.1409833
688.1253,687.9844,0.1408779
688.1253,687.9844,0.1408724
688.1253,687.9844,0.1408603
688.1253,687.9844,0.1408596
688.1253,687.9845,0.140845
688.1253,687.9845,0.1408368
688.1253,687.9845,0.1408266
688.1253,687.9845,0.1408223
688.1253,687.9845,0.1408029
688.1253,687.9845,0.1407873
688.1253,687.9845,0.1407851
688.1253,687.9845,0.1407809
688.1253,687.9845,0.1407803
688.1253,687.9846,0.1407352
688.1253,687.9846,0.1407198
688.1253,687.9846,0.1407187
688.1253,687.9846,0.1407147
688.1253,687.9846,0.1407042
688.1253,687.9846,0.1406504
688.1253,687.9847,0.1406417
688.1253,687.9847,0.1406337
688.1253,687.9847,0.1406127
688.1253,687.9847,0.1405798
688.1253,687.9848,0.1405461
688.1253,687.9848,0.1404811
688.1253,687.9848,0.1404695
688.1253,687.9849,0.1404353
688.1253,687.9849,0.1404332
688.1253,687.9849,0.1404291
688.1253,687.9849,0.1404271
688.1253,687.9849,0.1404237
688.1253,687.9849,0.1404189
688.1253,687.9849,0.1404112
688.1253,687.9849,0.1404095
688.1253,687.9849,0.1404059
688.1253,687.9849,0.1403861
688.1253,687.9849,0.1403746
688.1253,687.985,0.1403477
688.1253,687.985,0.1403396
688.1253,687.985,0.1402926
688.1253,687.985,0.14029
688.1253,687.985,0.1402663
688.1253,687.9851,0.1402351
688.1253,687.9851,0.1402326
688.1253,687.9851,0.1402278
688.1253,687.9851,0.140214
688.1253,687.9851,0.1402047
688.1253,687.9851,0.1401957
688.1253,687.9851,0.1401916
688.1253,687.9851,0.1401806
688.1253,687.9851,0.1401653
688.1253,687.9851,0.1401622
688.1253,687.9852,0.1401478
688.1253,687.9852,0.1401414
688.1253,687.9852,0.1400964
688.1253,687.9853,0.1400366
688.1253,687.9853,0.1400134
688.1253,687.9853,0.1399928
688.1253,687.9853,0.1399807
688.1253,687.9853,0.1399677
688.1253,687.9853,0.1399665
688.1253,687.9854,0.1399407
688.1253,687.9854,0.1399385
688.1253,687.9854,0.1398958
688.1253,687.9854,0.1398771
688.1253,687.9855,0.1398487
688.1253,687.9855,0.1398455
688.1253,687.9855,0.1398435
688.1253,687.9855,0.1398428
688.1253,687.9855,0.1398254
688.1253,687.9855,0.13981
688.1253,687.9855,0.1398094
688.1253,687.9855,0.1397743
688.1253,687.9855,0.1397679
688.1253,687.9855,0.1397516
688.1253,687.9856,0.1397417
688.1253,687.9856,0.1397227
688.1253,687.9856,0.1397043
688.1253,687.9856,0.1396838
688.1253,687.9856,0.1396758
688.1253,687.9857,0.1396446
688.1253,687.9857,0.1396335
688.1253,687.9857,0.1396237
688.1253,687.9857,0.1396202
688.1253,687.9857,0.1396109
688.1253,687.9857,0.1396078
688.1253,687.9857,0.1395944
688.1253,687.9857,0.1395914
688.1253,687.9857,0.1395879
688.1253,687.9857,0.1395727
688.1253,687.9858,0.1395309
688.1253,687.9858,0.1395271
688.1253,687.9858,0.1394796
688.1253,687.9858,0.1394548
688.1253,687.9858,0.1394535
688.1253,687.9859,0.1394253
688.1253,687.9859,0.1394078
688.1253,687.9859,0.1393816
688.1253,687.9859,0.1393519
688.1253,687.986,0.1393443
688.1253,687.986,0.1393242
688.1253,687.986,0.1393219
688.1253,687.986,0.1393149
688.1253,687.986,0.1393146
688.1253,687.986,0.1393121
688.1253,687.986,0.1393112
688.1253,687.986,0.1392559
688.1253,687.9861,0.1391514
688.1253,687.9862,0.1391266
688.1253,687.9862,0.1391241
688.1253,687.9862,0.1390948
688.1253,687.9862,0.1390797
688.1253,687.9862,0.1390702
688.1253,687.9862,0.1390653
688.1253,687.9863,0.1390443
688.1253,687.9863,0.1390019
688.1253,687.9864,0.1389467
688.1253,687.9864,0.1389418
688.1253,687.9864,0.1389343
688.1253,687.9864,0.1389312
688.1253,687.9864,0.138925
688.1253,687.9864,0.1389021
688.1253,687.9864,0.1388586
688.1253,687.9865,0.1388089
688.1253,687.9865,0.1387969
688.1253,687.9865,0.138756
688.1253,687.9865,0.1387526
688.1253,687.9866,0.1387066
688.1253,687.9866,0.1386813
688.1253,687.9866,0.1386799
688.1253,687.9866,0.1386648
688.1253,687.9866,0.1386501
688.1253,687.9867,0.1386423
688.1253,687.9867,0.1385862
688.1253,687.9867,0.1385628
688.1253,687.9867,0.1385556
688.1253,687.9868,0.1385403
688.1253,687.9868,0.1385401
688.1253,687.9868,0.1385395
688.1253,687.9868,0.1385375
688.1253,687.9868,0.1385223
688.1253,687.9868,0.1385216
688.1253,687.9868,0.1385058
688.1253,687.9868,0.1384856
688.1253,687.9868,0.1384818
688.1253,687.9869,0.1384427
688.1253,687.9869,0.1383945
688.1253,687.9869,0.1383781
688.1253,687.9869,0.1383602
688.1253,687.987,0.1383354
688.1253,687.987,0.1383269
688.1253,687.987,0.1382916
688.1253,687.987,0.1382881
688.1253,687.987,0.1382797
688.1253,687.987,0.1382668
688.1253,687.987,0.1382604
688.1253,687.9871,0.1382401
688.1253,687.9871,0.1382376
688.1253,687.9871,0.1382335
688.1253,687.9871,0.1382111
688.1253,687.9871,0.1381767
688.1253,687.9871,0.1381549
688.1253,687.9871,0.1381542
688.1253,687.9872,0.1381418
688.1253,687.9872,0.1381294
688.1253,687.9872,0.1381062
688.1253,687.9872,0.1380943
688.1253,687.9872,0.1380904
688.1253,687.9872,0.1380727
688.1253,687.9872,0.1380651
688.1253,687.9873,0.138049
688.1253,687.9873,0.138047
688.1253,687.9873,0.1380441
688.1253,687.9873,0.1380375
688.1253,687.9873,0.1380278
688.1253,687.9873,0.1380249
688.1253,687.9873,0.1380096
688.1253,687.9873,0.1380032
688.1253,687.9873,0.1379967
688.1253,687.9873,0.1379846
688.1253,687.9873,0.1379763
688.1253,687.9874,0.1379485
688.1253,687.9874,0.1379279
688.1253,687.9874,0.1379279
688.1253,687.9874,0.1379089
688.1253,687.9874,0.1379005
688.1253,687.9875,0.1378461
688.1253,687.9875,0.1378334
688.1253,687.9875,0.1378306
688.1253,687.9875,0.1378091
688.1253,687.9875,0.1377982
688.1253,687.9875,0.1377718
688.1253,687.9875,0.1377572
688.1253,687.9876,0.1377438
688.1253,687.9876,0.1377238
688.1253,687.9876,0.1377212
688.1253,687.9876,0.1376813
688.1253,687.9877,0.1376251
688.1253,687.9877,0.1375715
688.1253,687.9877,0.1375703
688.1253,687.9877,0.1375669
688.1253,687.9877,0.1375586
688.1253,687.9878,0.1375309
688.1253,687.9878,0.1375261
688.1253,687.9878,0.137524
688.1253,687.9878,0.1375211
688.1253,687.9878,0.1374879
688.1253,687.9878,0.13748
688.1253,687.9878,0.1374793
688.1253,687.9879,0.1374499
688.1253,687.9879,0.1374472
688.1253,687.9879,0.1374253
688.1253,687.9879,0.1374213
688.1253,687.9879,0.1374026
688.1253,687.9879,0.1373784
688.1253,687.9879,0.1373777
688.1253,687.9879,0.1373511
688.1253,687.988,0.1373493
688.1253,687.988,0.1373492
688.1253,687.988,0.1373323
688.1253,687.9881,0.1372366
688.1253,687.9881,0.1372222
688.1253,687.9881,0.1372218
688.1253,687.9881,0.1372064
688.1253,687.9881,0.1371831
688.1253,687.9881,0.1371791
688.1253,687.9881,0.137177
688.1253,687.9881,0.1371649
688.1253,687.9882,0.1371347
688.1253,687.9882,0.1371233
688.1253,687.9883,0.1370001
688.1253,687.9883,0.1369707
688.1253,687.9883,0.13697
688.1253,687.9884,0.1369072
688.1253,687.9884,0.1369035
688.1253,687.9885,0.1368404
688.1253,687.9885,0.1367991
688.1253,687.9885,0.1367556
688.1253,687.9887,0.136647
688.1253,687.9887,0.1365512
688.1253,687.9888,0.1365015
688.1253,687.9889,0.1364284
688.1253,687.9889,0.1364263
688.1253,687.989,0.1363479
688.1253,687.9891,0.136238
688.1253,687.9891,0.136227
688.1253,687.9892,0.136101
688.1253,687.9893,0.1359968
688.1253,687.9893,0.1359772
688.1253,687.9893,0.1359648
688.1253,687.9894,0.1358677
688.1253,687.9897,0.1356409
688.1253,687.9897,0.1356263
688.1253,687.9897,0.1355909
688.1253,687.9898,0.1354969
688.1253,687.9899,0.1354286
688.1253,687.9899,0.135369
688.1253,687.9899,0.1353593
688.1253,687.99,0.1353179
688.1253,687.9901,0.1351773
688.1253,687.9902,0.1351086
688.1253,687.9902,0.1351034
688.1253,687.9903,0.1350391
688.1253,687.9904,0.1348624
688.1253,687.9905,0.1347853
688.1253,687.9905,0.1347697
688.1253,687.9905,0.134757
688.1253,687.9906,0.1346646
688.1253,687.9906,0.1346614
688.1253,687.9906,0.1346601
688.1253,687.9907,0.1345898
688.1253,687.9908,0.1345432
688.1253,687.9908,0.1345378
688.1253,687.9911,0.1342159
688.1253,687.9912,0.1341279
688.1253,687.9915,0.133791
688.1253,687.9917,0.133612
688.1253,687.9917,0.1335523
688.1253,687.9922,0.1330872
688.1253,687.9924,0.132926
688.1253,687.9925,0.1327785
688.1253,687.9926,0.1327236
688.1253,687.9929,0.1323676
688.1253,687.9944,0.1309193
688.1253,687.9945,0.1307737
688.1253,687.9947,0.1306272
688.1253,687.9949,0.1304019
688.1253,687.9953,0.1299802
688.1253,687.9954,0.1299052
688.1253,687.9972,0.128107
688.1253,687.9973,0.1279766
688.1253,687.9979,0.1273924
688.1253,687.9987,0.1266212
688.1253,687.9989,0.1263877
688.1253,687.999,0.1263323
688.1253,687.9992,0.1261339
688.1253,687.9998,0.1254628
688.1253,688.0007,0.1245869
688.1253,688.002,0.1233099
688.1253,688.0021,0.1232036
688.1253,688.0029,0.1224414
688.1253,688.0032,0.122068
688.1253,688.0054,0.1199277
688.1253,688.0068,0.1184774
688.1253,688.007,0.1182605
688.1253,688.0084,0.1169434
688.1253,688.0091,0.1161512
688.1253,688.0095,0.1158167
688.1253,688.011,0.1142532
688.1253,688.0112,0.1141211
688.1253,688.0131,0.1121618
688.1253,688.0133,0.1119578
688.1253,688.014,0.1113031
688.1253,688.0145,0.1107596
688.1253,688.0148,0.1104945
688.1253,688.015,0.1102841
688.1253,688.0157,0.1096155
688.1253,688.016,0.1093126
688.1253,688.0176,0.1077485
688.1253,688.0176,0.1077444
688.1253,688.0177,0.1076085
688.1253,688.0181,0.1072051
688.1253,688.0188,0.1065358
688.1253,688.0192,0.1060833
688.1253,688.0194,0.1058724
688.1253,688.0201,0.1052157
688.1253,688.0206,0.1047356
688.1253,688.0208,0.1045115
688.1253,688.021,0.104342
688.1253,688.0214,0.1038887
688.1253,688.0214,0.1038651
688.1253,688.0215,0.1037594
688.1253,688.0215,0.1037524
688.1253,688.0216,0.1037249
688.1253,688.0216,0.103684
688.1253,688.0219,0.1034243
688.1253,688.022,0.1032967
688.1253,688.0221,0.1032174
688.1253,688.0221,0.1031667
688.1253,688.0224,0.1029238
688.1253,688.0224,0.1028526
688.1253,688.0225,0.1027876
688.1253,688.0227,0.1026492
688.1253,688.0228,0.1025237
688.1253,688.023,0.1022571
688.1253,688.0231,0.1021784
688.1253,688.0232,0.1020895
688.1253,688.0232,0.1020533
688.1253,688.0233,0.1020237
688.1253,688.0234,0.1019368
688.1253,688.0234,0.1018869
688.1253,688.0236,0.1016731
688.1253,688.0237,0.1016292
688.1253,688.0237,0.1016215
688.1253,688.0238,0.101526
688.1253,688.0238,0.1015112
688.1253,688.0239,0.1013586
688.1253,688.024,0.101299
688.1253,688.0242,0.1011487
688.1253,688.0242,0.1011413
688.1253,688.0243,0.101017
688.1253,688.0243,0.1009802
688.1253,688.0243,0.1009579
688.1253,688.0243,0.100953
688.1253,688.0244,0.1009486
688.1253,688.0244,0.1009318
688.1253,688.0244,0.1009271
688.1253,688.0244,0.1009227
688.1253,688.0244,0.1008687
688.1253,688.0244,0.1008667
688.1253,688.0245,0.1008289
688.1253,688.0246,0.1006533
688.1253,688.0248,0.1005426
688.1253,688.0248,0.1005084
688.1253,688.0248,0.1004753
688.1253,688.0248,0.1004502
688.1253,688.0249,0.1004403
688.1253,688.0249,0.100415
688.1253,688.0249,0.1003842
688.1253,688.0249,0.1003808
688.1253,688.025,0.1003146
688.1253,688.025,0.100289
688.1253,688.0251,0.1002287
688.1253,688.0252,0.1001204
688.1253,688.0252,0.1001087
688.1253,688.0252,0.1001043
688.1253,688.0252,0.1000618
688.1253,688.2373,-0.1120488
688.1253,688.2391,-0.1137527
688.1253,688.2476,-0.1223343
688.1253,688.2961,-0.1708207
688.1253,688.3061,-0.1807513
688.1253,688.3067,-0.1814296
688.1253,688.307,-0.1817387
688.1253,688.3071,-0.1817941
688.1253,688.3074,-0.1821222
688.1253,688.3075,-0.1821823
688.1253,688.3075,-0.1821975
688.1253,688.3076,-0.1822645
688.1253,688.3077,-0.1823712
688.1253,688.3082,-0.1828847
688.1253,688.3082,-0.1829325
688.1253,688.3082,-0.1829428
688.1253,688.3083,-0.1830461
688.1253,688.3085,-0.1832114
688.1253,688.3086,-0.1833413
688.1253,688.3087,-0.1833866
688.1253,688.3088,-0.1834907
688.1253,688.309,-0.1836564
688.1253,688.309,-0.1836772
688.1253,688.309,-0.1837202
688.1253,688.3092,-0.1838604
688.1253,688.3092,-0.1839164
688.1253,688.3093,-0.1839589
688.1253,688.3093,-0.1839635
688.1253,688.3094,-0.1841481
688.1253,688.3095,-0.1842396
688.1253,688.3097,-0.1843821
688.1253,688.3097,-0.1843991
688.1253,688.3097,-0.1844312
688.1253,688.3098,-0.1844938
688.1253,688.3099,-0.1846137
688.1253,688.31,-0.1846829
688.1253,688.31,-0.1847217
688.1253,688.31,-0.184724
688.1253,688.3101,-0.1847565
688.1253,688.3101,-0.1847876
688.1253,688.3102,-0.1849318
688.1253,688.3102,-0.1849399
688.1253,688.3103,-0.1850184
688.1253,688.3103,-0.1850263
688.1253,688.3103,-0.1850453
688.1253,688.3104,-0.1850713
688.1253,688.3104,-0.1850821
688.1253,688.3105,-0.1851903
688.1253,688.3105,-0.185224
688.1253,688.3106,-0.1853411
688.1253,688.3106,-0.1853468
688.1253,688.3107,-0.1854096
688.1253,688.3107,-0.1854337
688.1253,688.3107,-0.1854421
688.1253,688.3107,-0.1854474
688.1253,688.3108,-0.1854829
688.1253,688.3108,-0.1855296
688.1253,688.3109,-0.1855707
688.1253,688.3109,-0.1855838
688.1253,688.3109,-0.1856353
688.1253,688.3109,-0.1856446
688.1253,688.311,-0.1856547
688.1253,688.311,-0.1856627
688.1253,688.311,-0.185674
688.1253,688.311,-0.1856798
688.1253,688.311,-0.1857423
688.1253,688.3111,-0.1857729
688.1253,688.3111,-0.1857818
688.1253,688.3111,-0.1858322
688.1253,688.3111,-0.1858397
688.1253,688.3111,-0.185843
688.1253,688.3111,-0.185845
688.1253,688.3112,-0.1858601
688.1253,688.3112,-0.1859028
688.1253,688.3112,-0.1859459
688.1253,688.3113,-0.1859539
688.1253,688.3113,-0.1859646
688.1253,688.3113,-0.1859772
688.1253,688.3113,-0.185981
688.1253,688.3113,-0.1859844
688.1253,688.3114,-0.1860596
688.1253,688.3114,-0.1860733
688.1253,688.3114,-0.1860751
688.1253,688.3114,-0.1860762
688.1253,688.3114,-0.1860771
688.1253,688.3114,-0.1860933
688.1253,688.3114,-0.186103
688.1253,688.3114,-0.1861359
688.1253,688.3115,-0.1861667
688.1253,688.3115,-0.1861719
688.1253,688.3115,-0.1861746
688.1253,688.3115,-0.1861966
688.1253,688.3115,-0.1862022
688.1253,688.3115,-0.1862163
688.1253,688.3115,-0.1862191
688.1253,688.3115,-0.1862438
688.1253,688.3115,-0.1862457
688.1253,688.3116,-0.1862557
688.1253,688.3116,-0.1862614
688.1253,688.3116,-0.186269
688.1253,688.3116,-0.1862737
688.1253,688.3116,-0.1863071
688.1253,688.3116,-0.1863332
688.1253,688.3117,-0.186353
688.1253,688.3117,-0.1863533
688.1253,688.3117,-0.1863543
688.1253,688.3117,-0.1863909
688.1253,688.3117,-0.1863992
688.1253,688.3117,-0.1864223
688.1253,688.3117,-0.1864285
688.1253,688.3117,-0.1864287
688.1253,688.3117,-0.1864472
688.1253,688.3118,-0.1864654
688.1253,688.3118,-0.1864785
688.1253,688.3118,-0.1865015
688.1253,688.3118,-0.1865345
688.1253,688.3118,-0.1865462
688.1253,688.3119,-0.1865663
688.1253,688.3119,-0.1865673
688.1253,688.3119,-0.1865732
688.1253,688.3119,-0.1865798
688.1253,688.3119,-0.1866078
688.1253,688.3119,-0.186609
688.1253,688.3119,-0.186629
688.1253,688.3119,-0.1866401
688.1253,688.312,-0.1866526
688.1253,688.312,-0.1866595
688.1253,688.312,-0.186709
688.1253,688.312,-0.1867135
688.1253,688.312,-0.1867175
688.1253,688.312,-0.1867195
688.1253,688.312,-0.1867399
688.1253,688.312,-0.1867438
688.1253,688.3121,-0.1867709
688.1253,688.3121,-0.1867783
688.1253,688.3121,-0.1867816
688.1253,688.3121,-0.1867821
688.1253,688.3121,-0.1867834
688.1253,688.3121,-0.1868013
688.1253,688.3121,-0.1868131
688.1253,688.3121,-0.1868215
688.1253,688.3121,-0.1868253
688.1253,688.3121,-0.1868314
688.1253,688.3121,-0.1868367
688.1253,688.3122,-0.1868608
688.1253,688.3122,-0.1868687
688.1253,688.3122,-0.1869099
688.1253,688.3122,-0.1869222
688.1253,688.3122,-0.1869412
688.1253,688.3123,-0.1869573
688.1253,688.3123,-0.1869761
688.1253,688.3123,-0.1869783
688.1253,688.3123,-0.1869791
688.1253,688.3123,-0.1869936
688.1253,688.3123,-0.1870041
688.1253,688.3123,-0.187019
688.1253,688.3123,-0.1870261
688.1253,688.3123,-0.1870285
688.1253,688.3123,-0.1870359
688.1253,688.3123,-0.1870497
688.1253,688.3124,-0.1870513
688.1253,688.3124,-0.1870532
688.1253,688.3124,-0.1870583
688.1253,688.3124,-0.1870722
688.1253,688.3124,-0.1870859
688.1253,688.3124,-0.1870895
688.1253,688.3124,-0.1871174
688.1253,688.3124,-0.1871183
688.1253,688.3124,-0.1871483
688.1253,688.3125,-0.1871545
688.1253,688.3125,-0.1871613
688.1253,688.3125,-0.187201
688.1253,688.3125,-0.1872041
688.1253,688.3125,-0.1872106
688.1253,688.3125,-0.1872111
688.1253,688.3125,-0.1872242
688.1253,688.3125,-0.1872322
688.1253,688.3125,-0.1872374
688.1253,688.3125,-0.1872405
688.1253,688.3126,-0.1872695
688.1253,688.3126,-0.1872704
688.1253,688.3126,-0.1872848
688.1253,688.3126,-0.1873221
688.1253,688.3127,-0.1873827
688.1253,688.3127,-0.1873921
688.1253,688.3127,-0.1874001
688.1253,688.3127,-0.1874186
688.1253,688.3127,-0.187429
688.1253,688.3128,-0.1874627
688.1253,688.3128,-0.1874627
688.1253,688.3128,-0.1874867
688.1253,688.3128,-0.1874985
688.1253,688.3128,-0.1875064
688.1253,688.3128,-0.1875068
688.1253,688.3128,-0.1875072
688.1253,688.3128,-0.1875126
688.1253,688.3128,-0.1875259
688.1253,688.3128,-0.1875404
688.1253,688.3128,-0.1875469
688.1253,688.3128,-0.1875496
688.1253,688.3129,-0.1875813
688.1253,688.3129,-0.1875861
688.1253,688.3129,-0.1875962
688.1253,688.3129,-0.1876123
688.1253,688.3129,-0.1876233
688.1253,688.3129,-0.1876371
688.1253,688.3129,-0.1876438
688.1253,688.313,-0.1876632
688.1253,688.313,-0.1876685
688.1253,688.313,-0.1876824
688.1253,688.313,-0.1876931
688.1253,688.313,-0.187714
688.1253,688.3131,-0.1877834
688.1253,688.3131,-0.1877904
688.1253,688.3131,-0.1877908
688.1253,688.3131,-0.1877943
688.1253,688.3131,-0.1878089
688.1253,688.3131,-0.1878371
688.1253,688.3132,-0.1878568
688.1253,688.3132,-0.1878578
688.1253,688.3132,-0.1878721
688.1253,688.3132,-0.1878821
688.1253,688.3132,-0.1879052
688.1253,688.3132,-0.187906
688.1253,688.3132,-0.1879201
688.1253,688.3133,-0.1879548
688.1253,688.3133,-0.1879882
688.1253,688.3133,-0.1880001
688.1253,688.3133,-0.1880176
688.1253,688.3134,-0.188058
688.1253,688.3134,-0.188068
688.1253,688.3134,-0.1880809
688.1253,688.3134,-0.1880849
688.1253,688.3134,-0.1881449
688.1253,688.3135,-0.1881874
688.1253,688.3135,-0.1881946
688.1253,688.3135,-0.1882156
688.1253,688.3135,-0.1882169
688.1253,688.3135,-0.1882452
688.1253,688.3136,-0.1882557
688.1253,688.3136,-0.1883447
688.1253,688.3136,-0.1883461
688.1253,688.3137,-0.1883778
688.1253,688.3137,-0.1883807
688.1253,688.3137,-0.1883876
688.1253,688.3137,-0.1884133
688.1253,688.3137,-0.1884335
688.1253,688.3138,-0.188462
688.1253,688.3138,-0.1884651
688.1253,688.3138,-0.1884723
688.1253,688.3138,-0.1885411
688.1253,688.3138,-0.1885412
688.1253,688.3139,-0.188579
688.1253,688.3139,-0.1886205
688.1253,688.3139,-0.1886319
688.1253,688.3139,-0.1886389
688.1253,688.314,-0.1887496
688.1253,688.3141,-0.188827
688.1253,688.3142,-0.1888568
688.1253,688.3142,-0.1889002
688.1253,688.3143,-0.1889797
688.1253,688.3143,-0.1890417
688.1253,688.3143,-0.1890457
688.1253,688.3144,-0.1891304
688.1253,688.3145,-0.1891751
688.1253,688.3145,-0.1891854
688.1253,688.3145,-0.1891958
688.1253,688.3145,-0.1892125
688.1253,688.3145,-0.1892229
688.1253,688.3145,-0.189225
688.1253,688.3146,-0.1893299
688.1253,688.3147,-0.1893764
688.1253,688.3147,-0.1894381
688.1253,688.3148,-0.1895253
688.1253,688.3148,-0.1895353
688.1253,688.3149,-0.1895548
688.1253,688.3149,-0.1895822
688.1253,688.3149,-0.1896167
688.1253,688.3149,-0.189628
688.1253,688.3149,-0.189637
688.1253,688.315,-0.1896897
688.1253,688.3151,-0.1897999
688.1253,688.3152,-0.1898851
688.1253,688.3153,-0.1899837
688.1253,688.3153,-0.1900119
688.1253,688.3153,-0.1900328
688.1253,688.3153,-0.1900462
688.1253,688.3154,-0.1900841
688.1253,688.3154,-0.1901325
688.1253,688.3155,-0.1901555
688.1253,688.3155,-0.1902359
688.1253,688.3156,-0.1903083
688.1253,688.3157,-0.1903503
688.1253,688.3157,-0.1903806
688.1253,688.3158,-0.190506
688.1253,688.3159,-0.1905524
688.1253,688.3159,-0.1906468
688.1253,688.316,-0.1906775
688.1253,688.316,-0.1906973
688.1253,688.316,-0.1907046
688.1253,688.316,-0.1907295
688.1253,688.316,-0.1907375
688.1253,688.3161,-0.1907521
688.1253,688.3161,-0.190773
688.1253,688.3161,-0.1908258
688.1253,688.3162,-0.1908612
688.1253,688.3162,-0.1908692
688.1253,688.3162,-0.1909072
688.1253,688.3163,-0.1910096
688.1253,688.3164,-0.1910551
688.1253,688.3164,-0.1911254
688.1253,688.3165,-0.1911942
688.1253,688.3165,-0.1912165
688.1253,688.3165,-0.1912413
688.1253,688.3166,-0.1912802
688.1253,688.3167,-0.1914019
688.1253,688.3168,-0.191456
688.1253,688.3168,-0.1914796
688.1253,688.3168,-0.1914822
688.1253,688.3168,-0.1914837
688.1253,688.3168,-0.1915214
688.1253,688.3168,-0.1915381
688.1253,688.3169,-0.1915841
688.1253,688.3169,-0.1916123
688.1253,688.3169,-0.1916313
688.1253,688.317,-0.1916564
688.1253,688.317,-0.191665
688.1253,688.317,-0.1917352
688.1253,688.3171,-0.1917531
688.1253,688.3171,-0.1918155
688.1253,688.3172,-0.1918748
688.1253,688.3172,-0.1918842
688.1253,688.3172,-0.1918865
688.1253,688.3172,-0.1918954
688.1253,688.3172,-0.1919235
688.1253,688.3172,-0.1919302
688.1253,688.3173,-0.1919663
688.1253,688.3173,-0.1919711
688.1253,688.3173,-0.1920015
688.1253,688.3173,-0.1920497
688.1253,688.3174,-0.1920642
688.1253,688.3174,-0.1920835
688.1253,688.3176,-0.1922643
688.1253,688.3176,-0.1922664
688.1253,688.3176,-0.192313
688.1253,688.3176,-0.192343
688.1253,688.3177,-0.1923512
688.1253,688.3177,-0.1923691
688.1253,688.3178,-0.1924782
688.1253,688.3178,-0.1925179
688.1253,688.3179,-0.1925571
688.1253,688.3179,-0.1925826
688.1253,688.3179,-0.1926151
688.1253,688.3179,-0.1926296
688.1253,688.318,-0.1926601
688.1253,688.318,-0.192714
688.1253,688.318,-0.1927258
688.1253,688.3181,-0.1927845
688.1253,688.3182,-0.1928573
688.1253,688.3182,-0.1928584
688.1253,688.3182,-0.1928614
688.1253,688.3182,-0.1928734
688.1253,688.3182,-0.1928776
688.1253,688.3182,-0.1928911
688.1253,688.3182,-0.1929016
688.1253,688.3183,-0.1929553
688.1253,688.3183,-0.1929919
688.1253,688.3183,-0.1930041
688.1253,688.3183,-0.1930187
688.1253,688.3183,-0.1930368
688.1253,688.3184,-0.1930503
688.1253,688.3184,-0.1930676
688.1253,688.3184,-0.1930762
688.1253,688.3184,-0.1930824
688.1253,688.3184,-0.1930849
688.1253,688.3184,-0.1930934
688.1253,688.3184,-0.1931235
688.1253,688.3184,-0.1931289
688.1253,688.3184,-0.1931464
688.1253,688.3185,-0.1931681
688.1253,688.3185,-0.1932108
688.1253,688.3186,-0.1932537
688.1253,688.3186,-0.1932674
688.1253,688.3186,-0.1932698
688.1253,688.3187,-0.1933927
688.1253,688.3187,-0.1934171
688.1253,688.3188,-0.1934543
688.1253,688.3188,-0.1934761
688.1253,688.3188,-0.1935143
688.1253,688.3188,-0.1935201
688.1253,688.3188,-0.1935217
688.1253,688.3188,-0.1935464
688.1253,688.3189,-0.1935525
688.1253,688.3189,-0.1936017
688.1253,688.3189,-0.1936346
688.1253,688.3189,-0.193639
688.1253,688.3189,-0.1936484
688.1253,688.319,-0.1936608
688.1253,688.319,-0.1936838
688.1253,688.319,-0.1936844
688.1253,688.319,-0.1936863
688.1253,688.319,-0.1937091
688.1253,688.319,-0.1937388
688.1253,688.319,-0.1937399
688.1253,688.3191,-0.1938339
688.1253,688.3191,-0.1938359
688.1253,688.3192,-0.1938905
688.1253,688.3192,-0.1939074
688.1253,688.3192,-0.1939272
688.1253,688.3193,-0.1939506
688.1253,688.3193,-0.193965
688.1253,688.3193,-0.1939654
688.1253,688.3193,-0.1939743
688.1253,688.3193,-0.193977
688.1253,688.3193,-0.1939811
688.1253,688.3193,-0.1939858
688.1253,688.3193,-0.1940039
688.1253,688.3194,-0.1940674
688.1253,688.3194,-0.1940925
688.1253,688.3194,-0.1941317
688.1253,688.3195,-0.194153
688.1253,688.3195,-0.1941543
688.1253,688.3195,-0.1941613
688.1253,688.3195,-0.1941753
688.1253,688.3195,-0.1941801
688.1253,688.3195,-0.1941878
688.1253,688.3196,-0.1942749
688.1253,688.3196,-0.194282
688.1253,688.3196,-0.1942888
688.1253,688.3196,-0.1943025
688.1253,688.3196,-0.194317
688.1253,688.3196,-0.1943407
688.1253,688.3197,-0.1943917
688.1253,688.3197,-0.1944003
688.1253,688.3198,-0.1945378
688.1253,688.3199,-0.1945601
688.1253,688.3199,-0.1945941
688.1253,688.3199,-0.1945984
688.1253,688.3199,-0.1946135
688.1253,688.3199,-0.19462
688.1253,688.32,-0.1946938
688.1253,688.32,-0.1947339
688.1253,688.3201,-0.1947587
688.1253,688.3201,-0.1947911
688.1253,688.3201,-0.1948051
688.1253,688.3201,-0.1948393
688.1253,688.3202,-0.194859
688.1253,688.3202,-0.1948695
688.1253,688.3202,-0.1949491
688.1253,688.3203,-0.1949654
688.1253,688.3203,-0.1950105
688.1253,688.3203,-0.195021
688.1253,688.3203,-0.1950266
688.1253,688.3203,-0.1950399
688.1253,688.3204,-0.1950663
688.1253,688.3204,-0.1950743
688.1253,688.3204,-0.1950965
688.1253,688.3204,-0.1951025
688.1253,688.3204,-0.1951092
688.1253,688.3204,-0.1951496
688.1253,688.3205,-0.1951613
688.1253,688.3205,-0.1951616
688.1253,688.3205,-0.1951626
688.1253,688.3205,-0.1951956
688.1253,688.3205,-0.1952494
688.1253,688.3206,-0.1952608
688.1253,688.3206,-0.1952834
688.1253,688.3206,-0.1952904
688.1253,688.3206,-0.1953381
688.1253,688.3207,-0.1953565
688.1253,688.3207,-0.1953654
688.1253,688.3207,-0.195384
688.1253,688.3207,-0.1954044
688.1253,688.3207,-0.1954249
688.1253,688.3207,-0.1954256
688.1253,688.3207,-0.1954326
688.1253,688.3207,-0.1954397
688.1253,688.3207,-0.1954416
688.1253,688.3208,-0.1954528
688.1253,688.3208,-0.1954546
688.1253,688.3208,-0.1954759
688.1253,688.3208,-0.195488
688.1253,688.3208,-0.1955473
688.1253,688.3209,-0.1955983
688.1253,688.3209,-0.1956347
688.1253,688.3209,-0.1956397
688.1253,688.321,-0.1956517
688.1253,688.321,-0.1956527
688.1253,688.321,-0.1956573
688.1253,688.321,-0.1956686
688.1253,688.321,-0.1956707
688.1253,688.321,-0.1956855
688.1253,688.321,-0.1956895
688.1253,688.321,-0.1957154
688.1253,688.321,-0.1957252
688.1253,688.321,-0.1957386
688.1253,688.3211,-0.1957632
688.1253,688.3211,-0.1957987
688.1253,688.3211,-0.19582
688.1253,688.3211,-0.1958263
688.1253,688.3211,-0.1958422
688.1253,688.3212,-0.1958826
688.1253,688.3212,-0.1959243
688.1253,688.3212,-0.1959324
688.1253,688.3213,-0.1960077
688.1253,688.3214,-0.1960713
688.1253,688.3214,-0.1960724
688.1253,688.3214,-0.1961028
688.1253,688.3214,-0.1961252
688.1253,688.3214,-0.1961456
688.1253,688.3215,-0.1961588
688.1253,688.3215,-0.1961727
688.1253,688.3215,-0.1962149
688.1253,688.3215,-0.1962226
688.1253,688.3216,-0.1962585
688.1253,688.3216,-0.1963067
688.1253,688.3216,-0.196335
688.1253,688.3217,-0.1963644
688.1253,688.3217,-0.1964063
688.1253,688.3217,-0.1964096
688.1253,688.3217,-0.1964394
688.1253,688.3218,-0.196503
688.1253,688.3218,-0.1965151
688.1253,688.3219,-0.1965516
688.1253,688.3219,-0.1965568
688.1253,688.3219,-0.196564
688.1253,688.3219,-0.1965791
688.1253,688.3219,-0.1965912
688.1253,688.3219,-0.1966005
688.1253,688.322,-0.1966699
688.1253,688.322,-0.196672
688.1253,688.322,-0.1966808
688.1253,688.322,-0.1967174
688.1253,688.322,-0.1967232
688.1253,688.322,-0.1967263
688.1253,688.322,-0.1967463
688.1253,688.3221,-0.1967624
688.1253,688.3221,-0.1967681
688.1253,688.3221,-0.196774
688.1253,688.3221,-0.1968258
688.1253,688.3221,-0.1968307
688.1253,688.3222,-0.196853
688.1253,688.3222,-0.1968534
688.1253,688.3222,-0.1969399
688.1253,688.3223,-0.1969825
688.1253,688.3223,-0.19702
688.1253,688.3223,-0.1970403
688.1253,688.3223,-0.1970475
688.1253,688.3224,-0.197099
688.1253,688.3224,-0.1971288
688.1253,688.3224,-0.1971488
688.1253,688.3225,-0.1971548
688.1253,688.3225,-0.197158
688.1253,688.3225,-0.1972128
688.1253,688.3225,-0.1972233
688.1253,688.3225,-0.1972464
688.1253,688.3226,-0.1972978
688.1253,688.3226,-0.1973464
688.1253,688.3227,-0.1974167
688.1253,688.3228,-0.1974593
688.1253,688.3228,-0.1974974
688.1253,688.3228,-0.1975145
688.1253,688.3229,-0.197557
688.1253,688.3229,-0.1975914
688.1253,688.3229,-0.1975997
688.1253,688.3229,-0.1976275
688.1253,688.323,-0.1976505
688.1253,688.323,-0.1976524
688.1253,688.323,-0.1976612
688.1253,688.323,-0.1976669
688.1253,688.323,-0.1977493
688.1253,688.3231,-0.1977532
688.1253,688.3231,-0.1977569
688.1253,688.3231,-0.1977587
688.1253,688.3231,-0.1977685
688.1253,688.3231,-0.1977695
688.1253,688.3231,-0.1978346
688.1253,688.3232,-0.1978647
688.1253,688.3232,-0.1978706
688.1253,688.3232,-0.1978962
688.1253,688.3232,-0.1979057
688.1253,688.3232,-0.1979199
688.1253,688.3232,-0.1979268
688.1253,688.3233,-0.197996
688.1253,688.3233,-0.198001
688.1253,688.3233,-0.198003
688.1253,688.3233,-0.1980218
688.1253,688.3233,-0.1980418
688.1253,688.3233,-0.1980434
688.1253,688.3234,-0.1980801
688.1253,688.3234,-0.1980874
688.1253,688.3234,-0.1980988
688.1253,688.3234,-0.198128
688.1253,688.3235,-0.1982027
688.1253,688.3236,-0.1982538
688.1253,688.3236,-0.1982575
688.1253,688.3236,-0.1982629
688.1253,688.3236,-0.1982632
688.1253,688.3236,-0.1982651
688.1253,688.3236,-0.1982745
688.1253,688.3236,-0.1982818
688.1253,688.3236,-0.1982896
688.1253,688.3237,-0.1983619
688.1253,688.3237,-0.1983639
688.1253,688.3237,-0.1983718
688.1253,688.3237,-0.1983773
688.1253,688.3237,-0.1984188
688.1253,688.3237,-0.1984361
688.1253,688.3237,-0.1984442
688.1253,688.3237,-0.1984464
688.1253,688.3238,-0.1985188
688.1253,688.3238,-0.1985294
688.1253,688.3239,-0.198556
688.1253,688.3239,-0.1985915
688.1253,688.3241,-0.1987598
688.1253,688.3241,-0.1987625
688.1253,688.3241,-0.1987741
688.1253,688.3241,-0.1987829
688.1253,688.3241,-0.1987928
688.1253,688.3241,-0.1988
688.1253,688.3241,-0.1988206
688.1253,688.3241,-0.1988407
688.1253,688.3242,-0.1988759
688.1253,688.3242,-0.1989006
688.1253,688.3242,-0.1989385
688.1253,688.3242,-0.1989482
688.1253,688.3243,-0.1989639
688.1253,688.3243,-0.198964
688.1253,688.3243,-0.1989941
688.1253,688.3243,-0.1990119
688.1253,688.3243,-0.1990144
688.1253,688.3244,-0.1991407
688.1253,688.3244,-0.1991443
688.1253,688.3245,-0.1991722
688.1253,688.3245,-0.1991854
688.1253,688.3245,-0.1992385
688.1253,688.3246,-0.1992549
688.1253,688.3246,-0.1992599
688.1253,688.3246,-0.1992645
688.1253,688.3246,-0.1992881
688.1253,688.3246,-0.199335
688.1253,688.3246,-0.1993379
688.1253,688.3247,-0.1993737
688.1253,688.3247,-0.1994125
688.1253,688.3247,-0.1994163
688.1253,688.3247,-0.1994185
688.1253,688.3247,-0.1994356
688.1253,688.3247,-0.1994378
688.1253,688.3247,-0.1994404
688.1253,688.3248,-0.1994581
688.1253,688.3248,-0.1994584
688.1253,688.3248,-0.1994725
688.1253,688.3248,-0.1994847
688.1253,688.3248,-0.1995055
688.1253,688.3248,-0.1995095
688.1253,688.3248,-0.1995202
688.1253,688.3248,-0.1995466
688.1253,688.3249,-0.1996376
688.1253,688.325,-0.1996804
688.1253,688.325,-0.1996939
688.1253,688.325,-0.1996967
688.1253,688.325,-0.1997102
688.1253,688.325,-0.1997135
688.1253,688.325,-0.1997381
688.1253,688.325,-0.199746
688.1253,688.3251,-0.1997666
688.1253,688.3251,-0.1997948
688.1253,688.3251,-0.1998128
688.1253,688.3251,-0.1998219
688.1253,688.3252,-0.199854
688.1253,688.3252,-0.1998589
688.1253,688.3252,-0.1998684
688.1253,688.3252,-0.1998771
688.1253,688.3252,-0.1998843
688.1253,688.3252,-0.1998844
688.1253,688.3252,-0.1999049
688.1253,688.3252,-0.199921
688.1253,688.3252,-0.1999309
688.1253,688.3253,-0.1999677
688.1253,688.3253,-0.2000182
688.1253,688.3253,-0.2000252
688.1253,688.3253,-0.2000273
688.1253,688.3253,-0.2000372
688.1253,688.3254,-0.2001045
688.1253,688.3254,-0.2001061
688.1253,688.3254,-0.2001095
688.1253,688.3254,-0.2001224
688.1253,688.3254,-0.2001236
688.1253,688.3254,-0.2001343
688.1253,688.3254,-0.2001361
688.1253,688.3254,-0.2001367
688.1253,688.3255,-0.2001664
688.1253,688.3255,-0.200246
688.1253,688.3255,-0.200247
688.1253,688.3255,-0.2002496
688.1253,688.3256,-0.200256
688.1253,688.3256,-0.2002745
688.1253,688.3256,-0.2002836
688.1253,688.3256,-0.2002896
688.1253,688.3256,-0.2003095
688.1253,688.3256,-0.2003127
688.1253,688.3256,-0.2003323
688.1253,688.3256,-0.2003365
688.1253,688.3256,-0.2003367
688.1253,688.3257,-0.200352
688.1253,688.3257,-0.2003524
688.1253,688.3257,-0.2003587
688.1253,688.3257,-0.2003795
688.1253,688.3257,-0.2003868
688.1253,688.3257,-0.2003973
688.1253,688.3257,-0.2004014
688.1253,688.3257,-0.2004027
688.1253,688.3257,-0.2004063
688.1253,688.3257,-0.2004076
688.1253,688.3257,-0.2004281
688.1253,688.3257,-0.2004281
688.1253,688.3257,-0.200429
688.1253,688.3257,-0.2004363
688.1253,688.3257,-0.2004371
688.1253,688.3257,-0.2004434
688.1253,688.3257,-0.2004446
688.1253,688.3258,-0.200451
688.1253,688.3258,-0.20046
688.1253,688.3258,-0.2004763
688.1253,688.3258,-0.2004849
688.1253,688.3258,-0.2004961
688.1253,688.3258,-0.2004962
688.1253,688.3258,-0.2004976
688.1253,688.3258,-0.2005011
688.1253,688.3258,-0.2005325
688.1253,688.3259,-0.2005694
688.1253,688.3259,-0.2005771
688.1253,688.3259,-0.200602
688.1253,688.3259,-0.2006224
688.1253,688.326,-0.2006607
688.1253,688.326,-0.2006613
688.1253,688.326,-0.200662
688.1253,688.326,-0.2006815
688.1253,688.326,-0.200693
688.1253,688.326,-0.2006939
688.1253,688.326,-0.2006976
688.1253,688.326,-0.2007124
688.1253,688.326,-0.2007148
688.1253,688.326,-0.2007226
688.1253,688.326,-0.2007486
688.1253,688.3261,-0.2007544
688.1253,688.3261,-0.2007847
688.1253,688.3261,-0.200797
688.1253,688.3261,-0.2008097
688.1253,688.3261,-0.2008138
688.1253,688.3261,-0.2008178
688.1253,688.3261,-0.2008244
688.1253,688.3262,-0.2008517
688.1253,688.3262,-0.2008532
688.1253,688.3262,-0.2008534
688.1253,688.3262,-0.2008579
688.1253,688.3262,-0.2008642
688.1253,688.3262,-0.2008722
688.1253,688.3262,-0.2008874
688.1253,688.3262,-0.2008949
688.1253,688.3262,-0.200899
688.1253,688.3262,-0.200905
688.1253,688.3262,-0.2009285
688.1253,688.3262,-0.2009384
688.1253,688.3262,-0.2009437
688.1253,688.3263,-0.2009518
688.1253,688.3263,-0.2009587
688.1253,688.3263,-0.200963
688.1253,688.3263,-0.2009755
688.1253,688.3263,-0.2009757
688.1253,688.3263,-0.2009809
688.1253,688.3263,-0.2009843
688.1253,688.3263,-0.200986
688.1253,688.3263,-0.2009863
688.1253,688.3263,-0.2010081
688.1253,688.3263,-0.2010194
688.1253,688.3263,-0.2010363
688.1253,688.3264,-0.2010627
688.1253,688.3264,-0.2010787
688.1253,688.3264,-0.2010936
688.1253,688.3264,-0.2011179
688.1253,688.3264,-0.2011193
688.1253,688.3264,-0.2011196
688.1253,688.3264,-0.20113
688.1253,688.3264,-0.2011452
688.1253,688.3265,-0.2011902
688.1253,688.3265,-0.2012324
688.1253,688.3265,-0.2012328
688.1253,688.3265,-0.201242
688.1253,688.3265,-0.2012461
688.1253,688.3266,-0.2012523
688.1253,688.3266,-0.2012743
688.1253,688.3266,-0.2012892
688.1253,688.3266,-0.2013015
688.1253,688.3266,-0.2013436
688.1253,688.3267,-0.2013552
688.1253,688.3267,-0.2013751
688.1253,688.3267,-0.2013924
688.1253,688.3267,-0.2014052
688.1253,688.3267,-0.2014088
688.1253,688.3267,-0.2014312
688.1253,688.3267,-0.2014355
688.1253,688.3267,-0.2014368
688.1253,688.3267,-0.2014449
688.1253,688.3268,-0.2014522
688.1253,688.3268,-0.2014553
688.1253,688.3268,-0.2014554
688.1253,688.3268,-0.2014566
688.1253,688.3268,-0.2014711
688.1253,688.3268,-0.2014822
688.1253,688.3268,-0.2014831
688.1253,688.3268,-0.2014899
688.1253,688.3268,-0.2014922
688.1253,688.3268,-0.2014947
688.1253,688.3268,-0.2015111
688.1253,688.3268,-0.2015411
688.1253,688.3269,-0.2015679
688.1253,688.3269,-0.2015794
688.1253,688.3269,-0.2015837
688.1253,688.3269,-0.2015921
688.1253,688.3269,-0.2016141
688.1253,688.3269,-0.2016175
688.1253,688.3269,-0.2016246
688.1253,688.327,-0.2016568
688.1253,688.327,-0.2016616
688.1253,688.327,-0.2016733
688.1253,688.327,-0.2016809
688.1253,688.327,-0.2016824
688.1253,688.327,-0.2016893
688.1253,688.327,-0.2017216
688.1253,688.327,-0.2017258
688.1253,688.327,-0.2017265
688.1253,688.327,-0.2017321
688.1253,688.327,-0.2017429
688.1253,688.3271,-0.2017574
688.1253,688.3271,-0.2017689
688.1253,688.3271,-0.2017794
688.1253,688.3271,-0.2018126
688.1253,688.3271,-0.201839
688.1253,688.3272,-0.2018609
688.1253,688.3272,-0.2018633
688.1253,688.3272,-0.2018695
688.1253,688.3272,-0.2018706
688.1253,688.3272,-0.2018782
688.1253,688.3272,-0.2018903
688.1253,688.3272,-0.2019126
688.1253,688.3272,-0.2019162
688.1253,688.3272,-0.2019298
688.1253,688.3272,-0.201945
688.1253,688.3273,-0.2019692
688.1253,688.3273,-0.2019763
688.1253,688.3273,-0.2019823
688.1253,688.3273,-0.2020068
688.1253,688.3273,-0.2020222
688.1253,688.3273,-0.2020245
688.1253,688.3273,-0.2020406
688.1253,688.3274,-0.2020716
688.1253,688.3274,-0.2021273
688.1253,688.3274,-0.2021418
688.1253,688.3275,-0.2021558
688.1253,688.3275,-0.2022026
688.1253,688.3275,-0.2022256
688.1253,688.3275,-0.2022316
688.1253,688.3275,-0.2022323
688.1253,688.3275,-0.2022366
688.1253,688.3275,-0.2022382
688.1253,688.3275,-0.2022472
688.1253,688.3276,-0.2022582
688.1253,688.3276,-0.2022752
688.1253,688.3276,-0.2022872
688.1253,688.3276,-0.2023074
688.1253,688.3277,-0.2023549
688.1253,688.3277,-0.2024044
688.1253,688.3277,-0.2024253
688.1253,688.3277,-0.2024285
688.1253,688.3278,-0.2025035
688.1253,688.3278,-0.2025256
688.1253,688.3279,-0.2025561
688.1253,688.3279,-0.2025596
688.1253,688.3279,-0.2025702
688.1253,688.3279,-0.2025813
688.1253,688.3279,-0.2025848
688.1253,688.3279,-0.2025926
688.1253,688.3279,-0.2026089
688.1253,688.328,-0.2026511
688.1253,688.328,-0.202667
688.1253,688.328,-0.2026837
688.1253,688.328,-0.2026872
688.1253,688.328,-0.2027014
688.1253,688.328,-0.2027054
688.1253,688.328,-0.2027089
688.1253,688.328,-0.2027473
688.1253,688.3281,-0.2027527
688.1253,688.3281,-0.2027686
688.1253,688.3281,-0.2027702
688.1253,688.3281,-0.2028127
688.1253,688.3281,-0.2028173
688.1253,688.3281,-0.2028207
688.1253,688.3281,-0.2028227
688.1253,688.3281,-0.2028436
688.1253,688.3282,-0.2028542
688.1253,688.3282,-0.2028862
688.1253,688.3282,-0.2028882
688.1253,688.3282,-0.2028937
688.1253,688.3282,-0.202908
688.1253,688.3282,-0.2029244
688.1253,688.3282,-0.2029428
688.1253,688.3283,-0.2029639
688.1253,688.3283,-0.2029955
688.1253,688.3283,-0.202997
688.1253,688.3283,-0.2030022
688.1253,688.3283,-0.2030072
688.1253,688.3283,-0.2030109
688.1253,688.3283,-0.2030318
688.1253,688.3283,-0.2030366
688.1253,688.3283,-0.2030384
688.1253,688.3284,-0.2030756
688.1253,688.3284,-0.2030779
688.1253,688.3284,-0.2030818
688.1253,688.3284,-0.2030828
688.1253,688.3284,-0.2031122
688.1253,688.3284,-0.2031319
688.1253,688.3284,-0.2031322
688.1253,688.3284,-0.2031384
688.1253,688.3284,-0.2031469
688.1253,688.3285,-0.2031848
688.1253,688.3285,-0.2031881
688.1253,688.3285,-0.2031985
688.1253,688.3285,-0.2032033
688.1253,688.3285,-0.2032193
688.1253,688.3286,-0.2032601
688.1253,688.3286,-0.2032896
688.1253,688.3286,-0.2032958
688.1253,688.3286,-0.2033127
688.1253,688.3286,-0.2033236
688.1253,688.3286,-0.203339
688.1253,688.3286,-0.2033477
688.1253,688.3287,-0.203351
688.1253,688.3287,-0.2033817
688.1253,688.3287,-0.2034335
688.1253,688.3287,-0.2034351
688.1253,688.3287,-0.2034393
688.1253,688.3288,-0.203462
688.1253,688.3288,-0.2034901
688.1253,688.3288,-0.2035198
688.1253,688.3288,-0.203539
688.1253,688.3289,-0.2035995
688.1253,688.3289,-0.2036175
688.1253,688.3289,-0.2036209
688.1253,688.3289,-0.2036362
688.1253,688.329,-0.2036545
688.1253,688.329,-0.2036673
688.1253,688.329,-0.2037275
688.1253,688.329,-0.2037419
688.1253,688.329,-0.2037479
688.1253,688.3291,-0.2037522
688.1253,688.3291,-0.2037698
688.1253,688.3292,-0.2038688
688.1253,688.3292,-0.2039313
688.1253,688.3293,-0.2039582
688.1253,688.3293,-0.2040231
688.1253,688.3294,-0.2040679
688.1253,688.3294,-0.2041232
688.1253,688.3294,-0.2041436
688.1253,688.3294,-0.2041447
688.1253,688.3295,-0.2041603
688.1253,688.3295,-0.2041666
688.1253,688.3295,-0.2041922
688.1253,688.3295,-0.2041975
688.1253,688.3295,-0.2042444
688.1253,688.3295,-0.2042481
688.1253,688.3296,-0.2042578
688.1253,688.3296,-0.2043026
688.1253,688.3296,-0.2043205
688.1253,688.3297,-0.2043841
688.1253,688.3297,-0.2044021
688.1253,688.3297,-0.2044483
688.1253,688.3298,-0.204512
688.1253,688.3298,-0.2045258
688.1253,688.3299,-0.2046101
688.1253,688.3299,-0.2046391
688.1253,688.33,-0.2047436
688.1253,688.33,-0.2047457
688.1253,688.33,-0.2047472
688.1253,688.3301,-0.2047514
688.1253,688.3301,-0.2047567
688.1253,688.3301,-0.2047881
688.1253,688.3302,-0.2048797
688.1253,688.3303,-0.2050392
688.1253,688.3305,-0.2051871
688.1253,688.3305,-0.2051884
688.1253,688.3306,-0.2052592
688.1253,688.3306,-0.2053106
688.1253,688.3306,-0.2053473
688.1253,688.3307,-0.2053547
688.1253,688.3307,-0.2053918
688.1253,688.3307,-0.2054477
688.1253,688.3308,-0.2054974
688.1253,688.3312,-0.2058603
688.1253,688.3313,-0.2059524
688.1253,688.3314,-0.2060548
688.1253,688.3317,-0.2063656
688.1253,688.3317,-0.2063952
688.1253,688.3319,-0.2065654
688.1253,688.332,-0.2066512
688.1253,688.332,-0.2066568
688.1253,688.332,-0.206729
688.1253,688.332,-0.2067353
688.1253,688.3321,-0.2068263
688.1253,688.3323,-0.2070421
688.1253,688.3324,-0.2071106
688.1253,688.3326,-0.2072647
688.1253,688.3326,-0.2072745
688.1253,688.3327,-0.2073681
688.1253,688.3328,-0.2074949
688.1253,688.3328,-0.2075053
688.1253,688.3329,-0.2075912
688.1253,688.3333,-0.2079953
688.1253,688.3333,-0.2079992
688.1253,688.3333,-0.2080105
688.1253,688.3333,-0.2080456
688.1253,688.3334,-0.2080687
688.1253,688.3334,-0.2080728
688.1253,688.3335,-0.2081935
688.1253,688.3335,-0.2082106
688.1253,688.3336,-0.2083258
688.1253,688.3336,-0.2083344
688.1253,688.3336,-0.2083394
688.1253,688.3337,-0.2083957
688.1253,688.3338,-0.2085225
688.1253,688.3338,-0.2085306
688.1253,688.3339,-0.2085641
688.1253,688.3339,-0.2086345
688.1253,688.3339,-0.2086422
688.1253,688.334,-0.2087111
688.1253,688.334,-0.2087235
688.1253,688.3341,-0.2088356
688.1253,688.3342,-0.2088765
688.1253,688.3343,-0.2089689
688.1253,688.3343,-0.2089757
688.1253,688.3344,-0.2090524
688.1253,688.3344,-0.2090946
688.1253,688.3344,-0.2091286
688.1253,688.3345,-0.2092044
688.1253,688.3346,-0.2093038
688.1253,688.3347,-0.2094341
688.1253,688.3348,-0.2094616
688.1253,688.3348,-0.2094643
688.1253,688.3348,-0.2094959
688.1253,688.3348,-0.2094988
688.1253,688.3349,-0.209581
688.1253,688.335,-0.209692
688.1253,688.335,-0.2097098
688.1253,688.3351,-0.2097629
688.1253,688.3353,-0.2099765
688.1253,688.3354,-0.2100999
688.1253,688.3354,-0.2101381
688.1253,688.3355,-0.2101751
688.1253,688.3356,-0.2102798
688.1253,688.3357,-0.2103649
688.1253,688.3358,-0.2105147
688.1253,688.3358,-0.2105373
688.1253,688.3359,-0.2105558
688.1253,688.3359,-0.2105756
688.1253,688.3359,-0.2106469
688.1253,688.336,-0.2106527
688.1253,688.336,-0.2106865
688.1253,688.336,-0.210723
688.1253,688.3361,-0.2107552
688.1253,688.3361,-0.2107933
688.1253,688.3361,-0.210831
688.1253,688.3362,-0.2108755
688.1253,688.3363,-0.2109539
688.1253,688.3363,-0.2109654
688.1253,688.3363,-0.2109832
688.1253,688.3364,-0.2111002
688.1253,688.3364,-0.2111488
688.1253,688.3365,-0.2111676
688.1253,688.3365,-0.2112161
688.1253,688.3365,-0.2112354
688.1253,688.3366,-0.2112664
688.1253,688.3368,-0.2114846
688.1253,688.3368,-0.2115063
688.1253,688.3368,-0.2115376
688.1253,688.3371,-0.2118197
688.1253,688.3372,-0.2118702
688.1253,688.3372,-0.2118885
688.1253,688.3373,-0.2120302
688.1253,688.3375,-0.21219
688.1253,688.3376,-0.2123497
688.1253,688.3377,-0.2123529
688.1253,688.3377,-0.212369
688.1253,688.3377,-0.2124284
688.1253,688.3378,-0.212475
688.1253,688.3378,-0.212484
688.1253,688.3379,-0.2125703
688.1253,688.3379,-0.2125885
688.1253,688.338,-0.2126501
688.1253,688.338,-0.2127024
688.1253,688.338,-0.212708
688.1253,688.338,-0.2127217
688.1253,688.338,-0.2127361
688.1253,688.3381,-0.2127505
688.1253,688.3381,-0.2127637
688.1253,688.3381,-0.2128028
688.1253,688.3381,-0.2128123
688.1253,688.3381,-0.2128189
688.1253,688.3381,-0.2128259
688.1253,688.3382,-0.2129135
688.1253,688.3382,-0.2129214
688.1253,688.3382,-0.2129308
688.1253,688.3383,-0.2130289
688.1253,688.3383,-0.2130374
688.1253,688.3383,-0.2130471
688.1253,688.3384,-0.213115
688.1253,688.3384,-0.21314
688.1253,688.3385,-0.2132246
688.1253,688.3385,-0.2132249
688.1253,688.3385,-0.2132339
688.1253,688.3385,-0.2132352
688.1253,688.3386,-0.2132522
688.1253,688.3386,-0.2132647
688.1253,688.3387,-0.2134332
688.1253,688.3388,-0.2135072
688.1253,688.3388,-0.2135277
688.1253,688.3389,-0.213586
688.1253,688.3389,-0.2135864
688.1253,688.3389,-0.2135873
688.1253,688.3389,-0.2136003
688.1253,688.3389,-0.2136059
688.1253,688.339,-0.2137254
688.1253,688.3391,-0.2137691
688.1253,688.3391,-0.2138228
688.1253,688.3393,-0.2140241
688.1253,688.3394,-0.2140695
688.1253,688.3394,-0.2140813
688.1253,688.3394,-0.2141467
688.1253,688.3396,-0.2142655
688.1253,688.3396,-0.2142981
688.1253,688.3396,-0.2143281
688.1253,688.3396,-0.2143461
688.1253,688.3397,-0.2144048
688.1253,688.3397,-0.2144324
688.1253,688.3397,-0.2144491
688.1253,688.3397,-0.21445
688.1253,688.3398,-0.2144564
688.1253,688.3398,-0.2144829
688.1253,688.3398,-0.2145012
688.1253,688.3399,-0.2145714
688.1253,688.34,-0.2147167
688.1253,688.3401,-0.2147818
688.1253,688.3401,-0.2147827
688.1253,688.3401,-0.2148129
688.1253,688.3401,-0.214822
688.1253,688.3402,-0.2148537
688.1253,688.3403,-0.2149925
688.1253,688.3403,-0.215016
688.1253,688.3403,-0.2150273
688.1253,688.3404,-0.2151316
688.1253,688.3405,-0.2152071
688.1253,688.3405,-0.2152463
688.1253,688.3406,-0.2152706
688.1253,688.3406,-0.2153091
688.1253,688.3406,-0.21533
688.1253,688.3407,-0.2153509
688.1253,688.3407,-0.215379
688.1253,688.3407,-0.2153935
688.1253,688.3408,-0.2154609
688.1253,688.3408,-0.2154721
688.1253,688.3408,-0.2155186
688.1253,688.3408,-0.2155388
688.1253,688.3409,-0.21558
688.1253,688.3409,-0.2155939
688.1253,688.3409,-0.2156483
688.1253,688.341,-0.2156754
688.1253,688.341,-0.2156769
688.1253,688.341,-0.2157122
688.1253,688.341,-0.2157161
688.1253,688.341,-0.2157223
688.1253,688.341,-0.2157383
688.1253,688.3411,-0.215772
688.1253,688.3411,-0.2157778
688.1253,688.3411,-0.2157779
688.1253,688.3411,-0.2158119
688.1253,688.3412,-0.2158703
688.1253,688.3412,-0.2158713
688.1253,688.3412,-0.2159021
688.1253,688.3412,-0.2159036
688.1253,688.3414,-0.2160684
688.1253,688.3415,-0.2161729
688.1253,688.3415,-0.2161773
688.1253,688.3415,-0.2162081
688.1253,688.3415,-0.2162321
688.1253,688.3415,-0.2162352
688.1253,688.3415,-0.2162373
688.1253,688.3416,-0.2162697
688.1253,688.3416,-0.2162901
688.1253,688.3416,-0.2162972
688.1253,688.3416,-0.2163001
688.1253,688.3416,-0.2163243
688.1253,688.3417,-0.2163521
688.1253,688.3417,-0.2163617
688.1253,688.3417,-0.2164121
688.1253,688.3417,-0.2164483
688.1253,688.3418,-0.2164572
688.1253,688.3418,-0.2164618
688.1253,688.3418,-0.21648
688.1253,688.3418,-0.216483
688.1253,688.3418,-0.2164905
688.1253,688.3418,-0.2165295
688.1253,688.3418,-0.2165472
688.1253,688.3419,-0.2165575
688.1253,688.3419,-0.2165703
688.1253,688.3419,-0.2166207
688.1253,688.342,-0.2166968
688.1253,688.342,-0.2167204
688.1253,688.342,-0.2167367
688.1253,688.342,-0.216739
688.1253,688.342,-0.2167447
688.1253,688.3421,-0.2168142
688.1253,688.3421,-0.216829
688.1253,688.3421,-0.2168361
688.1253,688.3421,-0.2168418
688.1253,688.3421,-0.2168446
688.1253,688.3422,-0.2168558
688.1253,688.3422,-0.2168691
688.1253,688.3422,-0.2168856
688.1253,688.3422,-0.2169346
688.1253,688.3422,-0.2169436
688.1253,688.3423,-0.2169688
688.1253,688.3423,-0.2170187
688.1253,688.3424,-0.2170633
688.1253,688.3424,-0.2170692
688.1253,688.3424,-0.2170749
688.1253,688.3424,-0.2170827
688.1253,688.3424,-0.2171137
688.1253,688.3425,-0.2171682
688.1253,688.3425,-0.2171939
688.1253,688.3425,-0.217232
688.1253,688.3426,-0.2172921
688.1253,688.3427,-0.2173505
688.1253,688.3427,-0.2173566
688.1253,688.3427,-0.2173672
688.1253,688.3427,-0.2173719
688.1253,688.3427,-0.217393
688.1253,688.3428,-0.2174523
688.1253,688.3428,-0.2174525
688.1253,688.3428,-0.2174679
688.1253,688.3428,-0.2174899
688.1253,688.3428,-0.2175035
688.1253,688.3429,-0.217551
688.1253,688.3429,-0.217559
688.1253,688.3429,-0.2175613
688.1253,688.3429,-0.2175841
688.1253,688.3429,-0.2176434
688.1253,688.343,-0.2176817
688.1253,688.343,-0.2176964
688.1253,688.343,-0.217739
688.1253,688.3431,-0.2177505
688.1253,688.3431,-0.2177512
688.1253,688.3431,-0.2177776
688.1253,688.3431,-0.2177821
688.1253,688.3431,-0.2177824
688.1253,688.3431,-0.2177888
688.1253,688.3431,-0.2178014
688.1253,688.3431,-0.2178055
688.1253,688.3431,-0.2178412
688.1253,688.3431,-0.2178473
688.1253,688.3432,-0.2178534
688.1253,688.3432,-0.2178706
688.1253,688.3432,-0.2178714
688.1253,688.3432,-0.2178759
688.1253,688.3432,-0.217888
688.1253,688.3432,-0.2179253
688.1253,688.3432,-0.2179305
688.1253,688.3432,-0.2179373
688.1253,688.3432,-0.2179409
688.1253,688.3432,-0.2179416
688.1253,688.3433,-0.217962
688.1253,688.3433,-0.2179781
688.1253,688.3433,-0.2179789
688.1253,688.3434,-0.2180568
688.1253,688.3434,-0.2180996
688.1253,688.3434,-0.2181135
688.1253,688.3434,-0.2181187
688.1253,688.3435,-0.2181814
688.1253,688.3435,-0.2181996
688.1253,688.3435,-0.2182356
688.1253,688.3436,-0.2182545
688.1253,688.3436,-0.218268
688.1253,688.3436,-0.2182731
688.1253,688.3436,-0.2183067
688.1253,688.3436,-0.2183206
688.1253,688.3436,-0.2183304
688.1253,688.3436,-0.218341
688.1253,688.3436,-0.2183417
688.1253,688.3437,-0.2183544
688.1253,688.3437,-0.2183623
688.1253,688.3437,-0.2183985
688.1253,688.3437,-0.2184037
688.1253,688.3437,-0.2184105
688.1253,688.3437,-0.2184365
688.1253,688.3437,-0.2184397
688.1253,688.3437,-0.218446
688.1253,688.3438,-0.2184507
688.1253,688.3438,-0.2184583
688.1253,688.3438,-0.2184652
688.1253,688.3438,-0.2184687
688.1253,688.3438,-0.2184802
688.1253,688.3438,-0.2185181
688.1253,688.3438,-0.2185355
688.1253,688.3439,-0.2185513
688.1253,688.3439,-0.2185535
688.1253,688.3439,-0.2185666
688.1253,688.3439,-0.2185827
688.1253,688.3439,-0.2185888
688.1253,688.3439,-0.2186074
688.1253,688.3439,-0.2186081
688.1253,688.3439,-0.2186095
688.1253,688.3439,-0.2186257
688.1253,688.3439,-0.2186361
688.1253,688.344,-0.2186525
688.1253,688.344,-0.2186632
688.1253,688.344,-0.2186727
688.1253,688.344,-0.2186985
688.1253,688.344,-0.2187024
688.1253,688.344,-0.2187031
688.1253,688.344,-0.2187226
688.1253,688.344,-0.2187342
688.1253,688.344,-0.2187347
688.1253,688.344,-0.2187357
688.1253,688.344,-0.2187403
688.1253,688.344,-0.2187416
688.1253,688.344,-0.2187427
688.1253,688.344,-0.218743
688.1253,688.3441,-0.2187534
688.1253,688.3441,-0.2187632
688.1253,688.3441,-0.2187667
688.1253,688.3441,-0.218774
688.1253,688.3441,-0.2187742
688.1253,688.3441,-0.2187804
688.1253,688.3441,-0.2187927
688.1253,688.3441,-0.2188006
688.1253,688.3441,-0.2188022
688.1253,688.3441,-0.2188025
688.1253,688.3441,-0.2188037
688.1253,688.3441,-0.2188174
688.1253,688.3441,-0.2188285
688.1253,688.3442,-0.2188729
688.1253,688.3442,-0.218873
688.1253,688.3442,-0.2188786
688.1253,688.3442,-0.2188807
688.1253,688.3442,-0.2188873
688.1253,688.3442,-0.2189179
688.1253,688.3442,-0.2189188
688.1253,688.3442,-0.2189188
688.1253,688.3442,-0.2189226
688.1253,688.3442,-0.218949
688.1253,688.3443,-0.2189511
688.1253,688.3443,-0.2189707
688.1253,688.3443,-0.218975
688.1253,688.3443,-0.2189792
688.1253,688.3443,-0.2189914
688.1253,688.3443,-0.2189973
688.1253,688.3443,-0.2190124
688.1253,688.3443,-0.2190146
688.1253,688.3443,-0.2190284
688.1253,688.3443,-0.2190467
688.1253,688.3443,-0.2190477
688.1253,688.3443,-0.2190493
688.1253,688.3444,-0.2190574
688.1253,688.3444,-0.2190591
688.1253,688.3444,-0.219064
688.1253,688.3444,-0.2190667
688.1253,688.3444,-0.2190825
688.1253,688.3444,-0.2190846
688.1253,688.3444,-0.2190992
688.1253,688.3444,-0.2190994
688.1253,688.3444,-0.2191079
688.1253,688.3444,-0.2191334
688.1253,688.3444,-0.2191397
688.1253,688.3445,-0.2191597
688.1253,688.3445,-0.2191662
688.1253,688.3445,-0.2191842
688.1253,688.3445,-0.2191871
688.1253,688.3445,-0.2191919
688.1253,688.3445,-0.2192082
688.1253,688.3445,-0.2192088
688.1253,688.3445,-0.2192099
688.1253,688.3445,-0.2192258
688.1253,688.3445,-0.2192353
688.1253,688.3445,-0.2192482
688.1253,688.3446,-0.2192831
688.1253,688.3446,-0.2193114
688.1253,688.3446,-0.2193211
688.1253,688.3446,-0.219328
688.1253,688.3446,-0.2193342
688.1253,688.3446,-0.2193358
688.1253,688.3447,-0.2193623
688.1253,688.3447,-0.219384
688.1253,688.3447,-0.2193963
688.1253,688.3447,-0.2194316
688.1253,688.3448,-0.2194612
688.1253,688.3448,-0.2195443
688.1253,688.3448,-0.2195474
688.1253,688.3449,-0.2195579
688.1253,688.3449,-0.219581
688.1253,688.3449,-0.2195845
688.1253,688.3449,-0.2196214
688.1253,688.3449,-0.2196449
688.1253,688.345,-0.2196804
688.1253,688.345,-0.2196968
688.1253,688.345,-0.2197175
688.1253,688.345,-0.2197208
688.1253,688.345,-0.2197417
688.1253,688.3451,-0.2197585
688.1253,688.3451,-0.2197603
688.1253,688.3451,-0.2197725
688.1253,688.3451,-0.2197762
688.1253,688.3451,-0.2198343
688.1253,688.3452,-0.2198509
688.1253,688.3452,-0.2198523
688.1253,688.3452,-0.2199018
688.1253,688.3453,-0.2199866
688.1253,688.3453,-0.2200051
688.1253,688.3454,-0.2200575
688.1253,688.3454,-0.2201009
688.1253,688.3454,-0.2201387
688.1253,688.3455,-0.2201785
688.1253,688.3455,-0.2201877
688.1253,688.3455,-0.2201927
688.1253,688.3455,-0.2202026
688.1253,688.3456,-0.220273
688.1253,688.3456,-0.2202771
688.1253,688.3456,-0.220295
688.1253,688.3456,-0.2203337
688.1253,688.3456,-0.2203381
688.1253,688.3456,-0.2203429
688.1253,688.3457,-0.220361
688.1253,688.3457,-0.2203997
688.1253,688.3458,-0.2204536
688.1253,688.3458,-0.2204646
688.1253,688.3458,-0.2204818
688.1253,688.3458,-0.2204839
688.1253,688.3458,-0.2204931
688.1253,688.3458,-0.2205157
688.1253,688.3458,-0.2205231
688.1253,688.3458,-0.2205315
688.1253,688.3459,-0.2205693
688.1253,688.3459,-0.2205973
688.1253,688.3459,-0.2206299
688.1253,688.346,-0.2206709
688.1253,688.346,-0.2206786
688.1253,688.346,-0.2207431
688.1253,688.3462,-0.2209361
688.1253,688.3463,-0.2209996
688.1253,688.3463,-0.221008
688.1253,688.3463,-0.2210118
688.1253,688.3464,-0.2210812
688.1253,688.3465,-0.2211717
688.1253,688.3465,-0.2211886
688.1253,688.3465,-0.2211892
688.1253,688.3466,-0.2212767
688.1253,688.3466,-0.2212888
688.1253,688.3466,-0.2213202
688.1253,688.3466,-0.2213348
688.1253,688.3466,-0.2213381
688.1253,688.3467,-0.2213942
688.1253,688.3467,-0.2214278
688.1253,688.3467,-0.2214353
688.1253,688.3468,-0.2215068
688.1253,688.3468,-0.2215087
688.1253,688.3468,-0.2215465
688.1253,688.3469,-0.221605
688.1253,688.3469,-0.221609
688.1253,688.3469,-0.2216193
688.1253,688.3469,-0.2216446
688.1253,688.3469,-0.2216451
688.1253,688.347,-0.2216628
688.1253,688.347,-0.22168
688.1253,688.347,-0.2216852
688.1253,688.347,-0.2217091
688.1253,688.347,-0.2217166
688.1253,688.347,-0.2217193
688.1253,688.347,-0.2217258
688.1253,688.3471,-0.2217673
688.1253,688.3471,-0.2217832
688.1253,688.3471,-0.2217926
688.1253,688.3471,-0.2217933
688.1253,688.3471,-0.2218072
688.1253,688.3471,-0.221826
688.1253,688.3471,-0.2218421
688.1253,688.3471,-0.2218432
688.1253,688.3472,-0.2219132
688.1253,688.3472,-0.221919
688.1253,688.3473,-0.2219779
688.1253,688.3473,-0.2220078
688.1253,688.3473,-0.2220359
688.1253,688.3474,-0.2220788
688.1253,688.3474,-0.222083
688.1253,688.3474,-0.2221195
688.1253,688.3474,-0.2221251
688.1253,688.3474,-0.2221297
688.1253,688.3475,-0.22218
688.1253,688.3475,-0.2221965
688.1253,688.3475,-0.222198
688.1253,688.3475,-0.222199
688.1253,688.3475,-0.2222204
688.1253,688.3476,-0.2222614
688.1253,688.3476,-0.2223338
688.1253,688.3476,-0.2223496
688.1253,688.3477,-0.2224249
688.1253,688.3477,-0.2224419
688.1253,688.3478,-0.2224587
688.1253,688.3478,-0.222526
688.1253,688.3479,-0.2225583
688.1253,688.3479,-0.2226028
688.1253,688.3479,-0.2226036
688.1253,688.3479,-0.2226251
688.1253,688.3481,-0.2227818
688.1253,688.3481,-0.2227942
688.1253,688.3481,-0.2227959
688.1253,688.3481,-0.2227979
688.1253,688.3481,-0.2228476
688.1253,688.3482,-0.2228517
688.1253,688.3482,-0.222856
688.1253,688.3482,-0.2228808
688.1253,688.3482,-0.2229331
688.1253,688.3482,-0.2229335
688.1253,688.3482,-0.2229429
688.1253,688.3483,-0.2229589
688.1253,688.3483,-0.2230082
688.1253,688.3483,-0.2230272
688.1253,688.3484,-0.2230584
688.1253,688.3484,-0.2230606
688.1253,688.3484,-0.2231206
688.1253,688.3485,-0.2231795
688.1253,688.3485,-0.2231814
688.1253,688.3486,-0.223276
688.1253,688.3486,-0.2232854
688.1253,688.3486,-0.2233465
688.1253,688.3489,-0.2235508
688.1253,688.3489,-0.2235777
688.1253,688.3489,-0.2236104
688.1253,688.3489,-0.2236114
688.1253,688.349,-0.2236892
688.1253,688.349,-0.2237458
688.1253,688.3491,-0.2237854
688.1253,688.3491,-0.2237911
688.1253,688.3491,-0.2237926
688.1253,688.3491,-0.2238296
688.1253,688.3492,-0.223877
688.1253,688.3492,-0.2238786
688.1253,688.3492,-0.2238881
688.1253,688.3492,-0.2238919
688.1253,688.3492,-0.2239054
688.1253,688.3492,-0.2239103
688.1253,688.3492,-0.2239362
688.1253,688.3493,-0.22398
688.1253,688.3493,-0.2239923
688.1253,688.3493,-0.2240162
688.1253,688.3493,-0.2240181
688.1253,688.3493,-0.2240292
688.1253,688.3494,-0.2240569
688.1253,688.3494,-0.2240697
688.1253,688.3494,-0.2240787
688.1253,688.3494,-0.2240927
688.1253,688.3495,-0.2241595
688.1253,688.3495,-0.2241939
688.1253,688.3495,-0.2242229
688.1253,688.3496,-0.2242915
688.1253,688.3496,-0.224322
688.1253,688.3496,-0.2243319
688.1253,688.3498,-0.2244917
688.1253,688.3498,-0.2245074
688.1253,688.3498,-0.224516
688.1253,688.3499,-0.2245579
688.1253,688.3499,-0.2245615
688.1253,688.3499,-0.2245707
688.1253,688.3499,-0.2245892
688.1253,688.3499,-0.224594
688.1253,688.3499,-0.2245976
688.1253,688.3499,-0.2246097
688.1253,688.3499,-0.2246198
688.1253,688.3499,-0.2246411
688.1253,688.35,-0.2247061
688.1253,688.35,-0.2247208
688.1253,688.35,-0.2247499
688.1253,688.3501,-0.2247661
688.1253,688.3501,-0.2247876
688.1253,688.3501,-0.224794
688.1253,688.3501,-0.224817
688.1253,688.3502,-0.2248644
688.1253,688.3502,-0.2249169
688.1253,688.3502,-0.2249325
688.1253,688.3503,-0.2250167
688.1253,688.3503,-0.225025
688.1253,688.3504,-0.2250676
688.1253,688.3504,-0.2251333
688.1253,688.3504,-0.2251396
688.1253,688.3505,-0.2251607
688.1253,688.3505,-0.2251886
688.1253,688.3505,-0.2251968
688.1253,688.3505,-0.225213
688.1253,688.3505,-0.2252199
688.1253,688.3505,-0.2252223
688.1253,688.3505,-0.2252252
688.1253,688.3505,-0.2252344
688.1253,688.3506,-0.225281
688.1253,688.3506,-0.2253206
688.1253,688.3506,-0.2253212
688.1253,688.3507,-0.225357
688.1253,688.3507,-0.2253951
688.1253,688.3507,-0.2254154
688.1253,688.3507,-0.2254434
688.1253,688.3508,-0.2254602
688.1253,688.3508,-0.2255171
688.1253,688.3509,-0.2256215
688.1253,688.3509,-0.2256458
688.1253,688.351,-0.2256756
688.1253,688.351,-0.2257019
688.1253,688.351,-0.2257107
688.1253,688.351,-0.2257195
688.1253,688.3511,-0.2257586
688.1253,688.3511,-0.2257752
688.1253,688.3511,-0.2257831
688.1253,688.3511,-0.2257844
688.1253,688.3512,-0.225872
688.1253,688.3514,-0.2260523
688.1253,688.3514,-0.2260889
688.1253,688.3514,-0.2261314
688.1253,688.3514,-0.2261483
688.1253,688.3515,-0.2262017
688.1253,688.3515,-0.2262036
688.1253,688.3515,-0.2262173
688.1253,688.3516,-0.2262627
688.1253,688.3516,-0.2262876
688.1253,688.3516,-0.2263272
688.1253,688.3517,-0.2263652
688.1253,688.3517,-0.2263657
688.1253,688.3518,-0.2264567
688.1253,688.3518,-0.2264743
688.1253,688.3518,-0.2265017
688.1253,688.3518,-0.2265302
688.1253,688.3519,-0.2265506
688.1253,688.3519,-0.2265516
688.1253,688.3519,-0.2265886
688.1253,688.3519,-0.226606
688.1253,688.3519,-0.2266116
688.1253,688.352,-0.2266592
688.1253,688.352,-0.2266622
688.1253,688.352,-0.2266941
688.1253,688.352,-0.2267405
688.1253,688.3521,-0.2267597
688.1253,688.3521,-0.2267955
688.1253,688.3521,-0.2268382
688.1253,688.3522,-0.2268728
688.1253,688.3522,-0.226898
688.1253,688.3522,-0.2269169
688.1253,688.3522,-0.2269316
688.1253,688.3523,-0.2269551
688.1253,688.3523,-0.2269849
688.1253,688.3523,-0.2270028
688.1253,688.3523,-0.227017
688.1253,688.3523,-0.2270486
688.1253,688.3524,-0.2270619
688.1253,688.3524,-0.2270642
688.1253,688.3524,-0.2270688
688.1253,688.3524,-0.2270744
688.1253,688.3524,-0.2270858
688.1253,688.3524,-0.2271066
688.1253,688.3524,-0.2271181
688.1253,688.3524,-0.2271348
688.1253,688.3525,-0.2271587
688.1253,688.3525,-0.2271834
688.1253,688.3525,-0.2271839
688.1253,688.3525,-0.2272152
688.1253,688.3525,-0.2272284
688.1253,688.3525,-0.2272337
688.1253,688.3526,-0.2272576
688.1253,688.3526,-0.2272669
688.1253,688.3526,-0.227273
688.1253,688.3526,-0.2272751
688.1253,688.3526,-0.2272768
688.1253,688.3526,-0.2272812
688.1253,688.3526,-0.2272837
688.1253,688.3526,-0.2272889
688.1253,688.3526,-0.2273182
688.1253,688.3526,-0.2273343
688.1253,688.3526,-0.2273351
688.1253,688.3526,-0.2273358
688.1253,688.3526,-0.2273424
688.1253,688.3526,-0.2273464
688.1253,688.3526,-0.2273473
688.1253,688.3527,-0.2273645
688.1253,688.3527,-0.2273781
688.1253,688.3527,-0.2273804
688.1253,688.3527,-0.2274081
688.1253,688.3527,-0.2274168
688.1253,688.3527,-0.2274241
688.1253,688.3528,-0.2274868
688.1253,688.3528,-0.2274876
688.1253,688.3528,-0.2275004
688.1253,688.3528,-0.227509
688.1253,688.3528,-0.2275101
688.1253,688.3528,-0.2275122
688.1253,688.3529,-0.2275748
688.1253,688.3529,-0.2275867
688.1253,688.3529,-0.2275914
688.1253,688.3529,-0.2275953
688.1253,688.3529,-0.227598
688.1253,688.3529,-0.2276152
688.1253,688.3529,-0.2276173
688.1253,688.3529,-0.2276261
688.1253,688.3529,-0.2276288
688.1253,688.353,-0.2276502
688.1253,688.353,-0.2276663
688.1253,688.353,-0.2277012
688.1253,688.353,-0.2277034
688.1253,688.353,-0.2277365
688.1253,688.3531,-0.2277531
688.1253,688.3531,-0.2277578
688.1253,688.3531,-0.2277781
688.1253,688.3531,-0.227797
688.1253,688.3531,-0.2278116
688.1253,688.3531,-0.2278285
688.1253,688.3532,-0.2278585
688.1253,688.3532,-0.2278628
688.1253,688.3532,-0.2278679
688.1253,688.3532,-0.2278898
688.1253,688.3532,-0.2278934
688.1253,688.3532,-0.2279012
688.1253,688.3532,-0.2279331
688.1253,688.3532,-0.2279386
688.1253,688.3532,-0.2279399
688.1253,688.3533,-0.2279501
688.1253,688.3533,-0.2279536
688.1253,688.3533,-0.2279981
688.1253,688.3533,-0.2280005
688.1253,688.3533,-0.2280008
688.1253,688.3533,-0.2280123
688.1253,688.3534,-0.2280577
688.1253,688.3534,-0.2280719
688.1253,688.3534,-0.2280726
688.1253,688.3535,-0.228154
688.1253,688.3535,-0.2282185
688.1253,688.3535,-0.2282261
688.1253,688.3536,-0.2282781
688.1253,688.3536,-0.228288
688.1253,688.3536,-0.2282964
688.1253,688.3536,-0.2283012
688.1253,688.3536,-0.2283219
688.1253,688.3536,-0.2283333
688.1253,688.3537,-0.2283555
688.1253,688.3537,-0.2283746
688.1253,688.3537,-0.2284273
688.1253,688.3538,-0.2284608
688.1253,688.3538,-0.2285432
688.1253,688.3539,-0.2285611
688.1253,688.3539,-0.2286258
688.1253,688.3539,-0.2286387
688.1253,688.3539,-0.2286496
688.1253,688.3541,-0.2287589
688.1253,688.3541,-0.2287981
688.1253,688.3542,-0.2288751
688.1253,688.3542,-0.2288795
688.1253,688.3543,-0.2289838
688.1253,688.3543,-0.2289869
688.1253,688.3543,-0.2289948
688.1253,688.3543,-0.2290053
688.1253,688.3543,-0.2290117
688.1253,688.3543,-0.2290422
688.1253,688.3544,-0.2291004
688.1253,688.3544,-0.2291225
688.1253,688.3544,-0.2291443
688.1253,688.3544,-0.2291479
688.1253,688.3545,-0.2291676
688.1253,688.3545,-0.2291849
688.1253,688.3546,-0.2293009
688.1253,688.3546,-0.2293104
688.1253,688.3547,-0.2293845
688.1253,688.3547,-0.2294434
688.1253,688.3548,-0.2295097
688.1253,688.3549,-0.2295691
688.1253,688.355,-0.2296951
688.1253,688.3551,-0.2297823
688.1253,688.3552,-0.2298509
688.1253,688.3552,-0.2298587
688.1253,688.3553,-0.2299676
688.1253,688.3553,-0.2300367
688.1253,688.3554,-0.2300854
688.1253,688.3554,-0.2300939
688.1253,688.3554,-0.230116
688.1253,688.3554,-0.2301448
688.1253,688.3555,-0.2301551
688.1253,688.3556,-0.2302704
688.1253,688.3556,-0.2302806
688.1253,688.3557,-0.2304047
688.1253,688.3557,-0.2304242
688.1253,688.3558,-0.2304773
688.1253,688.3558,-0.2304988
688.1253,688.3559,-0.2305984
688.1253,688.3559,-0.2306115
688.1253,688.3559,-0.2306242
688.1253,688.356,-0.2307282
688.1253,688.356,-0.2307462
688.1253,688.3562,-0.2309089
688.1253,688.3563,-0.2309808
688.1253,688.3563,-0.2310205
688.1253,688.3564,-0.2310725
688.1253,688.3565,-0.2311609
688.1253,688.3565,-0.2312145
688.1253,688.3566,-0.2312932
688.1253,688.3566,-0.231315
688.1253,688.3567,-0.2313558
688.1253,688.3567,-0.2313898
688.1253,688.3567,-0.2313936
688.1253,688.3568,-0.2315143
688.1253,688.3568,-0.231539
688.1253,688.357,-0.2316904
688.1253,688.357,-0.2317019
688.1253,688.357,-0.2317453
688.1253,688.3571,-0.2317827
688.1253,688.3571,-0.2317996
688.1253,688.3571,-0.231812
688.1253,688.3571,-0.2318355
688.1253,688.3571,-0.2318457
688.1253,688.3572,-0.2319479
688.1253,688.3573,-0.2319594
688.1253,688.3573,-0.2319607
688.1253,688.3573,-0.2319654
688.1253,688.3573,-0.232003
688.1253,688.3576,-0.2323004
688.1253,688.3576,-0.2323034
688.1253,688.3577,-0.2323799
688.1253,688.3578,-0.2324517
688.1253,688.3578,-0.232478
688.1253,688.3578,-0.2324804
688.1253,688.3578,-0.232483
688.1253,688.3578,-0.2325003
688.1253,688.358,-0.2327079
688.1253,688.3581,-0.2327882
688.1253,688.3581,-0.2328016
688.1253,688.3583,-0.232967
688.1253,688.3583,-0.2329811
688.1253,688.3583,-0.2330038
688.1253,688.3583,-0.2330403
688.1253,688.3584,-0.2331303
688.1253,688.3585,-0.2331901
688.1253,688.3585,-0.2332198
688.1253,688.3585,-0.2332232
688.1253,688.3585,-0.2332277
688.1253,688.3586,-0.2332759
688.1253,688.3586,-0.2333221
688.1253,688.3587,-0.2333684
688.1253,688.3587,-0.2334441
688.1253,688.3587,-0.2334496
688.1253,688.3589,-0.2335516
688.1253,688.3589,-0.2335674
688.1253,688.359,-0.2336612
688.1253,688.359,-0.2337183
688.1253,688.3591,-0.2337725
688.1253,688.3591,-0.2338013
688.1253,688.3592,-0.2339002
688.1253,688.3592,-0.2339326
688.1253,688.3593,-0.2339566
688.1253,688.3593,-0.2339897
688.1253,688.3593,-0.2340346
688.1253,688.3594,-0.2340603
688.1253,688.3594,-0.2341181
688.1253,688.3594,-0.234126
688.1253,688.3595,-0.2341547
688.1253,688.3595,-0.2341689
688.1253,688.3595,-0.2341828
688.1253,688.3595,-0.2342008
688.1253,688.3595,-0.2342284
688.1253,688.3595,-0.2342317
688.1253,688.3596,-0.2342621
688.1253,688.3596,-0.2342628
688.1253,688.3597,-0.2343544
688.1253,688.3597,-0.2344039
688.1253,688.3597,-0.2344317
688.1253,688.3598,-0.2344599
688.1253,688.3598,-0.2345111
688.1253,688.3599,-0.2346497
688.1253,688.36,-0.2346785
688.1253,688.36,-0.2346967
688.1253,688.36,-0.2347267
688.1253,688.36,-0.2347468
688.1253,688.36,-0.2347495
688.1253,688.3601,-0.2347508
688.1253,688.3601,-0.2347715
688.1253,688.3602,-0.2348979
688.1253,688.3602,-0.2348999
688.1253,688.3602,-0.2349258
688.1253,688.3603,-0.2349579
688.1253,688.3603,-0.2349649
688.1253,688.3604,-0.2350531
688.1253,688.3604,-0.2350735
688.1253,688.3604,-0.2350831
688.1253,688.3604,-0.2351136
688.1253,688.3604,-0.2351327
688.1253,688.3605,-0.2351844
688.1253,688.3607,-0.2353842
688.1253,688.3608,-0.2355301
688.1253,688.3609,-0.235625
688.1253,688.3609,-0.2356281
688.1253,688.361,-0.2357325
688.1253,688.3611,-0.2358318
688.1253,688.3611,-0.2358324
688.1253,688.3611,-0.2358456
688.1253,688.3612,-0.2359127
688.1253,688.3613,-0.2359943
688.1253,688.3613,-0.2359989
688.1253,688.3613,-0.2360373
688.1253,688.3614,-0.236051
688.1253,688.3614,-0.236079
688.1253,688.3615,-0.2362384
688.1253,688.3616,-0.2363183
688.1253,688.3616,-0.2363286
688.1253,688.3617,-0.2363588
688.1253,688.3617,-0.2364299
688.1253,688.3618,-0.2364617
688.1253,688.3618,-0.2365123
688.1253,688.3618,-0.2365144
688.1253,688.3618,-0.2365258
688.1253,688.3618,-0.2365352
688.1253,688.362,-0.2366526
688.1253,688.362,-0.2367244
688.1253,688.3621,-0.2367598
688.1253,688.3622,-0.2368703
688.1253,688.3622,-0.236911
688.1253,688.3622,-0.2369326
688.1253,688.3622,-0.2369362
688.1253,688.3622,-0.2369438
688.1253,688.3623,-0.2369836
688.1253,688.3624,-0.2370764
688.1253,688.3624,-0.2370794
688.1253,688.3624,-0.2371134
688.1253,688.3625,-0.2371705
688.1253,688.3625,-0.2371813
688.1253,688.3625,-0.2372396
688.1253,688.3626,-0.2373024
688.1253,688.3626,-0.2373219
688.1253,688.3627,-0.2373632
688.1253,688.3627,-0.2374137
688.1253,688.3627,-0.2374342
688.1253,688.3628,-0.2374877
688.1253,688.3628,-0.2375322
688.1253,688.3629,-0.2376077
688.1253,688.3629,-0.2376431
688.1253,688.363,-0.2376514
688.1253,688.363,-0.237662
688.1253,688.363,-0.2376747
688.1253,688.363,-0.237676
688.1253,688.363,-0.2377039
688.1253,688.3631,-0.2377576
688.1253,688.3631,-0.2377614
688.1253,688.3631,-0.2378182
688.1253,688.3631,-0.2378282
688.1253,688.3631,-0.2378483
688.1253,688.3632,-0.2378574
688.1253,688.3633,-0.2379552
688.1253,688.3634,-0.2380676
688.1253,688.3634,-0.2380894
688.1253,688.3634,-0.2380914
688.1253,688.3634,-0.2380983
688.1253,688.3634,-0.2381335
688.1253,688.3635,-0.238226
688.1253,688.3635,-0.238237
688.1253,688.3636,-0.2382722
688.1253,688.3636,-0.2382986
688.1253,688.3636,-0.2382987
688.1253,688.3636,-0.2383218
688.1253,688.3636,-0.2383478
688.1253,688.3637,-0.2384248
688.1253,688.3637,-0.2384442
688.1253,688.3637,-0.2384482
688.1253,688.3638,-0.2384843
688.1253,688.3638,-0.2384908
688.1253,688.3638,-0.238531
688.1253,688.3638,-0.2385425
688.1253,688.3639,-0.2385554
688.1253,688.3639,-0.2385976
688.1253,688.3639,-0.2386255
688.1253,688.3639,-0.2386332
688.1253,688.364,-0.2386572
688.1253,688.364,-0.2386623
688.1253,688.364,-0.2386731
688.1253,688.364,-0.2386897
688.1253,688.364,-0.2387028
688.1253,688.364,-0.2387355
688.1253,688.364,-0.2387357
688.1253,688.3641,-0.2387594
688.1253,688.3641,-0.2387886
688.1253,688.3641,-0.2387967
688.1253,688.3641,-0.238802
688.1253,688.3642,-0.2388562
688.1253,688.3643,-0.2389792
688.1253,688.3643,-0.2389854
688.1253,688.3643,-0.2390023
688.1253,688.3643,-0.2390478
688.1253,688.3644,-0.2390551
688.1253,688.3644,-0.239098
688.1253,688.3644,-0.2391433
688.1253,688.3645,-0.2391577
688.1253,688.3645,-0.2392067
688.1253,688.3645,-0.2392467
688.1253,688.3646,-0.239306
688.1253,688.3647,-0.2393904
688.1253,688.3648,-0.2394684
688.1253,688.3648,-0.2394775
688.1253,688.3648,-0.2394784
688.1253,688.3648,-0.2395005
688.1253,688.3648,-0.2395169
688.1253,688.365,-0.2396706
688.1253,688.365,-0.2396793
688.1253,688.3651,-0.2397651
688.1253,688.3651,-0.2397737
688.1253,688.3652,-0.2398837
688.1253,688.3652,-0.2398949
688.1253,688.3652,-0.2399129
688.1253,688.3652,-0.2399227
688.1253,688.3652,-0.239923
688.1253,688.3652,-0.2399239
688.1253,688.3653,-0.2399741
688.1253,688.3653,-0.2400183
688.1253,688.3653,-0.2400245
688.1253,688.3653,-0.240027
688.1253,688.3653,-0.2400355
688.1253,688.3654,-0.2400609
688.1253,688.3654,-0.2401194
688.1253,688.3654,-0.2401297
688.1253,688.3655,-0.2401509
688.1253,688.3655,-0.2401517
688.1253,688.3655,-0.2401878
688.1253,688.3655,-0.2402264
688.1253,688.3656,-0.2402659
688.1253,688.3656,-0.2403067
688.1253,688.3656,-0.2403331
688.1253,688.3657,-0.2403709
688.1253,688.3657,-0.2404391
688.1253,688.3658,-0.2404573
688.1253,688.3658,-0.2404857
688.1253,688.3658,-0.2405107
688.1253,688.3658,-0.2405325
688.1253,688.3658,-0.240542
688.1253,688.366,-0.2407499
688.1253,688.3661,-0.2407898
688.1253,688.3661,-0.2408072
688.1253,688.3661,-0.2408227
688.1253,688.3662,-0.2408537
688.1253,688.3662,-0.2409201
688.1253,688.3662,-0.2409306
688.1253,688.3662,-0.2409428
688.1253,688.3663,-0.2409526
688.1253,688.3663,-0.2409752
688.1253,688.3663,-0.2409894
688.1253,688.3663,-0.2410065
688.1253,688.3663,-0.2410362
688.1253,688.3664,-0.2411164
688.1253,688.3664,-0.2411356
688.1253,688.3665,-0.2411807
688.1253,688.3666,-0.2412529
688.1253,688.3666,-0.2412631
688.1253,688.3666,-0.241285
688.1253,688.3666,-0.2413104
688.1253,688.3666,-0.2413104
688.1253,688.3666,-0.2413344
688.1253,688.3667,-0.2413707
688.1253,688.3667,-0.2414285
688.1253,688.3668,-0.2414563
688.1253,688.3668,-0.2414699
688.1253,688.3668,-0.2414724
688.1253,688.3668,-0.2415335
688.1253,688.3668,-0.2415464
688.1253,688.3669,-0.2415599
688.1253,688.3669,-0.2415774
688.1253,688.3669,-0.2415959
688.1253,688.3669,-0.2416114
688.1253,688.367,-0.2416563
688.1253,688.367,-0.2416595
688.1253,688.367,-0.241663
688.1253,688.367,-0.2416677
688.1253,688.3671,-0.2417579
688.1253,688.3671,-0.2418182
688.1253,688.3671,-0.2418447
688.1253,688.3672,-0.2418682
688.1253,688.3672,-0.2418891
688.1253,688.3672,-0.2419007
688.1253,688.3672,-0.2419274
688.1253,688.3672,-0.2419414
688.1253,688.3673,-0.2419537
688.1253,688.3673,-0.2420306
688.1253,688.3674,-0.2420761
688.1253,688.3674,-0.242082
688.1253,688.3674,-0.2421415
688.1253,688.3674,-0.242144
688.1253,688.3675,-0.2421754
688.1253,688.3675,-0.2421803
688.1253,688.3676,-0.2422652
688.1253,688.3676,-0.2422694
688.1253,688.3676,-0.2422773
688.1253,688.3676,-0.2422784
688.1253,688.3676,-0.2423003
688.1253,688.3676,-0.2423113
688.1253,688.3676,-0.2423156
688.1253,688.3676,-0.2423194
688.1253,688.3676,-0.2423198
688.1253,688.3676,-0.2423455
688.1253,688.3677,-0.2423571
688.1253,688.3677,-0.2423816
688.1253,688.3677,-0.2423958
688.1253,688.3677,-0.2424293
688.1253,688.3677,-0.2424336
688.1253,688.3677,-0.2424411
688.1253,688.3678,-0.2424777
688.1253,688.3678,-0.2424801
688.1253,688.3678,-0.2424953
688.1253,688.3679,-0.2425525
688.1253,688.3679,-0.2425668
688.1253,688.3679,-0.2425675
688.1253,688.3679,-0.2425706
688.1253,688.3679,-0.2425736
688.1253,688.3679,-0.2425908
688.1253,688.3679,-0.2425963
688.1253,688.3679,-0.2425974
688.1253,688.3679,-0.2426149
688.1253,688.3679,-0.242637
688.1253,688.368,-0.2426516
688.1253,688.368,-0.2426697
688.1253,688.368,-0.2426824
688.1253,688.368,-0.2427258
688.1253,688.368,-0.2427468
688.1253,688.3681,-0.242757
688.1253,688.3681,-0.2427612
688.1253,688.3681,-0.2427685
688.1253,688.3681,-0.24277
688.1253,688.3681,-0.2427719
688.1253,688.3681,-0.2427739
688.1253,688.3681,-0.2427924
688.1253,688.3681,-0.2428159
688.1253,688.3681,-0.2428364
688.1253,688.3681,-0.2428418
688.1253,688.3682,-0.2428662
688.1253,688.3682,-0.2428708
688.1253,688.3682,-0.2428875
688.1253,688.3682,-0.2428962
688.1253,688.3682,-0.242898
688.1253,688.3682,-0.2429188
688.1253,688.3682,-0.2429216
688.1253,688.3682,-0.24293
688.1253,688.3683,-0.2429553
688.1253,688.3683,-0.242991
688.1253,688.3683,-0.2430107
688.1253,688.3683,-0.243018
688.1253,688.3683,-0.2430195
688.1253,688.3683,-0.2430357
688.1253,688.3684,-0.2430939
688.1253,688.3684,-0.2430944
688.1253,688.3684,-0.2431005
688.1253,688.3684,-0.2431083
688.1253,688.3684,-0.2431438
688.1253,688.3685,-0.2431669
688.1253,688.3685,-0.2431698
688.1253,688.3685,-0.243203
688.1253,688.3685,-0.2432038
688.1253,688.3685,-0.2432058
688.1253,688.3685,-0.243212
688.1253,688.3685,-0.2432136
688.1253,688.3685,-0.2432152
688.1253,688.3685,-0.2432209
688.1253,688.3685,-0.2432284
688.1253,688.3685,-0.2432395
688.1253,688.3686,-0.2432883
688.1253,688.3686,-0.2432928
688.1253,688.3686,-0.2433162
688.1253,688.3686,-0.2433261
688.1253,688.3686,-0.2433334
688.1253,688.3687,-0.2433557
688.1253,688.3687,-0.2433741
688.1253,688.3687,-0.243402
688.1253,688.3687,-0.2434168
688.1253,688.3687,-0.2434422
688.1253,688.3688,-0.2434836
688.1253,688.3688,-0.2434996
688.1253,688.3689,-0.243555
688.1253,688.3689,-0.2435593
688.1253,688.3689,-0.2435606
688.1253,688.3689,-0.2435704
688.1253,688.3689,-0.2436046
688.1253,688.3689,-0.2436125
688.1253,688.3689,-0.2436369
688.1253,688.369,-0.2436699
688.1253,688.369,-0.243717
688.1253,688.369,-0.2437232
688.1253,688.3691,-0.243802
688.1253,688.3691,-0.2438454
688.1253,688.3692,-0.2438687
688.1253,688.3692,-0.2438975
688.1253,688.3692,-0.243899
688.1253,688.3692,-0.243899
688.1253,688.3692,-0.243912
688.1253,688.3693,-0.2439942
688.1253,688.3693,-0.2439953
688.1253,688.3693,-0.2440254
688.1253,688.3694,-0.2440824
688.1253,688.3694,-0.2441022
688.1253,688.3695,-0.2441547
688.1253,688.3695,-0.2442141
688.1253,688.3695,-0.2442214
688.1253,688.3695,-0.2442462
688.1253,688.3696,-0.2442826
688.1253,688.3696,-0.2442954
688.1253,688.3696,-0.2443473
688.1253,688.3697,-0.2444439
688.1253,688.3698,-0.2445483
688.1253,688.3699,-0.2446148
688.1253,688.3699,-0.2446155
688.1253,688.37,-0.2447138
688.1253,688.3701,-0.2448486
688.1253,688.3701,-0.2448494
688.1253,688.3703,-0.2450212
688.1253,688.3704,-0.245121
688.1253,688.3704,-0.2451383
688.1253,688.3705,-0.245181
688.1253,688.3706,-0.2452538
688.1253,688.3706,-0.2452919
688.1253,688.3706,-0.2453183
688.1253,688.3708,-0.2454757
688.1253,688.3709,-0.2456081
688.1253,688.371,-0.2457082
688.1253,688.3711,-0.2457678
688.1253,688.3711,-0.2457711
688.1253,688.3712,-0.2458852
688.1253,688.3712,-0.2459445
688.1253,688.3713,-0.2460163
688.1253,688.3714,-0.2460688
688.1253,688.3714,-0.2461064
688.1253,688.3714,-0.246125
688.1253,688.3714,-0.2461455
688.1253,688.3715,-0.2461881
688.1253,688.3715,-0.2462272
688.1253,688.3716,-0.2462654
688.1253,688.3716,-0.2463041
688.1253,688.3717,-0.2463981
688.1253,688.3717,-0.246406
688.1253,688.3718,-0.2465319
688.1253,688.3718,-0.24654
688.1253,688.3719,-0.2466299
688.1253,688.372,-0.2466688
688.1253,688.3722,-0.2468678
688.1253,688.3722,-0.2468736
688.1253,688.3723,-0.2469639
688.1253,688.3724,-0.2471368
688.1253,688.3726,-0.2472624
688.1253,688.3728,-0.2474688
688.1253,688.3729,-0.2475862
688.1253,688.3732,-0.2479245
688.1253,688.3733,-0.2480004
688.1253,688.3737,-0.2483945
688.1253,688.3738,-0.2485336
688.1253,688.3739,-0.2485776
688.1253,688.3739,-0.2486364
688.1253,688.3742,-0.2489106
688.1253,688.3745,-0.2492237
688.1253,688.3748,-0.2495389
688.1253,688.3752,-0.2499291
688.1253,688.3756,-0.2502754
688.1253,688.3756,-0.2503318
688.1253,688.3756,-0.2503444
688.1253,688.3758,-0.2504908
688.1253,688.3758,-0.2505168
688.1253,688.3759,-0.250599
688.1253,688.376,-0.2506808
688.1253,688.376,-0.250687
688.1253,688.3765,-0.2512393
688.1253,688.3769,-0.2516124
688.1253,688.3779,-0.2526304
688.1253,688.3782,-0.252915
688.1253,688.3789,-0.2536337
688.1253,688.3791,-0.2538152
688.1253,688.3813,-0.2559752
688.1253,688.3831,-0.2578213
688.1253,688.3839,-0.2586171
688.1253,688.384,-0.2586811
688.1253,688.3842,-0.2589053
688.1253,688.3843,-0.2589534
688.1253,688.3845,-0.2592242
688.1253,688.3847,-0.2594459
688.1253,688.3849,-0.2595741
688.1253,688.3851,-0.2597647
688.1253,688.3853,-0.2600312
688.1253,688.3856,-0.2602563
688.1253,688.3856,-0.2603303
688.1253,688.3857,-0.2603584
688.1253,688.3858,-0.2604988
688.1253,688.3859,-0.2605881
688.1253,688.386,-0.2606851
688.1253,688.3861,-0.2607963
688.1253,688.3862,-0.2608879
688.1253,688.3862,-0.2609436
688.1253,688.3865,-0.2612376
688.1253,688.3866,-0.2612785
688.1253,688.3866,-0.2613023
688.1253,688.3866,-0.2613201
688.1253,688.3867,-0.2614166
688.1253,688.3867,-0.2614205
688.1253,688.3868,-0.2614796
688.1253,688.3868,-0.2614963
688.1253,688.3868,-0.2615033
688.1253,688.3868,-0.2615491
688.1253,688.3869,-0.261555
688.1253,688.3869,-0.2615639
688.1253,688.3869,-0.2615851
688.1253,688.387,-0.2616708
688.1253,688.387,-0.2617188
688.1253,688.387,-0.2617364
688.1253,688.3871,-0.2617772
688.1253,688.3871,-0.2617831
688.1253,688.3872,-0.2619353
688.1253,688.3873,-0.2619682
688.1253,688.3873,-0.2619751
688.1253,688.3873,-0.2619915
688.1253,688.3873,-0.2620118
688.1253,688.3873,-0.2620259
688.1253,688.3874,-0.2620895
688.1253,688.3875,-0.2621806
688.1253,688.3875,-0.2622072
688.1253,688.3875,-0.2622255
688.1253,688.3876,-0.2623107
688.1253,688.3876,-0.2623213
688.1253,688.3876,-0.2623423
688.1253,688.3877,-0.2624357
688.1253,688.3877,-0.2624396
688.1253,688.3879,-0.2625879
688.1253,688.3879,-0.2626128
688.1253,688.3881,-0.2627601
688.1253,688.3884,-0.2630683
688.1253,688.3884,-0.2630862
688.1253,688.3885,-0.2632229
688.1253,688.3885,-0.2632357
688.1253,688.3894,-0.2641187
688.1253,688.3902,-0.2649385
688.1253,688.3904,-0.2651407
688.1253,688.3987,-0.2734393
688.1253,688.4007,-0.2753755
688.1253,688.4023,-0.2770241
688.1253,688.4031,-0.2778384
688.1253,688.4032,-0.2778672
688.1253,688.4033,-0.2780499
688.1253,688.4039,-0.278565
688.1253,688.4042,-0.2789037
688.1253,688.4044,-0.27909
688.1253,688.4045,-0.2792366
688.1253,688.4046,-0.2792952
688.1253,688.4048,-0.2794568
688.1253,688.4048,-0.2794685
688.1253,688.4051,-0.2797618
688.1253,688.4051,-0.2797662
688.1253,688.4052,-0.2798978
688.1253,688.4052,-0.2799457
688.1253,688.4053,-0.2799972
688.1253,688.4053,-0.2800021
688.1253,688.4053,-0.2800318
688.1253,688.4054,-0.2800731
688.1253,688.4054,-0.2800762
688.1253,688.4055,-0.2801965
688.1253,688.4055,-0.2801996
688.1253,688.4055,-0.2802201
688.1253,688.4055,-0.280226
688.1253,688.4055,-0.2802408
688.1253,688.4056,-0.2802621
688.1253,688.4057,-0.2803722
688.1253,688.4057,-0.2803956
688.1253,688.4057,-0.2804068
688.1253,688.4058,-0.2804764
688.1253,688.4058,-0.2804981
688.1253,688.4058,-0.2805076
688.1253,688.4058,-0.2805471
688.1253,688.4059,-0.2805895
688.1253,688.4059,-0.2805955
688.1253,688.4059,-0.2806473
688.1253,688.406,-0.2806765
688.1253,688.4061,-0.280766
688.1253,688.4061,-0.2807797
688.1253,688.4061,-0.2808182
688.1253,688.4061,-0.2808331
688.1253,688.4061,-0.2808476
688.1253,688.4062,-0.2808943
688.1253,688.4063,-0.2809804
688.1253,688.4063,-0.2809921
688.1253,688.4063,-0.2810145
688.1253,688.4063,-0.2810369
688.1253,688.4063,-0.2810435
688.1253,688.4063,-0.2810442
688.1253,688.4064,-0.2811005
688.1253,688.4064,-0.2811098
688.1253,688.4064,-0.281147
688.1253,688.4065,-0.2812035
688.1253,688.4065,-0.2812074
688.1253,688.4065,-0.2812164
688.1253,688.4066,-0.2812987
688.1253,688.4066,-0.281338
688.1253,688.4066,-0.281339
688.1253,688.4067,-0.2814053
688.1253,688.4067,-0.2814255
688.1253,688.4068,-0.2814675
688.1253,688.4068,-0.2814822
688.1253,688.4068,-0.2815439
688.1253,688.4069,-0.28158
688.1253,688.407,-0.2816699
688.1253,688.407,-0.2816958
688.1253,688.407,-0.2817137
688.1253,688.407,-0.2817139
688.1253,688.407,-0.281739
688.1253,688.4071,-0.2817993
688.1253,688.4071,-0.28182
688.1253,688.4071,-0.2818345
688.1253,688.4071,-0.2818394
688.1253,688.4071,-0.2818456
688.1253,688.4072,-0.2818679
688.1253,688.4073,-0.2820329
688.1253,688.4073,-0.2820339
688.1253,688.4073,-0.2820461
688.1253,688.4076,-0.2822979
688.1253,688.4078,-0.282455
688.1253,688.4079,-0.2825806
688.1253,688.4093,-0.2840443
688.1253,688.4098,-0.2844852
688.1253,688.4104,-0.2851072
688.1253,688.4131,-0.2878089
688.1253,688.4132,-0.2878966
688.1253,688.416,-0.2906955
688.1253,688.4161,-0.2908303
688.1253,688.4165,-0.2911966
688.1253,688.417,-0.2916968
688.1253,688.4185,-0.293189
688.1253,688.4193,-0.2940373
688.1253,688.4196,-0.2943415
688.1253,688.4207,-0.2954094
688.1253,688.4207,-0.2954243
688.1253,688.421,-0.2956943
688.1253,688.4216,-0.2963191
688.1253,688.4216,-0.296333
688.1253,688.4218,-0.2964761
688.1253,688.4223,-0.2969849
688.1253,688.4226,-0.2973194
688.1253,688.4231,-0.2978115
688.1253,688.4232,-0.2978533
688.1253,688.4234,-0.298054
688.1253,688.4243,-0.2990315
688.1253,688.426,-0.3007057
688.1253,688.4261,-0.3008365
688.1253,688.4262,-0.3008876
688.1253,688.4279,-0.3026127
688.1253,688.4345,-0.3092493
688.1253,688.4363,-0.3109666
688.1253,688.4378,-0.3125485
688.1253,688.4452,-0.3198964
688.1253,688.4462,-0.3208924
688.1253,688.4482,-0.3229025
688.1253,688.4484,-0.3231323
688.1253,688.4496,-0.3242792
688.1253,688.4508,-0.3254796
688.1253,688.4512,-0.325897
688.1253,688.4526,-0.3272942
688.1253,688.4532,-0.3278991
688.1253,688.4538,-0.3285267
688.1253,688.4539,-0.3286266
688.1253,688.454,-0.3286541
688.1253,688.4545,-0.3291784
688.1253,688.4546,-0.3292569
688.1253,688.4551,-0.329829
688.1253,688.4553,-0.3299692
688.1253,688.4558,-0.3304638
688.1253,688.4575,-0.3321541
688.1253,688.4579,-0.3326381
688.1253,688.4591,-0.3337538
688.1253,688.4592,-0.3338857
688.1253,688.4601,-0.3347633
688.1253,688.4602,-0.3349091
688.1253,688.4612,-0.3359131
688.1253,688.4614,-0.3360706
688.1253,688.4614,-0.3361111
688.1253,688.4617,-0.3363848
688.1253,688.462,-0.336728
688.1253,688.464,-0.3387333
688.1253,688.4642,-0.3388649
688.1253,688.4651,-0.3397977
688.1253,688.4666,-0.3412641
688.1253,688.4689,-0.3435628
688.1253,688.4729,-0.3475562
688.1253,688.4756,-0.3503214
688.1253,688.4786,-0.3532721
688.1253,688.4814,-0.3560539
688.1253,688.4822,-0.3568901
688.1253,688.4824,-0.3570874
688.1253,688.4829,-0.357599
688.1253,688.4848,-0.3594576
688.1253,688.4859,-0.3606227
688.1253,688.4873,-0.3619747
688.1253,688.4874,-0.3620991
688.1253,688.4878,-0.3625421
688.1253,688.488,-0.3627189
688.1253,688.4901,-0.3647532
688.1253,688.4941,-0.3688489
688.1253,688.4946,-0.369293
688.1253,688.4978,-0.3724626
688.1253,688.5015,-0.3761729
688.1253,688.5023,-0.3770166
688.1253,688.5088,-0.3834876
688.1253,688.5126,-0.3872981
688.1253,688.5134,-0.3881369
688.1253,688.5175,-0.3922037
688.1253,688.5189,-0.3935825
688.1253,688.5189,-0.3935842
688.1253,688.519,-0.3936563
688.1253,688.519,-0.3936605
688.1253,688.5192,-0.3938949
688.1253,688.5193,-0.3939624
688.1253,688.5194,-0.3941492
688.1253,688.5195,-0.3942471
688.1253,688.5196,-0.3943468
688.1253,688.5197,-0.3943735
688.1253,688.5197,-0.3943945
688.1253,688.5197,-0.3944221
688.1253,688.5197,-0.3944334
688.1253,688.5199,-0.3946458
688.1253,688.5206,-0.3953136
688.1253,688.5207,-0.3953765
688.1253,688.5207,-0.395431
688.1253,688.5212,-0.3958945
688.1253,688.5213,-0.396013
688.1253,688.5222,-0.3969012
688.1253,688.5239,-0.3986032
688.1253,688.5369,-0.4115555
688.1253,688.5375,-0.41224
688.1253,688.5551,-0.4298206
688.1253,688.5684,-0.4430881
688.1253,688.5725,-0.4472139
688.1253,688.5747,-0.4494476
688.1253,688.5753,-0.4499512
688.1253,688.5761,-0.4508281
688.1253,688.5793,-0.4540332
688.1253,688.5807,-0.4553602
688.1253,688.5808,-0.4555311
688.1253,688.5809,-0.4555755
688.1253,688.5812,-0.455912
688.1253,688.5812,-0.4559236
688.1253,688.5814,-0.4561107
688.1253,688.5822,-0.4568528
688.1253,688.5823,-0.456957
688.1253,688.5823,-0.4569778
688.1253,688.5823,-0.4569791
688.1253,688.5824,-0.4570971
688.1253,688.5831,-0.4578115
688.1253,688.5832,-0.4579082
688.1253,688.5838,-0.458465
688.1253,688.5839,-0.4585501
688.1253,688.5839,-0.45858
688.1253,688.5841,-0.4588152
688.1253,688.5842,-0.4589093
688.1253,688.5845,-0.4592245
688.1253,688.5847,-0.4594253
688.1253,688.5848,-0.4595472
688.1253,688.5852,-0.4598819
688.1253,688.5852,-0.4599315
688.1253,688.5853,-0.4599761
688.1253,688.5855,-0.4601517
688.1253,688.5855,-0.4602333
688.1253,688.5855,-0.4602351
688.1253,688.5862,-0.4609295
688.1253,688.5863,-0.4610377
688.1253,688.5868,-0.4614799
688.1253,688.5871,-0.4618411
688.1253,688.5873,-0.4620137
688.1253,688.5875,-0.462165
688.1253,688.5876,-0.462341
688.1253,688.5877,-0.4624333
688.1253,688.5881,-0.4628433
688.1253,688.5891,-0.4637604
688.1253,688.5892,-0.4638822
688.1253,688.5893,-0.4639656
688.1253,688.5894,-0.4640967
688.1253,688.5899,-0.464581
688.1253,688.5907,-0.4654294
688.1253,688.591,-0.4656992
688.1253,688.5911,-0.4657909
688.1253,688.5915,-0.466164
688.1253,688.5918,-0.4665196
688.1253,688.5929,-0.4675552
688.1253,688.593,-0.4677481
688.1253,688.594,-0.4686692
688.1253,688.5958,-0.4705212
688.1253,688.5963,-0.4709764
688.1253,688.5981,-0.4727801
688.1253,688.5982,-0.4728778
688.1253,688.5985,-0.4732414
688.1253,688.599,-0.4737379
688.1253,688.5991,-0.4738441
688.1253,688.5997,-0.4743576
688.1253,688.5998,-0.474518
688.1253,688.6011,-0.4758289
688.1253,688.6013,-0.4759659
688.1253,688.6021,-0.4768119
688.1253,688.6022,-0.4769273
688.1253,688.6024,-0.4770759
688.1253,688.6024,-0.4771405
688.1253,688.6035,-0.4781541
688.1253,688.6035,-0.4782208
688.1253,688.6035,-0.4782248
688.1253,688.6038,-0.4785478
688.1253,688.6041,-0.4787768
688.1253,688.6043,-0.4790124
688.1253,688.6044,-0.4791455
688.1253,688.6051,-0.4798275
688.1253,688.6051,-0.4798352
688.1253,688.6052,-0.4798749
688.1253,688.6056,-0.4802788
688.1253,688.6056,-0.4802978
688.1253,688.6058,-0.4805067
688.1253,688.6061,-0.4807618
688.1253,688.6066,-0.4813018
688.1253,688.6072,-0.4818688
688.1253,688.6073,-0.482036
688.1253,688.6075,-0.4821524
688.1253,688.6075,-0.4821575
688.1253,688.6075,-0.4822437
688.1253,688.6077,-0.482424
688.1253,688.6078,-0.4824961
688.1253,688.6083,-0.4829767
688.1253,688.6087,-0.4833897
688.1253,688.6089,-0.4836499
688.1253,688.6091,-0.483836
688.1253,688.6093,-0.4839729
688.1253,688.6094,-0.4840925
688.1253,688.6097,-0.4844468
688.1253,688.6098,-0.4844773
688.1253,688.6099,-0.4845787
688.1253,688.61,-0.4847052
688.1253,688.61,-0.4847285
688.1253,688.6108,-0.4854665
688.1253,688.6108,-0.4855028
688.1253,688.6109,-0.4856046
688.1253,688.611,-0.4857331
688.1253,688.6111,-0.4857663
688.1253,688.6111,-0.4857702
688.1253,688.6111,-0.4857981
688.1253,688.6112,-0.4859076
688.1253,688.6115,-0.4861722
688.1253,688.6115,-0.4861979
688.1253,688.6117,-0.4863787
688.1253,688.6122,-0.486917
688.1253,688.6124,-0.4870649
688.1253,688.6125,-0.487166
688.1253,688.6125,-0.4872216
688.1253,688.6126,-0.4872761
688.1253,688.6126,-0.4872908
688.1253,688.6126,-0.4873219
688.1253,688.6128,-0.4874732
688.1253,688.6128,-0.4875106
688.1253,688.613,-0.4876688
688.1253,688.613,-0.487736
688.1253,688.6131,-0.4877583
688.1253,688.6131,-0.4878196
688.1253,688.6132,-0.4878998
688.1253,688.6133,-0.4879858
688.1253,688.6133,-0.4879862
688.1253,688.6134,-0.4880595
688.1253,688.6134,-0.4880851
688.1253,688.6134,-0.4881083
688.1253,688.6136,-0.4883301
688.1253,688.6138,-0.4884532
688.1253,688.6139,-0.4886057
688.1253,688.6142,-0.4888833
688.1253,688.6143,-0.4889619
688.1253,688.6143,-0.4889716
688.1253,688.6143,-0.4889747
688.1253,688.6143,-0.4890416
688.1253,688.6144,-0.4891187
688.1253,688.6145,-0.4891627
688.1253,688.6146,-0.4892529
688.1253,688.6146,-0.4892902
688.1253,688.6146,-0.4893178
688.1253,688.6147,-0.4893537
688.1253,688.6147,-0.4894366
688.1253,688.6148,-0.4894645
688.1253,688.6148,-0.4895419
688.1253,688.6149,-0.4895692
688.1253,688.6149,-0.4895734
688.1253,688.6149,-0.4896096
688.1253,688.6151,-0.4897577
688.1253,688.6151,-0.4897863
688.1253,688.6151,-0.489798
688.1253,688.6151,-0.489807
688.1253,688.6151,-0.4898347
688.1253,688.6152,-0.4898795
688.1253,688.6152,-0.4899375
688.1253,688.6153,-0.4899755
688.1253,688.6153,-0.4900264
688.1253,688.6153,-0.4900368
688.1253,688.6154,-0.490106
688.1253,688.6154,-0.4901206
688.1253,688.6155,-0.4902249
688.1253,688.6155,-0.4902407
688.1253,688.6156,-0.4902767
688.1253,688.6157,-0.4904106
688.1253,688.6158,-0.4905182
688.1253,688.6159,-0.4905834
688.1253,688.6159,-0.4906258
688.1253,688.6161,-0.4908356
688.1253,688.6162,-0.490862
688.1253,688.6162,-0.490893
688.1253,688.6162,-0.4909395
688.1253,688.6162,-0.490942
688.1253,688.6163,-0.4910266
688.1253,688.6165,-0.4911728
688.1253,688.6165,-0.4912231
688.1253,688.6166,-0.4912606
688.1253,688.6166,-0.4913064
688.1253,688.6166,-0.4913132
688.1253,688.6166,-0.4913227
688.1253,688.6167,-0.4913765
688.1253,688.6167,-0.4913898
688.1253,688.6167,-0.4913938
688.1253,688.6167,-0.4914199
688.1253,688.6167,-0.4914349
688.1253,688.6167,-0.4914395
688.1253,688.6168,-0.4914823
688.1253,688.6168,-0.4915207
688.1253,688.6168,-0.4915443
688.1253,688.6168,-0.4915474
688.1253,688.6169,-0.49156
688.1253,688.6169,-0.4915605
688.1253,688.617,-0.4917002
688.1253,688.6171,-0.4917639
688.1253,688.6171,-0.4918011
688.1253,688.6171,-0.4918028
688.1253,688.6171,-0.4918243
688.1253,688.6171,-0.4918467
688.1253,688.6172,-0.4918708
688.1253,688.6172,-0.4918765
688.1253,688.6172,-0.4918909
688.1253,688.6172,-0.491921
688.1253,688.6173,-0.4919714
688.1253,688.6173,-0.4920135
688.1253,688.6173,-0.4920341
688.1253,688.6173,-0.4920384
688.1253,688.6173,-0.4920459
688.1253,688.6174,-0.4920645
688.1253,688.6174,-0.4921346
688.1253,688.6175,-0.4921739
688.1253,688.6175,-0.4921903
688.1253,688.6175,-0.4922305
688.1253,688.6176,-0.4922538
688.1253,688.6176,-0.4922873
688.1253,688.6176,-0.4923392
688.1253,688.6177,-0.4923736
688.1253,688.6177,-0.4924027
688.1253,688.6177,-0.4924323
688.1253,688.6178,-0.492461
688.1253,688.6178,-0.4924695
688.1253,688.6178,-0.4925136
688.1253,688.6179,-0.4925543
688.1253,688.6179,-0.4925965
688.1253,688.618,-0.4926915
688.1253,688.618,-0.4927254
688.1253,688.618,-0.4927295
688.1253,688.6181,-0.492751
688.1253,688.6181,-0.4927512
688.1253,688.6181,-0.4928161
688.1253,688.6181,-0.4928165
688.1253,688.6181,-0.4928281
688.1253,688.6182,-0.4928624
688.1253,688.6183,-0.4929766
688.1253,688.6183,-0.4929944
688.1253,688.6183,-0.4930339
688.1253,688.6184,-0.4930775
688.1253,688.6184,-0.4931022
688.1253,688.6185,-0.4931513
688.1253,688.6185,-0.4931767
688.1253,688.6185,-0.493232
688.1253,688.6186,-0.49326
688.1253,688.6186,-0.4932747
688.1253,688.6186,-0.4932976
688.1253,688.6186,-0.4933393
688.1253,688.6186,-0.4933395
688.1253,688.6187,-0.4933602
688.1253,688.6187,-0.4933696
688.1253,688.6187,-0.493398
688.1253,688.6187,-0.4934025
688.1253,688.6187,-0.4934153
688.1253,688.6187,-0.4934293
688.1253,688.6187,-0.4934452
688.1253,688.6188,-0.4935335
688.1253,688.6189,-0.4935693
688.1253,688.6189,-0.4936091
688.1253,688.6189,-0.493627
688.1253,688.6189,-0.4936397
688.1253,688.619,-0.4936512
688.1253,688.619,-0.4936672
688.1253,688.619,-0.4937228
688.1253,688.619,-0.4937433
688.1253,688.619,-0.493746
688.1253,688.6191,-0.4937954
688.1253,688.6191,-0.4938173
688.1253,688.6191,-0.4938395
688.1253,688.6192,-0.493853
688.1253,688.6192,-0.4938766
688.1253,688.6192,-0.4938974
688.1253,688.6192,-0.4939397
688.1253,688.6193,-0.4939544
688.1253,688.6193,-0.4940366
688.1253,688.6193,-0.4940376
688.1253,688.6193,-0.4940388
688.1253,688.6194,-0.49407
688.1253,688.6194,-0.4940839
688.1253,688.6194,-0.4941314
688.1253,688.6194,-0.4941459
688.1253,688.6195,-0.4941656
688.1253,688.6195,-0.4941656
688.1253,688.6195,-0.4941683
688.1253,688.6195,-0.4942404
688.1253,688.6196,-0.4942748
688.1253,688.6196,-0.4942793
688.1253,688.6196,-0.4942797
688.1253,688.6196,-0.4943017
688.1253,688.6196,-0.4943388
688.1253,688.6197,-0.4943507
688.1253,688.6197,-0.4943951
688.1253,688.6197,-0.4943993
688.1253,688.6197,-0.494406
688.1253,688.6197,-0.4944237
688.1253,688.6198,-0.4945054
688.1253,688.6199,-0.4946213
688.1253,688.6199,-0.4946376
688.1253,688.62,-0.4946599
688.1253,688.62,-0.4947459
688.1253,688.6201,-0.494753
688.1253,688.6201,-0.4947557
688.1253,688.6201,-0.4947767
688.1253,688.6201,-0.4947824
688.1253,688.6201,-0.4948309
688.1253,688.6202,-0.4948878
688.1253,688.6202,-0.494898
688.1253,688.6202,-0.4949294
688.1253,688.6203,-0.4949529
688.1253,688.6203,-0.494955
688.1253,688.6203,-0.4950015
688.1253,688.6203,-0.4950219
688.1253,688.6204,-0.4950637
688.1253,688.6204,-0.4950737
688.1253,688.6204,-0.4950803
688.1253,688.6205,-0.4951634
688.1253,688.6206,-0.4953399
688.1253,688.6207,-0.4953706
688.1253,688.6207,-0.4954178
688.1253,688.6208,-0.4954786
688.1253,688.6209,-0.4955941
688.1253,688.621,-0.4957471
688.1253,688.6211,-0.4957553
688.1253,688.6211,-0.4958275
688.1253,688.6212,-0.4958543
688.1253,688.6212,-0.4958553
688.1253,688.6212,-0.4958823
688.1253,688.6212,-0.4959115
688.1253,688.6212,-0.4959319
688.1253,688.6212,-0.4959469
688.1253,688.6213,-0.4960104
688.1253,688.6216,-0.4963443
688.1253,688.6217,-0.4963766
688.1253,688.6218,-0.4964785
688.1253,688.6218,-0.4964924
688.1253,688.6219,-0.4965514
688.1253,688.6219,-0.4965572
688.1253,688.6219,-0.4965663
688.1253,688.6219,-0.4965756
688.1253,688.622,-0.4966941
688.1253,688.6221,-0.4967558
688.1253,688.6221,-0.4968232
688.1253,688.6223,-0.4969999
688.1253,688.6223,-0.4970216
688.1253,688.6223,-0.4970419
688.1253,688.6225,-0.497152
688.1253,688.6225,-0.4972165
688.1253,688.6228,-0.4974749
688.1253,688.623,-0.4976749
688.1253,688.623,-0.497686
688.1253,688.623,-0.4976924
688.1253,688.623,-0.4977491
688.1253,688.6231,-0.4977834
688.1253,688.6231,-0.4978219
688.1253,688.6231,-0.4978278
688.1253,688.6231,-0.4978374
688.1253,688.6234,-0.4980958
688.1253,688.6234,-0.498139
688.1253,688.6235,-0.4981659
688.1253,688.6235,-0.4981683
688.1253,688.6237,-0.4984257
688.1253,688.624,-0.4987253
688.1253,688.624,-0.4987454
688.1253,688.6243,-0.4989736
688.1253,688.6247,-0.4993875
688.1253,688.6247,-0.4994009
688.1253,688.6248,-0.4994744
688.1253,688.6248,-0.499484
688.1253,688.6249,-0.4996206
688.1253,688.625,-0.4996515
688.1253,688.6251,-0.4997544
688.1253,688.6251,-0.4997578
688.1253,688.6252,-0.4998575
688.1253,688.6252,-0.4998689
688.1253,688.6252,-0.4999492
688.1253,688.6253,-0.5000249
688.1253,688.6255,-0.5001882
688.1253,688.6256,-0.5002517
688.1253,688.6256,-0.5003228
688.1253,688.6257,-0.5003645
688.1253,688.6257,-0.5003813
688.1253,688.6257,-0.500399
688.1253,688.6258,-0.5004528
688.1253,688.6258,-0.5004568
688.1253,688.6258,-0.5004621
688.1253,688.6258,-0.5005055
688.1253,688.626,-0.5006571
688.1253,688.626,-0.5007327
688.1253,688.6262,-0.5008722
688.1253,688.6263,-0.5009528
688.1253,688.6263,-0.5009594
688.1253,688.6263,-0.5009786
688.1253,688.6263,-0.5010062
688.1253,688.6264,-0.5010634
688.1253,688.6264,-0.5010885
688.1253,688.6265,-0.5011592
688.1253,688.6266,-0.5012554
688.1253,688.6266,-0.5013146
688.1253,688.6266,-0.501339
688.1253,688.6268,-0.5014512
688.1253,688.6268,-0.5015325
688.1253,688.6272,-0.5019324
688.1253,688.6273,-0.5019906
688.1253,688.6279,-0.502576
688.1253,688.6279,-0.502577
688.1253,688.6279,-0.5025799
688.1253,688.6279,-0.5026078
688.1253,688.628,-0.5026582
688.1253,688.6281,-0.5028217
688.1253,688.6283,-0.5029812
688.1253,688.6285,-0.5032157
688.1253,688.6287,-0.5033501
688.1253,688.6287,-0.5033637
688.1253,688.6292,-0.5038685
688.1253,688.6292,-0.5038882
688.1253,688.6292,-0.5039108
688.1253,688.6295,-0.5042044
688.1253,688.6296,-0.5042981
688.1253,688.6297,-0.5044448
688.1253,688.63,-0.5046691
688.1253,688.63,-0.5047456
688.1253,688.6301,-0.5047879
688.1253,688.6301,-0.5048017
688.1253,688.6302,-0.5048935
688.1253,688.6302,-0.5049058
688.1253,688.6306,-0.5053306
688.1253,688.6307,-0.505446
688.1253,688.6309,-0.5055849
688.1253,688.631,-0.5057264
688.1253,688.6311,-0.505775
688.1253,688.6311,-0.5057785
688.1253,688.6312,-0.5059456
688.1253,688.6313,-0.5059747
688.1253,688.6313,-0.5059796
688.1253,688.6313,-0.5059855
688.1253,688.6315,-0.5061716
688.1253,688.6316,-0.5062643
688.1253,688.6316,-0.5063167
688.1253,688.6318,-0.5064698
688.1253,688.6318,-0.5065023
688.1253,688.6318,-0.5065192
688.1253,688.632,-0.5067409
688.1253,688.6323,-0.5069573
688.1253,688.6324,-0.5071437
688.1253,688.6324,-0.5071437
688.1253,688.6326,-0.5072831
688.1253,688.6327,-0.5073634
688.1253,688.6328,-0.5075235
688.1253,688.6329,-0.5075814
688.1253,688.6329,-0.5075868
688.1253,688.6331,-0.5077547
688.1253,688.6332,-0.5079023
688.1253,688.6333,-0.5080347
688.1253,688.6334,-0.5080799
688.1253,688.6334,-0.5081259
688.1253,688.6335,-0.5081665
688.1253,688.6339,-0.5085561
688.1253,688.6343,-0.5089927
688.1253,688.6343,-0.5090355
688.1253,688.6343,-0.5090397
688.1253,688.6344,-0.5090808
688.1253,688.6346,-0.5092704
688.1253,688.6346,-0.5093214
688.1253,688.6352,-0.5098675
688.1253,688.6352,-0.5098833
688.1253,688.6355,-0.5101891
688.1253,688.6356,-0.5102615
688.1253,688.6358,-0.5104929
688.1253,688.6361,-0.5107796
688.1253,688.6364,-0.5110953
688.1253,688.6368,-0.5114607
688.1253,688.6368,-0.5114933
688.1253,688.6368,-0.5115348
688.1253,688.6369,-0.5115721
688.1253,688.6371,-0.5118229
688.1253,688.6373,-0.5119715
688.1253,688.6373,-0.5120036
688.1253,688.6375,-0.5121663
688.1253,688.6375,-0.5122258
688.1253,688.6376,-0.5123265
688.1253,688.6377,-0.5124231
688.1253,688.6382,-0.5128709
688.1253,688.6384,-0.5131332
688.1253,688.6385,-0.5132307
688.1253,688.6386,-0.5133318
688.1253,688.6389,-0.513576
688.1253,688.6391,-0.5138115
688.1253,688.6393,-0.5139872
688.1253,688.6393,-0.5140202
688.1253,688.6396,-0.514329
688.1253,688.6397,-0.5143627
688.1253,688.6402,-0.5148504
688.1253,688.6403,-0.5149663
688.1253,688.6404,-0.5150509
688.1253,688.6405,-0.5151767
688.1253,688.6407,-0.5153731
688.1253,688.6407,-0.5154457
688.1253,688.6408,-0.5154644
688.1253,688.6413,-0.5160412
688.1253,688.6414,-0.5160508
688.1253,688.6414,-0.5160939
688.1253,688.6421,-0.5167516
688.1253,688.6422,-0.5168542
688.1253,688.6424,-0.5171374
688.1253,688.6425,-0.5172135
688.1253,688.6427,-0.5173883
688.1253,688.6427,-0.5173887
688.1253,688.6427,-0.5173984
688.1253,688.6429,-0.5175507
688.1253,688.6432,-0.5178961
688.1253,688.6432,-0.5179387
688.1253,688.644,-0.5187269
688.1253,688.644,-0.5187493
688.1253,688.6441,-0.5188441
688.1253,688.6444,-0.5190691
688.1253,688.6444,-0.519119
688.1253,688.6447,-0.5193986
688.1253,688.6448,-0.5194666
688.1253,688.6451,-0.5197963
688.1253,688.6451,-0.5198121
688.1253,688.6453,-0.5200443
688.1253,688.6454,-0.5201174
688.1253,688.6457,-0.5204476
688.1253,688.6458,-0.520473
688.1253,688.6459,-0.5205502
688.1253,688.6459,-0.5206124
688.1253,688.646,-0.5206583
688.1253,688.646,-0.5206803
688.1253,688.646,-0.5207345
688.1253,688.6461,-0.5207991
688.1253,688.6462,-0.5208604
688.1253,688.6465,-0.521216
688.1253,688.6466,-0.5213359
688.1253,688.6467,-0.5213638
688.1253,688.647,-0.5217247
688.1253,688.6474,-0.5221144
688.1253,688.6476,-0.5222817
688.1253,688.6477,-0.5223639
688.1253,688.6477,-0.5223767
688.1253,688.6477,-0.5224408
688.1253,688.6478,-0.5224721
688.1253,688.6478,-0.522539
688.1253,688.6478,-0.5225478
688.1253,688.6479,-0.5225594
688.1253,688.648,-0.5226873
688.1253,688.6481,-0.5228455
688.1253,688.6482,-0.5229071
688.1253,688.6483,-0.5230014
688.1253,688.6484,-0.5230754
688.1253,688.6485,-0.5231881
688.1253,688.6486,-0.5232502
688.1253,688.6486,-0.5232927
688.1253,688.6487,-0.523358
688.1253,688.6488,-0.5234775
688.1253,688.6488,-0.5235486
688.1253,688.649,-0.5236709
688.1253,688.649,-0.5237142
688.1253,688.6492,-0.5238822
688.1253,688.6492,-0.5239202
688.1253,688.6493,-0.5240073
688.1253,688.6493,-0.5240117
688.1253,688.6494,-0.5240655
688.1253,688.6495,-0.5241782
688.1253,688.6497,-0.524369
688.1253,688.6497,-0.5243835
688.1253,688.6498,-0.5244529
688.1253,688.6498,-0.524472
688.1253,688.6498,-0.5244792
688.1253,688.6498,-0.5245359
688.1253,688.6498,-0.5245446
688.1253,688.65,-0.5246534
688.1253,688.65,-0.5247205
688.1253,688.65,-0.5247207
688.1253,688.6501,-0.5248434
688.1253,688.6502,-0.52493
688.1253,688.6502,-0.5249441
688.1253,688.6503,-0.5249551
688.1253,688.6503,-0.5249778
688.1253,688.6503,-0.5249913
688.1253,688.6503,-0.5250222
688.1253,688.6504,-0.525077
688.1253,688.6505,-0.5251665
688.1253,688.6505,-0.5251749
688.1253,688.6506,-0.5252634
688.1253,688.6506,-0.525272
688.1253,688.6506,-0.5253419
688.1253,688.6506,-0.5253426
688.1253,688.6507,-0.5253904
688.1253,688.6507,-0.5254473
688.1253,688.6508,-0.5254615
688.1253,688.6508,-0.5254692
688.1253,688.6509,-0.5255712
688.1253,688.6509,-0.5255893
688.1253,688.6509,-0.5256196
688.1253,688.651,-0.5257455
688.1253,688.6511,-0.5257519
688.1253,688.6511,-0.5257757
688.1253,688.6513,-0.5260121
688.1253,688.6514,-0.5261201
688.1253,688.6515,-0.5262228
688.1253,688.6516,-0.5263119
688.1253,688.6517,-0.5264092
688.1253,688.6517,-0.5264113
688.1253,688.6518,-0.5264534
688.1253,688.6518,-0.5264868
688.1253,688.6518,-0.5265317
688.1253,688.6518,-0.526537
688.1253,688.6518,-0.526537
688.1253,688.6518,-0.5265436
688.1253,688.6519,-0.5265701
688.1253,688.6519,-0.5265735
688.1253,688.6519,-0.5265954
688.1253,688.6519,-0.5265997
688.1253,688.6519,-0.5266079
688.1253,688.6519,-0.5266227
688.1253,688.652,-0.5266904
688.1253,688.652,-0.5266952
688.1253,688.652,-0.5267095
688.1253,688.6521,-0.5267716
688.1253,688.6521,-0.5268108
688.1253,688.6521,-0.5268121
688.1253,688.6521,-0.5268342
688.1253,688.6522,-0.5268695
688.1253,688.6522,-0.5269129
688.1253,688.6522,-0.5269451
688.1253,688.6523,-0.5269585
688.1253,688.6523,-0.5269734
688.1253,688.6523,-0.5269913
688.1253,688.6523,-0.5270194
688.1253,688.6523,-0.5270217
688.1253,688.6523,-0.5270415
688.1253,688.6524,-0.5271028
688.1253,688.6524,-0.5271208
688.1253,688.6524,-0.5271346
688.1253,688.6526,-0.5272702
688.1253,688.6526,-0.5272883
688.1253,688.6526,-0.5272899
688.1253,688.6526,-0.5273093
688.1253,688.6526,-0.5273319
688.1253,688.6526,-0.5273414
688.1253,688.6527,-0.527365
688.1253,688.6528,-0.52747
688.1253,688.6528,-0.5274922
688.1253,688.6529,-0.5275689
688.1253,688.6529,-0.5275813
688.1253,688.653,-0.5277016
688.1253,688.653,-0.5277158
688.1253,688.6531,-0.5277725
688.1253,688.6531,-0.5277917
688.1253,688.6531,-0.5278442
688.1253,688.6532,-0.5278701
688.1253,688.6532,-0.5278775
688.1253,688.6532,-0.5278888
688.1253,688.6532,-0.5279186
688.1253,688.6533,-0.5279619
688.1253,688.6533,-0.5280291
688.1253,688.6534,-0.5280521
688.1253,688.6534,-0.5280861
688.1253,688.6534,-0.528093
688.1253,688.6534,-0.5281037
688.1253,688.6535,-0.5281702
688.1253,688.6535,-0.5282073
688.1253,688.6536,-0.5282568
688.1253,688.6536,-0.5282818
688.1253,688.6536,-0.5283075
688.1253,688.6537,-0.5283518
688.1253,688.6537,-0.5283565
688.1253,688.6537,-0.5283927
688.1253,688.6537,-0.5283972
688.1253,688.6537,-0.5284062
688.1253,688.6537,-0.5284316
688.1253,688.6538,-0.5284675
688.1253,688.6538,-0.5285162
688.1253,688.6539,-0.5285516
688.1253,688.6539,-0.5286037
688.1253,688.6539,-0.52862
688.1253,688.6539,-0.5286272
688.1253,688.6539,-0.5286474
688.1253,688.654,-0.5286681
688.1253,688.654,-0.5286731
688.1253,688.654,-0.5286753
688.1253,688.654,-0.5286876
688.1253,688.654,-0.5286918
688.1253,688.654,-0.5287069
688.1253,688.6541,-0.5287513
688.1253,688.6541,-0.5287577
688.1253,688.6541,-0.5287746
688.1253,688.6541,-0.5287763
688.1253,688.6541,-0.5287983
688.1253,688.6541,-0.5288311
688.1253,688.6541,-0.5288471
688.1253,688.6542,-0.5288628
688.1253,688.6543,-0.5289782
688.1253,688.6543,-0.5289821
688.1253,688.6543,-0.5289908
688.1253,688.6543,-0.5289912
688.1253,688.6543,-0.5290042
688.1253,688.6543,-0.5290218
688.1253,688.6544,-0.5290626
688.1253,688.6544,-0.5290641
688.1253,688.6544,-0.5290679
688.1253,688.6544,-0.5291023
688.1253,688.6544,-0.5291271
688.1253,688.6544,-0.5291382
688.1253,688.6545,-0.5291517
688.1253,688.6545,-0.5291791
688.1253,688.6545,-0.5291836
688.1253,688.6545,-0.529241
688.1253,688.6545,-0.5292485
688.1253,688.6546,-0.5292637
688.1253,688.6546,-0.529264
688.1253,688.6546,-0.5292714
688.1253,688.6546,-0.529276
688.1253,688.6546,-0.5293132
688.1253,688.6547,-0.5293635
688.1253,688.6547,-0.5294003
688.1253,688.6547,-0.529428
688.1253,688.6547,-0.5294292
688.1253,688.6548,-0.5294523
688.1253,688.6548,-0.5294667
688.1253,688.6548,-0.529486
688.1253,688.6548,-0.5294866
688.1253,688.6548,-0.5295051
688.1253,688.6549,-0.5295808
688.1253,688.6549,-0.5296353
688.1253,688.655,-0.5296542
688.1253,688.6553,-0.5300047
688.1253,688.6553,-0.5300377
688.1253,688.6554,-0.5300521
688.1253,688.6554,-0.5300994
688.1253,688.6554,-0.5301153
688.1253,688.6555,-0.5301688
688.1253,688.6556,-0.5302525
688.1253,688.6556,-0.5302888
688.1253,688.6556,-0.5303007
688.1253,688.6557,-0.5303631
688.1253,688.6557,-0.5303648
688.1253,688.6557,-0.5303748
688.1253,688.6557,-0.5303899
688.1253,688.6557,-0.5304242
688.1253,688.6557,-0.5304369
688.1253,688.6558,-0.5305052
688.1253,688.6558,-0.5305172
688.1253,688.6558,-0.5305288
688.1253,688.6559,-0.5306017
688.1253,688.6559,-0.5306165
688.1253,688.656,-0.5306603
688.1253,688.656,-0.5307198
688.1253,688.656,-0.5307315
688.1253,688.656,-0.5307442
688.1253,688.6561,-0.5307614
688.1253,688.6561,-0.5307633
688.1253,688.6561,-0.5307844
688.1253,688.6561,-0.5307868
688.1253,688.6561,-0.5308039
688.1253,688.6561,-0.5308332
688.1253,688.6562,-0.5308558
688.1253,688.6562,-0.5308663
688.1253,688.6562,-0.5308871
688.1253,688.6562,-0.5309384
688.1253,688.6562,-0.5309452
688.1253,688.6563,-0.5309973
688.1253,688.6563,-0.531003
688.1253,688.6563,-0.5310377
688.1253,688.6563,-0.5310482
688.1253,688.6564,-0.5310694
688.1253,688.6564,-0.5310801
688.1253,688.6564,-0.5311361
688.1253,688.6564,-0.531137
688.1253,688.6564,-0.5311456
688.1253,688.6565,-0.5311661
688.1253,688.6565,-0.5311873
688.1253,688.6565,-0.53119
688.1253,688.6565,-0.5312396
688.1253,688.6565,-0.5312397
688.1253,688.6566,-0.5312778
688.1253,688.6566,-0.531282
688.1253,688.6566,-0.531291
688.1253,688.6566,-0.5312974
688.1253,688.6566,-0.5313093
688.1253,688.6566,-0.5313185
688.1253,688.6566,-0.5313321
688.1253,688.6567,-0.5314006
688.1253,688.6567,-0.5314167
688.1253,688.6567,-0.531445
688.1253,688.6568,-0.5315135
688.1253,688.6568,-0.5315256
688.1253,688.6568,-0.5315304
688.1253,688.6568,-0.5315361
688.1253,688.6569,-0.5315843
688.1253,688.6569,-0.5315901
688.1253,688.6569,-0.5316322
688.1253,688.657,-0.5316539
688.1253,688.657,-0.5316724
688.1253,688.657,-0.5316911
688.1253,688.657,-0.5317166
688.1253,688.657,-0.5317264
688.1253,688.6571,-0.531777
688.1253,688.6571,-0.5317912
688.1253,688.6571,-0.5318298
688.1253,688.6571,-0.5318459
688.1253,688.6572,-0.5318782
688.1253,688.6572,-0.5318858
688.1253,688.6573,-0.5319501
688.1253,688.6573,-0.5320055
688.1253,688.6573,-0.532039
688.1253,688.6573,-0.5320445
688.1253,688.6573,-0.5320473
688.1253,688.6573,-0.5320482
688.1253,688.6574,-0.532086
688.1253,688.6574,-0.5320954
688.1253,688.6574,-0.5321039
688.1253,688.6574,-0.5321325
688.1253,688.6574,-0.5321466
688.1253,688.6575,-0.5321591
688.1253,688.6575,-0.5321596
688.1253,688.6575,-0.5321723
688.1253,688.6575,-0.5321906
688.1253,688.6575,-0.5322312
688.1253,688.6575,-0.5322386
688.1253,688.6576,-0.532266
688.1253,688.6576,-0.5322719
688.1253,688.6576,-0.532311
688.1253,688.6577,-0.5324024
688.1253,688.6577,-0.5324048
688.1253,688.6578,-0.5324707
688.1253,688.6578,-0.532521
688.1253,688.6579,-0.5325528
688.1253,688.6579,-0.5325925
688.1253,688.6579,-0.5325945
688.1253,688.6579,-0.5325989
688.1253,688.6579,-0.5326302
688.1253,688.6579,-0.5326451
688.1253,688.658,-0.5327268
688.1253,688.6581,-0.5327592
688.1253,688.6581,-0.5328254
688.1253,688.6581,-0.5328425
688.1253,688.6582,-0.5328526
688.1253,688.6582,-0.5328551
688.1253,688.6582,-0.5328622
688.1253,688.6582,-0.5328803
688.1253,688.6583,-0.5329763
688.1253,688.6583,-0.532996
688.1253,688.6583,-0.5330183
688.1253,688.6584,-0.5330652
688.1253,688.6584,-0.5330771
688.1253,688.6584,-0.5330803
688.1253,688.6584,-0.5330885
688.1253,688.6584,-0.5331064
688.1253,688.6584,-0.5331124
688.1253,688.6584,-0.5331419
688.1253,688.6584,-0.533149
688.1253,688.6585,-0.5331761
688.1253,688.6585,-0.5331802
688.1253,688.6585,-0.5331837
688.1253,688.6585,-0.5331917
688.1253,688.6585,-0.5331934
688.1253,688.6585,-0.5332138
688.1253,688.6585,-0.5332254
688.1253,688.6585,-0.5332279
688.1253,688.6585,-0.5332414
688.1253,688.6586,-0.5332568
688.1253,688.6586,-0.5332723
688.1253,688.6586,-0.5332723
688.1253,688.6586,-0.5332741
688.1253,688.6586,-0.5333115
688.1253,688.6586,-0.5333252
688.1253,688.6586,-0.5333332
688.1253,688.6586,-0.5333495
688.1253,688.6586,-0.5333497
688.1253,688.6587,-0.5333871
688.1253,688.6587,-0.5333988
688.1253,688.6587,-0.5334211
688.1253,688.6587,-0.5334324
688.1253,688.6587,-0.5334445
688.1253,688.6588,-0.5334718
688.1253,688.6588,-0.5334972
688.1253,688.6588,-0.5335327
688.1253,688.6589,-0.5335641
688.1253,688.6589,-0.5335661
688.1253,688.6589,-0.5335833
688.1253,688.6589,-0.5335892
688.1253,688.6589,-0.5336239
688.1253,688.6589,-0.5336344
688.1253,688.659,-0.5336677
688.1253,688.659,-0.5336788
688.1253,688.659,-0.5336834
688.1253,688.659,-0.5336894
688.1253,688.659,-0.5337009
688.1253,688.659,-0.533714
688.1253,688.659,-0.5337299
688.1253,688.6591,-0.5337567
688.1253,688.6591,-0.5337842
688.1253,688.6591,-0.5337905
688.1253,688.6591,-0.5337937
688.1253,688.6591,-0.5338062
688.1253,688.6592,-0.5338639
688.1253,688.6592,-0.5338731
688.1253,688.6592,-0.5338828
688.1253,688.6592,-0.533885
688.1253,688.6592,-0.5338883
688.1253,688.6592,-0.5338895
688.1253,688.6592,-0.5339023
688.1253,688.6592,-0.5339136
688.1253,688.6592,-0.5339162
688.1253,688.6592,-0.5339178
688.1253,688.6592,-0.5339237
688.1253,688.6592,-0.5339426
688.1253,688.6592,-0.5339481
688.1253,688.6593,-0.5339609
688.1253,688.6593,-0.5339816
688.1253,688.6593,-0.5339847
688.1253,688.6593,-0.5340095
688.1253,688.6593,-0.534044
688.1253,688.6594,-0.5340631
688.1253,688.6594,-0.5340794
688.1253,688.6594,-0.5341163
688.1253,688.6595,-0.5341593
688.1253,688.6595,-0.5341697
688.1253,688.6595,-0.5341764
688.1253,688.6595,-0.534178
688.1253,688.6595,-0.5341834
688.1253,688.6596,-0.5342581
688.1253,688.6596,-0.5342741
688.1253,688.6596,-0.5342743
688.1253,688.6596,-0.5342837
688.1253,688.6596,-0.5342891
688.1253,688.6596,-0.5343208
688.1253,688.6596,-0.5343284
688.1253,688.6596,-0.5343353
688.1253,688.6596,-0.5343375
688.1253,688.6597,-0.5343501
688.1253,688.6597,-0.5344071
688.1253,688.6597,-0.53441
688.1253,688.6597,-0.5344122
688.1253,688.6597,-0.5344133
688.1253,688.6597,-0.5344261
688.1253,688.6597,-0.5344308
688.1253,688.6597,-0.5344371
688.1253,688.6597,-0.5344493
688.1253,688.6598,-0.5344582
688.1253,688.6598,-0.5344729
688.1253,688.6598,-0.5344854
688.1253,688.6598,-0.5344885
688.1253,688.6598,-0.534494
688.1253,688.6598,-0.5344966
688.1253,688.6598,-0.5345078
688.1253,688.6598,-0.5345324
688.1253,688.6598,-0.5345393
688.1253,688.6599,-0.5345534
688.1253,688.6599,-0.5345611
688.1253,688.6599,-0.5345745
688.1253,688.6599,-0.5345755
688.1253,688.6599,-0.5345766
688.1253,688.6599,-0.5346172
688.1253,688.6599,-0.5346316
688.1253,688.6599,-0.5346471
688.1253,688.66,-0.5346558
688.1253,688.66,-0.5346646
688.1253,688.66,-0.5346703
688.1253,688.66,-0.5346794
688.1253,688.66,-0.5347035
688.1253,688.66,-0.5347057
688.1253,688.66,-0.5347141
688.1253,688.66,-0.5347238
688.1253,688.6601,-0.5347505
688.1253,688.6601,-0.5347552
688.1253,688.6601,-0.534763
688.1253,688.6601,-0.5347763
688.1253,688.6601,-0.534801
688.1253,688.6601,-0.5348239
688.1253,688.6601,-0.5348297
688.1253,688.6601,-0.534847
688.1253,688.6602,-0.5348829
688.1253,688.6602,-0.534883
688.1253,688.6602,-0.5348917
688.1253,688.6602,-0.534901
688.1253,688.6602,-0.5349186
688.1253,688.6603,-0.5349616
688.1253,688.6603,-0.5349889
688.1253,688.6603,-0.5350131
688.1253,688.6603,-0.5350253
688.1253,688.6603,-0.5350328
688.1253,688.6603,-0.5350371
688.1253,688.6603,-0.5350374
688.1253,688.6603,-0.5350405
688.1253,688.6603,-0.5350448
688.1253,688.6604,-0.535085
688.1253,688.6604,-0.5350953
688.1253,688.6604,-0.5351068
688.1253,688.6604,-0.5351298
688.1253,688.6604,-0.5351423
688.1253,688.6605,-0.5351523
688.1253,688.6605,-0.5351617
688.1253,688.6605,-0.5351969
688.1253,688.6605,-0.5351995
688.1253,688.6605,-0.535208
688.1253,688.6605,-0.5352135
688.1253,688.6605,-0.5352181
688.1253,688.6605,-0.5352192
688.1253,688.6605,-0.5352294
688.1253,688.6605,-0.5352346
688.1253,688.6605,-0.5352374
688.1253,688.6605,-0.5352408
688.1253,688.6605,-0.5352496
688.1253,688.6606,-0.5352679
688.1253,688.6606,-0.5352861
688.1253,688.6606,-0.535297
688.1253,688.6607,-0.535358
688.1253,688.6607,-0.5353656
688.1253,688.6607,-0.5353666
688.1253,688.6607,-0.5353737
688.1253,688.6607,-0.5353818
688.1253,688.6607,-0.5353928
688.1253,688.6607,-0.5354143
688.1253,688.6608,-0.535454
688.1253,688.6608,-0.5354808
688.1253,688.6608,-0.5354813
688.1253,688.6608,-0.5355043
688.1253,688.6608,-0.5355072
688.1253,688.6608,-0.535514
688.1253,688.6609,-0.5355879
688.1253,688.661,-0.5356648
688.1253,688.661,-0.5356707
688.1253,688.661,-0.535677
688.1253,688.661,-0.5356833
688.1253,688.661,-0.5356931
688.1253,688.661,-0.5356968
688.1253,688.661,-0.5357059
688.1253,688.661,-0.5357175
688.1253,688.661,-0.5357476
688.1253,688.661,-0.5357487
688.1253,688.6611,-0.5357522
688.1253,688.6611,-0.5357581
688.1253,688.6611,-0.5357699
688.1253,688.6611,-0.5357935
688.1253,688.6611,-0.5358091
688.1253,688.6611,-0.5358174
688.1253,688.6612,-0.5358723
688.1253,688.6612,-0.5358766
688.1253,688.6612,-0.5358793
688.1253,688.6612,-0.5359194
688.1253,688.6613,-0.5359772
688.1253,688.6613,-0.5359841
688.1253,688.6613,-0.5360114
688.1253,688.6613,-0.5360115
688.1253,688.6614,-0.5361007
688.1253,688.6614,-0.5361183
688.1253,688.6615,-0.5361507
688.1253,688.6615,-0.5361573
688.1253,688.6615,-0.5361727
688.1253,688.6615,-0.5361751
688.1253,688.6615,-0.536187
688.1253,688.6615,-0.5361965
688.1253,688.6615,-0.5361976
688.1253,688.6615,-0.5362055
688.1253,688.6615,-0.5362124
688.1253,688.6615,-0.5362316
688.1253,688.6616,-0.5362736
688.1253,688.6616,-0.5362799
688.1253,688.6616,-0.5362877
688.1253,688.6616,-0.5362974
688.1253,688.6616,-0.5363357
688.1253,688.6617,-0.5363548
688.1253,688.6617,-0.5363623
688.1253,688.6617,-0.5363737
688.1253,688.6617,-0.5363759
688.1253,688.6617,-0.5364109
688.1253,688.6617,-0.5364383
688.1253,688.6617,-0.5364486
688.1253,688.6618,-0.536466
688.1253,688.6618,-0.5364865
688.1253,688.6618,-0.5365037
688.1253,688.6618,-0.5365115
688.1253,688.6618,-0.5365279
688.1253,688.6618,-0.5365292
688.1253,688.6618,-0.5365368
688.1253,688.6619,-0.5365547
688.1253,688.6619,-0.536562
688.1253,688.6619,-0.5365634
688.1253,688.6619,-0.5365668
688.1253,688.6619,-0.5365765
688.1253,688.6619,-0.5365902
688.1253,688.6619,-0.5366212
688.1253,688.662,-0.5367087
688.1253,688.662,-0.5367235
688.1253,688.662,-0.5367363
688.1253,688.6621,-0.5367522
688.1253,688.6621,-0.5367701
688.1253,688.6621,-0.536776
688.1253,688.6621,-0.5367846
688.1253,688.6621,-0.5368433
688.1253,688.6622,-0.5368675
688.1253,688.6623,-0.5369842
688.1253,688.6623,-0.5369879
688.1253,688.6623,-0.5369948
688.1253,688.6623,-0.5369988
688.1253,688.6623,-0.5370043
688.1253,688.6623,-0.5370069
688.1253,688.6623,-0.5370095
688.1253,688.6623,-0.5370444
688.1253,688.6624,-0.5370566
688.1253,688.6624,-0.5370869
688.1253,688.6624,-0.5370909
688.1253,688.6624,-0.5371011
688.1253,688.6624,-0.5371135
688.1253,688.6624,-0.5371238
688.1253,688.6624,-0.5371386
688.1253,688.6624,-0.5371498
688.1253,688.6625,-0.5371508
688.1253,688.6625,-0.5371508
688.1253,688.6625,-0.5371922
688.1253,688.6625,-0.5372159
688.1253,688.6625,-0.5372187
688.1253,688.6625,-0.537236
688.1253,688.6626,-0.5372642
688.1253,688.6626,-0.5372943
688.1253,688.6627,-0.5373688
688.1253,688.6627,-0.5374072
688.1253,688.6627,-0.5374205
688.1253,688.6627,-0.5374261
688.1253,688.6627,-0.5374355
688.1253,688.6627,-0.537441
688.1253,688.6628,-0.5375045
688.1253,688.6628,-0.5375123
688.1253,688.6628,-0.5375135
688.1253,688.6628,-0.5375257
688.1253,688.6628,-0.537527
688.1253,688.6629,-0.5375692
688.1253,688.6629,-0.5376292
688.1253,688.663,-0.5377003
688.1253,688.663,-0.5377348
688.1253,688.663,-0.5377477
688.1253,688.6631,-0.5377704
688.1253,688.6631,-0.5377822
688.1253,688.6631,-0.5377857
688.1253,688.6632,-0.5378714
688.1253,688.6632,-0.5378777
688.1253,688.6632,-0.5378867
688.1253,688.6632,-0.5378872
688.1253,688.6632,-0.5379418
688.1253,688.6633,-0.5379518
688.1253,688.6633,-0.5380013
688.1253,688.6634,-0.5380798
688.1253,688.6635,-0.538234
688.1253,688.6636,-0.538256
688.1253,688.6636,-0.5382766
688.1253,688.6636,-0.5382997
688.1253,688.6636,-0.5383197
688.1253,688.6636,-0.5383271
688.1253,688.6636,-0.53833
688.1253,688.6636,-0.5383373
688.1253,688.6637,-0.5383548
688.1253,688.6638,-0.5385253
688.1253,688.6638,-0.5385284
688.1253,688.6639,-0.5386109
688.1253,688.6639,-0.5386342
688.1253,688.6639,-0.5386474
688.1253,688.664,-0.5386599
688.1253,688.6641,-0.5387939
688.1253,688.6641,-0.5388239
688.1253,688.6642,-0.5388525
688.1253,688.6642,-0.5388686
688.1253,688.6642,-0.5389169
688.1253,688.6642,-0.5389229
688.1253,688.6642,-0.5389426
688.1253,688.6645,-0.5391592
688.1253,688.6645,-0.5391668
688.1253,688.6645,-0.5391865
688.1253,688.6645,-0.53919
688.1253,688.6645,-0.5392186
688.1253,688.6646,-0.5393223
688.1253,688.665,-0.5397003
688.1253,688.665,-0.5397209
688.1253,688.665,-0.5397252
688.1253,688.665,-0.5397375
688.1253,688.665,-0.5397484
688.1253,688.6651,-0.5398234
688.1253,688.6651,-0.5398279
688.1253,688.6652,-0.5399123
688.1253,688.6653,-0.5399547
688.1253,688.6654,-0.5400536
688.1253,688.6654,-0.5400667
688.1253,688.6656,-0.5403112
688.1253,688.6657,-0.5403618
688.1253,688.6658,-0.5404617
688.1253,688.6658,-0.5404858
688.1253,688.6659,-0.540574
688.1253,688.6659,-0.540631
688.1253,688.666,-0.5406968
688.1253,688.666,-0.5407315
688.1253,688.6664,-0.541055
688.1253,688.6666,-0.5412777
688.1253,688.667,-0.5416651
688.1253,688.667,-0.541666
688.1253,688.667,-0.5417257
688.1253,688.6677,-0.5423623
688.1253,688.6677,-0.5424347
688.1253,688.6678,-0.5424696
688.1253,688.6678,-0.5425047
688.1253,688.6678,-0.5425072
688.1253,688.6687,-0.5434322
688.1253,688.6688,-0.5434649
688.1253,688.6688,-0.5434728
688.1253,688.6688,-0.543539
688.1253,688.669,-0.5436529
688.1253,688.6692,-0.5439311
688.1253,688.6693,-0.5439554
688.1253,688.6693,-0.5440252
688.1253,688.6695,-0.5441862
688.1253,688.6697,-0.5443931
688.1253,688.6702,-0.5449073
688.1253,688.6702,-0.5449256
688.1253,688.6709,-0.5456024
688.1253,688.671,-0.5456813
688.1253,688.6713,-0.5459911
688.1253,688.6715,-0.5462073
688.1253,688.6717,-0.5464107
688.1253,688.6718,-0.5465338
688.1253,688.6721,-0.5468282
688.1253,688.6726,-0.5472739
688.1253,688.6728,-0.5475117
688.1253,688.6728,-0.5475179
688.1253,688.6737,-0.5483831
688.1253,688.6743,-0.5490337
688.1253,688.6744,-0.5490936
688.1253,688.6746,-0.5493422
688.1253,688.6747,-0.5493734
688.1253,688.6756,-0.5503395
688.1253,688.6757,-0.5504189
688.1253,688.6758,-0.5504725
688.1253,688.6759,-0.550564
688.1253,688.6768,-0.5515289
688.1253,688.6777,-0.5523689
688.1253,688.678,-0.552725
688.1253,688.6785,-0.5531792
688.1253,688.6791,-0.5537709
688.1253,688.6793,-0.5539855
688.1253,688.6795,-0.5541974
688.1253,688.6796,-0.5542877
688.1253,688.6797,-0.5543823
688.1253,688.68,-0.5546611
688.1253,688.68,-0.5546779
688.1253,688.6801,-0.5548068
688.1253,688.6809,-0.5555995
688.1253,688.6815,-0.5562113
688.1253,688.6817,-0.5564443
688.1253,688.6823,-0.5570467
688.1253,688.6826,-0.5572535
688.1253,688.6826,-0.5572768
688.1253,688.6828,-0.5575247
688.1253,688.6828,-0.5575436
688.1253,688.6829,-0.5575927
688.1253,688.6836,-0.558276
688.1253,688.6836,-0.5582882
688.1253,688.6841,-0.5588205
688.1253,688.6843,-0.5589842
688.1253,688.6845,-0.5592185
688.1253,688.6848,-0.5595386
688.1253,688.6849,-0.5595799
688.1253,688.6853,-0.5599542
688.1253,688.6853,-0.5600347
688.1253,688.6855,-0.5601914
688.1253,688.6856,-0.5602784
688.1253,688.6857,-0.560439
688.1253,688.6858,-0.5604621
688.1253,688.6861,-0.5608305
688.1253,688.6862,-0.560881
688.1253,688.6863,-0.5610329
688.1253,688.6864,-0.561066
688.1253,688.6868,-0.5614617
688.1253,688.6868,-0.5614774
688.1253,688.687,-0.5616816
688.1253,688.6872,-0.5619119
688.1253,688.6876,-0.5622517
688.1253,688.6876,-0.5622809
688.1253,688.6877,-0.5623862
688.1253,688.6879,-0.5626059
688.1253,688.688,-0.562677
688.1253,688.688,-0.5626904
688.1253,688.688,-0.5627048
688.1253,688.6882,-0.562949
688.1253,688.6884,-0.5631353
688.1253,688.6884,-0.5631428
688.1253,688.6884,-0.5631478
688.1253,688.6886,-0.5633262
688.1253,688.6887,-0.5634322
688.1253,688.6888,-0.5635126
688.1253,688.6889,-0.5636099
688.1253,688.689,-0.5636891
688.1253,688.689,-0.5637415
688.1253,688.6891,-0.5638206
688.1253,688.6892,-0.5638608
688.1253,688.6892,-0.5638736
688.1253,688.6892,-0.5638821
688.1253,688.6894,-0.5640841
688.1253,688.6894,-0.5641053
688.1253,688.6895,-0.5641592
688.1253,688.6895,-0.5641916
688.1253,688.6895,-0.5642136
688.1253,688.6896,-0.5643249
688.1253,688.6897,-0.5643586
688.1253,688.6897,-0.56437
688.1253,688.6897,-0.5643724
688.1253,688.6897,-0.5644029
688.1253,688.6898,-0.5644656
688.1253,688.6898,-0.5645146
688.1253,688.6898,-0.5645328
688.1253,688.6898,-0.5645486
688.1253,688.6899,-0.5645957
688.1253,688.6899,-0.5646085
688.1253,688.6899,-0.5646382
688.1253,688.69,-0.5646659
688.1253,688.69,-0.5646763
688.1253,688.69,-0.564724
688.1253,688.69,-0.5647403
688.1253,688.6901,-0.5647931
688.1253,688.6902,-0.5648804
688.1253,688.6902,-0.5649009
688.1253,688.6903,-0.5650383
688.1253,688.6904,-0.5650686
688.1253,688.6904,-0.5651109
688.1253,688.6905,-0.5652479
688.1253,688.6907,-0.5653892
688.1253,688.6907,-0.5654185
688.1253,688.691,-0.5656665
688.1253,688.691,-0.5656849
688.1253,688.6912,-0.5659226
688.1253,688.6912,-0.565926
688.1253,688.6912,-0.5659489
688.1253,688.6915,-0.5661976
688.1253,688.6915,-0.566229
688.1253,688.6915,-0.566236
688.1253,688.6916,-0.5663109
688.1253,688.6917,-0.5663879
688.1253,688.6917,-0.5664253
688.1253,688.6918,-0.5664858
688.1253,688.6918,-0.5664977
688.1253,688.6919,-0.5666246
688.1253,688.6919,-0.5666475
688.1253,688.692,-0.5666937
688.1253,688.692,-0.5667435
688.1253,688.6921,-0.5667761
688.1253,688.6921,-0.5668038
688.1253,688.6922,-0.5668605
688.1253,688.6922,-0.566885
688.1253,688.6922,-0.566937
688.1253,688.6924,-0.5670535
688.1253,688.6924,-0.5671059
688.1253,688.6926,-0.5672583
688.1253,688.6926,-0.5672786
688.1253,688.6927,-0.5674022
688.1253,688.6927,-0.5674463
688.1253,688.6928,-0.5674669
688.1253,688.6928,-0.5674849
688.1253,688.693,-0.5677329
688.1253,688.6932,-0.5678663
688.1253,688.6932,-0.5679365
688.1253,688.6933,-0.5679727
688.1253,688.6933,-0.5679911
688.1253,688.6934,-0.5680537
688.1253,688.6936,-0.5682758
688.1253,688.6936,-0.5683453
688.1253,688.6937,-0.5683626
688.1253,688.6937,-0.5683991
688.1253,688.6937,-0.5684062
688.1253,688.6939,-0.5686003
688.1253,688.6939,-0.5686034
688.1253,688.6941,-0.5688142
688.1253,688.6942,-0.5689087
688.1253,688.6943,-0.5689615
688.1253,688.6943,-0.5689829
688.1253,688.6943,-0.5690441
688.1253,688.6944,-0.5691406
688.1253,688.6944,-0.5691479
688.1253,688.6946,-0.5692906
688.1253,688.6946,-0.5693368
688.1253,688.6948,-0.5695435
688.1253,688.6949,-0.5695673
688.1253,688.6949,-0.5696462
688.1253,688.6951,-0.5697772
688.1253,688.6951,-0.5698026
688.1253,688.6952,-0.569853
688.1253,688.6952,-0.5699113
688.1253,688.6953,-0.5699697
688.1253,688.6954,-0.570068
688.1253,688.6957,-0.570427
688.1253,688.6958,-0.5705386
688.1253,688.6959,-0.5706252
688.1253,688.696,-0.5706621
688.1253,688.6961,-0.5708398
688.1253,688.6962,-0.5709033
688.1253,688.6967,-0.5714369
688.1253,688.697,-0.5716982
688.1253,688.697,-0.5717177
688.1253,688.6971,-0.5717543
688.1253,688.6971,-0.5717755
688.1253,688.6974,-0.5721045
688.1253,688.6976,-0.5722921
688.1253,688.6977,-0.5723543
688.1253,688.6981,-0.5727825
688.1253,688.6982,-0.5728582
688.1253,688.6982,-0.5729181
688.1253,688.6983,-0.5729568
688.1253,688.6985,-0.5732186
688.1253,688.6988,-0.5735498
688.1253,688.6995,-0.5742302
688.1253,688.6996,-0.5743395
688.1253,688.6997,-0.5744209
688.1253,688.7002,-0.5749473
688.1253,688.7004,-0.5750693
688.1253,688.7009,-0.5756294
688.1253,688.701,-0.5757253
688.1253,688.7013,-0.5759948
688.1253,688.7017,-0.5763597
688.1253,688.7018,-0.5765117
688.1253,688.7019,-0.5765826
688.1253,688.7023,-0.5769601
688.1253,688.7023,-0.576988
688.1253,688.7023,-0.5770135
688.1253,688.7034,-0.5780506
688.1253,688.7034,-0.5780866
688.1253,688.7036,-0.5782834
688.1253,688.7042,-0.5788507
688.1253,688.7043,-0.5790091
688.1253,688.7046,-0.5792562
688.1253,688.7046,-0.579284
688.1253,688.7047,-0.5794264
688.1253,688.7054,-0.580067
688.1253,688.7061,-0.5807792
688.1253,688.7067,-0.5813548
688.1253,688.707,-0.5816609
688.1253,688.7079,-0.5826476
688.1253,688.7085,-0.5832375
688.1253,688.7099,-0.58456
688.1253,688.7167,-0.5913504
688.1253,688.7237,-0.5984282
688.1253,688.7255,-0.6001711
688.1253,688.7302,-0.604919
688.1253,688.7329,-0.6076023
688.1253,688.7557,-0.6304153
688.1253,688.7951,-0.6697793
688.1253,688.7959,-0.670609
688.1253,688.7962,-0.67093
688.1253,688.7976,-0.6723442
688.1253,688.7989,-0.6735644
688.1253,688.799,-0.67374
688.1253,688.7994,-0.6741287
688.1253,688.8003,-0.6749584
688.1253,688.8008,-0.6754974
688.1253,688.8024,-0.6770883
688.1253,688.8034,-0.6781073
688.1253,688.8045,-0.6791763
688.1253,688.8057,-0.6803873
688.1253,688.8064,-0.6810781
688.1253,688.8065,-0.6812402
688.1253,688.8079,-0.6826212
688.1253,688.8087,-0.6834455
688.1253,688.8091,-0.6838108
688.1253,688.8091,-0.6838197
688.1253,688.8095,-0.6841611
688.1253,688.8095,-0.6842297
688.1253,688.8099,-0.6845616
688.1253,688.8101,-0.6847705
688.1253,688.8102,-0.6848846
688.1253,688.8102,-0.6848968
688.1253,688.8102,-0.6849465
688.1253,688.8103,-0.6849668
688.1253,688.8104,-0.6850541
688.1253,688.8105,-0.6851815
688.1253,688.8106,-0.6853081
688.1253,688.8106,-0.6853213
688.1253,688.8107,-0.6853587
688.1253,688.8107,-0.6854055
688.1253,688.8107,-0.6854491
688.1253,688.8108,-0.6855025
688.1253,688.8109,-0.6855718
688.1253,688.8109,-0.6855902
688.1253,688.8109,-0.6855987
688.1253,688.8109,-0.6856431
688.1253,688.8111,-0.6857644
688.1253,688.8111,-0.6857883
688.1253,688.8111,-0.6857902
688.1253,688.8111,-0.6858163
688.1253,688.8111,-0.6858179
688.1253,688.8111,-0.6858207
688.1253,688.8112,-0.6858641
688.1253,688.8112,-0.6859132
688.1253,688.8112,-0.6859384
688.1253,688.8113,-0.6859616
688.1253,688.8113,-0.6859637
688.1253,688.8113,-0.6859775
688.1253,688.8113,-0.6860107
688.1253,688.8113,-0.6860205
688.1253,688.8114,-0.6860593
688.1253,688.8114,-0.6861407
688.1253,688.8114,-0.6861492
688.1253,688.8115,-0.6861891
688.1253,688.8115,-0.686202
688.1253,688.8115,-0.6862087
688.1253,688.8115,-0.6862405
688.1253,688.8115,-0.6862438
688.1253,688.8117,-0.6864192
688.1253,688.8117,-0.6864276
688.1253,688.8117,-0.6864493
688.1253,688.8118,-0.6864734
688.1253,688.8118,-0.6865239
688.1253,688.8119,-0.6865929
688.1253,688.812,-0.6866542
688.1253,688.812,-0.6867371
688.1253,688.8121,-0.6868209
688.1253,688.8121,-0.6868279
688.1253,688.8121,-0.6868498
688.1253,688.8122,-0.6868505
688.1253,688.8122,-0.6869279
688.1253,688.8122,-0.6869283
688.1253,688.8123,-0.6869895
688.1253,688.8123,-0.6870291
688.1253,688.8123,-0.6870322
688.1253,688.8123,-0.6870442
688.1253,688.8124,-0.6870611
688.1253,688.8124,-0.6870718
688.1253,688.8124,-0.6870885
688.1253,688.8124,-0.6870958
688.1253,688.8124,-0.6871053
688.1253,688.8124,-0.6871363
688.1253,688.8124,-0.6871399
688.1253,688.8125,-0.6872446
688.1253,688.8126,-0.6873067
688.1253,688.8126,-0.6873265
688.1253,688.8126,-0.6873478
688.1253,688.8127,-0.6873509
688.1253,688.8127,-0.6873569
688.1253,688.8127,-0.6873765
688.1253,688.8127,-0.6873824
688.1253,688.8127,-0.6874001
688.1253,688.8127,-0.6874214
688.1253,688.8127,-0.6874287
688.1253,688.8128,-0.6874654
688.1253,688.8128,-0.687521
688.1253,688.8129,-0.6875503
688.1253,688.8129,-0.6875585
688.1253,688.8129,-0.6875605
688.1253,688.8129,-0.6875978
688.1253,688.8129,-0.6876126
688.1253,688.8129,-0.6876278
688.1253,688.8129,-0.6876404
688.1253,688.8129,-0.6876435
688.1253,688.8129,-0.6876485
688.1253,688.813,-0.6877132
688.1253,688.8131,-0.6877846
688.1253,688.8131,-0.6878035
688.1253,688.8131,-0.687808
688.1253,688.8131,-0.6878147
688.1253,688.8131,-0.6878159
688.1253,688.8131,-0.6878442
688.1253,688.8132,-0.6878814
688.1253,688.8132,-0.6878911
688.1253,688.8133,-0.6879667
688.1253,688.8133,-0.6879758
688.1253,688.8133,-0.6879785
688.1253,688.8133,-0.6880289
688.1253,688.8134,-0.6880597
688.1253,688.8134,-0.6881042
688.1253,688.8135,-0.6881515
688.1253,688.8135,-0.6881799
688.1253,688.8135,-0.6882339
688.1253,688.8136,-0.6882825
688.1253,688.8136,-0.6882834
688.1253,688.8136,-0.6883083
688.1253,688.8137,-0.6883599
688.1253,688.8137,-0.6883616
688.1253,688.8137,-0.6883619
688.1253,688.8137,-0.6884132
688.1253,688.8137,-0.6884153
688.1253,688.8138,-0.6884711
688.1253,688.8138,-0.6885493
688.1253,688.8139,-0.6886275
688.1253,688.8139,-0.6886294
688.1253,688.8139,-0.6886353
688.1253,688.814,-0.6886643
688.1253,688.8141,-0.6888497
688.1253,688.8142,-0.6889037
688.1253,688.8142,-0.6889122
688.1253,688.8142,-0.6889205
688.1253,688.8143,-0.6889573
688.1253,688.8143,-0.6890163
688.1253,688.8143,-0.6890376
688.1253,688.8144,-0.6890687
688.1253,688.8144,-0.6891456
688.1253,688.8145,-0.689176
688.1253,688.8145,-0.689237
688.1253,688.8146,-0.6892856
688.1253,688.8146,-0.6893138
688.1253,688.8147,-0.6893522
688.1253,688.8148,-0.6895054
688.1253,688.8149,-0.6895621
688.1253,688.8149,-0.6896371
688.1253,688.8152,-0.6898657
688.1253,688.8153,-0.6899705
688.1253,688.8153,-0.690021
688.1253,688.8153,-0.6900294
688.1253,688.8154,-0.6900734
688.1253,688.8155,-0.6902089
688.1253,688.8155,-0.6902405
688.1253,688.8156,-0.6902523
688.1253,688.8156,-0.6903084
688.1253,688.8156,-0.6903093
688.1253,688.8156,-0.6903238
688.1253,688.8156,-0.6903436
688.1253,688.8157,-0.6903502
688.1253,688.8157,-0.6904059
688.1253,688.8158,-0.6904545
688.1253,688.8158,-0.6904798
688.1253,688.8158,-0.6904863
688.1253,688.8158,-0.6905018
688.1253,688.8159,-0.6905843
688.1253,688.8163,-0.6910234
688.1253,688.8164,-0.6910731
688.1253,688.8164,-0.6910852
688.1253,688.8165,-0.6911808
688.1253,688.8168,-0.6915372
688.1253,688.817,-0.6917204
688.1253,688.8171,-0.6917665
688.1253,688.8171,-0.6918366
688.1253,688.8172,-0.6918528
688.1253,688.8174,-0.6921217
688.1253,688.8175,-0.6921798
688.1253,688.8175,-0.6922059
688.1253,688.8176,-0.6922538
688.1253,688.8176,-0.6922611
688.1253,688.8176,-0.6922643
688.1253,688.8176,-0.6922987
688.1253,688.8178,-0.692465
688.1253,688.8178,-0.6924667
688.1253,688.8181,-0.6928179
688.1253,688.8182,-0.6928532
688.1253,688.8182,-0.6928803
688.1253,688.8182,-0.6929332
688.1253,688.8183,-0.6930014
688.1253,688.8183,-0.6930469
688.1253,688.8184,-0.6930684
688.1253,688.8184,-0.6931026
688.1253,688.8184,-0.6931095
688.1253,688.8185,-0.693156
688.1253,688.8185,-0.693218
688.1253,688.8185,-0.6932266
688.1253,688.8185,-0.6932302
688.1253,688.8185,-0.6932451
688.1253,688.8187,-0.6933729
688.1253,688.8187,-0.6933929
688.1253,688.8187,-0.6934092
688.1253,688.8187,-0.6934092
688.1253,688.8187,-0.6934339
688.1253,688.8188,-0.6935365
688.1253,688.8189,-0.6935587
688.1253,688.8189,-0.6935977
688.1253,688.819,-0.693657
688.1253,688.819,-0.6936806
688.1253,688.819,-0.6937128
688.1253,688.819,-0.6937223
688.1253,688.8191,-0.6937507
688.1253,688.8191,-0.6937578
688.1253,688.8191,-0.6937923
688.1253,688.8191,-0.6938248
688.1253,688.8192,-0.693927
688.1253,688.8192,-0.6939278
688.1253,688.8192,-0.6939437
688.1253,688.8193,-0.6939942
688.1253,688.8193,-0.6940041
688.1253,688.8193,-0.694014
688.1253,688.8193,-0.6940184
688.1253,688.8194,-0.6940529
688.1253,688.8194,-0.6940718
688.1253,688.8194,-0.6940847
688.1253,688.8194,-0.6940991
688.1253,688.8194,-0.6941203
688.1253,688.8194,-0.6941225
688.1253,688.8194,-0.694127
688.1253,688.8195,-0.6942482
688.1253,688.8195,-0.6942498
688.1253,688.8196,-0.6942785
688.1253,688.8196,-0.6943129
688.1253,688.8196,-0.6943166
688.1253,688.8197,-0.6943726
688.1253,688.8197,-0.6943999
688.1253,688.8197,-0.6944135
688.1253,688.8198,-0.6944622
688.1253,688.8198,-0.6944784
688.1253,688.8198,-0.6944838
688.1253,688.8199,-0.694554
688.1253,688.8199,-0.6945685
688.1253,688.8199,-0.6945915
688.1253,688.8199,-0.6945928
688.1253,688.8199,-0.6945988
688.1253,688.8199,-0.6945989
688.1253,688.8199,-0.6946125
688.1253,688.8199,-0.694613
688.1253,688.82,-0.6947305
688.1253,688.8201,-0.694795
688.1253,688.8201,-0.6947976
688.1253,688.8202,-0.6949164
688.1253,688.8203,-0.6950216
688.1253,688.8203,-0.695022
688.1253,688.8204,-0.6950572
688.1253,688.8204,-0.69508
688.1253,688.8204,-0.6950809
688.1253,688.8204,-0.6951
688.1253,688.8204,-0.6951445
688.1253,688.8205,-0.6951942
688.1253,688.8205,-0.6952078
688.1253,688.8205,-0.695208
688.1253,688.8205,-0.6952256
688.1253,688.8206,-0.6953065
688.1253,688.8206,-0.695347
688.1253,688.8207,-0.6953704
688.1253,688.8207,-0.6954498
688.1253,688.8208,-0.6954606
688.1253,688.8208,-0.6954888
688.1253,688.8208,-0.6955154
688.1253,688.8209,-0.6955555
688.1253,688.8209,-0.6956143
688.1253,688.8209,-0.6956304
688.1253,688.8209,-0.6956372
688.1253,688.821,-0.695665
688.1253,688.821,-0.6956825
688.1253,688.821,-0.6957237
688.1253,688.821,-0.6957256
688.1253,688.8211,-0.6957892
688.1253,688.8211,-0.6958003
688.1253,688.8211,-0.6958124
688.1253,688.8211,-0.69582
688.1253,688.8212,-0.6959305
688.1253,688.8213,-0.6959725
688.1253,688.8213,-0.6960104
688.1253,688.8214,-0.6960896
688.1253,688.8214,-0.6960958
688.1253,688.8214,-0.6961209
688.1253,688.8215,-0.6961709
688.1253,688.8216,-0.6962575
688.1253,688.8216,-0.6963274
688.1253,688.8216,-0.6963285
688.1253,688.8217,-0.6963561
688.1253,688.8217,-0.6963915
688.1253,688.8217,-0.6963926
688.1253,688.8217,-0.6964309
688.1253,688.8218,-0.6964882
688.1253,688.8218,-0.6965271
688.1253,688.8219,-0.6966323
688.1253,688.8219,-0.6966337
688.1253,688.822,-0.696659
688.1253,688.822,-0.6966691
688.1253,688.822,-0.6967375
688.1253,688.8221,-0.696753
688.1253,688.8221,-0.6968099
688.1253,688.8221,-0.6968303
688.1253,688.8222,-0.6968572
688.1253,688.8223,-0.6969914
688.1253,688.8223,-0.697013
688.1253,688.8223,-0.6970305
688.1253,688.8223,-0.6970427
688.1253,688.8224,-0.6970827
688.1253,688.8224,-0.6970992
688.1253,688.8224,-0.6971452
688.1253,688.8225,-0.697153
688.1253,688.8226,-0.697262
688.1253,688.8226,-0.697295
688.1253,688.8226,-0.6973171
688.1253,688.8226,-0.6973276
688.1253,688.8227,-0.6973948
688.1253,688.8227,-0.6974062
688.1253,688.8227,-0.6974236
688.1253,688.8228,-0.697512
688.1253,688.8228,-0.697526
688.1253,688.8228,-0.6975496
688.1253,688.8229,-0.6975539
688.1253,688.8229,-0.697571
688.1253,688.8229,-0.6976254
688.1253,688.8229,-0.6976282
688.1253,688.823,-0.6976854
688.1253,688.823,-0.6976888
688.1253,688.823,-0.6976978
688.1253,688.823,-0.6977428
688.1253,688.8231,-0.6977866
688.1253,688.8231,-0.6977892
688.1253,688.8231,-0.6977948
688.1253,688.8231,-0.6978158
688.1253,688.8231,-0.6978462
688.1253,688.8232,-0.6979032
688.1253,688.8233,-0.6979595
688.1253,688.8233,-0.6979656
688.1253,688.8233,-0.6980119
688.1253,688.8233,-0.6980243
688.1253,688.8235,-0.6981773
688.1253,688.8235,-0.69818
688.1253,688.8235,-0.6981918
688.1253,688.8235,-0.6982333
688.1253,688.8235,-0.6982442
688.1253,688.8236,-0.6982624
688.1253,688.8236,-0.698304
688.1253,688.8237,-0.698373
688.1253,688.8237,-0.6984375
688.1253,688.8238,-0.6984886
688.1253,688.8238,-0.6984982
688.1253,688.8238,-0.6985025
688.1253,688.8238,-0.6985212
688.1253,688.8239,-0.6985746
688.1253,688.8239,-0.6986053
688.1253,688.8239,-0.6986117
688.1253,688.8239,-0.6986162
688.1253,688.8239,-0.6986459
688.1253,688.824,-0.698654
688.1253,688.824,-0.6986676
688.1253,688.824,-0.6986826
688.1253,688.824,-0.6987005
688.1253,688.824,-0.6987392
688.1253,688.8241,-0.6988026
688.1253,688.8241,-0.6988059
688.1253,688.8241,-0.6988078
688.1253,688.8241,-0.6988354
688.1253,688.8241,-0.6988374
688.1253,688.8242,-0.6988684
688.1253,688.8242,-0.698882
688.1253,688.8242,-0.6989301
688.1253,688.8243,-0.6989917
688.1253,688.8243,-0.6989966
688.1253,688.8243,-0.6990104
688.1253,688.8243,-0.6990431
688.1253,688.8244,-0.6990815
688.1253,688.8244,-0.6991159
688.1253,688.8244,-0.6991346
688.1253,688.8245,-0.6992116
688.1253,688.8246,-0.699275
688.1253,688.8247,-0.6994279
688.1253,688.8247,-0.6994346
688.1253,688.8247,-0.6994482
688.1253,688.8248,-0.6995019
688.1253,688.8248,-0.6995111
688.1253,688.8248,-0.6995138
688.1253,688.8249,-0.6995677
688.1253,688.8249,-0.6995889
688.1253,688.8249,-0.6996016
688.1253,688.8249,-0.6996035
688.1253,688.8249,-0.6996412
688.1253,688.825,-0.6997179
688.1253,688.825,-0.6997229
688.1253,688.825,-0.6997325
688.1253,688.825,-0.6997374
688.1253,688.825,-0.6997443
688.1253,688.825,-0.6997454
688.1253,688.8251,-0.6997601
688.1253,688.8251,-0.699784
688.1253,688.8251,-0.6998143
688.1253,688.8252,-0.6999
688.1253,688.8252,-0.699925
688.1253,688.8252,-0.6999469
688.1253,688.8253,-0.6999548
688.1253,688.8253,-0.6999553
688.1253,688.8253,-0.7000012
688.1253,688.8254,-0.7000517
688.1253,688.8254,-0.7000721
688.1253,688.8254,-0.7000984
688.1253,688.8254,-0.7001031
688.1253,688.8254,-0.7001227
688.1253,688.8255,-0.7001604
688.1253,688.8255,-0.7001716
688.1253,688.8255,-0.7001787
688.1253,688.8255,-0.7002076
688.1253,688.8256,-0.7002757
688.1253,688.8256,-0.7002967
688.1253,688.8256,-0.7003379
688.1253,688.8257,-0.7003719
688.1253,688.8257,-0.7004009
688.1253,688.8258,-0.7005034
688.1253,688.8258,-0.7005303
688.1253,688.8259,-0.7005708
688.1253,688.8259,-0.700631
688.1253,688.826,-0.7006593
688.1253,688.826,-0.7006677
688.1253,688.8261,-0.7007527
688.1253,688.8262,-0.7008586
688.1253,688.8262,-0.7008712
688.1253,688.8262,-0.7008938
688.1253,688.8263,-0.7009879
688.1253,688.8263,-0.7010068
688.1253,688.8263,-0.7010269
688.1253,688.8264,-0.7010622
688.1253,688.8264,-0.7010877
688.1253,688.8264,-0.7010909
688.1253,688.8264,-0.7010935
688.1253,688.8264,-0.7011055
688.1253,688.8264,-0.7011231
688.1253,688.8264,-0.7011386
688.1253,688.8264,-0.7011487
688.1253,688.8265,-0.7011512
688.1253,688.8265,-0.7011525
688.1253,688.8265,-0.7011835
688.1253,688.8265,-0.7011974
688.1253,688.8266,-0.7012577
688.1253,688.8266,-0.7013031
688.1253,688.8266,-0.7013404
688.1253,688.8268,-0.7015301
688.1253,688.8269,-0.7016292
688.1253,688.8269,-0.7016445
688.1253,688.827,-0.7016873
688.1253,688.827,-0.7016979
688.1253,688.827,-0.7017298
688.1253,688.827,-0.7017363
688.1253,688.8271,-0.7017992
688.1253,688.8272,-0.7019174
688.1253,688.8273,-0.7020015
688.1253,688.8274,-0.7021454
688.1253,688.8275,-0.7021619
688.1253,688.8275,-0.7021738
688.1253,688.8275,-0.7022093
688.1253,688.8275,-0.7022347
688.1253,688.8276,-0.7022722
688.1253,688.8276,-0.7023473
688.1253,688.8277,-0.7024488
688.1253,688.8278,-0.7025187
688.1253,688.8278,-0.7025386
688.1253,688.8278,-0.7025417
688.1253,688.8279,-0.7025864
688.1253,688.8279,-0.7026344
688.1253,688.8279,-0.7026467
688.1253,688.828,-0.7026818
688.1253,688.828,-0.7026876
688.1253,688.828,-0.7027097
688.1253,688.8281,-0.702763
688.1253,688.8281,-0.7027815
688.1253,688.8281,-0.7028119
688.1253,688.8281,-0.7028217
688.1253,688.8281,-0.7028394
688.1253,688.8282,-0.7028726
688.1253,688.8282,-0.7029014
688.1253,688.8282,-0.7029395
688.1253,688.8283,-0.7030422
688.1253,688.8284,-0.7030807
688.1253,688.8284,-0.7031049
688.1253,688.8284,-0.7031397
688.1253,688.8285,-0.7031736
688.1253,688.8285,-0.7032101
688.1253,688.8285,-0.7032334
688.1253,688.8285,-0.7032363
688.1253,688.8286,-0.703258
688.1253,688.8286,-0.703286
688.1253,688.8286,-0.7033228
688.1253,688.8286,-0.7033326
688.1253,688.8286,-0.7033499
688.1253,688.8287,-0.7033869
688.1253,688.8287,-0.7033918
688.1253,688.8287,-0.7034169
688.1253,688.8287,-0.7034213
688.1253,688.8288,-0.7034808
688.1253,688.8288,-0.7034896
688.1253,688.8288,-0.7034945
688.1253,688.8288,-0.7035238
688.1253,688.8289,-0.7035994
688.1253,688.8289,-0.7036198
688.1253,688.8289,-0.7036412
688.1253,688.829,-0.7036726
688.1253,688.829,-0.7037146
688.1253,688.829,-0.7037251
688.1253,688.8291,-0.7037706
688.1253,688.8291,-0.7037812
688.1253,688.8292,-0.703863
688.1253,688.8292,-0.7039206
688.1253,688.8292,-0.7039325
688.1253,688.8292,-0.7039332
688.1253,688.8292,-0.7039479
688.1253,688.8293,-0.7040226
688.1253,688.8293,-0.7040235
688.1253,688.8293,-0.7040301
688.1253,688.8293,-0.7040361
688.1253,688.8295,-0.7041599
688.1253,688.8296,-0.704281
688.1253,688.8296,-0.7043091
688.1253,688.8296,-0.7043115
688.1253,688.8297,-0.7043591
688.1253,688.8297,-0.7043611
688.1253,688.8297,-0.7043616
688.1253,688.8297,-0.7043622
688.1253,688.8297,-0.7044334
688.1253,688.8297,-0.7044396
688.1253,688.8298,-0.7044698
688.1253,688.8298,-0.7044981
688.1253,688.8298,-0.7045016
688.1253,688.8299,-0.7045832
688.1253,688.83,-0.7047347
688.1253,688.83,-0.7047375
688.1253,688.8301,-0.7047864
688.1253,688.8302,-0.7048865
688.1253,688.8302,-0.7048875
688.1253,688.8302,-0.7049259
688.1253,688.8303,-0.7049655
688.1253,688.8303,-0.7049682
688.1253,688.8303,-0.7050302
688.1253,688.8303,-0.7050332
688.1253,688.8304,-0.7050788
688.1253,688.8304,-0.7050817
688.1253,688.8304,-0.7051349
688.1253,688.8305,-0.7051724
688.1253,688.8305,-0.7052
688.1253,688.8305,-0.7052477
688.1253,688.8305,-0.7052481
688.1253,688.8306,-0.7052509
688.1253,688.8306,-0.7053247
688.1253,688.8307,-0.7053852
688.1253,688.8307,-0.7054211
688.1253,688.8308,-0.7054842
688.1253,688.8308,-0.70551
688.1253,688.8308,-0.7055299
688.1253,688.8309,-0.7055555
688.1253,688.8309,-0.7055934
688.1253,688.831,-0.705728
688.1253,688.831,-0.7057376
688.1253,688.8311,-0.7057612
688.1253,688.8311,-0.7057617
688.1253,688.8312,-0.7058726
688.1253,688.8312,-0.7059142
688.1253,688.8312,-0.7059204
688.1253,688.8312,-0.7059262
688.1253,688.8313,-0.7059931
688.1253,688.8313,-0.7059951
688.1253,688.8313,-0.7060062
688.1253,688.8313,-0.7060428
688.1253,688.8313,-0.706044
688.1253,688.8315,-0.7062077
688.1253,688.8315,-0.7062207
688.1253,688.8315,-0.7062401
688.1253,688.8316,-0.7062678
688.1253,688.8316,-0.7062938
688.1253,688.8317,-0.7063926
688.1253,688.8317,-0.7063974
688.1253,688.8317,-0.7064107
688.1253,688.8319,-0.7065523
688.1253,688.8319,-0.7065565
688.1253,688.832,-0.7066625
688.1253,688.832,-0.7067351
688.1253,688.8321,-0.7068417
688.1253,688.8321,-0.7068441
688.1253,688.8322,-0.706869
688.1253,688.8322,-0.7068691
688.1253,688.8322,-0.7069441
688.1253,688.8323,-0.7069626
688.1253,688.8323,-0.7070209
688.1253,688.8323,-0.7070385
688.1253,688.8324,-0.7070729
688.1253,688.8325,-0.7071829
688.1253,688.8325,-0.7072202
688.1253,688.8326,-0.707269
688.1253,688.8327,-0.7073677
688.1253,688.8327,-0.7073971
688.1253,688.8327,-0.7074298
688.1253,688.8327,-0.7074323
688.1253,688.8327,-0.707439
688.1253,688.8327,-0.70745
688.1253,688.8328,-0.7074748
688.1253,688.8328,-0.7075252
688.1253,688.8329,-0.7075701
688.1253,688.833,-0.7076784
688.1253,688.833,-0.7076804
688.1253,688.833,-0.7076987
688.1253,688.833,-0.7077173
688.1253,688.8331,-0.7077613
688.1253,688.8331,-0.7078314
688.1253,688.8331,-0.7078499
688.1253,688.8332,-0.7078847
688.1253,688.8332,-0.7079051
688.1253,688.8333,-0.7079579
688.1253,688.8333,-0.7079864
688.1253,688.8333,-0.7079909
688.1253,688.8333,-0.7079933
688.1253,688.8334,-0.7080614
688.1253,688.8334,-0.7080838
688.1253,688.8334,-0.7081015
688.1253,688.8334,-0.7081049
688.1253,688.8334,-0.7081301
688.1253,688.8335,-0.7081876
688.1253,688.8335,-0.7082045
688.1253,688.8335,-0.7082152
688.1253,688.8335,-0.7082239
688.1253,688.8336,-0.7082923
688.1253,688.8337,-0.7083847
688.1253,688.8337,-0.7083946
688.1253,688.8337,-0.7083988
688.1253,688.8337,-0.7083997
688.1253,688.8337,-0.7084084
688.1253,688.8337,-0.70843
688.1253,688.8338,-0.7084761
688.1253,688.8338,-0.7084788
688.1253,688.8338,-0.7084903
688.1253,688.8339,-0.7085839
688.1253,688.8339,-0.708586
688.1253,688.8339,-0.7085985
688.1253,688.8339,-0.7086097
688.1253,688.8339,-0.7086334
688.1253,688.834,-0.7086995
688.1253,688.8341,-0.7088003
688.1253,688.8341,-0.7088186
688.1253,688.8342,-0.7088512
688.1253,688.8342,-0.7088532
688.1253,688.8342,-0.7088624
688.1253,688.8342,-0.7088983
688.1253,688.8342,-0.7089115
688.1253,688.8342,-0.7089142
688.1253,688.8342,-0.7089195
688.1253,688.8342,-0.7089239
688.1253,688.8342,-0.7089332
688.1253,688.8342,-0.708942
688.1253,688.8344,-0.7090699
688.1253,688.8344,-0.7091325
688.1253,688.8345,-0.7091657
688.1253,688.8345,-0.7091874
688.1253,688.8345,-0.709212
688.1253,688.8346,-0.7092838
688.1253,688.8346,-0.7093195
688.1253,688.8347,-0.7093518
688.1253,688.8347,-0.7093777
688.1253,688.8347,-0.7093809
688.1253,688.8348,-0.7094575
688.1253,688.8349,-0.7095902
688.1253,688.8349,-0.7096117
688.1253,688.835,-0.7096901
688.1253,688.835,-0.7097078
688.1253,688.835,-0.7097449
688.1253,688.8351,-0.7098235
688.1253,688.8351,-0.7098456
688.1253,688.8353,-0.7099598
688.1253,688.8353,-0.7099629
688.1253,688.8354,-0.7100663
688.1253,688.8354,-0.710067
688.1253,688.8355,-0.7101559
688.1253,688.8355,-0.7101761
688.1253,688.8356,-0.7102665
688.1253,688.8356,-0.7103152
688.1253,688.8357,-0.710436
688.1253,688.8358,-0.7104613
688.1253,688.8358,-0.7104795
688.1253,688.8358,-0.7105071
688.1253,688.8358,-0.7105261
688.1253,688.8359,-0.7105573
688.1253,688.8359,-0.7106418
688.1253,688.836,-0.7106593
688.1253,688.8361,-0.7107954
688.1253,688.8361,-0.7108058
688.1253,688.8361,-0.7108238
688.1253,688.8361,-0.7108479
688.1253,688.8362,-0.710851
688.1253,688.8362,-0.71092
688.1253,688.8362,-0.7109445
688.1253,688.8363,-0.710959
688.1253,688.8363,-0.7109689
688.1253,688.8363,-0.7109731
688.1253,688.8364,-0.7111096
688.1253,688.8364,-0.7111439
688.1253,688.8364,-0.7111444
688.1253,688.8366,-0.7112622
688.1253,688.8367,-0.7113569
688.1253,688.8367,-0.7114079
688.1253,688.8368,-0.7114503
688.1253,688.8368,-0.7114624
688.1253,688.8368,-0.711514
688.1253,688.8368,-0.7115247
688.1253,688.8368,-0.7115381
688.1253,688.8369,-0.7115638
688.1253,688.8369,-0.7115668
688.1253,688.8369,-0.7115719
688.1253,688.8369,-0.7116013
688.1253,688.837,-0.7116557
688.1253,688.837,-0.7116722
688.1253,688.837,-0.7116739
688.1253,688.837,-0.7116994
688.1253,688.8371,-0.7117616
688.1253,688.8371,-0.7117754
688.1253,688.8371,-0.7118312
688.1253,688.8371,-0.7118372
688.1253,688.8371,-0.71185
688.1253,688.8372,-0.7118605
688.1253,688.8372,-0.7118752
688.1253,688.8373,-0.7120172
688.1253,688.8374,-0.7121099
688.1253,688.8374,-0.7121158
688.1253,688.8374,-0.7121419
688.1253,688.8375,-0.7121708
688.1253,688.8375,-0.7122337
688.1253,688.8376,-0.7122616
688.1253,688.8377,-0.7123502
688.1253,688.8377,-0.712374
688.1253,688.8377,-0.7123976
688.1253,688.8377,-0.7124326
688.1253,688.8378,-0.7124547
688.1253,688.8378,-0.7124988
688.1253,688.8378,-0.7125122
688.1253,688.8378,-0.7125141
688.1253,688.8379,-0.7125512
688.1253,688.8379,-0.7125912
688.1253,688.8379,-0.7125953
688.1253,688.8379,-0.7126241
688.1253,688.8379,-0.7126404
688.1253,688.838,-0.7126598
688.1253,688.838,-0.7126927
688.1253,688.8381,-0.7128034
688.1253,688.8381,-0.7128326
688.1253,688.8381,-0.7128497
688.1253,688.8382,-0.7128812
688.1253,688.8382,-0.7128841
688.1253,688.8382,-0.7128924
688.1253,688.8384,-0.7130831
688.1253,688.8384,-0.7131034
688.1253,688.8384,-0.7131055
688.1253,688.8384,-0.7131452
688.1253,688.8385,-0.7131641
688.1253,688.8385,-0.7132005
688.1253,688.8386,-0.7132556
688.1253,688.8386,-0.7132855
688.1253,688.8387,-0.7133607
688.1253,688.8387,-0.7133618
688.1253,688.8387,-0.7133625
688.1253,688.8387,-0.7134131
688.1253,688.8388,-0.7135123
688.1253,688.8388,-0.713541
688.1253,688.8388,-0.7135425
688.1253,688.8389,-0.7135568
688.1253,688.8389,-0.7135793
688.1253,688.8389,-0.7136355
688.1253,688.839,-0.7136555
688.1253,688.839,-0.7136713
688.1253,688.839,-0.7137125
688.1253,688.839,-0.7137228
688.1253,688.8391,-0.7137745
688.1253,688.8391,-0.7137778
688.1253,688.8391,-0.713788
688.1253,688.8391,-0.7138166
688.1253,688.8391,-0.7138186
688.1253,688.8393,-0.7139942
688.1253,688.8394,-0.7140611
688.1253,688.8394,-0.7140612
688.1253,688.8394,-0.714062
688.1253,688.8395,-0.7141591
688.1253,688.8395,-0.7141727
688.1253,688.8397,-0.7143737
688.1253,688.8398,-0.714525
688.1253,688.8398,-0.7145319
688.1253,688.8398,-0.7145412
688.1253,688.8398,-0.7145486
688.1253,688.8398,-0.714549
688.1253,688.8399,-0.7145666
688.1253,688.8399,-0.7146025
688.1253,688.8399,-0.7146046
688.1253,688.8399,-0.7146294
688.1253,688.8399,-0.7146343
688.1253,688.8399,-0.7146442
688.1253,688.84,-0.7146531
688.1253,688.84,-0.7146751
688.1253,688.8401,-0.7147521
688.1253,688.8401,-0.7147822
688.1253,688.8401,-0.7147875
688.1253,688.8401,-0.7147955
688.1253,688.8401,-0.7148193
688.1253,688.8401,-0.7148297
688.1253,688.8402,-0.7148829
688.1253,688.8402,-0.7149005
688.1253,688.8402,-0.714908
688.1253,688.8402,-0.7149196
688.1253,688.8402,-0.7149357
688.1253,688.8403,-0.7149935
688.1253,688.8404,-0.715058
688.1253,688.8404,-0.7150768
688.1253,688.8404,-0.7150951
688.1253,688.8404,-0.7151067
688.1253,688.8404,-0.7151263
688.1253,688.8405,-0.7151749
688.1253,688.8405,-0.7152182
688.1253,688.8405,-0.7152185
688.1253,688.8405,-0.7152204
688.1253,688.8405,-0.7152274
688.1253,688.8405,-0.7152428
688.1253,688.8406,-0.7153278
688.1253,688.8406,-0.7153387
688.1253,688.8406,-0.7153424
688.1253,688.8407,-0.7154041
688.1253,688.8407,-0.7154086
688.1253,688.8408,-0.7154662
688.1253,688.8409,-0.7155562
688.1253,688.8409,-0.715593
688.1253,688.8409,-0.7156059
688.1253,688.8409,-0.7156194
688.1253,688.8409,-0.7156272
688.1253,688.841,-0.7156872
688.1253,688.841,-0.7157414
688.1253,688.8411,-0.7157562
688.1253,688.8411,-0.7157683
688.1253,688.8411,-0.7157796
688.1253,688.8411,-0.7158375
688.1253,688.8412,-0.7159284
688.1253,688.8412,-0.7159498
688.1253,688.8413,-0.7159845
688.1253,688.8413,-0.7159982
688.1253,688.8413,-0.7160405
688.1253,688.8413,-0.7160444
688.1253,688.8413,-0.7160488
688.1253,688.8414,-0.7160586
688.1253,688.8414,-0.716078
688.1253,688.8414,-0.7161362
688.1253,688.8414,-0.7161443
688.1253,688.8415,-0.7161913
688.1253,688.8415,-0.716211
688.1253,688.8415,-0.7162277
688.1253,688.8415,-0.7162428
688.1253,688.8416,-0.7162516
688.1253,688.8416,-0.7162855
688.1253,688.8416,-0.7163135
688.1253,688.8416,-0.7163169
688.1253,688.8417,-0.7163837
688.1253,688.8417,-0.7163871
688.1253,688.8417,-0.7163912
688.1253,688.8417,-0.7164085
688.1253,688.8418,-0.7164854
688.1253,688.8418,-0.7165051
688.1253,688.8418,-0.7165073
688.1253,688.8418,-0.7165194
688.1253,688.8419,-0.716552
688.1253,688.8419,-0.7166042
688.1253,688.842,-0.7166753
688.1253,688.842,-0.7167053
688.1253,688.8421,-0.7167836
688.1253,688.8421,-0.7167873
688.1253,688.8421,-0.7167906
688.1253,688.8421,-0.7168081
688.1253,688.8421,-0.7168272
688.1253,688.8421,-0.7168372
688.1253,688.8422,-0.7168699
688.1253,688.8422,-0.7168852
688.1253,688.8422,-0.7168856
688.1253,688.8422,-0.7168882
688.1253,688.8422,-0.7168883
688.1253,688.8422,-0.7168909
688.1253,688.8423,-0.7169611
688.1253,688.8423,-0.7169672
688.1253,688.8423,-0.7169832
688.1253,688.8423,-0.7170288
688.1253,688.8423,-0.717031
688.1253,688.8423,-0.7170325
688.1253,688.8423,-0.71704
688.1253,688.8424,-0.7170618
688.1253,688.8424,-0.7170945
688.1253,688.8424,-0.7171005
688.1253,688.8424,-0.7171204
688.1253,688.8424,-0.7171361
688.1253,688.8424,-0.7171477
688.1253,688.8425,-0.7171566
688.1253,688.8425,-0.717201
688.1253,688.8425,-0.7172083
688.1253,688.8425,-0.7172201
688.1253,688.8425,-0.7172255
688.1253,688.8425,-0.7172296
688.1253,688.8425,-0.7172497
688.1253,688.8426,-0.7172814
688.1253,688.8426,-0.7173106
688.1253,688.8426,-0.7173142
688.1253,688.8427,-0.7173568
688.1253,688.8427,-0.7173589
688.1253,688.8427,-0.7173772
688.1253,688.8427,-0.7173797
688.1253,688.8427,-0.7174483
688.1253,688.8428,-0.7174791
688.1253,688.8428,-0.7175214
688.1253,688.8428,-0.7175319
688.1253,688.8428,-0.7175409
688.1253,688.8429,-0.7175616
688.1253,688.8429,-0.7175625
688.1253,688.8429,-0.7176117
688.1253,688.8429,-0.7176411
688.1253,688.843,-0.7176773
688.1253,688.843,-0.7177303
688.1253,688.843,-0.7177473
688.1253,688.8431,-0.7177507
688.1253,688.8431,-0.7177862
688.1253,688.8431,-0.7178255
688.1253,688.8431,-0.7178402
688.1253,688.8432,-0.7178961
688.1253,688.8432,-0.7178979
688.1253,688.8432,-0.7179343
688.1253,688.8433,-0.7179606
688.1253,688.8433,-0.7179828
688.1253,688.8433,-0.7180056
688.1253,688.8434,-0.718051
688.1253,688.8434,-0.7180568
688.1253,688.8434,-0.7180689
688.1253,688.8434,-0.7180829
688.1253,688.8434,-0.7180903
688.1253,688.8435,-0.7181607
688.1253,688.8435,-0.7181617
688.1253,688.8435,-0.7182019
688.1253,688.8435,-0.7182138
688.1253,688.8436,-0.7182565
688.1253,688.8436,-0.7182872
688.1253,688.8436,-0.718309
688.1253,688.8436,-0.7183358
688.1253,688.8436,-0.7183433
688.1253,688.8436,-0.718348
688.1253,688.8437,-0.7183516
688.1253,688.8437,-0.7183654
688.1253,688.8437,-0.7183675
688.1253,688.8437,-0.7183756
688.1253,688.8437,-0.7183973
688.1253,688.8437,-0.7184322
688.1253,688.8437,-0.7184426
688.1253,688.8438,-0.7184532
688.1253,688.8438,-0.7185067
688.1253,688.8438,-0.7185145
688.1253,688.8438,-0.7185238
688.1253,688.8439,-0.7185621
688.1253,688.8439,-0.7185698
688.1253,688.8439,-0.7185731
688.1253,688.8439,-0.71858
688.1253,688.8439,-0.718595
688.1253,688.8439,-0.7186148
688.1253,688.8439,-0.718636
688.1253,688.8439,-0.7186496
688.1253,688.844,-0.7186574
688.1253,688.844,-0.7186664
688.1253,688.844,-0.7186801
688.1253,688.844,-0.7187291
688.1253,688.844,-0.7187416
688.1253,688.844,-0.7187466
688.1253,688.8441,-0.7187643
688.1253,688.8441,-0.7187827
688.1253,688.8441,-0.7188007
688.1253,688.8442,-0.7188612
688.1253,688.8442,-0.7188799
688.1253,688.8442,-0.718897
688.1253,688.8442,-0.7189009
688.1253,688.8442,-0.718901
688.1253,688.8442,-0.7189073
688.1253,688.8442,-0.7189125
688.1253,688.8442,-0.7189252
688.1253,688.8443,-0.7189774
688.1253,688.8443,-0.7190379
688.1253,688.8443,-0.7190405
688.1253,688.8444,-0.7190539
688.1253,688.8444,-0.719054
688.1253,688.8444,-0.7190628
688.1253,688.8444,-0.7190891
688.1253,688.8444,-0.7190925
688.1253,688.8444,-0.7191029
688.1253,688.8444,-0.7191064
688.1253,688.8444,-0.7191248
688.1253,688.8444,-0.719128
688.1253,688.8444,-0.7191309
688.1253,688.8444,-0.7191337
688.1253,688.8445,-0.719172
688.1253,688.8445,-0.7191883
688.1253,688.8445,-0.7192102
688.1253,688.8445,-0.7192124
688.1253,688.8446,-0.7192889
688.1253,688.8446,-0.7192939
688.1253,688.8446,-0.7193249
688.1253,688.8446,-0.7193254
688.1253,688.8446,-0.7193353
688.1253,688.8447,-0.7193535
688.1253,688.8447,-0.71938
688.1253,688.8447,-0.7193874
688.1253,688.8447,-0.7193991
688.1253,688.8447,-0.7194268
688.1253,688.8447,-0.7194331
688.1253,688.8447,-0.7194463
688.1253,688.8448,-0.7194561
688.1253,688.8448,-0.7194711
688.1253,688.8448,-0.7194753
688.1253,688.8448,-0.7194766
688.1253,688.8448,-0.7194784
688.1253,688.8448,-0.719506
688.1253,688.8448,-0.7195183
688.1253,688.8448,-0.7195385
688.1253,688.8449,-0.719565
688.1253,688.8449,-0.7195725
688.1253,688.8449,-0.7195937
688.1253,688.8449,-0.7196432
688.1253,688.8449,-0.7196496
688.1253,688.845,-0.7196711
688.1253,688.845,-0.7196893
688.1253,688.845,-0.7197034
688.1253,688.845,-0.7197047
688.1253,688.845,-0.7197081
688.1253,688.845,-0.7197463
688.1253,688.8451,-0.7197669
688.1253,688.8451,-0.7197837
688.1253,688.8451,-0.7198211
688.1253,688.8451,-0.7198322
688.1253,688.8452,-0.7198801
688.1253,688.8452,-0.719903
688.1253,688.8452,-0.7199094
688.1253,688.8452,-0.719925
688.1253,688.8452,-0.719928
688.1253,688.8452,-0.7199333
688.1253,688.8452,-0.7199446
688.1253,688.8453,-0.7199528
688.1253,688.8453,-0.7199822
688.1253,688.8453,-0.7200238
688.1253,688.8454,-0.7201269
688.1253,688.8455,-0.7201554
688.1253,688.8455,-0.7201681
688.1253,688.8455,-0.7201753
688.1253,688.8455,-0.7201956
688.1253,688.8456,-0.7203051
688.1253,688.8456,-0.7203064
688.1253,688.8456,-0.7203497
688.1253,688.8457,-0.7203817
688.1253,688.8457,-0.7204202
688.1253,688.8458,-0.7204601
688.1253,688.8458,-0.720468
688.1253,688.8458,-0.7205243
688.1253,688.8459,-0.72056
688.1253,688.8459,-0.7206211
688.1253,688.846,-0.7206522
688.1253,688.846,-0.7207067
688.1253,688.846,-0.72071
688.1253,688.8461,-0.7207835
688.1253,688.8461,-0.7207971
688.1253,688.8461,-0.7208171
688.1253,688.8461,-0.7208473
688.1253,688.8462,-0.720887
688.1253,688.8462,-0.7208976
688.1253,688.8462,-0.7209105
688.1253,688.8462,-0.7209219
688.1253,688.8463,-0.72095
688.1253,688.8463,-0.7209554
688.1253,688.8464,-0.7210819
688.1253,688.8465,-0.7211718
688.1253,688.8465,-0.7211722
688.1253,688.8465,-0.7211799
688.1253,688.8466,-0.721297
688.1253,688.8466,-0.721328
688.1253,688.8466,-0.7213436
688.1253,688.8468,-0.7214874
688.1253,688.8469,-0.7216137
688.1253,688.847,-0.7216705
688.1253,688.847,-0.7216836
688.1253,688.847,-0.7217412
688.1253,688.8471,-0.7217638
688.1253,688.8473,-0.7219739
688.1253,688.8473,-0.7220118
688.1253,688.8473,-0.7220119
688.1253,688.8473,-0.7220153
688.1253,688.8473,-0.7220157
688.1253,688.8474,-0.7220588
688.1253,688.8475,-0.7222473
688.1253,688.8476,-0.7223038
688.1253,688.8476,-0.722343
688.1253,688.8477,-0.7224438
688.1253,688.8478,-0.7225388
688.1253,688.8478,-0.7225457
688.1253,688.8479,-0.7225536
688.1253,688.8479,-0.722616
688.1253,688.848,-0.7226727
688.1253,688.848,-0.722686
688.1253,688.848,-0.7226906
688.1253,688.8481,-0.7227725
688.1253,688.8481,-0.7227827
688.1253,688.8483,-0.7229692
688.1253,688.8483,-0.7229861
688.1253,688.8484,-0.7231494
688.1253,688.8485,-0.7231574
688.1253,688.8487,-0.7234041
688.1253,688.8488,-0.7234635
688.1253,688.8488,-0.7234673
688.1253,688.8488,-0.7235091
688.1253,688.849,-0.7237327
688.1253,688.8491,-0.7237591
688.1253,688.8491,-0.7237796
688.1253,688.8492,-0.7239286
688.1253,688.8493,-0.724003
688.1253,688.8493,-0.7240286
688.1253,688.8493,-0.724036
688.1253,688.8493,-0.7240398
688.1253,688.8494,-0.7241333
688.1253,688.8495,-0.7241793
688.1253,688.8496,-0.7243118
688.1253,688.8496,-0.7243378
688.1253,688.8496,-0.7243468
688.1253,688.8497,-0.7243993
688.1253,688.8497,-0.7244188
688.1253,688.8498,-0.7244565
688.1253,688.85,-0.7246923
688.1253,688.8501,-0.7247843
688.1253,688.8502,-0.7248871
688.1253,688.8502,-0.7248887
688.1253,688.8503,-0.7250091
688.1253,688.8503,-0.7250186
688.1253,688.8503,-0.7250188
688.1253,688.8504,-0.7250842
688.1253,688.8504,-0.7251272
688.1253,688.8505,-0.7251547
688.1253,688.8505,-0.7251977
688.1253,688.8505,-0.7252128
688.1253,688.8506,-0.7252567
688.1253,688.8506,-0.725338
688.1253,688.8507,-0.7253898
688.1253,688.8508,-0.7254686
688.1253,688.8508,-0.7254717
688.1253,688.8508,-0.725504
688.1253,688.8509,-0.7255751
688.1253,688.8509,-0.7255836
688.1253,688.8509,-0.7255865
688.1253,688.8512,-0.725921
688.1253,688.8512,-0.7259427
688.1253,688.8513,-0.7260407
688.1253,688.8513,-0.7260463
688.1253,688.8514,-0.7261104
688.1253,688.8514,-0.7261476
688.1253,688.8515,-0.7261541
688.1253,688.8516,-0.7262573
688.1253,688.8516,-0.7263454
688.1253,688.8517,-0.7263565
688.1253,688.8517,-0.7263568
688.1253,688.8518,-0.726468
688.1253,688.8519,-0.7266391
688.1253,688.852,-0.7266674
688.1253,688.852,-0.7266874
688.1253,688.852,-0.7267288
688.1253,688.8521,-0.7267591
688.1253,688.8521,-0.726769
688.1253,688.8521,-0.7267945
688.1253,688.8521,-0.7268065
688.1253,688.8522,-0.726892
688.1253,688.8522,-0.7269041
688.1253,688.8522,-0.7269088
688.1253,688.8522,-0.7269118
688.1253,688.8523,-0.7270197
688.1253,688.8524,-0.7270652
688.1253,688.8524,-0.7271402
688.1253,688.8525,-0.7271613
688.1253,688.8525,-0.7271701
688.1253,688.8526,-0.7272586
688.1253,688.8526,-0.7273232
688.1253,688.8528,-0.7274736
688.1253,688.8528,-0.7274969
688.1253,688.8528,-0.7275044
688.1253,688.8529,-0.7276216
688.1253,688.853,-0.7276756
688.1253,688.8531,-0.7277745
688.1253,688.8531,-0.7277987
688.1253,688.8531,-0.7278441
688.1253,688.8532,-0.7278817
688.1253,688.8532,-0.7278924
688.1253,688.8533,-0.7279735
688.1253,688.8533,-0.7279894
688.1253,688.8533,-0.7280054
688.1253,688.8533,-0.7280346
688.1253,688.8534,-0.7280666
688.1253,688.8534,-0.728074
688.1253,688.8534,-0.7281007
688.1253,688.8535,-0.7281515
688.1253,688.8535,-0.7282153
688.1253,688.8535,-0.7282171
688.1253,688.8535,-0.7282447
688.1253,688.8536,-0.728266
688.1253,688.8536,-0.7282676
688.1253,688.8536,-0.7282879
688.1253,688.8536,-0.7283043
688.1253,688.8536,-0.7283079
688.1253,688.8536,-0.7283317
688.1253,688.8537,-0.7284156
688.1253,688.8537,-0.7284336
688.1253,688.8537,-0.7284436
688.1253,688.8538,-0.7284536
688.1253,688.8538,-0.7284751
688.1253,688.8538,-0.7284879
688.1253,688.8538,-0.7285136
688.1253,688.8539,-0.7285657
688.1253,688.8539,-0.7285983
688.1253,688.8539,-0.7286354
688.1253,688.8539,-0.7286468
688.1253,688.854,-0.7286811
688.1253,688.854,-0.7287203
688.1253,688.8541,-0.7287928
688.1253,688.8541,-0.7288122
688.1253,688.8541,-0.7288279
688.1253,688.8541,-0.7288327
688.1253,688.8541,-0.728839
688.1253,688.8542,-0.7288508
688.1253,688.8542,-0.7288699
688.1253,688.8542,-0.7288738
688.1253,688.8542,-0.7288787
688.1253,688.8542,-0.7288893
688.1253,688.8542,-0.7289038
688.1253,688.8542,-0.7289142
688.1253,688.8542,-0.7289388
688.1253,688.8542,-0.7289478
688.1253,688.8543,-0.728953
688.1253,688.8543,-0.7289794
688.1253,688.8543,-0.7290099
688.1253,688.8543,-0.7290132
688.1253,688.8543,-0.7290255
688.1253,688.8544,-0.7290697
688.1253,688.8544,-0.7291015
688.1253,688.8544,-0.7291331
688.1253,688.8545,-0.7291733
688.1253,688.8545,-0.7292326
688.1253,688.8545,-0.729236
688.1253,688.8546,-0.7292596
688.1253,688.8546,-0.7292613
688.1253,688.8546,-0.7292915
688.1253,688.8546,-0.7292964
688.1253,688.8546,-0.7293157
688.1253,688.8547,-0.7293603
688.1253,688.8547,-0.7293697
688.1253,688.8547,-0.729376
688.1253,688.8547,-0.7294301
688.1253,688.8547,-0.7294458
688.1253,688.8547,-0.7294467
688.1253,688.8547,-0.7294495
688.1253,688.8548,-0.7294652
688.1253,688.8549,-0.7295798
688.1253,688.8549,-0.7296283
688.1253,688.855,-0.7297006
688.1253,688.8551,-0.729774
688.1253,688.8552,-0.7299371
688.1253,688.8553,-0.7300094
688.1253,688.8556,-0.7302553
688.1253,688.8557,-0.7303833
688.1253,688.8558,-0.7304799
688.1253,688.8558,-0.7305143
688.1253,688.8559,-0.7305889
688.1253,688.856,-0.7306827
688.1253,688.8562,-0.7308904
688.1253,688.8563,-0.731047
688.1253,688.8566,-0.7312788
688.1253,688.8566,-0.731289
688.1253,688.8566,-0.7313189
688.1253,688.8567,-0.7314088
688.1253,688.8568,-0.7314535
688.1253,688.8569,-0.7316359
688.1253,688.857,-0.7316944
688.1253,688.857,-0.7317353
688.1253,688.8571,-0.731757
688.1253,688.8572,-0.7318516
688.1253,688.8572,-0.7318779
688.1253,688.8574,-0.7320748
688.1253,688.8576,-0.7322811
688.1253,688.8576,-0.7323255
688.1253,688.8577,-0.7323952
688.1253,688.8577,-0.732398
688.1253,688.8579,-0.7325976
688.1253,688.8582,-0.7328954
688.1253,688.8583,-0.7329597
688.1253,688.8584,-0.7330931
688.1253,688.8584,-0.7331235
688.1253,688.8585,-0.7332279
688.1253,688.8587,-0.7334283
688.1253,688.8588,-0.7335254
688.1253,688.8588,-0.733533
688.1253,688.859,-0.7336556
688.1253,688.859,-0.7337062
688.1253,688.8591,-0.733805
688.1253,688.8591,-0.7338079
688.1253,688.8592,-0.7338567
688.1253,688.8592,-0.7338581
688.1253,688.8592,-0.7338794
688.1253,688.8592,-0.7339138
688.1253,688.8592,-0.7339397
688.1253,688.8593,-0.7339971
688.1253,688.8595,-0.7341854
688.1253,688.8595,-0.7341916
688.1253,688.8595,-0.7342382
688.1253,688.8596,-0.7342602
688.1253,688.8596,-0.7343145
688.1253,688.8597,-0.7344065
688.1253,688.8597,-0.7344493
688.1253,688.8598,-0.7344845
688.1253,688.8598,-0.7345196
688.1253,688.8599,-0.7345733
688.1253,688.8599,-0.7345845
688.1253,688.8599,-0.7345901
688.1253,688.86,-0.7346568
688.1253,688.86,-0.7347087
688.1253,688.8601,-0.7347839
688.1253,688.8602,-0.7348636
688.1253,688.8603,-0.7349941
688.1253,688.8603,-0.7350383
688.1253,688.8605,-0.7351664
688.1253,688.8606,-0.735258
688.1253,688.8606,-0.7352762
688.1253,688.8606,-0.7353392
688.1253,688.8607,-0.7353835
688.1253,688.8607,-0.7353933
688.1253,688.8607,-0.7354219
688.1253,688.8607,-0.735431
688.1253,688.8609,-0.7355882
688.1253,688.8609,-0.7356109
688.1253,688.8609,-0.7356126
688.1253,688.861,-0.7356625
688.1253,688.861,-0.7356804
688.1253,688.861,-0.7357145
688.1253,688.861,-0.7357358
688.1253,688.8611,-0.7357557
688.1253,688.8612,-0.735853
688.1253,688.8612,-0.7358922
688.1253,688.8612,-0.7359091
688.1253,688.8612,-0.7359156
688.1253,688.8613,-0.7359625
688.1253,688.8613,-0.7360131
688.1253,688.8613,-0.7360297
688.1253,688.8614,-0.7360622
688.1253,688.8614,-0.7360941
688.1253,688.8615,-0.7362244
688.1253,688.8615,-0.736247
688.1253,688.8616,-0.7362546
688.1253,688.8616,-0.7362864
688.1253,688.8616,-0.7363182
688.1253,688.8617,-0.7364436
688.1253,688.8618,-0.7365481
688.1253,688.8619,-0.7365515
688.1253,688.8619,-0.7365617
688.1253,688.8619,-0.7365702
688.1253,688.8621,-0.7367529
688.1253,688.8621,-0.7367846
688.1253,688.8622,-0.7368749
688.1253,688.8622,-0.7368924
688.1253,688.8623,-0.7370012
688.1253,688.8623,-0.7370361
688.1253,688.8624,-0.7371417
688.1253,688.8625,-0.7371562
688.1253,688.863,-0.7376655
688.1253,688.8631,-0.7377661
688.1253,688.8631,-0.7378382
688.1253,688.8632,-0.7378568
688.1253,688.8632,-0.7378955
688.1253,688.8632,-0.7379181
688.1253,688.8633,-0.7379538
688.1253,688.8633,-0.7379913
688.1253,688.8634,-0.7380659
688.1253,688.8634,-0.738087
688.1253,688.8635,-0.7381993
688.1253,688.8636,-0.7383281
688.1253,688.8636,-0.7383395
688.1253,688.8637,-0.7383688
688.1253,688.8637,-0.7384125
688.1253,688.8638,-0.7385474
688.1253,688.8639,-0.7386372
688.1253,688.8639,-0.7386473
688.1253,688.864,-0.7386654
688.1253,688.8641,-0.7387998
688.1253,688.8642,-0.7388778
688.1253,688.8643,-0.7389918
688.1253,688.8644,-0.7390889
688.1253,688.8645,-0.7391607
688.1253,688.8645,-0.7391856
688.1253,688.8645,-0.7391954
688.1253,688.8646,-0.7392577
688.1253,688.8646,-0.7393256
688.1253,688.8646,-0.7393292
688.1253,688.8647,-0.7393639
688.1253,688.8649,-0.7395859
688.1253,688.8649,-0.7396209
688.1253,688.8649,-0.7396247
688.1253,688.865,-0.7396716
688.1253,688.8652,-0.7398939
688.1253,688.8652,-0.739901
688.1253,688.8653,-0.7399556
688.1253,688.8654,-0.7400727
688.1253,688.8658,-0.7404514
688.1253,688.866,-0.7406653
688.1253,688.8664,-0.7411227
688.1253,688.8665,-0.7411573
688.1253,688.8665,-0.7412285
688.1253,688.8666,-0.741287
688.1253,688.8669,-0.7416208
688.1253,688.867,-0.7416663
688.1253,688.8671,-0.7417662
688.1253,688.8671,-0.7418215
688.1253,688.8673,-0.7419587
688.1253,688.8673,-0.7420133
688.1253,688.8673,-0.7420153
688.1253,688.8674,-0.7421439
688.1253,688.8675,-0.7421731
688.1253,688.8676,-0.7422837
688.1253,688.8676,-0.7423005
688.1253,688.8677,-0.742363
688.1253,688.8677,-0.7423835
688.1253,688.8678,-0.7425464
688.1253,688.8678,-0.7425472
688.1253,688.8678,-0.7425481
688.1253,688.8679,-0.7425826
688.1253,688.8682,-0.7428664
688.1253,688.8682,-0.7428756
688.1253,688.8682,-0.7428993
688.1253,688.8682,-0.7429165
688.1253,688.8683,-0.7429623
688.1253,688.8683,-0.7429912
688.1253,688.8683,-0.7430231
688.1253,688.8684,-0.7431291
688.1253,688.8684,-0.7431453
688.1253,688.8685,-0.7432086
688.1253,688.8688,-0.7435133
688.1253,688.8689,-0.7436044
688.1253,688.8689,-0.7436449
688.1253,688.869,-0.7436949
688.1253,688.869,-0.7437379
688.1253,688.8691,-0.7437623
688.1253,688.8691,-0.7438295
688.1253,688.8691,-0.7438371
688.1253,688.8691,-0.7438496
688.1253,688.8692,-0.7438752
688.1253,688.8692,-0.7439339
688.1253,688.8692,-0.7439387
688.1253,688.8693,-0.7440206
688.1253,688.8693,-0.744046
688.1253,688.8694,-0.7440903
688.1253,688.8694,-0.7441074
688.1253,688.8694,-0.7441281
688.1253,688.8694,-0.7441348
688.1253,688.8694,-0.744136
688.1253,688.8694,-0.7441415
688.1253,688.8696,-0.7442639
688.1253,688.8696,-0.7442699
688.1253,688.8696,-0.7443139
688.1253,688.8696,-0.7443476
688.1253,688.8697,-0.7443773
688.1253,688.8697,-0.744403
688.1253,688.8697,-0.744434
688.1253,688.8697,-0.7444363
688.1253,688.8698,-0.744464
688.1253,688.8698,-0.7444924
688.1253,688.8698,-0.7445026
688.1253,688.8698,-0.7445158
688.1253,688.8698,-0.7445348
688.1253,688.8699,-0.7445568
688.1253,688.8699,-0.7445877
688.1253,688.8699,-0.7446259
688.1253,688.8699,-0.7446319
688.1253,688.8699,-0.7446347
688.1253,688.87,-0.7446582
688.1253,688.87,-0.7446824
688.1253,688.87,-0.7447038
688.1253,688.87,-0.7447428
688.1253,688.87,-0.7447435
688.1253,688.8701,-0.744811
688.1253,688.8701,-0.7448392
688.1253,688.8702,-0.7448516
688.1253,688.8702,-0.7448987
688.1253,688.8702,-0.7449107
688.1253,688.8703,-0.7449914
688.1253,688.8704,-0.7450754
688.1253,688.8706,-0.745298
688.1253,688.8706,-0.7453484
688.1253,688.8707,-0.745383
688.1253,688.8708,-0.7455064
688.1253,688.8714,-0.7461043
688.1253,688.872,-0.746731
688.1253,688.8742,-0.7488724
688.1253,688.8742,-0.7489051
688.1253,688.8751,-0.7497612
688.1253,688.8826,-0.7572697
688.1253,688.9122,-0.7868694
688.1253,688.9123,-0.7869965
688.1253,688.9136,-0.7882697
688.1253,688.9719,-0.8465902
688.1253,688.9727,-0.847382
688.1253,688.973,-0.8476694
688.1253,688.9747,-0.849421
688.1253,688.9757,-0.8503853
688.1253,688.9761,-0.8507524
688.1253,688.9765,-0.8511876
688.1253,688.9768,-0.8514561
688.1253,688.9771,-0.851782
688.1253,688.9773,-0.8519609
688.1253,688.9774,-0.8520529
688.1253,688.9778,-0.8524524
688.1253,688.9783,-0.8530435
688.1253,688.9788,-0.8534556
688.1253,688.9789,-0.8536296
688.1253,688.9789,-0.853637
688.1253,688.979,-0.8536831
688.1253,688.9792,-0.8538554
688.1253,688.9792,-0.8538852
688.1253,688.9795,-0.8542416
688.1253,688.9795,-0.8542432
688.1253,688.9796,-0.8543009
688.1253,688.9802,-0.8548998
688.1253,688.9804,-0.8551174
688.1253,688.9804,-0.8551361
688.1253,688.9805,-0.8552062
688.1253,688.9805,-0.8552318
688.1253,688.9805,-0.855241
688.1253,688.9806,-0.8553098
688.1253,688.9807,-0.8554399
688.1253,688.9809,-0.8555702
688.1253,688.981,-0.8556625
688.1253,688.9811,-0.8557511
688.1253,688.9811,-0.8558327
688.1253,688.9812,-0.8558898
688.1253,688.9812,-0.8559242
688.1253,688.9813,-0.8559512
688.1253,688.9813,-0.8559686
688.1253,688.9813,-0.855978
688.1253,688.9813,-0.8559936
688.1253,688.9814,-0.8560631
688.1253,688.9814,-0.8561273
688.1253,688.9815,-0.8561789
688.1253,688.9815,-0.8561861
688.1253,688.9815,-0.8562368
688.1253,688.9816,-0.8562869
688.1253,688.9816,-0.8563347
688.1253,688.9816,-0.856336
688.1253,688.9816,-0.8563391
688.1253,688.9817,-0.8563795
688.1253,688.9817,-0.8563918
688.1253,688.9819,-0.8566459
688.1253,688.982,-0.8567135
688.1253,688.982,-0.8567315
688.1253,688.9821,-0.8568347
688.1253,688.9822,-0.8568696
688.1253,688.9822,-0.8568912
688.1253,688.9822,-0.8569414
688.1253,688.9823,-0.8569627
688.1253,688.9823,-0.8569741
688.1253,688.9823,-0.8570032
688.1253,688.9824,-0.857053
688.1253,688.9824,-0.8570664
688.1253,688.9824,-0.857083
688.1253,688.9824,-0.8571025
688.1253,688.9824,-0.8571195
688.1253,688.9827,-0.8574294
688.1253,688.9828,-0.8574521
688.1253,688.9828,-0.857459
688.1253,688.9828,-0.857473
688.1253,688.9828,-0.857474
688.1253,688.9828,-0.8574841
688.1253,688.9828,-0.8575219
688.1253,688.9828,-0.8575477
688.1253,688.9829,-0.857571
688.1253,688.9829,-0.8575803
688.1253,688.9829,-0.8576382
688.1253,688.9831,-0.8577706
688.1253,688.9831,-0.8578006
688.1253,688.9831,-0.8578313
688.1253,688.9831,-0.8578372
688.1253,688.9832,-0.8578684
688.1253,688.9832,-0.8579022
688.1253,688.9833,-0.8579894
688.1253,688.9833,-0.8580254
688.1253,688.9834,-0.8580858
688.1253,688.9835,-0.8581545
688.1253,688.9835,-0.858179
688.1253,688.9835,-0.8581812
688.1253,688.9836,-0.8582655
688.1253,688.9836,-0.8582926
688.1253,688.9836,-0.8583218
688.1253,688.9836,-0.8583359
688.1253,688.9837,-0.8583673
688.1253,688.9837,-0.8583965
688.1253,688.9838,-0.8584691
688.1253,688.9838,-0.858492
688.1253,688.9838,-0.8585023
688.1253,688.9838,-0.8585332
688.1253,688.9838,-0.858544
688.1253,688.9839,-0.8585534
688.1253,688.9839,-0.85857
688.1253,688.984,-0.858684
688.1253,688.9842,-0.8588762
688.1253,688.9843,-0.8589584
688.1253,688.9843,-0.8589878
688.1253,688.9843,-0.8590095
688.1253,688.9843,-0.8590156
688.1253,688.9843,-0.8590177
688.1253,688.9843,-0.8590262
688.1253,688.9844,-0.8591345
688.1253,688.9845,-0.8591948
688.1253,688.9846,-0.8592946
688.1253,688.9846,-0.859305
688.1253,688.9846,-0.8593072
688.1253,688.9846,-0.8593099
688.1253,688.9847,-0.8593872
688.1253,688.9847,-0.8594046
688.1253,688.9847,-0.8594183
688.1253,688.9847,-0.8594495
688.1253,688.9848,-0.8594652
688.1253,688.9848,-0.8594719
688.1253,688.9848,-0.8594965
688.1253,688.9849,-0.8595953
688.1253,688.985,-0.8596926
688.1253,688.985,-0.8597328
688.1253,688.9851,-0.8597509
688.1253,688.9851,-0.8597532
688.1253,688.9851,-0.8597687
688.1253,688.9851,-0.8598167
688.1253,688.9851,-0.8598287
688.1253,688.9852,-0.8598941
688.1253,688.9852,-0.8598971
688.1253,688.9852,-0.8599232
688.1253,688.9853,-0.859976
688.1253,688.9853,-0.8600205
688.1253,688.9853,-0.8600284
688.1253,688.9854,-0.8601031
688.1253,688.9854,-0.8601423
688.1253,688.9855,-0.8601563
688.1253,688.9855,-0.8601719
688.1253,688.9855,-0.8601766
688.1253,688.9856,-0.8603287
688.1253,688.9856,-0.8603482
688.1253,688.9858,-0.8604986
688.1253,688.9859,-0.8605807
688.1253,688.9859,-0.8606077
688.1253,688.986,-0.8606839
688.1253,688.986,-0.8607439
688.1253,688.9861,-0.8607757
688.1253,688.9862,-0.8608633
688.1253,688.9862,-0.8609075
688.1253,688.9862,-0.8609401
688.1253,688.9863,-0.8609761
688.1253,688.9863,-0.8609843
688.1253,688.9864,-0.8610566
688.1253,688.9864,-0.8611043
688.1253,688.9864,-0.8611066
688.1253,688.9864,-0.8611159
688.1253,688.9864,-0.8611484
688.1253,688.9864,-0.8611499
688.1253,688.9865,-0.8611725
688.1253,688.9865,-0.8612221
688.1253,688.9866,-0.8613307
688.1253,688.9867,-0.8613748
688.1253,688.9867,-0.861402
688.1253,688.9867,-0.8614294
688.1253,688.9867,-0.8614325
688.1253,688.9867,-0.861433
688.1253,688.9868,-0.8614951
688.1253,688.9868,-0.8615007
688.1253,688.9868,-0.8615133
688.1253,688.9869,-0.8615633
688.1253,688.9869,-0.8616037
688.1253,688.987,-0.861659
688.1253,688.987,-0.8617098
688.1253,688.9871,-0.8617592
688.1253,688.9871,-0.8617927
688.1253,688.9871,-0.8617998
688.1253,688.9871,-0.8618123
688.1253,688.9871,-0.8618366
688.1253,688.9871,-0.8618407
688.1253,688.9872,-0.8618513
688.1253,688.9872,-0.8618843
688.1253,688.9872,-0.8619013
688.1253,688.9872,-0.861923
688.1253,688.9872,-0.8619267
688.1253,688.9873,-0.8619832
688.1253,688.9873,-0.8619931
688.1253,688.9873,-0.8620025
688.1253,688.9873,-0.862031
688.1253,688.9873,-0.8620364
688.1253,688.9873,-0.8620388
688.1253,688.9874,-0.8620571
688.1253,688.9875,-0.8622056
688.1253,688.9876,-0.862253
688.1253,688.9876,-0.8622984
688.1253,688.9876,-0.8623043
688.1253,688.9876,-0.8623111
688.1253,688.9876,-0.8623127
688.1253,688.9877,-0.8623737
688.1253,688.9877,-0.8623972
688.1253,688.9877,-0.8624
688.1253,688.9878,-0.8624686
688.1253,688.9878,-0.8624687
688.1253,688.9878,-0.8624818
688.1253,688.9878,-0.862485
688.1253,688.9878,-0.8625004
688.1253,688.9878,-0.8625423
688.1253,688.9879,-0.8625739
688.1253,688.9879,-0.8625779
688.1253,688.9879,-0.8625841
688.1253,688.9879,-0.8625897
688.1253,688.9879,-0.8626226
688.1253,688.9879,-0.8626328
688.1253,688.9879,-0.8626472
688.1253,688.988,-0.8626618
688.1253,688.988,-0.8627008
688.1253,688.988,-0.8627087
688.1253,688.988,-0.8627368
688.1253,688.988,-0.8627479
688.1253,688.9881,-0.8627851
688.1253,688.9881,-0.8627863
688.1253,688.9881,-0.8627936
688.1253,688.9881,-0.8628004
688.1253,688.9881,-0.8628072
688.1253,688.9881,-0.8628136
688.1253,688.9881,-0.8628317
688.1253,688.9882,-0.8628593
688.1253,688.9882,-0.8628618
688.1253,688.9882,-0.8628783
688.1253,688.9882,-0.8628894
688.1253,688.9882,-0.862914
688.1253,688.9882,-0.8629252
688.1253,688.9882,-0.8629318
688.1253,688.9883,-0.8629625
688.1253,688.9883,-0.862968
688.1253,688.9883,-0.8629785
688.1253,688.9883,-0.8630008
688.1253,688.9883,-0.8630445
688.1253,688.9884,-0.8630509
688.1253,688.9884,-0.863081
688.1253,688.9884,-0.8630919
688.1253,688.9884,-0.8630924
688.1253,688.9884,-0.8631375
688.1253,688.9885,-0.8631881
688.1253,688.9885,-0.8632437
688.1253,688.9886,-0.8632502
688.1253,688.9886,-0.8632706
688.1253,688.9886,-0.8632832
688.1253,688.9886,-0.8632966
688.1253,688.9886,-0.8633192
688.1253,688.9886,-0.8633343
688.1253,688.9886,-0.8633472
688.1253,688.9887,-0.8633559
688.1253,688.9887,-0.8634116
688.1253,688.9887,-0.8634253
688.1253,688.9888,-0.8634683
688.1253,688.9888,-0.8634732
688.1253,688.9888,-0.8634759
688.1253,688.9888,-0.8635308
688.1253,688.9888,-0.863533
688.1253,688.9888,-0.8635474
688.1253,688.9889,-0.8635581
688.1253,688.9889,-0.8635985
688.1253,688.989,-0.8636538
688.1253,688.989,-0.8636539
688.1253,688.989,-0.8636646
688.1253,688.989,-0.863702
688.1253,688.989,-0.8637095
688.1253,688.9891,-0.8637624
688.1253,688.9891,-0.8637786
688.1253,688.9891,-0.8637872
688.1253,688.9891,-0.8638153
688.1253,688.9892,-0.8638933
688.1253,688.9892,-0.8639006
688.1253,688.9892,-0.8639097
688.1253,688.9892,-0.8639201
688.1253,688.9893,-0.863988
688.1253,688.9893,-0.8639971
688.1253,688.9893,-0.8639997
688.1253,688.9893,-0.8640075
688.1253,688.9893,-0.8640143
688.1253,688.9893,-0.8640262
688.1253,688.9894,-0.8640897
688.1253,688.9894,-0.8640935
688.1253,688.9894,-0.8640946
688.1253,688.9894,-0.8641065
688.1253,688.9894,-0.8641176
688.1253,688.9894,-0.8641414
688.1253,688.9895,-0.8641769
688.1253,688.9895,-0.864185
688.1253,688.9895,-0.8641868
688.1253,688.9896,-0.8642535
688.1253,688.9896,-0.864272
688.1253,688.9896,-0.8643239
688.1253,688.9896,-0.8643251
688.1253,688.9897,-0.8643618
688.1253,688.9897,-0.8644254
688.1253,688.9897,-0.8644284
688.1253,688.9898,-0.8644811
688.1253,688.9898,-0.8644965
688.1253,688.9898,-0.8644996
688.1253,688.9898,-0.8645353
688.1253,688.9899,-0.8645631
688.1253,688.9899,-0.8645825
688.1253,688.9899,-0.8646329
688.1253,688.99,-0.8646506
688.1253,688.99,-0.864739
688.1253,688.9901,-0.8647806
688.1253,688.9901,-0.8648057
688.1253,688.9901,-0.8648126
688.1253,688.9901,-0.8648466
688.1253,688.9902,-0.8648926
688.1253,688.9902,-0.8648961
688.1253,688.9902,-0.8649039
688.1253,688.9903,-0.8649566
688.1253,688.9903,-0.8649659
688.1253,688.9903,-0.8650009
688.1253,688.9904,-0.8650935
688.1253,688.9904,-0.8651375
688.1253,688.9904,-0.865142
688.1253,688.9905,-0.8651597
688.1253,688.9905,-0.8652266
688.1253,688.9906,-0.865273
688.1253,688.9906,-0.8652831
688.1253,688.9906,-0.8652999
688.1253,688.9906,-0.8653459
688.1253,688.9907,-0.8653637
688.1253,688.9907,-0.8654424
688.1253,688.9908,-0.865465
688.1253,688.9908,-0.8655046
688.1253,688.9908,-0.8655265
688.1253,688.9909,-0.8655606
688.1253,688.9909,-0.8655854
688.1253,688.9909,-0.8656197
688.1253,688.9909,-0.8656272
688.1253,688.9909,-0.8656457
688.1253,688.9909,-0.8656484
688.1253,688.991,-0.8656841
688.1253,688.991,-0.8656924
688.1253,688.991,-0.8657297
688.1253,688.991,-0.8657491
688.1253,688.9911,-0.8657705
688.1253,688.9911,-0.8657916
688.1253,688.9911,-0.8657946
688.1253,688.9912,-0.8658731
688.1253,688.9912,-0.8658934
688.1253,688.9912,-0.8659108
688.1253,688.9912,-0.8659194
688.1253,688.9912,-0.8659214
688.1253,688.9912,-0.8659306
688.1253,688.9913,-0.8659545
688.1253,688.9913,-0.8659705
688.1253,688.9914,-0.8660716
688.1253,688.9914,-0.8660828
688.1253,688.9914,-0.866114
688.1253,688.9914,-0.8661336
688.1253,688.9914,-0.8661485
688.1253,688.9915,-0.8661567
688.1253,688.9915,-0.8661826
688.1253,688.9915,-0.8662148
688.1253,688.9915,-0.8662229
688.1253,688.9915,-0.8662343
688.1253,688.9916,-0.8662642
688.1253,688.9917,-0.8663777
688.1253,688.9917,-0.8663848
688.1253,688.9917,-0.8663857
688.1253,688.9917,-0.8663934
688.1253,688.9917,-0.8663948
688.1253,688.9917,-0.8664391
688.1253,688.9918,-0.8664663
688.1253,688.9919,-0.8665977
688.1253,688.9919,-0.8666012
688.1253,688.9919,-0.8666199
688.1253,688.992,-0.8666592
688.1253,688.992,-0.8666952
688.1253,688.992,-0.8667167
688.1253,688.9921,-0.8667504
688.1253,688.9921,-0.8668161
688.1253,688.9921,-0.8668196
688.1253,688.9921,-0.8668227
688.1253,688.9922,-0.8668531
688.1253,688.9922,-0.866909
688.1253,688.9922,-0.8669288
688.1253,688.9923,-0.8669721
688.1253,688.9923,-0.8669863
688.1253,688.9923,-0.8670441
688.1253,688.9924,-0.8670517
688.1253,688.9924,-0.8671088
688.1253,688.9924,-0.8671225
688.1253,688.9924,-0.8671408
688.1253,688.9924,-0.8671471
688.1253,688.9925,-0.8671939
688.1253,688.9925,-0.8672104
688.1253,688.9925,-0.8672138
688.1253,688.9925,-0.8672477
688.1253,688.9926,-0.8673228
688.1253,688.9927,-0.8674185
688.1253,688.9927,-0.8674369
688.1253,688.9928,-0.8674881
688.1253,688.9928,-0.8675223
688.1253,688.9928,-0.8675224
688.1253,688.9929,-0.8675798
688.1253,688.9929,-0.8676065
688.1253,688.9929,-0.8676147
688.1253,688.993,-0.8676525
688.1253,688.993,-0.8676642
688.1253,688.993,-0.8676714
688.1253,688.993,-0.8676978
688.1253,688.993,-0.8677096
688.1253,688.9931,-0.8677628
688.1253,688.9931,-0.8677899
688.1253,688.9931,-0.8677921
688.1253,688.9932,-0.8678514
688.1253,688.9932,-0.867903
688.1253,688.9932,-0.8679195
688.1253,688.9932,-0.867924
688.1253,688.9932,-0.8679405
688.1253,688.9933,-0.8679541
688.1253,688.9933,-0.867972
688.1253,688.9933,-0.8679866
688.1253,688.9933,-0.86799
688.1253,688.9933,-0.867999
688.1253,688.9933,-0.868014
688.1253,688.9933,-0.8680155
688.1253,688.9933,-0.8680454
688.1253,688.9934,-0.8680703
688.1253,688.9934,-0.8680816
688.1253,688.9934,-0.8680928
688.1253,688.9934,-0.868098
688.1253,688.9934,-0.8681275
688.1253,688.9934,-0.8681365
688.1253,688.9935,-0.8681933
688.1253,688.9935,-0.8682059
688.1253,688.9935,-0.8682091
688.1253,688.9935,-0.8682426
688.1253,688.9936,-0.8682801
688.1253,688.9936,-0.8682859
688.1253,688.9936,-0.8683005
688.1253,688.9936,-0.8683234
688.1253,688.9937,-0.8683587
688.1253,688.9937,-0.8684004
688.1253,688.9937,-0.8684037
688.1253,688.9937,-0.8684081
688.1253,688.9938,-0.8684573
688.1253,688.9938,-0.8684576
688.1253,688.9938,-0.8684821
688.1253,688.9938,-0.8684966
688.1253,688.9938,-0.8685115
688.1253,688.9938,-0.8685134
688.1253,688.9938,-0.8685324
688.1253,688.9939,-0.868576
688.1253,688.9939,-0.8685876
688.1253,688.9939,-0.8686031
688.1253,688.9939,-0.8686072
688.1253,688.9939,-0.8686481
688.1253,688.994,-0.8686614
688.1253,688.994,-0.868674
688.1253,688.994,-0.8686766
688.1253,688.994,-0.8686889
688.1253,688.994,-0.8686941
688.1253,688.994,-0.8687171
688.1253,688.994,-0.8687179
688.1253,688.994,-0.8687187
688.1253,688.994,-0.86872
688.1253,688.9941,-0.8687556
688.1253,688.9941,-0.8687683
688.1253,688.9941,-0.8687789
688.1253,688.9941,-0.868835
688.1253,688.9942,-0.8688523
688.1253,688.9942,-0.8688962
688.1253,688.9942,-0.8689261
688.1253,688.9943,-0.8689523
688.1253,688.9943,-0.8689563
688.1253,688.9943,-0.8690056
688.1253,688.9943,-0.8690287
688.1253,688.9943,-0.8690406
688.1253,688.9943,-0.8690442
688.1253,688.9944,-0.8690606
688.1253,688.9944,-0.8690872
688.1253,688.9944,-0.8691048
688.1253,688.9944,-0.8691185
688.1253,688.9944,-0.8691399
688.1253,688.9945,-0.8691843
688.1253,688.9945,-0.8691872
688.1253,688.9945,-0.8691973
688.1253,688.9945,-0.8692305
688.1253,688.9945,-0.8692405
688.1253,688.9946,-0.8692705
688.1253,688.9946,-0.8693021
688.1253,688.9947,-0.869382
688.1253,688.9947,-0.8693943
688.1253,688.9947,-0.8694005
688.1253,688.9947,-0.8694209
688.1253,688.9947,-0.8694225
688.1253,688.9947,-0.8694399
688.1253,688.9948,-0.8694521
688.1253,688.9948,-0.8694778
688.1253,688.9948,-0.8694793
688.1253,688.9948,-0.8694823
688.1253,688.9948,-0.8694904
688.1253,688.9948,-0.8694959
688.1253,688.9948,-0.869502
688.1253,688.9948,-0.869507
688.1253,688.9948,-0.8695116
688.1253,688.9948,-0.8695338
688.1253,688.9949,-0.8695522
688.1253,688.9949,-0.8695824
688.1253,688.9949,-0.8696089
688.1253,688.9949,-0.8696124
688.1253,688.9949,-0.8696351
688.1253,688.995,-0.8696548
688.1253,688.995,-0.8696582
688.1253,688.995,-0.869674
688.1253,688.995,-0.8696892
688.1253,688.995,-0.8696965
688.1253,688.995,-0.8697008
688.1253,688.995,-0.8697035
688.1253,688.995,-0.869724
688.1253,688.995,-0.8697248
688.1253,688.995,-0.8697369
688.1253,688.995,-0.86975
688.1253,688.9951,-0.8697663
688.1253,688.9951,-0.8697681
688.1253,688.9951,-0.869771
688.1253,688.9951,-0.8697731
688.1253,688.9951,-0.8698124
688.1253,688.9951,-0.8698169
688.1253,688.9951,-0.8698234
688.1253,688.9951,-0.8698241
688.1253,688.9951,-0.8698302
688.1253,688.9952,-0.8698897
688.1253,688.9952,-0.8699104
688.1253,688.9952,-0.8699258
688.1253,688.9953,-0.8699656
688.1253,688.9953,-0.8699805
688.1253,688.9953,-0.8699975
688.1253,688.9953,-0.8700007
688.1253,688.9953,-0.8700299
688.1253,688.9954,-0.8700587
688.1253,688.9954,-0.8700705
688.1253,688.9954,-0.8700825
688.1253,688.9954,-0.8700853
688.1253,688.9954,-0.8701068
688.1253,688.9954,-0.870132
688.1253,688.9954,-0.8701355
688.1253,688.9954,-0.8701359
688.1253,688.9954,-0.870137
688.1253,688.9955,-0.8701802
688.1253,688.9955,-0.8701993
688.1253,688.9955,-0.87021
688.1253,688.9955,-0.8702247
688.1253,688.9956,-0.8703053
688.1253,688.9956,-0.8703116
688.1253,688.9957,-0.8703632
688.1253,688.9957,-0.8703693
688.1253,688.9957,-0.8703788
688.1253,688.9957,-0.8703932
688.1253,688.9957,-0.870414
688.1253,688.9957,-0.8704257
688.1253,688.9958,-0.8704777
688.1253,688.9958,-0.8704846
688.1253,688.9959,-0.870554
688.1253,688.9959,-0.8705854
688.1253,688.9959,-0.8706352
688.1253,688.9959,-0.8706405
688.1253,688.996,-0.8706632
688.1253,688.996,-0.8706732
688.1253,688.996,-0.870713
688.1253,688.9961,-0.8707693
688.1253,688.9961,-0.8707887
688.1253,688.9961,-0.8707921
688.1253,688.9961,-0.8708115
688.1253,688.9961,-0.8708364
688.1253,688.9962,-0.8708512
688.1253,688.9962,-0.8708744
688.1253,688.9962,-0.8708933
688.1253,688.9962,-0.8709096
688.1253,688.9963,-0.8709518
688.1253,688.9963,-0.8709756
688.1253,688.9963,-0.8710222
688.1253,688.9963,-0.8710282
688.1253,688.9964,-0.8710596
688.1253,688.9964,-0.8710874
688.1253,688.9964,-0.8710955
688.1253,688.9964,-0.8710971
688.1253,688.9964,-0.8711219
688.1253,688.9965,-0.8711973
688.1253,688.9965,-0.8712433
688.1253,688.9966,-0.8712584
688.1253,688.9966,-0.8713196
688.1253,688.9967,-0.8713606
688.1253,688.9967,-0.871372
688.1253,688.9967,-0.8713996
688.1253,688.9967,-0.8714333
688.1253,688.9968,-0.8714884
688.1253,688.9968,-0.8714949
688.1253,688.9968,-0.8715054
688.1253,688.9968,-0.871532
688.1253,688.9969,-0.8715649
688.1253,688.997,-0.8716933
688.1253,688.997,-0.8716969
688.1253,688.997,-0.8717242
688.1253,688.9972,-0.871875
688.1253,688.9972,-0.8718811
688.1253,688.9972,-0.8719174
688.1253,688.9972,-0.8719378
688.1253,688.9973,-0.8719793
688.1253,688.9973,-0.8719855
688.1253,688.9973,-0.8720322
688.1253,688.9974,-0.8721101
688.1253,688.9975,-0.8721893
688.1253,688.9976,-0.8722747
688.1253,688.9976,-0.8722758
688.1253,688.9976,-0.8723271
688.1253,688.9976,-0.87233
688.1253,688.9977,-0.8724128
688.1253,688.9978,-0.8724874
688.1253,688.9978,-0.8725448
688.1253,688.9979,-0.8726116
688.1253,688.998,-0.8726588
688.1253,688.998,-0.8726777
688.1253,688.998,-0.8726956
688.1253,688.998,-0.8727409
688.1253,688.9981,-0.8727898
688.1253,688.9981,-0.8728289
688.1253,688.9981,-0.8728328
688.1253,688.9982,-0.8729268
688.1253,688.9983,-0.8729941
688.1253,688.9985,-0.8731617
688.1253,688.9985,-0.8732049
688.1253,688.9985,-0.8732376
688.1253,688.9986,-0.8733489
688.1253,688.9987,-0.8733552
688.1253,688.9987,-0.8733641
688.1253,688.9987,-0.8733657
688.1253,688.9987,-0.8734496
688.1253,688.9988,-0.8735445
688.1253,688.9989,-0.8735547
688.1253,688.9989,-0.8735756
688.1253,688.9989,-0.8736115
688.1253,688.9989,-0.8736371
688.1253,688.999,-0.8736613
688.1253,688.999,-0.8736819
688.1253,688.999,-0.8737063
688.1253,688.999,-0.8737168
688.1253,688.9991,-0.8737979
688.1253,688.9991,-0.8738318
688.1253,688.9991,-0.8738417
688.1253,688.9993,-0.87397
688.1253,688.9993,-0.8740181
688.1253,688.9993,-0.8740324
688.1253,688.9995,-0.8741515
688.1253,688.9995,-0.8741949
688.1253,688.9996,-0.8743307
688.1253,688.9997,-0.8743512
688.1253,688.9997,-0.8743829
688.1253,688.9997,-0.8744183
688.1253,688.9997,-0.8744439
688.1253,688.9998,-0.8744605
688.1253,688.9998,-0.874465
688.1253,688.9998,-0.8745469
688.1253,688.9999,-0.8745607
688.1253,688.9999,-0.8746477
688.1253,689,-0.8746598
688.1253,689,-0.8747078
688.1253,689,-0.874719
688.1253,689,-0.8747202
688.1253,689.0001,-0.8747888
688.1253,689.0002,-0.8748506
688.1253,689.0002,-0.8749385
688.1253,689.0003,-0.8749978
688.1253,689.0005,-0.8751664
688.1253,689.0006,-0.8753472
688.1253,689.0007,-0.8753981
688.1253,689.0008,-0.875468
688.1253,689.0009,-0.8755618
688.1253,689.0009,-0.875584
688.1253,689.001,-0.8756971
688.1253,689.0011,-0.8758443
688.1253,689.0012,-0.8758859
688.1253,689.0012,-0.8759023
688.1253,689.0013,-0.8759556
688.1253,689.0014,-0.876103
688.1253,689.0014,-0.8761437
688.1253,689.0015,-0.8762354
688.1253,689.0015,-0.876244
688.1253,689.0016,-0.8762718
688.1253,689.0016,-0.8762739
688.1253,689.0017,-0.8764472
688.1253,689.0019,-0.8765775
688.1253,689.002,-0.8767001
688.1253,689.002,-0.8767127
688.1253,689.0021,-0.876755
688.1253,689.0021,-0.8767823
688.1253,689.0022,-0.876929
688.1253,689.0023,-0.8770498
688.1253,689.0024,-0.8771024
688.1253,689.0025,-0.8772247
688.1253,689.0026,-0.8772561
688.1253,689.0026,-0.8772667
688.1253,689.0026,-0.8773095
688.1253,689.003,-0.8776857
688.1253,689.0031,-0.8778112
688.1253,689.0033,-0.8779961
688.1253,689.0033,-0.8780038
688.1253,689.0034,-0.8780711
688.1253,689.0034,-0.8780988
688.1253,689.0035,-0.878152
688.1253,689.0036,-0.8783362
688.1253,689.0037,-0.8783816
688.1253,689.0038,-0.8784693
688.1253,689.0039,-0.8786419
688.1253,689.004,-0.8786615
688.1253,689.0041,-0.8788494
688.1253,689.0042,-0.8788744
688.1253,689.0045,-0.8792201
688.1253,689.0045,-0.8792308
688.1253,689.0046,-0.8792566
688.1253,689.0048,-0.8794918
688.1253,689.0049,-0.8795618
688.1253,689.0049,-0.8795922
688.1253,689.005,-0.8797113
688.1253,689.0051,-0.8797521
688.1253,689.0052,-0.8799265
688.1253,689.0053,-0.8799676
688.1253,689.0053,-0.8799963
688.1253,689.0054,-0.8800829
688.1253,689.0054,-0.8800833
688.1253,689.0054,-0.8801053
688.1253,689.0058,-0.8804596
688.1253,689.006,-0.8807188
688.1253,689.0061,-0.8808189
688.1253,689.0065,-0.8811744
688.1253,689.0065,-0.8812408
688.1253,689.0066,-0.8813045
688.1253,689.0066,-0.8813265
688.1253,689.0068,-0.8815186
688.1253,689.0069,-0.8815925
688.1253,689.0072,-0.8818765
688.1253,689.0072,-0.8819201
688.1253,689.0074,-0.8820672
688.1253,689.008,-0.8826531
688.1253,689.0081,-0.8827515
688.1253,689.0081,-0.8828236
688.1253,689.0082,-0.8828573
688.1253,689.0082,-0.8828885
688.1253,689.0082,-0.882899
688.1253,689.0086,-0.8833279
688.1253,689.0095,-0.8842012
688.1253,689.0096,-0.8843364
688.1253,689.0098,-0.8844519
688.1253,689.0098,-0.8845189
688.1253,689.0102,-0.8848846
688.1253,689.0102,-0.8849096
688.1253,689.0102,-0.8849468
688.1253,689.0113,-0.8859544
688.1253,689.0119,-0.88661
688.1253,689.012,-0.8867205
688.1253,689.0121,-0.8867618
688.1253,689.0123,-0.8869998
688.1253,689.0126,-0.8873085
688.1253,689.0127,-0.8873554
688.1253,689.0129,-0.8875795
688.1253,689.013,-0.8876637
688.1253,689.0133,-0.8879912
688.1253,689.0135,-0.8881516
688.1253,689.0137,-0.8883593
688.1253,689.0137,-0.8884132
688.1253,689.0139,-0.8885844
688.1253,689.0139,-0.88864
688.1253,689.0141,-0.8888314
688.1253,689.0143,-0.8889613
688.1253,689.0143,-0.8889638
688.1253,689.015,-0.8897408
688.1253,689.0155,-0.8902278
688.1253,689.0156,-0.8902791
688.1253,689.0162,-0.8908576
688.1253,689.0162,-0.8908598
688.1253,689.0169,-0.8915874
688.1253,689.0173,-0.8920143
688.1253,689.0178,-0.8924643
688.1253,689.0179,-0.8925884
688.1253,689.018,-0.8926704
688.1253,689.018,-0.8926751
688.1253,689.0183,-0.8929583
688.1253,689.0183,-0.8929817
688.1253,689.0187,-0.8934043
688.1253,689.0191,-0.8938399
688.1253,689.0193,-0.8939737
688.1253,689.0194,-0.8941155
688.1253,689.0196,-0.8943053
688.1253,689.0198,-0.8945147
688.1253,689.0198,-0.8945243
688.1253,689.0199,-0.8946171
688.1253,689.0204,-0.8950841
688.1253,689.0204,-0.8951372
688.1253,689.0211,-0.8957604
688.1253,689.0212,-0.8958927
688.1253,689.0212,-0.895897
688.1253,689.0213,-0.8959867
688.1253,689.0214,-0.8960956
688.1253,689.0216,-0.896316
688.1253,689.0216,-0.8963398
688.1253,689.0217,-0.8963719
688.1253,689.0218,-0.8965204
688.1253,689.0218,-0.896523
688.1253,689.0219,-0.8965734
688.1253,689.022,-0.8967426
688.1253,689.0224,-0.8970701
688.1253,689.0224,-0.8970861
688.1253,689.0225,-0.8971558
688.1253,689.0226,-0.8973486
688.1253,689.0228,-0.8974816
688.1253,689.0229,-0.8976389
688.1253,689.023,-0.8977277
688.1253,689.0231,-0.8978217
688.1253,689.0231,-0.8978303
688.1253,689.0232,-0.8979007
688.1253,689.0233,-0.8979624
688.1253,689.0233,-0.8980119
688.1253,689.0234,-0.8981272
688.1253,689.0235,-0.8981905
688.1253,689.0235,-0.8982174
688.1253,689.0237,-0.8984494
688.1253,689.0238,-0.8984932
688.1253,689.024,-0.8987392
688.1253,689.0241,-0.8987643
688.1253,689.0241,-0.898783
688.1253,689.0241,-0.8988035
688.1253,689.0241,-0.8988113
688.1253,689.0241,-0.8988349
688.1253,689.0243,-0.8989652
688.1253,689.0243,-0.8990065
688.1253,689.0243,-0.8990489
688.1253,689.0244,-0.8990765
688.1253,689.0246,-0.8992959
688.1253,689.025,-0.8996907
688.1253,689.0251,-0.8998152
688.1253,689.0252,-0.8998746
688.1253,689.0252,-0.8999178
,,
