688.6616,11138,
Mascot_mz,MassHunter_mz,Difference
688.6616,687.7625,0.899139
688.6616,687.7751,0.8864588
688.6616,687.7755,0.8861462
688.6616,687.7764,0.8852101
688.6616,687.7769,0.8847281
688.6616,687.7823,0.8792885
688.6616,687.7916,0.8700068
688.6616,687.7924,0.8692124
688.6616,687.7931,0.8685006
688.6616,687.7944,0.8671659
688.6616,687.7951,0.8665279
688.6616,687.7959,0.8657404
688.6616,687.7976,0.8640174
688.6616,687.8031,0.8585122
688.6616,687.8043,0.8573061
688.6616,687.8051,0.8564736
688.6616,687.8052,0.8564379
688.6616,687.8056,0.8559675
688.6616,687.8058,0.8557763
688.6616,687.8059,0.8556822
688.6616,687.806,0.8556117
688.6616,687.8061,0.8555497
688.6616,687.8063,0.8553442
688.6616,687.8064,0.8551538
688.6616,687.8066,0.8549809
688.6616,687.8067,0.8548818
688.6616,687.8067,0.854877
688.6616,687.8067,0.8548565
688.6616,687.8068,0.8547958
688.6616,687.8068,0.8547644
688.6616,687.8068,0.8547517
688.6616,687.8069,0.8547449
688.6616,687.8069,0.8547264
688.6616,687.8069,0.8546959
688.6616,687.807,0.854623
688.6616,687.807,0.8546105
688.6616,687.807,0.8545906
688.6616,687.8072,0.8544095
688.6616,687.8072,0.8543778
688.6616,687.8072,0.854366
688.6616,687.8072,0.8543501
688.6616,687.8073,0.8543307
688.6616,687.8074,0.8542407
688.6616,687.8074,0.8542305
688.6616,687.8074,0.854222
688.6616,687.8074,0.8541938
688.6616,687.8074,0.8541823
688.6616,687.8074,0.8541808
688.6616,687.8075,0.8541262
688.6616,687.8075,0.8541231
688.6616,687.8075,0.8541084
688.6616,687.8075,0.8541025
688.6616,687.8075,0.8540593
688.6616,687.8076,0.8539643
688.6616,687.8077,0.8539345
688.6616,687.8077,0.8539198
688.6616,687.8077,0.8539169
688.6616,687.8077,0.8539144
688.6616,687.8077,0.8539049
688.6616,687.8077,0.8538975
688.6616,687.8077,0.8538927
688.6616,687.8077,0.853891
688.6616,687.8077,0.8538811
688.6616,687.8077,0.8538716
688.6616,687.8078,0.8538341
688.6616,687.8078,0.8538333
688.6616,687.8078,0.8538222
688.6616,687.8078,0.8538176
688.6616,687.8078,0.853815
688.6616,687.8078,0.8538102
688.6616,687.8078,0.8538088
688.6616,687.8078,0.8537921
688.6616,687.8078,0.8537825
688.6616,687.8079,0.8537477
688.6616,687.8079,0.8537412
688.6616,687.8079,0.8537374
688.6616,687.8079,0.8536969
688.6616,687.8079,0.8536795
688.6616,687.8079,0.8536665
688.6616,687.808,0.8536463
688.6616,687.808,0.8536438
688.6616,687.808,0.8535617
688.6616,687.8081,0.8535371
688.6616,687.8081,0.853526
688.6616,687.8081,0.8535236
688.6616,687.8081,0.8535163
688.6616,687.8081,0.8534926
688.6616,687.8081,0.8534729
688.6616,687.8081,0.853455
688.6616,687.8082,0.8534476
688.6616,687.8082,0.8534354
688.6616,687.8082,0.8534185
688.6616,687.8082,0.8534174
688.6616,687.8082,0.8534147
688.6616,687.8082,0.8533958
688.6616,687.8082,0.8533782
688.6616,687.8082,0.8533626
688.6616,687.8082,0.8533582
688.6616,687.8083,0.8533053
688.6616,687.8083,0.8533031
688.6616,687.8083,0.8532718
688.6616,687.8084,0.8532481
688.6616,687.8084,0.8532087
688.6616,687.8084,0.853207
688.6616,687.8084,0.8531934
688.6616,687.8084,0.8531877
688.6616,687.8084,0.8531717
688.6616,687.8084,0.8531538
688.6616,687.8085,0.8531454
688.6616,687.8085,0.8531406
688.6616,687.8085,0.8530962
688.6616,687.8085,0.853093
688.6616,687.8085,0.8530747
688.6616,687.8085,0.8530585
688.6616,687.8085,0.8530584
688.6616,687.8085,0.8530583
688.6616,687.8086,0.8530447
688.6616,687.8086,0.8530424
688.6616,687.8086,0.8530265
688.6616,687.8086,0.8530134
688.6616,687.8086,0.8530039
688.6616,687.8086,0.8530023
688.6616,687.8086,0.8530003
688.6616,687.8086,0.8529792
688.6616,687.8086,0.8529637
688.6616,687.8087,0.8528943
688.6616,687.8087,0.8528846
688.6616,687.8087,0.8528726
688.6616,687.8088,0.8528349
688.6616,687.8088,0.8528119
688.6616,687.8088,0.8527959
688.6616,687.8088,0.8527679
688.6616,687.8088,0.8527595
688.6616,687.8088,0.852752
688.6616,687.8089,0.8527449
688.6616,687.8089,0.8527224
688.6616,687.8089,0.8527192
688.6616,687.8089,0.8527116
688.6616,687.8089,0.8527115
688.6616,687.8089,0.8527053
688.6616,687.8089,0.8526848
688.6616,687.8089,0.8526795
688.6616,687.8089,0.8526634
688.6616,687.809,0.8526476
688.6616,687.809,0.8526448
688.6616,687.809,0.8526186
688.6616,687.809,0.8526176
688.6616,687.809,0.8526038
688.6616,687.809,0.8525904
688.6616,687.809,0.8525817
688.6616,687.809,0.8525787
688.6616,687.809,0.852571
688.6616,687.809,0.852562
688.6616,687.8091,0.8525443
688.6616,687.8091,0.8525176
688.6616,687.8091,0.8525124
688.6616,687.8091,0.852463
688.6616,687.8091,0.8524583
688.6616,687.8092,0.8524392
688.6616,687.8092,0.8524322
688.6616,687.8092,0.8524263
688.6616,687.8092,0.852408
688.6616,687.8092,0.8524044
688.6616,687.8092,0.8523973
688.6616,687.8092,0.8523807
688.6616,687.8092,0.8523703
688.6616,687.8093,0.8523075
688.6616,687.8093,0.8522877
688.6616,687.8093,0.8522854
688.6616,687.8093,0.8522573
688.6616,687.8094,0.8522455
688.6616,687.8094,0.8522426
688.6616,687.8094,0.8522401
688.6616,687.8094,0.8522361
688.6616,687.8094,0.852227
688.6616,687.8094,0.852215
688.6616,687.8094,0.8521991
688.6616,687.8094,0.8521803
688.6616,687.8094,0.8521781
688.6616,687.8094,0.8521722
688.6616,687.8094,0.8521699
688.6616,687.8094,0.8521656
688.6616,687.8094,0.8521609
688.6616,687.8094,0.8521568
688.6616,687.8095,0.8521492
688.6616,687.8095,0.8521468
688.6616,687.8095,0.8521339
688.6616,687.8095,0.8521299
688.6616,687.8095,0.8521294
688.6616,687.8095,0.8521065
688.6616,687.8095,0.8521056
688.6616,687.8095,0.8520926
688.6616,687.8095,0.8520802
688.6616,687.8095,0.8520694
688.6616,687.8096,0.8520331
688.6616,687.8096,0.8520323
688.6616,687.8096,0.8520265
688.6616,687.8096,0.8520232
688.6616,687.8096,0.8520168
688.6616,687.8096,0.8519991
688.6616,687.8096,0.8519959
688.6616,687.8096,0.8519814
688.6616,687.8096,0.8519769
688.6616,687.8096,0.8519682
688.6616,687.8096,0.8519662
688.6616,687.8096,0.8519503
688.6616,687.8097,0.851911
688.6616,687.8097,0.8518973
688.6616,687.8097,0.8518952
688.6616,687.8097,0.8518892
688.6616,687.8097,0.8518854
688.6616,687.8097,0.8518825
688.6616,687.8097,0.8518813
688.6616,687.8097,0.8518743
688.6616,687.8098,0.8518466
688.6616,687.8098,0.8518347
688.6616,687.8098,0.8518322
688.6616,687.8098,0.8517998
688.6616,687.8098,0.8517979
688.6616,687.8098,0.8517947
688.6616,687.8098,0.8517934
688.6616,687.8098,0.8517908
688.6616,687.8098,0.8517856
688.6616,687.8098,0.8517657
688.6616,687.8098,0.8517609
688.6616,687.8099,0.8517403
688.6616,687.8099,0.8517384
688.6616,687.8099,0.851733
688.6616,687.8099,0.8517124
688.6616,687.8099,0.8516876
688.6616,687.8099,0.8516865
688.6616,687.8099,0.8516864
688.6616,687.8099,0.8516857
688.6616,687.8099,0.8516823
688.6616,687.8099,0.8516765
688.6616,687.8099,0.8516684
688.6616,687.8099,0.8516646
688.6616,687.8099,0.8516617
688.6616,687.8099,0.8516579
688.6616,687.8099,0.8516556
688.6616,687.8099,0.8516531
688.6616,687.81,0.8516427
688.6616,687.81,0.8516267
688.6616,687.81,0.8516061
688.6616,687.81,0.8516041
688.6616,687.81,0.851599
688.6616,687.81,0.8515919
688.6616,687.81,0.851588
688.6616,687.81,0.8515866
688.6616,687.81,0.8515814
688.6616,687.81,0.8515717
688.6616,687.81,0.8515666
688.6616,687.81,0.8515502
688.6616,687.8101,0.8515494
688.6616,687.8101,0.851546
688.6616,687.8101,0.8515444
688.6616,687.8101,0.8515147
688.6616,687.8101,0.8514803
688.6616,687.8101,0.8514776
688.6616,687.8101,0.8514716
688.6616,687.8101,0.8514699
688.6616,687.8101,0.8514676
688.6616,687.8101,0.8514646
688.6616,687.8101,0.8514617
688.6616,687.8101,0.8514508
688.6616,687.8102,0.8514425
688.6616,687.8102,0.851439
688.6616,687.8102,0.8514148
688.6616,687.8102,0.8514062
688.6616,687.8102,0.8513885
688.6616,687.8102,0.851377
688.6616,687.8102,0.8513703
688.6616,687.8102,0.8513636
688.6616,687.8102,0.8513559
688.6616,687.8103,0.8513389
688.6616,687.8103,0.851326
688.6616,687.8103,0.8513217
688.6616,687.8103,0.8513201
688.6616,687.8103,0.8513074
688.6616,687.8103,0.851304
688.6616,687.8103,0.8512962
688.6616,687.8103,0.851296
688.6616,687.8103,0.8512934
688.6616,687.8103,0.8512793
688.6616,687.8103,0.8512649
688.6616,687.8103,0.8512599
688.6616,687.8103,0.8512558
688.6616,687.8104,0.8512468
688.6616,687.8104,0.8512301
688.6616,687.8104,0.8512204
688.6616,687.8104,0.851206
688.6616,687.8104,0.8511918
688.6616,687.8104,0.85117
688.6616,687.8104,0.8511573
688.6616,687.8105,0.8511471
688.6616,687.8105,0.8511318
688.6616,687.8105,0.8511247
688.6616,687.8105,0.8511213
688.6616,687.8105,0.8511038
688.6616,687.8105,0.8511031
688.6616,687.8105,0.8510913
688.6616,687.8105,0.8510805
688.6616,687.8105,0.8510795
688.6616,687.8105,0.8510737
688.6616,687.8106,0.8510362
688.6616,687.8106,0.8510243
688.6616,687.8106,0.8510008
688.6616,687.8106,0.8509965
688.6616,687.8106,0.850985
688.6616,687.8107,0.8509448
688.6616,687.8107,0.8509283
688.6616,687.8107,0.8508988
688.6616,687.8107,0.8508965
688.6616,687.8107,0.8508707
688.6616,687.8107,0.8508694
688.6616,687.8107,0.850867
688.6616,687.8107,0.8508627
688.6616,687.8107,0.8508586
688.6616,687.8108,0.8508391
688.6616,687.8108,0.8508204
688.6616,687.8108,0.8508027
688.6616,687.8108,0.8507903
688.6616,687.8108,0.8507836
688.6616,687.8108,0.8507572
688.6616,687.8109,0.8507253
688.6616,687.8109,0.8507186
688.6616,687.8109,0.8507177
688.6616,687.8109,0.85071
688.6616,687.8109,0.8507034
688.6616,687.8109,0.8506642
688.6616,687.811,0.8506432
688.6616,687.811,0.8506241
688.6616,687.811,0.8506184
688.6616,687.811,0.8506045
688.6616,687.811,0.8505687
688.6616,687.8111,0.8505254
688.6616,687.8112,0.8503998
688.6616,687.8112,0.850385
688.6616,687.8112,0.8503573
688.6616,687.8113,0.8503098
688.6616,687.8113,0.8503035
688.6616,687.8113,0.8502893
688.6616,687.8113,0.8502851
688.6616,687.8113,0.8502501
688.6616,687.8114,0.8502428
688.6616,687.8114,0.8501714
688.6616,687.8114,0.850168
688.6616,687.8115,0.850146
688.6616,687.8115,0.8501374
688.6616,687.8115,0.8501158
688.6616,687.8115,0.850113
688.6616,687.8115,0.8501051
688.6616,687.8115,0.8500979
688.6616,687.8115,0.850091
688.6616,687.8115,0.8500786
688.6616,687.8116,0.8500323
688.6616,687.8116,0.8499833
688.6616,687.8117,0.8499102
688.6616,687.8117,0.8499004
688.6616,687.8118,0.8497966
688.6616,687.8119,0.8497223
688.6616,687.8119,0.84972
688.6616,687.8119,0.849694
688.6616,687.8119,0.8496838
688.6616,687.8121,0.8495168
688.6616,687.8121,0.8494897
688.6616,687.8121,0.8494749
688.6616,687.8121,0.8494569
688.6616,687.8122,0.8494427
688.6616,687.8122,0.8494198
688.6616,687.8122,0.8493865
688.6616,687.8122,0.8493539
688.6616,687.8123,0.8493144
688.6616,687.8124,0.8492097
688.6616,687.8124,0.8491649
688.6616,687.8125,0.8491196
688.6616,687.8126,0.8490449
688.6616,687.8126,0.8490047
688.6616,687.8127,0.8488997
688.6616,687.8127,0.8488869
688.6616,687.8128,0.8488483
688.6616,687.8128,0.848811
688.6616,687.8129,0.8487296
688.6616,687.8133,0.8482867
688.6616,687.8133,0.8482653
688.6616,687.8134,0.8482497
688.6616,687.8135,0.8480966
688.6616,687.8135,0.8480893
688.6616,687.8135,0.8480685
688.6616,687.8137,0.8479188
688.6616,687.8138,0.8478485
688.6616,687.814,0.8476196
688.6616,687.814,0.8475785
688.6616,687.8141,0.8475322
688.6616,687.8143,0.847346
688.6616,687.8143,0.8473227
688.6616,687.8143,0.8473001
688.6616,687.8143,0.8472885
688.6616,687.8143,0.8472885
688.6616,687.8143,0.8472817
688.6616,687.8143,0.8472688
688.6616,687.8144,0.8471662
688.6616,687.8144,0.8471656
688.6616,687.8145,0.8471132
688.6616,687.8153,0.8463205
688.6616,687.8154,0.8462035
688.6616,687.8155,0.8461096
688.6616,687.8155,0.8460739
688.6616,687.8155,0.8460512
688.6616,687.8156,0.8460005
688.6616,687.8158,0.8457589
688.6616,687.816,0.8456406
688.6616,687.816,0.8456346
688.6616,687.816,0.8455896
688.6616,687.8161,0.8455026
688.6616,687.8161,0.8454933
688.6616,687.8162,0.8454132
688.6616,687.8162,0.8453783
688.6616,687.8162,0.8453749
688.6616,687.8165,0.8450679
688.6616,687.8166,0.8450383
688.6616,687.8166,0.8450339
688.6616,687.8166,0.8450336
688.6616,687.8166,0.8449629
688.6616,687.8167,0.8449314
688.6616,687.8167,0.8448616
688.6616,687.8168,0.8448045
688.6616,687.8168,0.8447703
688.6616,687.8169,0.8447224
688.6616,687.8169,0.8447084
688.6616,687.817,0.8446299
688.6616,687.817,0.8445898
688.6616,687.8171,0.8445453
688.6616,687.8171,0.8445002
688.6616,687.8171,0.8444679
688.6616,687.8173,0.8443452
688.6616,687.8173,0.8443429
688.6616,687.8174,0.8441959
688.6616,687.8174,0.8441729
688.6616,687.8176,0.8439965
688.6616,687.8179,0.8437246
688.6616,687.8179,0.8437246
688.6616,687.818,0.8436159
688.6616,687.818,0.843586
688.6616,687.8181,0.8435273
688.6616,687.8181,0.8434816
688.6616,687.8181,0.8434597
688.6616,687.8183,0.8433332
688.6616,687.8183,0.8432893
688.6616,687.8185,0.8431463
688.6616,687.8185,0.8430561
688.6616,687.8186,0.8430454
688.6616,687.8187,0.8429251
688.6616,687.8187,0.8428552
688.6616,687.8188,0.8428072
688.6616,687.8188,0.8427923
688.6616,687.8188,0.8427868
688.6616,687.8188,0.8427848
688.6616,687.8188,0.8427844
688.6616,687.8189,0.8427448
688.6616,687.8191,0.8424761
688.6616,687.8192,0.8424081
688.6616,687.8193,0.8422676
688.6616,687.8194,0.842176
688.6616,687.8195,0.8420743
688.6616,687.8195,0.8420557
688.6616,687.8197,0.8419255
688.6616,687.8197,0.8418937
688.6616,687.8197,0.8418827
688.6616,687.8197,0.8418568
688.6616,687.8198,0.8418036
688.6616,687.8199,0.8416514
688.6616,687.82,0.8416405
688.6616,687.82,0.8416125
688.6616,687.8202,0.841413
688.6616,687.8203,0.8413114
688.6616,687.8203,0.8413019
688.6616,687.8204,0.841237
688.6616,687.8204,0.841203
688.6616,687.8205,0.8411422
688.6616,687.8205,0.8411368
688.6616,687.8205,0.8411101
688.6616,687.8206,0.8410205
688.6616,687.8206,0.8410097
688.6616,687.8206,0.840995
688.6616,687.8206,0.840985
688.6616,687.8207,0.8409206
688.6616,687.8207,0.8408988
688.6616,687.8207,0.840871
688.6616,687.8208,0.8407855
688.6616,687.8209,0.8406704
688.6616,687.821,0.8406234
688.6616,687.821,0.8406205
688.6616,687.821,0.8406066
688.6616,687.8212,0.8403993
688.6616,687.8212,0.8403835
688.6616,687.8213,0.8403235
688.6616,687.8213,0.840303
688.6616,687.8213,0.840257
688.6616,687.8214,0.8402293
688.6616,687.8214,0.8401791
688.6616,687.8215,0.8401419
688.6616,687.8215,0.8401151
688.6616,687.8215,0.8400846
688.6616,687.8215,0.8400839
688.6616,687.8215,0.8400524
688.6616,687.8216,0.8400296
688.6616,687.8216,0.8400153
688.6616,687.8217,0.8399231
688.6616,687.8217,0.8399078
688.6616,687.8218,0.8397527
688.6616,687.8219,0.8397491
688.6616,687.8219,0.8396737
688.6616,687.822,0.8396061
688.6616,687.822,0.8395827
688.6616,687.822,0.8395605
688.6616,687.822,0.8395541
688.6616,687.822,0.8395509
688.6616,687.8221,0.8395239
688.6616,687.8221,0.8394996
688.6616,687.8222,0.8394139
688.6616,687.8222,0.8393912
688.6616,687.8222,0.8393885
688.6616,687.8222,0.8393776
688.6616,687.8222,0.8393648
688.6616,687.8223,0.8393498
688.6616,687.8223,0.8393433
688.6616,687.8223,0.8392974
688.6616,687.8223,0.8392968
688.6616,687.8223,0.8392964
688.6616,687.8223,0.8392722
688.6616,687.8224,0.8392458
688.6616,687.8224,0.8391623
688.6616,687.8225,0.8391342
688.6616,687.8225,0.8391263
688.6616,687.8225,0.8390735
688.6616,687.8225,0.8390649
688.6616,687.8226,0.8390426
688.6616,687.8226,0.8389793
688.6616,687.8228,0.838775
688.6616,687.8229,0.8387426
688.6616,687.8229,0.8387332
688.6616,687.823,0.8386066
688.6616,687.823,0.8386028
688.6616,687.8231,0.8385231
688.6616,687.8231,0.8385021
688.6616,687.8231,0.8384839
688.6616,687.8231,0.8384661
688.6616,687.8232,0.8384395
688.6616,687.8233,0.8382784
688.6616,687.8233,0.8382633
688.6616,687.8234,0.8382082
688.6616,687.8234,0.8381836
688.6616,687.8234,0.8381702
688.6616,687.8235,0.8381464
688.6616,687.8236,0.8380174
688.6616,687.8236,0.8380119
688.6616,687.8236,0.8379799
688.6616,687.8236,0.8379554
688.6616,687.8239,0.8377263
688.6616,687.8239,0.8376873
688.6616,687.824,0.8375924
688.6616,687.824,0.8375886
688.6616,687.824,0.8375773
688.6616,687.8241,0.8374701
688.6616,687.8242,0.8374438
688.6616,687.8242,0.8374412
688.6616,687.8242,0.8374019
688.6616,687.8242,0.8373818
688.6616,687.8243,0.8373491
688.6616,687.8243,0.8373298
688.6616,687.8243,0.8373225
688.6616,687.8243,0.8373217
688.6616,687.8243,0.8372814
688.6616,687.8244,0.8372346
688.6616,687.8244,0.8372187
688.6616,687.8245,0.8371478
688.6616,687.8245,0.8371404
688.6616,687.8245,0.8371266
688.6616,687.8245,0.837124
688.6616,687.8246,0.8370393
688.6616,687.8246,0.8370311
688.6616,687.8247,0.8369367
688.6616,687.8247,0.8368758
688.6616,687.8247,0.836874
688.6616,687.8248,0.8368
688.6616,687.8249,0.8367161
688.6616,687.8249,0.8367078
688.6616,687.8249,0.8366983
688.6616,687.8249,0.8366669
688.6616,687.8249,0.8366653
688.6616,687.825,0.8366104
688.6616,687.8251,0.8365375
688.6616,687.8251,0.8364913
688.6616,687.8253,0.8363277
688.6616,687.8253,0.836323
688.6616,687.8253,0.8362895
688.6616,687.8253,0.8362544
688.6616,687.8254,0.8361597
688.6616,687.8255,0.836148
688.6616,687.8255,0.8361205
688.6616,687.8256,0.8360322
688.6616,687.8256,0.8360241
688.6616,687.8256,0.8360055
688.6616,687.8257,0.8359478
688.6616,687.8257,0.8359398
688.6616,687.8257,0.835922
688.6616,687.8258,0.8358284
688.6616,687.8258,0.8357717
688.6616,687.8258,0.8357675
688.6616,687.8259,0.835744
688.6616,687.8259,0.8357367
688.6616,687.8259,0.8356976
688.6616,687.8259,0.8356811
688.6616,687.8259,0.8356734
688.6616,687.8259,0.835668
688.6616,687.8259,0.8356522
688.6616,687.826,0.8356397
688.6616,687.826,0.8356045
688.6616,687.826,0.8355889
688.6616,687.8261,0.8355375
688.6616,687.8261,0.8354905
688.6616,687.8261,0.8354558
688.6616,687.8261,0.8354513
688.6616,687.8262,0.8354136
688.6616,687.8262,0.8354065
688.6616,687.8262,0.8353846
688.6616,687.8262,0.8353693
688.6616,687.8262,0.8353533
688.6616,687.8262,0.8353512
688.6616,687.8263,0.8353061
688.6616,687.8263,0.8352961
688.6616,687.8263,0.8352927
688.6616,687.8263,0.8352918
688.6616,687.8263,0.835274
688.6616,687.8263,0.8352521
688.6616,687.8264,0.8352262
688.6616,687.8264,0.8351951
688.6616,687.8264,0.8351886
688.6616,687.8264,0.8351844
688.6616,687.8265,0.8351395
688.6616,687.8265,0.8351275
688.6616,687.8265,0.8350947
688.6616,687.8265,0.8350912
688.6616,687.8265,0.8350718
688.6616,687.8265,0.8350673
688.6616,687.8266,0.8349645
688.6616,687.8266,0.8349642
688.6616,687.8266,0.8349636
688.6616,687.8267,0.8349333
688.6616,687.8267,0.8349278
688.6616,687.8267,0.8349182
688.6616,687.8267,0.8349072
688.6616,687.8267,0.8348917
688.6616,687.8267,0.8348833
688.6616,687.8267,0.8348689
688.6616,687.8267,0.8348583
688.6616,687.8268,0.8348455
688.6616,687.8268,0.8348432
688.6616,687.8268,0.8348086
688.6616,687.8268,0.8348036
688.6616,687.8268,0.834803
688.6616,687.8268,0.8347973
688.6616,687.8268,0.8347754
688.6616,687.8269,0.8347293
688.6616,687.8269,0.8347292
688.6616,687.8269,0.8347084
688.6616,687.8269,0.8347004
688.6616,687.8269,0.8346895
688.6616,687.8269,0.8346861
688.6616,687.8269,0.8346682
688.6616,687.827,0.8346393
688.6616,687.827,0.8346338
688.6616,687.827,0.8346059
688.6616,687.827,0.8346046
688.6616,687.827,0.8346017
688.6616,687.827,0.8345934
688.6616,687.827,0.834553
688.6616,687.8271,0.8345392
688.6616,687.8271,0.8345139
688.6616,687.8271,0.8345075
688.6616,687.8271,0.8345034
688.6616,687.8271,0.8344996
688.6616,687.8272,0.8344443
688.6616,687.8272,0.8344149
688.6616,687.8272,0.8344054
688.6616,687.8272,0.8344021
688.6616,687.8272,0.8343934
688.6616,687.8272,0.834372
688.6616,687.8273,0.8343467
688.6616,687.8273,0.8343441
688.6616,687.8273,0.834326
688.6616,687.8273,0.8343213
688.6616,687.8273,0.8343198
688.6616,687.8273,0.8343055
688.6616,687.8273,0.8343009
688.6616,687.8273,0.8342905
688.6616,687.8273,0.8342884
688.6616,687.8273,0.8342859
688.6616,687.8274,0.8342406
688.6616,687.8274,0.8342211
688.6616,687.8274,0.8342049
688.6616,687.8274,0.8342032
688.6616,687.8274,0.8342017
688.6616,687.8275,0.8341294
688.6616,687.8275,0.8341095
688.6616,687.8275,0.8340725
688.6616,687.8276,0.8340349
688.6616,687.8276,0.8340003
688.6616,687.8276,0.8339964
688.6616,687.8276,0.8339681
688.6616,687.8276,0.8339543
688.6616,687.8276,0.8339535
688.6616,687.8277,0.8339299
688.6616,687.8277,0.8339084
688.6616,687.8277,0.8338575
688.6616,687.8278,0.8338386
688.6616,687.8278,0.8338238
688.6616,687.8278,0.8337896
688.6616,687.8278,0.8337852
688.6616,687.8278,0.8337644
688.6616,687.8278,0.8337604
688.6616,687.8278,0.8337541
688.6616,687.8279,0.8337218
688.6616,687.8279,0.8336516
688.6616,687.828,0.8336407
688.6616,687.828,0.8336208
688.6616,687.828,0.8335894
688.6616,687.828,0.8335641
688.6616,687.828,0.8335575
688.6616,687.8281,0.8335381
688.6616,687.8281,0.8335032
688.6616,687.8281,0.8334931
688.6616,687.8281,0.8334919
688.6616,687.8281,0.8334705
688.6616,687.8282,0.8334038
688.6616,687.8282,0.833368
688.6616,687.8282,0.8333662
688.6616,687.8282,0.833361
688.6616,687.8282,0.8333547
688.6616,687.8283,0.8333285
688.6616,687.8283,0.8332667
688.6616,687.8283,0.8332644
688.6616,687.8283,0.8332507
688.6616,687.8284,0.8332237
688.6616,687.8284,0.8332164
688.6616,687.8284,0.8332053
688.6616,687.8284,0.833202
688.6616,687.8285,0.8331321
688.6616,687.8285,0.8331305
688.6616,687.8285,0.8330954
688.6616,687.8285,0.83308
688.6616,687.8285,0.8330742
688.6616,687.8286,0.833045
688.6616,687.8286,0.8329921
688.6616,687.8287,0.8329488
688.6616,687.8287,0.8329161
688.6616,687.8287,0.8329115
688.6616,687.8287,0.8328861
688.6616,687.8287,0.8328673
688.6616,687.8288,0.8327899
688.6616,687.8289,0.832696
688.6616,687.8289,0.8326953
688.6616,687.8289,0.8326735
688.6616,687.829,0.8326373
688.6616,687.829,0.8326035
688.6616,687.829,0.8325785
688.6616,687.829,0.8325587
688.6616,687.8291,0.8325292
688.6616,687.8291,0.8324789
688.6616,687.8292,0.8323574
688.6616,687.8292,0.8323559
688.6616,687.8293,0.8323424
688.6616,687.8293,0.8323377
688.6616,687.8293,0.8323317
688.6616,687.8293,0.8323297
688.6616,687.8293,0.832329
688.6616,687.8293,0.832278
688.6616,687.8293,0.8322755
688.6616,687.8294,0.8322409
688.6616,687.8294,0.8322314
688.6616,687.8294,0.8322202
688.6616,687.8294,0.8322017
688.6616,687.8294,0.832193
688.6616,687.8295,0.8321424
688.6616,687.8295,0.8321164
688.6616,687.8295,0.8321155
688.6616,687.8295,0.8320711
688.6616,687.8295,0.8320515
688.6616,687.8296,0.8320459
688.6616,687.8296,0.8319742
688.6616,687.8297,0.8319132
688.6616,687.8297,0.8319124
688.6616,687.8297,0.8318595
688.6616,687.8297,0.8318563
688.6616,687.8298,0.8318488
688.6616,687.8298,0.8318122
688.6616,687.8298,0.8317675
688.6616,687.8298,0.8317532
688.6616,687.8299,0.8316943
688.6616,687.83,0.8315723
688.6616,687.8301,0.8314664
688.6616,687.8302,0.8313984
688.6616,687.8302,0.8313616
688.6616,687.8303,0.8313238
688.6616,687.8303,0.8313161
688.6616,687.8303,0.8312554
688.6616,687.8304,0.8312461
688.6616,687.8304,0.8312432
688.6616,687.8304,0.8312016
688.6616,687.8304,0.8311695
688.6616,687.8304,0.8311588
688.6616,687.8305,0.8311391
688.6616,687.8305,0.8310982
688.6616,687.8306,0.8310444
688.6616,687.8306,0.8309819
688.6616,687.8306,0.8309718
688.6616,687.8306,0.8309548
688.6616,687.8307,0.8309426
688.6616,687.8307,0.8309199
688.6616,687.8307,0.8309089
688.6616,687.8307,0.8308848
688.6616,687.8307,0.8308749
688.6616,687.8308,0.8308483
688.6616,687.8308,0.8308475
688.6616,687.8308,0.8308182
688.6616,687.8308,0.8307784
688.6616,687.8309,0.8307436
688.6616,687.8309,0.8307161
688.6616,687.8311,0.8305065
688.6616,687.8311,0.8304656
688.6616,687.8312,0.8304463
688.6616,687.8312,0.8304257
688.6616,687.8312,0.8303725
688.6616,687.8313,0.830335
688.6616,687.8313,0.8303275
688.6616,687.8313,0.8303192
688.6616,687.8313,0.8302631
688.6616,687.8314,0.8302448
688.6616,687.8314,0.8301992
688.6616,687.8314,0.8301933
688.6616,687.8314,0.8301907
688.6616,687.8314,0.8301683
688.6616,687.8315,0.8301466
688.6616,687.8315,0.830145
688.6616,687.8315,0.8301408
688.6616,687.8315,0.830134
688.6616,687.8315,0.8301299
688.6616,687.8315,0.8300662
688.6616,687.8315,0.8300533
688.6616,687.8316,0.8299668
688.6616,687.8316,0.8299559
688.6616,687.8317,0.8298922
688.6616,687.8317,0.8298703
688.6616,687.8317,0.8298701
688.6616,687.8318,0.8298089
688.6616,687.8318,0.8298052
688.6616,687.8318,0.829787
688.6616,687.8318,0.8297783
688.6616,687.8319,0.8297479
688.6616,687.8319,0.8296989
688.6616,687.8319,0.829692
688.6616,687.8319,0.8296719
688.6616,687.8319,0.8296651
688.6616,687.832,0.8296246
688.6616,687.832,0.8295871
688.6616,687.8322,0.8294293
688.6616,687.8322,0.8293937
688.6616,687.8322,0.82939
688.6616,687.8323,0.8293404
688.6616,687.8323,0.8293049
688.6616,687.8323,0.8292801
688.6616,687.8323,0.8292742
688.6616,687.8323,0.8292665
688.6616,687.8323,0.8292663
688.6616,687.8324,0.8292399
688.6616,687.8324,0.8292082
688.6616,687.8325,0.8291334
688.6616,687.8325,0.8290927
688.6616,687.8325,0.8290719
688.6616,687.8325,0.8290652
688.6616,687.8326,0.8290411
688.6616,687.8326,0.8290301
688.6616,687.8326,0.8290298
688.6616,687.8326,0.8290131
688.6616,687.8326,0.8290027
688.6616,687.8326,0.8290012
688.6616,687.8327,0.8289224
688.6616,687.8327,0.8289192
688.6616,687.8327,0.8289104
688.6616,687.8327,0.8288898
688.6616,687.8329,0.828723
688.6616,687.8329,0.8287221
688.6616,687.8329,0.8286823
688.6616,687.8329,0.828682
688.6616,687.8329,0.8286678
688.6616,687.833,0.8286217
688.6616,687.833,0.8285973
688.6616,687.8331,0.8285477
688.6616,687.8331,0.8285259
688.6616,687.8331,0.8285171
688.6616,687.8331,0.8285066
688.6616,687.8331,0.8285015
688.6616,687.8331,0.8284963
688.6616,687.8331,0.828466
688.6616,687.8331,0.8284539
688.6616,687.8332,0.8284076
688.6616,687.8332,0.8283906
688.6616,687.8332,0.8283889
688.6616,687.8332,0.8283693
688.6616,687.8332,0.8283535
688.6616,687.8333,0.8283475
688.6616,687.8333,0.8283084
688.6616,687.8333,0.8282538
688.6616,687.8334,0.8282471
688.6616,687.8334,0.8282407
688.6616,687.8334,0.8281611
688.6616,687.8334,0.8281549
688.6616,687.8335,0.8281279
688.6616,687.8336,0.8279919
688.6616,687.8336,0.8279598
688.6616,687.8337,0.8279295
688.6616,687.8337,0.8278758
688.6616,687.8337,0.8278545
688.6616,687.8338,0.8277858
688.6616,687.8339,0.8277471
688.6616,687.834,0.8275632
688.6616,687.834,0.8275619
688.6616,687.8341,0.8275211
688.6616,687.8341,0.8275211
688.6616,687.8341,0.8275192
688.6616,687.8342,0.8274458
688.6616,687.8342,0.8273779
688.6616,687.8342,0.8273708
688.6616,687.8343,0.8272747
688.6616,687.8344,0.8272021
688.6616,687.8344,0.8271996
688.6616,687.8344,0.827198
688.6616,687.8344,0.8271939
688.6616,687.8345,0.8271313
688.6616,687.8345,0.827125
688.6616,687.8345,0.8271204
688.6616,687.8345,0.8271148
688.6616,687.8345,0.8271103
688.6616,687.8345,0.8270851
688.6616,687.8345,0.8270774
688.6616,687.8345,0.8270619
688.6616,687.8345,0.8270611
688.6616,687.8346,0.827021
688.6616,687.8346,0.826988
688.6616,687.8347,0.8269319
688.6616,687.8347,0.8269255
688.6616,687.8347,0.8269249
688.6616,687.8347,0.8269201
688.6616,687.8347,0.8269015
688.6616,687.8347,0.8268871
688.6616,687.8347,0.8268596
688.6616,687.8348,0.8268235
688.6616,687.8348,0.8268182
688.6616,687.8348,0.82681
688.6616,687.8349,0.8267356
688.6616,687.8349,0.8267329
688.6616,687.8349,0.8267286
688.6616,687.8349,0.8266998
688.6616,687.8349,0.8266937
688.6616,687.8349,0.8266761
688.6616,687.8349,0.8266661
688.6616,687.8349,0.8266658
688.6616,687.835,0.8266373
688.6616,687.835,0.8266365
688.6616,687.835,0.8266363
688.6616,687.8351,0.8265438
688.6616,687.8351,0.8265265
688.6616,687.8351,0.8265145
688.6616,687.8351,0.8264703
688.6616,687.8351,0.8264696
688.6616,687.8352,0.8264228
688.6616,687.8353,0.8263281
688.6616,687.8353,0.8262965
688.6616,687.8353,0.8262823
688.6616,687.8354,0.8262295
688.6616,687.8354,0.826226
688.6616,687.8354,0.8261969
688.6616,687.8354,0.826184
688.6616,687.8354,0.8261791
688.6616,687.8354,0.8261716
688.6616,687.8354,0.8261546
688.6616,687.8355,0.8261057
688.6616,687.8357,0.8258891
688.6616,687.8358,0.8258349
688.6616,687.8358,0.8258272
688.6616,687.8358,0.8257893
688.6616,687.8358,0.8257752
688.6616,687.8359,0.8257158
688.6616,687.8359,0.8256876
688.6616,687.8359,0.8256844
688.6616,687.836,0.8256358
688.6616,687.836,0.8256111
688.6616,687.8361,0.825528
688.6616,687.8361,0.8255222
688.6616,687.8361,0.825485
688.6616,687.8361,0.8254845
688.6616,687.8362,0.8253668
688.6616,687.8362,0.8253556
688.6616,687.8363,0.825346
688.6616,687.8363,0.8253
688.6616,687.8363,0.8252983
688.6616,687.8363,0.8252978
688.6616,687.8363,0.8252943
688.6616,687.8363,0.8252639
688.6616,687.8364,0.8252025
688.6616,687.8364,0.8252008
688.6616,687.8364,0.8251795
688.6616,687.8364,0.8251522
688.6616,687.8365,0.8251305
688.6616,687.8365,0.8250884
688.6616,687.8366,0.8250016
688.6616,687.8366,0.8249908
688.6616,687.8366,0.8249824
688.6616,687.8366,0.8249789
688.6616,687.8367,0.8249388
688.6616,687.8368,0.8248184
688.6616,687.8368,0.8248038
688.6616,687.8368,0.8248021
688.6616,687.8369,0.824745
688.6616,687.8369,0.8247322
688.6616,687.8369,0.8247278
688.6616,687.8369,0.8246903
688.6616,687.8369,0.8246843
688.6616,687.837,0.82461
688.6616,687.837,0.8245705
688.6616,687.837,0.8245657
688.6616,687.837,0.8245575
688.6616,687.8371,0.824521
688.6616,687.8371,0.8245069
688.6616,687.8371,0.8244523
688.6616,687.8372,0.8244018
688.6616,687.8372,0.8243589
688.6616,687.8372,0.8243528
688.6616,687.8373,0.8243212
688.6616,687.8373,0.8243209
688.6616,687.8373,0.8242729
688.6616,687.8374,0.8242431
688.6616,687.8374,0.8242347
688.6616,687.8374,0.8242174
688.6616,687.8374,0.8241854
688.6616,687.8375,0.8241443
688.6616,687.8375,0.824139
688.6616,687.8375,0.824075
688.6616,687.8375,0.824068
688.6616,687.8375,0.8240582
688.6616,687.8376,0.8239917
688.6616,687.8376,0.8239807
688.6616,687.8376,0.8239564
688.6616,687.8377,0.8239397
688.6616,687.8377,0.8239305
688.6616,687.8377,0.8238965
688.6616,687.8377,0.8238859
688.6616,687.8378,0.823849
688.6616,687.8378,0.8238267
688.6616,687.8378,0.82378
688.6616,687.8379,0.8237427
688.6616,687.8379,0.8237345
688.6616,687.8379,0.8237193
688.6616,687.8379,0.8237098
688.6616,687.8379,0.8237075
688.6616,687.8379,0.8237022
688.6616,687.8379,0.8236943
688.6616,687.8379,0.8236851
688.6616,687.8379,0.8236779
688.6616,687.838,0.8236414
688.6616,687.838,0.8236276
688.6616,687.838,0.823615
688.6616,687.838,0.8235802
688.6616,687.838,0.8235753
688.6616,687.8381,0.823528
688.6616,687.8381,0.8235234
688.6616,687.8381,0.8235047
688.6616,687.8382,0.8234375
688.6616,687.8382,0.8234074
688.6616,687.8383,0.8233128
688.6616,687.8384,0.8232467
688.6616,687.8384,0.8232312
688.6616,687.8384,0.8232144
688.6616,687.8384,0.8232083
688.6616,687.8384,0.8231983
688.6616,687.8384,0.8231947
688.6616,687.8384,0.8231554
688.6616,687.8385,0.8231352
688.6616,687.8385,0.8231124
688.6616,687.8385,0.8230992
688.6616,687.8385,0.8230726
688.6616,687.8385,0.8230552
688.6616,687.8386,0.8230066
688.6616,687.8386,0.8230004
688.6616,687.8386,0.822961
688.6616,687.8387,0.8229492
688.6616,687.8387,0.8228845
688.6616,687.8387,0.822884
688.6616,687.8387,0.8228774
688.6616,687.8387,0.8228607
688.6616,687.8388,0.8228237
688.6616,687.8388,0.8228174
688.6616,687.8388,0.8227948
688.6616,687.8388,0.8227899
688.6616,687.8388,0.8227778
688.6616,687.8389,0.8227401
688.6616,687.8389,0.8227298
688.6616,687.8389,0.8227073
688.6616,687.8389,0.8227032
688.6616,687.8389,0.8226742
688.6616,687.8389,0.8226733
688.6616,687.8389,0.8226637
688.6616,687.839,0.8226404
688.6616,687.839,0.8226386
688.6616,687.839,0.822633
688.6616,687.839,0.8226298
688.6616,687.839,0.8226145
688.6616,687.839,0.8225874
688.6616,687.839,0.8225823
688.6616,687.839,0.8225762
688.6616,687.839,0.8225702
688.6616,687.839,0.8225686
688.6616,687.839,0.8225612
688.6616,687.839,0.8225566
688.6616,687.8391,0.822549
688.6616,687.8391,0.8225479
688.6616,687.8391,0.8225436
688.6616,687.8391,0.8225219
688.6616,687.8391,0.8224852
688.6616,687.8391,0.8224722
688.6616,687.8391,0.8224578
688.6616,687.8392,0.8224364
688.6616,687.8392,0.8223526
688.6616,687.8393,0.8222685
688.6616,687.8393,0.8222628
688.6616,687.8394,0.8222318
688.6616,687.8394,0.82222
688.6616,687.8394,0.8221881
688.6616,687.8394,0.8221843
688.6616,687.8394,0.8221579
688.6616,687.8395,0.8221246
688.6616,687.8395,0.8221155
688.6616,687.8395,0.8221143
688.6616,687.8395,0.8220911
688.6616,687.8395,0.8220822
688.6616,687.8396,0.8220368
688.6616,687.8396,0.8220339
688.6616,687.8396,0.822015
688.6616,687.8396,0.8219986
688.6616,687.8396,0.8219542
688.6616,687.8397,0.8219158
688.6616,687.8397,0.8219066
688.6616,687.8397,0.8218995
688.6616,687.8397,0.8218872
688.6616,687.8397,0.8218771
688.6616,687.8397,0.821874
688.6616,687.8397,0.8218569
688.6616,687.8397,0.8218536
688.6616,687.8398,0.8218342
688.6616,687.8398,0.8218177
688.6616,687.8398,0.8217851
688.6616,687.8398,0.8217612
688.6616,687.8399,0.8217399
688.6616,687.8399,0.8217077
688.6616,687.8399,0.8217061
688.6616,687.8399,0.8216951
688.6616,687.8399,0.8216529
688.6616,687.84,0.8216478
688.6616,687.84,0.821638
688.6616,687.84,0.8216234
688.6616,687.84,0.8215999
688.6616,687.84,0.821597
688.6616,687.8401,0.8215431
688.6616,687.8401,0.8215415
688.6616,687.8401,0.8215379
688.6616,687.8401,0.8215277
688.6616,687.8401,0.8215176
688.6616,687.8401,0.8214671
688.6616,687.8402,0.8214371
688.6616,687.8402,0.8214242
688.6616,687.8402,0.8214086
688.6616,687.8402,0.8213994
688.6616,687.8402,0.8213812
688.6616,687.8402,0.8213789
688.6616,687.8403,0.8213254
688.6616,687.8404,0.8212492
688.6616,687.8404,0.8212411
688.6616,687.8404,0.8212403
688.6616,687.8404,0.8212353
688.6616,687.8404,0.8212149
688.6616,687.8404,0.8212087
688.6616,687.8404,0.8212074
688.6616,687.8404,0.8212068
688.6616,687.8404,0.8211986
688.6616,687.8404,0.8211864
688.6616,687.8404,0.8211718
688.6616,687.8404,0.8211614
688.6616,687.8404,0.8211609
688.6616,687.8404,0.8211509
688.6616,687.8405,0.8211472
688.6616,687.8405,0.8211413
688.6616,687.8405,0.8210991
688.6616,687.8405,0.8210828
688.6616,687.8405,0.8210793
688.6616,687.8405,0.8210725
688.6616,687.8405,0.8210688
688.6616,687.8406,0.8210231
688.6616,687.8406,0.8210142
688.6616,687.8406,0.8209976
688.6616,687.8406,0.8209929
688.6616,687.8406,0.8209848
688.6616,687.8407,0.8209145
688.6616,687.8407,0.8209092
688.6616,687.8407,0.8209082
688.6616,687.8407,0.8208874
688.6616,687.8407,0.8208752
688.6616,687.8407,0.8208579
688.6616,687.8408,0.8208278
688.6616,687.8408,0.8208057
688.6616,687.8408,0.8208039
688.6616,687.8408,0.8207992
688.6616,687.8408,0.8207863
688.6616,687.8408,0.820763
688.6616,687.8409,0.8207468
688.6616,687.8409,0.820744
688.6616,687.8409,0.8207325
688.6616,687.8409,0.8206871
688.6616,687.8409,0.8206845
688.6616,687.8409,0.8206611
688.6616,687.8409,0.8206592
688.6616,687.8409,0.8206549
688.6616,687.8409,0.8206535
688.6616,687.841,0.8206038
688.6616,687.841,0.8205957
688.6616,687.841,0.8205801
688.6616,687.841,0.820573
688.6616,687.841,0.8205583
688.6616,687.841,0.8205556
688.6616,687.8411,0.8205378
688.6616,687.8411,0.8205301
688.6616,687.8411,0.8205193
688.6616,687.8411,0.8205175
688.6616,687.8411,0.8205174
688.6616,687.8411,0.8204872
688.6616,687.8411,0.8204827
688.6616,687.8411,0.8204789
688.6616,687.8412,0.8204036
688.6616,687.8412,0.8203674
688.6616,687.8412,0.8203571
688.6616,687.8412,0.8203562
688.6616,687.8412,0.8203506
688.6616,687.8413,0.8203348
688.6616,687.8413,0.8203268
688.6616,687.8413,0.8203258
688.6616,687.8413,0.8203151
688.6616,687.8413,0.8203103
688.6616,687.8413,0.8203093
688.6616,687.8413,0.8203046
688.6616,687.8413,0.8202944
688.6616,687.8413,0.8202651
688.6616,687.8413,0.8202609
688.6616,687.8414,0.8202491
688.6616,687.8414,0.8202449
688.6616,687.8414,0.8202439
688.6616,687.8414,0.8202328
688.6616,687.8414,0.8202047
688.6616,687.8414,0.8201768
688.6616,687.8414,0.8201702
688.6616,687.8415,0.820108
688.6616,687.8415,0.8201021
688.6616,687.8415,0.8200868
688.6616,687.8415,0.820077
688.6616,687.8415,0.8200754
688.6616,687.8415,0.8200605
688.6616,687.8415,0.820057
688.6616,687.8416,0.8200441
688.6616,687.8416,0.8200368
688.6616,687.8416,0.820031
688.6616,687.8416,0.8200261
688.6616,687.8416,0.819983
688.6616,687.8416,0.8199712
688.6616,687.8416,0.8199549
688.6616,687.8417,0.8199066
688.6616,687.8417,0.8199035
688.6616,687.8417,0.8198986
688.6616,687.8417,0.8198929
688.6616,687.8417,0.8198904
688.6616,687.8417,0.8198707
688.6616,687.8417,0.8198606
688.6616,687.8417,0.81986
688.6616,687.8417,0.8198565
688.6616,687.8418,0.8198487
688.6616,687.8418,0.8198467
688.6616,687.8418,0.8198309
688.6616,687.8418,0.8198207
688.6616,687.8418,0.8198006
688.6616,687.8418,0.8197977
688.6616,687.8418,0.8197968
688.6616,687.8418,0.8197877
688.6616,687.8418,0.8197819
688.6616,687.8419,0.8197499
688.6616,687.8419,0.8197432
688.6616,687.8419,0.819708
688.6616,687.8419,0.8197071
688.6616,687.8419,0.8197069
688.6616,687.8419,0.8196987
688.6616,687.8419,0.8196915
688.6616,687.8419,0.8196908
688.6616,687.8419,0.8196833
688.6616,687.8419,0.819679
688.6616,687.8419,0.8196619
688.6616,687.8419,0.8196613
688.6616,687.842,0.8196421
688.6616,687.842,0.8196391
688.6616,687.842,0.8196287
688.6616,687.842,0.8196259
688.6616,687.842,0.819624
688.6616,687.842,0.8196126
688.6616,687.842,0.8195984
688.6616,687.842,0.8195917
688.6616,687.842,0.8195845
688.6616,687.842,0.8195821
688.6616,687.842,0.8195745
688.6616,687.842,0.8195735
688.6616,687.842,0.8195657
688.6616,687.842,0.8195635
688.6616,687.842,0.8195626
688.6616,687.842,0.8195607
688.6616,687.8421,0.8195373
688.6616,687.8421,0.8195339
688.6616,687.8421,0.8195336
688.6616,687.8421,0.8195243
688.6616,687.8421,0.8194943
688.6616,687.8421,0.8194659
688.6616,687.8422,0.8194496
688.6616,687.8422,0.8194325
688.6616,687.8422,0.81943
688.6616,687.8422,0.8194155
688.6616,687.8422,0.8194113
688.6616,687.8422,0.8193717
688.6616,687.8422,0.8193687
688.6616,687.8422,0.8193542
688.6616,687.8422,0.8193538
688.6616,687.8423,0.8193299
688.6616,687.8423,0.8193245
688.6616,687.8423,0.8193154
688.6616,687.8423,0.8193141
688.6616,687.8423,0.8192983
688.6616,687.8423,0.8192632
688.6616,687.8423,0.8192598
688.6616,687.8423,0.819257
688.6616,687.8423,0.819256
688.6616,687.8423,0.8192548
688.6616,687.8424,0.819245
688.6616,687.8424,0.81924
688.6616,687.8424,0.8192324
688.6616,687.8424,0.8192314
688.6616,687.8424,0.8191999
688.6616,687.8424,0.8191942
688.6616,687.8425,0.8191459
688.6616,687.8425,0.8191325
688.6616,687.8425,0.8191108
688.6616,687.8425,0.8190945
688.6616,687.8426,0.8190481
688.6616,687.8426,0.8190419
688.6616,687.8426,0.8190278
688.6616,687.8426,0.8190229
688.6616,687.8426,0.8190125
688.6616,687.8426,0.8190121
688.6616,687.8426,0.81901
688.6616,687.8426,0.8190081
688.6616,687.8426,0.8189977
688.6616,687.8426,0.8189786
688.6616,687.8426,0.8189767
688.6616,687.8426,0.8189642
688.6616,687.8426,0.8189549
688.6616,687.8427,0.8189472
688.6616,687.8427,0.8189415
688.6616,687.8427,0.8189247
688.6616,687.8427,0.818886
688.6616,687.8427,0.8188779
688.6616,687.8427,0.8188768
688.6616,687.8427,0.818865
688.6616,687.8428,0.8188439
688.6616,687.8428,0.8188376
688.6616,687.8428,0.818833
688.6616,687.8428,0.818815
688.6616,687.8428,0.8188114
688.6616,687.8428,0.8188085
688.6616,687.8428,0.8188035
688.6616,687.8428,0.8187834
688.6616,687.8428,0.8187769
688.6616,687.8428,0.8187741
688.6616,687.8428,0.8187687
688.6616,687.8428,0.8187639
688.6616,687.8428,0.8187598
688.6616,687.8429,0.8187463
688.6616,687.8429,0.8187462
688.6616,687.8429,0.8187435
688.6616,687.8429,0.8187266
688.6616,687.8429,0.8187181
688.6616,687.8429,0.8187056
688.6616,687.8429,0.8187006
688.6616,687.8429,0.8186994
688.6616,687.8429,0.818686
688.6616,687.8429,0.8186619
688.6616,687.843,0.8186432
688.6616,687.843,0.8186294
688.6616,687.843,0.8186131
688.6616,687.843,0.8185994
688.6616,687.843,0.818597
688.6616,687.843,0.8185799
688.6616,687.843,0.8185667
688.6616,687.843,0.8185568
688.6616,687.843,0.8185555
688.6616,687.843,0.8185536
688.6616,687.8431,0.818546
688.6616,687.8431,0.8185391
688.6616,687.8431,0.8185079
688.6616,687.8431,0.8184976
688.6616,687.8431,0.8184958
688.6616,687.8431,0.8184912
688.6616,687.8431,0.8184854
688.6616,687.8431,0.8184686
688.6616,687.8431,0.8184525
688.6616,687.8432,0.8184489
688.6616,687.8432,0.8184398
688.6616,687.8432,0.8184294
688.6616,687.8432,0.8184178
688.6616,687.8432,0.81839
688.6616,687.8432,0.8183584
688.6616,687.8432,0.8183552
688.6616,687.8433,0.8183332
688.6616,687.8433,0.8183319
688.6616,687.8433,0.8182772
688.6616,687.8434,0.8182323
688.6616,687.8434,0.8181939
688.6616,687.8434,0.8181636
688.6616,687.8434,0.8181619
688.6616,687.8435,0.8181448
688.6616,687.8435,0.8181263
688.6616,687.8435,0.8180888
688.6616,687.8435,0.8180611
688.6616,687.8435,0.8180541
688.6616,687.8435,0.8180518
688.6616,687.8436,0.8179504
688.6616,687.8437,0.8179445
688.6616,687.8437,0.8179433
688.6616,687.8437,0.8179335
688.6616,687.8437,0.8179224
688.6616,687.8437,0.8179177
688.6616,687.8437,0.8179088
688.6616,687.8437,0.8178988
688.6616,687.8437,0.8178687
688.6616,687.8438,0.8178328
688.6616,687.8438,0.8178086
688.6616,687.8438,0.8177948
688.6616,687.8438,0.8177569
688.6616,687.8438,0.8177547
688.6616,687.8439,0.8177498
688.6616,687.8439,0.8177386
688.6616,687.8439,0.8177334
688.6616,687.8439,0.8177255
688.6616,687.8439,0.8177175
688.6616,687.8439,0.8177075
688.6616,687.8439,0.8177071
688.6616,687.8439,0.8176903
688.6616,687.8439,0.8176618
688.6616,687.844,0.8176409
688.6616,687.844,0.8176402
688.6616,687.844,0.8176386
688.6616,687.844,0.8176291
688.6616,687.844,0.8176191
688.6616,687.844,0.8176146
688.6616,687.844,0.8176073
688.6616,687.844,0.8175982
688.6616,687.844,0.8175971
688.6616,687.844,0.8175877
688.6616,687.844,0.8175757
688.6616,687.8441,0.817531
688.6616,687.8441,0.8175136
688.6616,687.8441,0.8174809
688.6616,687.8441,0.8174565
688.6616,687.8442,0.8174437
688.6616,687.8442,0.8174079
688.6616,687.8442,0.8173747
688.6616,687.8442,0.8173522
688.6616,687.8443,0.817308
688.6616,687.8443,0.8172698
688.6616,687.8444,0.8172488
688.6616,687.8444,0.8172395
688.6616,687.8444,0.817238
688.6616,687.8444,0.8172345
688.6616,687.8444,0.8171718
688.6616,687.8444,0.8171535
688.6616,687.8445,0.8171305
688.6616,687.8445,0.8171217
688.6616,687.8445,0.8171088
688.6616,687.8445,0.8170852
688.6616,687.8445,0.8170779
688.6616,687.8445,0.817069
688.6616,687.8446,0.8170499
688.6616,687.8447,0.8169351
688.6616,687.8447,0.8169208
688.6616,687.8448,0.8168163
688.6616,687.8448,0.8168086
688.6616,687.8448,0.816764
688.6616,687.8449,0.8167154
688.6616,687.8449,0.8166697
688.6616,687.845,0.8166109
688.6616,687.845,0.8165949
688.6616,687.8451,0.8165471
688.6616,687.8451,0.816535
688.6616,687.8451,0.8165158
688.6616,687.8451,0.8164881
688.6616,687.8451,0.8164867
688.6616,687.8451,0.816454
688.6616,687.8452,0.8163975
688.6616,687.8452,0.8163836
688.6616,687.8453,0.816276
688.6616,687.8453,0.8162505
688.6616,687.8454,0.8161822
688.6616,687.8455,0.8161058
688.6616,687.8455,0.8160815
688.6616,687.8456,0.8160372
688.6616,687.8456,0.8160274
688.6616,687.8456,0.8160077
688.6616,687.8456,0.8159792
688.6616,687.8457,0.815905
688.6616,687.8457,0.8158848
688.6616,687.8457,0.8158676
688.6616,687.8458,0.8158206
688.6616,687.8458,0.8157816
688.6616,687.8459,0.8157394
688.6616,687.8459,0.8157236
688.6616,687.8459,0.8157078
688.6616,687.846,0.8155815
688.6616,687.8461,0.8155424
688.6616,687.8461,0.8154887
688.6616,687.8461,0.8154821
688.6616,687.8461,0.8154628
688.6616,687.8462,0.8154206
688.6616,687.8462,0.8153693
688.6616,687.8463,0.8153227
688.6616,687.8463,0.8152832
688.6616,687.8464,0.815247
688.6616,687.8464,0.8151942
688.6616,687.8465,0.8151313
688.6616,687.8466,0.8150299
688.6616,687.8466,0.8149953
688.6616,687.8466,0.8149789
688.6616,687.8466,0.8149673
688.6616,687.8467,0.8148799
688.6616,687.8469,0.8146732
688.6616,687.8469,0.8146707
688.6616,687.8469,0.8146579
688.6616,687.847,0.8145984
688.6616,687.8471,0.814525
688.6616,687.8471,0.8145205
688.6616,687.8472,0.8144229
688.6616,687.8472,0.8144161
688.6616,687.8472,0.8144043
688.6616,687.8472,0.8143924
688.6616,687.8472,0.8143594
688.6616,687.8473,0.8143313
688.6616,687.8473,0.8142619
688.6616,687.8475,0.8140724
688.6616,687.8475,0.8140716
688.6616,687.848,0.8135741
688.6616,687.848,0.8135506
688.6616,687.8481,0.8135496
688.6616,687.8481,0.8134792
688.6616,687.8481,0.8134724
688.6616,687.8481,0.8134686
688.6616,687.8482,0.8134123
688.6616,687.8482,0.8133547
688.6616,687.8483,0.8133004
688.6616,687.8483,0.8132725
688.6616,687.8483,0.8132501
688.6616,687.8484,0.8132337
688.6616,687.8484,0.8131934
688.6616,687.8484,0.8131631
688.6616,687.8485,0.813113
688.6616,687.8486,0.8130172
688.6616,687.8486,0.812994
688.6616,687.8486,0.8129662
688.6616,687.8487,0.8129412
688.6616,687.8487,0.8129198
688.6616,687.8487,0.8128866
688.6616,687.8487,0.8128775
688.6616,687.8488,0.8127964
688.6616,687.8488,0.8127927
688.6616,687.8488,0.8127629
688.6616,687.8489,0.8126573
688.6616,687.849,0.8126239
688.6616,687.8491,0.81252
688.6616,687.8491,0.8124773
688.6616,687.8492,0.8124247
688.6616,687.8492,0.8124102
688.6616,687.8493,0.8122979
688.6616,687.8493,0.8122749
688.6616,687.8495,0.8121019
688.6616,687.8496,0.8120471
688.6616,687.8496,0.8120209
688.6616,687.8496,0.8119764
688.6616,687.8497,0.8119413
688.6616,687.8497,0.8118728
688.6616,687.85,0.8116351
688.6616,687.8501,0.8115402
688.6616,687.8501,0.8114979
688.6616,687.8501,0.8114926
688.6616,687.8501,0.8114527
688.6616,687.8502,0.8114001
688.6616,687.8503,0.8113445
688.6616,687.8503,0.8112856
688.6616,687.8504,0.8111889
688.6616,687.8505,0.8111477
688.6616,687.8505,0.8111431
688.6616,687.8505,0.8111215
688.6616,687.8505,0.8111022
688.6616,687.8506,0.8109931
688.6616,687.8506,0.8109715
688.6616,687.8506,0.8109678
688.6616,687.8506,0.8109672
688.6616,687.8506,0.810955
688.6616,687.8508,0.8108193
688.6616,687.8509,0.8107395
688.6616,687.8509,0.8106741
688.6616,687.8513,0.8102502
688.6616,687.8514,0.8102309
688.6616,687.8514,0.8102153
688.6616,687.8514,0.810199
688.6616,687.8514,0.8101926
688.6616,687.8514,0.8101618
688.6616,687.8515,0.8101435
688.6616,687.8516,0.8100348
688.6616,687.8516,0.8100342
688.6616,687.8517,0.8098663
688.6616,687.8517,0.8098506
688.6616,687.8518,0.8097798
688.6616,687.8518,0.8097752
688.6616,687.852,0.8096256
688.6616,687.8521,0.8095135
688.6616,687.8521,0.8095075
688.6616,687.8522,0.8093711
688.6616,687.8523,0.8092836
688.6616,687.8524,0.8091904
688.6616,687.8525,0.8090955
688.6616,687.8525,0.8090721
688.6616,687.8526,0.8090245
688.6616,687.8526,0.8090156
688.6616,687.8526,0.8089833
688.6616,687.8526,0.8089705
688.6616,687.8527,0.8089298
688.6616,687.8528,0.80883
688.6616,687.853,0.8085927
688.6616,687.853,0.8085583
688.6616,687.8531,0.808453
688.6616,687.8532,0.8084233
688.6616,687.8535,0.8081292
688.6616,687.8535,0.8081091
688.6616,687.8535,0.8080625
688.6616,687.8537,0.8079361
688.6616,687.8537,0.8079246
688.6616,687.8537,0.8079083
688.6616,687.854,0.8076133
688.6616,687.854,0.8075567
688.6616,687.8541,0.807501
688.6616,687.8543,0.8072974
688.6616,687.8543,0.8072639
688.6616,687.8544,0.8071625
688.6616,687.8545,0.8070916
688.6616,687.8546,0.8070376
688.6616,687.8546,0.8070315
688.6616,687.8546,0.8069916
688.6616,687.8546,0.8069862
688.6616,687.8546,0.8069533
688.6616,687.8547,0.8069367
688.6616,687.8547,0.8069087
688.6616,687.8547,0.8068949
688.6616,687.8548,0.8068461
688.6616,687.8548,0.8067965
688.6616,687.8548,0.8067675
688.6616,687.8549,0.8067295
688.6616,687.8553,0.8062521
688.6616,687.8554,0.806223
688.6616,687.8554,0.8062145
688.6616,687.8554,0.8062041
688.6616,687.8554,0.8061613
688.6616,687.8555,0.8060839
688.6616,687.8557,0.8059359
688.6616,687.856,0.8056378
688.6616,687.8561,0.8055092
688.6616,687.8561,0.8054872
688.6616,687.8563,0.8052943
688.6616,687.8563,0.8052854
688.6616,687.8563,0.805253
688.6616,687.8564,0.8052356
688.6616,687.8564,0.8052222
688.6616,687.8565,0.8050839
688.6616,687.8565,0.8050754
688.6616,687.8566,0.8049969
688.6616,687.8566,0.804988
688.6616,687.8567,0.8048715
688.6616,687.8568,0.8048106
688.6616,687.8568,0.8047966
688.6616,687.8568,0.8047552
688.6616,687.8569,0.8046852
688.6616,687.857,0.8046445
688.6616,687.857,0.8046266
688.6616,687.857,0.8045673
688.6616,687.8571,0.8045333
688.6616,687.8571,0.8045308
688.6616,687.8572,0.8044446
688.6616,687.8572,0.8044226
688.6616,687.8573,0.8043164
688.6616,687.8573,0.8042928
688.6616,687.8573,0.804256
688.6616,687.8574,0.804236
688.6616,687.8575,0.8041252
688.6616,687.8577,0.8039393
688.6616,687.8577,0.8038712
688.6616,687.8577,0.8038617
688.6616,687.8578,0.8038004
688.6616,687.8579,0.8037464
688.6616,687.858,0.8036277
688.6616,687.858,0.8036153
688.6616,687.858,0.8036089
688.6616,687.858,0.8035754
688.6616,687.8582,0.8034479
688.6616,687.8583,0.8032549
688.6616,687.8584,0.803238
688.6616,687.8584,0.8032052
688.6616,687.8585,0.8031451
688.6616,687.8585,0.8030851
688.6616,687.8586,0.8030055
688.6616,687.8586,0.8029948
688.6616,687.8586,0.802993
688.6616,687.8587,0.8029243
688.6616,687.8587,0.8028756
688.6616,687.8587,0.8028682
688.6616,687.8587,0.8028628
688.6616,687.8588,0.8028376
688.6616,687.8588,0.8028249
688.6616,687.8589,0.8027298
688.6616,687.8589,0.8026872
688.6616,687.8589,0.8026861
688.6616,687.8589,0.802684
688.6616,687.859,0.8025949
688.6616,687.8592,0.8023708
688.6616,687.8592,0.8023666
688.6616,687.8593,0.8022844
688.6616,687.8593,0.8022689
688.6616,687.8593,0.8022581
688.6616,687.8594,0.8021805
688.6616,687.8595,0.8021437
688.6616,687.8595,0.8021131
688.6616,687.8596,0.8020363
688.6616,687.8596,0.8020334
688.6616,687.8596,0.8020119
688.6616,687.8596,0.8020066
688.6616,687.8597,0.8018925
688.6616,687.8597,0.8018908
688.6616,687.8598,0.8017882
688.6616,687.8598,0.801784
688.6616,687.8599,0.8017327
688.6616,687.86,0.8015759
688.6616,687.8601,0.8015332
688.6616,687.8601,0.8014772
688.6616,687.8602,0.8014156
688.6616,687.8605,0.8011202
688.6616,687.8605,0.8010967
688.6616,687.8605,0.8010819
688.6616,687.8607,0.8008624
688.6616,687.8608,0.8008131
688.6616,687.8611,0.8005193
688.6616,687.8612,0.8004278
688.6616,687.8612,0.8004236
688.6616,687.8615,0.8001283
688.6616,687.8616,0.7999604
688.6616,687.8617,0.7998897
688.6616,687.8618,0.7998189
688.6616,687.8623,0.7993377
688.6616,687.8625,0.7990816
688.6616,687.8627,0.7988825
688.6616,687.8628,0.7988408
688.6616,687.8629,0.7986914
688.6616,687.8629,0.7986736
688.6616,687.8631,0.7984679
688.6616,687.8634,0.798208
688.6616,687.8636,0.7980284
688.6616,687.8639,0.7977422
688.6616,687.864,0.7975949
688.6616,687.8643,0.7973367
688.6616,687.8643,0.7973231
688.6616,687.8643,0.7972787
688.6616,687.8643,0.7972563
688.6616,687.8644,0.7971751
688.6616,687.8647,0.7969111
688.6616,687.8649,0.7967024
688.6616,687.865,0.7966246
688.6616,687.865,0.7965861
688.6616,687.8652,0.7964433
688.6616,687.8655,0.7961453
688.6616,687.8656,0.7959826
688.6616,687.8658,0.7958101
688.6616,687.8659,0.7956764
688.6616,687.866,0.795593
688.6616,687.866,0.7955885
688.6616,687.8663,0.7953372
688.6616,687.867,0.7946209
688.6616,687.867,0.7945956
688.6616,687.8677,0.7939299
688.6616,687.8751,0.7864565
688.6616,687.8803,0.7813429
688.6616,687.887,0.7745752
688.6616,687.8873,0.7742906
688.6616,687.8879,0.7736757
688.6616,687.8892,0.7724418
688.6616,687.9099,0.7516535
688.6616,687.9113,0.7502981
688.6616,687.9535,0.7080758
688.6616,687.9597,0.7018637
688.6616,687.9598,0.7018223
688.6616,687.9647,0.6968557
688.6616,687.9656,0.6959593
688.6616,687.966,0.6956361
688.6616,687.9672,0.6943502
688.6616,687.9681,0.6935037
688.6616,687.9689,0.6926638
688.6616,687.9694,0.6921846
688.6616,687.9698,0.6917638
688.6616,687.97,0.691638
688.6616,687.9708,0.6907526
688.6616,687.9715,0.6901453
688.6616,687.9721,0.6894995
688.6616,687.9726,0.6890245
688.6616,687.9727,0.6888537
688.6616,687.9728,0.6888476
688.6616,687.973,0.6885756
688.6616,687.9742,0.6874355
688.6616,687.9744,0.6872424
688.6616,687.9744,0.6872197
688.6616,687.9748,0.6867878
688.6616,687.9749,0.6867424
688.6616,687.9752,0.6864071
688.6616,687.9753,0.6863383
688.6616,687.9759,0.6857097
688.6616,687.9759,0.685687
688.6616,687.976,0.6856154
688.6616,687.976,0.685564
688.6616,687.9761,0.6854657
688.6616,687.9762,0.6853947
688.6616,687.9762,0.6853889
688.6616,687.9763,0.6853129
688.6616,687.9765,0.6851312
688.6616,687.9768,0.6848151
688.6616,687.9768,0.6848067
688.6616,687.977,0.684642
688.6616,687.9772,0.6844372
688.6616,687.9772,0.6844343
688.6616,687.9773,0.6843035
688.6616,687.9776,0.6839601
688.6616,687.9777,0.6838745
688.6616,687.9778,0.6838004
688.6616,687.9778,0.6837686
688.6616,687.978,0.6836206
688.6616,687.978,0.6835871
688.6616,687.9781,0.6835383
688.6616,687.9781,0.6834553
688.6616,687.9787,0.6829369
688.6616,687.9787,0.6829301
688.6616,687.9788,0.6827822
688.6616,687.9788,0.68278
688.6616,687.9789,0.682735
688.6616,687.9789,0.6827197
688.6616,687.9791,0.6824645
688.6616,687.9792,0.682426
688.6616,687.9793,0.6822543
688.6616,687.9794,0.6821852
688.6616,687.9794,0.6821843
688.6616,687.9795,0.6820669
688.6616,687.9796,0.6819846
688.6616,687.9797,0.6818952
688.6616,687.9797,0.6818569
688.6616,687.9798,0.6818073
688.6616,687.9798,0.6817865
688.6616,687.9799,0.6817263
688.6616,687.9799,0.6817202
688.6616,687.9799,0.6817062
688.6616,687.9799,0.6816849
688.6616,687.9799,0.6816775
688.6616,687.98,0.6816157
688.6616,687.98,0.6816057
688.6616,687.98,0.6815528
688.6616,687.9801,0.681533
688.6616,687.9802,0.6814388
688.6616,687.9802,0.6814082
688.6616,687.9802,0.6813651
688.6616,687.9803,0.6813462
688.6616,687.9803,0.6813345
688.6616,687.9803,0.6813243
688.6616,687.9803,0.6813166
688.6616,687.9804,0.6812481
688.6616,687.9805,0.6811003
688.6616,687.9806,0.6809893
688.6616,687.9806,0.6809614
688.6616,687.9806,0.6809593
688.6616,687.9807,0.6808578
688.6616,687.9808,0.6808422
688.6616,687.9808,0.6808341
688.6616,687.9808,0.6807963
688.6616,687.9808,0.6807741
688.6616,687.9808,0.68076
688.6616,687.9808,0.6807539
688.6616,687.9809,0.6806825
688.6616,687.981,0.6806438
688.6616,687.981,0.6806394
688.6616,687.981,0.6805887
688.6616,687.9811,0.6805254
688.6616,687.9812,0.6804157
688.6616,687.9812,0.6804
688.6616,687.9812,0.6803822
688.6616,687.9813,0.6803007
688.6616,687.9813,0.6802795
688.6616,687.9813,0.6802553
688.6616,687.9813,0.6802551
688.6616,687.9814,0.6802249
688.6616,687.9814,0.6802245
688.6616,687.9814,0.6802067
688.6616,687.9814,0.6801883
688.6616,687.9814,0.6801532
688.6616,687.9816,0.6800402
688.6616,687.9816,0.6799571
688.6616,687.9817,0.6798802
688.6616,687.9817,0.6798541
688.6616,687.9818,0.6798205
688.6616,687.9818,0.6798024
688.6616,687.9819,0.6797352
688.6616,687.9819,0.6797334
688.6616,687.9819,0.6797235
688.6616,687.982,0.679573
688.6616,687.982,0.6795605
688.6616,687.982,0.679553
688.6616,687.9821,0.6795463
688.6616,687.9821,0.6795341
688.6616,687.9821,0.6795221
688.6616,687.9822,0.6794004
688.6616,687.9822,0.6793979
688.6616,687.9823,0.6793385
688.6616,687.9823,0.6793345
688.6616,687.9823,0.6792709
688.6616,687.9824,0.6792133
688.6616,687.9824,0.6791701
688.6616,687.9825,0.6791091
688.6616,687.9825,0.6790937
688.6616,687.9826,0.6790443
688.6616,687.9826,0.6790349
688.6616,687.9826,0.6790286
688.6616,687.9826,0.6790008
688.6616,687.9826,0.6789839
688.6616,687.9826,0.6789673
688.6616,687.9827,0.6789447
688.6616,687.9827,0.6788915
688.6616,687.9827,0.6788892
688.6616,687.9827,0.6788876
688.6616,687.9828,0.6788013
688.6616,687.9828,0.6787658
688.6616,687.9829,0.6787369
688.6616,687.9829,0.6787271
688.6616,687.9829,0.6787102
688.6616,687.9829,0.6786989
688.6616,687.983,0.6786435
688.6616,687.983,0.678642
688.6616,687.983,0.6785809
688.6616,687.983,0.6785754
688.6616,687.983,0.6785741
688.6616,687.983,0.6785669
688.6616,687.9831,0.6785283
688.6616,687.9832,0.6783812
688.6616,687.9832,0.6783572
688.6616,687.9833,0.6783314
688.6616,687.9833,0.678321
688.6616,687.9833,0.6782757
688.6616,687.9835,0.6781338
688.6616,687.9835,0.6781331
688.6616,687.9835,0.6781096
688.6616,687.9836,0.6780372
688.6616,687.9836,0.6780357
688.6616,687.9836,0.678002
688.6616,687.9836,0.6780006
688.6616,687.9836,0.6779877
688.6616,687.9837,0.6779371
688.6616,687.9837,0.677933
688.6616,687.9837,0.677872
688.6616,687.9837,0.677858
688.6616,687.9838,0.6778369
688.6616,687.9838,0.6778206
688.6616,687.9839,0.6777448
688.6616,687.9839,0.6777037
688.6616,687.9839,0.6777035
688.6616,687.9839,0.677682
688.6616,687.9839,0.6776812
688.6616,687.9839,0.6776808
688.6616,687.9839,0.6776504
688.6616,687.984,0.6776142
688.6616,687.984,0.677574
688.6616,687.9841,0.6775261
688.6616,687.9841,0.6774962
688.6616,687.9841,0.6774745
688.6616,687.9841,0.6774539
688.6616,687.9842,0.6774207
688.6616,687.9842,0.6774179
688.6616,687.9842,0.6774135
688.6616,687.9842,0.6773992
688.6616,687.9842,0.6773594
688.6616,687.9843,0.6773214
688.6616,687.9843,0.6773164
688.6616,687.9843,0.6773154
688.6616,687.9843,0.6773016
688.6616,687.9843,0.6772988
688.6616,687.9843,0.6772833
688.6616,687.9844,0.6771779
688.6616,687.9844,0.6771724
688.6616,687.9844,0.6771603
688.6616,687.9844,0.6771596
688.6616,687.9845,0.677145
688.6616,687.9845,0.6771368
688.6616,687.9845,0.6771266
688.6616,687.9845,0.6771223
688.6616,687.9845,0.6771029
688.6616,687.9845,0.6770873
688.6616,687.9845,0.6770851
688.6616,687.9845,0.6770809
688.6616,687.9845,0.6770803
688.6616,687.9846,0.6770352
688.6616,687.9846,0.6770198
688.6616,687.9846,0.6770187
688.6616,687.9846,0.6770147
688.6616,687.9846,0.6770042
688.6616,687.9846,0.6769504
688.6616,687.9847,0.6769417
688.6616,687.9847,0.6769337
688.6616,687.9847,0.6769127
688.6616,687.9847,0.6768798
688.6616,687.9848,0.6768461
688.6616,687.9848,0.6767811
688.6616,687.9848,0.6767695
688.6616,687.9849,0.6767353
688.6616,687.9849,0.6767332
688.6616,687.9849,0.6767291
688.6616,687.9849,0.6767271
688.6616,687.9849,0.6767237
688.6616,687.9849,0.6767189
688.6616,687.9849,0.6767112
688.6616,687.9849,0.6767095
688.6616,687.9849,0.6767059
688.6616,687.9849,0.6766861
688.6616,687.9849,0.6766746
688.6616,687.985,0.6766477
688.6616,687.985,0.6766396
688.6616,687.985,0.6765926
688.6616,687.985,0.67659
688.6616,687.985,0.6765663
688.6616,687.9851,0.6765351
688.6616,687.9851,0.6765326
688.6616,687.9851,0.6765278
688.6616,687.9851,0.676514
688.6616,687.9851,0.6765047
688.6616,687.9851,0.6764957
688.6616,687.9851,0.6764916
688.6616,687.9851,0.6764806
688.6616,687.9851,0.6764653
688.6616,687.9851,0.6764622
688.6616,687.9852,0.6764478
688.6616,687.9852,0.6764414
688.6616,687.9852,0.6763964
688.6616,687.9853,0.6763366
688.6616,687.9853,0.6763134
688.6616,687.9853,0.6762928
688.6616,687.9853,0.6762807
688.6616,687.9853,0.6762677
688.6616,687.9853,0.6762665
688.6616,687.9854,0.6762407
688.6616,687.9854,0.6762385
688.6616,687.9854,0.6761958
688.6616,687.9854,0.6761771
688.6616,687.9855,0.6761487
688.6616,687.9855,0.6761455
688.6616,687.9855,0.6761435
688.6616,687.9855,0.6761428
688.6616,687.9855,0.6761254
688.6616,687.9855,0.67611
688.6616,687.9855,0.6761094
688.6616,687.9855,0.6760743
688.6616,687.9855,0.6760679
688.6616,687.9855,0.6760516
688.6616,687.9856,0.6760417
688.6616,687.9856,0.6760227
688.6616,687.9856,0.6760043
688.6616,687.9856,0.6759838
688.6616,687.9856,0.6759758
688.6616,687.9857,0.6759446
688.6616,687.9857,0.6759335
688.6616,687.9857,0.6759237
688.6616,687.9857,0.6759202
688.6616,687.9857,0.6759109
688.6616,687.9857,0.6759078
688.6616,687.9857,0.6758944
688.6616,687.9857,0.6758914
688.6616,687.9857,0.6758879
688.6616,687.9857,0.6758727
688.6616,687.9858,0.6758309
688.6616,687.9858,0.6758271
688.6616,687.9858,0.6757796
688.6616,687.9858,0.6757548
688.6616,687.9858,0.6757535
688.6616,687.9859,0.6757253
688.6616,687.9859,0.6757078
688.6616,687.9859,0.6756816
688.6616,687.9859,0.6756519
688.6616,687.986,0.6756443
688.6616,687.986,0.6756242
688.6616,687.986,0.6756219
688.6616,687.986,0.6756149
688.6616,687.986,0.6756146
688.6616,687.986,0.6756121
688.6616,687.986,0.6756112
688.6616,687.986,0.6755559
688.6616,687.9861,0.6754514
688.6616,687.9862,0.6754266
688.6616,687.9862,0.6754241
688.6616,687.9862,0.6753948
688.6616,687.9862,0.6753797
688.6616,687.9862,0.6753702
688.6616,687.9862,0.6753653
688.6616,687.9863,0.6753443
688.6616,687.9863,0.6753019
688.6616,687.9864,0.6752467
688.6616,687.9864,0.6752418
688.6616,687.9864,0.6752343
688.6616,687.9864,0.6752312
688.6616,687.9864,0.675225
688.6616,687.9864,0.6752021
688.6616,687.9864,0.6751586
688.6616,687.9865,0.6751089
688.6616,687.9865,0.6750969
688.6616,687.9865,0.675056
688.6616,687.9865,0.6750526
688.6616,687.9866,0.6750066
688.6616,687.9866,0.6749813
688.6616,687.9866,0.6749799
688.6616,687.9866,0.6749648
688.6616,687.9866,0.6749501
688.6616,687.9867,0.6749423
688.6616,687.9867,0.6748862
688.6616,687.9867,0.6748628
688.6616,687.9867,0.6748556
688.6616,687.9868,0.6748403
688.6616,687.9868,0.6748401
688.6616,687.9868,0.6748395
688.6616,687.9868,0.6748375
688.6616,687.9868,0.6748223
688.6616,687.9868,0.6748216
688.6616,687.9868,0.6748058
688.6616,687.9868,0.6747856
688.6616,687.9868,0.6747818
688.6616,687.9869,0.6747427
688.6616,687.9869,0.6746945
688.6616,687.9869,0.6746781
688.6616,687.9869,0.6746602
688.6616,687.987,0.6746354
688.6616,687.987,0.6746269
688.6616,687.987,0.6745916
688.6616,687.987,0.6745881
688.6616,687.987,0.6745797
688.6616,687.987,0.6745668
688.6616,687.987,0.6745604
688.6616,687.9871,0.6745401
688.6616,687.9871,0.6745376
688.6616,687.9871,0.6745335
688.6616,687.9871,0.6745111
688.6616,687.9871,0.6744767
688.6616,687.9871,0.6744549
688.6616,687.9871,0.6744542
688.6616,687.9872,0.6744418
688.6616,687.9872,0.6744294
688.6616,687.9872,0.6744062
688.6616,687.9872,0.6743943
688.6616,687.9872,0.6743904
688.6616,687.9872,0.6743727
688.6616,687.9872,0.6743651
688.6616,687.9873,0.674349
688.6616,687.9873,0.674347
688.6616,687.9873,0.6743441
688.6616,687.9873,0.6743375
688.6616,687.9873,0.6743278
688.6616,687.9873,0.6743249
688.6616,687.9873,0.6743096
688.6616,687.9873,0.6743032
688.6616,687.9873,0.6742967
688.6616,687.9873,0.6742846
688.6616,687.9873,0.6742763
688.6616,687.9874,0.6742485
688.6616,687.9874,0.6742279
688.6616,687.9874,0.6742279
688.6616,687.9874,0.6742089
688.6616,687.9874,0.6742005
688.6616,687.9875,0.6741461
688.6616,687.9875,0.6741334
688.6616,687.9875,0.6741306
688.6616,687.9875,0.6741091
688.6616,687.9875,0.6740982
688.6616,687.9875,0.6740718
688.6616,687.9875,0.6740572
688.6616,687.9876,0.6740438
688.6616,687.9876,0.6740238
688.6616,687.9876,0.6740212
688.6616,687.9876,0.6739813
688.6616,687.9877,0.6739251
688.6616,687.9877,0.6738715
688.6616,687.9877,0.6738703
688.6616,687.9877,0.6738669
688.6616,687.9877,0.6738586
688.6616,687.9878,0.6738309
688.6616,687.9878,0.6738261
688.6616,687.9878,0.673824
688.6616,687.9878,0.6738211
688.6616,687.9878,0.6737879
688.6616,687.9878,0.67378
688.6616,687.9878,0.6737793
688.6616,687.9879,0.6737499
688.6616,687.9879,0.6737472
688.6616,687.9879,0.6737253
688.6616,687.9879,0.6737213
688.6616,687.9879,0.6737026
688.6616,687.9879,0.6736784
688.6616,687.9879,0.6736777
688.6616,687.9879,0.6736511
688.6616,687.988,0.6736493
688.6616,687.988,0.6736492
688.6616,687.988,0.6736323
688.6616,687.9881,0.6735366
688.6616,687.9881,0.6735222
688.6616,687.9881,0.6735218
688.6616,687.9881,0.6735064
688.6616,687.9881,0.6734831
688.6616,687.9881,0.6734791
688.6616,687.9881,0.673477
688.6616,687.9881,0.6734649
688.6616,687.9882,0.6734347
688.6616,687.9882,0.6734233
688.6616,687.9883,0.6733001
688.6616,687.9883,0.6732707
688.6616,687.9883,0.67327
688.6616,687.9884,0.6732072
688.6616,687.9884,0.6732035
688.6616,687.9885,0.6731404
688.6616,687.9885,0.6730991
688.6616,687.9885,0.6730556
688.6616,687.9887,0.672947
688.6616,687.9887,0.6728512
688.6616,687.9888,0.6728015
688.6616,687.9889,0.6727284
688.6616,687.9889,0.6727263
688.6616,687.989,0.6726479
688.6616,687.9891,0.672538
688.6616,687.9891,0.672527
688.6616,687.9892,0.672401
688.6616,687.9893,0.6722968
688.6616,687.9893,0.6722772
688.6616,687.9893,0.6722648
688.6616,687.9894,0.6721677
688.6616,687.9897,0.6719409
688.6616,687.9897,0.6719263
688.6616,687.9897,0.6718909
688.6616,687.9898,0.6717969
688.6616,687.9899,0.6717286
688.6616,687.9899,0.671669
688.6616,687.9899,0.6716593
688.6616,687.99,0.6716179
688.6616,687.9901,0.6714773
688.6616,687.9902,0.6714086
688.6616,687.9902,0.6714034
688.6616,687.9903,0.6713391
688.6616,687.9904,0.6711624
688.6616,687.9905,0.6710853
688.6616,687.9905,0.6710697
688.6616,687.9905,0.671057
688.6616,687.9906,0.6709646
688.6616,687.9906,0.6709614
688.6616,687.9906,0.6709601
688.6616,687.9907,0.6708898
688.6616,687.9908,0.6708432
688.6616,687.9908,0.6708378
688.6616,687.9911,0.6705159
688.6616,687.9912,0.6704279
688.6616,687.9915,0.670091
688.6616,687.9917,0.669912
688.6616,687.9917,0.6698523
688.6616,687.9922,0.6693872
688.6616,687.9924,0.669226
688.6616,687.9925,0.6690785
688.6616,687.9926,0.6690236
688.6616,687.9929,0.6686676
688.6616,687.9944,0.6672193
688.6616,687.9945,0.6670737
688.6616,687.9947,0.6669272
688.6616,687.9949,0.6667019
688.6616,687.9953,0.6662802
688.6616,687.9954,0.6662052
688.6616,687.9972,0.664407
688.6616,687.9973,0.6642766
688.6616,687.9979,0.6636924
688.6616,687.9987,0.6629212
688.6616,687.9989,0.6626877
688.6616,687.999,0.6626323
688.6616,687.9992,0.6624339
688.6616,687.9998,0.6617628
688.6616,688.0007,0.6608869
688.6616,688.002,0.6596099
688.6616,688.0021,0.6595036
688.6616,688.0029,0.6587414
688.6616,688.0032,0.658368
688.6616,688.0054,0.6562277
688.6616,688.0068,0.6547774
688.6616,688.007,0.6545605
688.6616,688.0084,0.6532434
688.6616,688.0091,0.6524512
688.6616,688.0095,0.6521167
688.6616,688.011,0.6505532
688.6616,688.0112,0.6504211
688.6616,688.0131,0.6484618
688.6616,688.0133,0.6482578
688.6616,688.014,0.6476031
688.6616,688.0145,0.6470596
688.6616,688.0148,0.6467945
688.6616,688.015,0.6465841
688.6616,688.0157,0.6459155
688.6616,688.016,0.6456126
688.6616,688.0176,0.6440485
688.6616,688.0176,0.6440444
688.6616,688.0177,0.6439085
688.6616,688.0181,0.6435051
688.6616,688.0188,0.6428358
688.6616,688.0192,0.6423833
688.6616,688.0194,0.6421724
688.6616,688.0201,0.6415157
688.6616,688.0206,0.6410356
688.6616,688.0208,0.6408115
688.6616,688.021,0.640642
688.6616,688.0214,0.6401887
688.6616,688.0214,0.6401651
688.6616,688.0215,0.6400594
688.6616,688.0215,0.6400524
688.6616,688.0216,0.6400249
688.6616,688.0216,0.639984
688.6616,688.0219,0.6397243
688.6616,688.022,0.6395967
688.6616,688.0221,0.6395174
688.6616,688.0221,0.6394667
688.6616,688.0224,0.6392238
688.6616,688.0224,0.6391526
688.6616,688.0225,0.6390876
688.6616,688.0227,0.6389492
688.6616,688.0228,0.6388237
688.6616,688.023,0.6385571
688.6616,688.0231,0.6384784
688.6616,688.0232,0.6383895
688.6616,688.0232,0.6383533
688.6616,688.0233,0.6383237
688.6616,688.0234,0.6382368
688.6616,688.0234,0.6381869
688.6616,688.0236,0.6379731
688.6616,688.0237,0.6379292
688.6616,688.0237,0.6379215
688.6616,688.0238,0.637826
688.6616,688.0238,0.6378112
688.6616,688.0239,0.6376586
688.6616,688.024,0.637599
688.6616,688.0242,0.6374487
688.6616,688.0242,0.6374413
688.6616,688.0243,0.637317
688.6616,688.0243,0.6372802
688.6616,688.0243,0.6372579
688.6616,688.0243,0.637253
688.6616,688.0244,0.6372486
688.6616,688.0244,0.6372318
688.6616,688.0244,0.6372271
688.6616,688.0244,0.6372227
688.6616,688.0244,0.6371687
688.6616,688.0244,0.6371667
688.6616,688.0245,0.6371289
688.6616,688.0246,0.6369533
688.6616,688.0248,0.6368426
688.6616,688.0248,0.6368084
688.6616,688.0248,0.6367753
688.6616,688.0248,0.6367502
688.6616,688.0249,0.6367403
688.6616,688.0249,0.636715
688.6616,688.0249,0.6366842
688.6616,688.0249,0.6366808
688.6616,688.025,0.6366146
688.6616,688.025,0.636589
688.6616,688.0251,0.6365287
688.6616,688.0252,0.6364204
688.6616,688.0252,0.6364087
688.6616,688.0252,0.6364043
688.6616,688.0252,0.6363618
688.6616,688.0253,0.6362745
688.6616,688.0254,0.6362094
688.6616,688.0255,0.6361334
688.6616,688.0257,0.6358702
688.6616,688.0258,0.6358471
688.6616,688.0259,0.6357376
688.6616,688.0261,0.6354713
688.6616,688.0261,0.6354509
688.6616,688.0262,0.6354104
688.6616,688.0266,0.6350472
688.6616,688.0267,0.6348767
688.6616,688.027,0.6346223
688.6616,688.0273,0.6343283
688.6616,688.0273,0.634254
688.6616,688.0274,0.6341914
688.6616,688.0275,0.6341072
688.6616,688.0276,0.6339846
688.6616,688.0276,0.633965
688.6616,688.0277,0.633904
688.6616,688.0278,0.6337827
688.6616,688.0281,0.6334815
688.6616,688.0283,0.6333053
688.6616,688.0284,0.6332478
688.6616,688.0287,0.6329006
688.6616,688.0287,0.6328776
688.6616,688.0292,0.6323831
688.6616,688.0296,0.6320254
688.6616,688.0299,0.6317091
688.6616,688.03,0.6316473
688.6616,688.03,0.6315653
688.6616,688.0301,0.631463
688.6616,688.0302,0.6313564
688.6616,688.0304,0.6311639
688.6616,688.0305,0.6310654
688.6616,688.0308,0.6307961
688.6616,688.0309,0.6307283
688.6616,688.0309,0.630721
688.6616,688.0309,0.6306801
688.6616,688.0311,0.6305248
688.6616,688.0312,0.6303794
688.6616,688.0312,0.630362
688.6616,688.0315,0.6300736
688.6616,688.0315,0.6300707
688.6616,688.0316,0.6299544
688.6616,688.0317,0.6299411
688.6616,688.0317,0.6298807
688.6616,688.0318,0.6298445
688.6616,688.0318,0.6298201
688.6616,688.0318,0.6298038
688.6616,688.0318,0.6297573
688.6616,688.0319,0.6297305
688.6616,688.0319,0.6296845
688.6616,688.0319,0.6296643
688.6616,688.032,0.6295765
688.6616,688.0321,0.6295266
688.6616,688.0321,0.6294711
688.6616,688.0321,0.6294589
688.6616,688.0322,0.6293986
688.6616,688.0323,0.6293426
688.6616,688.0323,0.6293
688.6616,688.0323,0.6292687
688.6616,688.0324,0.6291842
688.6616,688.0324,0.6291811
688.6616,688.0326,0.6290112
688.6616,688.0326,0.6289968
688.6616,688.0326,0.6289567
688.6616,688.0327,0.6289046
688.6616,688.0328,0.6288387
688.6616,688.0329,0.6287296
688.6616,688.0332,0.628432
688.6616,688.0332,0.6284148
688.6616,688.0333,0.628334
688.6616,688.0334,0.6281669
688.6616,688.0334,0.6281505
688.6616,688.0335,0.6281377
688.6616,688.0336,0.6280096
688.6616,688.0336,0.6279767
688.6616,688.0336,0.6279761
688.6616,688.0337,0.6278943
688.6616,688.0339,0.6277383
688.6616,688.034,0.6276235
688.6616,688.0341,0.6275424
688.6616,688.0341,0.6274557
688.6616,688.0342,0.627409
688.6616,688.0342,0.6274087
688.6616,688.0344,0.6272282
688.6616,688.0344,0.6272229
688.6616,688.0346,0.626968
688.6616,688.0347,0.6268545
688.6616,688.0348,0.626802
688.6616,688.0348,0.6268002
688.6616,688.0349,0.626658
688.6616,688.0351,0.6264572
688.6616,688.0352,0.6264335
688.6616,688.0352,0.6264231
688.6616,688.0352,0.6263638
688.6616,688.0353,0.6263111
688.6616,688.0355,0.626055
688.6616,688.0358,0.6258023
688.6616,688.0358,0.6257806
688.6616,688.0358,0.6257694
688.6616,688.0358,0.6257507
688.6616,688.036,0.6256081
688.6616,688.0361,0.6255134
688.6616,688.0362,0.6254343
688.6616,688.0362,0.6254112
688.6616,688.0362,0.6253821
688.6616,688.0362,0.6253739
688.6616,688.0363,0.6253303
688.6616,688.0363,0.6253096
688.6616,688.0363,0.6252519
688.6616,688.0364,0.6251813
688.6616,688.0365,0.6251319
688.6616,688.0365,0.6251216
688.6616,688.0365,0.6250859
688.6616,688.0367,0.6249363
688.6616,688.0367,0.6249178
688.6616,688.0367,0.6248704
688.6616,688.0369,0.6246844
688.6616,688.037,0.6245952
688.6616,688.0372,0.6244188
688.6616,688.0373,0.6243366
688.6616,688.0373,0.624288
688.6616,688.0374,0.6242482
688.6616,688.0374,0.6242367
688.6616,688.0374,0.6242034
688.6616,688.0374,0.6241863
688.6616,688.0374,0.6241658
688.6616,688.0374,0.6241577
688.6616,688.0375,0.6241143
688.6616,688.0378,0.6237782
688.6616,688.0378,0.6237774
688.6616,688.0379,0.6237452
688.6616,688.0379,0.6237326
688.6616,688.0382,0.6234442
688.6616,688.0382,0.6234044
688.6616,688.0382,0.6234032
688.6616,688.0382,0.6234022
688.6616,688.0383,0.623344
688.6616,688.0383,0.6233255
688.6616,688.0385,0.6230737
688.6616,688.0385,0.6230718
688.6616,688.0387,0.6228561
688.6616,688.0388,0.6228485
688.6616,688.0388,0.6228121
688.6616,688.0388,0.622755
688.6616,688.0389,0.6226883
688.6616,688.0389,0.6226588
688.6616,688.039,0.6225544
688.6616,688.0391,0.6224762
688.6616,688.0392,0.6223953
688.6616,688.0393,0.6223268
688.6616,688.0395,0.6221454
688.6616,688.0396,0.6220415
688.6616,688.0396,0.6219876
688.6616,688.0397,0.6219341
688.6616,688.0397,0.6218832
688.6616,688.0401,0.6215215
688.6616,688.0402,0.6214468
688.6616,688.0402,0.6213508
688.6616,688.0406,0.6209579
688.6616,688.0411,0.6204595
688.6616,688.0412,0.6204478
688.6616,688.0412,0.6204267
688.6616,688.0412,0.6204084
688.6616,688.0412,0.6203787
688.6616,688.0412,0.6203786
688.6616,688.0414,0.620241
688.6616,688.0415,0.6200543
688.6616,688.0416,0.620029
688.6616,688.0416,0.6199969
688.6616,688.0416,0.6199925
688.6616,688.0417,0.6199237
688.6616,688.0417,0.6198549
688.6616,688.0418,0.6198052
688.6616,688.0418,0.6197944
688.6616,688.0418,0.6197637
688.6616,688.0419,0.6196906
688.6616,688.0419,0.6196904
688.6616,688.042,0.619605
688.6616,688.042,0.619601
688.6616,688.042,0.6195611
688.6616,688.042,0.61955
688.6616,688.0421,0.6195213
688.6616,688.0421,0.6195042
688.6616,688.0421,0.6194557
688.6616,688.0422,0.6193617
688.6616,688.0423,0.6192799
688.6616,688.0426,0.6190117
688.6616,688.0428,0.6187952
688.6616,688.0428,0.6187628
688.6616,688.0429,0.6186564
688.6616,688.043,0.6186145
688.6616,688.043,0.618584
688.6616,688.0431,0.6184532
688.6616,688.0432,0.6184053
688.6616,688.0433,0.6183409
688.6616,688.0435,0.6181348
688.6616,688.0436,0.6179899
688.6616,688.0437,0.6179454
688.6616,688.0437,0.6178938
688.6616,688.0439,0.6177065
688.6616,688.044,0.6176354
688.6616,688.0441,0.6175266
688.6616,688.0444,0.6172181
688.6616,688.0446,0.6170226
688.6616,688.0447,0.6169439
688.6616,688.045,0.6165959
688.6616,688.0453,0.6163364
688.6616,688.0455,0.6160784
688.6616,688.0463,0.6152567
688.6616,688.0465,0.6151151
688.6616,688.0466,0.6150452
688.6616,688.0466,0.6150114
688.6616,688.0471,0.6145289
688.6616,688.0474,0.614176
688.6616,688.0477,0.6139452
688.6616,688.0481,0.6134867
688.6616,688.0525,0.6090804
688.6616,688.0527,0.6088765
688.6616,688.061,0.6005947
688.6616,688.0654,0.5961975
688.6616,688.0679,0.5937376
688.6616,688.0689,0.5926874
688.6616,688.0697,0.5919311
688.6616,688.0698,0.5917652
688.6616,688.0708,0.5907543
688.6616,688.0714,0.590233
688.6616,688.0715,0.5900553
688.6616,688.0783,0.5833286
688.6616,688.0797,0.5819047
688.6616,688.0804,0.5811913
688.6616,688.0805,0.5810783
688.6616,688.0825,0.5790501
688.6616,688.0829,0.5787152
688.6616,688.0829,0.5786941
688.6616,688.0831,0.5785043
688.6616,688.0832,0.5784184
688.6616,688.0832,0.5783754
688.6616,688.0833,0.5783422
688.6616,688.0833,0.5782898
688.6616,688.0834,0.5781584
688.6616,688.0836,0.5780146
688.6616,688.0837,0.5779349
688.6616,688.0837,0.5778908
688.6616,688.0839,0.577717
688.6616,688.084,0.5775751
688.6616,688.0841,0.5774799
688.6616,688.0844,0.5771754
688.6616,688.0845,0.5770698
688.6616,688.0845,0.5770605
688.6616,688.0846,0.5769976
688.6616,688.0846,0.5769955
688.6616,688.0848,0.576821
688.6616,688.0849,0.5767442
688.6616,688.0851,0.5764811
688.6616,688.0851,0.5764661
688.6616,688.0851,0.5764563
688.6616,688.0852,0.5764369
688.6616,688.0853,0.576325
688.6616,688.0853,0.5762987
688.6616,688.0854,0.5761643
688.6616,688.0855,0.5760708
688.6616,688.0856,0.5759869
688.6616,688.0857,0.5759046
688.6616,688.0859,0.5756975
688.6616,688.086,0.5755909
688.6616,688.0861,0.5755339
688.6616,688.0864,0.5752215
688.6616,688.0864,0.575203
688.6616,688.0867,0.574913
688.6616,688.0867,0.5749048
688.6616,688.0867,0.5748823
688.6616,688.0868,0.5748109
688.6616,688.0868,0.5747688
688.6616,688.087,0.5746469
688.6616,688.0871,0.5745246
688.6616,688.0871,0.5745192
688.6616,688.0873,0.5742728
688.6616,688.0876,0.5739748
688.6616,688.0888,0.5728033
688.6616,688.0889,0.572673
688.6616,688.0896,0.5720361
688.6616,688.0909,0.5706977
688.6616,688.0912,0.5703673
688.6616,688.0915,0.5701035
688.6616,688.0923,0.5693107
688.6616,688.0947,0.5669463
688.6616,688.0968,0.5647756
688.6616,688.098,0.5635577
688.6616,688.0984,0.5632486
688.6616,688.099,0.5625948
688.6616,688.0997,0.5619089
688.6616,688.1007,0.5608523
688.6616,688.101,0.5606286
688.6616,688.1019,0.5597377
688.6616,688.1033,0.5583153
688.6616,688.1036,0.5580499
688.6616,688.104,0.5575645
688.6616,688.1043,0.5573441
688.6616,688.1043,0.5573053
688.6616,688.1053,0.5563
688.6616,688.1056,0.5560428
688.6616,688.1056,0.5559829
688.6616,688.1059,0.5557421
688.6616,688.1059,0.5556798
688.6616,688.1069,0.5547479
688.6616,688.107,0.5545993
688.6616,688.1071,0.5544738
688.6616,688.1075,0.5540653
688.6616,688.1076,0.5540019
688.6616,688.1082,0.5533902
688.6616,688.1083,0.5533346
688.6616,688.1084,0.5532157
688.6616,688.1084,0.5531739
688.6616,688.1085,0.5531323
688.6616,688.1086,0.5530487
688.6616,688.1087,0.5529414
688.6616,688.109,0.5526455
688.6616,688.109,0.5525587
688.6616,688.1092,0.5524211
688.6616,688.1095,0.552114
688.6616,688.1095,0.5520621
688.6616,688.1097,0.5518578
688.6616,688.1101,0.5515105
688.6616,688.1101,0.5514611
688.6616,688.1101,0.5514535
688.6616,688.1104,0.5512485
688.6616,688.1104,0.5512222
688.6616,688.1105,0.5510604
688.6616,688.1106,0.5510467
688.6616,688.1106,0.5509889
688.6616,688.1108,0.5507887
688.6616,688.1109,0.5507188
688.6616,688.1109,0.5506621
688.6616,688.1109,0.5506538
688.6616,688.111,0.5505632
688.6616,688.1112,0.5503772
688.6616,688.1113,0.5502875
688.6616,688.1114,0.5502099
688.6616,688.1114,0.5502005
688.6616,688.1114,0.5501974
688.6616,688.1114,0.5501927
688.6616,688.1114,0.5501926
688.6616,688.1114,0.5501892
688.6616,688.1114,0.5501565
688.6616,688.1115,0.5501478
688.6616,688.1115,0.5500952
688.6616,688.1115,0.5500844
688.6616,688.1115,0.5500693
688.6616,688.1117,0.5499067
688.6616,688.1117,0.5499019
688.6616,688.1118,0.5498404
688.6616,688.1118,0.5497728
688.6616,688.1118,0.5497599
688.6616,688.1119,0.5496711
688.6616,688.112,0.5496369
688.6616,688.112,0.5495747
688.6616,688.1121,0.5495455
688.6616,688.1121,0.5494789
688.6616,688.1121,0.5494674
688.6616,688.1122,0.5494484
688.6616,688.1122,0.5494282
688.6616,688.1122,0.5494236
688.6616,688.1122,0.5494126
688.6616,688.1122,0.54941
688.6616,688.1122,0.5494008
688.6616,688.1123,0.5493226
688.6616,688.1123,0.5493202
688.6616,688.1123,0.5492889
688.6616,688.1123,0.5492538
688.6616,688.1124,0.5492465
688.6616,688.1124,0.5492422
688.6616,688.1125,0.5490806
688.6616,688.1125,0.5490656
688.6616,688.1126,0.5490441
688.6616,688.1126,0.5490363
688.6616,688.1128,0.5487742
688.6616,688.1129,0.5487253
688.6616,688.1129,0.5487232
688.6616,688.1129,0.5486846
688.6616,688.113,0.548633
688.6616,688.113,0.5486166
688.6616,688.113,0.5486044
688.6616,688.113,0.548603
688.6616,688.113,0.5485595
688.6616,688.1131,0.5485135
688.6616,688.1131,0.5484876
688.6616,688.1131,0.5484788
688.6616,688.1132,0.5484209
688.6616,688.1132,0.5484162
688.6616,688.1133,0.548336
688.6616,688.1133,0.5482534
688.6616,688.1134,0.5482406
688.6616,688.1134,0.548169
688.6616,688.1135,0.548059
688.6616,688.1136,0.5480391
688.6616,688.1136,0.5479526
688.6616,688.1137,0.5479291
688.6616,688.1137,0.547859
688.6616,688.1138,0.5478133
688.6616,688.1138,0.5477959
688.6616,688.1139,0.5476973
688.6616,688.1139,0.547679
688.6616,688.1141,0.5475154
688.6616,688.1141,0.5474944
688.6616,688.1142,0.5474483
688.6616,688.1142,0.5474231
688.6616,688.1142,0.5473616
688.6616,688.1143,0.547319
688.6616,688.1143,0.5472663
688.6616,688.1144,0.5472342
688.6616,688.1144,0.5472232
688.6616,688.1144,0.5471601
688.6616,688.1145,0.5470918
688.6616,688.1146,0.5470427
688.6616,688.1146,0.5469676
688.6616,688.1147,0.5469412
688.6616,688.1147,0.5469366
688.6616,688.1147,0.5469351
688.6616,688.1147,0.5469256
688.6616,688.1147,0.5468892
688.6616,688.1147,0.5468792
688.6616,688.1148,0.5468329
688.6616,688.1148,0.5468104
688.6616,688.1148,0.5468033
688.6616,688.1148,0.5467516
688.6616,688.1149,0.54674
688.6616,688.1149,0.5467395
688.6616,688.1149,0.5467304
688.6616,688.1149,0.5467156
688.6616,688.1149,0.5467077
688.6616,688.1149,0.5466935
688.6616,688.115,0.5466285
688.6616,688.1151,0.5464816
688.6616,688.1152,0.5463973
688.6616,688.1152,0.5463954
688.6616,688.1152,0.5463688
688.6616,688.1152,0.5463551
688.6616,688.1153,0.5463268
688.6616,688.1153,0.5463245
688.6616,688.1153,0.546283
688.6616,688.1154,0.546227
688.6616,688.1154,0.5461793
688.6616,688.1154,0.5461584
688.6616,688.1155,0.5461043
688.6616,688.1155,0.5460834
688.6616,688.1155,0.5460678
688.6616,688.1155,0.5460664
688.6616,688.1156,0.5460491
688.6616,688.1156,0.5460445
688.6616,688.1156,0.5460379
688.6616,688.1156,0.5460349
688.6616,688.1156,0.5460285
688.6616,688.1156,0.5459901
688.6616,688.1156,0.5459711
688.6616,688.1156,0.5459506
688.6616,688.1157,0.5459276
688.6616,688.1157,0.5459053
688.6616,688.1157,0.5458615
688.6616,688.1157,0.5458592
688.6616,688.1158,0.5457782
688.6616,688.1158,0.5457567
688.6616,688.1159,0.5457445
688.6616,688.1159,0.5457405
688.6616,688.1159,0.5457236
688.6616,688.1159,0.5456932
688.6616,688.1159,0.5456857
688.6616,688.1159,0.5456825
688.6616,688.1159,0.5456608
688.6616,688.116,0.5455645
688.6616,688.1161,0.5455132
688.6616,688.1161,0.5454663
688.6616,688.1162,0.5454344
688.6616,688.1162,0.5454182
688.6616,688.1162,0.5454111
688.6616,688.1162,0.5454056
688.6616,688.1162,0.5453942
688.6616,688.1163,0.5453273
688.6616,688.1163,0.5452743
688.6616,688.1164,0.5452431
688.6616,688.1164,0.5452392
688.6616,688.1164,0.5452314
688.6616,688.1164,0.5451796
688.6616,688.1165,0.5451201
688.6616,688.1165,0.5451031
688.6616,688.1165,0.5450769
688.6616,688.1165,0.5450732
688.6616,688.1165,0.5450725
688.6616,688.1166,0.5450484
688.6616,688.1166,0.5450443
688.6616,688.1166,0.5450352
688.6616,688.1166,0.5449867
688.6616,688.1166,0.5449665
688.6616,688.1167,0.5449201
688.6616,688.1167,0.5448749
688.6616,688.1167,0.5448688
688.6616,688.1167,0.544862
688.6616,688.1167,0.5448542
688.6616,688.1168,0.5448477
688.6616,688.1168,0.5448438
688.6616,688.1168,0.5447856
688.6616,688.1168,0.5447737
688.6616,688.1168,0.5447592
688.6616,688.1169,0.5447353
688.6616,688.1169,0.5447113
688.6616,688.1169,0.54471
688.6616,688.117,0.5446372
688.6616,688.117,0.544632
688.6616,688.117,0.5446316
688.6616,688.117,0.5446217
688.6616,688.117,0.5446051
688.6616,688.117,0.5446047
688.6616,688.117,0.5445597
688.6616,688.1171,0.5445407
688.6616,688.1171,0.5445379
688.6616,688.1171,0.5445175
688.6616,688.1171,0.5445152
688.6616,688.1171,0.5445146
688.6616,688.1171,0.5445029
688.6616,688.1171,0.5445028
688.6616,688.1171,0.5444954
688.6616,688.1171,0.5444843
688.6616,688.1171,0.5444776
688.6616,688.1171,0.5444707
688.6616,688.1171,0.5444693
688.6616,688.1171,0.5444658
688.6616,688.1171,0.5444641
688.6616,688.1171,0.54446
688.6616,688.1172,0.5444295
688.6616,688.1172,0.5444163
688.6616,688.1172,0.5444144
688.6616,688.1172,0.5444117
688.6616,688.1172,0.5443944
688.6616,688.1172,0.544391
688.6616,688.1172,0.5443899
688.6616,688.1172,0.5443869
688.6616,688.1172,0.5443846
688.6616,688.1172,0.5443787
688.6616,688.1172,0.5443752
688.6616,688.1172,0.5443547
688.6616,688.1172,0.5443544
688.6616,688.1173,0.5443441
688.6616,688.1173,0.5443194
688.6616,688.1173,0.5443146
688.6616,688.1173,0.544314
688.6616,688.1173,0.5443059
688.6616,688.1173,0.5443024
688.6616,688.1173,0.5442918
688.6616,688.1173,0.5442804
688.6616,688.1173,0.544275
688.6616,688.1173,0.5442704
688.6616,688.1173,0.5442695
688.6616,688.1174,0.5442314
688.6616,688.1174,0.5442036
688.6616,688.1174,0.5442027
688.6616,688.1174,0.5441956
688.6616,688.1174,0.5441792
688.6616,688.1175,0.5441481
688.6616,688.1175,0.5441462
688.6616,688.1175,0.5441307
688.6616,688.1175,0.5441256
688.6616,688.1175,0.5441232
688.6616,688.1175,0.5441099
688.6616,688.1175,0.5441098
688.6616,688.1175,0.5441094
688.6616,688.1175,0.5441002
688.6616,688.1175,0.5440858
688.6616,688.1175,0.5440733
688.6616,688.1175,0.5440638
688.6616,688.1176,0.5440433
688.6616,688.1176,0.5440381
688.6616,688.1176,0.5440218
688.6616,688.1176,0.5440148
688.6616,688.1176,0.5440023
688.6616,688.1176,0.5439982
688.6616,688.1176,0.5439898
688.6616,688.1176,0.5439889
688.6616,688.1176,0.5439835
688.6616,688.1176,0.5439739
688.6616,688.1176,0.5439714
688.6616,688.1176,0.5439594
688.6616,688.1177,0.5439371
688.6616,688.1177,0.5439364
688.6616,688.1177,0.5439332
688.6616,688.1177,0.5439274
688.6616,688.1177,0.5439223
688.6616,688.1177,0.5439175
688.6616,688.1177,0.5439055
688.6616,688.1177,0.5438924
688.6616,688.1177,0.5438888
688.6616,688.1177,0.5438525
688.6616,688.1178,0.5438437
688.6616,688.1178,0.5438393
688.6616,688.1178,0.5438352
688.6616,688.1178,0.5437904
688.6616,688.1178,0.5437677
688.6616,688.1178,0.5437592
688.6616,688.1178,0.543758
688.6616,688.1178,0.5437541
688.6616,688.1179,0.5437428
688.6616,688.1179,0.5436925
688.6616,688.1179,0.5436861
688.6616,688.1179,0.5436632
688.6616,688.1179,0.5436631
688.6616,688.1179,0.5436512
688.6616,688.118,0.5436481
688.6616,688.118,0.5436403
688.6616,688.118,0.5435936
688.6616,688.118,0.5435831
688.6616,688.118,0.5435758
688.6616,688.118,0.5435684
688.6616,688.118,0.5435658
688.6616,688.118,0.5435653
688.6616,688.118,0.5435537
688.6616,688.1181,0.5435351
688.6616,688.1181,0.5434793
688.6616,688.1181,0.543473
688.6616,688.1181,0.5434509
688.6616,688.1182,0.5434405
688.6616,688.1182,0.5434038
688.6616,688.1182,0.5433861
688.6616,688.1182,0.5433543
688.6616,688.1182,0.5433533
688.6616,688.1183,0.5433351
688.6616,688.1183,0.543314
688.6616,688.1183,0.5433088
688.6616,688.1183,0.5433039
688.6616,688.1183,0.5432854
688.6616,688.1183,0.5432807
688.6616,688.1183,0.5432727
688.6616,688.1184,0.5432047
688.6616,688.1184,0.5431864
688.6616,688.1184,0.5431785
688.6616,688.1184,0.5431518
688.6616,688.1185,0.543137
688.6616,688.1186,0.5429986
688.6616,688.1186,0.5429965
688.6616,688.1186,0.5429756
688.6616,688.1187,0.542949
688.6616,688.1187,0.542946
688.6616,688.1187,0.5429289
688.6616,688.1187,0.5429208
688.6616,688.1187,0.5429033
688.6616,688.1187,0.5428911
688.6616,688.1187,0.5428879
688.6616,688.1187,0.5428747
688.6616,688.1187,0.5428728
688.6616,688.1187,0.5428691
688.6616,688.1188,0.5428177
688.6616,688.1188,0.5427961
688.6616,688.1188,0.5427537
688.6616,688.1189,0.5427481
688.6616,688.1189,0.5427407
688.6616,688.1189,0.5427273
688.6616,688.1189,0.5427271
688.6616,688.1189,0.5427179
688.6616,688.1189,0.5426871
688.6616,688.1189,0.5426586
688.6616,688.1189,0.5426523
688.6616,688.119,0.5426144
688.6616,688.119,0.5425824
688.6616,688.1191,0.5425368
688.6616,688.1191,0.5425078
688.6616,688.1192,0.5424323
688.6616,688.1192,0.5423926
688.6616,688.1192,0.5423598
688.6616,688.1192,0.5423565
688.6616,688.1193,0.5423274
688.6616,688.1193,0.5423205
688.6616,688.1193,0.542282
688.6616,688.1193,0.5422708
688.6616,688.1194,0.5422204
688.6616,688.1194,0.5421973
688.6616,688.1195,0.5421066
688.6616,688.1195,0.5420779
688.6616,688.1195,0.5420686
688.6616,688.1196,0.5420424
688.6616,688.1196,0.5420333
688.6616,688.1196,0.5420267
688.6616,688.1196,0.5420257
688.6616,688.1196,0.5420114
688.6616,688.1196,0.5419672
688.6616,688.1196,0.5419614
688.6616,688.1197,0.541915
688.6616,688.1197,0.5419078
688.6616,688.1197,0.5418518
688.6616,688.1198,0.5418334
688.6616,688.1198,0.541833
688.6616,688.1199,0.5417374
688.6616,688.1199,0.5416691
688.6616,688.1199,0.541657
688.6616,688.1202,0.5414229
688.6616,688.1202,0.5413925
688.6616,688.1202,0.5413758
688.6616,688.1203,0.5413099
688.6616,688.1203,0.5412958
688.6616,688.1203,0.5412596
688.6616,688.1203,0.5412562
688.6616,688.1203,0.541251
688.6616,688.1204,0.5412465
688.6616,688.1205,0.5411395
688.6616,688.1205,0.5411091
688.6616,688.1205,0.5410996
688.6616,688.1205,0.5410687
688.6616,688.1205,0.5410603
688.6616,688.1206,0.5410418
688.6616,688.1206,0.5410221
688.6616,688.1206,0.5409973
688.6616,688.1206,0.5409662
688.6616,688.1207,0.5408744
688.6616,688.1208,0.5407858
688.6616,688.1209,0.5406681
688.6616,688.1211,0.5405391
688.6616,688.1212,0.5404296
688.6616,688.1212,0.5404272
688.6616,688.1212,0.540378
688.6616,688.1212,0.5403569
688.6616,688.1213,0.5403492
688.6616,688.1213,0.5403263
688.6616,688.1213,0.5402629
688.6616,688.1214,0.5402402
688.6616,688.1214,0.5402194
688.6616,688.1214,0.5401684
688.6616,688.1216,0.5400412
688.6616,688.1217,0.5399256
688.6616,688.1218,0.5398248
688.6616,688.1218,0.5397738
688.6616,688.1219,0.5397481
688.6616,688.1222,0.5394055
688.6616,688.1222,0.5394005
688.6616,688.1223,0.539252
688.6616,688.1224,0.5391638
688.6616,688.1225,0.5390723
688.6616,688.1226,0.5390077
688.6616,688.1226,0.5389548
688.6616,688.1227,0.5389342
688.6616,688.123,0.5386327
688.6616,688.123,0.5385605
688.6616,688.1232,0.5384369
688.6616,688.1232,0.5383754
688.6616,688.1234,0.5382302
688.6616,688.1234,0.538183
688.6616,688.1234,0.5381723
688.6616,688.1237,0.5379493
688.6616,688.1238,0.5377585
688.6616,688.1239,0.5376871
688.6616,688.1242,0.5374158
688.6616,688.1243,0.5372846
688.6616,688.1244,0.5371553
688.6616,688.1246,0.5369884
688.6616,688.1251,0.5365384
688.6616,688.1251,0.5364778
688.6616,688.1253,0.5363462
688.6616,688.1259,0.5356597
688.6616,688.1263,0.5353385
688.6616,688.1263,0.5353171
688.6616,688.1267,0.5348961
688.6616,688.1268,0.5347586
688.6616,688.1271,0.5344777
688.6616,688.1273,0.5343228
688.6616,688.1285,0.5330892
688.6616,688.1286,0.5329515
688.6616,688.1289,0.5326595
688.6616,688.1299,0.5316747
688.6616,688.13,0.5316312
688.6616,688.1357,0.5259144
688.6616,688.1361,0.5254828
688.6616,688.1383,0.5232675
688.6616,688.1388,0.5227587
688.6616,688.1461,0.5155088
688.6616,688.1491,0.5125476
688.6616,688.1539,0.5077256
688.6616,688.154,0.5076178
688.6616,688.1563,0.5053329
688.6616,688.16,0.5016406
688.6616,688.1635,0.4981308
688.6616,688.1637,0.4978697
688.6616,688.1711,0.4905106
688.6616,688.215,0.4465652
688.6616,688.2373,0.4242512
688.6616,688.2391,0.4225473
688.6616,688.2476,0.4139657
688.6616,688.2961,0.3654793
688.6616,688.3061,0.3555487
688.6616,688.3067,0.3548704
688.6616,688.307,0.3545613
688.6616,688.3071,0.3545059
688.6616,688.3074,0.3541778
688.6616,688.3075,0.3541177
688.6616,688.3075,0.3541025
688.6616,688.3076,0.3540355
688.6616,688.3077,0.3539288
688.6616,688.3082,0.3534153
688.6616,688.3082,0.3533675
688.6616,688.3082,0.3533572
688.6616,688.3083,0.3532539
688.6616,688.3085,0.3530886
688.6616,688.3086,0.3529587
688.6616,688.3087,0.3529134
688.6616,688.3088,0.3528093
688.6616,688.309,0.3526436
688.6616,688.309,0.3526228
688.6616,688.309,0.3525798
688.6616,688.3092,0.3524396
688.6616,688.3092,0.3523836
688.6616,688.3093,0.3523411
688.6616,688.3093,0.3523365
688.6616,688.3094,0.3521519
688.6616,688.3095,0.3520604
688.6616,688.3097,0.3519179
688.6616,688.3097,0.3519009
688.6616,688.3097,0.3518688
688.6616,688.3098,0.3518062
688.6616,688.3099,0.3516863
688.6616,688.31,0.3516171
688.6616,688.31,0.3515783
688.6616,688.31,0.351576
688.6616,688.3101,0.3515435
688.6616,688.3101,0.3515124
688.6616,688.3102,0.3513682
688.6616,688.3102,0.3513601
688.6616,688.3103,0.3512816
688.6616,688.3103,0.3512737
688.6616,688.3103,0.3512547
688.6616,688.3104,0.3512287
688.6616,688.3104,0.3512179
688.6616,688.3105,0.3511097
688.6616,688.3105,0.351076
688.6616,688.3106,0.3509589
688.6616,688.3106,0.3509532
688.6616,688.3107,0.3508904
688.6616,688.3107,0.3508663
688.6616,688.3107,0.3508579
688.6616,688.3107,0.3508526
688.6616,688.3108,0.3508171
688.6616,688.3108,0.3507704
688.6616,688.3109,0.3507293
688.6616,688.3109,0.3507162
688.6616,688.3109,0.3506647
688.6616,688.3109,0.3506554
688.6616,688.311,0.3506453
688.6616,688.311,0.3506373
688.6616,688.311,0.350626
688.6616,688.311,0.3506202
688.6616,688.311,0.3505577
688.6616,688.3111,0.3505271
688.6616,688.3111,0.3505182
688.6616,688.3111,0.3504678
688.6616,688.3111,0.3504603
688.6616,688.3111,0.350457
688.6616,688.3111,0.350455
688.6616,688.3112,0.3504399
688.6616,688.3112,0.3503972
688.6616,688.3112,0.3503541
688.6616,688.3113,0.3503461
688.6616,688.3113,0.3503354
688.6616,688.3113,0.3503228
688.6616,688.3113,0.350319
688.6616,688.3113,0.3503156
688.6616,688.3114,0.3502404
688.6616,688.3114,0.3502267
688.6616,688.3114,0.3502249
688.6616,688.3114,0.3502238
688.6616,688.3114,0.3502229
688.6616,688.3114,0.3502067
688.6616,688.3114,0.350197
688.6616,688.3114,0.3501641
688.6616,688.3115,0.3501333
688.6616,688.3115,0.3501281
688.6616,688.3115,0.3501254
688.6616,688.3115,0.3501034
688.6616,688.3115,0.3500978
688.6616,688.3115,0.3500837
688.6616,688.3115,0.3500809
688.6616,688.3115,0.3500562
688.6616,688.3115,0.3500543
688.6616,688.3116,0.3500443
688.6616,688.3116,0.3500386
688.6616,688.3116,0.350031
688.6616,688.3116,0.3500263
688.6616,688.3116,0.3499929
688.6616,688.3116,0.3499668
688.6616,688.3117,0.349947
688.6616,688.3117,0.3499467
688.6616,688.3117,0.3499457
688.6616,688.3117,0.3499091
688.6616,688.3117,0.3499008
688.6616,688.3117,0.3498777
688.6616,688.3117,0.3498715
688.6616,688.3117,0.3498713
688.6616,688.3117,0.3498528
688.6616,688.3118,0.3498346
688.6616,688.3118,0.3498215
688.6616,688.3118,0.3497985
688.6616,688.3118,0.3497655
688.6616,688.3118,0.3497538
688.6616,688.3119,0.3497337
688.6616,688.3119,0.3497327
688.6616,688.3119,0.3497268
688.6616,688.3119,0.3497202
688.6616,688.3119,0.3496922
688.6616,688.3119,0.349691
688.6616,688.3119,0.349671
688.6616,688.3119,0.3496599
688.6616,688.312,0.3496474
688.6616,688.312,0.3496405
688.6616,688.312,0.349591
688.6616,688.312,0.3495865
688.6616,688.312,0.3495825
688.6616,688.312,0.3495805
688.6616,688.312,0.3495601
688.6616,688.312,0.3495562
688.6616,688.3121,0.3495291
688.6616,688.3121,0.3495217
688.6616,688.3121,0.3495184
688.6616,688.3121,0.3495179
688.6616,688.3121,0.3495166
688.6616,688.3121,0.3494987
688.6616,688.3121,0.3494869
688.6616,688.3121,0.3494785
688.6616,688.3121,0.3494747
688.6616,688.3121,0.3494686
688.6616,688.3121,0.3494633
688.6616,688.3122,0.3494392
688.6616,688.3122,0.3494313
688.6616,688.3122,0.3493901
688.6616,688.3122,0.3493778
688.6616,688.3122,0.3493588
688.6616,688.3123,0.3493427
688.6616,688.3123,0.3493239
688.6616,688.3123,0.3493217
688.6616,688.3123,0.3493209
688.6616,688.3123,0.3493064
688.6616,688.3123,0.3492959
688.6616,688.3123,0.349281
688.6616,688.3123,0.3492739
688.6616,688.3123,0.3492715
688.6616,688.3123,0.3492641
688.6616,688.3123,0.3492503
688.6616,688.3124,0.3492487
688.6616,688.3124,0.3492468
688.6616,688.3124,0.3492417
688.6616,688.3124,0.3492278
688.6616,688.3124,0.3492141
688.6616,688.3124,0.3492105
688.6616,688.3124,0.3491826
688.6616,688.3124,0.3491817
688.6616,688.3124,0.3491517
688.6616,688.3125,0.3491455
688.6616,688.3125,0.3491387
688.6616,688.3125,0.349099
688.6616,688.3125,0.3490959
688.6616,688.3125,0.3490894
688.6616,688.3125,0.3490889
688.6616,688.3125,0.3490758
688.6616,688.3125,0.3490678
688.6616,688.3125,0.3490626
688.6616,688.3125,0.3490595
688.6616,688.3126,0.3490305
688.6616,688.3126,0.3490296
688.6616,688.3126,0.3490152
688.6616,688.3126,0.3489779
688.6616,688.3127,0.3489173
688.6616,688.3127,0.3489079
688.6616,688.3127,0.3488999
688.6616,688.3127,0.3488814
688.6616,688.3127,0.348871
688.6616,688.3128,0.3488373
688.6616,688.3128,0.3488373
688.6616,688.3128,0.3488133
688.6616,688.3128,0.3488015
688.6616,688.3128,0.3487936
688.6616,688.3128,0.3487932
688.6616,688.3128,0.3487928
688.6616,688.3128,0.3487874
688.6616,688.3128,0.3487741
688.6616,688.3128,0.3487596
688.6616,688.3128,0.3487531
688.6616,688.3128,0.3487504
688.6616,688.3129,0.3487187
688.6616,688.3129,0.3487139
688.6616,688.3129,0.3487038
688.6616,688.3129,0.3486877
688.6616,688.3129,0.3486767
688.6616,688.3129,0.3486629
688.6616,688.3129,0.3486562
688.6616,688.313,0.3486368
688.6616,688.313,0.3486315
688.6616,688.313,0.3486176
688.6616,688.313,0.3486069
688.6616,688.313,0.348586
688.6616,688.3131,0.3485166
688.6616,688.3131,0.3485096
688.6616,688.3131,0.3485092
688.6616,688.3131,0.3485057
688.6616,688.3131,0.3484911
688.6616,688.3131,0.3484629
688.6616,688.3132,0.3484432
688.6616,688.3132,0.3484422
688.6616,688.3132,0.3484279
688.6616,688.3132,0.3484179
688.6616,688.3132,0.3483948
688.6616,688.3132,0.348394
688.6616,688.3132,0.3483799
688.6616,688.3133,0.3483452
688.6616,688.3133,0.3483118
688.6616,688.3133,0.3482999
688.6616,688.3133,0.3482824
688.6616,688.3134,0.348242
688.6616,688.3134,0.348232
688.6616,688.3134,0.3482191
688.6616,688.3134,0.3482151
688.6616,688.3134,0.3481551
688.6616,688.3135,0.3481126
688.6616,688.3135,0.3481054
688.6616,688.3135,0.3480844
688.6616,688.3135,0.3480831
688.6616,688.3135,0.3480548
688.6616,688.3136,0.3480443
688.6616,688.3136,0.3479553
688.6616,688.3136,0.3479539
688.6616,688.3137,0.3479222
688.6616,688.3137,0.3479193
688.6616,688.3137,0.3479124
688.6616,688.3137,0.3478867
688.6616,688.3137,0.3478665
688.6616,688.3138,0.347838
688.6616,688.3138,0.3478349
688.6616,688.3138,0.3478277
688.6616,688.3138,0.3477589
688.6616,688.3138,0.3477588
688.6616,688.3139,0.347721
688.6616,688.3139,0.3476795
688.6616,688.3139,0.3476681
688.6616,688.3139,0.3476611
688.6616,688.314,0.3475504
688.6616,688.3141,0.347473
688.6616,688.3142,0.3474432
688.6616,688.3142,0.3473998
688.6616,688.3143,0.3473203
688.6616,688.3143,0.3472583
688.6616,688.3143,0.3472543
688.6616,688.3144,0.3471696
688.6616,688.3145,0.3471249
688.6616,688.3145,0.3471146
688.6616,688.3145,0.3471042
688.6616,688.3145,0.3470875
688.6616,688.3145,0.3470771
688.6616,688.3145,0.347075
688.6616,688.3146,0.3469701
688.6616,688.3147,0.3469236
688.6616,688.3147,0.3468619
688.6616,688.3148,0.3467747
688.6616,688.3148,0.3467647
688.6616,688.3149,0.3467452
688.6616,688.3149,0.3467178
688.6616,688.3149,0.3466833
688.6616,688.3149,0.346672
688.6616,688.3149,0.346663
688.6616,688.315,0.3466103
688.6616,688.3151,0.3465001
688.6616,688.3152,0.3464149
688.6616,688.3153,0.3463163
688.6616,688.3153,0.3462881
688.6616,688.3153,0.3462672
688.6616,688.3153,0.3462538
688.6616,688.3154,0.3462159
688.6616,688.3154,0.3461675
688.6616,688.3155,0.3461445
688.6616,688.3155,0.3460641
688.6616,688.3156,0.3459917
688.6616,688.3157,0.3459497
688.6616,688.3157,0.3459194
688.6616,688.3158,0.345794
688.6616,688.3159,0.3457476
688.6616,688.3159,0.3456532
688.6616,688.316,0.3456225
688.6616,688.316,0.3456027
688.6616,688.316,0.3455954
688.6616,688.316,0.3455705
688.6616,688.316,0.3455625
688.6616,688.3161,0.3455479
688.6616,688.3161,0.345527
688.6616,688.3161,0.3454742
688.6616,688.3162,0.3454388
688.6616,688.3162,0.3454308
688.6616,688.3162,0.3453928
688.6616,688.3163,0.3452904
688.6616,688.3164,0.3452449
688.6616,688.3164,0.3451746
688.6616,688.3165,0.3451058
688.6616,688.3165,0.3450835
688.6616,688.3165,0.3450587
688.6616,688.3166,0.3450198
688.6616,688.3167,0.3448981
688.6616,688.3168,0.344844
688.6616,688.3168,0.3448204
688.6616,688.3168,0.3448178
688.6616,688.3168,0.3448163
688.6616,688.3168,0.3447786
688.6616,688.3168,0.3447619
688.6616,688.3169,0.3447159
688.6616,688.3169,0.3446877
688.6616,688.3169,0.3446687
688.6616,688.317,0.3446436
688.6616,688.317,0.344635
688.6616,688.317,0.3445648
688.6616,688.3171,0.3445469
688.6616,688.3171,0.3444845
688.6616,688.3172,0.3444252
688.6616,688.3172,0.3444158
688.6616,688.3172,0.3444135
688.6616,688.3172,0.3444046
688.6616,688.3172,0.3443765
688.6616,688.3172,0.3443698
688.6616,688.3173,0.3443337
688.6616,688.3173,0.3443289
688.6616,688.3173,0.3442985
688.6616,688.3173,0.3442503
688.6616,688.3174,0.3442358
688.6616,688.3174,0.3442165
688.6616,688.3176,0.3440357
688.6616,688.3176,0.3440336
688.6616,688.3176,0.343987
688.6616,688.3176,0.343957
688.6616,688.3177,0.3439488
688.6616,688.3177,0.3439309
688.6616,688.3178,0.3438218
688.6616,688.3178,0.3437821
688.6616,688.3179,0.3437429
688.6616,688.3179,0.3437174
688.6616,688.3179,0.3436849
688.6616,688.3179,0.3436704
688.6616,688.318,0.3436399
688.6616,688.318,0.343586
688.6616,688.318,0.3435742
688.6616,688.3181,0.3435155
688.6616,688.3182,0.3434427
688.6616,688.3182,0.3434416
688.6616,688.3182,0.3434386
688.6616,688.3182,0.3434266
688.6616,688.3182,0.3434224
688.6616,688.3182,0.3434089
688.6616,688.3182,0.3433984
688.6616,688.3183,0.3433447
688.6616,688.3183,0.3433081
688.6616,688.3183,0.3432959
688.6616,688.3183,0.3432813
688.6616,688.3183,0.3432632
688.6616,688.3184,0.3432497
688.6616,688.3184,0.3432324
688.6616,688.3184,0.3432238
688.6616,688.3184,0.3432176
688.6616,688.3184,0.3432151
688.6616,688.3184,0.3432066
688.6616,688.3184,0.3431765
688.6616,688.3184,0.3431711
688.6616,688.3184,0.3431536
688.6616,688.3185,0.3431319
688.6616,688.3185,0.3430892
688.6616,688.3186,0.3430463
688.6616,688.3186,0.3430326
688.6616,688.3186,0.3430302
688.6616,688.3187,0.3429073
688.6616,688.3187,0.3428829
688.6616,688.3188,0.3428457
688.6616,688.3188,0.3428239
688.6616,688.3188,0.3427857
688.6616,688.3188,0.3427799
688.6616,688.3188,0.3427783
688.6616,688.3188,0.3427536
688.6616,688.3189,0.3427475
688.6616,688.3189,0.3426983
688.6616,688.3189,0.3426654
688.6616,688.3189,0.342661
688.6616,688.3189,0.3426516
688.6616,688.319,0.3426392
688.6616,688.319,0.3426162
688.6616,688.319,0.3426156
688.6616,688.319,0.3426137
688.6616,688.319,0.3425909
688.6616,688.319,0.3425612
688.6616,688.319,0.3425601
688.6616,688.3191,0.3424661
688.6616,688.3191,0.3424641
688.6616,688.3192,0.3424095
688.6616,688.3192,0.3423926
688.6616,688.3192,0.3423728
688.6616,688.3193,0.3423494
688.6616,688.3193,0.342335
688.6616,688.3193,0.3423346
688.6616,688.3193,0.3423257
688.6616,688.3193,0.342323
688.6616,688.3193,0.3423189
688.6616,688.3193,0.3423142
688.6616,688.3193,0.3422961
688.6616,688.3194,0.3422326
688.6616,688.3194,0.3422075
688.6616,688.3194,0.3421683
688.6616,688.3195,0.342147
688.6616,688.3195,0.3421457
688.6616,688.3195,0.3421387
688.6616,688.3195,0.3421247
688.6616,688.3195,0.3421199
688.6616,688.3195,0.3421122
688.6616,688.3196,0.3420251
688.6616,688.3196,0.342018
688.6616,688.3196,0.3420112
688.6616,688.3196,0.3419975
688.6616,688.3196,0.341983
688.6616,688.3196,0.3419593
688.6616,688.3197,0.3419083
688.6616,688.3197,0.3418997
688.6616,688.3198,0.3417622
688.6616,688.3199,0.3417399
688.6616,688.3199,0.3417059
688.6616,688.3199,0.3417016
688.6616,688.3199,0.3416865
688.6616,688.3199,0.34168
688.6616,688.32,0.3416062
688.6616,688.32,0.3415661
688.6616,688.3201,0.3415413
688.6616,688.3201,0.3415089
688.6616,688.3201,0.3414949
688.6616,688.3201,0.3414607
688.6616,688.3202,0.341441
688.6616,688.3202,0.3414305
688.6616,688.3202,0.3413509
688.6616,688.3203,0.3413346
688.6616,688.3203,0.3412895
688.6616,688.3203,0.341279
688.6616,688.3203,0.3412734
688.6616,688.3203,0.3412601
688.6616,688.3204,0.3412337
688.6616,688.3204,0.3412257
688.6616,688.3204,0.3412035
688.6616,688.3204,0.3411975
688.6616,688.3204,0.3411908
688.6616,688.3204,0.3411504
688.6616,688.3205,0.3411387
688.6616,688.3205,0.3411384
688.6616,688.3205,0.3411374
688.6616,688.3205,0.3411044
688.6616,688.3205,0.3410506
688.6616,688.3206,0.3410392
688.6616,688.3206,0.3410166
688.6616,688.3206,0.3410096
688.6616,688.3206,0.3409619
688.6616,688.3207,0.3409435
688.6616,688.3207,0.3409346
688.6616,688.3207,0.340916
688.6616,688.3207,0.3408956
688.6616,688.3207,0.3408751
688.6616,688.3207,0.3408744
688.6616,688.3207,0.3408674
688.6616,688.3207,0.3408603
688.6616,688.3207,0.3408584
688.6616,688.3208,0.3408472
688.6616,688.3208,0.3408454
688.6616,688.3208,0.3408241
688.6616,688.3208,0.340812
688.6616,688.3208,0.3407527
688.6616,688.3209,0.3407017
688.6616,688.3209,0.3406653
688.6616,688.3209,0.3406603
688.6616,688.321,0.3406483
688.6616,688.321,0.3406473
688.6616,688.321,0.3406427
688.6616,688.321,0.3406314
688.6616,688.321,0.3406293
688.6616,688.321,0.3406145
688.6616,688.321,0.3406105
688.6616,688.321,0.3405846
688.6616,688.321,0.3405748
688.6616,688.321,0.3405614
688.6616,688.3211,0.3405368
688.6616,688.3211,0.3405013
688.6616,688.3211,0.34048
688.6616,688.3211,0.3404737
688.6616,688.3211,0.3404578
688.6616,688.3212,0.3404174
688.6616,688.3212,0.3403757
688.6616,688.3212,0.3403676
688.6616,688.3213,0.3402923
688.6616,688.3214,0.3402287
688.6616,688.3214,0.3402276
688.6616,688.3214,0.3401972
688.6616,688.3214,0.3401748
688.6616,688.3214,0.3401544
688.6616,688.3215,0.3401412
688.6616,688.3215,0.3401273
688.6616,688.3215,0.3400851
688.6616,688.3215,0.3400774
688.6616,688.3216,0.3400415
688.6616,688.3216,0.3399933
688.6616,688.3216,0.339965
688.6616,688.3217,0.3399356
688.6616,688.3217,0.3398937
688.6616,688.3217,0.3398904
688.6616,688.3217,0.3398606
688.6616,688.3218,0.339797
688.6616,688.3218,0.3397849
688.6616,688.3219,0.3397484
688.6616,688.3219,0.3397432
688.6616,688.3219,0.339736
688.6616,688.3219,0.3397209
688.6616,688.3219,0.3397088
688.6616,688.3219,0.3396995
688.6616,688.322,0.3396301
688.6616,688.322,0.339628
688.6616,688.322,0.3396192
688.6616,688.322,0.3395826
688.6616,688.322,0.3395768
688.6616,688.322,0.3395737
688.6616,688.322,0.3395537
688.6616,688.3221,0.3395376
688.6616,688.3221,0.3395319
688.6616,688.3221,0.339526
688.6616,688.3221,0.3394742
688.6616,688.3221,0.3394693
688.6616,688.3222,0.339447
688.6616,688.3222,0.3394466
688.6616,688.3222,0.3393601
688.6616,688.3223,0.3393175
688.6616,688.3223,0.33928
688.6616,688.3223,0.3392597
688.6616,688.3223,0.3392525
688.6616,688.3224,0.339201
688.6616,688.3224,0.3391712
688.6616,688.3224,0.3391512
688.6616,688.3225,0.3391452
688.6616,688.3225,0.339142
688.6616,688.3225,0.3390872
688.6616,688.3225,0.3390767
688.6616,688.3225,0.3390536
688.6616,688.3226,0.3390022
688.6616,688.3226,0.3389536
688.6616,688.3227,0.3388833
688.6616,688.3228,0.3388407
688.6616,688.3228,0.3388026
688.6616,688.3228,0.3387855
688.6616,688.3229,0.338743
688.6616,688.3229,0.3387086
688.6616,688.3229,0.3387003
688.6616,688.3229,0.3386725
688.6616,688.323,0.3386495
688.6616,688.323,0.3386476
688.6616,688.323,0.3386388
688.6616,688.323,0.3386331
688.6616,688.323,0.3385507
688.6616,688.3231,0.3385468
688.6616,688.3231,0.3385431
688.6616,688.3231,0.3385413
688.6616,688.3231,0.3385315
688.6616,688.3231,0.3385305
688.6616,688.3231,0.3384654
688.6616,688.3232,0.3384353
688.6616,688.3232,0.3384294
688.6616,688.3232,0.3384038
688.6616,688.3232,0.3383943
688.6616,688.3232,0.3383801
688.6616,688.3232,0.3383732
688.6616,688.3233,0.338304
688.6616,688.3233,0.338299
688.6616,688.3233,0.338297
688.6616,688.3233,0.3382782
688.6616,688.3233,0.3382582
688.6616,688.3233,0.3382566
688.6616,688.3234,0.3382199
688.6616,688.3234,0.3382126
688.6616,688.3234,0.3382012
688.6616,688.3234,0.338172
688.6616,688.3235,0.3380973
688.6616,688.3236,0.3380462
688.6616,688.3236,0.3380425
688.6616,688.3236,0.3380371
688.6616,688.3236,0.3380368
688.6616,688.3236,0.3380349
688.6616,688.3236,0.3380255
688.6616,688.3236,0.3380182
688.6616,688.3236,0.3380104
688.6616,688.3237,0.3379381
688.6616,688.3237,0.3379361
688.6616,688.3237,0.3379282
688.6616,688.3237,0.3379227
688.6616,688.3237,0.3378812
688.6616,688.3237,0.3378639
688.6616,688.3237,0.3378558
688.6616,688.3237,0.3378536
688.6616,688.3238,0.3377812
688.6616,688.3238,0.3377706
688.6616,688.3239,0.337744
688.6616,688.3239,0.3377085
688.6616,688.3241,0.3375402
688.6616,688.3241,0.3375375
688.6616,688.3241,0.3375259
688.6616,688.3241,0.3375171
688.6616,688.3241,0.3375072
688.6616,688.3241,0.3375
688.6616,688.3241,0.3374794
688.6616,688.3241,0.3374593
688.6616,688.3242,0.3374241
688.6616,688.3242,0.3373994
688.6616,688.3242,0.3373615
688.6616,688.3242,0.3373518
688.6616,688.3243,0.3373361
688.6616,688.3243,0.337336
688.6616,688.3243,0.3373059
688.6616,688.3243,0.3372881
688.6616,688.3243,0.3372856
688.6616,688.3244,0.3371593
688.6616,688.3244,0.3371557
688.6616,688.3245,0.3371278
688.6616,688.3245,0.3371146
688.6616,688.3245,0.3370615
688.6616,688.3246,0.3370451
688.6616,688.3246,0.3370401
688.6616,688.3246,0.3370355
688.6616,688.3246,0.3370119
688.6616,688.3246,0.336965
688.6616,688.3246,0.3369621
688.6616,688.3247,0.3369263
688.6616,688.3247,0.3368875
688.6616,688.3247,0.3368837
688.6616,688.3247,0.3368815
688.6616,688.3247,0.3368644
688.6616,688.3247,0.3368622
688.6616,688.3247,0.3368596
688.6616,688.3248,0.3368419
688.6616,688.3248,0.3368416
688.6616,688.3248,0.3368275
688.6616,688.3248,0.3368153
688.6616,688.3248,0.3367945
688.6616,688.3248,0.3367905
688.6616,688.3248,0.3367798
688.6616,688.3248,0.3367534
688.6616,688.3249,0.3366624
688.6616,688.325,0.3366196
688.6616,688.325,0.3366061
688.6616,688.325,0.3366033
688.6616,688.325,0.3365898
688.6616,688.325,0.3365865
688.6616,688.325,0.3365619
688.6616,688.325,0.336554
688.6616,688.3251,0.3365334
688.6616,688.3251,0.3365052
688.6616,688.3251,0.3364872
688.6616,688.3251,0.3364781
688.6616,688.3252,0.336446
688.6616,688.3252,0.3364411
688.6616,688.3252,0.3364316
688.6616,688.3252,0.3364229
688.6616,688.3252,0.3364157
688.6616,688.3252,0.3364156
688.6616,688.3252,0.3363951
688.6616,688.3252,0.336379
688.6616,688.3252,0.3363691
688.6616,688.3253,0.3363323
688.6616,688.3253,0.3362818
688.6616,688.3253,0.3362748
688.6616,688.3253,0.3362727
688.6616,688.3253,0.3362628
688.6616,688.3254,0.3361955
688.6616,688.3254,0.3361939
688.6616,688.3254,0.3361905
688.6616,688.3254,0.3361776
688.6616,688.3254,0.3361764
688.6616,688.3254,0.3361657
688.6616,688.3254,0.3361639
688.6616,688.3254,0.3361633
688.6616,688.3255,0.3361336
688.6616,688.3255,0.336054
688.6616,688.3255,0.336053
688.6616,688.3255,0.3360504
688.6616,688.3256,0.336044
688.6616,688.3256,0.3360255
688.6616,688.3256,0.3360164
688.6616,688.3256,0.3360104
688.6616,688.3256,0.3359905
688.6616,688.3256,0.3359873
688.6616,688.3256,0.3359677
688.6616,688.3256,0.3359635
688.6616,688.3256,0.3359633
688.6616,688.3257,0.335948
688.6616,688.3257,0.3359476
688.6616,688.3257,0.3359413
688.6616,688.3257,0.3359205
688.6616,688.3257,0.3359132
688.6616,688.3257,0.3359027
688.6616,688.3257,0.3358986
688.6616,688.3257,0.3358973
688.6616,688.3257,0.3358937
688.6616,688.3257,0.3358924
688.6616,688.3257,0.3358719
688.6616,688.3257,0.3358719
688.6616,688.3257,0.335871
688.6616,688.3257,0.3358637
688.6616,688.3257,0.3358629
688.6616,688.3257,0.3358566
688.6616,688.3257,0.3358554
688.6616,688.3258,0.335849
688.6616,688.3258,0.33584
688.6616,688.3258,0.3358237
688.6616,688.3258,0.3358151
688.6616,688.3258,0.3358039
688.6616,688.3258,0.3358038
688.6616,688.3258,0.3358024
688.6616,688.3258,0.3357989
688.6616,688.3258,0.3357675
688.6616,688.3259,0.3357306
688.6616,688.3259,0.3357229
688.6616,688.3259,0.335698
688.6616,688.3259,0.3356776
688.6616,688.326,0.3356393
688.6616,688.326,0.3356387
688.6616,688.326,0.335638
688.6616,688.326,0.3356185
688.6616,688.326,0.335607
688.6616,688.326,0.3356061
688.6616,688.326,0.3356024
688.6616,688.326,0.3355876
688.6616,688.326,0.3355852
688.6616,688.326,0.3355774
688.6616,688.326,0.3355514
688.6616,688.3261,0.3355456
688.6616,688.3261,0.3355153
688.6616,688.3261,0.335503
688.6616,688.3261,0.3354903
688.6616,688.3261,0.3354862
688.6616,688.3261,0.3354822
688.6616,688.3261,0.3354756
688.6616,688.3262,0.3354483
688.6616,688.3262,0.3354468
688.6616,688.3262,0.3354466
688.6616,688.3262,0.3354421
688.6616,688.3262,0.3354358
688.6616,688.3262,0.3354278
688.6616,688.3262,0.3354126
688.6616,688.3262,0.3354051
688.6616,688.3262,0.335401
688.6616,688.3262,0.335395
688.6616,688.3262,0.3353715
688.6616,688.3262,0.3353616
688.6616,688.3262,0.3353563
688.6616,688.3263,0.3353482
688.6616,688.3263,0.3353413
688.6616,688.3263,0.335337
688.6616,688.3263,0.3353245
688.6616,688.3263,0.3353243
688.6616,688.3263,0.3353191
688.6616,688.3263,0.3353157
688.6616,688.3263,0.335314
688.6616,688.3263,0.3353137
688.6616,688.3263,0.3352919
688.6616,688.3263,0.3352806
688.6616,688.3263,0.3352637
688.6616,688.3264,0.3352373
688.6616,688.3264,0.3352213
688.6616,688.3264,0.3352064
688.6616,688.3264,0.3351821
688.6616,688.3264,0.3351807
688.6616,688.3264,0.3351804
688.6616,688.3264,0.33517
688.6616,688.3264,0.3351548
688.6616,688.3265,0.3351098
688.6616,688.3265,0.3350676
688.6616,688.3265,0.3350672
688.6616,688.3265,0.335058
688.6616,688.3265,0.3350539
688.6616,688.3266,0.3350477
688.6616,688.3266,0.3350257
688.6616,688.3266,0.3350108
688.6616,688.3266,0.3349985
688.6616,688.3266,0.3349564
688.6616,688.3267,0.3349448
688.6616,688.3267,0.3349249
688.6616,688.3267,0.3349076
688.6616,688.3267,0.3348948
688.6616,688.3267,0.3348912
688.6616,688.3267,0.3348688
688.6616,688.3267,0.3348645
688.6616,688.3267,0.3348632
688.6616,688.3267,0.3348551
688.6616,688.3268,0.3348478
688.6616,688.3268,0.3348447
688.6616,688.3268,0.3348446
688.6616,688.3268,0.3348434
688.6616,688.3268,0.3348289
688.6616,688.3268,0.3348178
688.6616,688.3268,0.3348169
688.6616,688.3268,0.3348101
688.6616,688.3268,0.3348078
688.6616,688.3268,0.3348053
688.6616,688.3268,0.3347889
688.6616,688.3268,0.3347589
688.6616,688.3269,0.3347321
688.6616,688.3269,0.3347206
688.6616,688.3269,0.3347163
688.6616,688.3269,0.3347079
688.6616,688.3269,0.3346859
688.6616,688.3269,0.3346825
688.6616,688.3269,0.3346754
688.6616,688.327,0.3346432
688.6616,688.327,0.3346384
688.6616,688.327,0.3346267
688.6616,688.327,0.3346191
688.6616,688.327,0.3346176
688.6616,688.327,0.3346107
688.6616,688.327,0.3345784
688.6616,688.327,0.3345742
688.6616,688.327,0.3345735
688.6616,688.327,0.3345679
688.6616,688.327,0.3345571
688.6616,688.3271,0.3345426
688.6616,688.3271,0.3345311
688.6616,688.3271,0.3345206
688.6616,688.3271,0.3344874
688.6616,688.3271,0.334461
688.6616,688.3272,0.3344391
688.6616,688.3272,0.3344367
688.6616,688.3272,0.3344305
688.6616,688.3272,0.3344294
688.6616,688.3272,0.3344218
688.6616,688.3272,0.3344097
688.6616,688.3272,0.3343874
688.6616,688.3272,0.3343838
688.6616,688.3272,0.3343702
688.6616,688.3272,0.334355
688.6616,688.3273,0.3343308
688.6616,688.3273,0.3343237
688.6616,688.3273,0.3343177
688.6616,688.3273,0.3342932
688.6616,688.3273,0.3342778
688.6616,688.3273,0.3342755
688.6616,688.3273,0.3342594
688.6616,688.3274,0.3342284
688.6616,688.3274,0.3341727
688.6616,688.3274,0.3341582
688.6616,688.3275,0.3341442
688.6616,688.3275,0.3340974
688.6616,688.3275,0.3340744
688.6616,688.3275,0.3340684
688.6616,688.3275,0.3340677
688.6616,688.3275,0.3340634
688.6616,688.3275,0.3340618
688.6616,688.3275,0.3340528
688.6616,688.3276,0.3340418
688.6616,688.3276,0.3340248
688.6616,688.3276,0.3340128
688.6616,688.3276,0.3339926
688.6616,688.3277,0.3339451
688.6616,688.3277,0.3338956
688.6616,688.3277,0.3338747
688.6616,688.3277,0.3338715
688.6616,688.3278,0.3337965
688.6616,688.3278,0.3337744
688.6616,688.3279,0.3337439
688.6616,688.3279,0.3337404
688.6616,688.3279,0.3337298
688.6616,688.3279,0.3337187
688.6616,688.3279,0.3337152
688.6616,688.3279,0.3337074
688.6616,688.3279,0.3336911
688.6616,688.328,0.3336489
688.6616,688.328,0.333633
688.6616,688.328,0.3336163
688.6616,688.328,0.3336128
688.6616,688.328,0.3335986
688.6616,688.328,0.3335946
688.6616,688.328,0.3335911
688.6616,688.328,0.3335527
688.6616,688.3281,0.3335473
688.6616,688.3281,0.3335314
688.6616,688.3281,0.3335298
688.6616,688.3281,0.3334873
688.6616,688.3281,0.3334827
688.6616,688.3281,0.3334793
688.6616,688.3281,0.3334773
688.6616,688.3281,0.3334564
688.6616,688.3282,0.3334458
688.6616,688.3282,0.3334138
688.6616,688.3282,0.3334118
688.6616,688.3282,0.3334063
688.6616,688.3282,0.333392
688.6616,688.3282,0.3333756
688.6616,688.3282,0.3333572
688.6616,688.3283,0.3333361
688.6616,688.3283,0.3333045
688.6616,688.3283,0.333303
688.6616,688.3283,0.3332978
688.6616,688.3283,0.3332928
688.6616,688.3283,0.3332891
688.6616,688.3283,0.3332682
688.6616,688.3283,0.3332634
688.6616,688.3283,0.3332616
688.6616,688.3284,0.3332244
688.6616,688.3284,0.3332221
688.6616,688.3284,0.3332182
688.6616,688.3284,0.3332172
688.6616,688.3284,0.3331878
688.6616,688.3284,0.3331681
688.6616,688.3284,0.3331678
688.6616,688.3284,0.3331616
688.6616,688.3284,0.3331531
688.6616,688.3285,0.3331152
688.6616,688.3285,0.3331119
688.6616,688.3285,0.3331015
688.6616,688.3285,0.3330967
688.6616,688.3285,0.3330807
688.6616,688.3286,0.3330399
688.6616,688.3286,0.3330104
688.6616,688.3286,0.3330042
688.6616,688.3286,0.3329873
688.6616,688.3286,0.3329764
688.6616,688.3286,0.332961
688.6616,688.3286,0.3329523
688.6616,688.3287,0.332949
688.6616,688.3287,0.3329183
688.6616,688.3287,0.3328665
688.6616,688.3287,0.3328649
688.6616,688.3287,0.3328607
688.6616,688.3288,0.332838
688.6616,688.3288,0.3328099
688.6616,688.3288,0.3327802
688.6616,688.3288,0.332761
688.6616,688.3289,0.3327005
688.6616,688.3289,0.3326825
688.6616,688.3289,0.3326791
688.6616,688.3289,0.3326638
688.6616,688.329,0.3326455
688.6616,688.329,0.3326327
688.6616,688.329,0.3325725
688.6616,688.329,0.3325581
688.6616,688.329,0.3325521
688.6616,688.3291,0.3325478
688.6616,688.3291,0.3325302
688.6616,688.3292,0.3324312
688.6616,688.3292,0.3323687
688.6616,688.3293,0.3323418
688.6616,688.3293,0.3322769
688.6616,688.3294,0.3322321
688.6616,688.3294,0.3321768
688.6616,688.3294,0.3321564
688.6616,688.3294,0.3321553
688.6616,688.3295,0.3321397
688.6616,688.3295,0.3321334
688.6616,688.3295,0.3321078
688.6616,688.3295,0.3321025
688.6616,688.3295,0.3320556
688.6616,688.3295,0.3320519
688.6616,688.3296,0.3320422
688.6616,688.3296,0.3319974
688.6616,688.3296,0.3319795
688.6616,688.3297,0.3319159
688.6616,688.3297,0.3318979
688.6616,688.3297,0.3318517
688.6616,688.3298,0.331788
688.6616,688.3298,0.3317742
688.6616,688.3299,0.3316899
688.6616,688.3299,0.3316609
688.6616,688.33,0.3315564
688.6616,688.33,0.3315543
688.6616,688.33,0.3315528
688.6616,688.3301,0.3315486
688.6616,688.3301,0.3315433
688.6616,688.3301,0.3315119
688.6616,688.3302,0.3314203
688.6616,688.3303,0.3312608
688.6616,688.3305,0.3311129
688.6616,688.3305,0.3311116
688.6616,688.3306,0.3310408
688.6616,688.3306,0.3309894
688.6616,688.3306,0.3309527
688.6616,688.3307,0.3309453
688.6616,688.3307,0.3309082
688.6616,688.3307,0.3308523
688.6616,688.3308,0.3308026
688.6616,688.3312,0.3304397
688.6616,688.3313,0.3303476
688.6616,688.3314,0.3302452
688.6616,688.3317,0.3299344
688.6616,688.3317,0.3299048
688.6616,688.3319,0.3297346
688.6616,688.332,0.3296488
688.6616,688.332,0.3296432
688.6616,688.332,0.329571
688.6616,688.332,0.3295647
688.6616,688.3321,0.3294737
688.6616,688.3323,0.3292579
688.6616,688.3324,0.3291894
688.6616,688.3326,0.3290353
688.6616,688.3326,0.3290255
688.6616,688.3327,0.3289319
688.6616,688.3328,0.3288051
688.6616,688.3328,0.3287947
688.6616,688.3329,0.3287088
688.6616,688.3333,0.3283047
688.6616,688.3333,0.3283008
688.6616,688.3333,0.3282895
688.6616,688.3333,0.3282544
688.6616,688.3334,0.3282313
688.6616,688.3334,0.3282272
688.6616,688.3335,0.3281065
688.6616,688.3335,0.3280894
688.6616,688.3336,0.3279742
688.6616,688.3336,0.3279656
688.6616,688.3336,0.3279606
688.6616,688.3337,0.3279043
688.6616,688.3338,0.3277775
688.6616,688.3338,0.3277694
688.6616,688.3339,0.3277359
688.6616,688.3339,0.3276655
688.6616,688.3339,0.3276578
688.6616,688.334,0.3275889
688.6616,688.334,0.3275765
688.6616,688.3341,0.3274644
688.6616,688.3342,0.3274235
688.6616,688.3343,0.3273311
688.6616,688.3343,0.3273243
688.6616,688.3344,0.3272476
688.6616,688.3344,0.3272054
688.6616,688.3344,0.3271714
688.6616,688.3345,0.3270956
688.6616,688.3346,0.3269962
688.6616,688.3347,0.3268659
688.6616,688.3348,0.3268384
688.6616,688.3348,0.3268357
688.6616,688.3348,0.3268041
688.6616,688.3348,0.3268012
688.6616,688.3349,0.326719
688.6616,688.335,0.326608
688.6616,688.335,0.3265902
688.6616,688.3351,0.3265371
688.6616,688.3353,0.3263235
688.6616,688.3354,0.3262001
688.6616,688.3354,0.3261619
688.6616,688.3355,0.3261249
688.6616,688.3356,0.3260202
688.6616,688.3357,0.3259351
688.6616,688.3358,0.3257853
688.6616,688.3358,0.3257627
688.6616,688.3359,0.3257442
688.6616,688.3359,0.3257244
688.6616,688.3359,0.3256531
688.6616,688.336,0.3256473
688.6616,688.336,0.3256135
688.6616,688.336,0.325577
688.6616,688.3361,0.3255448
688.6616,688.3361,0.3255067
688.6616,688.3361,0.325469
688.6616,688.3362,0.3254245
688.6616,688.3363,0.3253461
688.6616,688.3363,0.3253346
688.6616,688.3363,0.3253168
688.6616,688.3364,0.3251998
688.6616,688.3364,0.3251512
688.6616,688.3365,0.3251324
688.6616,688.3365,0.3250839
688.6616,688.3365,0.3250646
688.6616,688.3366,0.3250336
688.6616,688.3368,0.3248154
688.6616,688.3368,0.3247937
688.6616,688.3368,0.3247624
688.6616,688.3371,0.3244803
688.6616,688.3372,0.3244298
688.6616,688.3372,0.3244115
688.6616,688.3373,0.3242698
688.6616,688.3375,0.32411
688.6616,688.3376,0.3239503
688.6616,688.3377,0.3239471
688.6616,688.3377,0.323931
688.6616,688.3377,0.3238716
688.6616,688.3378,0.323825
688.6616,688.3378,0.323816
688.6616,688.3379,0.3237297
688.6616,688.3379,0.3237115
688.6616,688.338,0.3236499
688.6616,688.338,0.3235976
688.6616,688.338,0.323592
688.6616,688.338,0.3235783
688.6616,688.338,0.3235639
688.6616,688.3381,0.3235495
688.6616,688.3381,0.3235363
688.6616,688.3381,0.3234972
688.6616,688.3381,0.3234877
688.6616,688.3381,0.3234811
688.6616,688.3381,0.3234741
688.6616,688.3382,0.3233865
688.6616,688.3382,0.3233786
688.6616,688.3382,0.3233692
688.6616,688.3383,0.3232711
688.6616,688.3383,0.3232626
688.6616,688.3383,0.3232529
688.6616,688.3384,0.323185
688.6616,688.3384,0.32316
688.6616,688.3385,0.3230754
688.6616,688.3385,0.3230751
688.6616,688.3385,0.3230661
688.6616,688.3385,0.3230648
688.6616,688.3386,0.3230478
688.6616,688.3386,0.3230353
688.6616,688.3387,0.3228668
688.6616,688.3388,0.3227928
688.6616,688.3388,0.3227723
688.6616,688.3389,0.322714
688.6616,688.3389,0.3227136
688.6616,688.3389,0.3227127
688.6616,688.3389,0.3226997
688.6616,688.3389,0.3226941
688.6616,688.339,0.3225746
688.6616,688.3391,0.3225309
688.6616,688.3391,0.3224772
688.6616,688.3393,0.3222759
688.6616,688.3394,0.3222305
688.6616,688.3394,0.3222187
688.6616,688.3394,0.3221533
688.6616,688.3396,0.3220345
688.6616,688.3396,0.3220019
688.6616,688.3396,0.3219719
688.6616,688.3396,0.3219539
688.6616,688.3397,0.3218952
688.6616,688.3397,0.3218676
688.6616,688.3397,0.3218509
688.6616,688.3397,0.32185
688.6616,688.3398,0.3218436
688.6616,688.3398,0.3218171
688.6616,688.3398,0.3217988
688.6616,688.3399,0.3217286
688.6616,688.34,0.3215833
688.6616,688.3401,0.3215182
688.6616,688.3401,0.3215173
688.6616,688.3401,0.3214871
688.6616,688.3401,0.321478
688.6616,688.3402,0.3214463
688.6616,688.3403,0.3213075
688.6616,688.3403,0.321284
688.6616,688.3403,0.3212727
688.6616,688.3404,0.3211684
688.6616,688.3405,0.3210929
688.6616,688.3405,0.3210537
688.6616,688.3406,0.3210294
688.6616,688.3406,0.3209909
688.6616,688.3406,0.32097
688.6616,688.3407,0.3209491
688.6616,688.3407,0.320921
688.6616,688.3407,0.3209065
688.6616,688.3408,0.3208391
688.6616,688.3408,0.3208279
688.6616,688.3408,0.3207814
688.6616,688.3408,0.3207612
688.6616,688.3409,0.32072
688.6616,688.3409,0.3207061
688.6616,688.3409,0.3206517
688.6616,688.341,0.3206246
688.6616,688.341,0.3206231
688.6616,688.341,0.3205878
688.6616,688.341,0.3205839
688.6616,688.341,0.3205777
688.6616,688.341,0.3205617
688.6616,688.3411,0.320528
688.6616,688.3411,0.3205222
688.6616,688.3411,0.3205221
688.6616,688.3411,0.3204881
688.6616,688.3412,0.3204297
688.6616,688.3412,0.3204287
688.6616,688.3412,0.3203979
688.6616,688.3412,0.3203964
688.6616,688.3414,0.3202316
688.6616,688.3415,0.3201271
688.6616,688.3415,0.3201227
688.6616,688.3415,0.3200919
688.6616,688.3415,0.3200679
688.6616,688.3415,0.3200648
688.6616,688.3415,0.3200627
688.6616,688.3416,0.3200303
688.6616,688.3416,0.3200099
688.6616,688.3416,0.3200028
688.6616,688.3416,0.3199999
688.6616,688.3416,0.3199757
688.6616,688.3417,0.3199479
688.6616,688.3417,0.3199383
688.6616,688.3417,0.3198879
688.6616,688.3417,0.3198517
688.6616,688.3418,0.3198428
688.6616,688.3418,0.3198382
688.6616,688.3418,0.31982
688.6616,688.3418,0.319817
688.6616,688.3418,0.3198095
688.6616,688.3418,0.3197705
688.6616,688.3418,0.3197528
688.6616,688.3419,0.3197425
688.6616,688.3419,0.3197297
688.6616,688.3419,0.3196793
688.6616,688.342,0.3196032
688.6616,688.342,0.3195796
688.6616,688.342,0.3195633
688.6616,688.342,0.319561
688.6616,688.342,0.3195553
688.6616,688.3421,0.3194858
688.6616,688.3421,0.319471
688.6616,688.3421,0.3194639
688.6616,688.3421,0.3194582
688.6616,688.3421,0.3194554
688.6616,688.3422,0.3194442
688.6616,688.3422,0.3194309
688.6616,688.3422,0.3194144
688.6616,688.3422,0.3193654
688.6616,688.3422,0.3193564
688.6616,688.3423,0.3193312
688.6616,688.3423,0.3192813
688.6616,688.3424,0.3192367
688.6616,688.3424,0.3192308
688.6616,688.3424,0.3192251
688.6616,688.3424,0.3192173
688.6616,688.3424,0.3191863
688.6616,688.3425,0.3191318
688.6616,688.3425,0.3191061
688.6616,688.3425,0.319068
688.6616,688.3426,0.3190079
688.6616,688.3427,0.3189495
688.6616,688.3427,0.3189434
688.6616,688.3427,0.3189328
688.6616,688.3427,0.3189281
688.6616,688.3427,0.318907
688.6616,688.3428,0.3188477
688.6616,688.3428,0.3188475
688.6616,688.3428,0.3188321
688.6616,688.3428,0.3188101
688.6616,688.3428,0.3187965
688.6616,688.3429,0.318749
688.6616,688.3429,0.318741
688.6616,688.3429,0.3187387
688.6616,688.3429,0.3187159
688.6616,688.3429,0.3186566
688.6616,688.343,0.3186183
688.6616,688.343,0.3186036
688.6616,688.343,0.318561
688.6616,688.3431,0.3185495
688.6616,688.3431,0.3185488
688.6616,688.3431,0.3185224
688.6616,688.3431,0.3185179
688.6616,688.3431,0.3185176
688.6616,688.3431,0.3185112
688.6616,688.3431,0.3184986
688.6616,688.3431,0.3184945
688.6616,688.3431,0.3184588
688.6616,688.3431,0.3184527
688.6616,688.3432,0.3184466
688.6616,688.3432,0.3184294
688.6616,688.3432,0.3184286
688.6616,688.3432,0.3184241
688.6616,688.3432,0.318412
688.6616,688.3432,0.3183747
688.6616,688.3432,0.3183695
688.6616,688.3432,0.3183627
688.6616,688.3432,0.3183591
688.6616,688.3432,0.3183584
688.6616,688.3433,0.318338
688.6616,688.3433,0.3183219
688.6616,688.3433,0.3183211
688.6616,688.3434,0.3182432
688.6616,688.3434,0.3182004
688.6616,688.3434,0.3181865
688.6616,688.3434,0.3181813
688.6616,688.3435,0.3181186
688.6616,688.3435,0.3181004
688.6616,688.3435,0.3180644
688.6616,688.3436,0.3180455
688.6616,688.3436,0.318032
688.6616,688.3436,0.3180269
688.6616,688.3436,0.3179933
688.6616,688.3436,0.3179794
688.6616,688.3436,0.3179696
688.6616,688.3436,0.317959
688.6616,688.3436,0.3179583
688.6616,688.3437,0.3179456
688.6616,688.3437,0.3179377
688.6616,688.3437,0.3179015
688.6616,688.3437,0.3178963
688.6616,688.3437,0.3178895
688.6616,688.3437,0.3178635
688.6616,688.3437,0.3178603
688.6616,688.3437,0.317854
688.6616,688.3438,0.3178493
688.6616,688.3438,0.3178417
688.6616,688.3438,0.3178348
688.6616,688.3438,0.3178313
688.6616,688.3438,0.3178198
688.6616,688.3438,0.3177819
688.6616,688.3438,0.3177645
688.6616,688.3439,0.3177487
688.6616,688.3439,0.3177465
688.6616,688.3439,0.3177334
688.6616,688.3439,0.3177173
688.6616,688.3439,0.3177112
688.6616,688.3439,0.3176926
688.6616,688.3439,0.3176919
688.6616,688.3439,0.3176905
688.6616,688.3439,0.3176743
688.6616,688.3439,0.3176639
688.6616,688.344,0.3176475
688.6616,688.344,0.3176368
688.6616,688.344,0.3176273
688.6616,688.344,0.3176015
688.6616,688.344,0.3175976
688.6616,688.344,0.3175969
688.6616,688.344,0.3175774
688.6616,688.344,0.3175658
688.6616,688.344,0.3175653
688.6616,688.344,0.3175643
688.6616,688.344,0.3175597
688.6616,688.344,0.3175584
688.6616,688.344,0.3175573
688.6616,688.344,0.317557
688.6616,688.3441,0.3175466
688.6616,688.3441,0.3175368
688.6616,688.3441,0.3175333
688.6616,688.3441,0.317526
688.6616,688.3441,0.3175258
688.6616,688.3441,0.3175196
688.6616,688.3441,0.3175073
688.6616,688.3441,0.3174994
688.6616,688.3441,0.3174978
688.6616,688.3441,0.3174975
688.6616,688.3441,0.3174963
688.6616,688.3441,0.3174826
688.6616,688.3441,0.3174715
688.6616,688.3442,0.3174271
688.6616,688.3442,0.317427
688.6616,688.3442,0.3174214
688.6616,688.3442,0.3174193
688.6616,688.3442,0.3174127
688.6616,688.3442,0.3173821
688.6616,688.3442,0.3173812
688.6616,688.3442,0.3173812
688.6616,688.3442,0.3173774
688.6616,688.3442,0.317351
688.6616,688.3443,0.3173489
688.6616,688.3443,0.3173293
688.6616,688.3443,0.317325
688.6616,688.3443,0.3173208
688.6616,688.3443,0.3173086
688.6616,688.3443,0.3173027
688.6616,688.3443,0.3172876
688.6616,688.3443,0.3172854
688.6616,688.3443,0.3172716
688.6616,688.3443,0.3172533
688.6616,688.3443,0.3172523
688.6616,688.3443,0.3172507
688.6616,688.3444,0.3172426
688.6616,688.3444,0.3172409
688.6616,688.3444,0.317236
688.6616,688.3444,0.3172333
688.6616,688.3444,0.3172175
688.6616,688.3444,0.3172154
688.6616,688.3444,0.3172008
688.6616,688.3444,0.3172006
688.6616,688.3444,0.3171921
688.6616,688.3444,0.3171666
688.6616,688.3444,0.3171603
688.6616,688.3445,0.3171403
688.6616,688.3445,0.3171338
688.6616,688.3445,0.3171158
688.6616,688.3445,0.3171129
688.6616,688.3445,0.3171081
688.6616,688.3445,0.3170918
688.6616,688.3445,0.3170912
688.6616,688.3445,0.3170901
688.6616,688.3445,0.3170742
688.6616,688.3445,0.3170647
688.6616,688.3445,0.3170518
688.6616,688.3446,0.3170169
688.6616,688.3446,0.3169886
688.6616,688.3446,0.3169789
688.6616,688.3446,0.316972
688.6616,688.3446,0.3169658
688.6616,688.3446,0.3169642
688.6616,688.3447,0.3169377
688.6616,688.3447,0.316916
688.6616,688.3447,0.3169037
688.6616,688.3447,0.3168684
688.6616,688.3448,0.3168388
688.6616,688.3448,0.3167557
688.6616,688.3448,0.3167526
688.6616,688.3449,0.3167421
688.6616,688.3449,0.316719
688.6616,688.3449,0.3167155
688.6616,688.3449,0.3166786
688.6616,688.3449,0.3166551
688.6616,688.345,0.3166196
688.6616,688.345,0.3166032
688.6616,688.345,0.3165825
688.6616,688.345,0.3165792
688.6616,688.345,0.3165583
688.6616,688.3451,0.3165415
688.6616,688.3451,0.3165397
688.6616,688.3451,0.3165275
688.6616,688.3451,0.3165238
688.6616,688.3451,0.3164657
688.6616,688.3452,0.3164491
688.6616,688.3452,0.3164477
688.6616,688.3452,0.3163982
688.6616,688.3453,0.3163134
688.6616,688.3453,0.3162949
688.6616,688.3454,0.3162425
688.6616,688.3454,0.3161991
688.6616,688.3454,0.3161613
688.6616,688.3455,0.3161215
688.6616,688.3455,0.3161123
688.6616,688.3455,0.3161073
688.6616,688.3455,0.3160974
688.6616,688.3456,0.316027
688.6616,688.3456,0.3160229
688.6616,688.3456,0.316005
688.6616,688.3456,0.3159663
688.6616,688.3456,0.3159619
688.6616,688.3456,0.3159571
688.6616,688.3457,0.315939
688.6616,688.3457,0.3159003
688.6616,688.3458,0.3158464
688.6616,688.3458,0.3158354
688.6616,688.3458,0.3158182
688.6616,688.3458,0.3158161
688.6616,688.3458,0.3158069
688.6616,688.3458,0.3157843
688.6616,688.3458,0.3157769
688.6616,688.3458,0.3157685
688.6616,688.3459,0.3157307
688.6616,688.3459,0.3157027
688.6616,688.3459,0.3156701
688.6616,688.346,0.3156291
688.6616,688.346,0.3156214
688.6616,688.346,0.3155569
688.6616,688.3462,0.3153639
688.6616,688.3463,0.3153004
688.6616,688.3463,0.315292
688.6616,688.3463,0.3152882
688.6616,688.3464,0.3152188
688.6616,688.3465,0.3151283
688.6616,688.3465,0.3151114
688.6616,688.3465,0.3151108
688.6616,688.3466,0.3150233
688.6616,688.3466,0.3150112
688.6616,688.3466,0.3149798
688.6616,688.3466,0.3149652
688.6616,688.3466,0.3149619
688.6616,688.3467,0.3149058
688.6616,688.3467,0.3148722
688.6616,688.3467,0.3148647
688.6616,688.3468,0.3147932
688.6616,688.3468,0.3147913
688.6616,688.3468,0.3147535
688.6616,688.3469,0.314695
688.6616,688.3469,0.314691
688.6616,688.3469,0.3146807
688.6616,688.3469,0.3146554
688.6616,688.3469,0.3146549
688.6616,688.347,0.3146372
688.6616,688.347,0.31462
688.6616,688.347,0.3146148
688.6616,688.347,0.3145909
688.6616,688.347,0.3145834
688.6616,688.347,0.3145807
688.6616,688.347,0.3145742
688.6616,688.3471,0.3145327
688.6616,688.3471,0.3145168
688.6616,688.3471,0.3145074
688.6616,688.3471,0.3145067
688.6616,688.3471,0.3144928
688.6616,688.3471,0.314474
688.6616,688.3471,0.3144579
688.6616,688.3471,0.3144568
688.6616,688.3472,0.3143868
688.6616,688.3472,0.314381
688.6616,688.3473,0.3143221
688.6616,688.3473,0.3142922
688.6616,688.3473,0.3142641
688.6616,688.3474,0.3142212
688.6616,688.3474,0.314217
688.6616,688.3474,0.3141805
688.6616,688.3474,0.3141749
688.6616,688.3474,0.3141703
688.6616,688.3475,0.31412
688.6616,688.3475,0.3141035
688.6616,688.3475,0.314102
688.6616,688.3475,0.314101
688.6616,688.3475,0.3140796
688.6616,688.3476,0.3140386
688.6616,688.3476,0.3139662
688.6616,688.3476,0.3139504
688.6616,688.3477,0.3138751
688.6616,688.3477,0.3138581
688.6616,688.3478,0.3138413
688.6616,688.3478,0.313774
688.6616,688.3479,0.3137417
688.6616,688.3479,0.3136972
688.6616,688.3479,0.3136964
688.6616,688.3479,0.3136749
688.6616,688.3481,0.3135182
688.6616,688.3481,0.3135058
688.6616,688.3481,0.3135041
688.6616,688.3481,0.3135021
688.6616,688.3481,0.3134524
688.6616,688.3482,0.3134483
688.6616,688.3482,0.313444
688.6616,688.3482,0.3134192
688.6616,688.3482,0.3133669
688.6616,688.3482,0.3133665
688.6616,688.3482,0.3133571
688.6616,688.3483,0.3133411
688.6616,688.3483,0.3132918
688.6616,688.3483,0.3132728
688.6616,688.3484,0.3132416
688.6616,688.3484,0.3132394
688.6616,688.3484,0.3131794
688.6616,688.3485,0.3131205
688.6616,688.3485,0.3131186
688.6616,688.3486,0.313024
688.6616,688.3486,0.3130146
688.6616,688.3486,0.3129535
688.6616,688.3489,0.3127492
688.6616,688.3489,0.3127223
688.6616,688.3489,0.3126896
688.6616,688.3489,0.3126886
688.6616,688.349,0.3126108
688.6616,688.349,0.3125542
688.6616,688.3491,0.3125146
688.6616,688.3491,0.3125089
688.6616,688.3491,0.3125074
688.6616,688.3491,0.3124704
688.6616,688.3492,0.312423
688.6616,688.3492,0.3124214
688.6616,688.3492,0.3124119
688.6616,688.3492,0.3124081
688.6616,688.3492,0.3123946
688.6616,688.3492,0.3123897
688.6616,688.3492,0.3123638
688.6616,688.3493,0.31232
688.6616,688.3493,0.3123077
688.6616,688.3493,0.3122838
688.6616,688.3493,0.3122819
688.6616,688.3493,0.3122708
688.6616,688.3494,0.3122431
688.6616,688.3494,0.3122303
688.6616,688.3494,0.3122213
688.6616,688.3494,0.3122073
688.6616,688.3495,0.3121405
688.6616,688.3495,0.3121061
688.6616,688.3495,0.3120771
688.6616,688.3496,0.3120085
688.6616,688.3496,0.311978
688.6616,688.3496,0.3119681
688.6616,688.3498,0.3118083
688.6616,688.3498,0.3117926
688.6616,688.3498,0.311784
688.6616,688.3499,0.3117421
688.6616,688.3499,0.3117385
688.6616,688.3499,0.3117293
688.6616,688.3499,0.3117108
688.6616,688.3499,0.311706
688.6616,688.3499,0.3117024
688.6616,688.3499,0.3116903
688.6616,688.3499,0.3116802
688.6616,688.3499,0.3116589
688.6616,688.35,0.3115939
688.6616,688.35,0.3115792
688.6616,688.35,0.3115501
688.6616,688.3501,0.3115339
688.6616,688.3501,0.3115124
688.6616,688.3501,0.311506
688.6616,688.3501,0.311483
688.6616,688.3502,0.3114356
688.6616,688.3502,0.3113831
688.6616,688.3502,0.3113675
688.6616,688.3503,0.3112833
688.6616,688.3503,0.311275
688.6616,688.3504,0.3112324
688.6616,688.3504,0.3111667
688.6616,688.3504,0.3111604
688.6616,688.3505,0.3111393
688.6616,688.3505,0.3111114
688.6616,688.3505,0.3111032
688.6616,688.3505,0.311087
688.6616,688.3505,0.3110801
688.6616,688.3505,0.3110777
688.6616,688.3505,0.3110748
688.6616,688.3505,0.3110656
688.6616,688.3506,0.311019
688.6616,688.3506,0.3109794
688.6616,688.3506,0.3109788
688.6616,688.3507,0.310943
688.6616,688.3507,0.3109049
688.6616,688.3507,0.3108846
688.6616,688.3507,0.3108566
688.6616,688.3508,0.3108398
688.6616,688.3508,0.3107829
688.6616,688.3509,0.3106785
688.6616,688.3509,0.3106542
688.6616,688.351,0.3106244
688.6616,688.351,0.3105981
688.6616,688.351,0.3105893
688.6616,688.351,0.3105805
688.6616,688.3511,0.3105414
688.6616,688.3511,0.3105248
688.6616,688.3511,0.3105169
688.6616,688.3511,0.3105156
688.6616,688.3512,0.310428
688.6616,688.3514,0.3102477
688.6616,688.3514,0.3102111
688.6616,688.3514,0.3101686
688.6616,688.3514,0.3101517
688.6616,688.3515,0.3100983
688.6616,688.3515,0.3100964
688.6616,688.3515,0.3100827
688.6616,688.3516,0.3100373
688.6616,688.3516,0.3100124
688.6616,688.3516,0.3099728
688.6616,688.3517,0.3099348
688.6616,688.3517,0.3099343
688.6616,688.3518,0.3098433
688.6616,688.3518,0.3098257
688.6616,688.3518,0.3097983
688.6616,688.3518,0.3097698
688.6616,688.3519,0.3097494
688.6616,688.3519,0.3097484
688.6616,688.3519,0.3097114
688.6616,688.3519,0.309694
688.6616,688.3519,0.3096884
688.6616,688.352,0.3096408
688.6616,688.352,0.3096378
688.6616,688.352,0.3096059
688.6616,688.352,0.3095595
688.6616,688.3521,0.3095403
688.6616,688.3521,0.3095045
688.6616,688.3521,0.3094618
688.6616,688.3522,0.3094272
688.6616,688.3522,0.309402
688.6616,688.3522,0.3093831
688.6616,688.3522,0.3093684
688.6616,688.3523,0.3093449
688.6616,688.3523,0.3093151
688.6616,688.3523,0.3092972
688.6616,688.3523,0.309283
688.6616,688.3523,0.3092514
688.6616,688.3524,0.3092381
688.6616,688.3524,0.3092358
688.6616,688.3524,0.3092312
688.6616,688.3524,0.3092256
688.6616,688.3524,0.3092142
688.6616,688.3524,0.3091934
688.6616,688.3524,0.3091819
688.6616,688.3524,0.3091652
688.6616,688.3525,0.3091413
688.6616,688.3525,0.3091166
688.6616,688.3525,0.3091161
688.6616,688.3525,0.3090848
688.6616,688.3525,0.3090716
688.6616,688.3525,0.3090663
688.6616,688.3526,0.3090424
688.6616,688.3526,0.3090331
688.6616,688.3526,0.309027
688.6616,688.3526,0.3090249
688.6616,688.3526,0.3090232
688.6616,688.3526,0.3090188
688.6616,688.3526,0.3090163
688.6616,688.3526,0.3090111
688.6616,688.3526,0.3089818
688.6616,688.3526,0.3089657
688.6616,688.3526,0.3089649
688.6616,688.3526,0.3089642
688.6616,688.3526,0.3089576
688.6616,688.3526,0.3089536
688.6616,688.3526,0.3089527
688.6616,688.3527,0.3089355
688.6616,688.3527,0.3089219
688.6616,688.3527,0.3089196
688.6616,688.3527,0.3088919
688.6616,688.3527,0.3088832
688.6616,688.3527,0.3088759
688.6616,688.3528,0.3088132
688.6616,688.3528,0.3088124
688.6616,688.3528,0.3087996
688.6616,688.3528,0.308791
688.6616,688.3528,0.3087899
688.6616,688.3528,0.3087878
688.6616,688.3529,0.3087252
688.6616,688.3529,0.3087133
688.6616,688.3529,0.3087086
688.6616,688.3529,0.3087047
688.6616,688.3529,0.308702
688.6616,688.3529,0.3086848
688.6616,688.3529,0.3086827
688.6616,688.3529,0.3086739
688.6616,688.3529,0.3086712
688.6616,688.353,0.3086498
688.6616,688.353,0.3086337
688.6616,688.353,0.3085988
688.6616,688.353,0.3085966
688.6616,688.353,0.3085635
688.6616,688.3531,0.3085469
688.6616,688.3531,0.3085422
688.6616,688.3531,0.3085219
688.6616,688.3531,0.308503
688.6616,688.3531,0.3084884
688.6616,688.3531,0.3084715
688.6616,688.3532,0.3084415
688.6616,688.3532,0.3084372
688.6616,688.3532,0.3084321
688.6616,688.3532,0.3084102
688.6616,688.3532,0.3084066
688.6616,688.3532,0.3083988
688.6616,688.3532,0.3083669
688.6616,688.3532,0.3083614
688.6616,688.3532,0.3083601
688.6616,688.3533,0.3083499
688.6616,688.3533,0.3083464
688.6616,688.3533,0.3083019
688.6616,688.3533,0.3082995
688.6616,688.3533,0.3082992
688.6616,688.3533,0.3082877
688.6616,688.3534,0.3082423
688.6616,688.3534,0.3082281
688.6616,688.3534,0.3082274
688.6616,688.3535,0.308146
688.6616,688.3535,0.3080815
688.6616,688.3535,0.3080739
688.6616,688.3536,0.3080219
688.6616,688.3536,0.308012
688.6616,688.3536,0.3080036
688.6616,688.3536,0.3079988
688.6616,688.3536,0.3079781
688.6616,688.3536,0.3079667
688.6616,688.3537,0.3079445
688.6616,688.3537,0.3079254
688.6616,688.3537,0.3078727
688.6616,688.3538,0.3078392
688.6616,688.3538,0.3077568
688.6616,688.3539,0.3077389
688.6616,688.3539,0.3076742
688.6616,688.3539,0.3076613
688.6616,688.3539,0.3076504
688.6616,688.3541,0.3075411
688.6616,688.3541,0.3075019
688.6616,688.3542,0.3074249
688.6616,688.3542,0.3074205
688.6616,688.3543,0.3073162
688.6616,688.3543,0.3073131
688.6616,688.3543,0.3073052
688.6616,688.3543,0.3072947
688.6616,688.3543,0.3072883
688.6616,688.3543,0.3072578
688.6616,688.3544,0.3071996
688.6616,688.3544,0.3071775
688.6616,688.3544,0.3071557
688.6616,688.3544,0.3071521
688.6616,688.3545,0.3071324
688.6616,688.3545,0.3071151
688.6616,688.3546,0.3069991
688.6616,688.3546,0.3069896
688.6616,688.3547,0.3069155
688.6616,688.3547,0.3068566
688.6616,688.3548,0.3067903
688.6616,688.3549,0.3067309
688.6616,688.355,0.3066049
688.6616,688.3551,0.3065177
688.6616,688.3552,0.3064491
688.6616,688.3552,0.3064413
688.6616,688.3553,0.3063324
688.6616,688.3553,0.3062633
688.6616,688.3554,0.3062146
688.6616,688.3554,0.3062061
688.6616,688.3554,0.306184
688.6616,688.3554,0.3061552
688.6616,688.3555,0.3061449
688.6616,688.3556,0.3060296
688.6616,688.3556,0.3060194
688.6616,688.3557,0.3058953
688.6616,688.3557,0.3058758
688.6616,688.3558,0.3058227
688.6616,688.3558,0.3058012
688.6616,688.3559,0.3057016
688.6616,688.3559,0.3056885
688.6616,688.3559,0.3056758
688.6616,688.356,0.3055718
688.6616,688.356,0.3055538
688.6616,688.3562,0.3053911
688.6616,688.3563,0.3053192
688.6616,688.3563,0.3052795
688.6616,688.3564,0.3052275
688.6616,688.3565,0.3051391
688.6616,688.3565,0.3050855
688.6616,688.3566,0.3050068
688.6616,688.3566,0.304985
688.6616,688.3567,0.3049442
688.6616,688.3567,0.3049102
688.6616,688.3567,0.3049064
688.6616,688.3568,0.3047857
688.6616,688.3568,0.304761
688.6616,688.357,0.3046096
688.6616,688.357,0.3045981
688.6616,688.357,0.3045547
688.6616,688.3571,0.3045173
688.6616,688.3571,0.3045004
688.6616,688.3571,0.304488
688.6616,688.3571,0.3044645
688.6616,688.3571,0.3044543
688.6616,688.3572,0.3043521
688.6616,688.3573,0.3043406
688.6616,688.3573,0.3043393
688.6616,688.3573,0.3043346
688.6616,688.3573,0.304297
688.6616,688.3576,0.3039996
688.6616,688.3576,0.3039966
688.6616,688.3577,0.3039201
688.6616,688.3578,0.3038483
688.6616,688.3578,0.303822
688.6616,688.3578,0.3038196
688.6616,688.3578,0.303817
688.6616,688.3578,0.3037997
688.6616,688.358,0.3035921
688.6616,688.3581,0.3035118
688.6616,688.3581,0.3034984
688.6616,688.3583,0.303333
688.6616,688.3583,0.3033189
688.6616,688.3583,0.3032962
688.6616,688.3583,0.3032597
688.6616,688.3584,0.3031697
688.6616,688.3585,0.3031099
688.6616,688.3585,0.3030802
688.6616,688.3585,0.3030768
688.6616,688.3585,0.3030723
688.6616,688.3586,0.3030241
688.6616,688.3586,0.3029779
688.6616,688.3587,0.3029316
688.6616,688.3587,0.3028559
688.6616,688.3587,0.3028504
688.6616,688.3589,0.3027484
688.6616,688.3589,0.3027326
688.6616,688.359,0.3026388
688.6616,688.359,0.3025817
688.6616,688.3591,0.3025275
688.6616,688.3591,0.3024987
688.6616,688.3592,0.3023998
688.6616,688.3592,0.3023674
688.6616,688.3593,0.3023434
688.6616,688.3593,0.3023103
688.6616,688.3593,0.3022654
688.6616,688.3594,0.3022397
688.6616,688.3594,0.3021819
688.6616,688.3594,0.302174
688.6616,688.3595,0.3021453
688.6616,688.3595,0.3021311
688.6616,688.3595,0.3021172
688.6616,688.3595,0.3020992
688.6616,688.3595,0.3020716
688.6616,688.3595,0.3020683
688.6616,688.3596,0.3020379
688.6616,688.3596,0.3020372
688.6616,688.3597,0.3019456
688.6616,688.3597,0.3018961
688.6616,688.3597,0.3018683
688.6616,688.3598,0.3018401
688.6616,688.3598,0.3017889
688.6616,688.3599,0.3016503
688.6616,688.36,0.3016215
688.6616,688.36,0.3016033
688.6616,688.36,0.3015733
688.6616,688.36,0.3015532
688.6616,688.36,0.3015505
688.6616,688.3601,0.3015492
688.6616,688.3601,0.3015285
688.6616,688.3602,0.3014021
688.6616,688.3602,0.3014001
688.6616,688.3602,0.3013742
688.6616,688.3603,0.3013421
688.6616,688.3603,0.3013351
688.6616,688.3604,0.3012469
688.6616,688.3604,0.3012265
688.6616,688.3604,0.3012169
688.6616,688.3604,0.3011864
688.6616,688.3604,0.3011673
688.6616,688.3605,0.3011156
688.6616,688.3607,0.3009158
688.6616,688.3608,0.3007699
688.6616,688.3609,0.300675
688.6616,688.3609,0.3006719
688.6616,688.361,0.3005675
688.6616,688.3611,0.3004682
688.6616,688.3611,0.3004676
688.6616,688.3611,0.3004544
688.6616,688.3612,0.3003873
688.6616,688.3613,0.3003057
688.6616,688.3613,0.3003011
688.6616,688.3613,0.3002627
688.6616,688.3614,0.300249
688.6616,688.3614,0.300221
688.6616,688.3615,0.3000616
688.6616,688.3616,0.2999817
688.6616,688.3616,0.2999714
688.6616,688.3617,0.2999412
688.6616,688.3617,0.2998701
688.6616,688.3618,0.2998383
688.6616,688.3618,0.2997877
688.6616,688.3618,0.2997856
688.6616,688.3618,0.2997742
688.6616,688.3618,0.2997648
688.6616,688.362,0.2996474
688.6616,688.362,0.2995756
688.6616,688.3621,0.2995402
688.6616,688.3622,0.2994297
688.6616,688.3622,0.299389
688.6616,688.3622,0.2993674
688.6616,688.3622,0.2993638
688.6616,688.3622,0.2993562
688.6616,688.3623,0.2993164
688.6616,688.3624,0.2992236
688.6616,688.3624,0.2992206
688.6616,688.3624,0.2991866
688.6616,688.3625,0.2991295
688.6616,688.3625,0.2991187
688.6616,688.3625,0.2990604
688.6616,688.3626,0.2989976
688.6616,688.3626,0.2989781
688.6616,688.3627,0.2989368
688.6616,688.3627,0.2988863
688.6616,688.3627,0.2988658
688.6616,688.3628,0.2988123
688.6616,688.3628,0.2987678
688.6616,688.3629,0.2986923
688.6616,688.3629,0.2986569
688.6616,688.363,0.2986486
688.6616,688.363,0.298638
688.6616,688.363,0.2986253
688.6616,688.363,0.298624
688.6616,688.363,0.2985961
688.6616,688.3631,0.2985424
688.6616,688.3631,0.2985386
688.6616,688.3631,0.2984818
688.6616,688.3631,0.2984718
688.6616,688.3631,0.2984517
688.6616,688.3632,0.2984426
688.6616,688.3633,0.2983448
688.6616,688.3634,0.2982324
688.6616,688.3634,0.2982106
688.6616,688.3634,0.2982086
688.6616,688.3634,0.2982017
688.6616,688.3634,0.2981665
688.6616,688.3635,0.298074
688.6616,688.3635,0.298063
688.6616,688.3636,0.2980278
688.6616,688.3636,0.2980014
688.6616,688.3636,0.2980013
688.6616,688.3636,0.2979782
688.6616,688.3636,0.2979522
688.6616,688.3637,0.2978752
688.6616,688.3637,0.2978558
688.6616,688.3637,0.2978518
688.6616,688.3638,0.2978157
688.6616,688.3638,0.2978092
688.6616,688.3638,0.297769
688.6616,688.3638,0.2977575
688.6616,688.3639,0.2977446
688.6616,688.3639,0.2977024
688.6616,688.3639,0.2976745
688.6616,688.3639,0.2976668
688.6616,688.364,0.2976428
688.6616,688.364,0.2976377
688.6616,688.364,0.2976269
688.6616,688.364,0.2976103
688.6616,688.364,0.2975972
688.6616,688.364,0.2975645
688.6616,688.364,0.2975643
688.6616,688.3641,0.2975406
688.6616,688.3641,0.2975114
688.6616,688.3641,0.2975033
688.6616,688.3641,0.297498
688.6616,688.3642,0.2974438
688.6616,688.3643,0.2973208
688.6616,688.3643,0.2973146
688.6616,688.3643,0.2972977
688.6616,688.3643,0.2972522
688.6616,688.3644,0.2972449
688.6616,688.3644,0.297202
688.6616,688.3644,0.2971567
688.6616,688.3645,0.2971423
688.6616,688.3645,0.2970933
688.6616,688.3645,0.2970533
688.6616,688.3646,0.296994
688.6616,688.3647,0.2969096
688.6616,688.3648,0.2968316
688.6616,688.3648,0.2968225
688.6616,688.3648,0.2968216
688.6616,688.3648,0.2967995
688.6616,688.3648,0.2967831
688.6616,688.365,0.2966294
688.6616,688.365,0.2966207
688.6616,688.3651,0.2965349
688.6616,688.3651,0.2965263
688.6616,688.3652,0.2964163
688.6616,688.3652,0.2964051
688.6616,688.3652,0.2963871
688.6616,688.3652,0.2963773
688.6616,688.3652,0.296377
688.6616,688.3652,0.2963761
688.6616,688.3653,0.2963259
688.6616,688.3653,0.2962817
688.6616,688.3653,0.2962755
688.6616,688.3653,0.296273
688.6616,688.3653,0.2962645
688.6616,688.3654,0.2962391
688.6616,688.3654,0.2961806
688.6616,688.3654,0.2961703
688.6616,688.3655,0.2961491
688.6616,688.3655,0.2961483
688.6616,688.3655,0.2961122
688.6616,688.3655,0.2960736
688.6616,688.3656,0.2960341
688.6616,688.3656,0.2959933
688.6616,688.3656,0.2959669
688.6616,688.3657,0.2959291
688.6616,688.3657,0.2958609
688.6616,688.3658,0.2958427
688.6616,688.3658,0.2958143
688.6616,688.3658,0.2957893
688.6616,688.3658,0.2957675
688.6616,688.3658,0.295758
688.6616,688.366,0.2955501
688.6616,688.3661,0.2955102
688.6616,688.3661,0.2954928
688.6616,688.3661,0.2954773
688.6616,688.3662,0.2954463
688.6616,688.3662,0.2953799
688.6616,688.3662,0.2953694
688.6616,688.3662,0.2953572
688.6616,688.3663,0.2953474
688.6616,688.3663,0.2953248
688.6616,688.3663,0.2953106
688.6616,688.3663,0.2952935
688.6616,688.3663,0.2952638
688.6616,688.3664,0.2951836
688.6616,688.3664,0.2951644
688.6616,688.3665,0.2951193
688.6616,688.3666,0.2950471
688.6616,688.3666,0.2950369
688.6616,688.3666,0.295015
688.6616,688.3666,0.2949896
688.6616,688.3666,0.2949896
688.6616,688.3666,0.2949656
688.6616,688.3667,0.2949293
688.6616,688.3667,0.2948715
688.6616,688.3668,0.2948437
688.6616,688.3668,0.2948301
688.6616,688.3668,0.2948276
688.6616,688.3668,0.2947665
688.6616,688.3668,0.2947536
688.6616,688.3669,0.2947401
688.6616,688.3669,0.2947226
688.6616,688.3669,0.2947041
688.6616,688.3669,0.2946886
688.6616,688.367,0.2946437
688.6616,688.367,0.2946405
688.6616,688.367,0.294637
688.6616,688.367,0.2946323
688.6616,688.3671,0.2945421
688.6616,688.3671,0.2944818
688.6616,688.3671,0.2944553
688.6616,688.3672,0.2944318
688.6616,688.3672,0.2944109
688.6616,688.3672,0.2943993
688.6616,688.3672,0.2943726
688.6616,688.3672,0.2943586
688.6616,688.3673,0.2943463
688.6616,688.3673,0.2942694
688.6616,688.3674,0.2942239
688.6616,688.3674,0.294218
688.6616,688.3674,0.2941585
688.6616,688.3674,0.294156
688.6616,688.3675,0.2941246
688.6616,688.3675,0.2941197
688.6616,688.3676,0.2940348
688.6616,688.3676,0.2940306
688.6616,688.3676,0.2940227
688.6616,688.3676,0.2940216
688.6616,688.3676,0.2939997
688.6616,688.3676,0.2939887
688.6616,688.3676,0.2939844
688.6616,688.3676,0.2939806
688.6616,688.3676,0.2939802
688.6616,688.3676,0.2939545
688.6616,688.3677,0.2939429
688.6616,688.3677,0.2939184
688.6616,688.3677,0.2939042
688.6616,688.3677,0.2938707
688.6616,688.3677,0.2938664
688.6616,688.3677,0.2938589
688.6616,688.3678,0.2938223
688.6616,688.3678,0.2938199
688.6616,688.3678,0.2938047
688.6616,688.3679,0.2937475
688.6616,688.3679,0.2937332
688.6616,688.3679,0.2937325
688.6616,688.3679,0.2937294
688.6616,688.3679,0.2937264
688.6616,688.3679,0.2937092
688.6616,688.3679,0.2937037
688.6616,688.3679,0.2937026
688.6616,688.3679,0.2936851
688.6616,688.3679,0.293663
688.6616,688.368,0.2936484
688.6616,688.368,0.2936303
688.6616,688.368,0.2936176
688.6616,688.368,0.2935742
688.6616,688.368,0.2935532
688.6616,688.3681,0.293543
688.6616,688.3681,0.2935388
688.6616,688.3681,0.2935315
688.6616,688.3681,0.29353
688.6616,688.3681,0.2935281
688.6616,688.3681,0.2935261
688.6616,688.3681,0.2935076
688.6616,688.3681,0.2934841
688.6616,688.3681,0.2934636
688.6616,688.3681,0.2934582
688.6616,688.3682,0.2934338
688.6616,688.3682,0.2934292
688.6616,688.3682,0.2934125
688.6616,688.3682,0.2934038
688.6616,688.3682,0.293402
688.6616,688.3682,0.2933812
688.6616,688.3682,0.2933784
688.6616,688.3682,0.29337
688.6616,688.3683,0.2933447
688.6616,688.3683,0.293309
688.6616,688.3683,0.2932893
688.6616,688.3683,0.293282
688.6616,688.3683,0.2932805
688.6616,688.3683,0.2932643
688.6616,688.3684,0.2932061
688.6616,688.3684,0.2932056
688.6616,688.3684,0.2931995
688.6616,688.3684,0.2931917
688.6616,688.3684,0.2931562
688.6616,688.3685,0.2931331
688.6616,688.3685,0.2931302
688.6616,688.3685,0.293097
688.6616,688.3685,0.2930962
688.6616,688.3685,0.2930942
688.6616,688.3685,0.293088
688.6616,688.3685,0.2930864
688.6616,688.3685,0.2930848
688.6616,688.3685,0.2930791
688.6616,688.3685,0.2930716
688.6616,688.3685,0.2930605
688.6616,688.3686,0.2930117
688.6616,688.3686,0.2930072
688.6616,688.3686,0.2929838
688.6616,688.3686,0.2929739
688.6616,688.3686,0.2929666
688.6616,688.3687,0.2929443
688.6616,688.3687,0.2929259
688.6616,688.3687,0.292898
688.6616,688.3687,0.2928832
688.6616,688.3687,0.2928578
688.6616,688.3688,0.2928164
688.6616,688.3688,0.2928004
688.6616,688.3689,0.292745
688.6616,688.3689,0.2927407
688.6616,688.3689,0.2927394
688.6616,688.3689,0.2927296
688.6616,688.3689,0.2926954
688.6616,688.3689,0.2926875
688.6616,688.3689,0.2926631
688.6616,688.369,0.2926301
688.6616,688.369,0.292583
688.6616,688.369,0.2925768
688.6616,688.3691,0.292498
688.6616,688.3691,0.2924546
688.6616,688.3692,0.2924313
688.6616,688.3692,0.2924025
688.6616,688.3692,0.292401
688.6616,688.3692,0.292401
688.6616,688.3692,0.292388
688.6616,688.3693,0.2923058
688.6616,688.3693,0.2923047
688.6616,688.3693,0.2922746
688.6616,688.3694,0.2922176
688.6616,688.3694,0.2921978
688.6616,688.3695,0.2921453
688.6616,688.3695,0.2920859
688.6616,688.3695,0.2920786
688.6616,688.3695,0.2920538
688.6616,688.3696,0.2920174
688.6616,688.3696,0.2920046
688.6616,688.3696,0.2919527
688.6616,688.3697,0.2918561
688.6616,688.3698,0.2917517
688.6616,688.3699,0.2916852
688.6616,688.3699,0.2916845
688.6616,688.37,0.2915862
688.6616,688.3701,0.2914514
688.6616,688.3701,0.2914506
688.6616,688.3703,0.2912788
688.6616,688.3704,0.291179
688.6616,688.3704,0.2911617
688.6616,688.3705,0.291119
688.6616,688.3706,0.2910462
688.6616,688.3706,0.2910081
688.6616,688.3706,0.2909817
688.6616,688.3708,0.2908243
688.6616,688.3709,0.2906919
688.6616,688.371,0.2905918
688.6616,688.3711,0.2905322
688.6616,688.3711,0.2905289
688.6616,688.3712,0.2904148
688.6616,688.3712,0.2903555
688.6616,688.3713,0.2902837
688.6616,688.3714,0.2902312
688.6616,688.3714,0.2901936
688.6616,688.3714,0.290175
688.6616,688.3714,0.2901545
688.6616,688.3715,0.2901119
688.6616,688.3715,0.2900728
688.6616,688.3716,0.2900346
688.6616,688.3716,0.2899959
688.6616,688.3717,0.2899019
688.6616,688.3717,0.289894
688.6616,688.3718,0.2897681
688.6616,688.3718,0.28976
688.6616,688.3719,0.2896701
688.6616,688.372,0.2896312
688.6616,688.3722,0.2894322
688.6616,688.3722,0.2894264
688.6616,688.3723,0.2893361
688.6616,688.3724,0.2891632
688.6616,688.3726,0.2890376
688.6616,688.3728,0.2888312
688.6616,688.3729,0.2887138
688.6616,688.3732,0.2883755
688.6616,688.3733,0.2882996
688.6616,688.3737,0.2879055
688.6616,688.3738,0.2877664
688.6616,688.3739,0.2877224
688.6616,688.3739,0.2876636
688.6616,688.3742,0.2873894
688.6616,688.3745,0.2870763
688.6616,688.3748,0.2867611
688.6616,688.3752,0.2863709
688.6616,688.3756,0.2860246
688.6616,688.3756,0.2859682
688.6616,688.3756,0.2859556
688.6616,688.3758,0.2858092
688.6616,688.3758,0.2857832
688.6616,688.3759,0.285701
688.6616,688.376,0.2856192
688.6616,688.376,0.285613
688.6616,688.3765,0.2850607
688.6616,688.3769,0.2846876
688.6616,688.3779,0.2836696
688.6616,688.3782,0.283385
688.6616,688.3789,0.2826663
688.6616,688.3791,0.2824848
688.6616,688.3813,0.2803248
688.6616,688.3831,0.2784787
688.6616,688.3839,0.2776829
688.6616,688.384,0.2776189
688.6616,688.3842,0.2773947
688.6616,688.3843,0.2773466
688.6616,688.3845,0.2770758
688.6616,688.3847,0.2768541
688.6616,688.3849,0.2767259
688.6616,688.3851,0.2765353
688.6616,688.3853,0.2762688
688.6616,688.3856,0.2760437
688.6616,688.3856,0.2759697
688.6616,688.3857,0.2759416
688.6616,688.3858,0.2758012
688.6616,688.3859,0.2757119
688.6616,688.386,0.2756149
688.6616,688.3861,0.2755037
688.6616,688.3862,0.2754121
688.6616,688.3862,0.2753564
688.6616,688.3865,0.2750624
688.6616,688.3866,0.2750215
688.6616,688.3866,0.2749977
688.6616,688.3866,0.2749799
688.6616,688.3867,0.2748834
688.6616,688.3867,0.2748795
688.6616,688.3868,0.2748204
688.6616,688.3868,0.2748037
688.6616,688.3868,0.2747967
688.6616,688.3868,0.2747509
688.6616,688.3869,0.274745
688.6616,688.3869,0.2747361
688.6616,688.3869,0.2747149
688.6616,688.387,0.2746292
688.6616,688.387,0.2745812
688.6616,688.387,0.2745636
688.6616,688.3871,0.2745228
688.6616,688.3871,0.2745169
688.6616,688.3872,0.2743647
688.6616,688.3873,0.2743318
688.6616,688.3873,0.2743249
688.6616,688.3873,0.2743085
688.6616,688.3873,0.2742882
688.6616,688.3873,0.2742741
688.6616,688.3874,0.2742105
688.6616,688.3875,0.2741194
688.6616,688.3875,0.2740928
688.6616,688.3875,0.2740745
688.6616,688.3876,0.2739893
688.6616,688.3876,0.2739787
688.6616,688.3876,0.2739577
688.6616,688.3877,0.2738643
688.6616,688.3877,0.2738604
688.6616,688.3879,0.2737121
688.6616,688.3879,0.2736872
688.6616,688.3881,0.2735399
688.6616,688.3884,0.2732317
688.6616,688.3884,0.2732138
688.6616,688.3885,0.2730771
688.6616,688.3885,0.2730643
688.6616,688.3894,0.2721813
688.6616,688.3902,0.2713615
688.6616,688.3904,0.2711593
688.6616,688.3987,0.2628607
688.6616,688.4007,0.2609245
688.6616,688.4023,0.2592759
688.6616,688.4031,0.2584616
688.6616,688.4032,0.2584328
688.6616,688.4033,0.2582501
688.6616,688.4039,0.257735
688.6616,688.4042,0.2573963
688.6616,688.4044,0.25721
688.6616,688.4045,0.2570634
688.6616,688.4046,0.2570048
688.6616,688.4048,0.2568432
688.6616,688.4048,0.2568315
688.6616,688.4051,0.2565382
688.6616,688.4051,0.2565338
688.6616,688.4052,0.2564022
688.6616,688.4052,0.2563543
688.6616,688.4053,0.2563028
688.6616,688.4053,0.2562979
688.6616,688.4053,0.2562682
688.6616,688.4054,0.2562269
688.6616,688.4054,0.2562238
688.6616,688.4055,0.2561035
688.6616,688.4055,0.2561004
688.6616,688.4055,0.2560799
688.6616,688.4055,0.256074
688.6616,688.4055,0.2560592
688.6616,688.4056,0.2560379
688.6616,688.4057,0.2559278
688.6616,688.4057,0.2559044
688.6616,688.4057,0.2558932
688.6616,688.4058,0.2558236
688.6616,688.4058,0.2558019
688.6616,688.4058,0.2557924
688.6616,688.4058,0.2557529
688.6616,688.4059,0.2557105
688.6616,688.4059,0.2557045
688.6616,688.4059,0.2556527
688.6616,688.406,0.2556235
688.6616,688.4061,0.255534
688.6616,688.4061,0.2555203
688.6616,688.4061,0.2554818
688.6616,688.4061,0.2554669
688.6616,688.4061,0.2554524
688.6616,688.4062,0.2554057
688.6616,688.4063,0.2553196
688.6616,688.4063,0.2553079
688.6616,688.4063,0.2552855
688.6616,688.4063,0.2552631
688.6616,688.4063,0.2552565
688.6616,688.4063,0.2552558
688.6616,688.4064,0.2551995
688.6616,688.4064,0.2551902
688.6616,688.4064,0.255153
688.6616,688.4065,0.2550965
688.6616,688.4065,0.2550926
688.6616,688.4065,0.2550836
688.6616,688.4066,0.2550013
688.6616,688.4066,0.254962
688.6616,688.4066,0.254961
688.6616,688.4067,0.2548947
688.6616,688.4067,0.2548745
688.6616,688.4068,0.2548325
688.6616,688.4068,0.2548178
688.6616,688.4068,0.2547561
688.6616,688.4069,0.25472
688.6616,688.407,0.2546301
688.6616,688.407,0.2546042
688.6616,688.407,0.2545863
688.6616,688.407,0.2545861
688.6616,688.407,0.254561
688.6616,688.4071,0.2545007
688.6616,688.4071,0.25448
688.6616,688.4071,0.2544655
688.6616,688.4071,0.2544606
688.6616,688.4071,0.2544544
688.6616,688.4072,0.2544321
688.6616,688.4073,0.2542671
688.6616,688.4073,0.2542661
688.6616,688.4073,0.2542539
688.6616,688.4076,0.2540021
688.6616,688.4078,0.253845
688.6616,688.4079,0.2537194
688.6616,688.4093,0.2522557
688.6616,688.4098,0.2518148
688.6616,688.4104,0.2511928
688.6616,688.4131,0.2484911
688.6616,688.4132,0.2484034
688.6616,688.416,0.2456045
688.6616,688.4161,0.2454697
688.6616,688.4165,0.2451034
688.6616,688.417,0.2446032
688.6616,688.4185,0.243111
688.6616,688.4193,0.2422627
688.6616,688.4196,0.2419585
688.6616,688.4207,0.2408906
688.6616,688.4207,0.2408757
688.6616,688.421,0.2406057
688.6616,688.4216,0.2399809
688.6616,688.4216,0.239967
688.6616,688.4218,0.2398239
688.6616,688.4223,0.2393151
688.6616,688.4226,0.2389806
688.6616,688.4231,0.2384885
688.6616,688.4232,0.2384467
688.6616,688.4234,0.238246
688.6616,688.4243,0.2372685
688.6616,688.426,0.2355943
688.6616,688.4261,0.2354635
688.6616,688.4262,0.2354124
688.6616,688.4279,0.2336873
688.6616,688.4345,0.2270507
688.6616,688.4363,0.2253334
688.6616,688.4378,0.2237515
688.6616,688.4452,0.2164036
688.6616,688.4462,0.2154076
688.6616,688.4482,0.2133975
688.6616,688.4484,0.2131677
688.6616,688.4496,0.2120208
688.6616,688.4508,0.2108204
688.6616,688.4512,0.210403
688.6616,688.4526,0.2090058
688.6616,688.4532,0.2084009
688.6616,688.4538,0.2077733
688.6616,688.4539,0.2076734
688.6616,688.454,0.2076459
688.6616,688.4545,0.2071216
688.6616,688.4546,0.2070431
688.6616,688.4551,0.206471
688.6616,688.4553,0.2063308
688.6616,688.4558,0.2058362
688.6616,688.4575,0.2041459
688.6616,688.4579,0.2036619
688.6616,688.4591,0.2025462
688.6616,688.4592,0.2024143
688.6616,688.4601,0.2015367
688.6616,688.4602,0.2013909
688.6616,688.4612,0.2003869
688.6616,688.4614,0.2002294
688.6616,688.4614,0.2001889
688.6616,688.4617,0.1999152
688.6616,688.462,0.199572
688.6616,688.464,0.1975667
688.6616,688.4642,0.1974351
688.6616,688.4651,0.1965023
688.6616,688.4666,0.1950359
688.6616,688.4689,0.1927372
688.6616,688.4729,0.1887438
688.6616,688.4756,0.1859786
688.6616,688.4786,0.1830279
688.6616,688.4814,0.1802461
688.6616,688.4822,0.1794099
688.6616,688.4824,0.1792126
688.6616,688.4829,0.178701
688.6616,688.4848,0.1768424
688.6616,688.4859,0.1756773
688.6616,688.4873,0.1743253
688.6616,688.4874,0.1742009
688.6616,688.4878,0.1737579
688.6616,688.488,0.1735811
688.6616,688.4901,0.1715468
688.6616,688.4941,0.1674511
688.6616,688.4946,0.167007
688.6616,688.4978,0.1638374
688.6616,688.5015,0.1601271
688.6616,688.5023,0.1592834
688.6616,688.5088,0.1528124
688.6616,688.5126,0.1490019
688.6616,688.5134,0.1481631
688.6616,688.5175,0.1440963
688.6616,688.5189,0.1427175
688.6616,688.5189,0.1427158
688.6616,688.519,0.1426437
688.6616,688.519,0.1426395
688.6616,688.5192,0.1424051
688.6616,688.5193,0.1423376
688.6616,688.5194,0.1421508
688.6616,688.5195,0.1420529
688.6616,688.5196,0.1419532
688.6616,688.5197,0.1419265
688.6616,688.5197,0.1419055
688.6616,688.5197,0.1418779
688.6616,688.5197,0.1418666
688.6616,688.5199,0.1416542
688.6616,688.5206,0.1409864
688.6616,688.5207,0.1409235
688.6616,688.5207,0.140869
688.6616,688.5212,0.1404055
688.6616,688.5213,0.140287
688.6616,688.5222,0.1393988
688.6616,688.5239,0.1376968
688.6616,688.5369,0.1247445
688.6616,688.5375,0.12406
688.6616,688.5551,0.1064794
688.6616,688.7951,-0.1334793
688.6616,688.7959,-0.134309
688.6616,688.7962,-0.13463
688.6616,688.7976,-0.1360442
688.6616,688.7989,-0.1372644
688.6616,688.799,-0.13744
688.6616,688.7994,-0.1378287
688.6616,688.8003,-0.1386584
688.6616,688.8008,-0.1391974
688.6616,688.8024,-0.1407883
688.6616,688.8034,-0.1418073
688.6616,688.8045,-0.1428763
688.6616,688.8057,-0.1440873
688.6616,688.8064,-0.1447781
688.6616,688.8065,-0.1449402
688.6616,688.8079,-0.1463212
688.6616,688.8087,-0.1471455
688.6616,688.8091,-0.1475108
688.6616,688.8091,-0.1475197
688.6616,688.8095,-0.1478611
688.6616,688.8095,-0.1479297
688.6616,688.8099,-0.1482616
688.6616,688.8101,-0.1484705
688.6616,688.8102,-0.1485846
688.6616,688.8102,-0.1485968
688.6616,688.8102,-0.1486465
688.6616,688.8103,-0.1486668
688.6616,688.8104,-0.1487541
688.6616,688.8105,-0.1488815
688.6616,688.8106,-0.1490081
688.6616,688.8106,-0.1490213
688.6616,688.8107,-0.1490587
688.6616,688.8107,-0.1491055
688.6616,688.8107,-0.1491491
688.6616,688.8108,-0.1492025
688.6616,688.8109,-0.1492718
688.6616,688.8109,-0.1492902
688.6616,688.8109,-0.1492987
688.6616,688.8109,-0.1493431
688.6616,688.8111,-0.1494644
688.6616,688.8111,-0.1494883
688.6616,688.8111,-0.1494902
688.6616,688.8111,-0.1495163
688.6616,688.8111,-0.1495179
688.6616,688.8111,-0.1495207
688.6616,688.8112,-0.1495641
688.6616,688.8112,-0.1496132
688.6616,688.8112,-0.1496384
688.6616,688.8113,-0.1496616
688.6616,688.8113,-0.1496637
688.6616,688.8113,-0.1496775
688.6616,688.8113,-0.1497107
688.6616,688.8113,-0.1497205
688.6616,688.8114,-0.1497593
688.6616,688.8114,-0.1498407
688.6616,688.8114,-0.1498492
688.6616,688.8115,-0.1498891
688.6616,688.8115,-0.149902
688.6616,688.8115,-0.1499087
688.6616,688.8115,-0.1499405
688.6616,688.8115,-0.1499438
688.6616,688.8117,-0.1501192
688.6616,688.8117,-0.1501276
688.6616,688.8117,-0.1501493
688.6616,688.8118,-0.1501734
688.6616,688.8118,-0.1502239
688.6616,688.8119,-0.1502929
688.6616,688.812,-0.1503542
688.6616,688.812,-0.1504371
688.6616,688.8121,-0.1505209
688.6616,688.8121,-0.1505279
688.6616,688.8121,-0.1505498
688.6616,688.8122,-0.1505505
688.6616,688.8122,-0.1506279
688.6616,688.8122,-0.1506283
688.6616,688.8123,-0.1506895
688.6616,688.8123,-0.1507291
688.6616,688.8123,-0.1507322
688.6616,688.8123,-0.1507442
688.6616,688.8124,-0.1507611
688.6616,688.8124,-0.1507718
688.6616,688.8124,-0.1507885
688.6616,688.8124,-0.1507958
688.6616,688.8124,-0.1508053
688.6616,688.8124,-0.1508363
688.6616,688.8124,-0.1508399
688.6616,688.8125,-0.1509446
688.6616,688.8126,-0.1510067
688.6616,688.8126,-0.1510265
688.6616,688.8126,-0.1510478
688.6616,688.8127,-0.1510509
688.6616,688.8127,-0.1510569
688.6616,688.8127,-0.1510765
688.6616,688.8127,-0.1510824
688.6616,688.8127,-0.1511001
688.6616,688.8127,-0.1511214
688.6616,688.8127,-0.1511287
688.6616,688.8128,-0.1511654
688.6616,688.8128,-0.151221
688.6616,688.8129,-0.1512503
688.6616,688.8129,-0.1512585
688.6616,688.8129,-0.1512605
688.6616,688.8129,-0.1512978
688.6616,688.8129,-0.1513126
688.6616,688.8129,-0.1513278
688.6616,688.8129,-0.1513404
688.6616,688.8129,-0.1513435
688.6616,688.8129,-0.1513485
688.6616,688.813,-0.1514132
688.6616,688.8131,-0.1514846
688.6616,688.8131,-0.1515035
688.6616,688.8131,-0.151508
688.6616,688.8131,-0.1515147
688.6616,688.8131,-0.1515159
688.6616,688.8131,-0.1515442
688.6616,688.8132,-0.1515814
688.6616,688.8132,-0.1515911
688.6616,688.8133,-0.1516667
688.6616,688.8133,-0.1516758
688.6616,688.8133,-0.1516785
688.6616,688.8133,-0.1517289
688.6616,688.8134,-0.1517597
688.6616,688.8134,-0.1518042
688.6616,688.8135,-0.1518515
688.6616,688.8135,-0.1518799
688.6616,688.8135,-0.1519339
688.6616,688.8136,-0.1519825
688.6616,688.8136,-0.1519834
688.6616,688.8136,-0.1520083
688.6616,688.8137,-0.1520599
688.6616,688.8137,-0.1520616
688.6616,688.8137,-0.1520619
688.6616,688.8137,-0.1521132
688.6616,688.8137,-0.1521153
688.6616,688.8138,-0.1521711
688.6616,688.8138,-0.1522493
688.6616,688.8139,-0.1523275
688.6616,688.8139,-0.1523294
688.6616,688.8139,-0.1523353
688.6616,688.814,-0.1523643
688.6616,688.8141,-0.1525497
688.6616,688.8142,-0.1526037
688.6616,688.8142,-0.1526122
688.6616,688.8142,-0.1526205
688.6616,688.8143,-0.1526573
688.6616,688.8143,-0.1527163
688.6616,688.8143,-0.1527376
688.6616,688.8144,-0.1527687
688.6616,688.8144,-0.1528456
688.6616,688.8145,-0.152876
688.6616,688.8145,-0.152937
688.6616,688.8146,-0.1529856
688.6616,688.8146,-0.1530138
688.6616,688.8147,-0.1530522
688.6616,688.8148,-0.1532054
688.6616,688.8149,-0.1532621
688.6616,688.8149,-0.1533371
688.6616,688.8152,-0.1535657
688.6616,688.8153,-0.1536705
688.6616,688.8153,-0.153721
688.6616,688.8153,-0.1537294
688.6616,688.8154,-0.1537734
688.6616,688.8155,-0.1539089
688.6616,688.8155,-0.1539405
688.6616,688.8156,-0.1539523
688.6616,688.8156,-0.1540084
688.6616,688.8156,-0.1540093
688.6616,688.8156,-0.1540238
688.6616,688.8156,-0.1540436
688.6616,688.8157,-0.1540502
688.6616,688.8157,-0.1541059
688.6616,688.8158,-0.1541545
688.6616,688.8158,-0.1541798
688.6616,688.8158,-0.1541863
688.6616,688.8158,-0.1542018
688.6616,688.8159,-0.1542843
688.6616,688.8163,-0.1547234
688.6616,688.8164,-0.1547731
688.6616,688.8164,-0.1547852
688.6616,688.8165,-0.1548808
688.6616,688.8168,-0.1552372
688.6616,688.817,-0.1554204
688.6616,688.8171,-0.1554665
688.6616,688.8171,-0.1555366
688.6616,688.8172,-0.1555528
688.6616,688.8174,-0.1558217
688.6616,688.8175,-0.1558798
688.6616,688.8175,-0.1559059
688.6616,688.8176,-0.1559538
688.6616,688.8176,-0.1559611
688.6616,688.8176,-0.1559643
688.6616,688.8176,-0.1559987
688.6616,688.8178,-0.156165
688.6616,688.8178,-0.1561667
688.6616,688.8181,-0.1565179
688.6616,688.8182,-0.1565532
688.6616,688.8182,-0.1565803
688.6616,688.8182,-0.1566332
688.6616,688.8183,-0.1567014
688.6616,688.8183,-0.1567469
688.6616,688.8184,-0.1567684
688.6616,688.8184,-0.1568026
688.6616,688.8184,-0.1568095
688.6616,688.8185,-0.156856
688.6616,688.8185,-0.156918
688.6616,688.8185,-0.1569266
688.6616,688.8185,-0.1569302
688.6616,688.8185,-0.1569451
688.6616,688.8187,-0.1570729
688.6616,688.8187,-0.1570929
688.6616,688.8187,-0.1571092
688.6616,688.8187,-0.1571092
688.6616,688.8187,-0.1571339
688.6616,688.8188,-0.1572365
688.6616,688.8189,-0.1572587
688.6616,688.8189,-0.1572977
688.6616,688.819,-0.157357
688.6616,688.819,-0.1573806
688.6616,688.819,-0.1574128
688.6616,688.819,-0.1574223
688.6616,688.8191,-0.1574507
688.6616,688.8191,-0.1574578
688.6616,688.8191,-0.1574923
688.6616,688.8191,-0.1575248
688.6616,688.8192,-0.157627
688.6616,688.8192,-0.1576278
688.6616,688.8192,-0.1576437
688.6616,688.8193,-0.1576942
688.6616,688.8193,-0.1577041
688.6616,688.8193,-0.157714
688.6616,688.8193,-0.1577184
688.6616,688.8194,-0.1577529
688.6616,688.8194,-0.1577718
688.6616,688.8194,-0.1577847
688.6616,688.8194,-0.1577991
688.6616,688.8194,-0.1578203
688.6616,688.8194,-0.1578225
688.6616,688.8194,-0.157827
688.6616,688.8195,-0.1579482
688.6616,688.8195,-0.1579498
688.6616,688.8196,-0.1579785
688.6616,688.8196,-0.1580129
688.6616,688.8196,-0.1580166
688.6616,688.8197,-0.1580726
688.6616,688.8197,-0.1580999
688.6616,688.8197,-0.1581135
688.6616,688.8198,-0.1581622
688.6616,688.8198,-0.1581784
688.6616,688.8198,-0.1581838
688.6616,688.8199,-0.158254
688.6616,688.8199,-0.1582685
688.6616,688.8199,-0.1582915
688.6616,688.8199,-0.1582928
688.6616,688.8199,-0.1582988
688.6616,688.8199,-0.1582989
688.6616,688.8199,-0.1583125
688.6616,688.8199,-0.158313
688.6616,688.82,-0.1584305
688.6616,688.8201,-0.158495
688.6616,688.8201,-0.1584976
688.6616,688.8202,-0.1586164
688.6616,688.8203,-0.1587216
688.6616,688.8203,-0.158722
688.6616,688.8204,-0.1587572
688.6616,688.8204,-0.15878
688.6616,688.8204,-0.1587809
688.6616,688.8204,-0.1588
688.6616,688.8204,-0.1588445
688.6616,688.8205,-0.1588942
688.6616,688.8205,-0.1589078
688.6616,688.8205,-0.158908
688.6616,688.8205,-0.1589256
688.6616,688.8206,-0.1590065
688.6616,688.8206,-0.159047
688.6616,688.8207,-0.1590704
688.6616,688.8207,-0.1591498
688.6616,688.8208,-0.1591606
688.6616,688.8208,-0.1591888
688.6616,688.8208,-0.1592154
688.6616,688.8209,-0.1592555
688.6616,688.8209,-0.1593143
688.6616,688.8209,-0.1593304
688.6616,688.8209,-0.1593372
688.6616,688.821,-0.159365
688.6616,688.821,-0.1593825
688.6616,688.821,-0.1594237
688.6616,688.821,-0.1594256
688.6616,688.8211,-0.1594892
688.6616,688.8211,-0.1595003
688.6616,688.8211,-0.1595124
688.6616,688.8211,-0.15952
688.6616,688.8212,-0.1596305
688.6616,688.8213,-0.1596725
688.6616,688.8213,-0.1597104
688.6616,688.8214,-0.1597896
688.6616,688.8214,-0.1597958
688.6616,688.8214,-0.1598209
688.6616,688.8215,-0.1598709
688.6616,688.8216,-0.1599575
688.6616,688.8216,-0.1600274
688.6616,688.8216,-0.1600285
688.6616,688.8217,-0.1600561
688.6616,688.8217,-0.1600915
688.6616,688.8217,-0.1600926
688.6616,688.8217,-0.1601309
688.6616,688.8218,-0.1601882
688.6616,688.8218,-0.1602271
688.6616,688.8219,-0.1603323
688.6616,688.8219,-0.1603337
688.6616,688.822,-0.160359
688.6616,688.822,-0.1603691
688.6616,688.822,-0.1604375
688.6616,688.8221,-0.160453
688.6616,688.8221,-0.1605099
688.6616,688.8221,-0.1605303
688.6616,688.8222,-0.1605572
688.6616,688.8223,-0.1606914
688.6616,688.8223,-0.160713
688.6616,688.8223,-0.1607305
688.6616,688.8223,-0.1607427
688.6616,688.8224,-0.1607827
688.6616,688.8224,-0.1607992
688.6616,688.8224,-0.1608452
688.6616,688.8225,-0.160853
688.6616,688.8226,-0.160962
688.6616,688.8226,-0.160995
688.6616,688.8226,-0.1610171
688.6616,688.8226,-0.1610276
688.6616,688.8227,-0.1610948
688.6616,688.8227,-0.1611062
688.6616,688.8227,-0.1611236
688.6616,688.8228,-0.161212
688.6616,688.8228,-0.161226
688.6616,688.8228,-0.1612496
688.6616,688.8229,-0.1612539
688.6616,688.8229,-0.161271
688.6616,688.8229,-0.1613254
688.6616,688.8229,-0.1613282
688.6616,688.823,-0.1613854
688.6616,688.823,-0.1613888
688.6616,688.823,-0.1613978
688.6616,688.823,-0.1614428
688.6616,688.8231,-0.1614866
688.6616,688.8231,-0.1614892
688.6616,688.8231,-0.1614948
688.6616,688.8231,-0.1615158
688.6616,688.8231,-0.1615462
688.6616,688.8232,-0.1616032
688.6616,688.8233,-0.1616595
688.6616,688.8233,-0.1616656
688.6616,688.8233,-0.1617119
688.6616,688.8233,-0.1617243
688.6616,688.8235,-0.1618773
688.6616,688.8235,-0.16188
688.6616,688.8235,-0.1618918
688.6616,688.8235,-0.1619333
688.6616,688.8235,-0.1619442
688.6616,688.8236,-0.1619624
688.6616,688.8236,-0.162004
688.6616,688.8237,-0.162073
688.6616,688.8237,-0.1621375
688.6616,688.8238,-0.1621886
688.6616,688.8238,-0.1621982
688.6616,688.8238,-0.1622025
688.6616,688.8238,-0.1622212
688.6616,688.8239,-0.1622746
688.6616,688.8239,-0.1623053
688.6616,688.8239,-0.1623117
688.6616,688.8239,-0.1623162
688.6616,688.8239,-0.1623459
688.6616,688.824,-0.162354
688.6616,688.824,-0.1623676
688.6616,688.824,-0.1623826
688.6616,688.824,-0.1624005
688.6616,688.824,-0.1624392
688.6616,688.8241,-0.1625026
688.6616,688.8241,-0.1625059
688.6616,688.8241,-0.1625078
688.6616,688.8241,-0.1625354
688.6616,688.8241,-0.1625374
688.6616,688.8242,-0.1625684
688.6616,688.8242,-0.162582
688.6616,688.8242,-0.1626301
688.6616,688.8243,-0.1626917
688.6616,688.8243,-0.1626966
688.6616,688.8243,-0.1627104
688.6616,688.8243,-0.1627431
688.6616,688.8244,-0.1627815
688.6616,688.8244,-0.1628159
688.6616,688.8244,-0.1628346
688.6616,688.8245,-0.1629116
688.6616,688.8246,-0.162975
688.6616,688.8247,-0.1631279
688.6616,688.8247,-0.1631346
688.6616,688.8247,-0.1631482
688.6616,688.8248,-0.1632019
688.6616,688.8248,-0.1632111
688.6616,688.8248,-0.1632138
688.6616,688.8249,-0.1632677
688.6616,688.8249,-0.1632889
688.6616,688.8249,-0.1633016
688.6616,688.8249,-0.1633035
688.6616,688.8249,-0.1633412
688.6616,688.825,-0.1634179
688.6616,688.825,-0.1634229
688.6616,688.825,-0.1634325
688.6616,688.825,-0.1634374
688.6616,688.825,-0.1634443
688.6616,688.825,-0.1634454
688.6616,688.8251,-0.1634601
688.6616,688.8251,-0.163484
688.6616,688.8251,-0.1635143
688.6616,688.8252,-0.1636
688.6616,688.8252,-0.163625
688.6616,688.8252,-0.1636469
688.6616,688.8253,-0.1636548
688.6616,688.8253,-0.1636553
688.6616,688.8253,-0.1637012
688.6616,688.8254,-0.1637517
688.6616,688.8254,-0.1637721
688.6616,688.8254,-0.1637984
688.6616,688.8254,-0.1638031
688.6616,688.8254,-0.1638227
688.6616,688.8255,-0.1638604
688.6616,688.8255,-0.1638716
688.6616,688.8255,-0.1638787
688.6616,688.8255,-0.1639076
688.6616,688.8256,-0.1639757
688.6616,688.8256,-0.1639967
688.6616,688.8256,-0.1640379
688.6616,688.8257,-0.1640719
688.6616,688.8257,-0.1641009
688.6616,688.8258,-0.1642034
688.6616,688.8258,-0.1642303
688.6616,688.8259,-0.1642708
688.6616,688.8259,-0.164331
688.6616,688.826,-0.1643593
688.6616,688.826,-0.1643677
688.6616,688.8261,-0.1644527
688.6616,688.8262,-0.1645586
688.6616,688.8262,-0.1645712
688.6616,688.8262,-0.1645938
688.6616,688.8263,-0.1646879
688.6616,688.8263,-0.1647068
688.6616,688.8263,-0.1647269
688.6616,688.8264,-0.1647622
688.6616,688.8264,-0.1647877
688.6616,688.8264,-0.1647909
688.6616,688.8264,-0.1647935
688.6616,688.8264,-0.1648055
688.6616,688.8264,-0.1648231
688.6616,688.8264,-0.1648386
688.6616,688.8264,-0.1648487
688.6616,688.8265,-0.1648512
688.6616,688.8265,-0.1648525
688.6616,688.8265,-0.1648835
688.6616,688.8265,-0.1648974
688.6616,688.8266,-0.1649577
688.6616,688.8266,-0.1650031
688.6616,688.8266,-0.1650404
688.6616,688.8268,-0.1652301
688.6616,688.8269,-0.1653292
688.6616,688.8269,-0.1653445
688.6616,688.827,-0.1653873
688.6616,688.827,-0.1653979
688.6616,688.827,-0.1654298
688.6616,688.827,-0.1654363
688.6616,688.8271,-0.1654992
688.6616,688.8272,-0.1656174
688.6616,688.8273,-0.1657015
688.6616,688.8274,-0.1658454
688.6616,688.8275,-0.1658619
688.6616,688.8275,-0.1658738
688.6616,688.8275,-0.1659093
688.6616,688.8275,-0.1659347
688.6616,688.8276,-0.1659722
688.6616,688.8276,-0.1660473
688.6616,688.8277,-0.1661488
688.6616,688.8278,-0.1662187
688.6616,688.8278,-0.1662386
688.6616,688.8278,-0.1662417
688.6616,688.8279,-0.1662864
688.6616,688.8279,-0.1663344
688.6616,688.8279,-0.1663467
688.6616,688.828,-0.1663818
688.6616,688.828,-0.1663876
688.6616,688.828,-0.1664097
688.6616,688.8281,-0.166463
688.6616,688.8281,-0.1664815
688.6616,688.8281,-0.1665119
688.6616,688.8281,-0.1665217
688.6616,688.8281,-0.1665394
688.6616,688.8282,-0.1665726
688.6616,688.8282,-0.1666014
688.6616,688.8282,-0.1666395
688.6616,688.8283,-0.1667422
688.6616,688.8284,-0.1667807
688.6616,688.8284,-0.1668049
688.6616,688.8284,-0.1668397
688.6616,688.8285,-0.1668736
688.6616,688.8285,-0.1669101
688.6616,688.8285,-0.1669334
688.6616,688.8285,-0.1669363
688.6616,688.8286,-0.166958
688.6616,688.8286,-0.166986
688.6616,688.8286,-0.1670228
688.6616,688.8286,-0.1670326
688.6616,688.8286,-0.1670499
688.6616,688.8287,-0.1670869
688.6616,688.8287,-0.1670918
688.6616,688.8287,-0.1671169
688.6616,688.8287,-0.1671213
688.6616,688.8288,-0.1671808
688.6616,688.8288,-0.1671896
688.6616,688.8288,-0.1671945
688.6616,688.8288,-0.1672238
688.6616,688.8289,-0.1672994
688.6616,688.8289,-0.1673198
688.6616,688.8289,-0.1673412
688.6616,688.829,-0.1673726
688.6616,688.829,-0.1674146
688.6616,688.829,-0.1674251
688.6616,688.8291,-0.1674706
688.6616,688.8291,-0.1674812
688.6616,688.8292,-0.167563
688.6616,688.8292,-0.1676206
688.6616,688.8292,-0.1676325
688.6616,688.8292,-0.1676332
688.6616,688.8292,-0.1676479
688.6616,688.8293,-0.1677226
688.6616,688.8293,-0.1677235
688.6616,688.8293,-0.1677301
688.6616,688.8293,-0.1677361
688.6616,688.8295,-0.1678599
688.6616,688.8296,-0.167981
688.6616,688.8296,-0.1680091
688.6616,688.8296,-0.1680115
688.6616,688.8297,-0.1680591
688.6616,688.8297,-0.1680611
688.6616,688.8297,-0.1680616
688.6616,688.8297,-0.1680622
688.6616,688.8297,-0.1681334
688.6616,688.8297,-0.1681396
688.6616,688.8298,-0.1681698
688.6616,688.8298,-0.1681981
688.6616,688.8298,-0.1682016
688.6616,688.8299,-0.1682832
688.6616,688.83,-0.1684347
688.6616,688.83,-0.1684375
688.6616,688.8301,-0.1684864
688.6616,688.8302,-0.1685865
688.6616,688.8302,-0.1685875
688.6616,688.8302,-0.1686259
688.6616,688.8303,-0.1686655
688.6616,688.8303,-0.1686682
688.6616,688.8303,-0.1687302
688.6616,688.8303,-0.1687332
688.6616,688.8304,-0.1687788
688.6616,688.8304,-0.1687817
688.6616,688.8304,-0.1688349
688.6616,688.8305,-0.1688724
688.6616,688.8305,-0.1689
688.6616,688.8305,-0.1689477
688.6616,688.8305,-0.1689481
688.6616,688.8306,-0.1689509
688.6616,688.8306,-0.1690247
688.6616,688.8307,-0.1690852
688.6616,688.8307,-0.1691211
688.6616,688.8308,-0.1691842
688.6616,688.8308,-0.16921
688.6616,688.8308,-0.1692299
688.6616,688.8309,-0.1692555
688.6616,688.8309,-0.1692934
688.6616,688.831,-0.169428
688.6616,688.831,-0.1694376
688.6616,688.8311,-0.1694612
688.6616,688.8311,-0.1694617
688.6616,688.8312,-0.1695726
688.6616,688.8312,-0.1696142
688.6616,688.8312,-0.1696204
688.6616,688.8312,-0.1696262
688.6616,688.8313,-0.1696931
688.6616,688.8313,-0.1696951
688.6616,688.8313,-0.1697062
688.6616,688.8313,-0.1697428
688.6616,688.8313,-0.169744
688.6616,688.8315,-0.1699077
688.6616,688.8315,-0.1699207
688.6616,688.8315,-0.1699401
688.6616,688.8316,-0.1699678
688.6616,688.8316,-0.1699938
688.6616,688.8317,-0.1700926
688.6616,688.8317,-0.1700974
688.6616,688.8317,-0.1701107
688.6616,688.8319,-0.1702523
688.6616,688.8319,-0.1702565
688.6616,688.832,-0.1703625
688.6616,688.832,-0.1704351
688.6616,688.8321,-0.1705417
688.6616,688.8321,-0.1705441
688.6616,688.8322,-0.170569
688.6616,688.8322,-0.1705691
688.6616,688.8322,-0.1706441
688.6616,688.8323,-0.1706626
688.6616,688.8323,-0.1707209
688.6616,688.8323,-0.1707385
688.6616,688.8324,-0.1707729
688.6616,688.8325,-0.1708829
688.6616,688.8325,-0.1709202
688.6616,688.8326,-0.170969
688.6616,688.8327,-0.1710677
688.6616,688.8327,-0.1710971
688.6616,688.8327,-0.1711298
688.6616,688.8327,-0.1711323
688.6616,688.8327,-0.171139
688.6616,688.8327,-0.17115
688.6616,688.8328,-0.1711748
688.6616,688.8328,-0.1712252
688.6616,688.8329,-0.1712701
688.6616,688.833,-0.1713784
688.6616,688.833,-0.1713804
688.6616,688.833,-0.1713987
688.6616,688.833,-0.1714173
688.6616,688.8331,-0.1714613
688.6616,688.8331,-0.1715314
688.6616,688.8331,-0.1715499
688.6616,688.8332,-0.1715847
688.6616,688.8332,-0.1716051
688.6616,688.8333,-0.1716579
688.6616,688.8333,-0.1716864
688.6616,688.8333,-0.1716909
688.6616,688.8333,-0.1716933
688.6616,688.8334,-0.1717614
688.6616,688.8334,-0.1717838
688.6616,688.8334,-0.1718015
688.6616,688.8334,-0.1718049
688.6616,688.8334,-0.1718301
688.6616,688.8335,-0.1718876
688.6616,688.8335,-0.1719045
688.6616,688.8335,-0.1719152
688.6616,688.8335,-0.1719239
688.6616,688.8336,-0.1719923
688.6616,688.8337,-0.1720847
688.6616,688.8337,-0.1720946
688.6616,688.8337,-0.1720988
688.6616,688.8337,-0.1720997
688.6616,688.8337,-0.1721084
688.6616,688.8337,-0.17213
688.6616,688.8338,-0.1721761
688.6616,688.8338,-0.1721788
688.6616,688.8338,-0.1721903
688.6616,688.8339,-0.1722839
688.6616,688.8339,-0.172286
688.6616,688.8339,-0.1722985
688.6616,688.8339,-0.1723097
688.6616,688.8339,-0.1723334
688.6616,688.834,-0.1723995
688.6616,688.8341,-0.1725003
688.6616,688.8341,-0.1725186
688.6616,688.8342,-0.1725512
688.6616,688.8342,-0.1725532
688.6616,688.8342,-0.1725624
688.6616,688.8342,-0.1725983
688.6616,688.8342,-0.1726115
688.6616,688.8342,-0.1726142
688.6616,688.8342,-0.1726195
688.6616,688.8342,-0.1726239
688.6616,688.8342,-0.1726332
688.6616,688.8342,-0.172642
688.6616,688.8344,-0.1727699
688.6616,688.8344,-0.1728325
688.6616,688.8345,-0.1728657
688.6616,688.8345,-0.1728874
688.6616,688.8345,-0.172912
688.6616,688.8346,-0.1729838
688.6616,688.8346,-0.1730195
688.6616,688.8347,-0.1730518
688.6616,688.8347,-0.1730777
688.6616,688.8347,-0.1730809
688.6616,688.8348,-0.1731575
688.6616,688.8349,-0.1732902
688.6616,688.8349,-0.1733117
688.6616,688.835,-0.1733901
688.6616,688.835,-0.1734078
688.6616,688.835,-0.1734449
688.6616,688.8351,-0.1735235
688.6616,688.8351,-0.1735456
688.6616,688.8353,-0.1736598
688.6616,688.8353,-0.1736629
688.6616,688.8354,-0.1737663
688.6616,688.8354,-0.173767
688.6616,688.8355,-0.1738559
688.6616,688.8355,-0.1738761
688.6616,688.8356,-0.1739665
688.6616,688.8356,-0.1740152
688.6616,688.8357,-0.174136
688.6616,688.8358,-0.1741613
688.6616,688.8358,-0.1741795
688.6616,688.8358,-0.1742071
688.6616,688.8358,-0.1742261
688.6616,688.8359,-0.1742573
688.6616,688.8359,-0.1743418
688.6616,688.836,-0.1743593
688.6616,688.8361,-0.1744954
688.6616,688.8361,-0.1745058
688.6616,688.8361,-0.1745238
688.6616,688.8361,-0.1745479
688.6616,688.8362,-0.174551
688.6616,688.8362,-0.17462
688.6616,688.8362,-0.1746445
688.6616,688.8363,-0.174659
688.6616,688.8363,-0.1746689
688.6616,688.8363,-0.1746731
688.6616,688.8364,-0.1748096
688.6616,688.8364,-0.1748439
688.6616,688.8364,-0.1748444
688.6616,688.8366,-0.1749622
688.6616,688.8367,-0.1750569
688.6616,688.8367,-0.1751079
688.6616,688.8368,-0.1751503
688.6616,688.8368,-0.1751624
688.6616,688.8368,-0.175214
688.6616,688.8368,-0.1752247
688.6616,688.8368,-0.1752381
688.6616,688.8369,-0.1752638
688.6616,688.8369,-0.1752668
688.6616,688.8369,-0.1752719
688.6616,688.8369,-0.1753013
688.6616,688.837,-0.1753557
688.6616,688.837,-0.1753722
688.6616,688.837,-0.1753739
688.6616,688.837,-0.1753994
688.6616,688.8371,-0.1754616
688.6616,688.8371,-0.1754754
688.6616,688.8371,-0.1755312
688.6616,688.8371,-0.1755372
688.6616,688.8371,-0.17555
688.6616,688.8372,-0.1755605
688.6616,688.8372,-0.1755752
688.6616,688.8373,-0.1757172
688.6616,688.8374,-0.1758099
688.6616,688.8374,-0.1758158
688.6616,688.8374,-0.1758419
688.6616,688.8375,-0.1758708
688.6616,688.8375,-0.1759337
688.6616,688.8376,-0.1759616
688.6616,688.8377,-0.1760502
688.6616,688.8377,-0.176074
688.6616,688.8377,-0.1760976
688.6616,688.8377,-0.1761326
688.6616,688.8378,-0.1761547
688.6616,688.8378,-0.1761988
688.6616,688.8378,-0.1762122
688.6616,688.8378,-0.1762141
688.6616,688.8379,-0.1762512
688.6616,688.8379,-0.1762912
688.6616,688.8379,-0.1762953
688.6616,688.8379,-0.1763241
688.6616,688.8379,-0.1763404
688.6616,688.838,-0.1763598
688.6616,688.838,-0.1763927
688.6616,688.8381,-0.1765034
688.6616,688.8381,-0.1765326
688.6616,688.8381,-0.1765497
688.6616,688.8382,-0.1765812
688.6616,688.8382,-0.1765841
688.6616,688.8382,-0.1765924
688.6616,688.8384,-0.1767831
688.6616,688.8384,-0.1768034
688.6616,688.8384,-0.1768055
688.6616,688.8384,-0.1768452
688.6616,688.8385,-0.1768641
688.6616,688.8385,-0.1769005
688.6616,688.8386,-0.1769556
688.6616,688.8386,-0.1769855
688.6616,688.8387,-0.1770607
688.6616,688.8387,-0.1770618
688.6616,688.8387,-0.1770625
688.6616,688.8387,-0.1771131
688.6616,688.8388,-0.1772123
688.6616,688.8388,-0.177241
688.6616,688.8388,-0.1772425
688.6616,688.8389,-0.1772568
688.6616,688.8389,-0.1772793
688.6616,688.8389,-0.1773355
688.6616,688.839,-0.1773555
688.6616,688.839,-0.1773713
688.6616,688.839,-0.1774125
688.6616,688.839,-0.1774228
688.6616,688.8391,-0.1774745
688.6616,688.8391,-0.1774778
688.6616,688.8391,-0.177488
688.6616,688.8391,-0.1775166
688.6616,688.8391,-0.1775186
688.6616,688.8393,-0.1776942
688.6616,688.8394,-0.1777611
688.6616,688.8394,-0.1777612
688.6616,688.8394,-0.177762
688.6616,688.8395,-0.1778591
688.6616,688.8395,-0.1778727
688.6616,688.8397,-0.1780737
688.6616,688.8398,-0.178225
688.6616,688.8398,-0.1782319
688.6616,688.8398,-0.1782412
688.6616,688.8398,-0.1782486
688.6616,688.8398,-0.178249
688.6616,688.8399,-0.1782666
688.6616,688.8399,-0.1783025
688.6616,688.8399,-0.1783046
688.6616,688.8399,-0.1783294
688.6616,688.8399,-0.1783343
688.6616,688.8399,-0.1783442
688.6616,688.84,-0.1783531
688.6616,688.84,-0.1783751
688.6616,688.8401,-0.1784521
688.6616,688.8401,-0.1784822
688.6616,688.8401,-0.1784875
688.6616,688.8401,-0.1784955
688.6616,688.8401,-0.1785193
688.6616,688.8401,-0.1785297
688.6616,688.8402,-0.1785829
688.6616,688.8402,-0.1786005
688.6616,688.8402,-0.178608
688.6616,688.8402,-0.1786196
688.6616,688.8402,-0.1786357
688.6616,688.8403,-0.1786935
688.6616,688.8404,-0.178758
688.6616,688.8404,-0.1787768
688.6616,688.8404,-0.1787951
688.6616,688.8404,-0.1788067
688.6616,688.8404,-0.1788263
688.6616,688.8405,-0.1788749
688.6616,688.8405,-0.1789182
688.6616,688.8405,-0.1789185
688.6616,688.8405,-0.1789204
688.6616,688.8405,-0.1789274
688.6616,688.8405,-0.1789428
688.6616,688.8406,-0.1790278
688.6616,688.8406,-0.1790387
688.6616,688.8406,-0.1790424
688.6616,688.8407,-0.1791041
688.6616,688.8407,-0.1791086
688.6616,688.8408,-0.1791662
688.6616,688.8409,-0.1792562
688.6616,688.8409,-0.179293
688.6616,688.8409,-0.1793059
688.6616,688.8409,-0.1793194
688.6616,688.8409,-0.1793272
688.6616,688.841,-0.1793872
688.6616,688.841,-0.1794414
688.6616,688.8411,-0.1794562
688.6616,688.8411,-0.1794683
688.6616,688.8411,-0.1794796
688.6616,688.8411,-0.1795375
688.6616,688.8412,-0.1796284
688.6616,688.8412,-0.1796498
688.6616,688.8413,-0.1796845
688.6616,688.8413,-0.1796982
688.6616,688.8413,-0.1797405
688.6616,688.8413,-0.1797444
688.6616,688.8413,-0.1797488
688.6616,688.8414,-0.1797586
688.6616,688.8414,-0.179778
688.6616,688.8414,-0.1798362
688.6616,688.8414,-0.1798443
688.6616,688.8415,-0.1798913
688.6616,688.8415,-0.179911
688.6616,688.8415,-0.1799277
688.6616,688.8415,-0.1799428
688.6616,688.8416,-0.1799516
688.6616,688.8416,-0.1799855
688.6616,688.8416,-0.1800135
688.6616,688.8416,-0.1800169
688.6616,688.8417,-0.1800837
688.6616,688.8417,-0.1800871
688.6616,688.8417,-0.1800912
688.6616,688.8417,-0.1801085
688.6616,688.8418,-0.1801854
688.6616,688.8418,-0.1802051
688.6616,688.8418,-0.1802073
688.6616,688.8418,-0.1802194
688.6616,688.8419,-0.180252
688.6616,688.8419,-0.1803042
688.6616,688.842,-0.1803753
688.6616,688.842,-0.1804053
688.6616,688.8421,-0.1804836
688.6616,688.8421,-0.1804873
688.6616,688.8421,-0.1804906
688.6616,688.8421,-0.1805081
688.6616,688.8421,-0.1805272
688.6616,688.8421,-0.1805372
688.6616,688.8422,-0.1805699
688.6616,688.8422,-0.1805852
688.6616,688.8422,-0.1805856
688.6616,688.8422,-0.1805882
688.6616,688.8422,-0.1805883
688.6616,688.8422,-0.1805909
688.6616,688.8423,-0.1806611
688.6616,688.8423,-0.1806672
688.6616,688.8423,-0.1806832
688.6616,688.8423,-0.1807288
688.6616,688.8423,-0.180731
688.6616,688.8423,-0.1807325
688.6616,688.8423,-0.18074
688.6616,688.8424,-0.1807618
688.6616,688.8424,-0.1807945
688.6616,688.8424,-0.1808005
688.6616,688.8424,-0.1808204
688.6616,688.8424,-0.1808361
688.6616,688.8424,-0.1808477
688.6616,688.8425,-0.1808566
688.6616,688.8425,-0.180901
688.6616,688.8425,-0.1809083
688.6616,688.8425,-0.1809201
688.6616,688.8425,-0.1809255
688.6616,688.8425,-0.1809296
688.6616,688.8425,-0.1809497
688.6616,688.8426,-0.1809814
688.6616,688.8426,-0.1810106
688.6616,688.8426,-0.1810142
688.6616,688.8427,-0.1810568
688.6616,688.8427,-0.1810589
688.6616,688.8427,-0.1810772
688.6616,688.8427,-0.1810797
688.6616,688.8427,-0.1811483
688.6616,688.8428,-0.1811791
688.6616,688.8428,-0.1812214
688.6616,688.8428,-0.1812319
688.6616,688.8428,-0.1812409
688.6616,688.8429,-0.1812616
688.6616,688.8429,-0.1812625
688.6616,688.8429,-0.1813117
688.6616,688.8429,-0.1813411
688.6616,688.843,-0.1813773
688.6616,688.843,-0.1814303
688.6616,688.843,-0.1814473
688.6616,688.8431,-0.1814507
688.6616,688.8431,-0.1814862
688.6616,688.8431,-0.1815255
688.6616,688.8431,-0.1815402
688.6616,688.8432,-0.1815961
688.6616,688.8432,-0.1815979
688.6616,688.8432,-0.1816343
688.6616,688.8433,-0.1816606
688.6616,688.8433,-0.1816828
688.6616,688.8433,-0.1817056
688.6616,688.8434,-0.181751
688.6616,688.8434,-0.1817568
688.6616,688.8434,-0.1817689
688.6616,688.8434,-0.1817829
688.6616,688.8434,-0.1817903
688.6616,688.8435,-0.1818607
688.6616,688.8435,-0.1818617
688.6616,688.8435,-0.1819019
688.6616,688.8435,-0.1819138
688.6616,688.8436,-0.1819565
688.6616,688.8436,-0.1819872
688.6616,688.8436,-0.182009
688.6616,688.8436,-0.1820358
688.6616,688.8436,-0.1820433
688.6616,688.8436,-0.182048
688.6616,688.8437,-0.1820516
688.6616,688.8437,-0.1820654
688.6616,688.8437,-0.1820675
688.6616,688.8437,-0.1820756
688.6616,688.8437,-0.1820973
688.6616,688.8437,-0.1821322
688.6616,688.8437,-0.1821426
688.6616,688.8438,-0.1821532
688.6616,688.8438,-0.1822067
688.6616,688.8438,-0.1822145
688.6616,688.8438,-0.1822238
688.6616,688.8439,-0.1822621
688.6616,688.8439,-0.1822698
688.6616,688.8439,-0.1822731
688.6616,688.8439,-0.18228
688.6616,688.8439,-0.182295
688.6616,688.8439,-0.1823148
688.6616,688.8439,-0.182336
688.6616,688.8439,-0.1823496
688.6616,688.844,-0.1823574
688.6616,688.844,-0.1823664
688.6616,688.844,-0.1823801
688.6616,688.844,-0.1824291
688.6616,688.844,-0.1824416
688.6616,688.844,-0.1824466
688.6616,688.8441,-0.1824643
688.6616,688.8441,-0.1824827
688.6616,688.8441,-0.1825007
688.6616,688.8442,-0.1825612
688.6616,688.8442,-0.1825799
688.6616,688.8442,-0.182597
688.6616,688.8442,-0.1826009
688.6616,688.8442,-0.182601
688.6616,688.8442,-0.1826073
688.6616,688.8442,-0.1826125
688.6616,688.8442,-0.1826252
688.6616,688.8443,-0.1826774
688.6616,688.8443,-0.1827379
688.6616,688.8443,-0.1827405
688.6616,688.8444,-0.1827539
688.6616,688.8444,-0.182754
688.6616,688.8444,-0.1827628
688.6616,688.8444,-0.1827891
688.6616,688.8444,-0.1827925
688.6616,688.8444,-0.1828029
688.6616,688.8444,-0.1828064
688.6616,688.8444,-0.1828248
688.6616,688.8444,-0.182828
688.6616,688.8444,-0.1828309
688.6616,688.8444,-0.1828337
688.6616,688.8445,-0.182872
688.6616,688.8445,-0.1828883
688.6616,688.8445,-0.1829102
688.6616,688.8445,-0.1829124
688.6616,688.8446,-0.1829889
688.6616,688.8446,-0.1829939
688.6616,688.8446,-0.1830249
688.6616,688.8446,-0.1830254
688.6616,688.8446,-0.1830353
688.6616,688.8447,-0.1830535
688.6616,688.8447,-0.18308
688.6616,688.8447,-0.1830874
688.6616,688.8447,-0.1830991
688.6616,688.8447,-0.1831268
688.6616,688.8447,-0.1831331
688.6616,688.8447,-0.1831463
688.6616,688.8448,-0.1831561
688.6616,688.8448,-0.1831711
688.6616,688.8448,-0.1831753
688.6616,688.8448,-0.1831766
688.6616,688.8448,-0.1831784
688.6616,688.8448,-0.183206
688.6616,688.8448,-0.1832183
688.6616,688.8448,-0.1832385
688.6616,688.8449,-0.183265
688.6616,688.8449,-0.1832725
688.6616,688.8449,-0.1832937
688.6616,688.8449,-0.1833432
688.6616,688.8449,-0.1833496
688.6616,688.845,-0.1833711
688.6616,688.845,-0.1833893
688.6616,688.845,-0.1834034
688.6616,688.845,-0.1834047
688.6616,688.845,-0.1834081
688.6616,688.845,-0.1834463
688.6616,688.8451,-0.1834669
688.6616,688.8451,-0.1834837
688.6616,688.8451,-0.1835211
688.6616,688.8451,-0.1835322
688.6616,688.8452,-0.1835801
688.6616,688.8452,-0.183603
688.6616,688.8452,-0.1836094
688.6616,688.8452,-0.183625
688.6616,688.8452,-0.183628
688.6616,688.8452,-0.1836333
688.6616,688.8452,-0.1836446
688.6616,688.8453,-0.1836528
688.6616,688.8453,-0.1836822
688.6616,688.8453,-0.1837238
688.6616,688.8454,-0.1838269
688.6616,688.8455,-0.1838554
688.6616,688.8455,-0.1838681
688.6616,688.8455,-0.1838753
688.6616,688.8455,-0.1838956
688.6616,688.8456,-0.1840051
688.6616,688.8456,-0.1840064
688.6616,688.8456,-0.1840497
688.6616,688.8457,-0.1840817
688.6616,688.8457,-0.1841202
688.6616,688.8458,-0.1841601
688.6616,688.8458,-0.184168
688.6616,688.8458,-0.1842243
688.6616,688.8459,-0.18426
688.6616,688.8459,-0.1843211
688.6616,688.846,-0.1843522
688.6616,688.846,-0.1844067
688.6616,688.846,-0.18441
688.6616,688.8461,-0.1844835
688.6616,688.8461,-0.1844971
688.6616,688.8461,-0.1845171
688.6616,688.8461,-0.1845473
688.6616,688.8462,-0.184587
688.6616,688.8462,-0.1845976
688.6616,688.8462,-0.1846105
688.6616,688.8462,-0.1846219
688.6616,688.8463,-0.18465
688.6616,688.8463,-0.1846554
688.6616,688.8464,-0.1847819
688.6616,688.8465,-0.1848718
688.6616,688.8465,-0.1848722
688.6616,688.8465,-0.1848799
688.6616,688.8466,-0.184997
688.6616,688.8466,-0.185028
688.6616,688.8466,-0.1850436
688.6616,688.8468,-0.1851874
688.6616,688.8469,-0.1853137
688.6616,688.847,-0.1853705
688.6616,688.847,-0.1853836
688.6616,688.847,-0.1854412
688.6616,688.8471,-0.1854638
688.6616,688.8473,-0.1856739
688.6616,688.8473,-0.1857118
688.6616,688.8473,-0.1857119
688.6616,688.8473,-0.1857153
688.6616,688.8473,-0.1857157
688.6616,688.8474,-0.1857588
688.6616,688.8475,-0.1859473
688.6616,688.8476,-0.1860038
688.6616,688.8476,-0.186043
688.6616,688.8477,-0.1861438
688.6616,688.8478,-0.1862388
688.6616,688.8478,-0.1862457
688.6616,688.8479,-0.1862536
688.6616,688.8479,-0.186316
688.6616,688.848,-0.1863727
688.6616,688.848,-0.186386
688.6616,688.848,-0.1863906
688.6616,688.8481,-0.1864725
688.6616,688.8481,-0.1864827
688.6616,688.8483,-0.1866692
688.6616,688.8483,-0.1866861
688.6616,688.8484,-0.1868494
688.6616,688.8485,-0.1868574
688.6616,688.8487,-0.1871041
688.6616,688.8488,-0.1871635
688.6616,688.8488,-0.1871673
688.6616,688.8488,-0.1872091
688.6616,688.849,-0.1874327
688.6616,688.8491,-0.1874591
688.6616,688.8491,-0.1874796
688.6616,688.8492,-0.1876286
688.6616,688.8493,-0.187703
688.6616,688.8493,-0.1877286
688.6616,688.8493,-0.187736
688.6616,688.8493,-0.1877398
688.6616,688.8494,-0.1878333
688.6616,688.8495,-0.1878793
688.6616,688.8496,-0.1880118
688.6616,688.8496,-0.1880378
688.6616,688.8496,-0.1880468
688.6616,688.8497,-0.1880993
688.6616,688.8497,-0.1881188
688.6616,688.8498,-0.1881565
688.6616,688.85,-0.1883923
688.6616,688.8501,-0.1884843
688.6616,688.8502,-0.1885871
688.6616,688.8502,-0.1885887
688.6616,688.8503,-0.1887091
688.6616,688.8503,-0.1887186
688.6616,688.8503,-0.1887188
688.6616,688.8504,-0.1887842
688.6616,688.8504,-0.1888272
688.6616,688.8505,-0.1888547
688.6616,688.8505,-0.1888977
688.6616,688.8505,-0.1889128
688.6616,688.8506,-0.1889567
688.6616,688.8506,-0.189038
688.6616,688.8507,-0.1890898
688.6616,688.8508,-0.1891686
688.6616,688.8508,-0.1891717
688.6616,688.8508,-0.189204
688.6616,688.8509,-0.1892751
688.6616,688.8509,-0.1892836
688.6616,688.8509,-0.1892865
688.6616,688.8512,-0.189621
688.6616,688.8512,-0.1896427
688.6616,688.8513,-0.1897407
688.6616,688.8513,-0.1897463
688.6616,688.8514,-0.1898104
688.6616,688.8514,-0.1898476
688.6616,688.8515,-0.1898541
688.6616,688.8516,-0.1899573
688.6616,688.8516,-0.1900454
688.6616,688.8517,-0.1900565
688.6616,688.8517,-0.1900568
688.6616,688.8518,-0.190168
688.6616,688.8519,-0.1903391
688.6616,688.852,-0.1903674
688.6616,688.852,-0.1903874
688.6616,688.852,-0.1904288
688.6616,688.8521,-0.1904591
688.6616,688.8521,-0.190469
688.6616,688.8521,-0.1904945
688.6616,688.8521,-0.1905065
688.6616,688.8522,-0.190592
688.6616,688.8522,-0.1906041
688.6616,688.8522,-0.1906088
688.6616,688.8522,-0.1906118
688.6616,688.8523,-0.1907197
688.6616,688.8524,-0.1907652
688.6616,688.8524,-0.1908402
688.6616,688.8525,-0.1908613
688.6616,688.8525,-0.1908701
688.6616,688.8526,-0.1909586
688.6616,688.8526,-0.1910232
688.6616,688.8528,-0.1911736
688.6616,688.8528,-0.1911969
688.6616,688.8528,-0.1912044
688.6616,688.8529,-0.1913216
688.6616,688.853,-0.1913756
688.6616,688.8531,-0.1914745
688.6616,688.8531,-0.1914987
688.6616,688.8531,-0.1915441
688.6616,688.8532,-0.1915817
688.6616,688.8532,-0.1915924
688.6616,688.8533,-0.1916735
688.6616,688.8533,-0.1916894
688.6616,688.8533,-0.1917054
688.6616,688.8533,-0.1917346
688.6616,688.8534,-0.1917666
688.6616,688.8534,-0.191774
688.6616,688.8534,-0.1918007
688.6616,688.8535,-0.1918515
688.6616,688.8535,-0.1919153
688.6616,688.8535,-0.1919171
688.6616,688.8535,-0.1919447
688.6616,688.8536,-0.191966
688.6616,688.8536,-0.1919676
688.6616,688.8536,-0.1919879
688.6616,688.8536,-0.1920043
688.6616,688.8536,-0.1920079
688.6616,688.8536,-0.1920317
688.6616,688.8537,-0.1921156
688.6616,688.8537,-0.1921336
688.6616,688.8537,-0.1921436
688.6616,688.8538,-0.1921536
688.6616,688.8538,-0.1921751
688.6616,688.8538,-0.1921879
688.6616,688.8538,-0.1922136
688.6616,688.8539,-0.1922657
688.6616,688.8539,-0.1922983
688.6616,688.8539,-0.1923354
688.6616,688.8539,-0.1923468
688.6616,688.854,-0.1923811
688.6616,688.854,-0.1924203
688.6616,688.8541,-0.1924928
688.6616,688.8541,-0.1925122
688.6616,688.8541,-0.1925279
688.6616,688.8541,-0.1925327
688.6616,688.8541,-0.192539
688.6616,688.8542,-0.1925508
688.6616,688.8542,-0.1925699
688.6616,688.8542,-0.1925738
688.6616,688.8542,-0.1925787
688.6616,688.8542,-0.1925893
688.6616,688.8542,-0.1926038
688.6616,688.8542,-0.1926142
688.6616,688.8542,-0.1926388
688.6616,688.8542,-0.1926478
688.6616,688.8543,-0.192653
688.6616,688.8543,-0.1926794
688.6616,688.8543,-0.1927099
688.6616,688.8543,-0.1927132
688.6616,688.8543,-0.1927255
688.6616,688.8544,-0.1927697
688.6616,688.8544,-0.1928015
688.6616,688.8544,-0.1928331
688.6616,688.8545,-0.1928733
688.6616,688.8545,-0.1929326
688.6616,688.8545,-0.192936
688.6616,688.8546,-0.1929596
688.6616,688.8546,-0.1929613
688.6616,688.8546,-0.1929915
688.6616,688.8546,-0.1929964
688.6616,688.8546,-0.1930157
688.6616,688.8547,-0.1930603
688.6616,688.8547,-0.1930697
688.6616,688.8547,-0.193076
688.6616,688.8547,-0.1931301
688.6616,688.8547,-0.1931458
688.6616,688.8547,-0.1931467
688.6616,688.8547,-0.1931495
688.6616,688.8548,-0.1931652
688.6616,688.8549,-0.1932798
688.6616,688.8549,-0.1933283
688.6616,688.855,-0.1934006
688.6616,688.8551,-0.193474
688.6616,688.8552,-0.1936371
688.6616,688.8553,-0.1937094
688.6616,688.8556,-0.1939553
688.6616,688.8557,-0.1940833
688.6616,688.8558,-0.1941799
688.6616,688.8558,-0.1942143
688.6616,688.8559,-0.1942889
688.6616,688.856,-0.1943827
688.6616,688.8562,-0.1945904
688.6616,688.8563,-0.194747
688.6616,688.8566,-0.1949788
688.6616,688.8566,-0.194989
688.6616,688.8566,-0.1950189
688.6616,688.8567,-0.1951088
688.6616,688.8568,-0.1951535
688.6616,688.8569,-0.1953359
688.6616,688.857,-0.1953944
688.6616,688.857,-0.1954353
688.6616,688.8571,-0.195457
688.6616,688.8572,-0.1955516
688.6616,688.8572,-0.1955779
688.6616,688.8574,-0.1957748
688.6616,688.8576,-0.1959811
688.6616,688.8576,-0.1960255
688.6616,688.8577,-0.1960952
688.6616,688.8577,-0.196098
688.6616,688.8579,-0.1962976
688.6616,688.8582,-0.1965954
688.6616,688.8583,-0.1966597
688.6616,688.8584,-0.1967931
688.6616,688.8584,-0.1968235
688.6616,688.8585,-0.1969279
688.6616,688.8587,-0.1971283
688.6616,688.8588,-0.1972254
688.6616,688.8588,-0.197233
688.6616,688.859,-0.1973556
688.6616,688.859,-0.1974062
688.6616,688.8591,-0.197505
688.6616,688.8591,-0.1975079
688.6616,688.8592,-0.1975567
688.6616,688.8592,-0.1975581
688.6616,688.8592,-0.1975794
688.6616,688.8592,-0.1976138
688.6616,688.8592,-0.1976397
688.6616,688.8593,-0.1976971
688.6616,688.8595,-0.1978854
688.6616,688.8595,-0.1978916
688.6616,688.8595,-0.1979382
688.6616,688.8596,-0.1979602
688.6616,688.8596,-0.1980145
688.6616,688.8597,-0.1981065
688.6616,688.8597,-0.1981493
688.6616,688.8598,-0.1981845
688.6616,688.8598,-0.1982196
688.6616,688.8599,-0.1982733
688.6616,688.8599,-0.1982845
688.6616,688.8599,-0.1982901
688.6616,688.86,-0.1983568
688.6616,688.86,-0.1984087
688.6616,688.8601,-0.1984839
688.6616,688.8602,-0.1985636
688.6616,688.8603,-0.1986941
688.6616,688.8603,-0.1987383
688.6616,688.8605,-0.1988664
688.6616,688.8606,-0.198958
688.6616,688.8606,-0.1989762
688.6616,688.8606,-0.1990392
688.6616,688.8607,-0.1990835
688.6616,688.8607,-0.1990933
688.6616,688.8607,-0.1991219
688.6616,688.8607,-0.199131
688.6616,688.8609,-0.1992882
688.6616,688.8609,-0.1993109
688.6616,688.8609,-0.1993126
688.6616,688.861,-0.1993625
688.6616,688.861,-0.1993804
688.6616,688.861,-0.1994145
688.6616,688.861,-0.1994358
688.6616,688.8611,-0.1994557
688.6616,688.8612,-0.199553
688.6616,688.8612,-0.1995922
688.6616,688.8612,-0.1996091
688.6616,688.8612,-0.1996156
688.6616,688.8613,-0.1996625
688.6616,688.8613,-0.1997131
688.6616,688.8613,-0.1997297
688.6616,688.8614,-0.1997622
688.6616,688.8614,-0.1997941
688.6616,688.8615,-0.1999244
688.6616,688.8615,-0.199947
688.6616,688.8616,-0.1999546
688.6616,688.8616,-0.1999864
688.6616,688.8616,-0.2000182
688.6616,688.8617,-0.2001436
688.6616,688.8618,-0.2002481
688.6616,688.8619,-0.2002515
688.6616,688.8619,-0.2002617
688.6616,688.8619,-0.2002702
688.6616,688.8621,-0.2004529
688.6616,688.8621,-0.2004846
688.6616,688.8622,-0.2005749
688.6616,688.8622,-0.2005924
688.6616,688.8623,-0.2007012
688.6616,688.8623,-0.2007361
688.6616,688.8624,-0.2008417
688.6616,688.8625,-0.2008562
688.6616,688.863,-0.2013655
688.6616,688.8631,-0.2014661
688.6616,688.8631,-0.2015382
688.6616,688.8632,-0.2015568
688.6616,688.8632,-0.2015955
688.6616,688.8632,-0.2016181
688.6616,688.8633,-0.2016538
688.6616,688.8633,-0.2016913
688.6616,688.8634,-0.2017659
688.6616,688.8634,-0.201787
688.6616,688.8635,-0.2018993
688.6616,688.8636,-0.2020281
688.6616,688.8636,-0.2020395
688.6616,688.8637,-0.2020688
688.6616,688.8637,-0.2021125
688.6616,688.8638,-0.2022474
688.6616,688.8639,-0.2023372
688.6616,688.8639,-0.2023473
688.6616,688.864,-0.2023654
688.6616,688.8641,-0.2024998
688.6616,688.8642,-0.2025778
688.6616,688.8643,-0.2026918
688.6616,688.8644,-0.2027889
688.6616,688.8645,-0.2028607
688.6616,688.8645,-0.2028856
688.6616,688.8645,-0.2028954
688.6616,688.8646,-0.2029577
688.6616,688.8646,-0.2030256
688.6616,688.8646,-0.2030292
688.6616,688.8647,-0.2030639
688.6616,688.8649,-0.2032859
688.6616,688.8649,-0.2033209
688.6616,688.8649,-0.2033247
688.6616,688.865,-0.2033716
688.6616,688.8652,-0.2035939
688.6616,688.8652,-0.203601
688.6616,688.8653,-0.2036556
688.6616,688.8654,-0.2037727
688.6616,688.8658,-0.2041514
688.6616,688.866,-0.2043653
688.6616,688.8664,-0.2048227
688.6616,688.8665,-0.2048573
688.6616,688.8665,-0.2049285
688.6616,688.8666,-0.204987
688.6616,688.8669,-0.2053208
688.6616,688.867,-0.2053663
688.6616,688.8671,-0.2054662
688.6616,688.8671,-0.2055215
688.6616,688.8673,-0.2056587
688.6616,688.8673,-0.2057133
688.6616,688.8673,-0.2057153
688.6616,688.8674,-0.2058439
688.6616,688.8675,-0.2058731
688.6616,688.8676,-0.2059837
688.6616,688.8676,-0.2060005
688.6616,688.8677,-0.206063
688.6616,688.8677,-0.2060835
688.6616,688.8678,-0.2062464
688.6616,688.8678,-0.2062472
688.6616,688.8678,-0.2062481
688.6616,688.8679,-0.2062826
688.6616,688.8682,-0.2065664
688.6616,688.8682,-0.2065756
688.6616,688.8682,-0.2065993
688.6616,688.8682,-0.2066165
688.6616,688.8683,-0.2066623
688.6616,688.8683,-0.2066912
688.6616,688.8683,-0.2067231
688.6616,688.8684,-0.2068291
688.6616,688.8684,-0.2068453
688.6616,688.8685,-0.2069086
688.6616,688.8688,-0.2072133
688.6616,688.8689,-0.2073044
688.6616,688.8689,-0.2073449
688.6616,688.869,-0.2073949
688.6616,688.869,-0.2074379
688.6616,688.8691,-0.2074623
688.6616,688.8691,-0.2075295
688.6616,688.8691,-0.2075371
688.6616,688.8691,-0.2075496
688.6616,688.8692,-0.2075752
688.6616,688.8692,-0.2076339
688.6616,688.8692,-0.2076387
688.6616,688.8693,-0.2077206
688.6616,688.8693,-0.207746
688.6616,688.8694,-0.2077903
688.6616,688.8694,-0.2078074
688.6616,688.8694,-0.2078281
688.6616,688.8694,-0.2078348
688.6616,688.8694,-0.207836
688.6616,688.8694,-0.2078415
688.6616,688.8696,-0.2079639
688.6616,688.8696,-0.2079699
688.6616,688.8696,-0.2080139
688.6616,688.8696,-0.2080476
688.6616,688.8697,-0.2080773
688.6616,688.8697,-0.208103
688.6616,688.8697,-0.208134
688.6616,688.8697,-0.2081363
688.6616,688.8698,-0.208164
688.6616,688.8698,-0.2081924
688.6616,688.8698,-0.2082026
688.6616,688.8698,-0.2082158
688.6616,688.8698,-0.2082348
688.6616,688.8699,-0.2082568
688.6616,688.8699,-0.2082877
688.6616,688.8699,-0.2083259
688.6616,688.8699,-0.2083319
688.6616,688.8699,-0.2083347
688.6616,688.87,-0.2083582
688.6616,688.87,-0.2083824
688.6616,688.87,-0.2084038
688.6616,688.87,-0.2084428
688.6616,688.87,-0.2084435
688.6616,688.8701,-0.208511
688.6616,688.8701,-0.2085392
688.6616,688.8702,-0.2085516
688.6616,688.8702,-0.2085987
688.6616,688.8702,-0.2086107
688.6616,688.8703,-0.2086914
688.6616,688.8704,-0.2087754
688.6616,688.8706,-0.208998
688.6616,688.8706,-0.2090484
688.6616,688.8707,-0.209083
688.6616,688.8708,-0.2092064
688.6616,688.8714,-0.2098043
688.6616,688.872,-0.210431
688.6616,688.8742,-0.2125724
688.6616,688.8742,-0.2126051
688.6616,688.8751,-0.2134612
688.6616,688.8826,-0.2209697
688.6616,688.9122,-0.2505694
688.6616,688.9123,-0.2506965
688.6616,688.9136,-0.2519697
688.6616,688.9719,-0.3102902
688.6616,688.9727,-0.311082
688.6616,688.973,-0.3113694
688.6616,688.9747,-0.313121
688.6616,688.9757,-0.3140853
688.6616,688.9761,-0.3144524
688.6616,688.9765,-0.3148876
688.6616,688.9768,-0.3151561
688.6616,688.9771,-0.315482
688.6616,688.9773,-0.3156609
688.6616,688.9774,-0.3157529
688.6616,688.9778,-0.3161524
688.6616,688.9783,-0.3167435
688.6616,688.9788,-0.3171556
688.6616,688.9789,-0.3173296
688.6616,688.9789,-0.317337
688.6616,688.979,-0.3173831
688.6616,688.9792,-0.3175554
688.6616,688.9792,-0.3175852
688.6616,688.9795,-0.3179416
688.6616,688.9795,-0.3179432
688.6616,688.9796,-0.3180009
688.6616,688.9802,-0.3185998
688.6616,688.9804,-0.3188174
688.6616,688.9804,-0.3188361
688.6616,688.9805,-0.3189062
688.6616,688.9805,-0.3189318
688.6616,688.9805,-0.318941
688.6616,688.9806,-0.3190098
688.6616,688.9807,-0.3191399
688.6616,688.9809,-0.3192702
688.6616,688.981,-0.3193625
688.6616,688.9811,-0.3194511
688.6616,688.9811,-0.3195327
688.6616,688.9812,-0.3195898
688.6616,688.9812,-0.3196242
688.6616,688.9813,-0.3196512
688.6616,688.9813,-0.3196686
688.6616,688.9813,-0.319678
688.6616,688.9813,-0.3196936
688.6616,688.9814,-0.3197631
688.6616,688.9814,-0.3198273
688.6616,688.9815,-0.3198789
688.6616,688.9815,-0.3198861
688.6616,688.9815,-0.3199368
688.6616,688.9816,-0.3199869
688.6616,688.9816,-0.3200347
688.6616,688.9816,-0.320036
688.6616,688.9816,-0.3200391
688.6616,688.9817,-0.3200795
688.6616,688.9817,-0.3200918
688.6616,688.9819,-0.3203459
688.6616,688.982,-0.3204135
688.6616,688.982,-0.3204315
688.6616,688.9821,-0.3205347
688.6616,688.9822,-0.3205696
688.6616,688.9822,-0.3205912
688.6616,688.9822,-0.3206414
688.6616,688.9823,-0.3206627
688.6616,688.9823,-0.3206741
688.6616,688.9823,-0.3207032
688.6616,688.9824,-0.320753
688.6616,688.9824,-0.3207664
688.6616,688.9824,-0.320783
688.6616,688.9824,-0.3208025
688.6616,688.9824,-0.3208195
688.6616,688.9827,-0.3211294
688.6616,688.9828,-0.3211521
688.6616,688.9828,-0.321159
688.6616,688.9828,-0.321173
688.6616,688.9828,-0.321174
688.6616,688.9828,-0.3211841
688.6616,688.9828,-0.3212219
688.6616,688.9828,-0.3212477
688.6616,688.9829,-0.321271
688.6616,688.9829,-0.3212803
688.6616,688.9829,-0.3213382
688.6616,688.9831,-0.3214706
688.6616,688.9831,-0.3215006
688.6616,688.9831,-0.3215313
688.6616,688.9831,-0.3215372
688.6616,688.9832,-0.3215684
688.6616,688.9832,-0.3216022
688.6616,688.9833,-0.3216894
688.6616,688.9833,-0.3217254
688.6616,688.9834,-0.3217858
688.6616,688.9835,-0.3218545
688.6616,688.9835,-0.321879
688.6616,688.9835,-0.3218812
688.6616,688.9836,-0.3219655
688.6616,688.9836,-0.3219926
688.6616,688.9836,-0.3220218
688.6616,688.9836,-0.3220359
688.6616,688.9837,-0.3220673
688.6616,688.9837,-0.3220965
688.6616,688.9838,-0.3221691
688.6616,688.9838,-0.322192
688.6616,688.9838,-0.3222023
688.6616,688.9838,-0.3222332
688.6616,688.9838,-0.322244
688.6616,688.9839,-0.3222534
688.6616,688.9839,-0.32227
688.6616,688.984,-0.322384
688.6616,688.9842,-0.3225762
688.6616,688.9843,-0.3226584
688.6616,688.9843,-0.3226878
688.6616,688.9843,-0.3227095
688.6616,688.9843,-0.3227156
688.6616,688.9843,-0.3227177
688.6616,688.9843,-0.3227262
688.6616,688.9844,-0.3228345
688.6616,688.9845,-0.3228948
688.6616,688.9846,-0.3229946
688.6616,688.9846,-0.323005
688.6616,688.9846,-0.3230072
688.6616,688.9846,-0.3230099
688.6616,688.9847,-0.3230872
688.6616,688.9847,-0.3231046
688.6616,688.9847,-0.3231183
688.6616,688.9847,-0.3231495
688.6616,688.9848,-0.3231652
688.6616,688.9848,-0.3231719
688.6616,688.9848,-0.3231965
688.6616,688.9849,-0.3232953
688.6616,688.985,-0.3233926
688.6616,688.985,-0.3234328
688.6616,688.9851,-0.3234509
688.6616,688.9851,-0.3234532
688.6616,688.9851,-0.3234687
688.6616,688.9851,-0.3235167
688.6616,688.9851,-0.3235287
688.6616,688.9852,-0.3235941
688.6616,688.9852,-0.3235971
688.6616,688.9852,-0.3236232
688.6616,688.9853,-0.323676
688.6616,688.9853,-0.3237205
688.6616,688.9853,-0.3237284
688.6616,688.9854,-0.3238031
688.6616,688.9854,-0.3238423
688.6616,688.9855,-0.3238563
688.6616,688.9855,-0.3238719
688.6616,688.9855,-0.3238766
688.6616,688.9856,-0.3240287
688.6616,688.9856,-0.3240482
688.6616,688.9858,-0.3241986
688.6616,688.9859,-0.3242807
688.6616,688.9859,-0.3243077
688.6616,688.986,-0.3243839
688.6616,688.986,-0.3244439
688.6616,688.9861,-0.3244757
688.6616,688.9862,-0.3245633
688.6616,688.9862,-0.3246075
688.6616,688.9862,-0.3246401
688.6616,688.9863,-0.3246761
688.6616,688.9863,-0.3246843
688.6616,688.9864,-0.3247566
688.6616,688.9864,-0.3248043
688.6616,688.9864,-0.3248066
688.6616,688.9864,-0.3248159
688.6616,688.9864,-0.3248484
688.6616,688.9864,-0.3248499
688.6616,688.9865,-0.3248725
688.6616,688.9865,-0.3249221
688.6616,688.9866,-0.3250307
688.6616,688.9867,-0.3250748
688.6616,688.9867,-0.325102
688.6616,688.9867,-0.3251294
688.6616,688.9867,-0.3251325
688.6616,688.9867,-0.325133
688.6616,688.9868,-0.3251951
688.6616,688.9868,-0.3252007
688.6616,688.9868,-0.3252133
688.6616,688.9869,-0.3252633
688.6616,688.9869,-0.3253037
688.6616,688.987,-0.325359
688.6616,688.987,-0.3254098
688.6616,688.9871,-0.3254592
688.6616,688.9871,-0.3254927
688.6616,688.9871,-0.3254998
688.6616,688.9871,-0.3255123
688.6616,688.9871,-0.3255366
688.6616,688.9871,-0.3255407
688.6616,688.9872,-0.3255513
688.6616,688.9872,-0.3255843
688.6616,688.9872,-0.3256013
688.6616,688.9872,-0.325623
688.6616,688.9872,-0.3256267
688.6616,688.9873,-0.3256832
688.6616,688.9873,-0.3256931
688.6616,688.9873,-0.3257025
688.6616,688.9873,-0.325731
688.6616,688.9873,-0.3257364
688.6616,688.9873,-0.3257388
688.6616,688.9874,-0.3257571
688.6616,688.9875,-0.3259056
688.6616,688.9876,-0.325953
688.6616,688.9876,-0.3259984
688.6616,688.9876,-0.3260043
688.6616,688.9876,-0.3260111
688.6616,688.9876,-0.3260127
688.6616,688.9877,-0.3260737
688.6616,688.9877,-0.3260972
688.6616,688.9877,-0.3261
688.6616,688.9878,-0.3261686
688.6616,688.9878,-0.3261687
688.6616,688.9878,-0.3261818
688.6616,688.9878,-0.326185
688.6616,688.9878,-0.3262004
688.6616,688.9878,-0.3262423
688.6616,688.9879,-0.3262739
688.6616,688.9879,-0.3262779
688.6616,688.9879,-0.3262841
688.6616,688.9879,-0.3262897
688.6616,688.9879,-0.3263226
688.6616,688.9879,-0.3263328
688.6616,688.9879,-0.3263472
688.6616,688.988,-0.3263618
688.6616,688.988,-0.3264008
688.6616,688.988,-0.3264087
688.6616,688.988,-0.3264368
688.6616,688.988,-0.3264479
688.6616,688.9881,-0.3264851
688.6616,688.9881,-0.3264863
688.6616,688.9881,-0.3264936
688.6616,688.9881,-0.3265004
688.6616,688.9881,-0.3265072
688.6616,688.9881,-0.3265136
688.6616,688.9881,-0.3265317
688.6616,688.9882,-0.3265593
688.6616,688.9882,-0.3265618
688.6616,688.9882,-0.3265783
688.6616,688.9882,-0.3265894
688.6616,688.9882,-0.326614
688.6616,688.9882,-0.3266252
688.6616,688.9882,-0.3266318
688.6616,688.9883,-0.3266625
688.6616,688.9883,-0.326668
688.6616,688.9883,-0.3266785
688.6616,688.9883,-0.3267008
688.6616,688.9883,-0.3267445
688.6616,688.9884,-0.3267509
688.6616,688.9884,-0.326781
688.6616,688.9884,-0.3267919
688.6616,688.9884,-0.3267924
688.6616,688.9884,-0.3268375
688.6616,688.9885,-0.3268881
688.6616,688.9885,-0.3269437
688.6616,688.9886,-0.3269502
688.6616,688.9886,-0.3269706
688.6616,688.9886,-0.3269832
688.6616,688.9886,-0.3269966
688.6616,688.9886,-0.3270192
688.6616,688.9886,-0.3270343
688.6616,688.9886,-0.3270472
688.6616,688.9887,-0.3270559
688.6616,688.9887,-0.3271116
688.6616,688.9887,-0.3271253
688.6616,688.9888,-0.3271683
688.6616,688.9888,-0.3271732
688.6616,688.9888,-0.3271759
688.6616,688.9888,-0.3272308
688.6616,688.9888,-0.327233
688.6616,688.9888,-0.3272474
688.6616,688.9889,-0.3272581
688.6616,688.9889,-0.3272985
688.6616,688.989,-0.3273538
688.6616,688.989,-0.3273539
688.6616,688.989,-0.3273646
688.6616,688.989,-0.327402
688.6616,688.989,-0.3274095
688.6616,688.9891,-0.3274624
688.6616,688.9891,-0.3274786
688.6616,688.9891,-0.3274872
688.6616,688.9891,-0.3275153
688.6616,688.9892,-0.3275933
688.6616,688.9892,-0.3276006
688.6616,688.9892,-0.3276097
688.6616,688.9892,-0.3276201
688.6616,688.9893,-0.327688
688.6616,688.9893,-0.3276971
688.6616,688.9893,-0.3276997
688.6616,688.9893,-0.3277075
688.6616,688.9893,-0.3277143
688.6616,688.9893,-0.3277262
688.6616,688.9894,-0.3277897
688.6616,688.9894,-0.3277935
688.6616,688.9894,-0.3277946
688.6616,688.9894,-0.3278065
688.6616,688.9894,-0.3278176
688.6616,688.9894,-0.3278414
688.6616,688.9895,-0.3278769
688.6616,688.9895,-0.327885
688.6616,688.9895,-0.3278868
688.6616,688.9896,-0.3279535
688.6616,688.9896,-0.327972
688.6616,688.9896,-0.3280239
688.6616,688.9896,-0.3280251
688.6616,688.9897,-0.3280618
688.6616,688.9897,-0.3281254
688.6616,688.9897,-0.3281284
688.6616,688.9898,-0.3281811
688.6616,688.9898,-0.3281965
688.6616,688.9898,-0.3281996
688.6616,688.9898,-0.3282353
688.6616,688.9899,-0.3282631
688.6616,688.9899,-0.3282825
688.6616,688.9899,-0.3283329
688.6616,688.99,-0.3283506
688.6616,688.99,-0.328439
688.6616,688.9901,-0.3284806
688.6616,688.9901,-0.3285057
688.6616,688.9901,-0.3285126
688.6616,688.9901,-0.3285466
688.6616,688.9902,-0.3285926
688.6616,688.9902,-0.3285961
688.6616,688.9902,-0.3286039
688.6616,688.9903,-0.3286566
688.6616,688.9903,-0.3286659
688.6616,688.9903,-0.3287009
688.6616,688.9904,-0.3287935
688.6616,688.9904,-0.3288375
688.6616,688.9904,-0.328842
688.6616,688.9905,-0.3288597
688.6616,688.9905,-0.3289266
688.6616,688.9906,-0.328973
688.6616,688.9906,-0.3289831
688.6616,688.9906,-0.3289999
688.6616,688.9906,-0.3290459
688.6616,688.9907,-0.3290637
688.6616,688.9907,-0.3291424
688.6616,688.9908,-0.329165
688.6616,688.9908,-0.3292046
688.6616,688.9908,-0.3292265
688.6616,688.9909,-0.3292606
688.6616,688.9909,-0.3292854
688.6616,688.9909,-0.3293197
688.6616,688.9909,-0.3293272
688.6616,688.9909,-0.3293457
688.6616,688.9909,-0.3293484
688.6616,688.991,-0.3293841
688.6616,688.991,-0.3293924
688.6616,688.991,-0.3294297
688.6616,688.991,-0.3294491
688.6616,688.9911,-0.3294705
688.6616,688.9911,-0.3294916
688.6616,688.9911,-0.3294946
688.6616,688.9912,-0.3295731
688.6616,688.9912,-0.3295934
688.6616,688.9912,-0.3296108
688.6616,688.9912,-0.3296194
688.6616,688.9912,-0.3296214
688.6616,688.9912,-0.3296306
688.6616,688.9913,-0.3296545
688.6616,688.9913,-0.3296705
688.6616,688.9914,-0.3297716
688.6616,688.9914,-0.3297828
688.6616,688.9914,-0.329814
688.6616,688.9914,-0.3298336
688.6616,688.9914,-0.3298485
688.6616,688.9915,-0.3298567
688.6616,688.9915,-0.3298826
688.6616,688.9915,-0.3299148
688.6616,688.9915,-0.3299229
688.6616,688.9915,-0.3299343
688.6616,688.9916,-0.3299642
688.6616,688.9917,-0.3300777
688.6616,688.9917,-0.3300848
688.6616,688.9917,-0.3300857
688.6616,688.9917,-0.3300934
688.6616,688.9917,-0.3300948
688.6616,688.9917,-0.3301391
688.6616,688.9918,-0.3301663
688.6616,688.9919,-0.3302977
688.6616,688.9919,-0.3303012
688.6616,688.9919,-0.3303199
688.6616,688.992,-0.3303592
688.6616,688.992,-0.3303952
688.6616,688.992,-0.3304167
688.6616,688.9921,-0.3304504
688.6616,688.9921,-0.3305161
688.6616,688.9921,-0.3305196
688.6616,688.9921,-0.3305227
688.6616,688.9922,-0.3305531
688.6616,688.9922,-0.330609
688.6616,688.9922,-0.3306288
688.6616,688.9923,-0.3306721
688.6616,688.9923,-0.3306863
688.6616,688.9923,-0.3307441
688.6616,688.9924,-0.3307517
688.6616,688.9924,-0.3308088
688.6616,688.9924,-0.3308225
688.6616,688.9924,-0.3308408
688.6616,688.9924,-0.3308471
688.6616,688.9925,-0.3308939
688.6616,688.9925,-0.3309104
688.6616,688.9925,-0.3309138
688.6616,688.9925,-0.3309477
688.6616,688.9926,-0.3310228
688.6616,688.9927,-0.3311185
688.6616,688.9927,-0.3311369
688.6616,688.9928,-0.3311881
688.6616,688.9928,-0.3312223
688.6616,688.9928,-0.3312224
688.6616,688.9929,-0.3312798
688.6616,688.9929,-0.3313065
688.6616,688.9929,-0.3313147
688.6616,688.993,-0.3313525
688.6616,688.993,-0.3313642
688.6616,688.993,-0.3313714
688.6616,688.993,-0.3313978
688.6616,688.993,-0.3314096
688.6616,688.9931,-0.3314628
688.6616,688.9931,-0.3314899
688.6616,688.9931,-0.3314921
688.6616,688.9932,-0.3315514
688.6616,688.9932,-0.331603
688.6616,688.9932,-0.3316195
688.6616,688.9932,-0.331624
688.6616,688.9932,-0.3316405
688.6616,688.9933,-0.3316541
688.6616,688.9933,-0.331672
688.6616,688.9933,-0.3316866
688.6616,688.9933,-0.33169
688.6616,688.9933,-0.331699
688.6616,688.9933,-0.331714
688.6616,688.9933,-0.3317155
688.6616,688.9933,-0.3317454
688.6616,688.9934,-0.3317703
688.6616,688.9934,-0.3317816
688.6616,688.9934,-0.3317928
688.6616,688.9934,-0.331798
688.6616,688.9934,-0.3318275
688.6616,688.9934,-0.3318365
688.6616,688.9935,-0.3318933
688.6616,688.9935,-0.3319059
688.6616,688.9935,-0.3319091
688.6616,688.9935,-0.3319426
688.6616,688.9936,-0.3319801
688.6616,688.9936,-0.3319859
688.6616,688.9936,-0.3320005
688.6616,688.9936,-0.3320234
688.6616,688.9937,-0.3320587
688.6616,688.9937,-0.3321004
688.6616,688.9937,-0.3321037
688.6616,688.9937,-0.3321081
688.6616,688.9938,-0.3321573
688.6616,688.9938,-0.3321576
688.6616,688.9938,-0.3321821
688.6616,688.9938,-0.3321966
688.6616,688.9938,-0.3322115
688.6616,688.9938,-0.3322134
688.6616,688.9938,-0.3322324
688.6616,688.9939,-0.332276
688.6616,688.9939,-0.3322876
688.6616,688.9939,-0.3323031
688.6616,688.9939,-0.3323072
688.6616,688.9939,-0.3323481
688.6616,688.994,-0.3323614
688.6616,688.994,-0.332374
688.6616,688.994,-0.3323766
688.6616,688.994,-0.3323889
688.6616,688.994,-0.3323941
688.6616,688.994,-0.3324171
688.6616,688.994,-0.3324179
688.6616,688.994,-0.3324187
688.6616,688.994,-0.33242
688.6616,688.9941,-0.3324556
688.6616,688.9941,-0.3324683
688.6616,688.9941,-0.3324789
688.6616,688.9941,-0.332535
688.6616,688.9942,-0.3325523
688.6616,688.9942,-0.3325962
688.6616,688.9942,-0.3326261
688.6616,688.9943,-0.3326523
688.6616,688.9943,-0.3326563
688.6616,688.9943,-0.3327056
688.6616,688.9943,-0.3327287
688.6616,688.9943,-0.3327406
688.6616,688.9943,-0.3327442
688.6616,688.9944,-0.3327606
688.6616,688.9944,-0.3327872
688.6616,688.9944,-0.3328048
688.6616,688.9944,-0.3328185
688.6616,688.9944,-0.3328399
688.6616,688.9945,-0.3328843
688.6616,688.9945,-0.3328872
688.6616,688.9945,-0.3328973
688.6616,688.9945,-0.3329305
688.6616,688.9945,-0.3329405
688.6616,688.9946,-0.3329705
688.6616,688.9946,-0.3330021
688.6616,688.9947,-0.333082
688.6616,688.9947,-0.3330943
688.6616,688.9947,-0.3331005
688.6616,688.9947,-0.3331209
688.6616,688.9947,-0.3331225
688.6616,688.9947,-0.3331399
688.6616,688.9948,-0.3331521
688.6616,688.9948,-0.3331778
688.6616,688.9948,-0.3331793
688.6616,688.9948,-0.3331823
688.6616,688.9948,-0.3331904
688.6616,688.9948,-0.3331959
688.6616,688.9948,-0.333202
688.6616,688.9948,-0.333207
688.6616,688.9948,-0.3332116
688.6616,688.9948,-0.3332338
688.6616,688.9949,-0.3332522
688.6616,688.9949,-0.3332824
688.6616,688.9949,-0.3333089
688.6616,688.9949,-0.3333124
688.6616,688.9949,-0.3333351
688.6616,688.995,-0.3333548
688.6616,688.995,-0.3333582
688.6616,688.995,-0.333374
688.6616,688.995,-0.3333892
688.6616,688.995,-0.3333965
688.6616,688.995,-0.3334008
688.6616,688.995,-0.3334035
688.6616,688.995,-0.333424
688.6616,688.995,-0.3334248
688.6616,688.995,-0.3334369
688.6616,688.995,-0.33345
688.6616,688.9951,-0.3334663
688.6616,688.9951,-0.3334681
688.6616,688.9951,-0.333471
688.6616,688.9951,-0.3334731
688.6616,688.9951,-0.3335124
688.6616,688.9951,-0.3335169
688.6616,688.9951,-0.3335234
688.6616,688.9951,-0.3335241
688.6616,688.9951,-0.3335302
688.6616,688.9952,-0.3335897
688.6616,688.9952,-0.3336104
688.6616,688.9952,-0.3336258
688.6616,688.9953,-0.3336656
688.6616,688.9953,-0.3336805
688.6616,688.9953,-0.3336975
688.6616,688.9953,-0.3337007
688.6616,688.9953,-0.3337299
688.6616,688.9954,-0.3337587
688.6616,688.9954,-0.3337705
688.6616,688.9954,-0.3337825
688.6616,688.9954,-0.3337853
688.6616,688.9954,-0.3338068
688.6616,688.9954,-0.333832
688.6616,688.9954,-0.3338355
688.6616,688.9954,-0.3338359
688.6616,688.9954,-0.333837
688.6616,688.9955,-0.3338802
688.6616,688.9955,-0.3338993
688.6616,688.9955,-0.33391
688.6616,688.9955,-0.3339247
688.6616,688.9956,-0.3340053
688.6616,688.9956,-0.3340116
688.6616,688.9957,-0.3340632
688.6616,688.9957,-0.3340693
688.6616,688.9957,-0.3340788
688.6616,688.9957,-0.3340932
688.6616,688.9957,-0.334114
688.6616,688.9957,-0.3341257
688.6616,688.9958,-0.3341777
688.6616,688.9958,-0.3341846
688.6616,688.9959,-0.334254
688.6616,688.9959,-0.3342854
688.6616,688.9959,-0.3343352
688.6616,688.9959,-0.3343405
688.6616,688.996,-0.3343632
688.6616,688.996,-0.3343732
688.6616,688.996,-0.334413
688.6616,688.9961,-0.3344693
688.6616,688.9961,-0.3344887
688.6616,688.9961,-0.3344921
688.6616,688.9961,-0.3345115
688.6616,688.9961,-0.3345364
688.6616,688.9962,-0.3345512
688.6616,688.9962,-0.3345744
688.6616,688.9962,-0.3345933
688.6616,688.9962,-0.3346096
688.6616,688.9963,-0.3346518
688.6616,688.9963,-0.3346756
688.6616,688.9963,-0.3347222
688.6616,688.9963,-0.3347282
688.6616,688.9964,-0.3347596
688.6616,688.9964,-0.3347874
688.6616,688.9964,-0.3347955
688.6616,688.9964,-0.3347971
688.6616,688.9964,-0.3348219
688.6616,688.9965,-0.3348973
688.6616,688.9965,-0.3349433
688.6616,688.9966,-0.3349584
688.6616,688.9966,-0.3350196
688.6616,688.9967,-0.3350606
688.6616,688.9967,-0.335072
688.6616,688.9967,-0.3350996
688.6616,688.9967,-0.3351333
688.6616,688.9968,-0.3351884
688.6616,688.9968,-0.3351949
688.6616,688.9968,-0.3352054
688.6616,688.9968,-0.335232
688.6616,688.9969,-0.3352649
688.6616,688.997,-0.3353933
688.6616,688.997,-0.3353969
688.6616,688.997,-0.3354242
688.6616,688.9972,-0.335575
688.6616,688.9972,-0.3355811
688.6616,688.9972,-0.3356174
688.6616,688.9972,-0.3356378
688.6616,688.9973,-0.3356793
688.6616,688.9973,-0.3356855
688.6616,688.9973,-0.3357322
688.6616,688.9974,-0.3358101
688.6616,688.9975,-0.3358893
688.6616,688.9976,-0.3359747
688.6616,688.9976,-0.3359758
688.6616,688.9976,-0.3360271
688.6616,688.9976,-0.33603
688.6616,688.9977,-0.3361128
688.6616,688.9978,-0.3361874
688.6616,688.9978,-0.3362448
688.6616,688.9979,-0.3363116
688.6616,688.998,-0.3363588
688.6616,688.998,-0.3363777
688.6616,688.998,-0.3363956
688.6616,688.998,-0.3364409
688.6616,688.9981,-0.3364898
688.6616,688.9981,-0.3365289
688.6616,688.9981,-0.3365328
688.6616,688.9982,-0.3366268
688.6616,688.9983,-0.3366941
688.6616,688.9985,-0.3368617
688.6616,688.9985,-0.3369049
688.6616,688.9985,-0.3369376
688.6616,688.9986,-0.3370489
688.6616,688.9987,-0.3370552
688.6616,688.9987,-0.3370641
688.6616,688.9987,-0.3370657
688.6616,688.9987,-0.3371496
688.6616,688.9988,-0.3372445
688.6616,688.9989,-0.3372547
688.6616,688.9989,-0.3372756
688.6616,688.9989,-0.3373115
688.6616,688.9989,-0.3373371
688.6616,688.999,-0.3373613
688.6616,688.999,-0.3373819
688.6616,688.999,-0.3374063
688.6616,688.999,-0.3374168
688.6616,688.9991,-0.3374979
688.6616,688.9991,-0.3375318
688.6616,688.9991,-0.3375417
688.6616,688.9993,-0.33767
688.6616,688.9993,-0.3377181
688.6616,688.9993,-0.3377324
688.6616,688.9995,-0.3378515
688.6616,688.9995,-0.3378949
688.6616,688.9996,-0.3380307
688.6616,688.9997,-0.3380512
688.6616,688.9997,-0.3380829
688.6616,688.9997,-0.3381183
688.6616,688.9997,-0.3381439
688.6616,688.9998,-0.3381605
688.6616,688.9998,-0.338165
688.6616,688.9998,-0.3382469
688.6616,688.9999,-0.3382607
688.6616,688.9999,-0.3383477
688.6616,689,-0.3383598
688.6616,689,-0.3384078
688.6616,689,-0.338419
688.6616,689,-0.3384202
688.6616,689.0001,-0.3384888
688.6616,689.0002,-0.3385506
688.6616,689.0002,-0.3386385
688.6616,689.0003,-0.3386978
688.6616,689.0005,-0.3388664
688.6616,689.0006,-0.3390472
688.6616,689.0007,-0.3390981
688.6616,689.0008,-0.339168
688.6616,689.0009,-0.3392618
688.6616,689.0009,-0.339284
688.6616,689.001,-0.3393971
688.6616,689.0011,-0.3395443
688.6616,689.0012,-0.3395859
688.6616,689.0012,-0.3396023
688.6616,689.0013,-0.3396556
688.6616,689.0014,-0.339803
688.6616,689.0014,-0.3398437
688.6616,689.0015,-0.3399354
688.6616,689.0015,-0.339944
688.6616,689.0016,-0.3399718
688.6616,689.0016,-0.3399739
688.6616,689.0017,-0.3401472
688.6616,689.0019,-0.3402775
688.6616,689.002,-0.3404001
688.6616,689.002,-0.3404127
688.6616,689.0021,-0.340455
688.6616,689.0021,-0.3404823
688.6616,689.0022,-0.340629
688.6616,689.0023,-0.3407498
688.6616,689.0024,-0.3408024
688.6616,689.0025,-0.3409247
688.6616,689.0026,-0.3409561
688.6616,689.0026,-0.3409667
688.6616,689.0026,-0.3410095
688.6616,689.003,-0.3413857
688.6616,689.0031,-0.3415112
688.6616,689.0033,-0.3416961
688.6616,689.0033,-0.3417038
688.6616,689.0034,-0.3417711
688.6616,689.0034,-0.3417988
688.6616,689.0035,-0.341852
688.6616,689.0036,-0.3420362
688.6616,689.0037,-0.3420816
688.6616,689.0038,-0.3421693
688.6616,689.0039,-0.3423419
688.6616,689.004,-0.3423615
688.6616,689.0041,-0.3425494
688.6616,689.0042,-0.3425744
688.6616,689.0045,-0.3429201
688.6616,689.0045,-0.3429308
688.6616,689.0046,-0.3429566
688.6616,689.0048,-0.3431918
688.6616,689.0049,-0.3432618
688.6616,689.0049,-0.3432922
688.6616,689.005,-0.3434113
688.6616,689.0051,-0.3434521
688.6616,689.0052,-0.3436265
688.6616,689.0053,-0.3436676
688.6616,689.0053,-0.3436963
688.6616,689.0054,-0.3437829
688.6616,689.0054,-0.3437833
688.6616,689.0054,-0.3438053
688.6616,689.0058,-0.3441596
688.6616,689.006,-0.3444188
688.6616,689.0061,-0.3445189
688.6616,689.0065,-0.3448744
688.6616,689.0065,-0.3449408
688.6616,689.0066,-0.3450045
688.6616,689.0066,-0.3450265
688.6616,689.0068,-0.3452186
688.6616,689.0069,-0.3452925
688.6616,689.0072,-0.3455765
688.6616,689.0072,-0.3456201
688.6616,689.0074,-0.3457672
688.6616,689.008,-0.3463531
688.6616,689.0081,-0.3464515
688.6616,689.0081,-0.3465236
688.6616,689.0082,-0.3465573
688.6616,689.0082,-0.3465885
688.6616,689.0082,-0.346599
688.6616,689.0086,-0.3470279
688.6616,689.0095,-0.3479012
688.6616,689.0096,-0.3480364
688.6616,689.0098,-0.3481519
688.6616,689.0098,-0.3482189
688.6616,689.0102,-0.3485846
688.6616,689.0102,-0.3486096
688.6616,689.0102,-0.3486468
688.6616,689.0113,-0.3496544
688.6616,689.0119,-0.35031
688.6616,689.012,-0.3504205
688.6616,689.0121,-0.3504618
688.6616,689.0123,-0.3506998
688.6616,689.0126,-0.3510085
688.6616,689.0127,-0.3510554
688.6616,689.0129,-0.3512795
688.6616,689.013,-0.3513637
688.6616,689.0133,-0.3516912
688.6616,689.0135,-0.3518516
688.6616,689.0137,-0.3520593
688.6616,689.0137,-0.3521132
688.6616,689.0139,-0.3522844
688.6616,689.0139,-0.35234
688.6616,689.0141,-0.3525314
688.6616,689.0143,-0.3526613
688.6616,689.0143,-0.3526638
688.6616,689.015,-0.3534408
688.6616,689.0155,-0.3539278
688.6616,689.0156,-0.3539791
688.6616,689.0162,-0.3545576
688.6616,689.0162,-0.3545598
688.6616,689.0169,-0.3552874
688.6616,689.0173,-0.3557143
688.6616,689.0178,-0.3561643
688.6616,689.0179,-0.3562884
688.6616,689.018,-0.3563704
688.6616,689.018,-0.3563751
688.6616,689.0183,-0.3566583
688.6616,689.0183,-0.3566817
688.6616,689.0187,-0.3571043
688.6616,689.0191,-0.3575399
688.6616,689.0193,-0.3576737
688.6616,689.0194,-0.3578155
688.6616,689.0196,-0.3580053
688.6616,689.0198,-0.3582147
688.6616,689.0198,-0.3582243
688.6616,689.0199,-0.3583171
688.6616,689.0204,-0.3587841
688.6616,689.0204,-0.3588372
688.6616,689.0211,-0.3594604
688.6616,689.0212,-0.3595927
688.6616,689.0212,-0.359597
688.6616,689.0213,-0.3596867
688.6616,689.0214,-0.3597956
688.6616,689.0216,-0.360016
688.6616,689.0216,-0.3600398
688.6616,689.0217,-0.3600719
688.6616,689.0218,-0.3602204
688.6616,689.0218,-0.360223
688.6616,689.0219,-0.3602734
688.6616,689.022,-0.3604426
688.6616,689.0224,-0.3607701
688.6616,689.0224,-0.3607861
688.6616,689.0225,-0.3608558
688.6616,689.0226,-0.3610486
688.6616,689.0228,-0.3611816
688.6616,689.0229,-0.3613389
688.6616,689.023,-0.3614277
688.6616,689.0231,-0.3615217
688.6616,689.0231,-0.3615303
688.6616,689.0232,-0.3616007
688.6616,689.0233,-0.3616624
688.6616,689.0233,-0.3617119
688.6616,689.0234,-0.3618272
688.6616,689.0235,-0.3618905
688.6616,689.0235,-0.3619174
688.6616,689.0237,-0.3621494
688.6616,689.0238,-0.3621932
688.6616,689.024,-0.3624392
688.6616,689.0241,-0.3624643
688.6616,689.0241,-0.362483
688.6616,689.0241,-0.3625035
688.6616,689.0241,-0.3625113
688.6616,689.0241,-0.3625349
688.6616,689.0243,-0.3626652
688.6616,689.0243,-0.3627065
688.6616,689.0243,-0.3627489
688.6616,689.0244,-0.3627765
688.6616,689.0246,-0.3629959
688.6616,689.025,-0.3633907
688.6616,689.0251,-0.3635152
688.6616,689.0252,-0.3635746
688.6616,689.0252,-0.3636178
688.6616,689.0254,-0.3637639
688.6616,689.0254,-0.3638171
688.6616,689.0256,-0.3639594
688.6616,689.0256,-0.363986
688.6616,689.0256,-0.3640461
688.6616,689.0257,-0.3641053
688.6616,689.0257,-0.3641111
688.6616,689.0257,-0.3641242
688.6616,689.0258,-0.3642072
688.6616,689.0258,-0.3642305
688.6616,689.0258,-0.3642488
688.6616,689.0259,-0.364313
688.6616,689.026,-0.3643658
688.6616,689.0264,-0.3648146
688.6616,689.0264,-0.3648181
688.6616,689.0265,-0.3648647
688.6616,689.0266,-0.3650493
688.6616,689.0267,-0.3650755
688.6616,689.0267,-0.3651011
688.6616,689.0269,-0.3653197
688.6616,689.027,-0.3653613
688.6616,689.027,-0.365404
688.6616,689.0271,-0.3654862
688.6616,689.0272,-0.3655503
688.6616,689.0272,-0.3655873
688.6616,689.0272,-0.3656238
688.6616,689.0272,-0.3656375
688.6616,689.0273,-0.3656798
688.6616,689.0274,-0.3657654
688.6616,689.0274,-0.3658276
688.6616,689.0275,-0.3658786
688.6616,689.0275,-0.3659045
688.6616,689.0275,-0.365906
688.6616,689.0275,-0.3659296
688.6616,689.0276,-0.365964
688.6616,689.0276,-0.3660334
688.6616,689.0276,-0.3660398
688.6616,689.0277,-0.3660841
688.6616,689.0278,-0.366186
688.6616,689.0278,-0.3662025
688.6616,689.0278,-0.3662097
688.6616,689.0278,-0.3662166
688.6616,689.0279,-0.3662721
688.6616,689.0279,-0.3662768
688.6616,689.028,-0.3663892
688.6616,689.028,-0.3663957
688.6616,689.028,-0.366439
688.6616,689.0281,-0.3664843
688.6616,689.0282,-0.3665557
688.6616,689.0282,-0.3666122
688.6616,689.0283,-0.3666786
688.6616,689.0283,-0.3666918
688.6616,689.0283,-0.3667325
688.6616,689.0284,-0.3667643
688.6616,689.0285,-0.3668913
688.6616,689.0286,-0.3670002
688.6616,689.0287,-0.3671332
688.6616,689.0288,-0.3671667
688.6616,689.0288,-0.3671771
688.6616,689.0288,-0.3672164
688.6616,689.0289,-0.3672537
688.6616,689.029,-0.3673654
688.6616,689.0291,-0.367451
688.6616,689.0291,-0.3674828
688.6616,689.0291,-0.3675323
688.6616,689.0291,-0.3675336
688.6616,689.0292,-0.3675591
688.6616,689.0292,-0.3676064
688.6616,689.0294,-0.3678031
688.6616,689.0294,-0.367831
688.6616,689.0294,-0.3678326
688.6616,689.0295,-0.3678734
688.6616,689.0296,-0.3679963
688.6616,689.0296,-0.3680202
688.6616,689.0297,-0.3680974
688.6616,689.0297,-0.3681061
688.6616,689.0298,-0.3682442
688.6616,689.0299,-0.3683078
688.6616,689.03,-0.3684057
688.6616,689.0301,-0.3684901
688.6616,689.0301,-0.368493
688.6616,689.0301,-0.3685442
688.6616,689.0302,-0.3685676
688.6616,689.0303,-0.368705
688.6616,689.0305,-0.3688514
688.6616,689.0306,-0.3689678
688.6616,689.0307,-0.3691462
688.6616,689.0308,-0.3691735
688.6616,689.0308,-0.3692071
688.6616,689.0309,-0.3693103
688.6616,689.031,-0.369354
688.6616,689.031,-0.3694321
688.6616,689.0311,-0.3695276
688.6616,689.0313,-0.3696918
688.6616,689.0314,-0.3697716
688.6616,689.0316,-0.3699505
688.6616,689.0316,-0.3700377
688.6616,689.0318,-0.3701833
688.6616,689.0318,-0.3702081
688.6616,689.0321,-0.3704875
688.6616,689.0321,-0.3705114
688.6616,689.0322,-0.3705779
688.6616,689.0323,-0.3706917
688.6616,689.0323,-0.3707053
688.6616,689.0324,-0.370772
688.6616,689.0324,-0.3707817
688.6616,689.0324,-0.3707867
688.6616,689.0325,-0.3708949
688.6616,689.0327,-0.3711487
688.6616,689.0328,-0.3712055
688.6616,689.0329,-0.3712525
688.6616,689.0329,-0.3712975
688.6616,689.0332,-0.3716207
688.6616,689.0332,-0.3716352
688.6616,689.0335,-0.3718877
688.6616,689.0335,-0.3718929
688.6616,689.0338,-0.372158
688.6616,689.034,-0.3723659
688.6616,689.034,-0.372403
688.6616,689.034,-0.3724466
688.6616,689.034,-0.3724477
688.6616,689.0341,-0.3724606
688.6616,689.0342,-0.3725881
688.6616,689.0343,-0.3726569
688.6616,689.0347,-0.3730756
688.6616,689.0348,-0.3732005
688.6616,689.0348,-0.3732381
688.6616,689.035,-0.3734459
688.6616,689.0354,-0.3737528
688.6616,689.0354,-0.3737795
688.6616,689.0355,-0.3738536
688.6616,689.0356,-0.3739894
688.6616,689.0357,-0.3740779
688.6616,689.0365,-0.3748968
688.6616,689.0366,-0.3749869
688.6616,689.0369,-0.375339
688.6616,689.0373,-0.3757096
688.6616,689.038,-0.3764167
688.6616,689.0384,-0.3767542
688.6616,689.0385,-0.3769183
688.6616,689.0389,-0.3773434
688.6616,689.0391,-0.3774585
688.6616,689.0393,-0.3776951
688.6616,689.0406,-0.3789726
688.6616,689.0414,-0.3798165
688.6616,689.0423,-0.3806785
688.6616,689.0437,-0.3820852
688.6616,689.0456,-0.3839536
688.6616,689.0502,-0.388617
688.6616,689.0506,-0.3890023
688.6616,689.0543,-0.3927171
688.6616,689.0594,-0.3977767
688.6616,689.0723,-0.4107143
688.6616,689.0731,-0.4115478
688.6616,689.076,-0.4144348
688.6616,689.0786,-0.4169877
688.6616,689.0791,-0.4174502
688.6616,689.0796,-0.417951
688.6616,689.0802,-0.4186218
688.6616,689.0804,-0.4187824
688.6616,689.0808,-0.419186
688.6616,689.0811,-0.4194942
688.6616,689.0813,-0.4196538
688.6616,689.0816,-0.420048
688.6616,689.0817,-0.4201112
688.6616,689.082,-0.4203569
688.6616,689.082,-0.4204183
688.6616,689.082,-0.4204192
688.6616,689.0822,-0.4206024
688.6616,689.0823,-0.4207476
688.6616,689.0824,-0.4208325
688.6616,689.0824,-0.4208412
688.6616,689.0825,-0.4208703
688.6616,689.083,-0.4213837
688.6616,689.083,-0.4213964
688.6616,689.0837,-0.4220779
688.6616,689.0839,-0.4222532
688.6616,689.0841,-0.422468
688.6616,689.0845,-0.4229453
688.6616,689.0849,-0.4233149
688.6616,689.085,-0.4233624
688.6616,689.085,-0.4234437
688.6616,689.0852,-0.4235836
688.6616,689.0852,-0.4236307
688.6616,689.0853,-0.4237284
688.6616,689.0856,-0.4240085
688.6616,689.086,-0.4243681
688.6616,689.086,-0.4244422
688.6616,689.0861,-0.4244711
688.6616,689.0862,-0.4246416
688.6616,689.0863,-0.4246852
688.6616,689.0863,-0.4247221
688.6616,689.0864,-0.4247819
688.6616,689.0864,-0.4248188
688.6616,689.087,-0.4253572
688.6616,689.0872,-0.4256346
688.6616,689.0873,-0.4256578
688.6616,689.0874,-0.4257665
688.6616,689.0874,-0.4257936
688.6616,689.0875,-0.4259418
688.6616,689.0875,-0.4259437
688.6616,689.0876,-0.4260279
688.6616,689.0877,-0.4260846
688.6616,689.0879,-0.4263089
688.6616,689.0879,-0.4263432
688.6616,689.0882,-0.4265858
688.6616,689.0883,-0.4266787
688.6616,689.0883,-0.4266975
688.6616,689.0883,-0.4267298
688.6616,689.0885,-0.4268583
688.6616,689.0886,-0.4269881
688.6616,689.0888,-0.4271818
688.6616,689.0889,-0.4273261
688.6616,689.089,-0.4273759
688.6616,689.089,-0.4274308
688.6616,689.0894,-0.4277553
688.6616,689.0895,-0.4279287
688.6616,689.0897,-0.4280757
688.6616,689.0898,-0.4281997
688.6616,689.0898,-0.4282401
688.6616,689.0899,-0.4282923
688.6616,689.0905,-0.4288723
688.6616,689.0907,-0.4291289
688.6616,689.091,-0.4293822
688.6616,689.091,-0.4294075
688.6616,689.0912,-0.4295813
688.6616,689.0914,-0.4297615
688.6616,689.0917,-0.430122
688.6616,689.0919,-0.4303355
688.6616,689.092,-0.4304246
688.6616,689.0921,-0.4304833
688.6616,689.0923,-0.4306705
688.6616,689.0923,-0.4307157
688.6616,689.0925,-0.4308652
688.6616,689.0926,-0.4310151
688.6616,689.0927,-0.4311148
688.6616,689.0928,-0.4312423
688.6616,689.093,-0.431398
688.6616,689.0931,-0.431538
688.6616,689.0938,-0.4321815
688.6616,689.0939,-0.4323395
688.6616,689.0939,-0.4323484
688.6616,689.0945,-0.4328977
688.6616,689.0946,-0.4330349
688.6616,689.0951,-0.4335439
688.6616,689.0952,-0.433636
688.6616,689.0956,-0.4339557
688.6616,689.0958,-0.434246
688.6616,689.0965,-0.4349101
688.6616,689.0966,-0.4349766
688.6616,689.0967,-0.4350562
688.6616,689.0967,-0.4351331
688.6616,689.097,-0.4354124
688.6616,689.0971,-0.435497
688.6616,689.0981,-0.4365032
688.6616,689.0986,-0.4370494
688.6616,689.0989,-0.4373155
688.6616,689.099,-0.4373643
688.6616,689.0994,-0.437781
688.6616,689.1006,-0.4390483
688.6616,689.1008,-0.4392177
688.6616,689.1009,-0.4393381
688.6616,689.1017,-0.4401038
688.6616,689.1021,-0.4404634
688.6616,689.1021,-0.4404987
688.6616,689.1035,-0.4419463
688.6616,689.1051,-0.4435025
688.6616,689.1053,-0.4436728
688.6616,689.1054,-0.4437583
688.6616,689.1057,-0.4441071
688.6616,689.1058,-0.4441672
688.6616,689.1059,-0.4442605
688.6616,689.1068,-0.4452198
688.6616,689.1072,-0.4456443
688.6616,689.1081,-0.4464897
688.6616,689.1086,-0.446985
688.6616,689.1088,-0.4472043
688.6616,689.1089,-0.4473039
688.6616,689.1089,-0.4473149
688.6616,689.1091,-0.4474501
688.6616,689.1093,-0.4477134
688.6616,689.1093,-0.4477157
688.6616,689.1095,-0.4479485
688.6616,689.1096,-0.4479743
688.6616,689.11,-0.4484205
688.6616,689.1107,-0.449126
688.6616,689.1108,-0.4492149
688.6616,689.1109,-0.4493072
688.6616,689.111,-0.4493761
688.6616,689.1113,-0.4496779
688.6616,689.1122,-0.4505735
688.6616,689.1124,-0.4507509
688.6616,689.113,-0.4514197
688.6616,689.1135,-0.4519044
688.6616,689.1141,-0.4525274
688.6616,689.1143,-0.4526909
688.6616,689.1143,-0.4527045
688.6616,689.1144,-0.4527963
688.6616,689.1144,-0.4528261
688.6616,689.1146,-0.4529922
688.6616,689.1146,-0.4530471
688.6616,689.1147,-0.4530763
688.6616,689.1152,-0.4535786
688.6616,689.1152,-0.4535928
688.6616,689.1153,-0.4536501
688.6616,689.1155,-0.4539189
688.6616,689.1157,-0.4541263
688.6616,689.1157,-0.454135
688.6616,689.1158,-0.454216
688.6616,689.116,-0.4543818
688.6616,689.116,-0.4544491
688.6616,689.1161,-0.4544512
688.6616,689.1166,-0.4549793
688.6616,689.1167,-0.4550767
688.6616,689.1169,-0.4552655
688.6616,689.1169,-0.4553109
688.6616,689.1169,-0.4553254
688.6616,689.1171,-0.4555091
688.6616,689.1171,-0.4555277
688.6616,689.1172,-0.455587
688.6616,689.1172,-0.4556232
688.6616,689.1173,-0.4556563
688.6616,689.1175,-0.4558633
688.6616,689.1175,-0.4559013
688.6616,689.1175,-0.4559155
688.6616,689.1176,-0.4560436
688.6616,689.1178,-0.4562404
688.6616,689.118,-0.4563809
688.6616,689.118,-0.4563967
688.6616,689.1181,-0.4565036
688.6616,689.1181,-0.4565236
688.6616,689.1182,-0.4566358
688.6616,689.1183,-0.4567025
688.6616,689.1183,-0.4567328
688.6616,689.1184,-0.4567519
688.6616,689.1186,-0.4569627
688.6616,689.1187,-0.457107
688.6616,689.1188,-0.4571899
688.6616,689.1188,-0.4572114
688.6616,689.1188,-0.4572194
688.6616,689.1188,-0.4572434
688.6616,689.119,-0.4574321
688.6616,689.1191,-0.4574758
688.6616,689.1191,-0.4575093
688.6616,689.1191,-0.4575223
688.6616,689.1192,-0.4575988
688.6616,689.1192,-0.4575991
688.6616,689.1193,-0.4576729
688.6616,689.1194,-0.4577763
688.6616,689.1194,-0.457821
688.6616,689.1195,-0.4579147
688.6616,689.1197,-0.4580509
688.6616,689.1197,-0.4580512
688.6616,689.1197,-0.4580717
688.6616,689.1197,-0.4580977
688.6616,689.1197,-0.4581064
688.6616,689.1198,-0.4581864
688.6616,689.1198,-0.4581973
688.6616,689.1198,-0.4582472
688.6616,689.1199,-0.458261
688.6616,689.1199,-0.4582983
688.6616,689.1199,-0.4583152
688.6616,689.12,-0.4584192
688.6616,689.12,-0.4584272
688.6616,689.12,-0.4584352
688.6616,689.1201,-0.4584777
688.6616,689.1201,-0.4584878
688.6616,689.1201,-0.4585366
688.6616,689.1202,-0.4585745
688.6616,689.1202,-0.458602
688.6616,689.1202,-0.4586164
688.6616,689.1203,-0.4587078
688.6616,689.1204,-0.4587829
688.6616,689.1204,-0.4588061
688.6616,689.1204,-0.4588252
688.6616,689.1204,-0.4588475
688.6616,689.1205,-0.4588524
688.6616,689.1205,-0.4589199
688.6616,689.1205,-0.4589238
688.6616,689.1206,-0.4589708
688.6616,689.1206,-0.4589888
688.6616,689.1206,-0.4589896
688.6616,689.1206,-0.4589981
688.6616,689.1206,-0.4590114
688.6616,689.1207,-0.4590546
688.6616,689.1207,-0.4590974
688.6616,689.1207,-0.4591185
688.6616,689.1208,-0.459171
688.6616,689.1208,-0.4591778
688.6616,689.1208,-0.4591944
688.6616,689.1208,-0.4592022
688.6616,689.1208,-0.4592117
688.6616,689.1208,-0.4592281
688.6616,689.1208,-0.4592386
688.6616,689.1209,-0.4593379
688.6616,689.1209,-0.459342
688.6616,689.1209,-0.4593486
688.6616,689.121,-0.4593605
688.6616,689.121,-0.4593799
688.6616,689.121,-0.4593854
688.6616,689.121,-0.4594061
688.6616,689.121,-0.4594269
688.6616,689.1211,-0.459458
688.6616,689.1211,-0.4594762
688.6616,689.1211,-0.4594876
688.6616,689.1211,-0.4594902
688.6616,689.1211,-0.4594956
688.6616,689.1212,-0.4595594
688.6616,689.1212,-0.4595787
688.6616,689.1212,-0.4596046
688.6616,689.1213,-0.4596958
688.6616,689.1213,-0.4597091
688.6616,689.1213,-0.4597152
688.6616,689.1213,-0.4597251
688.6616,689.1213,-0.4597273
688.6616,689.1213,-0.4597308
688.6616,689.1214,-0.4597522
688.6616,689.1214,-0.4597695
688.6616,689.1214,-0.4597717
688.6616,689.1215,-0.4598598
688.6616,689.1215,-0.4599078
688.6616,689.1215,-0.4599111
688.6616,689.1215,-0.4599179
688.6616,689.1215,-0.4599231
688.6616,689.1216,-0.4599585
688.6616,689.1217,-0.4600537
688.6616,689.1217,-0.4601056
688.6616,689.1217,-0.4601118
688.6616,689.1217,-0.4601265
688.6616,689.1218,-0.4601607
688.6616,689.1218,-0.4601675
688.6616,689.1219,-0.4603131
688.6616,689.1221,-0.4604756
688.6616,689.1221,-0.4605019
688.6616,689.1223,-0.4606901
688.6616,689.1223,-0.4607444
688.6616,689.1224,-0.4608187
688.6616,689.1225,-0.4608687
688.6616,689.1225,-0.4608819
688.6616,689.1227,-0.461068
688.6616,689.1228,-0.4611896
688.6616,689.1229,-0.4613115
688.6616,689.1229,-0.461343
688.6616,689.1231,-0.4615023
688.6616,689.1233,-0.4616588
688.6616,689.1233,-0.4616589
688.6616,689.1234,-0.4617622
688.6616,689.1234,-0.4617852
688.6616,689.1237,-0.4620758
688.6616,689.1239,-0.4623031
688.6616,689.1241,-0.4625225
688.6616,689.1242,-0.4625588
688.6616,689.1249,-0.4632568
688.6616,689.125,-0.4634405
688.6616,689.1254,-0.4637663
688.6616,689.1256,-0.4639808
688.6616,689.1262,-0.4645769
688.6616,689.1262,-0.4645815
688.6616,689.1266,-0.4649873
688.6616,689.1267,-0.4650766
688.6616,689.1269,-0.4653474
688.6616,689.1271,-0.4655012
688.6616,689.1278,-0.4662013
688.6616,689.1283,-0.4667014
688.6616,689.1288,-0.4672406
688.6616,689.129,-0.4673849
688.6616,689.1292,-0.4675824
688.6616,689.1296,-0.4679933
688.6616,689.1297,-0.4680517
688.6616,689.1298,-0.4682279
688.6616,689.13,-0.4684397
688.6616,689.1311,-0.4695279
688.6616,689.1316,-0.4699963
688.6616,689.1326,-0.4710228
688.6616,689.1327,-0.4711485
688.6616,689.133,-0.4714025
688.6616,689.1332,-0.4716175
688.6616,689.1374,-0.4757863
688.6616,689.141,-0.479426
688.6616,689.1468,-0.4851963
688.6616,689.1478,-0.4861831
688.6616,689.1505,-0.4888867
688.6616,689.1524,-0.4908132
688.6616,689.1525,-0.490927
688.6616,689.1539,-0.4923077
688.6616,689.156,-0.4943601
688.6616,689.1577,-0.4960664
688.6616,689.1579,-0.4962821
688.6616,689.1585,-0.4969392
688.6616,689.1597,-0.4981076
688.6616,689.1599,-0.4982888
688.6616,689.1619,-0.5003002
688.6616,689.1623,-0.5006627
688.6616,689.1634,-0.5018226
688.6616,689.1638,-0.5021631
688.6616,689.1669,-0.5052979
688.6616,689.1669,-0.505328
688.6616,689.1671,-0.5055169
688.6616,689.1693,-0.5076698
688.6616,689.1694,-0.5078161
688.6616,689.1698,-0.5081861
688.6616,689.1742,-0.5126343
688.6616,689.1752,-0.5135867
688.6616,689.2462,-0.5845808
688.6616,689.2507,-0.5891312
688.6616,689.2702,-0.6086037
688.6616,689.2763,-0.6146619
688.6616,689.2974,-0.6358198
688.6616,689.3105,-0.6489132
688.6616,689.3122,-0.6505574
688.6616,689.3128,-0.6511562
688.6616,689.3129,-0.6513017
688.6616,689.3136,-0.6520096
688.6616,689.3137,-0.6520574
688.6616,689.3138,-0.6522385
688.6616,689.314,-0.6523638
688.6616,689.314,-0.6524186
688.6616,689.3141,-0.6524623
688.6616,689.3141,-0.6524841
688.6616,689.3142,-0.6525806
688.6616,689.3144,-0.6527915
688.6616,689.3145,-0.6528948
688.6616,689.3145,-0.6529177
688.6616,689.3145,-0.6529375
688.6616,689.3148,-0.6531569
688.6616,689.3148,-0.6531967
688.6616,689.315,-0.6533737
688.6616,689.3151,-0.6534927
688.6616,689.3152,-0.6535512
688.6616,689.3152,-0.653591
688.6616,689.3152,-0.6536426
688.6616,689.3153,-0.6536579
688.6616,689.3154,-0.6537948
688.6616,689.3155,-0.6539016
688.6616,689.3157,-0.6540651
688.6616,689.3157,-0.6540725
688.6616,689.3157,-0.6541054
688.6616,689.3157,-0.6541231
688.6616,689.3158,-0.6542256
688.6616,689.3159,-0.6543128
688.6616,689.3159,-0.6543303
688.6616,689.3159,-0.6543323
688.6616,689.316,-0.6543947
688.6616,689.316,-0.6543968
688.6616,689.316,-0.6543989
688.6616,689.3162,-0.6545699
688.6616,689.3163,-0.6546618
688.6616,689.3163,-0.6546698
688.6616,689.3163,-0.6547064
688.6616,689.3163,-0.6547271
688.6616,689.3163,-0.6547443
688.6616,689.3164,-0.6547579
688.6616,689.3164,-0.6547635
688.6616,689.3164,-0.6547746
688.6616,689.3164,-0.6547867
688.6616,689.3165,-0.6548939
688.6616,689.3165,-0.6549432
688.6616,689.3166,-0.654998
688.6616,689.3166,-0.6550044
688.6616,689.3166,-0.6550487
688.6616,689.3167,-0.6550586
688.6616,689.3167,-0.6551081
688.6616,689.3168,-0.6551808
688.6616,689.3169,-0.6552545
688.6616,689.3169,-0.6552882
688.6616,689.3169,-0.6552959
688.6616,689.3172,-0.6556249
688.6616,689.3176,-0.6559792
688.6616,689.3177,-0.6560652
688.6616,689.3177,-0.6560675
688.6616,689.3178,-0.6561672
688.6616,689.3178,-0.6561699
688.6616,689.3179,-0.6562596
688.6616,689.3179,-0.6562818
688.6616,689.3179,-0.6563343
688.6616,689.318,-0.6563528
688.6616,689.318,-0.6564243
688.6616,689.318,-0.6564421
688.6616,689.3181,-0.6565272
688.6616,689.3183,-0.6566509
688.6616,689.3183,-0.6566686
688.6616,689.3183,-0.6567407
688.6616,689.3184,-0.656815
688.6616,689.3185,-0.6569353
688.6616,689.3189,-0.6572673
688.6616,689.319,-0.657353
688.6616,689.3191,-0.6574813
688.6616,689.3191,-0.657522
688.6616,689.3197,-0.6580971
688.6616,689.3197,-0.6581235
688.6616,689.3199,-0.6582844
688.6616,689.3201,-0.6584598
688.6616,689.3201,-0.6584826
688.6616,689.3202,-0.6586081
688.6616,689.3202,-0.65865
688.6616,689.3203,-0.6587042
688.6616,689.3204,-0.6587549
688.6616,689.3205,-0.6588507
688.6616,689.3206,-0.659012
688.6616,689.3207,-0.6590511
688.6616,689.3208,-0.6592409
688.6616,689.321,-0.6593834
688.6616,689.321,-0.6594176
688.6616,689.3211,-0.6595254
688.6616,689.3211,-0.6595413
688.6616,689.3213,-0.6597086
688.6616,689.3213,-0.6597163
688.6616,689.3213,-0.6597343
688.6616,689.3214,-0.6598236
688.6616,689.3215,-0.6598704
688.6616,689.3215,-0.6598718
688.6616,689.3216,-0.6599566
688.6616,689.3216,-0.6600039
688.6616,689.3216,-0.6600122
688.6616,689.3216,-0.6600308
688.6616,689.3216,-0.6600335
688.6616,689.3218,-0.6601766
688.6616,689.3218,-0.6601966
688.6616,689.3218,-0.6601993
688.6616,689.3218,-0.6602217
688.6616,689.3218,-0.6602358
688.6616,689.3218,-0.6602398
688.6616,689.3219,-0.6602789
688.6616,689.3219,-0.6603012
688.6616,689.3219,-0.6603028
688.6616,689.3219,-0.6603369
688.6616,689.322,-0.6604106
688.6616,689.322,-0.6604125
688.6616,689.322,-0.660415
688.6616,689.3221,-0.6604731
688.6616,689.3221,-0.6605036
688.6616,689.3222,-0.6605514
688.6616,689.3223,-0.6606677
688.6616,689.3223,-0.660675
688.6616,689.3223,-0.660723
688.6616,689.3224,-0.6608038
688.6616,689.3226,-0.6609751
688.6616,689.3226,-0.6609911
688.6616,689.3226,-0.6610057
688.6616,689.3227,-0.6611097
688.6616,689.3227,-0.6611315
688.6616,689.3228,-0.6611615
688.6616,689.3229,-0.6612638
688.6616,689.3229,-0.6612839
688.6616,689.3229,-0.6612881
688.6616,689.3229,-0.6613068
688.6616,689.3229,-0.6613117
688.6616,689.3229,-0.661321
688.6616,689.3229,-0.6613486
688.6616,689.3229,-0.6613496
688.6616,689.323,-0.6613586
688.6616,689.323,-0.6614396
688.6616,689.3231,-0.6614886
688.6616,689.3231,-0.6615218
688.6616,689.3231,-0.6615499
688.6616,689.3232,-0.6616114
688.6616,689.3232,-0.6616293
688.6616,689.3233,-0.6616579
688.6616,689.3233,-0.6616864
688.6616,689.3234,-0.6617698
688.6616,689.3234,-0.6618303
688.6616,689.3235,-0.6618764
688.6616,689.3236,-0.6619815
688.6616,689.3236,-0.6619839
688.6616,689.3236,-0.6619911
688.6616,689.3236,-0.6620085
688.6616,689.3237,-0.662056
688.6616,689.3237,-0.6620618
688.6616,689.3237,-0.6620701
688.6616,689.3237,-0.6621474
688.6616,689.3238,-0.6621609
688.6616,689.3238,-0.6621934
688.6616,689.3238,-0.6622081
688.6616,689.3238,-0.6622489
688.6616,689.3239,-0.662269
688.6616,689.3239,-0.6622699
688.6616,689.3239,-0.6622956
688.6616,689.3239,-0.6623088
688.6616,689.3239,-0.6623185
688.6616,689.324,-0.6623594
688.6616,689.324,-0.6623673
688.6616,689.324,-0.6624149
688.6616,689.3241,-0.6625065
688.6616,689.3241,-0.662508
688.6616,689.3241,-0.6625134
688.6616,689.3242,-0.6625652
688.6616,689.3242,-0.6625727
688.6616,689.3242,-0.6625887
688.6616,689.3242,-0.6625889
688.6616,689.3242,-0.6626094
688.6616,689.3242,-0.6626204
688.6616,689.3242,-0.6626302
688.6616,689.3243,-0.6626615
688.6616,689.3243,-0.6626792
688.6616,689.3243,-0.6626873
688.6616,689.3243,-0.6627444
688.6616,689.3244,-0.6628125
688.6616,689.3244,-0.6628153
688.6616,689.3244,-0.6628161
688.6616,689.3244,-0.6628178
688.6616,689.3244,-0.6628422
688.6616,689.3244,-0.6628491
688.6616,689.3245,-0.6628675
688.6616,689.3245,-0.662873
688.6616,689.3245,-0.6628748
688.6616,689.3245,-0.6628787
688.6616,689.3245,-0.6629039
688.6616,689.3245,-0.6629056
688.6616,689.3245,-0.6629093
688.6616,689.3245,-0.6629205
688.6616,689.3246,-0.6629845
688.6616,689.3246,-0.6629911
688.6616,689.3246,-0.6630131
688.6616,689.3246,-0.6630205
688.6616,689.3246,-0.6630366
688.6616,689.3247,-0.6630693
688.6616,689.3247,-0.6630846
688.6616,689.3247,-0.6631028
688.6616,689.3247,-0.6631244
688.6616,689.3247,-0.6631278
688.6616,689.3248,-0.6632007
688.6616,689.3248,-0.663201
688.6616,689.3248,-0.6632071
688.6616,689.3248,-0.6632199
688.6616,689.3248,-0.6632295
688.6616,689.3249,-0.6632713
688.6616,689.3249,-0.6632918
688.6616,689.3249,-0.663305
688.6616,689.325,-0.663374
688.6616,689.325,-0.6634013
688.6616,689.325,-0.6634498
688.6616,689.3251,-0.6635419
688.6616,689.3252,-0.6635718
688.6616,689.3252,-0.6635834
688.6616,689.3252,-0.6635862
688.6616,689.3252,-0.6636081
688.6616,689.3253,-0.6637149
688.6616,689.3253,-0.6637347
688.6616,689.3253,-0.6637384
688.6616,689.3253,-0.6637482
688.6616,689.3254,-0.6638324
688.6616,689.3254,-0.6638397
688.6616,689.3254,-0.6638457
688.6616,689.3256,-0.6639553
688.6616,689.3256,-0.6639618
688.6616,689.3256,-0.6639634
688.6616,689.3256,-0.6639762
688.6616,689.3256,-0.6639765
688.6616,689.3256,-0.6640121
688.6616,689.3256,-0.6640207
688.6616,689.3256,-0.6640285
688.6616,689.3256,-0.6640316
688.6616,689.3256,-0.6640468
688.6616,689.3257,-0.6641127
688.6616,689.3257,-0.6641489
688.6616,689.3258,-0.66415
688.6616,689.3258,-0.6641558
688.6616,689.3258,-0.6641973
688.6616,689.3258,-0.664242
688.6616,689.3258,-0.6642478
688.6616,689.3259,-0.6642544
688.6616,689.3259,-0.6642555
688.6616,689.3259,-0.6642625
688.6616,689.3259,-0.6642689
688.6616,689.3259,-0.6642867
688.6616,689.3259,-0.6642925
688.6616,689.3259,-0.6642936
688.6616,689.3259,-0.6643191
688.6616,689.326,-0.6643528
688.6616,689.326,-0.6643898
688.6616,689.326,-0.6644202
688.6616,689.326,-0.6644355
688.6616,689.3261,-0.6644593
688.6616,689.3261,-0.6644621
688.6616,689.3261,-0.6644805
688.6616,689.3261,-0.6645193
688.6616,689.3261,-0.6645438
688.6616,689.3262,-0.664556
688.6616,689.3262,-0.6645622
688.6616,689.3262,-0.664568
688.6616,689.3262,-0.6645878
688.6616,689.3262,-0.6645914
688.6616,689.3262,-0.6646047
688.6616,689.3262,-0.6646323
688.6616,689.3262,-0.6646495
688.6616,689.3263,-0.6646787
688.6616,689.3263,-0.6646857
688.6616,689.3264,-0.66475
688.6616,689.3264,-0.6648131
688.6616,689.3264,-0.664825
688.6616,689.3264,-0.6648368
688.6616,689.3265,-0.6648537
688.6616,689.3265,-0.6648818
688.6616,689.3265,-0.6648877
688.6616,689.3265,-0.6648907
688.6616,689.3265,-0.6649142
688.6616,689.3265,-0.6649156
688.6616,689.3265,-0.6649396
688.6616,689.3265,-0.6649491
688.6616,689.3266,-0.6649865
688.6616,689.3266,-0.6650394
688.6616,689.3267,-0.6650575
688.6616,689.3267,-0.6650706
688.6616,689.3267,-0.6650895
688.6616,689.3267,-0.6650912
688.6616,689.3267,-0.6651299
688.6616,689.3267,-0.6651469
688.6616,689.3268,-0.665163
688.6616,689.3268,-0.6651727
688.6616,689.3268,-0.6651881
688.6616,689.3268,-0.6652081
688.6616,689.3268,-0.6652085
688.6616,689.3269,-0.6652657
688.6616,689.3269,-0.6653069
688.6616,689.3269,-0.6653319
688.6616,689.327,-0.6653786
688.6616,689.327,-0.6653895
688.6616,689.327,-0.6653954
688.6616,689.327,-0.6654094
688.6616,689.327,-0.6654123
688.6616,689.327,-0.6654149
688.6616,689.327,-0.6654225
688.6616,689.327,-0.6654416
688.6616,689.327,-0.6654421
688.6616,689.3271,-0.6655224
688.6616,689.3271,-0.6655328
688.6616,689.3272,-0.6655782
688.6616,689.3272,-0.6656133
688.6616,689.3272,-0.6656292
688.6616,689.3273,-0.6656895
688.6616,689.3273,-0.6657086
688.6616,689.3274,-0.6657659
688.6616,689.3274,-0.6658297
688.6616,689.3274,-0.6658454
688.6616,689.3275,-0.6658522
688.6616,689.3275,-0.6659238
688.6616,689.3275,-0.6659462
688.6616,689.3276,-0.6659641
688.6616,689.3276,-0.665988
688.6616,689.3276,-0.6659891
688.6616,689.3276,-0.665998
688.6616,689.3276,-0.666003
688.6616,689.3276,-0.6660333
688.6616,689.3276,-0.6660373
688.6616,689.3277,-0.6660503
688.6616,689.3277,-0.666053
688.6616,689.3277,-0.6660566
688.6616,689.3277,-0.6660576
688.6616,689.3277,-0.6660686
688.6616,689.3277,-0.6660787
688.6616,689.3277,-0.6660895
688.6616,689.3277,-0.6660975
688.6616,689.3277,-0.6660982
688.6616,689.3277,-0.66612
688.6616,689.3278,-0.6661732
688.6616,689.3278,-0.6661837
688.6616,689.3278,-0.6661892
688.6616,689.3278,-0.6661914
688.6616,689.3278,-0.6662082
688.6616,689.3278,-0.666214
688.6616,689.3278,-0.6662322
688.6616,689.3278,-0.6662364
688.6616,689.3278,-0.6662419
688.6616,689.3278,-0.6662426
688.6616,689.3278,-0.666247
688.6616,689.3279,-0.6662893
688.6616,689.3279,-0.6662894
688.6616,689.3279,-0.6663216
688.6616,689.3279,-0.6663263
688.6616,689.328,-0.6663552
688.6616,689.328,-0.6663742
688.6616,689.328,-0.6663874
688.6616,689.328,-0.6664097
688.6616,689.328,-0.6664195
688.6616,689.328,-0.6664211
688.6616,689.328,-0.666443
688.6616,689.3281,-0.6664629
688.6616,689.3281,-0.6664692
688.6616,689.3281,-0.6664787
688.6616,689.3281,-0.6664835
688.6616,689.3281,-0.666506
688.6616,689.3281,-0.6665228
688.6616,689.3281,-0.6665293
688.6616,689.3281,-0.6665301
688.6616,689.3281,-0.6665452
688.6616,689.3281,-0.6665455
688.6616,689.3282,-0.6665511
688.6616,689.3282,-0.6665533
688.6616,689.3282,-0.6665585
688.6616,689.3282,-0.6665606
688.6616,689.3282,-0.6665661
688.6616,689.3282,-0.6665889
688.6616,689.3282,-0.6665905
688.6616,689.3282,-0.6665976
688.6616,689.3282,-0.6666126
688.6616,689.3282,-0.6666184
688.6616,689.3282,-0.666619
688.6616,689.3283,-0.6666522
688.6616,689.3283,-0.6666575
688.6616,689.3283,-0.6666666
688.6616,689.3283,-0.6666705
688.6616,689.3283,-0.6666756
688.6616,689.3283,-0.6666954
688.6616,689.3284,-0.6668026
688.6616,689.3284,-0.6668162
688.6616,689.3284,-0.6668373
688.6616,689.3284,-0.6668391
688.6616,689.3284,-0.6668391
688.6616,689.3284,-0.666843
688.6616,689.3284,-0.6668489
688.6616,689.3285,-0.6668502
688.6616,689.3285,-0.6668661
688.6616,689.3285,-0.666876
688.6616,689.3285,-0.6668775
688.6616,689.3285,-0.6668816
688.6616,689.3285,-0.6668936
688.6616,689.3285,-0.6669146
688.6616,689.3285,-0.6669299
688.6616,689.3286,-0.666977
688.6616,689.3286,-0.6669801
688.6616,689.3286,-0.6669804
688.6616,689.3286,-0.6669843
688.6616,689.3286,-0.6669948
688.6616,689.3286,-0.6669991
688.6616,689.3286,-0.6670139
688.6616,689.3286,-0.6670239
688.6616,689.3287,-0.6670597
688.6616,689.3287,-0.6670654
688.6616,689.3287,-0.6670675
688.6616,689.3287,-0.6670918
688.6616,689.3287,-0.6670928
688.6616,689.3287,-0.6671457
688.6616,689.3288,-0.6671764
688.6616,689.3288,-0.6671964
688.6616,689.3288,-0.6672152
688.6616,689.3288,-0.6672247
688.6616,689.3288,-0.6672337
688.6616,689.3288,-0.6672396
688.6616,689.3289,-0.667259
688.6616,689.3289,-0.6672654
688.6616,689.3289,-0.6672744
688.6616,689.3289,-0.6672754
688.6616,689.3289,-0.6672786
688.6616,689.3289,-0.6672806
688.6616,689.3289,-0.6672813
688.6616,689.3289,-0.6672964
688.6616,689.3289,-0.6672996
688.6616,689.3289,-0.6673007
688.6616,689.3289,-0.6673129
688.6616,689.3289,-0.6673145
688.6616,689.3289,-0.6673228
688.6616,689.3289,-0.6673405
688.6616,689.3289,-0.6673406
688.6616,689.329,-0.6673565
688.6616,689.329,-0.6673711
688.6616,689.329,-0.6673711
688.6616,689.329,-0.6673906
688.6616,689.329,-0.6673971
688.6616,689.329,-0.6673973
688.6616,689.329,-0.6674103
688.6616,689.329,-0.6674177
688.6616,689.329,-0.6674193
688.6616,689.329,-0.6674488
688.6616,689.3291,-0.6674796
688.6616,689.3291,-0.6674973
688.6616,689.3291,-0.6675373
688.6616,689.3291,-0.6675422
688.6616,689.3292,-0.6675518
688.6616,689.3292,-0.6675725
688.6616,689.3292,-0.6675727
688.6616,689.3292,-0.6675848
688.6616,689.3292,-0.6676015
688.6616,689.3292,-0.6676089
688.6616,689.3292,-0.6676187
688.6616,689.3292,-0.6676209
688.6616,689.3292,-0.6676344
688.6616,689.3292,-0.6676364
688.6616,689.3292,-0.6676376
688.6616,689.3292,-0.6676415
688.6616,689.3293,-0.6676704
688.6616,689.3293,-0.6676796
688.6616,689.3293,-0.6676869
688.6616,689.3293,-0.6676921
688.6616,689.3293,-0.6677232
688.6616,689.3293,-0.6677347
688.6616,689.3293,-0.6677394
688.6616,689.3294,-0.6677506
688.6616,689.3294,-0.6677584
688.6616,689.3294,-0.6677684
688.6616,689.3294,-0.6677715
688.6616,689.3294,-0.6677728
688.6616,689.3294,-0.6677903
688.6616,689.3294,-0.6678051
688.6616,689.3294,-0.6678143
688.6616,689.3294,-0.6678233
688.6616,689.3294,-0.6678359
688.6616,689.3294,-0.6678457
688.6616,689.3295,-0.6678556
688.6616,689.3295,-0.6678611
688.6616,689.3295,-0.6678632
688.6616,689.3295,-0.6678757
688.6616,689.3295,-0.6678855
688.6616,689.3295,-0.6678985
688.6616,689.3295,-0.667906
688.6616,689.3295,-0.6679202
688.6616,689.3295,-0.6679228
688.6616,689.3295,-0.6679442
688.6616,689.3296,-0.6679594
688.6616,689.3296,-0.6679609
688.6616,689.3296,-0.6679756
688.6616,689.3296,-0.6679839
688.6616,689.3296,-0.6680013
688.6616,689.3296,-0.6680214
688.6616,689.3296,-0.6680258
688.6616,689.3296,-0.6680289
688.6616,689.3296,-0.6680363
688.6616,689.3296,-0.6680375
688.6616,689.3296,-0.6680401
688.6616,689.3297,-0.6680568
688.6616,689.3297,-0.6680594
688.6616,689.3297,-0.6680604
688.6616,689.3297,-0.668065
688.6616,689.3297,-0.6680706
688.6616,689.3297,-0.6680893
688.6616,689.3297,-0.6681144
688.6616,689.3297,-0.6681191
688.6616,689.3297,-0.6681362
688.6616,689.3297,-0.6681404
688.6616,689.3297,-0.6681452
688.6616,689.3298,-0.6682045
688.6616,689.3298,-0.6682196
688.6616,689.3298,-0.6682254
688.6616,689.3298,-0.6682263
688.6616,689.3298,-0.6682423
688.6616,689.3299,-0.6682602
688.6616,689.3299,-0.6682687
688.6616,689.3299,-0.6682796
688.6616,689.3299,-0.6682922
688.6616,689.3299,-0.6683166
688.6616,689.3299,-0.6683182
688.6616,689.3299,-0.6683225
688.6616,689.3299,-0.6683279
688.6616,689.3299,-0.6683283
688.6616,689.33,-0.6683737
688.6616,689.33,-0.6684282
688.6616,689.3301,-0.6684554
688.6616,689.3301,-0.6684585
688.6616,689.3301,-0.6684741
688.6616,689.3301,-0.6685074
688.6616,689.3301,-0.6685226
688.6616,689.3301,-0.6685424
688.6616,689.3302,-0.6685698
688.6616,689.3302,-0.6686003
688.6616,689.3302,-0.6686077
688.6616,689.3302,-0.6686088
688.6616,689.3302,-0.6686122
688.6616,689.3302,-0.6686187
688.6616,689.3302,-0.668619
688.6616,689.3302,-0.6686276
688.6616,689.3302,-0.6686468
688.6616,689.3303,-0.6686685
688.6616,689.3303,-0.6686686
688.6616,689.3303,-0.6686714
688.6616,689.3303,-0.6686733
688.6616,689.3303,-0.6686933
688.6616,689.3303,-0.6687258
688.6616,689.3304,-0.668755
688.6616,689.3304,-0.668764
688.6616,689.3304,-0.6687954
688.6616,689.3304,-0.6688058
688.6616,689.3304,-0.6688188
688.6616,689.3304,-0.668832
688.6616,689.3304,-0.6688323
688.6616,689.3304,-0.668833
688.6616,689.3304,-0.6688368
688.6616,689.3304,-0.6688371
688.6616,689.3304,-0.668838
688.6616,689.3305,-0.6688508
688.6616,689.3305,-0.6688684
688.6616,689.3305,-0.6688713
688.6616,689.3305,-0.6688881
688.6616,689.3305,-0.6689217
688.6616,689.3305,-0.6689326
688.6616,689.3306,-0.6689714
688.6616,689.3306,-0.6689785
688.6616,689.3306,-0.6690025
688.6616,689.3306,-0.6690046
688.6616,689.3306,-0.6690142
688.6616,689.3306,-0.669016
688.6616,689.3306,-0.6690329
688.6616,689.3306,-0.6690357
688.6616,689.3306,-0.6690384
688.6616,689.3307,-0.6691017
688.6616,689.3307,-0.669108
688.6616,689.3307,-0.6691131
688.6616,689.3307,-0.6691209
688.6616,689.3307,-0.669133
688.6616,689.3308,-0.6691888
688.6616,689.3308,-0.6692038
688.6616,689.3308,-0.669206
688.6616,689.3308,-0.6692079
688.6616,689.3308,-0.6692155
688.6616,689.3308,-0.6692323
688.6616,689.3309,-0.6692533
688.6616,689.3309,-0.6692552
688.6616,689.3309,-0.6692568
688.6616,689.3309,-0.6692936
688.6616,689.3309,-0.6693031
688.6616,689.3309,-0.6693149
688.6616,689.3309,-0.6693188
688.6616,689.3309,-0.6693211
688.6616,689.331,-0.6693534
688.6616,689.331,-0.6693797
688.6616,689.331,-0.6694106
688.6616,689.331,-0.669422
688.6616,689.331,-0.6694266
688.6616,689.331,-0.6694361
688.6616,689.3311,-0.6694586
688.6616,689.3311,-0.669466
688.6616,689.3311,-0.6694716
688.6616,689.3311,-0.6694809
688.6616,689.3311,-0.6695062
688.6616,689.3311,-0.6695074
688.6616,689.3311,-0.6695098
688.6616,689.3311,-0.6695211
688.6616,689.3311,-0.6695263
688.6616,689.3311,-0.669539
688.6616,689.3311,-0.6695438
688.6616,689.3311,-0.669549
688.6616,689.3312,-0.6695603
688.6616,689.3312,-0.6695633
688.6616,689.3312,-0.6695969
688.6616,689.3312,-0.6696093
688.6616,689.3312,-0.6696094
688.6616,689.3312,-0.6696267
688.6616,689.3312,-0.6696331
688.6616,689.3312,-0.6696353
688.6616,689.3313,-0.6696625
688.6616,689.3313,-0.669667
688.6616,689.3313,-0.6696968
688.6616,689.3313,-0.6697205
688.6616,689.3313,-0.6697441
688.6616,689.3314,-0.6697538
688.6616,689.3314,-0.6697652
688.6616,689.3314,-0.6697731
688.6616,689.3314,-0.6697789
688.6616,689.3314,-0.6698032
688.6616,689.3314,-0.6698251
688.6616,689.3314,-0.6698414
688.6616,689.3314,-0.6698449
688.6616,689.3315,-0.6698592
688.6616,689.3315,-0.6698676
688.6616,689.3315,-0.6698728
688.6616,689.3315,-0.6698805
688.6616,689.3315,-0.6698835
688.6616,689.3315,-0.6698857
688.6616,689.3315,-0.6698885
688.6616,689.3315,-0.6698929
688.6616,689.3315,-0.6698936
688.6616,689.3315,-0.6699026
688.6616,689.3315,-0.6699127
688.6616,689.3315,-0.6699248
688.6616,689.3316,-0.6699514
688.6616,689.3316,-0.6699623
688.6616,689.3316,-0.6699627
688.6616,689.3316,-0.6699684
688.6616,689.3316,-0.6699927
688.6616,689.3316,-0.6700131
688.6616,689.3316,-0.670017
688.6616,689.3316,-0.6700261
688.6616,689.3316,-0.6700345
688.6616,689.3316,-0.6700433
688.6616,689.3316,-0.670046
688.6616,689.3317,-0.6700534
688.6616,689.3317,-0.6700709
688.6616,689.3317,-0.6700752
688.6616,689.3317,-0.6700761
688.6616,689.3317,-0.6700903
688.6616,689.3317,-0.6701066
688.6616,689.3317,-0.6701215
688.6616,689.3317,-0.6701233
688.6616,689.3317,-0.670125
688.6616,689.3317,-0.6701394
688.6616,689.3317,-0.6701445
688.6616,689.3318,-0.6701689
688.6616,689.3318,-0.6701738
688.6616,689.3318,-0.6701739
688.6616,689.3318,-0.6701775
688.6616,689.3318,-0.670196
688.6616,689.3318,-0.6702033
688.6616,689.3318,-0.6702133
688.6616,689.3318,-0.6702193
688.6616,689.3318,-0.6702225
688.6616,689.3318,-0.6702316
688.6616,689.3318,-0.6702339
688.6616,689.3318,-0.6702389
688.6616,689.3319,-0.6702562
688.6616,689.3319,-0.6702653
688.6616,689.3319,-0.6702817
688.6616,689.3319,-0.6702873
688.6616,689.3319,-0.6702895
688.6616,689.3319,-0.6702923
688.6616,689.3319,-0.6703014
688.6616,689.3319,-0.6703148
688.6616,689.3319,-0.6703153
688.6616,689.3319,-0.670343
688.6616,689.332,-0.6703524
688.6616,689.332,-0.6703559
688.6616,689.332,-0.6703728
688.6616,689.332,-0.6703985
688.6616,689.332,-0.6704059
688.6616,689.332,-0.6704083
688.6616,689.332,-0.6704114
688.6616,689.332,-0.6704271
688.6616,689.3321,-0.6704591
688.6616,689.3321,-0.6704591
688.6616,689.3321,-0.6704738
688.6616,689.3321,-0.6704784
688.6616,689.3321,-0.6705019
688.6616,689.3321,-0.6705106
688.6616,689.3321,-0.6705128
688.6616,689.3321,-0.6705213
688.6616,689.3321,-0.670526
688.6616,689.3321,-0.6705368
688.6616,689.3321,-0.6705486
688.6616,689.3322,-0.6705558
688.6616,689.3322,-0.6705578
688.6616,689.3322,-0.6705682
688.6616,689.3322,-0.6706
688.6616,689.3322,-0.6706177
688.6616,689.3322,-0.6706177
688.6616,689.3322,-0.6706248
688.6616,689.3323,-0.6706673
688.6616,689.3323,-0.6706746
688.6616,689.3323,-0.6706881
688.6616,689.3323,-0.6706985
688.6616,689.3323,-0.6706997
688.6616,689.3323,-0.6707076
688.6616,689.3323,-0.6707131
688.6616,689.3323,-0.6707341
688.6616,689.3323,-0.670735
688.6616,689.3323,-0.6707384
688.6616,689.3323,-0.6707421
688.6616,689.3324,-0.6707558
688.6616,689.3324,-0.6707586
688.6616,689.3324,-0.6707842
688.6616,689.3324,-0.6707869
688.6616,689.3324,-0.6707964
688.6616,689.3324,-0.6708096
688.6616,689.3324,-0.6708342
688.6616,689.3324,-0.6708383
688.6616,689.3324,-0.6708473
688.6616,689.3325,-0.6708507
688.6616,689.3325,-0.670853
688.6616,689.3325,-0.6708589
688.6616,689.3325,-0.6708596
688.6616,689.3325,-0.6708697
688.6616,689.3325,-0.6708879
688.6616,689.3325,-0.6708891
688.6616,689.3325,-0.6708955
688.6616,689.3325,-0.6709039
688.6616,689.3325,-0.6709072
688.6616,689.3325,-0.6709126
688.6616,689.3325,-0.6709136
688.6616,689.3325,-0.6709187
688.6616,689.3325,-0.6709209
688.6616,689.3325,-0.6709246
688.6616,689.3325,-0.6709396
688.6616,689.3326,-0.6709536
688.6616,689.3326,-0.6709724
688.6616,689.3326,-0.6709737
688.6616,689.3326,-0.6709808
688.6616,689.3326,-0.6709968
688.6616,689.3326,-0.671004
688.6616,689.3326,-0.6710349
688.6616,689.3326,-0.6710461
688.6616,689.3326,-0.6710467
688.6616,689.3326,-0.6710484
688.6616,689.3327,-0.6710567
688.6616,689.3327,-0.6710691
688.6616,689.3327,-0.6710712
688.6616,689.3327,-0.6710756
688.6616,689.3327,-0.6710792
688.6616,689.3327,-0.6710903
688.6616,689.3327,-0.6711271
688.6616,689.3327,-0.6711294
688.6616,689.3327,-0.6711415
688.6616,689.3328,-0.67116
688.6616,689.3328,-0.6711672
688.6616,689.3328,-0.6711703
688.6616,689.3328,-0.6711731
688.6616,689.3328,-0.6711859
688.6616,689.3328,-0.671202
688.6616,689.3328,-0.6712164
688.6616,689.3328,-0.6712289
688.6616,689.3328,-0.6712419
688.6616,689.3329,-0.6712574
688.6616,689.3329,-0.6712595
688.6616,689.3329,-0.6712651
688.6616,689.3329,-0.6712771
688.6616,689.3329,-0.6712865
688.6616,689.3329,-0.6712967
688.6616,689.3329,-0.6713205
688.6616,689.3329,-0.6713218
688.6616,689.3329,-0.6713346
688.6616,689.3329,-0.6713487
688.6616,689.333,-0.6713523
688.6616,689.333,-0.6713567
688.6616,689.333,-0.6713616
688.6616,689.333,-0.6713681
688.6616,689.333,-0.6713693
688.6616,689.333,-0.6713791
688.6616,689.333,-0.6713793
688.6616,689.333,-0.6714335
688.6616,689.333,-0.6714339
688.6616,689.333,-0.6714496
688.6616,689.3331,-0.6714572
688.6616,689.3331,-0.6714609
688.6616,689.3331,-0.6714704
688.6616,689.3331,-0.6714733
688.6616,689.3331,-0.6714861
688.6616,689.3331,-0.6714896
688.6616,689.3331,-0.6714921
688.6616,689.3331,-0.6714945
688.6616,689.3331,-0.6714987
688.6616,689.3331,-0.6715066
688.6616,689.3331,-0.6715228
688.6616,689.3331,-0.6715422
688.6616,689.3331,-0.6715498
688.6616,689.3332,-0.6715693
688.6616,689.3332,-0.6715731
688.6616,689.3332,-0.6715866
688.6616,689.3332,-0.6715875
688.6616,689.3332,-0.6716
688.6616,689.3332,-0.6716035
688.6616,689.3332,-0.6716087
688.6616,689.3332,-0.6716397
688.6616,689.3332,-0.6716405
688.6616,689.3332,-0.671643
688.6616,689.3333,-0.6716543
688.6616,689.3333,-0.671655
688.6616,689.3333,-0.6716844
688.6616,689.3333,-0.6716871
688.6616,689.3333,-0.6716938
688.6616,689.3333,-0.671701
688.6616,689.3333,-0.6717028
688.6616,689.3333,-0.6717048
688.6616,689.3333,-0.6717062
688.6616,689.3333,-0.6717108
688.6616,689.3333,-0.6717186
688.6616,689.3333,-0.6717321
688.6616,689.3334,-0.6717629
688.6616,689.3334,-0.6717678
688.6616,689.3334,-0.6717778
688.6616,689.3334,-0.6717804
688.6616,689.3334,-0.6717864
688.6616,689.3334,-0.6717939
688.6616,689.3334,-0.6717973
688.6616,689.3334,-0.6718055
688.6616,689.3334,-0.6718086
688.6616,689.3334,-0.671816
688.6616,689.3334,-0.6718298
688.6616,689.3334,-0.6718397
688.6616,689.3334,-0.6718447
688.6616,689.3334,-0.6718482
688.6616,689.3335,-0.6718508
688.6616,689.3335,-0.6718518
688.6616,689.3335,-0.6718541
688.6616,689.3335,-0.6718815
688.6616,689.3335,-0.6718903
688.6616,689.3335,-0.6718966
688.6616,689.3335,-0.6719018
688.6616,689.3335,-0.6719072
688.6616,689.3335,-0.6719266
688.6616,689.3335,-0.6719303
688.6616,689.3335,-0.6719365
688.6616,689.3335,-0.6719377
688.6616,689.3335,-0.6719411
688.6616,689.3336,-0.6719554
688.6616,689.3336,-0.6719713
688.6616,689.3336,-0.671978
688.6616,689.3336,-0.6719806
688.6616,689.3336,-0.6719826
688.6616,689.3336,-0.6719831
688.6616,689.3336,-0.6719875
688.6616,689.3336,-0.6719916
688.6616,689.3336,-0.671998
688.6616,689.3336,-0.6719981
688.6616,689.3336,-0.6719996
688.6616,689.3336,-0.672002
688.6616,689.3336,-0.6720024
688.6616,689.3336,-0.6720061
688.6616,689.3336,-0.6720249
688.6616,689.3336,-0.6720254
688.6616,689.3336,-0.6720258
688.6616,689.3336,-0.6720267
688.6616,689.3336,-0.6720271
688.6616,689.3336,-0.672028
688.6616,689.3336,-0.6720431
688.6616,689.3337,-0.6720633
688.6616,689.3337,-0.672064
688.6616,689.3337,-0.6720939
688.6616,689.3337,-0.6720962
688.6616,689.3337,-0.672122
688.6616,689.3337,-0.6721351
688.6616,689.3337,-0.672138
688.6616,689.3337,-0.6721416
688.6616,689.3337,-0.6721459
688.6616,689.3337,-0.6721484
688.6616,689.3337,-0.6721486
688.6616,689.3338,-0.6721514
688.6616,689.3338,-0.6721544
688.6616,689.3338,-0.6721575
688.6616,689.3338,-0.6721656
688.6616,689.3338,-0.6721747
688.6616,689.3338,-0.6721764
688.6616,689.3338,-0.6721882
688.6616,689.3338,-0.6721891
688.6616,689.3338,-0.6721892
688.6616,689.3338,-0.6721934
688.6616,689.3338,-0.6721968
688.6616,689.3338,-0.6721988
688.6616,689.3338,-0.6722006
688.6616,689.3338,-0.6722043
688.6616,689.3338,-0.6722115
688.6616,689.3338,-0.672218
688.6616,689.3338,-0.6722192
688.6616,689.3338,-0.6722201
688.6616,689.3338,-0.6722307
688.6616,689.3338,-0.6722446
688.6616,689.3338,-0.6722495
688.6616,689.3339,-0.672283
688.6616,689.3339,-0.6722845
688.6616,689.3339,-0.6722868
688.6616,689.3339,-0.6722938
688.6616,689.3339,-0.6723059
688.6616,689.3339,-0.6723062
688.6616,689.3339,-0.6723091
688.6616,689.3339,-0.6723107
688.6616,689.3339,-0.6723184
688.6616,689.3339,-0.6723218
688.6616,689.3339,-0.6723226
688.6616,689.3339,-0.6723469
688.6616,689.3339,-0.6723495
688.6616,689.334,-0.672352
688.6616,689.334,-0.6723572
688.6616,689.334,-0.6723652
688.6616,689.334,-0.6723697
688.6616,689.334,-0.6723827
688.6616,689.334,-0.672385
688.6616,689.334,-0.67239
688.6616,689.334,-0.6723977
688.6616,689.334,-0.672402
688.6616,689.334,-0.6724104
688.6616,689.334,-0.6724108
688.6616,689.334,-0.6724222
688.6616,689.334,-0.6724246
688.6616,689.334,-0.672433
688.6616,689.334,-0.6724346
688.6616,689.334,-0.672448
688.6616,689.334,-0.6724485
688.6616,689.334,-0.6724498
688.6616,689.3341,-0.6724513
688.6616,689.3341,-0.6724579
688.6616,689.3341,-0.6724701
688.6616,689.3341,-0.6724793
688.6616,689.3341,-0.672488
688.6616,689.3341,-0.6724913
688.6616,689.3341,-0.6724986
688.6616,689.3341,-0.6725027
688.6616,689.3341,-0.6725044
688.6616,689.3341,-0.6725231
688.6616,689.3341,-0.6725256
688.6616,689.3341,-0.6725257
688.6616,689.3341,-0.6725303
688.6616,689.3341,-0.6725329
688.6616,689.3341,-0.672549
688.6616,689.3342,-0.6725533
688.6616,689.3342,-0.6725576
688.6616,689.3342,-0.6725582
688.6616,689.3342,-0.6725624
688.6616,689.3342,-0.6725675
688.6616,689.3342,-0.6725705
688.6616,689.3342,-0.6725799
688.6616,689.3342,-0.6725806
688.6616,689.3342,-0.6725815
688.6616,689.3342,-0.6725834
688.6616,689.3342,-0.6725836
688.6616,689.3342,-0.672585
688.6616,689.3342,-0.6725905
688.6616,689.3342,-0.6725982
688.6616,689.3342,-0.6726095
688.6616,689.3342,-0.6726097
688.6616,689.3342,-0.67261
688.6616,689.3342,-0.6726103
688.6616,689.3342,-0.6726163
688.6616,689.3342,-0.6726206
688.6616,689.3342,-0.6726224
688.6616,689.3342,-0.6726266
688.6616,689.3342,-0.6726279
688.6616,689.3342,-0.6726288
688.6616,689.3342,-0.6726378
688.6616,689.3342,-0.672638
688.6616,689.3342,-0.6726454
688.6616,689.3343,-0.6726501
688.6616,689.3343,-0.6726578
688.6616,689.3343,-0.6726591
688.6616,689.3343,-0.6726643
688.6616,689.3343,-0.6726649
688.6616,689.3343,-0.6726677
688.6616,689.3343,-0.6726758
688.6616,689.3343,-0.6726851
688.6616,689.3343,-0.6726854
688.6616,689.3343,-0.672688
688.6616,689.3343,-0.6726922
688.6616,689.3343,-0.6726934
688.6616,689.3343,-0.6726946
688.6616,689.3343,-0.672705
688.6616,689.3343,-0.6727182
688.6616,689.3343,-0.6727189
688.6616,689.3343,-0.6727262
688.6616,689.3343,-0.6727317
688.6616,689.3343,-0.6727335
688.6616,689.3343,-0.6727382
688.6616,689.3344,-0.6727558
688.6616,689.3344,-0.6727599
688.6616,689.3344,-0.6727622
688.6616,689.3344,-0.6727734
688.6616,689.3344,-0.6727776
688.6616,689.3344,-0.6727789
688.6616,689.3344,-0.6727792
688.6616,689.3344,-0.6727809
688.6616,689.3344,-0.6727835
688.6616,689.3344,-0.6727847
688.6616,689.3344,-0.6727894
688.6616,689.3344,-0.6727924
688.6616,689.3344,-0.6728012
688.6616,689.3344,-0.6728089
688.6616,689.3344,-0.6728296
688.6616,689.3344,-0.6728315
688.6616,689.3344,-0.6728405
688.6616,689.3344,-0.6728407
688.6616,689.3344,-0.6728426
688.6616,689.3344,-0.6728443
688.6616,689.3344,-0.6728477
688.6616,689.3345,-0.6728556
688.6616,689.3345,-0.6728572
688.6616,689.3345,-0.672867
688.6616,689.3345,-0.6728684
688.6616,689.3345,-0.6728814
688.6616,689.3345,-0.6728871
688.6616,689.3345,-0.6728944
688.6616,689.3345,-0.6728998
688.6616,689.3345,-0.672908
688.6616,689.3345,-0.6729101
688.6616,689.3345,-0.6729103
688.6616,689.3345,-0.6729269
688.6616,689.3345,-0.6729298
688.6616,689.3345,-0.672934
688.6616,689.3345,-0.6729361
688.6616,689.3345,-0.6729413
688.6616,689.3345,-0.6729415
688.6616,689.3345,-0.6729482
688.6616,689.3345,-0.6729494
688.6616,689.3346,-0.6729526
688.6616,689.3346,-0.6729578
688.6616,689.3346,-0.6729579
688.6616,689.3346,-0.6729595
688.6616,689.3346,-0.6729597
688.6616,689.3346,-0.6729599
688.6616,689.3346,-0.6729665
688.6616,689.3346,-0.672969
688.6616,689.3346,-0.6729709
688.6616,689.3346,-0.6729745
688.6616,689.3346,-0.6729766
688.6616,689.3346,-0.6729847
688.6616,689.3346,-0.6729848
688.6616,689.3346,-0.6729872
688.6616,689.3346,-0.6729878
688.6616,689.3346,-0.6729912
688.6616,689.3346,-0.672992
688.6616,689.3346,-0.6729963
688.6616,689.3346,-0.6729974
688.6616,689.3346,-0.6730065
688.6616,689.3346,-0.6730111
688.6616,689.3346,-0.6730142
688.6616,689.3346,-0.6730192
688.6616,689.3346,-0.6730224
688.6616,689.3346,-0.6730303
688.6616,689.3346,-0.6730312
688.6616,689.3346,-0.6730353
688.6616,689.3346,-0.6730387
688.6616,689.3346,-0.6730402
688.6616,689.3346,-0.673043
688.6616,689.3346,-0.6730444
688.6616,689.3346,-0.6730472
688.6616,689.3347,-0.6730507
688.6616,689.3347,-0.6730534
688.6616,689.3347,-0.6730577
688.6616,689.3347,-0.6730581
688.6616,689.3347,-0.6730607
688.6616,689.3347,-0.6730614
688.6616,689.3347,-0.6730652
688.6616,689.3347,-0.6730671
688.6616,689.3347,-0.6730766
688.6616,689.3347,-0.6730769
688.6616,689.3347,-0.6730773
688.6616,689.3347,-0.6730825
688.6616,689.3347,-0.6730926
688.6616,689.3347,-0.6730938
688.6616,689.3347,-0.6731012
688.6616,689.3347,-0.6731031
688.6616,689.3347,-0.6731071
688.6616,689.3347,-0.6731113
688.6616,689.3347,-0.6731153
688.6616,689.3347,-0.6731166
688.6616,689.3347,-0.6731175
688.6616,689.3347,-0.6731208
688.6616,689.3347,-0.6731251
688.6616,689.3347,-0.6731274
688.6616,689.3347,-0.6731365
688.6616,689.3347,-0.6731372
688.6616,689.3347,-0.6731376
688.6616,689.3347,-0.6731419
688.6616,689.3347,-0.6731429
688.6616,689.3347,-0.6731459
688.6616,689.3348,-0.6731524
688.6616,689.3348,-0.6731554
688.6616,689.3348,-0.673168
688.6616,689.3348,-0.6731694
688.6616,689.3348,-0.6731702
688.6616,689.3348,-0.6731711
688.6616,689.3348,-0.6731751
688.6616,689.3348,-0.6731825
688.6616,689.3348,-0.6731905
688.6616,689.3348,-0.6731916
688.6616,689.3348,-0.673196
688.6616,689.3348,-0.6732049
688.6616,689.3348,-0.6732052
688.6616,689.3348,-0.6732091
688.6616,689.3348,-0.6732151
688.6616,689.3348,-0.6732152
688.6616,689.3348,-0.6732204
688.6616,689.3348,-0.6732221
688.6616,689.3348,-0.6732253
688.6616,689.3348,-0.6732397
688.6616,689.3348,-0.6732399
688.6616,689.3348,-0.6732452
688.6616,689.3349,-0.6732524
688.6616,689.3349,-0.6732525
688.6616,689.3349,-0.673254
688.6616,689.3349,-0.6732581
688.6616,689.3349,-0.6732623
688.6616,689.3349,-0.6732674
688.6616,689.3349,-0.6732689
688.6616,689.3349,-0.6732768
688.6616,689.3349,-0.673277
688.6616,689.3349,-0.673279
688.6616,689.3349,-0.6732808
688.6616,689.3349,-0.673282
688.6616,689.3349,-0.6733112
688.6616,689.3349,-0.6733179
688.6616,689.3349,-0.6733243
688.6616,689.3349,-0.6733306
688.6616,689.3349,-0.6733366
688.6616,689.3349,-0.673339
688.6616,689.3349,-0.6733465
688.6616,689.3349,-0.6733473
688.6616,689.3349,-0.6733473
688.6616,689.3349,-0.6733475
688.6616,689.335,-0.6733537
688.6616,689.335,-0.6733539
688.6616,689.335,-0.6733557
688.6616,689.335,-0.6733565
688.6616,689.335,-0.6733605
688.6616,689.335,-0.6733624
688.6616,689.335,-0.6733637
688.6616,689.335,-0.6733657
688.6616,689.335,-0.6733674
688.6616,689.335,-0.6733786
688.6616,689.335,-0.6733804
688.6616,689.335,-0.673382
688.6616,689.335,-0.6733874
688.6616,689.335,-0.6733878
688.6616,689.335,-0.6733919
688.6616,689.335,-0.6733934
688.6616,689.335,-0.6733984
688.6616,689.335,-0.6734016
688.6616,689.335,-0.6734136
688.6616,689.335,-0.6734156
688.6616,689.335,-0.6734262
688.6616,689.335,-0.6734354
688.6616,689.335,-0.6734355
688.6616,689.335,-0.6734404
688.6616,689.335,-0.673443
688.6616,689.335,-0.6734436
688.6616,689.335,-0.6734485
688.6616,689.3351,-0.6734587
688.6616,689.3351,-0.6734634
688.6616,689.3351,-0.6734698
688.6616,689.3351,-0.6734744
688.6616,689.3351,-0.6734756
688.6616,689.3351,-0.6734785
688.6616,689.3351,-0.6734793
688.6616,689.3351,-0.6734852
688.6616,689.3351,-0.673488
688.6616,689.3351,-0.6734889
688.6616,689.3351,-0.6734902
688.6616,689.3351,-0.6734937
688.6616,689.3351,-0.6734955
688.6616,689.3351,-0.6734957
688.6616,689.3351,-0.6734968
688.6616,689.3351,-0.6734992
688.6616,689.3351,-0.6735031
688.6616,689.3351,-0.6735044
688.6616,689.3351,-0.6735135
688.6616,689.3351,-0.6735153
688.6616,689.3351,-0.6735176
688.6616,689.3351,-0.6735259
688.6616,689.3351,-0.673528
688.6616,689.3351,-0.6735379
688.6616,689.3351,-0.6735388
688.6616,689.3351,-0.6735395
688.6616,689.3351,-0.6735499
688.6616,689.3352,-0.6735622
688.6616,689.3352,-0.6735719
688.6616,689.3352,-0.6735755
688.6616,689.3352,-0.673577
688.6616,689.3352,-0.6735783
688.6616,689.3352,-0.673579
688.6616,689.3352,-0.6735796
688.6616,689.3352,-0.6735799
688.6616,689.3352,-0.6735834
688.6616,689.3352,-0.6735906
688.6616,689.3352,-0.673596
688.6616,689.3352,-0.6735969
688.6616,689.3352,-0.673597
688.6616,689.3352,-0.6736003
688.6616,689.3352,-0.6736041
688.6616,689.3352,-0.6736134
688.6616,689.3352,-0.6736157
688.6616,689.3352,-0.6736186
688.6616,689.3352,-0.6736214
688.6616,689.3352,-0.6736234
688.6616,689.3352,-0.6736248
688.6616,689.3352,-0.6736255
688.6616,689.3352,-0.6736283
688.6616,689.3352,-0.6736321
688.6616,689.3352,-0.6736364
688.6616,689.3352,-0.6736391
688.6616,689.3352,-0.6736453
688.6616,689.3353,-0.6736512
688.6616,689.3353,-0.6736578
688.6616,689.3353,-0.6736738
688.6616,689.3353,-0.6736746
688.6616,689.3353,-0.6736749
688.6616,689.3353,-0.6736753
688.6616,689.3353,-0.6736945
688.6616,689.3353,-0.6736971
688.6616,689.3353,-0.6737024
688.6616,689.3353,-0.6737065
688.6616,689.3353,-0.6737109
688.6616,689.3353,-0.6737119
688.6616,689.3353,-0.6737137
688.6616,689.3353,-0.6737138
688.6616,689.3353,-0.6737148
688.6616,689.3353,-0.673716
688.6616,689.3353,-0.6737248
688.6616,689.3353,-0.6737286
688.6616,689.3353,-0.6737344
688.6616,689.3353,-0.6737463
688.6616,689.3353,-0.6737465
688.6616,689.3354,-0.6737515
688.6616,689.3354,-0.6737524
688.6616,689.3354,-0.6737568
688.6616,689.3354,-0.6737577
688.6616,689.3354,-0.673764
688.6616,689.3354,-0.6737653
688.6616,689.3354,-0.6737653
688.6616,689.3354,-0.673769
688.6616,689.3354,-0.6737707
688.6616,689.3354,-0.6737722
688.6616,689.3354,-0.6737723
688.6616,689.3354,-0.6737734
688.6616,689.3354,-0.6737768
688.6616,689.3354,-0.6737945
688.6616,689.3354,-0.6737952
688.6616,689.3354,-0.6738007
688.6616,689.3354,-0.6738018
688.6616,689.3354,-0.673805
688.6616,689.3354,-0.6738125
688.6616,689.3354,-0.6738221
688.6616,689.3354,-0.6738242
688.6616,689.3354,-0.6738319
688.6616,689.3354,-0.6738362
688.6616,689.3354,-0.6738365
688.6616,689.3354,-0.6738481
688.6616,689.3355,-0.6738509
688.6616,689.3355,-0.673853
688.6616,689.3355,-0.6738537
688.6616,689.3355,-0.6738553
688.6616,689.3355,-0.6738732
688.6616,689.3355,-0.6738742
688.6616,689.3355,-0.6738807
688.6616,689.3355,-0.6738833
688.6616,689.3355,-0.673885
688.6616,689.3355,-0.6738907
688.6616,689.3355,-0.6738936
688.6616,689.3355,-0.6738996
688.6616,689.3355,-0.6738997
688.6616,689.3355,-0.6738997
688.6616,689.3355,-0.6739036
688.6616,689.3355,-0.6739118
688.6616,689.3355,-0.6739241
688.6616,689.3355,-0.6739296
688.6616,689.3355,-0.6739333
688.6616,689.3355,-0.6739353
688.6616,689.3355,-0.6739435
688.6616,689.3355,-0.6739458
688.6616,689.3355,-0.673946
688.6616,689.3355,-0.673947
688.6616,689.3356,-0.6739502
688.6616,689.3356,-0.6739514
688.6616,689.3356,-0.6739527
688.6616,689.3356,-0.6739615
688.6616,689.3356,-0.673969
688.6616,689.3356,-0.6739732
688.6616,689.3356,-0.6739836
688.6616,689.3356,-0.6739909
688.6616,689.3356,-0.673992
688.6616,689.3356,-0.6739928
688.6616,689.3356,-0.6739939
688.6616,689.3356,-0.6739967
688.6616,689.3356,-0.6740116
688.6616,689.3356,-0.6740154
688.6616,689.3356,-0.6740159
688.6616,689.3356,-0.674026
688.6616,689.3356,-0.674031
688.6616,689.3356,-0.6740336
688.6616,689.3356,-0.6740438
688.6616,689.3356,-0.6740477
688.6616,689.3357,-0.674052
688.6616,689.3357,-0.674062
688.6616,689.3357,-0.6740795
688.6616,689.3357,-0.6741045
688.6616,689.3357,-0.6741093
688.6616,689.3357,-0.6741133
688.6616,689.3357,-0.6741155
688.6616,689.3357,-0.6741166
688.6616,689.3357,-0.6741212
688.6616,689.3357,-0.6741343
688.6616,689.3357,-0.6741347
688.6616,689.3357,-0.6741433
688.6616,689.3357,-0.6741434
688.6616,689.3357,-0.674145
688.6616,689.3358,-0.6741573
688.6616,689.3358,-0.6741764
688.6616,689.3358,-0.6741819
688.6616,689.3358,-0.6741905
688.6616,689.3358,-0.6742001
688.6616,689.3358,-0.6742042
688.6616,689.3358,-0.6742082
688.6616,689.3358,-0.6742195
688.6616,689.3358,-0.674222
688.6616,689.3358,-0.6742288
688.6616,689.3358,-0.6742409
688.6616,689.3359,-0.6742521
688.6616,689.3359,-0.6742559
688.6616,689.3359,-0.6742607
688.6616,689.3359,-0.6742681
688.6616,689.3359,-0.674276
688.6616,689.3359,-0.6742797
688.6616,689.3359,-0.6742887
688.6616,689.3359,-0.6742938
688.6616,689.3359,-0.674313
688.6616,689.3359,-0.674343
688.6616,689.3359,-0.6743478
688.6616,689.336,-0.674358
688.6616,689.336,-0.67436
688.6616,689.336,-0.6743695
688.6616,689.336,-0.6743752
688.6616,689.336,-0.6743803
688.6616,689.336,-0.6743807
688.6616,689.336,-0.6743845
688.6616,689.336,-0.6743873
688.6616,689.336,-0.674394
688.6616,689.336,-0.6743995
688.6616,689.336,-0.674404
688.6616,689.336,-0.6744135
688.6616,689.336,-0.6744247
688.6616,689.336,-0.6744298
688.6616,689.336,-0.6744307
688.6616,689.336,-0.6744374
688.6616,689.3361,-0.6744691
688.6616,689.3361,-0.6744725
688.6616,689.3361,-0.6744836
688.6616,689.3361,-0.6744859
688.6616,689.3361,-0.6744918
688.6616,689.3361,-0.6744943
688.6616,689.3361,-0.6744982
688.6616,689.3361,-0.6745093
688.6616,689.3361,-0.6745127
688.6616,689.3361,-0.6745232
688.6616,689.3361,-0.6745243
688.6616,689.3361,-0.6745498
688.6616,689.3362,-0.6745536
688.6616,689.3362,-0.6745883
688.6616,689.3362,-0.6745887
688.6616,689.3362,-0.674593
688.6616,689.3362,-0.6746033
688.6616,689.3362,-0.6746041
688.6616,689.3362,-0.6746061
688.6616,689.3362,-0.6746152
688.6616,689.3362,-0.6746463
688.6616,689.3362,-0.6746464
688.6616,689.3363,-0.674651
688.6616,689.3363,-0.6746523
688.6616,689.3363,-0.6746557
688.6616,689.3363,-0.6746643
688.6616,689.3363,-0.6746742
688.6616,689.3363,-0.6746756
688.6616,689.3363,-0.674678
688.6616,689.3363,-0.6746859
688.6616,689.3363,-0.6746866
688.6616,689.3363,-0.6747351
688.6616,689.3363,-0.6747358
688.6616,689.3364,-0.6747559
688.6616,689.3364,-0.6747566
688.6616,689.3364,-0.6747575
688.6616,689.3364,-0.6747576
688.6616,689.3364,-0.6747771
688.6616,689.3364,-0.674798
688.6616,689.3364,-0.674801
688.6616,689.3364,-0.6748068
688.6616,689.3364,-0.6748135
688.6616,689.3364,-0.6748137
688.6616,689.3364,-0.6748259
688.6616,689.3364,-0.6748301
688.6616,689.3364,-0.6748395
688.6616,689.3364,-0.6748414
688.6616,689.3365,-0.6748784
688.6616,689.3365,-0.674882
688.6616,689.3365,-0.6748939
688.6616,689.3365,-0.6749017
688.6616,689.3365,-0.6749082
688.6616,689.3365,-0.6749387
688.6616,689.3365,-0.6749442
688.6616,689.3365,-0.6749496
688.6616,689.3366,-0.6749887
688.6616,689.3366,-0.6749973
688.6616,689.3366,-0.6749978
688.6616,689.3366,-0.6750086
688.6616,689.3366,-0.6750246
688.6616,689.3366,-0.6750297
688.6616,689.3366,-0.6750432
688.6616,689.3367,-0.6750522
688.6616,689.3367,-0.6750563
688.6616,689.3367,-0.6750604
688.6616,689.3367,-0.675062
688.6616,689.3367,-0.6750942
688.6616,689.3367,-0.67513
688.6616,689.3367,-0.6751325
688.6616,689.3367,-0.6751463
688.6616,689.3367,-0.6751488
688.6616,689.3368,-0.6751903
688.6616,689.3368,-0.6751914
688.6616,689.3368,-0.6751946
688.6616,689.3368,-0.6751948
688.6616,689.3368,-0.675211
688.6616,689.3369,-0.6752545
688.6616,689.3369,-0.6752647
688.6616,689.3369,-0.675266
688.6616,689.3369,-0.6752695
688.6616,689.3369,-0.6752971
688.6616,689.3369,-0.6753077
688.6616,689.3369,-0.6753296
688.6616,689.337,-0.6753517
688.6616,689.337,-0.67538
688.6616,689.337,-0.6753863
688.6616,689.337,-0.675397
688.6616,689.337,-0.6754037
688.6616,689.337,-0.6754245
688.6616,689.337,-0.6754337
688.6616,689.337,-0.6754381
688.6616,689.3371,-0.6754616
688.6616,689.3371,-0.6754617
688.6616,689.3371,-0.6754861
688.6616,689.3371,-0.6755053
688.6616,689.3371,-0.6755077
688.6616,689.3371,-0.6755192
688.6616,689.3371,-0.6755227
688.6616,689.3371,-0.6755259
688.6616,689.3371,-0.6755301
688.6616,689.3372,-0.6755742
688.6616,689.3372,-0.6755764
688.6616,689.3372,-0.6755832
688.6616,689.3372,-0.675591
688.6616,689.3372,-0.675614
688.6616,689.3372,-0.6756222
688.6616,689.3372,-0.6756248
688.6616,689.3372,-0.6756347
688.6616,689.3372,-0.6756499
688.6616,689.3373,-0.6756624
688.6616,689.3373,-0.6756679
688.6616,689.3373,-0.6756901
688.6616,689.3373,-0.6757055
688.6616,689.3373,-0.6757057
688.6616,689.3373,-0.6757404
688.6616,689.3374,-0.6757541
688.6616,689.3374,-0.6757606
688.6616,689.3374,-0.6757813
688.6616,689.3374,-0.6758067
688.6616,689.3374,-0.6758317
688.6616,689.3374,-0.6758323
688.6616,689.3375,-0.675874
688.6616,689.3375,-0.6758753
688.6616,689.3375,-0.6759075
688.6616,689.3375,-0.6759113
688.6616,689.3375,-0.6759149
688.6616,689.3375,-0.675916
688.6616,689.3375,-0.6759243
688.6616,689.3375,-0.6759299
688.6616,689.3375,-0.6759446
688.6616,689.3376,-0.6759707
688.6616,689.3376,-0.6759786
688.6616,689.3376,-0.675987
688.6616,689.3376,-0.6759929
688.6616,689.3376,-0.6759943
688.6616,689.3376,-0.6760334
688.6616,689.3376,-0.6760487
688.6616,689.3377,-0.6760738
688.6616,689.3377,-0.6760923
688.6616,689.3377,-0.6761005
688.6616,689.3377,-0.6761272
688.6616,689.3377,-0.6761276
688.6616,689.3378,-0.6761694
688.6616,689.3378,-0.6762073
688.6616,689.3378,-0.6762289
688.6616,689.3379,-0.6762597
688.6616,689.3379,-0.6762847
688.6616,689.3379,-0.6762958
688.6616,689.3379,-0.676319
688.6616,689.3379,-0.6763308
688.6616,689.3379,-0.6763372
688.6616,689.3379,-0.6763448
688.6616,689.338,-0.6763742
688.6616,689.338,-0.6763913
688.6616,689.338,-0.6764219
688.6616,689.338,-0.6764355
688.6616,689.3381,-0.6764684
688.6616,689.3381,-0.6764764
688.6616,689.3381,-0.6764845
688.6616,689.3381,-0.6765186
688.6616,689.3381,-0.6765285
688.6616,689.3381,-0.6765313
688.6616,689.3381,-0.6765391
688.6616,689.3382,-0.6765539
688.6616,689.3382,-0.6765641
688.6616,689.3382,-0.6765644
688.6616,689.3382,-0.6765694
688.6616,689.3382,-0.6765789
688.6616,689.3382,-0.6766112
688.6616,689.3382,-0.6766144
688.6616,689.3382,-0.6766191
688.6616,689.3383,-0.6766571
688.6616,689.3383,-0.6766803
688.6616,689.3383,-0.6766893
688.6616,689.3383,-0.6766926
688.6616,689.3383,-0.6767088
688.6616,689.3384,-0.6767619
688.6616,689.3384,-0.6767901
688.6616,689.3384,-0.6768042
688.6616,689.3384,-0.6768088
688.6616,689.3384,-0.6768188
688.6616,689.3384,-0.6768193
688.6616,689.3385,-0.6768906
688.6616,689.3385,-0.6769256
688.6616,689.3385,-0.6769349
688.6616,689.3386,-0.6770095
688.6616,689.3386,-0.6770182
688.6616,689.3386,-0.6770203
688.6616,689.3386,-0.677021
688.6616,689.3386,-0.67703
688.6616,689.3387,-0.6770534
688.6616,689.3387,-0.6770574
688.6616,689.3387,-0.677086
688.6616,689.3387,-0.6771037
688.6616,689.3387,-0.6771379
688.6616,689.3388,-0.6771614
688.6616,689.3388,-0.6771763
688.6616,689.3388,-0.6771974
688.6616,689.3388,-0.6772039
688.6616,689.3388,-0.6772105
688.6616,689.3389,-0.6772507
688.6616,689.3389,-0.6772647
688.6616,689.3389,-0.6772695
688.6616,689.3389,-0.6773066
688.6616,689.3389,-0.6773392
688.6616,689.3389,-0.6773461
688.6616,689.339,-0.6773636
688.6616,689.339,-0.6774161
688.6616,689.339,-0.6774327
688.6616,689.3391,-0.6774621
688.6616,689.3391,-0.6775046
688.6616,689.3391,-0.6775049
688.6616,689.3391,-0.6775103
688.6616,689.3391,-0.6775287
688.6616,689.3391,-0.6775324
688.6616,689.3392,-0.6775525
688.6616,689.3392,-0.6775702
688.6616,689.3392,-0.6776002
688.6616,689.3392,-0.6776034
688.6616,689.3392,-0.6776068
688.6616,689.3392,-0.6776415
688.6616,689.3393,-0.6777111
688.6616,689.3393,-0.6777148
688.6616,689.3393,-0.6777281
688.6616,689.3393,-0.6777374
688.6616,689.3393,-0.6777466
688.6616,689.3394,-0.6777575
688.6616,689.3394,-0.6777588
688.6616,689.3394,-0.6777617
688.6616,689.3394,-0.677773
688.6616,689.3394,-0.6777755
688.6616,689.3394,-0.6777883
688.6616,689.3394,-0.6778139
688.6616,689.3394,-0.6778498
688.6616,689.3395,-0.6778526
688.6616,689.3395,-0.6778797
688.6616,689.3395,-0.6778887
688.6616,689.3395,-0.6779089
688.6616,689.3395,-0.6779113
688.6616,689.3395,-0.6779139
688.6616,689.3395,-0.6779253
688.6616,689.3396,-0.677952
688.6616,689.3396,-0.6779796
688.6616,689.3396,-0.6779817
688.6616,689.3396,-0.6780322
688.6616,689.3397,-0.6781261
688.6616,689.3397,-0.6781394
688.6616,689.3398,-0.6781633
688.6616,689.3398,-0.6781777
688.6616,689.3398,-0.6781978
688.6616,689.3398,-0.6782038
688.6616,689.3398,-0.6782109
688.6616,689.3399,-0.6782767
688.6616,689.3399,-0.6782822
688.6616,689.3399,-0.6782847
688.6616,689.3399,-0.6783354
688.6616,689.3399,-0.678337
688.6616,689.3399,-0.6783411
688.6616,689.34,-0.6783628
688.6616,689.34,-0.6783651
688.6616,689.34,-0.6783695
688.6616,689.34,-0.6783741
688.6616,689.34,-0.678378
688.6616,689.34,-0.6783805
688.6616,689.34,-0.6783907
688.6616,689.34,-0.6784375
688.6616,689.3401,-0.6784866
688.6616,689.3401,-0.6784925
688.6616,689.3401,-0.6785233
688.6616,689.3401,-0.6785252
688.6616,689.3401,-0.6785328
688.6616,689.3402,-0.678563
688.6616,689.3402,-0.6785653
688.6616,689.3402,-0.6785674
688.6616,689.3402,-0.6785681
688.6616,689.3402,-0.678607
688.6616,689.3403,-0.6786586
688.6616,689.3403,-0.6786713
688.6616,689.3403,-0.6786724
688.6616,689.3403,-0.6786928
688.6616,689.3403,-0.6787006
688.6616,689.3403,-0.6787127
688.6616,689.3403,-0.678739
688.6616,689.3404,-0.6787606
688.6616,689.3404,-0.6787736
688.6616,689.3404,-0.6787833
688.6616,689.3404,-0.67879
688.6616,689.3404,-0.6787982
688.6616,689.3404,-0.6788162
688.6616,689.3404,-0.6788204
688.6616,689.3405,-0.6788767
688.6616,689.3405,-0.6789313
688.6616,689.3405,-0.6789314
688.6616,689.3406,-0.6789688
688.6616,689.3406,-0.6789709
688.6616,689.3406,-0.6789776
688.6616,689.3406,-0.6790044
688.6616,689.3406,-0.6790082
688.6616,689.3406,-0.679028
688.6616,689.3406,-0.6790431
688.6616,689.3407,-0.6791132
688.6616,689.3407,-0.6791146
688.6616,689.3407,-0.6791324
688.6616,689.3407,-0.6791488
688.6616,689.3408,-0.6791548
688.6616,689.3408,-0.6791704
688.6616,689.3408,-0.6791908
688.6616,689.3408,-0.679192
688.6616,689.3408,-0.679215
688.6616,689.3408,-0.6792348
688.6616,689.3408,-0.6792352
688.6616,689.3408,-0.6792461
688.6616,689.3409,-0.6792634
688.6616,689.3409,-0.6792763
688.6616,689.3409,-0.6792801
688.6616,689.3409,-0.6792945
688.6616,689.3409,-0.6792961
688.6616,689.3409,-0.6792981
688.6616,689.3409,-0.6793065
688.6616,689.3409,-0.6793215
688.6616,689.3409,-0.6793433
688.6616,689.341,-0.6793576
688.6616,689.341,-0.6793687
688.6616,689.341,-0.6794026
688.6616,689.341,-0.6794327
688.6616,689.341,-0.6794355
688.6616,689.3411,-0.6794636
688.6616,689.3411,-0.6794688
688.6616,689.3411,-0.679481
688.6616,689.3411,-0.6794816
688.6616,689.3411,-0.6794883
688.6616,689.3411,-0.6795455
688.6616,689.3412,-0.6795675
688.6616,689.3412,-0.6795958
688.6616,689.3412,-0.6796003
688.6616,689.3413,-0.6796704
688.6616,689.3413,-0.679677
688.6616,689.3413,-0.6797008
688.6616,689.3413,-0.6797155
688.6616,689.3413,-0.6797216
688.6616,689.3413,-0.6797255
688.6616,689.3413,-0.6797334
688.6616,689.3413,-0.6797443
688.6616,689.3414,-0.6797835
688.6616,689.3414,-0.6798472
688.6616,689.3415,-0.6798522
688.6616,689.3415,-0.6798527
688.6616,689.3415,-0.6798573
688.6616,689.3415,-0.6798634
688.6616,689.3415,-0.6798664
688.6616,689.3415,-0.679868
688.6616,689.3415,-0.6798874
688.6616,689.3415,-0.6798992
688.6616,689.3415,-0.6799029
688.6616,689.3415,-0.679907
688.6616,689.3415,-0.6799106
688.6616,689.3415,-0.6799184
688.6616,689.3415,-0.6799288
688.6616,689.3416,-0.6799642
688.6616,689.3416,-0.6799649
688.6616,689.3416,-0.679996
688.6616,689.3416,-0.6800027
688.6616,689.3416,-0.6800186
688.6616,689.3416,-0.6800284
688.6616,689.3416,-0.6800363
688.6616,689.3416,-0.6800391
688.6616,689.3417,-0.6800598
688.6616,689.3417,-0.6800763
688.6616,689.3417,-0.6800803
688.6616,689.3417,-0.6800813
688.6616,689.3417,-0.680083
688.6616,689.3417,-0.6800835
688.6616,689.3417,-0.6800933
688.6616,689.3417,-0.6801048
688.6616,689.3417,-0.6801079
688.6616,689.3417,-0.6801415
688.6616,689.3417,-0.6801442
688.6616,689.3418,-0.6801616
688.6616,689.3418,-0.6801981
688.6616,689.3418,-0.6802009
688.6616,689.3418,-0.6802066
688.6616,689.3418,-0.6802082
688.6616,689.3418,-0.680217
688.6616,689.3419,-0.6802618
688.6616,689.3419,-0.6802668
688.6616,689.3419,-0.6802735
688.6616,689.3419,-0.6802982
688.6616,689.3419,-0.6803429
688.6616,689.342,-0.6803638
688.6616,689.342,-0.6803905
688.6616,689.342,-0.6804275
688.6616,689.342,-0.6804337
688.6616,689.342,-0.6804377
688.6616,689.3421,-0.6804516
688.6616,689.3421,-0.6804751
688.6616,689.3421,-0.6804788
688.6616,689.3421,-0.6804817
688.6616,689.3421,-0.6805039
688.6616,689.3421,-0.680512
688.6616,689.3421,-0.680526
688.6616,689.3421,-0.6805275
688.6616,689.3422,-0.6805569
688.6616,689.3422,-0.6805604
688.6616,689.3422,-0.6805994
688.6616,689.3422,-0.6806033
688.6616,689.3422,-0.6806119
688.6616,689.3423,-0.680656
688.6616,689.3423,-0.6806568
688.6616,689.3423,-0.6806725
688.6616,689.3423,-0.6806879
688.6616,689.3423,-0.6807368
688.6616,689.3423,-0.680742
688.6616,689.3423,-0.6807457
688.6616,689.3423,-0.6807469
688.6616,689.3424,-0.6807669
688.6616,689.3424,-0.6807951
688.6616,689.3424,-0.680796
688.6616,689.3424,-0.680803
688.6616,689.3424,-0.6808089
688.6616,689.3424,-0.6808362
688.6616,689.3425,-0.6808705
688.6616,689.3425,-0.680873
688.6616,689.3425,-0.6808857
688.6616,689.3425,-0.6808975
688.6616,689.3425,-0.6809104
688.6616,689.3426,-0.6809691
688.6616,689.3426,-0.6809795
688.6616,689.3426,-0.6809971
688.6616,689.3426,-0.6810075
688.6616,689.3426,-0.681017
688.6616,689.3426,-0.6810445
688.6616,689.3427,-0.6810647
688.6616,689.3427,-0.6811179
688.6616,689.3427,-0.681146
688.6616,689.3428,-0.6811786
688.6616,689.3428,-0.6812085
688.6616,689.3428,-0.6812253
688.6616,689.3428,-0.6812321
688.6616,689.3428,-0.6812398
688.6616,689.3429,-0.6812559
688.6616,689.3429,-0.6812794
688.6616,689.3429,-0.6812918
688.6616,689.3429,-0.6813072
688.6616,689.3429,-0.6813086
688.6616,689.3429,-0.6813147
688.6616,689.3429,-0.6813161
688.6616,689.343,-0.6813765
688.6616,689.343,-0.681391
688.6616,689.343,-0.6814258
688.6616,689.3431,-0.681452
688.6616,689.3431,-0.6815017
688.6616,689.3431,-0.6815036
688.6616,689.3431,-0.6815338
688.6616,689.3432,-0.681554
688.6616,689.3432,-0.6815949
688.6616,689.3432,-0.6816039
688.6616,689.3433,-0.6816615
688.6616,689.3433,-0.6816668
688.6616,689.3433,-0.6816695
688.6616,689.3433,-0.6816701
688.6616,689.3433,-0.681679
688.6616,689.3433,-0.6817209
688.6616,689.3433,-0.6817327
688.6616,689.3433,-0.6817405
688.6616,689.3433,-0.681742
688.6616,689.3434,-0.6817836
688.6616,689.3434,-0.681846
688.6616,689.3435,-0.6818629
688.6616,689.3435,-0.6818874
688.6616,689.3435,-0.6818903
688.6616,689.3435,-0.6818974
688.6616,689.3435,-0.681903
688.6616,689.3435,-0.6819145
688.6616,689.3436,-0.6819619
688.6616,689.3436,-0.6819625
688.6616,689.3436,-0.6819649
688.6616,689.3436,-0.6819697
688.6616,689.3436,-0.6819842
688.6616,689.3436,-0.6819875
688.6616,689.3436,-0.6819901
688.6616,689.3436,-0.6820305
688.6616,689.3436,-0.682034
688.6616,689.3437,-0.682071
688.6616,689.3438,-0.6821709
688.6616,689.3438,-0.6821987
688.6616,689.3438,-0.682206
688.6616,689.3438,-0.6822073
688.6616,689.3438,-0.6822199
688.6616,689.3438,-0.6822364
688.6616,689.3438,-0.6822365
688.6616,689.3439,-0.682281
688.6616,689.3439,-0.6822814
688.6616,689.3439,-0.6823043
688.6616,689.3439,-0.6823128
688.6616,689.3439,-0.6823332
688.6616,689.344,-0.6823528
688.6616,689.344,-0.6823603
688.6616,689.344,-0.682369
688.6616,689.344,-0.6823765
688.6616,689.344,-0.6823807
688.6616,689.344,-0.6824151
688.6616,689.344,-0.682449
688.6616,689.3441,-0.6824512
688.6616,689.3441,-0.6824551
688.6616,689.3441,-0.6824632
688.6616,689.3441,-0.6824654
688.6616,689.3441,-0.6824863
688.6616,689.3441,-0.6824913
688.6616,689.3441,-0.682521
688.6616,689.3441,-0.6825275
688.6616,689.3442,-0.682553
688.6616,689.3442,-0.6826139
688.6616,689.3442,-0.6826159
688.6616,689.3442,-0.6826234
688.6616,689.3442,-0.6826236
688.6616,689.3442,-0.6826277
688.6616,689.3442,-0.6826426
688.6616,689.3442,-0.6826498
688.6616,689.3443,-0.6826986
688.6616,689.3443,-0.6827091
688.6616,689.3443,-0.6827121
688.6616,689.3444,-0.682754
688.6616,689.3444,-0.6828312
688.6616,689.3444,-0.6828476
688.6616,689.3445,-0.682851
688.6616,689.3445,-0.682897
688.6616,689.3446,-0.6829811
688.6616,689.3446,-0.6830069
688.6616,689.3446,-0.6830373
688.6616,689.3446,-0.6830397
688.6616,689.3447,-0.6830562
688.6616,689.3447,-0.6830586
688.6616,689.3447,-0.6830973
688.6616,689.3447,-0.6831402
688.6616,689.3447,-0.6831488
688.6616,689.3448,-0.6831762
688.6616,689.3448,-0.6831806
688.6616,689.3448,-0.6832439
688.6616,689.3449,-0.6832517
688.6616,689.3449,-0.6832562
688.6616,689.3449,-0.6832909
688.6616,689.3449,-0.683291
688.6616,689.3449,-0.6833118
688.6616,689.3449,-0.6833255
688.6616,689.3449,-0.6833377
688.6616,689.3449,-0.6833467
688.6616,689.3449,-0.683348
688.6616,689.345,-0.6833652
688.6616,689.345,-0.6833962
688.6616,689.345,-0.6833996
688.6616,689.345,-0.6834213
688.6616,689.345,-0.6834258
688.6616,689.345,-0.6834494
688.6616,689.3451,-0.6834568
688.6616,689.3451,-0.6834626
688.6616,689.3451,-0.6834814
688.6616,689.3451,-0.6834955
688.6616,689.3451,-0.6835129
688.6616,689.3451,-0.6835308
688.6616,689.3451,-0.6835345
688.6616,689.3452,-0.6835545
688.6616,689.3452,-0.683565
688.6616,689.3452,-0.6835673
688.6616,689.3452,-0.683571
688.6616,689.3452,-0.6835823
688.6616,689.3452,-0.6835869
688.6616,689.3452,-0.683602
688.6616,689.3452,-0.6836083
688.6616,689.3452,-0.6836167
688.6616,689.3452,-0.6836229
688.6616,689.3452,-0.6836259
688.6616,689.3453,-0.6836537
688.6616,689.3453,-0.6836659
688.6616,689.3453,-0.6836927
688.6616,689.3453,-0.6836969
688.6616,689.3453,-0.6837042
688.6616,689.3453,-0.6837138
688.6616,689.3453,-0.6837453
688.6616,689.3454,-0.6837955
688.6616,689.3454,-0.6838031
688.6616,689.3454,-0.6838201
688.6616,689.3454,-0.6838332
688.6616,689.3455,-0.6838646
688.6616,689.3455,-0.6838673
688.6616,689.3455,-0.6838808
688.6616,689.3455,-0.6838826
688.6616,689.3455,-0.6838967
688.6616,689.3455,-0.6839427
688.6616,689.3456,-0.6839729
688.6616,689.3456,-0.6839794
688.6616,689.3456,-0.6839839
688.6616,689.3456,-0.6839861
688.6616,689.3456,-0.6840111
688.6616,689.3456,-0.6840193
688.6616,689.3456,-0.6840322
688.6616,689.3456,-0.6840471
688.6616,689.3457,-0.6840974
688.6616,689.3457,-0.6841253
688.6616,689.3457,-0.6841289
688.6616,689.3457,-0.6841469
688.6616,689.3458,-0.6841558
688.6616,689.3458,-0.6841567
688.6616,689.3458,-0.6841811
688.6616,689.3458,-0.6841922
688.6616,689.3459,-0.684255
688.6616,689.3459,-0.6842663
688.6616,689.3459,-0.6842846
688.6616,689.3459,-0.6842868
688.6616,689.3459,-0.6842895
688.6616,689.3459,-0.6842937
688.6616,689.3459,-0.68432
688.6616,689.3459,-0.6843413
688.6616,689.3459,-0.6843441
688.6616,689.346,-0.6843842
688.6616,689.346,-0.6843982
688.6616,689.346,-0.6844363
688.6616,689.3461,-0.6844561
688.6616,689.3461,-0.6844636
688.6616,689.3461,-0.684478
688.6616,689.3461,-0.6845112
688.6616,689.3461,-0.6845403
688.6616,689.3462,-0.6845545
688.6616,689.3462,-0.6845568
688.6616,689.3462,-0.6845623
688.6616,689.3462,-0.6845758
688.6616,689.3462,-0.6845957
688.6616,689.3462,-0.6846066
688.6616,689.3462,-0.6846137
688.6616,689.3462,-0.6846424
688.6616,689.3463,-0.6846664
688.6616,689.3464,-0.6847628
688.6616,689.3464,-0.6847771
688.6616,689.3464,-0.6848123
688.6616,689.3464,-0.6848377
688.6616,689.3465,-0.6848581
688.6616,689.3465,-0.6848874
688.6616,689.3466,-0.6849584
688.6616,689.3466,-0.6849826
688.6616,689.3466,-0.6849913
688.6616,689.3466,-0.6850054
688.6616,689.3466,-0.6850161
688.6616,689.3466,-0.6850359
688.6616,689.3466,-0.6850386
688.6616,689.3467,-0.6850744
688.6616,689.3467,-0.6850985
688.6616,689.3467,-0.6851181
688.6616,689.3467,-0.6851311
688.6616,689.3467,-0.6851341
688.6616,689.3467,-0.6851401
688.6616,689.3468,-0.6852126
688.6616,689.3468,-0.685229
688.6616,689.3468,-0.6852496
688.6616,689.3469,-0.6852723
688.6616,689.347,-0.6853682
688.6616,689.347,-0.6853975
688.6616,689.347,-0.6854309
688.6616,689.3471,-0.6854582
688.6616,689.3471,-0.6855258
688.6616,689.3471,-0.6855283
688.6616,689.3472,-0.6855947
688.6616,689.3472,-0.6856102
688.6616,689.3472,-0.6856252
688.6616,689.3472,-0.6856297
688.6616,689.3473,-0.6857024
688.6616,689.3474,-0.6857539
688.6616,689.3474,-0.6857621
688.6616,689.3474,-0.6857895
688.6616,689.3474,-0.6857969
688.6616,689.3474,-0.6858457
688.6616,689.3474,-0.6858468
688.6616,689.3475,-0.6858568
688.6616,689.3475,-0.6858768
688.6616,689.3475,-0.6858799
688.6616,689.3475,-0.6859115
688.6616,689.3475,-0.6859314
688.6616,689.3475,-0.6859498
688.6616,689.3476,-0.6859777
688.6616,689.3477,-0.6860569
688.6616,689.3477,-0.6861069
688.6616,689.3477,-0.6861245
688.6616,689.3478,-0.6861583
688.6616,689.3479,-0.6862598
688.6616,689.3479,-0.6862624
688.6616,689.3479,-0.6862755
688.6616,689.3479,-0.6863265
688.6616,689.3479,-0.6863362
688.6616,689.348,-0.6863648
688.6616,689.348,-0.686387
688.6616,689.348,-0.6864144
688.6616,689.348,-0.6864367
688.6616,689.3481,-0.6864788
688.6616,689.3482,-0.6865567
688.6616,689.3482,-0.6865698
688.6616,689.3482,-0.6865709
688.6616,689.3482,-0.6865939
688.6616,689.3482,-0.6866077
688.6616,689.3484,-0.6867517
688.6616,689.3484,-0.68677
688.6616,689.3484,-0.6867797
688.6616,689.3484,-0.6868016
688.6616,689.3484,-0.6868255
688.6616,689.3484,-0.6868452
688.6616,689.3485,-0.6868722
688.6616,689.3485,-0.686905
688.6616,689.3485,-0.6869161
688.6616,689.3486,-0.6869522
688.6616,689.3486,-0.6869692
688.6616,689.3486,-0.6869728
688.6616,689.3486,-0.6869778
688.6616,689.3486,-0.6870076
688.6616,689.3486,-0.6870162
688.6616,689.3486,-0.6870419
688.6616,689.3487,-0.6870548
688.6616,689.3488,-0.6872199
688.6616,689.3489,-0.6873223
688.6616,689.3489,-0.6873236
688.6616,689.349,-0.6874069
688.6616,689.349,-0.6874313
688.6616,689.349,-0.6874447
688.6616,689.3492,-0.6876084
688.6616,689.3492,-0.6876184
688.6616,689.3493,-0.6877018
688.6616,689.3494,-0.6878043
688.6616,689.3494,-0.687843
688.6616,689.3495,-0.6878584
688.6616,689.3495,-0.6878855
688.6616,689.3495,-0.6879388
688.6616,689.3496,-0.687989
688.6616,689.3497,-0.6880789
688.6616,689.3497,-0.6880963
688.6616,689.3498,-0.6881742
688.6616,689.3498,-0.688213
688.6616,689.3498,-0.6882199
688.6616,689.3499,-0.6882549
688.6616,689.3499,-0.6882698
688.6616,689.3499,-0.6882698
688.6616,689.3499,-0.6882901
688.6616,689.3499,-0.6883307
688.6616,689.35,-0.6883638
688.6616,689.35,-0.6884223
688.6616,689.35,-0.6884292
688.6616,689.35,-0.6884474
688.6616,689.3502,-0.6885656
688.6616,689.3502,-0.6886044
688.6616,689.3502,-0.6886107
688.6616,689.3503,-0.6886718
688.6616,689.3503,-0.6886769
688.6616,689.3503,-0.688686
688.6616,689.3503,-0.6887447
688.6616,689.3504,-0.6888199
688.6616,689.3504,-0.6888433
688.6616,689.3505,-0.6888716
688.6616,689.3505,-0.6889289
688.6616,689.3506,-0.6889531
688.6616,689.3506,-0.6890246
688.6616,689.3506,-0.6890452
688.6616,689.3507,-0.6890682
688.6616,689.3507,-0.6890866
688.6616,689.3507,-0.6891224
688.6616,689.3507,-0.6891441
688.6616,689.3508,-0.6891518
688.6616,689.3508,-0.689224
688.6616,689.351,-0.6893952
688.6616,689.351,-0.6894331
688.6616,689.351,-0.6894459
688.6616,689.3511,-0.6894845
688.6616,689.3512,-0.6895508
688.6616,689.3512,-0.6895777
688.6616,689.3512,-0.6896078
688.6616,689.3512,-0.6896269
688.6616,689.3513,-0.6896622
688.6616,689.3514,-0.6898361
688.6616,689.3515,-0.6898538
688.6616,689.3515,-0.6898828
688.6616,689.3516,-0.6899779
688.6616,689.3516,-0.6899911
688.6616,689.3516,-0.6900215
688.6616,689.3517,-0.690103
688.6616,689.3517,-0.6901348
688.6616,689.3519,-0.690271
688.6616,689.3519,-0.6903425
688.6616,689.3521,-0.6905132
688.6616,689.3521,-0.6905493
688.6616,689.3523,-0.6907339
688.6616,689.3523,-0.6907494
688.6616,689.3524,-0.6908036
688.6616,689.3525,-0.690903
688.6616,689.3525,-0.6909372
688.6616,689.3526,-0.6909701
688.6616,689.3527,-0.6911194
688.6616,689.3528,-0.6911901
688.6616,689.3528,-0.6912154
688.6616,689.3529,-0.6912987
688.6616,689.3529,-0.6913312
688.6616,689.3531,-0.6914992
688.6616,689.3531,-0.6915005
688.6616,689.3531,-0.6915188
688.6616,689.3532,-0.6915543
688.6616,689.3532,-0.6916445
688.6616,689.3534,-0.6917723
688.6616,689.3534,-0.6917819
688.6616,689.3534,-0.691784
688.6616,689.3534,-0.6918415
688.6616,689.3536,-0.6919732
688.6616,689.3536,-0.6920103
688.6616,689.3536,-0.692023
688.6616,689.3536,-0.692032
688.6616,689.3536,-0.6920355
688.6616,689.3537,-0.6920813
688.6616,689.3538,-0.6921524
688.6616,689.3538,-0.6921717
688.6616,689.3538,-0.692185
688.6616,689.3538,-0.6921853
688.6616,689.3538,-0.6921964
688.6616,689.3539,-0.6922875
688.6616,689.3539,-0.6923031
688.6616,689.3539,-0.6923071
688.6616,689.3539,-0.6923283
688.6616,689.354,-0.6923695
688.6616,689.354,-0.6923969
688.6616,689.354,-0.6924418
688.6616,689.3541,-0.6924846
688.6616,689.3541,-0.6925186
688.6616,689.3541,-0.6925499
688.6616,689.3542,-0.6926035
688.6616,689.3542,-0.692607
688.6616,689.3542,-0.6926421
688.6616,689.3543,-0.6926749
688.6616,689.3543,-0.6926798
688.6616,689.3544,-0.6927511
688.6616,689.3544,-0.6927643
688.6616,689.3544,-0.6927782
688.6616,689.3544,-0.6927896
688.6616,689.3544,-0.6928095
688.6616,689.3544,-0.6928205
688.6616,689.3544,-0.6928343
688.6616,689.3545,-0.6928711
688.6616,689.3546,-0.6929514
688.6616,689.3546,-0.6929812
688.6616,689.3546,-0.6929983
688.6616,689.3546,-0.6930017
688.6616,689.3546,-0.6930127
688.6616,689.3547,-0.6931002
688.6616,689.3547,-0.6931071
688.6616,689.3547,-0.6931382
688.6616,689.3547,-0.6931449
688.6616,689.3547,-0.6931472
688.6616,689.3548,-0.6931744
688.6616,689.3548,-0.6931775
688.6616,689.3552,-0.6935992
688.6616,689.3553,-0.6936655
688.6616,689.3555,-0.6939336
688.6616,689.3559,-0.6943233
688.6616,689.3559,-0.6943353
688.6616,689.3561,-0.6944797
688.6616,689.3563,-0.6947058
688.6616,689.3565,-0.6949374
688.6616,689.3566,-0.6949959
688.6616,689.3569,-0.6953358
688.6616,689.3572,-0.6956471
688.6616,689.3574,-0.6957759
688.6616,689.3579,-0.6963035
688.6616,689.358,-0.696371
688.6616,689.358,-0.6963766
688.6616,689.358,-0.6963795
688.6616,689.3581,-0.6965358
688.6616,689.3581,-0.6965379
688.6616,689.3585,-0.6969119
688.6616,689.3588,-0.6972444
688.6616,689.3588,-0.6972482
688.6616,689.3596,-0.6979811
688.6616,689.3596,-0.69805
688.6616,689.3598,-0.6982048
688.6616,689.3598,-0.6982099
688.6616,689.3599,-0.6983343
688.6616,689.36,-0.698413
688.6616,689.3605,-0.6989409
688.6616,689.3606,-0.6989891
688.6616,689.3606,-0.6989906
688.6616,689.3611,-0.699476
688.6616,689.3611,-0.6994856
688.6616,689.3612,-0.699618
688.6616,689.3614,-0.6997994
688.6616,689.3614,-0.6998442
688.6616,689.3618,-0.7002124
688.6616,689.3619,-0.7003336
688.6616,689.362,-0.7004228
688.6616,689.3621,-0.7004921
688.6616,689.3623,-0.7006981
688.6616,689.3625,-0.7009016
688.6616,689.3626,-0.7010117
688.6616,689.3626,-0.7010333
688.6616,689.3627,-0.7010806
688.6616,689.363,-0.701433
688.6616,689.3634,-0.7018035
688.6616,689.3634,-0.70183
688.6616,689.3635,-0.7018901
688.6616,689.3636,-0.7019803
688.6616,689.3636,-0.702003
688.6616,689.3637,-0.702098
688.6616,689.3639,-0.702255
688.6616,689.3639,-0.7022605
688.6616,689.3641,-0.7024532
688.6616,689.3642,-0.7025852
688.6616,689.3643,-0.7027162
688.6616,689.3645,-0.702873
688.6616,689.3645,-0.7029452
688.6616,689.3648,-0.7031932
688.6616,689.3649,-0.7032599
688.6616,689.3657,-0.7041356
688.6616,689.3659,-0.7042765
688.6616,689.366,-0.7044295
688.6616,689.3663,-0.7046836
688.6616,689.3665,-0.704865
688.6616,689.3666,-0.7050166
688.6616,689.3667,-0.7051208
688.6616,689.3668,-0.7051606
688.6616,689.3669,-0.7052968
688.6616,689.3675,-0.7058538
688.6616,689.3675,-0.7059196
688.6616,689.3676,-0.7060351
688.6616,689.3677,-0.7060689
688.6616,689.3677,-0.7060762
688.6616,689.3679,-0.7062739
688.6616,689.3679,-0.7063305
688.6616,689.3681,-0.7064852
688.6616,689.3682,-0.7065515
688.6616,689.3682,-0.7065798
688.6616,689.3682,-0.7066259
688.6616,689.3682,-0.7066271
688.6616,689.3683,-0.7066562
688.6616,689.3683,-0.706684
688.6616,689.3685,-0.7069108
688.6616,689.3685,-0.7069139
688.6616,689.3685,-0.7069421
688.6616,689.3685,-0.7069429
688.6616,689.3686,-0.7069843
688.6616,689.3687,-0.7071425
688.6616,689.3688,-0.7071946
688.6616,689.3689,-0.7072763
688.6616,689.369,-0.707391
688.6616,689.3691,-0.7075252
688.6616,689.3691,-0.7075285
688.6616,689.3692,-0.7076341
688.6616,689.3694,-0.7077752
688.6616,689.3694,-0.7077955
688.6616,689.3699,-0.7082674
688.6616,689.3701,-0.7084502
688.6616,689.3702,-0.7086182
688.6616,689.3703,-0.7086564
688.6616,689.3708,-0.7092308
688.6616,689.3715,-0.7099042
688.6616,689.3718,-0.7101876
688.6616,689.3718,-0.7101906
688.6616,689.3721,-0.7105206
688.6616,689.3723,-0.7107367
688.6616,689.3733,-0.7117273
688.6616,689.3737,-0.7120921
688.6616,689.3744,-0.7127673
688.6616,689.3756,-0.7140158
688.6616,689.3757,-0.7141177
688.6616,689.3775,-0.7158728
688.6616,689.3777,-0.716071
688.6616,689.3795,-0.7179005
688.6616,689.3803,-0.7187422
688.6616,689.3818,-0.7202101
688.6616,689.3818,-0.720218
688.6616,689.3827,-0.7210895
688.6616,689.3828,-0.7211788
688.6616,689.3828,-0.7211936
688.6616,689.3834,-0.7218024
688.6616,689.3838,-0.7221572
688.6616,689.3838,-0.7221667
688.6616,689.3846,-0.7230139
688.6616,689.3849,-0.723278
688.6616,689.3851,-0.7234629
688.6616,689.3851,-0.7235162
688.6616,689.3857,-0.7240922
688.6616,689.3858,-0.7242189
688.6616,689.386,-0.7244081
688.6616,689.3862,-0.7245684
688.6616,689.3862,-0.7246487
688.6616,689.3864,-0.7248481
688.6616,689.3865,-0.7249349
688.6616,689.3867,-0.725059
688.6616,689.3867,-0.7250843
688.6616,689.3871,-0.7255042
688.6616,689.3874,-0.7257889
688.6616,689.3875,-0.7258665
688.6616,689.388,-0.7264032
688.6616,689.3881,-0.7264642
688.6616,689.3881,-0.7265042
688.6616,689.3882,-0.726647
688.6616,689.3884,-0.7267614
688.6616,689.3885,-0.7268985
688.6616,689.3885,-0.7269004
688.6616,689.3885,-0.7269375
688.6616,689.3888,-0.7272158
688.6616,689.3888,-0.7272372
688.6616,689.3889,-0.7272878
688.6616,689.389,-0.7273908
688.6616,689.3891,-0.7274982
688.6616,689.3892,-0.7275538
688.6616,689.3893,-0.7276574
688.6616,689.3893,-0.7277257
688.6616,689.3896,-0.7279504
688.6616,689.3896,-0.7280385
688.6616,689.3897,-0.7280706
688.6616,689.3897,-0.7280719
688.6616,689.3897,-0.7281078
688.6616,689.3897,-0.7281212
688.6616,689.3899,-0.7283277
688.6616,689.3901,-0.7284883
688.6616,689.3902,-0.7286039
688.6616,689.3902,-0.7286357
688.6616,689.3905,-0.7289091
688.6616,689.3911,-0.7294538
688.6616,689.3939,-0.7322745
688.6616,689.398,-0.7363975
688.6616,689.3998,-0.7381799
688.6616,689.4,-0.7384218
688.6616,689.4006,-0.7390367
688.6616,689.4011,-0.7395018
688.6616,689.4019,-0.7402622
688.6616,689.4021,-0.7404635
688.6616,689.4027,-0.741059
688.6616,689.4033,-0.7416646
688.6616,689.4035,-0.7419054
688.6616,689.4037,-0.7420612
688.6616,689.4037,-0.742081
688.6616,689.4039,-0.742278
688.6616,689.4047,-0.743112
688.6616,689.4052,-0.7435969
688.6616,689.4054,-0.743804
688.6616,689.4055,-0.7439156
688.6616,689.4055,-0.74393
688.6616,689.4055,-0.7439497
688.6616,689.4057,-0.7441365
688.6616,689.4059,-0.7443072
688.6616,689.4059,-0.7443316
688.6616,689.406,-0.7443539
688.6616,689.4061,-0.7444858
688.6616,689.4062,-0.7445533
688.6616,689.4063,-0.74473
688.6616,689.4063,-0.7447443
688.6616,689.4064,-0.7447659
688.6616,689.4065,-0.7448883
688.6616,689.4067,-0.7450793
688.6616,689.4068,-0.745162
688.6616,689.4068,-0.7451806
688.6616,689.4069,-0.7452687
688.6616,689.4071,-0.7454713
688.6616,689.4071,-0.7454981
688.6616,689.4072,-0.7455846
688.6616,689.4072,-0.7456062
688.6616,689.4074,-0.7457611
688.6616,689.4074,-0.7458336
688.6616,689.4074,-0.7458485
688.6616,689.4075,-0.7459317
688.6616,689.4075,-0.7459352
688.6616,689.4076,-0.7460219
688.6616,689.4077,-0.746084
688.6616,689.4077,-0.7461193
688.6616,689.4077,-0.7461434
688.6616,689.4078,-0.7461638
688.6616,689.4078,-0.7461762
688.6616,689.4079,-0.746315
688.6616,689.4079,-0.746343
688.6616,689.4082,-0.74659
688.6616,689.4086,-0.746952
688.6616,689.4086,-0.7469752
688.6616,689.4089,-0.7472612
688.6616,689.4089,-0.7473366
688.6616,689.4105,-0.7488631
688.6616,689.4154,-0.7538408
688.6616,689.4258,-0.7641562
688.6616,689.4324,-0.7708332
688.6616,689.4325,-0.7708747
688.6616,689.4325,-0.7709491
688.6616,689.433,-0.7713941
688.6616,689.4331,-0.771465
688.6616,689.4331,-0.7715014
688.6616,689.4332,-0.7716415
688.6616,689.4332,-0.7716478
688.6616,689.4333,-0.7717321
688.6616,689.4334,-0.7717948
688.6616,689.4336,-0.7720225
688.6616,689.4339,-0.7722621
688.6616,689.4339,-0.7723004
688.6616,689.4339,-0.7723076
688.6616,689.4341,-0.7724704
688.6616,689.4341,-0.7724781
688.6616,689.4341,-0.7725144
688.6616,689.4342,-0.7726388
688.6616,689.4343,-0.7726948
688.6616,689.4345,-0.7728959
688.6616,689.4347,-0.773059
688.6616,689.4348,-0.7731985
688.6616,689.4348,-0.7732447
688.6616,689.435,-0.7733963
688.6616,689.4351,-0.7734717
688.6616,689.4351,-0.7734873
688.6616,689.4358,-0.7742264
688.6616,689.436,-0.774421
688.6616,689.4414,-0.7797605
688.6616,689.451,-0.7893935
688.6616,689.4512,-0.7896233
688.6616,689.4517,-0.7900597
688.6616,689.4526,-0.7910004
688.6616,689.4532,-0.7915736
688.6616,689.4573,-0.7956535
688.6616,689.4597,-0.7981315
688.6616,689.4626,-0.8010141
688.6616,689.4637,-0.8020971
688.6616,689.4694,-0.8078113
688.6616,689.4695,-0.8079351
688.6616,689.4705,-0.808859
688.6616,689.4707,-0.8091154
688.6616,689.4711,-0.809456
688.6616,689.4721,-0.8104647
688.6616,689.4757,-0.8140776
688.6616,689.4768,-0.8152431
688.6616,689.4769,-0.8152611
688.6616,689.4796,-0.8179748
688.6616,689.4808,-0.8192283
688.6616,689.4833,-0.8217447
688.6616,689.4834,-0.8217619
688.6616,689.4836,-0.8219783
688.6616,689.4836,-0.8220307
688.6616,689.4853,-0.8236767
688.6616,689.4857,-0.8240997
688.6616,689.4858,-0.8241811
688.6616,689.4858,-0.8242236
688.6616,689.4862,-0.8246417
688.6616,689.4863,-0.8247477
688.6616,689.4869,-0.8252885
688.6616,689.4893,-0.8277359
688.6616,689.4906,-0.8290494
688.6616,689.4914,-0.8298469
688.6616,689.4959,-0.8342845
688.6616,689.4983,-0.8367124
688.6616,689.4988,-0.8371762
688.6616,689.5015,-0.8398609
688.6616,689.5022,-0.8405674
688.6616,689.5062,-0.8446439
688.6616,689.5067,-0.8450563
688.6616,689.5077,-0.8461331
688.6616,689.5082,-0.8465504
688.6616,689.5122,-0.8505596
688.6616,689.5131,-0.8515181
688.6616,689.5177,-0.8561114
688.6616,689.5183,-0.8567022
688.6616,689.5231,-0.8615102
688.6616,689.527,-0.8653981
688.6616,689.5308,-0.8691529
688.6616,689.5359,-0.874263
,,
