692.8512,10256,
Mascot_mz,MassHunter_mz,Difference
692.8512,691.9515,0.899656
692.8512,691.9521,0.8990912
692.8512,691.9586,0.8925704
692.8512,691.9613,0.8899449
692.8512,691.9616,0.8896448
692.8512,691.9617,0.88955
692.8512,691.9628,0.8884415
692.8512,691.963,0.8882478
692.8512,691.9631,0.888078
692.8512,691.9634,0.8878235
692.8512,691.9644,0.8867734
692.8512,691.9645,0.8867474
692.8512,691.9645,0.8867048
692.8512,691.9645,0.886687
692.8512,691.9653,0.8859425
692.8512,691.9653,0.8859048
692.8512,691.9653,0.8858832
692.8512,691.9661,0.8850895
692.8512,691.9662,0.8849529
692.8512,691.9667,0.8845375
692.8512,691.9675,0.8836822
692.8512,691.9679,0.8832842
692.8512,691.9687,0.8824919
692.8512,691.9688,0.8823783
692.8512,691.9692,0.8819838
692.8512,691.9696,0.8815524
692.8512,691.9698,0.881397
692.8512,691.9706,0.8806434
692.8512,691.9709,0.8803147
692.8512,691.971,0.8802446
692.8512,691.9717,0.8794953
692.8512,691.9718,0.8794351
692.8512,691.9718,0.8793942
692.8512,691.9719,0.8793088
692.8512,691.972,0.8792421
692.8512,691.972,0.8792334
692.8512,691.972,0.8791513
692.8512,691.9723,0.8788725
692.8512,691.973,0.8782336
692.8512,691.9734,0.8777841
692.8512,691.9745,0.8766653
692.8512,691.9746,0.8766183
692.8512,691.9759,0.8752836
692.8512,691.9761,0.8751385
692.8512,691.9782,0.8729729
692.8512,691.9782,0.8729549
692.8512,691.9787,0.8724817
692.8512,691.9795,0.8717483
692.8512,691.9801,0.8711067
692.8512,691.9818,0.8693868
692.8512,691.9821,0.8690882
692.8512,691.9826,0.8686224
692.8512,691.9826,0.868586
692.8512,691.9834,0.8678194
692.8512,691.9856,0.8655682
692.8512,691.9867,0.8644641
692.8512,691.9869,0.8642806
692.8512,691.993,0.8582105
692.8512,691.9961,0.8550875
692.8512,691.9968,0.8544001
692.8512,691.9979,0.8532608
692.8512,691.9991,0.8521418
692.8512,691.9998,0.8514163
692.8512,692.0007,0.8504786
692.8512,692.001,0.8502067
692.8512,692.0023,0.8489205
692.8512,692.0024,0.848764
692.8512,692.004,0.8471995
692.8512,692.0043,0.846859
692.8512,692.0049,0.8463068
692.8512,692.0058,0.8453907
692.8512,692.0058,0.8453714
692.8512,692.006,0.8451781
692.8512,692.0065,0.8447084
692.8512,692.0067,0.8445443
692.8512,692.0068,0.844397
692.8512,692.0073,0.843911
692.8512,692.0074,0.8438053
692.8512,692.0074,0.8437977
692.8512,692.0083,0.8428936
692.8512,692.0083,0.8428638
692.8512,692.0084,0.8428314
692.8512,692.0085,0.8426603
692.8512,692.0087,0.8425459
692.8512,692.0087,0.8425047
692.8512,692.0088,0.8423737
692.8512,692.0091,0.8420722
692.8512,692.0092,0.841988
692.8512,692.0094,0.8418181
692.8512,692.0094,0.8418148
692.8512,692.0094,0.8417965
692.8512,692.0094,0.8417633
692.8512,692.0096,0.841597
692.8512,692.0096,0.8415846
692.8512,692.0097,0.841506
692.8512,692.0097,0.8414836
692.8512,692.0099,0.8412929
692.8512,692.01,0.8412377
692.8512,692.01,0.8412346
692.8512,692.0101,0.8410819
692.8512,692.0102,0.8409556
692.8512,692.0106,0.8406062
692.8512,692.0108,0.8404496
692.8512,692.0108,0.8404463
692.8512,692.0108,0.8404197
692.8512,692.0108,0.8403824
692.8512,692.0109,0.8403443
692.8512,692.0109,0.8403158
692.8512,692.0109,0.8402686
692.8512,692.0109,0.8402559
692.8512,692.0111,0.8400741
692.8512,692.0111,0.8400501
692.8512,692.0112,0.8400257
692.8512,692.0112,0.8400239
692.8512,692.0112,0.8400093
692.8512,692.0112,0.8399945
692.8512,692.0113,0.839893
692.8512,692.0114,0.8398433
692.8512,692.0114,0.8398336
692.8512,692.0114,0.839757
692.8512,692.0115,0.8396818
692.8512,692.0115,0.8396812
692.8512,692.0116,0.8395807
692.8512,692.0117,0.8395156
692.8512,692.0117,0.8394683
692.8512,692.0118,0.8394215
692.8512,692.0118,0.8393917
692.8512,692.0118,0.8393682
692.8512,692.0121,0.839081
692.8512,692.0122,0.8390249
692.8512,692.0122,0.8390243
692.8512,692.0122,0.8390191
692.8512,692.0124,0.8387954
692.8512,692.0125,0.8387482
692.8512,692.0125,0.8386546
692.8512,692.0126,0.8386008
692.8512,692.0126,0.8385987
692.8512,692.0127,0.8384875
692.8512,692.0127,0.8384816
692.8512,692.0127,0.838466
692.8512,692.0129,0.8382927
692.8512,692.013,0.8382055
692.8512,692.013,0.8381686
692.8512,692.0131,0.8381209
692.8512,692.0132,0.8380042
692.8512,692.0132,0.837999
692.8512,692.0135,0.837713
692.8512,692.0136,0.8375636
692.8512,692.0137,0.8374638
692.8512,692.0138,0.8374167
692.8512,692.0141,0.837148
692.8512,692.0141,0.837087
692.8512,692.0141,0.837077
692.8512,692.0142,0.8370124
692.8512,692.0142,0.836995
692.8512,692.0142,0.8369543
692.8512,692.0145,0.8367473
692.8512,692.0146,0.8365787
692.8512,692.0149,0.8362997
692.8512,692.0149,0.8362564
692.8512,692.015,0.8361861
692.8512,692.0151,0.8361301
692.8512,692.0151,0.8361081
692.8512,692.0153,0.8359479
692.8512,692.0154,0.8358169
692.8512,692.0156,0.8355841
692.8512,692.0157,0.8354785
692.8512,692.0158,0.835443
692.8512,692.016,0.8351685
692.8512,692.016,0.835161
692.8512,692.0161,0.8351116
692.8512,692.0161,0.8350567
692.8512,692.0163,0.8348928
692.8512,692.0163,0.834877
692.8512,692.0164,0.834763
692.8512,692.0165,0.834714
692.8512,692.0165,0.8346997
692.8512,692.0166,0.8346243
692.8512,692.0169,0.8342538
692.8512,692.017,0.8342272
692.8512,692.017,0.8341706
692.8512,692.0172,0.8340233
692.8512,692.0173,0.8339415
692.8512,692.0173,0.8338583
692.8512,692.0174,0.833786
692.8512,692.0175,0.8337179
692.8512,692.0178,0.8333533
692.8512,692.0179,0.8333428
692.8512,692.018,0.8332206
692.8512,692.018,0.8331963
692.8512,692.0181,0.8331215
692.8512,692.0183,0.8328667
692.8512,692.0187,0.8325399
692.8512,692.0187,0.8325307
692.8512,692.0187,0.8324843
692.8512,692.0188,0.8323948
692.8512,692.0189,0.8323115
692.8512,692.0191,0.8320573
692.8512,692.0192,0.8319808
692.8512,692.0192,0.8319591
692.8512,692.0192,0.8319514
692.8512,692.0194,0.8317604
692.8512,692.0196,0.8316443
692.8512,692.0197,0.8314771
692.8512,692.0198,0.8314415
692.8512,692.0199,0.8313208
692.8512,692.0199,0.8313181
692.8512,692.0199,0.8313154
692.8512,692.0199,0.8312985
692.8512,692.02,0.83115
692.8512,692.0202,0.8309965
692.8512,692.0202,0.830984
692.8512,692.0203,0.8309047
692.8512,692.0206,0.8305743
692.8512,692.0207,0.8305181
692.8512,692.0208,0.830392
692.8512,692.0208,0.8303601
692.8512,692.0209,0.8302736
692.8512,692.021,0.83025
692.8512,692.0211,0.8300909
692.8512,692.0211,0.8300792
692.8512,692.0212,0.8300369
692.8512,692.0212,0.8300064
692.8512,692.0212,0.8300034
692.8512,692.0212,0.8299969
692.8512,692.0213,0.8299383
692.8512,692.0213,0.8298792
692.8512,692.0214,0.8297615
692.8512,692.0215,0.8297308
692.8512,692.0216,0.8296097
692.8512,692.0218,0.829412
692.8512,692.0219,0.8293413
692.8512,692.0219,0.8293031
692.8512,692.0221,0.8291301
692.8512,692.0222,0.8290468
692.8512,692.0222,0.8290431
692.8512,692.0222,0.8290146
692.8512,692.0222,0.8290035
692.8512,692.0222,0.8289597
692.8512,692.0223,0.8288707
692.8512,692.0223,0.8288698
692.8512,692.0224,0.828835
692.8512,692.0224,0.8288042
692.8512,692.0226,0.8286328
692.8512,692.0226,0.8285753
692.8512,692.0226,0.8285625
692.8512,692.0227,0.8284674
692.8512,692.0229,0.8283447
692.8512,692.0229,0.828303
692.8512,692.023,0.8282364
692.8512,692.023,0.8281956
692.8512,692.023,0.8281752
692.8512,692.0231,0.8281114
692.8512,692.0232,0.8279903
692.8512,692.0233,0.82787
692.8512,692.0233,0.8278549
692.8512,692.0234,0.8278161
692.8512,692.0236,0.8275983
692.8512,692.0236,0.8275745
692.8512,692.0236,0.8275673
692.8512,692.0237,0.8275369
692.8512,692.0238,0.8274342
692.8512,692.024,0.8272312
692.8512,692.024,0.8271632
692.8512,692.0241,0.8271213
692.8512,692.0241,0.8271141
692.8512,692.0242,0.8270192
692.8512,692.0242,0.8270151
692.8512,692.0242,0.8269524
692.8512,692.0243,0.8269238
692.8512,692.0243,0.8269099
692.8512,692.0243,0.8269
692.8512,692.0243,0.8268961
692.8512,692.0243,0.8268675
692.8512,692.0244,0.8267945
692.8512,692.0244,0.8267839
692.8512,692.0245,0.8267447
692.8512,692.0245,0.8267143
692.8512,692.0245,0.8267018
692.8512,692.0245,0.8266875
692.8512,692.0245,0.8266649
692.8512,692.0248,0.8264475
692.8512,692.0248,0.8263633
692.8512,692.0249,0.8263447
692.8512,692.0249,0.8263368
692.8512,692.0249,0.8263304
692.8512,692.0249,0.8262976
692.8512,692.0249,0.8262688
692.8512,692.025,0.8262411
692.8512,692.025,0.8261979
692.8512,692.025,0.8261973
692.8512,692.025,0.8261726
692.8512,692.025,0.8261582
692.8512,692.0251,0.8260863
692.8512,692.0251,0.8260613
692.8512,692.0252,0.8260373
692.8512,692.0252,0.8259981
692.8512,692.0252,0.825981
692.8512,692.0253,0.8259354
692.8512,692.0253,0.8259108
692.8512,692.0253,0.8259016
692.8512,692.0253,0.8258749
692.8512,692.0254,0.8258491
692.8512,692.0254,0.8258077
692.8512,692.0254,0.8257853
692.8512,692.0254,0.8257752
692.8512,692.0255,0.8257296
692.8512,692.0255,0.8256853
692.8512,692.0256,0.8255537
692.8512,692.0257,0.8255485
692.8512,692.0257,0.8255148
692.8512,692.0257,0.8255084
692.8512,692.0257,0.8254921
692.8512,692.0257,0.8254833
692.8512,692.0258,0.8254317
692.8512,692.0258,0.8254129
692.8512,692.0258,0.8254089
692.8512,692.0258,0.8254045
692.8512,692.0258,0.8254019
692.8512,692.0258,0.825396
692.8512,692.0259,0.8252985
692.8512,692.0259,0.825254
692.8512,692.026,0.8252006
692.8512,692.026,0.8251745
692.8512,692.026,0.8251744
692.8512,692.026,0.825168
692.8512,692.0261,0.8251438
692.8512,692.0261,0.8251334
692.8512,692.0261,0.8251329
692.8512,692.0261,0.8250679
692.8512,692.0261,0.8250635
692.8512,692.0261,0.8250526
692.8512,692.0263,0.82493
692.8512,692.0263,0.824923
692.8512,692.0264,0.8247673
692.8512,692.0264,0.8247634
692.8512,692.0265,0.8247468
692.8512,692.0265,0.8247323
692.8512,692.0265,0.8247302
692.8512,692.0265,0.8246754
692.8512,692.0266,0.8245938
692.8512,692.0266,0.8245922
692.8512,692.0266,0.8245882
692.8512,692.0266,0.82458
692.8512,692.0266,0.8245739
692.8512,692.0267,0.8245477
692.8512,692.0267,0.8245185
692.8512,692.0267,0.8245027
692.8512,692.0267,0.8244523
692.8512,692.0268,0.8244049
692.8512,692.0268,0.8244041
692.8512,692.0268,0.824402
692.8512,692.0268,0.8244011
692.8512,692.0268,0.8243971
692.8512,692.0268,0.8243757
692.8512,692.0269,0.824343
692.8512,692.0269,0.8243157
692.8512,692.0269,0.8243057
692.8512,692.027,0.8242487
692.8512,692.027,0.8242439
692.8512,692.027,0.8241952
692.8512,692.027,0.8241883
692.8512,692.027,0.8241601
692.8512,692.0271,0.8240983
692.8512,692.0271,0.8240929
692.8512,692.0271,0.8240628
692.8512,692.0273,0.823947
692.8512,692.0273,0.8239374
692.8512,692.0273,0.823934
692.8512,692.0273,0.8239112
692.8512,692.0273,0.8238751
692.8512,692.0275,0.823739
692.8512,692.0275,0.8237335
692.8512,692.0275,0.8236567
692.8512,692.0276,0.8236385
692.8512,692.0276,0.8236028
692.8512,692.0276,0.8235967
692.8512,692.0276,0.8235797
692.8512,692.0277,0.8234617
692.8512,692.0278,0.8234487
692.8512,692.0278,0.8233984
692.8512,692.0278,0.8233841
692.8512,692.0278,0.8233586
692.8512,692.0279,0.8233428
692.8512,692.0279,0.8232915
692.8512,692.0279,0.8232682
692.8512,692.028,0.82324
692.8512,692.028,0.8231962
692.8512,692.0281,0.8231343
692.8512,692.0281,0.8231223
692.8512,692.0281,0.823109
692.8512,692.0281,0.8230897
692.8512,692.0281,0.8230744
692.8512,692.0281,0.8230717
692.8512,692.0282,0.8230418
692.8512,692.0282,0.8229619
692.8512,692.0283,0.8229273
692.8512,692.0283,0.8229254
692.8512,692.0283,0.8229158
692.8512,692.0285,0.8227302
692.8512,692.0285,0.8227302
692.8512,692.0285,0.8226837
692.8512,692.0285,0.8226744
692.8512,692.0286,0.8225526
692.8512,692.0287,0.8224761
692.8512,692.0289,0.8223304
692.8512,692.029,0.8222475
692.8512,692.0291,0.8221086
692.8512,692.0292,0.8220125
692.8512,692.0292,0.8219919
692.8512,692.0292,0.8219886
692.8512,692.0293,0.8218745
692.8512,692.0294,0.8218403
692.8512,692.0294,0.8218266
692.8512,692.0295,0.821725
692.8512,692.0295,0.8216833
692.8512,692.0295,0.8216727
692.8512,692.0296,0.8215928
692.8512,692.0297,0.8215206
692.8512,692.0297,0.8214989
692.8512,692.0298,0.8214353
692.8512,692.0298,0.82141
692.8512,692.0298,0.8214064
692.8512,692.0298,0.8213747
692.8512,692.0299,0.8213046
692.8512,692.03,0.8212026
692.8512,692.0301,0.8210709
692.8512,692.0302,0.8210436
692.8512,692.0302,0.8210421
692.8512,692.0302,0.820975
692.8512,692.0304,0.8208097
692.8512,692.0307,0.8205433
692.8512,692.0307,0.8204748
692.8512,692.0307,0.8204677
692.8512,692.0309,0.8202702
692.8512,692.031,0.8201875
692.8512,692.0311,0.8200626
692.8512,692.0311,0.8200532
692.8512,692.0315,0.8197354
692.8512,692.0315,0.8197044
692.8512,692.0316,0.8195995
692.8512,692.0317,0.8195306
692.8512,692.0317,0.8194592
692.8512,692.0319,0.8192844
692.8512,692.032,0.819161
692.8512,692.0321,0.8191311
692.8512,692.0321,0.8191256
692.8512,692.0322,0.8190466
692.8512,692.0322,0.8190145
692.8512,692.0322,0.8190136
692.8512,692.0322,0.8189643
692.8512,692.0323,0.8189356
692.8512,692.0324,0.818819
692.8512,692.0324,0.8187691
692.8512,692.0324,0.8187633
692.8512,692.0325,0.8187273
692.8512,692.0325,0.818681
692.8512,692.0326,0.818645
692.8512,692.0327,0.8185313
692.8512,692.0327,0.8185186
692.8512,692.0328,0.8184399
692.8512,692.0331,0.8180585
692.8512,692.0332,0.8179703
692.8512,692.0333,0.8178923
692.8512,692.0334,0.8178385
692.8512,692.0334,0.8178231
692.8512,692.0334,0.817781
692.8512,692.0334,0.8177616
692.8512,692.0335,0.8177338
692.8512,692.0335,0.817714
692.8512,692.0336,0.8176395
692.8512,692.0336,0.8175951
692.8512,692.0337,0.8175394
692.8512,692.0337,0.8174778
692.8512,692.0338,0.8174151
692.8512,692.0339,0.817284
692.8512,692.034,0.8172484
692.8512,692.034,0.8172335
692.8512,692.0341,0.8170967
692.8512,692.0341,0.8170685
692.8512,692.0343,0.8168576
692.8512,692.0344,0.8167683
692.8512,692.0347,0.8164878
692.8512,692.0348,0.8164476
692.8512,692.0348,0.8164083
692.8512,692.0352,0.8159695
692.8512,692.0353,0.8158843
692.8512,692.0354,0.8157929
692.8512,692.0359,0.8152764
692.8512,692.0361,0.8151497
692.8512,692.0361,0.8151286
692.8512,692.0361,0.8151144
692.8512,692.0363,0.8148799
692.8512,692.0363,0.8148655
692.8512,692.0367,0.8144637
692.8512,692.0383,0.8129139
692.8512,692.0387,0.8124741
692.8512,692.0392,0.8120177
692.8512,692.0406,0.8106492
692.8512,692.0414,0.8097686
692.8512,692.0417,0.8095468
692.8512,692.0423,0.8089099
692.8512,692.0423,0.8088755
692.8512,692.0498,0.8013939
692.8512,692.0509,0.8003136
692.8512,692.0609,0.7902786
692.8512,692.0766,0.7745608
692.8512,692.0772,0.7740142
692.8512,692.0774,0.7738059
692.8512,692.0812,0.7700391
692.8512,692.0817,0.7694573
692.8512,692.0823,0.7689174
692.8512,692.0846,0.7666368
692.8512,692.0846,0.7666287
692.8512,692.0848,0.7664058
692.8512,692.0851,0.7660952
692.8512,692.0857,0.76552
692.8512,692.0859,0.7652671
692.8512,692.1033,0.7478928
692.8512,692.1069,0.744298
692.8512,692.1076,0.7436163
692.8512,692.1085,0.7426862
692.8512,692.1087,0.7425291
692.8512,692.1092,0.7420454
692.8512,692.1093,0.7418755
692.8512,692.1095,0.741712
692.8512,692.1097,0.7415479
692.8512,692.1097,0.7415037
692.8512,692.1101,0.7411123
692.8512,692.1106,0.7406458
692.8512,692.1106,0.7406049
692.8512,692.1107,0.7405308
692.8512,692.1108,0.7404065
692.8512,692.1109,0.7403299
692.8512,692.1111,0.7401364
692.8512,692.1111,0.7400642
692.8512,692.1112,0.7400401
692.8512,692.1112,0.7399629
692.8512,692.1113,0.7398915
692.8512,692.1113,0.7398761
692.8512,692.1115,0.7396786
692.8512,692.1116,0.7396187
692.8512,692.1118,0.7394297
692.8512,692.112,0.7392353
692.8512,692.1121,0.7391388
692.8512,692.1121,0.7390648
692.8512,692.1123,0.7389348
692.8512,692.1123,0.7388733
692.8512,692.1124,0.7388448
692.8512,692.1124,0.7387913
692.8512,692.1125,0.7387168
692.8512,692.1125,0.7387125
692.8512,692.1125,0.7386639
692.8512,692.1126,0.7385644
692.8512,692.1126,0.7385524
692.8512,692.1127,0.7385371
692.8512,692.1127,0.7385354
692.8512,692.1127,0.7385346
692.8512,692.1127,0.7385153
692.8512,692.1128,0.7384144
692.8512,692.1128,0.7383717
692.8512,692.1129,0.7383252
692.8512,692.1129,0.7382704
692.8512,692.1129,0.7382647
692.8512,692.113,0.7381978
692.8512,692.113,0.7381593
692.8512,692.1131,0.738146
692.8512,692.1131,0.7381412
692.8512,692.1132,0.7380455
692.8512,692.1132,0.7380407
692.8512,692.1132,0.73804
692.8512,692.1132,0.7380326
692.8512,692.1132,0.7379936
692.8512,692.1132,0.7379791
692.8512,692.1133,0.7379152
692.8512,692.1133,0.7378853
692.8512,692.1134,0.737831
692.8512,692.1134,0.7378135
692.8512,692.1134,0.7377668
692.8512,692.1135,0.7377357
692.8512,692.1135,0.7377175
692.8512,692.1135,0.7377112
692.8512,692.1135,0.7377088
692.8512,692.1136,0.737624
692.8512,692.1136,0.7375668
692.8512,692.1136,0.7375605
692.8512,692.1137,0.7375403
692.8512,692.1137,0.737496
692.8512,692.1137,0.737489
692.8512,692.1138,0.7373651
692.8512,692.1138,0.7373635
692.8512,692.1138,0.7373557
692.8512,692.1139,0.737317
692.8512,692.1139,0.7373022
692.8512,692.1139,0.7372842
692.8512,692.1139,0.7372805
692.8512,692.1139,0.7372713
692.8512,692.1139,0.7372668
692.8512,692.114,0.7372113
692.8512,692.1141,0.7371319
692.8512,692.1141,0.7370576
692.8512,692.1141,0.7370502
692.8512,692.1142,0.7370436
692.8512,692.1142,0.7370296
692.8512,692.1142,0.7370191
692.8512,692.1142,0.7370095
692.8512,692.1142,0.7369972
692.8512,692.1142,0.7369958
692.8512,692.1143,0.7369403
692.8512,692.1143,0.736928
692.8512,692.1143,0.7368784
692.8512,692.1143,0.7368582
692.8512,692.1144,0.7368241
692.8512,692.1144,0.7368207
692.8512,692.1144,0.7368103
692.8512,692.1144,0.7368044
692.8512,692.1144,0.7368027
692.8512,692.1144,0.7367914
692.8512,692.1144,0.7367842
692.8512,692.1144,0.7367831
692.8512,692.1144,0.736754
692.8512,692.1145,0.7367443
692.8512,692.1145,0.7367111
692.8512,692.1145,0.7366758
692.8512,692.1145,0.7366741
692.8512,692.1146,0.7365988
692.8512,692.1146,0.7365899
692.8512,692.1146,0.736551
692.8512,692.1147,0.7365365
692.8512,692.1147,0.7365316
692.8512,692.1147,0.7365148
692.8512,692.1147,0.7364858
692.8512,692.1147,0.7364824
692.8512,692.1147,0.7364676
692.8512,692.1148,0.7364286
692.8512,692.1148,0.7363963
692.8512,692.1148,0.73639
692.8512,692.1148,0.736352
692.8512,692.1149,0.736305
692.8512,692.1149,0.7362896
692.8512,692.1149,0.7362854
692.8512,692.1149,0.7362839
692.8512,692.1149,0.7362813
692.8512,692.115,0.7362483
692.8512,692.115,0.7362385
692.8512,692.115,0.7362333
692.8512,692.115,0.7362278
692.8512,692.115,0.736201
692.8512,692.115,0.7361774
692.8512,692.115,0.7361525
692.8512,692.1151,0.7361209
692.8512,692.1151,0.7361023
692.8512,692.1151,0.7360903
692.8512,692.1151,0.7360847
692.8512,692.1151,0.7360761
692.8512,692.1152,0.7360419
692.8512,692.1152,0.7360338
692.8512,692.1152,0.7360063
692.8512,692.1152,0.7360014
692.8512,692.1152,0.7359824
692.8512,692.1152,0.7359724
692.8512,692.1152,0.7359667
692.8512,692.1152,0.7359612
692.8512,692.1152,0.7359553
692.8512,692.1152,0.735955
692.8512,692.1153,0.7359379
692.8512,692.1153,0.7359046
692.8512,692.1153,0.7358895
692.8512,692.1153,0.7358646
692.8512,692.1154,0.7358335
692.8512,692.1154,0.7358295
692.8512,692.1154,0.7358176
692.8512,692.1154,0.7358042
692.8512,692.1154,0.7357913
692.8512,692.1154,0.7357662
692.8512,692.1154,0.7357562
692.8512,692.1154,0.7357504
692.8512,692.1154,0.73575
692.8512,692.1155,0.7356915
692.8512,692.1155,0.7356872
692.8512,692.1155,0.7356865
692.8512,692.1155,0.7356828
692.8512,692.1155,0.7356742
692.8512,692.1155,0.735668
692.8512,692.1156,0.7356466
692.8512,692.1156,0.7356173
692.8512,692.1156,0.7355994
692.8512,692.1156,0.7355968
692.8512,692.1156,0.7355716
692.8512,692.1156,0.7355635
692.8512,692.1157,0.7354798
692.8512,692.1157,0.7354506
692.8512,692.1158,0.7354068
692.8512,692.1158,0.7353812
692.8512,692.1158,0.7353781
692.8512,692.1159,0.7353444
692.8512,692.1159,0.7353354
692.8512,692.1159,0.7353349
692.8512,692.1159,0.7353111
692.8512,692.1159,0.7352774
692.8512,692.1159,0.7352543
692.8512,692.116,0.7352353
692.8512,692.116,0.7352095
692.8512,692.116,0.7351888
692.8512,692.116,0.7351862
692.8512,692.116,0.7351727
692.8512,692.116,0.735153
692.8512,692.1161,0.7351473
692.8512,692.1161,0.7351392
692.8512,692.1161,0.7350898
692.8512,692.1161,0.7350654
692.8512,692.1161,0.7350644
692.8512,692.1161,0.7350588
692.8512,692.1161,0.7350573
692.8512,692.1162,0.7350164
692.8512,692.1162,0.7350116
692.8512,692.1162,0.7350114
692.8512,692.1162,0.734997
692.8512,692.1162,0.7349916
692.8512,692.1162,0.734977
692.8512,692.1162,0.7349658
692.8512,692.1162,0.7349655
692.8512,692.1162,0.734953
692.8512,692.1163,0.7349499
692.8512,692.1163,0.7349015
692.8512,692.1163,0.7349001
692.8512,692.1163,0.7348953
692.8512,692.1163,0.7348597
692.8512,692.1163,0.734858
692.8512,692.1163,0.734853
692.8512,692.1163,0.7348529
692.8512,692.1164,0.7348448
692.8512,692.1164,0.7348362
692.8512,692.1164,0.7348312
692.8512,692.1164,0.7347948
692.8512,692.1164,0.7347927
692.8512,692.1164,0.7347845
692.8512,692.1164,0.7347792
692.8512,692.1164,0.7347665
692.8512,692.1164,0.7347636
692.8512,692.1165,0.7347126
692.8512,692.1165,0.7346981
692.8512,692.1165,0.7346757
692.8512,692.1165,0.7346565
692.8512,692.1166,0.734647
692.8512,692.1166,0.7346375
692.8512,692.1166,0.7346357
692.8512,692.1166,0.7346327
692.8512,692.1166,0.7346279
692.8512,692.1166,0.7346265
692.8512,692.1166,0.7346175
692.8512,692.1166,0.7346156
692.8512,692.1166,0.7346108
692.8512,692.1167,0.7345477
692.8512,692.1167,0.7345297
692.8512,692.1167,0.7345156
692.8512,692.1167,0.7344609
692.8512,692.1168,0.7344364
692.8512,692.1168,0.7344039
692.8512,692.1168,0.7343829
692.8512,692.1168,0.7343608
692.8512,692.1169,0.7343493
692.8512,692.1169,0.7343474
692.8512,692.1169,0.7343249
692.8512,692.1169,0.7343187
692.8512,692.1169,0.734314
692.8512,692.1169,0.7342815
692.8512,692.117,0.7342341
692.8512,692.117,0.734189
692.8512,692.117,0.7341788
692.8512,692.1171,0.7341425
692.8512,692.1171,0.7341387
692.8512,692.1171,0.7341039
692.8512,692.1171,0.7340747
692.8512,692.1171,0.7340656
692.8512,692.1171,0.7340559
692.8512,692.1172,0.7340388
692.8512,692.1172,0.7340061
692.8512,692.1172,0.7339896
692.8512,692.1172,0.7339607
692.8512,692.1172,0.7339596
692.8512,692.1173,0.7339435
692.8512,692.1173,0.733917
692.8512,692.1173,0.7338533
692.8512,692.1174,0.7338406
692.8512,692.1174,0.7338099
692.8512,692.1174,0.7338075
692.8512,692.1174,0.7338022
692.8512,692.1174,0.733758
692.8512,692.1174,0.7337569
692.8512,692.1175,0.7337348
692.8512,692.1175,0.733673
692.8512,692.1175,0.733667
692.8512,692.1176,0.7336466
692.8512,692.1176,0.7336006
692.8512,692.1177,0.733527
692.8512,692.1177,0.7335258
692.8512,692.1177,0.7335029
692.8512,692.1177,0.7334946
692.8512,692.1177,0.7334804
692.8512,692.1177,0.7334747
692.8512,692.1178,0.7334049
692.8512,692.1178,0.7333927
692.8512,692.1178,0.7333768
692.8512,692.1179,0.733306
692.8512,692.1179,0.7332942
692.8512,692.1179,0.7332853
692.8512,692.1179,0.7332567
692.8512,692.1179,0.7332544
692.8512,692.118,0.7332467
692.8512,692.118,0.7332387
692.8512,692.118,0.7332307
692.8512,692.118,0.7331501
692.8512,692.1181,0.7330784
692.8512,692.1181,0.7330781
692.8512,692.1181,0.7330676
692.8512,692.1181,0.7330578
692.8512,692.1182,0.7330175
692.8512,692.1182,0.7329837
692.8512,692.1182,0.7329593
692.8512,692.1183,0.7329434
692.8512,692.1183,0.7329297
692.8512,692.1183,0.7329179
692.8512,692.1183,0.7329138
692.8512,692.1183,0.7329099
692.8512,692.1184,0.7327861
692.8512,692.1184,0.7327664
692.8512,692.1185,0.7327194
692.8512,692.1185,0.7326793
692.8512,692.1185,0.7326649
692.8512,692.1188,0.7324395
692.8512,692.1188,0.7324052
692.8512,692.1188,0.7323831
692.8512,692.1188,0.7323714
692.8512,692.1189,0.7323072
692.8512,692.119,0.7322466
692.8512,692.1191,0.7320642
692.8512,692.1192,0.7320301
692.8512,692.1192,0.732025
692.8512,692.1192,0.7319903
692.8512,692.1192,0.7319747
692.8512,692.1192,0.7319533
692.8512,692.1192,0.7319523
692.8512,692.1192,0.7319519
692.8512,692.1193,0.7319481
692.8512,692.1193,0.7319106
692.8512,692.1193,0.7318666
692.8512,692.1193,0.73186
692.8512,692.1194,0.7318208
692.8512,692.1196,0.7315958
692.8512,692.1196,0.7315838
692.8512,692.1197,0.7315372
692.8512,692.1197,0.7315231
692.8512,692.1197,0.731479
692.8512,692.1202,0.7309786
692.8512,692.1203,0.7308973
692.8512,692.1205,0.7307467
692.8512,692.1206,0.7305558
692.8512,692.1209,0.7303479
692.8512,692.1209,0.7303341
692.8512,692.1217,0.7295397
692.8512,692.1217,0.7294881
692.8512,692.1219,0.7293156
692.8512,692.1226,0.7286062
692.8512,692.1228,0.7284332
692.8512,692.1228,0.7284011
692.8512,692.1231,0.7280502
692.8512,692.1234,0.7277723
692.8512,692.1238,0.7274101
692.8512,692.125,0.7261706
692.8512,692.1338,0.7174483
692.8512,692.1368,0.7143632
692.8512,692.1386,0.7126114
692.8512,692.1411,0.7101134
692.8512,692.1453,0.7058746
692.8512,692.1468,0.7044038
692.8512,692.15,0.7011809
692.8512,692.1524,0.6987761
692.8512,692.1544,0.6968203
692.8512,692.1546,0.6965583
692.8512,692.1565,0.6946871
692.8512,692.1585,0.6926712
692.8512,692.1736,0.677564
692.8512,692.1769,0.6742877
692.8512,692.1913,0.6599403
692.8512,692.2132,0.638042
692.8512,692.2441,0.6070655
692.8512,692.2862,0.5650466
692.8512,692.2867,0.5645091
692.8512,692.2869,0.5642703
692.8512,692.287,0.5642053
692.8512,692.2872,0.5639574
692.8512,692.2884,0.5628283
692.8512,692.2884,0.5627664
692.8512,692.2885,0.5626841
692.8512,692.2885,0.5626594
692.8512,692.2887,0.5625174
692.8512,692.2887,0.5624688
692.8512,692.2892,0.5619924
692.8512,692.2892,0.5619583
692.8512,692.2893,0.5618972
692.8512,692.2893,0.561892
692.8512,692.2897,0.5615187
692.8512,692.2897,0.5614905
692.8512,692.2897,0.5614815
692.8512,692.2898,0.5613826
692.8512,692.29,0.5611589
692.8512,692.2901,0.5611227
692.8512,692.2903,0.5609292
692.8512,692.2904,0.5607837
692.8512,692.2907,0.5604977
692.8512,692.2908,0.5604229
692.8512,692.291,0.5601872
692.8512,692.291,0.5601603
692.8512,692.2911,0.5600581
692.8512,692.2911,0.5600538
692.8512,692.2912,0.5599871
692.8512,692.2913,0.5599354
692.8512,692.2914,0.5598112
692.8512,692.2914,0.5597939
692.8512,692.2914,0.5597616
692.8512,692.2915,0.5597471
692.8512,692.2917,0.5594908
692.8512,692.2917,0.5594875
692.8512,692.2917,0.5594747
692.8512,692.2918,0.5594211
692.8512,692.292,0.5592475
692.8512,692.292,0.5592304
692.8512,692.2924,0.5588269
692.8512,692.2924,0.5587586
692.8512,692.2925,0.5587481
692.8512,692.2926,0.5586109
692.8512,692.2929,0.5583331
692.8512,692.293,0.5582264
692.8512,692.2933,0.5579189
692.8512,692.2934,0.5577709
692.8512,692.2936,0.5576481
692.8512,692.2937,0.5574782
692.8512,692.2937,0.5574762
692.8512,692.2939,0.5572667
692.8512,692.2946,0.556561
692.8512,692.2958,0.5554203
692.8512,692.296,0.5552143
692.8512,692.2989,0.5523135
692.8512,692.2991,0.5521322
692.8512,692.2994,0.5517884
692.8512,692.2999,0.5512772
692.8512,692.3002,0.5509786
692.8512,692.3002,0.5509572
692.8512,692.3005,0.5507318
692.8512,692.3007,0.5504812
692.8512,692.3013,0.5499088
692.8512,692.3014,0.5498067
692.8512,692.3014,0.5497858
692.8512,692.3015,0.5496724
692.8512,692.3016,0.5496005
692.8512,692.3017,0.5494839
692.8512,692.3018,0.5494245
692.8512,692.3018,0.5493664
692.8512,692.3019,0.5493032
692.8512,692.3021,0.5490817
692.8512,692.3021,0.5490569
692.8512,692.3022,0.5489899
692.8512,692.3023,0.5489292
692.8512,692.3023,0.5488978
692.8512,692.3024,0.548792
692.8512,692.3026,0.548621
692.8512,692.3026,0.5485844
692.8512,692.3026,0.5485794
692.8512,692.3027,0.5485365
692.8512,692.3027,0.5485319
692.8512,692.3027,0.5484768
692.8512,692.3029,0.5482777
692.8512,692.303,0.5482362
692.8512,692.303,0.5481957
692.8512,692.3031,0.5481462
692.8512,692.3031,0.54813
692.8512,692.3032,0.54803
692.8512,692.3032,0.5480296
692.8512,692.3032,0.5480287
692.8512,692.3032,0.548028
692.8512,692.3032,0.5480086
692.8512,692.3035,0.5477486
692.8512,692.3035,0.547719
692.8512,692.3035,0.5477063
692.8512,692.3035,0.5476739
692.8512,692.3036,0.547632
692.8512,692.3036,0.5475509
692.8512,692.3037,0.5474585
692.8512,692.3038,0.5474252
692.8512,692.304,0.5472136
692.8512,692.304,0.5472031
692.8512,692.304,0.5471671
692.8512,692.3041,0.5471495
692.8512,692.3041,0.5471433
692.8512,692.3041,0.5470844
692.8512,692.3042,0.5470012
692.8512,692.3042,0.5469693
692.8512,692.3042,0.5469648
692.8512,692.3043,0.5468851
692.8512,692.3044,0.5468373
692.8512,692.3044,0.5468283
692.8512,692.3045,0.54671
692.8512,692.3046,0.5466445
692.8512,692.3046,0.5465582
692.8512,692.3047,0.5465148
692.8512,692.3047,0.5465102
692.8512,692.3047,0.5464504
692.8512,692.3049,0.5463237
692.8512,692.305,0.5461841
692.8512,692.3052,0.5460228
692.8512,692.3052,0.5459985
692.8512,692.3054,0.5458477
692.8512,692.3054,0.5457748
692.8512,692.3054,0.5457647
692.8512,692.3055,0.5457215
692.8512,692.3055,0.5456877
692.8512,692.3055,0.5456798
692.8512,692.3056,0.5456315
692.8512,692.3056,0.5455647
692.8512,692.3057,0.5454818
692.8512,692.3057,0.5454653
692.8512,692.3058,0.5454416
692.8512,692.3058,0.5454127
692.8512,692.3058,0.5454023
692.8512,692.3058,0.5453837
692.8512,692.3059,0.5452503
692.8512,692.306,0.5452379
692.8512,692.306,0.5451997
692.8512,692.306,0.5451856
692.8512,692.3062,0.5449567
692.8512,692.3062,0.5449543
692.8512,692.3063,0.544915
692.8512,692.3064,0.5448425
692.8512,692.3064,0.5448274
692.8512,692.3064,0.5447789
692.8512,692.3064,0.5447731
692.8512,692.3065,0.5447326
692.8512,692.3066,0.5446281
692.8512,692.3066,0.5446156
692.8512,692.3066,0.5445925
692.8512,692.3067,0.5445036
692.8512,692.3067,0.5444904
692.8512,692.3067,0.5444771
692.8512,692.3068,0.5443765
692.8512,692.3068,0.5443737
692.8512,692.3069,0.5442868
692.8512,692.3069,0.5442791
692.8512,692.307,0.5442079
692.8512,692.307,0.5441942
692.8512,692.307,0.5441895
692.8512,692.307,0.5441569
692.8512,692.3071,0.5441322
692.8512,692.3071,0.5440886
692.8512,692.3071,0.5440515
692.8512,692.3072,0.5440362
692.8512,692.3074,0.5438353
692.8512,692.3074,0.5438206
692.8512,692.3075,0.5436851
692.8512,692.3076,0.5436186
692.8512,692.3076,0.5436152
692.8512,692.3077,0.5434974
692.8512,692.3078,0.5433724
692.8512,692.3079,0.5432809
692.8512,692.308,0.5432274
692.8512,692.308,0.5431746
692.8512,692.308,0.5431519
692.8512,692.308,0.5431503
692.8512,692.3081,0.5431092
692.8512,692.3082,0.5430455
692.8512,692.3082,0.5429703
692.8512,692.3083,0.5429087
692.8512,692.3083,0.5428903
692.8512,692.3083,0.5428854
692.8512,692.3084,0.5427955
692.8512,692.3085,0.5426584
692.8512,692.3086,0.5425999
692.8512,692.3087,0.5425122
692.8512,692.309,0.5422075
692.8512,692.309,0.5421962
692.8512,692.3091,0.5421455
692.8512,692.3091,0.5421101
692.8512,692.3091,0.5421069
692.8512,692.3091,0.5420972
692.8512,692.3091,0.5420508
692.8512,692.3092,0.5420088
692.8512,692.3093,0.5419494
692.8512,692.3093,0.5418566
692.8512,692.3095,0.5416602
692.8512,692.3096,0.5416307
692.8512,692.3097,0.5415373
692.8512,692.3097,0.5414857
692.8512,692.3098,0.5414164
692.8512,692.3099,0.5413008
692.8512,692.3099,0.5412638
692.8512,692.3099,0.5412567
692.8512,692.3102,0.5410466
692.8512,692.3103,0.5409268
692.8512,692.3104,0.540848
692.8512,692.3104,0.5408387
692.8512,692.3104,0.5408057
692.8512,692.3106,0.5406471
692.8512,692.3106,0.5406057
692.8512,692.3107,0.5404871
692.8512,692.3109,0.5403367
692.8512,692.3109,0.5402882
692.8512,692.311,0.5402322
692.8512,692.3113,0.5399166
692.8512,692.3116,0.5395837
692.8512,692.3116,0.5395832
692.8512,692.3116,0.5395509
692.8512,692.3117,0.5394796
692.8512,692.3118,0.5394063
692.8512,692.3118,0.539371
692.8512,692.3119,0.5393103
692.8512,692.3122,0.538951
692.8512,692.3123,0.538947
692.8512,692.3125,0.53873
692.8512,692.3125,0.5387124
692.8512,692.3127,0.5384632
692.8512,692.3131,0.5380715
692.8512,692.3131,0.5380609
692.8512,692.3133,0.5378926
692.8512,692.3134,0.5378375
692.8512,692.3135,0.5377437
692.8512,692.3135,0.5377149
692.8512,692.3137,0.5375482
692.8512,692.3137,0.5374775
692.8512,692.3141,0.5371429
692.8512,692.3141,0.5370596
692.8512,692.3143,0.5368955
692.8512,692.3144,0.5368119
692.8512,692.3147,0.5365234
692.8512,692.3147,0.5364611
692.8512,692.3148,0.5364271
692.8512,692.3148,0.5364107
692.8512,692.3149,0.5363075
692.8512,692.315,0.5362266
692.8512,692.3151,0.5361371
692.8512,692.3153,0.5359337
692.8512,692.3153,0.535925
692.8512,692.3153,0.5358975
692.8512,692.3153,0.5358966
692.8512,692.3155,0.5356693
692.8512,692.3158,0.5353598
692.8512,692.3159,0.5352947
692.8512,692.3162,0.5350429
692.8512,692.3162,0.5350073
692.8512,692.3163,0.5349467
692.8512,692.3164,0.5348292
692.8512,692.3164,0.5347759
692.8512,692.3164,0.5347693
692.8512,692.3165,0.5347404
692.8512,692.3165,0.5346659
692.8512,692.3167,0.5345226
692.8512,692.3168,0.5344355
692.8512,692.3169,0.5342658
692.8512,692.3171,0.5341336
692.8512,692.3171,0.5340685
692.8512,692.3172,0.5340042
692.8512,692.3172,0.5339601
692.8512,692.3173,0.5339023
692.8512,692.3173,0.5338901
692.8512,692.3175,0.5337264
692.8512,692.3175,0.5336927
692.8512,692.3175,0.5336701
692.8512,692.3175,0.5336664
692.8512,692.3176,0.533635
692.8512,692.3176,0.5335567
692.8512,692.3177,0.5335308
692.8512,692.3178,0.5333915
692.8512,692.3179,0.5332901
692.8512,692.3182,0.5329931
692.8512,692.3182,0.5329521
692.8512,692.3183,0.5329497
692.8512,692.3183,0.5329416
692.8512,692.3183,0.5329255
692.8512,692.3184,0.5327848
692.8512,692.3184,0.5327598
692.8512,692.3184,0.5327517
692.8512,692.3185,0.5327295
692.8512,692.3185,0.5326942
692.8512,692.3186,0.5326295
692.8512,692.3186,0.5326251
692.8512,692.3187,0.5324812
692.8512,692.3187,0.5324526
692.8512,692.3188,0.532437
692.8512,692.3188,0.5323546
692.8512,692.3189,0.5323321
692.8512,692.319,0.5322449
692.8512,692.3191,0.5320537
692.8512,692.3193,0.5318865
692.8512,692.3194,0.5318336
692.8512,692.3194,0.531753
692.8512,692.3195,0.531701
692.8512,692.3197,0.5314572
692.8512,692.3197,0.5314518
692.8512,692.3198,0.5314286
692.8512,692.3198,0.5313617
692.8512,692.32,0.5312334
692.8512,692.32,0.531152
692.8512,692.3201,0.5311417
692.8512,692.3202,0.5309931
692.8512,692.3202,0.5309827
692.8512,692.3203,0.5309155
692.8512,692.3204,0.5308237
692.8512,692.3204,0.5308196
692.8512,692.3204,0.5308084
692.8512,692.3204,0.5307889
692.8512,692.3205,0.5307486
692.8512,692.3205,0.5306863
692.8512,692.3206,0.5306187
692.8512,692.3206,0.5305965
692.8512,692.3206,0.5305954
692.8512,692.3207,0.530533
692.8512,692.3208,0.5304352
692.8512,692.3208,0.5303896
692.8512,692.3211,0.5300847
692.8512,692.3211,0.5300589
692.8512,692.3211,0.5300547
692.8512,692.3214,0.5298497
692.8512,692.3214,0.5297826
692.8512,692.3215,0.5296914
692.8512,692.3216,0.5296172
692.8512,692.3217,0.5295036
692.8512,692.3218,0.5294348
692.8512,692.3219,0.5292523
692.8512,692.322,0.5292269
692.8512,692.322,0.5292079
692.8512,692.3221,0.5291207
692.8512,692.3221,0.5290688
692.8512,692.3223,0.5288903
692.8512,692.3225,0.5287169
692.8512,692.3225,0.5287041
692.8512,692.3225,0.5286637
692.8512,692.3225,0.5286575
692.8512,692.3226,0.5285661
692.8512,692.3227,0.5285412
692.8512,692.3227,0.5284758
692.8512,692.3228,0.5283669
692.8512,692.3228,0.5283509
692.8512,692.3229,0.5282791
692.8512,692.323,0.5282093
692.8512,692.323,0.5281752
692.8512,692.3231,0.5281242
692.8512,692.3232,0.5279918
692.8512,692.3233,0.5279222
692.8512,692.3233,0.5279206
692.8512,692.3234,0.5277855
692.8512,692.3234,0.5277641
692.8512,692.3235,0.5277317
692.8512,692.3235,0.5277257
692.8512,692.3235,0.5276939
692.8512,692.3236,0.527625
692.8512,692.3236,0.5276184
692.8512,692.3237,0.52754
692.8512,692.3237,0.527455
692.8512,692.3238,0.5274438
692.8512,692.3238,0.5273843
692.8512,692.3238,0.5273839
692.8512,692.3238,0.5273753
692.8512,692.3238,0.5273634
692.8512,692.3238,0.5273578
692.8512,692.3238,0.5273552
692.8512,692.3239,0.5273095
692.8512,692.3239,0.5273005
692.8512,692.3239,0.5272992
692.8512,692.3239,0.5272572
692.8512,692.324,0.5272335
692.8512,692.324,0.5271977
692.8512,692.324,0.5271939
692.8512,692.324,0.5271877
692.8512,692.324,0.5271792
692.8512,692.3241,0.5270894
692.8512,692.3241,0.5270828
692.8512,692.3241,0.5270519
692.8512,692.3242,0.5270189
692.8512,692.3242,0.526952
692.8512,692.3243,0.5269139
692.8512,692.3243,0.5268989
692.8512,692.3243,0.5268987
692.8512,692.3243,0.5268912
692.8512,692.3244,0.5268275
692.8512,692.3244,0.5268057
692.8512,692.3244,0.526792
692.8512,692.3244,0.5267555
692.8512,692.3245,0.5266748
692.8512,692.3246,0.5265714
692.8512,692.3248,0.5263909
692.8512,692.3249,0.5263425
692.8512,692.3249,0.5263398
692.8512,692.3249,0.5262908
692.8512,692.3249,0.5262819
692.8512,692.325,0.5262236
692.8512,692.325,0.5262204
692.8512,692.3251,0.5261138
692.8512,692.3251,0.5261056
692.8512,692.3252,0.5260415
692.8512,692.3252,0.5260346
692.8512,692.3252,0.5260148
692.8512,692.3252,0.5259816
692.8512,692.3252,0.525975
692.8512,692.3253,0.525938
692.8512,692.3253,0.5259302
692.8512,692.3254,0.5258244
692.8512,692.3254,0.5257923
692.8512,692.3255,0.5256971
692.8512,692.3255,0.5256632
692.8512,692.3256,0.5256413
692.8512,692.3256,0.5255953
692.8512,692.3256,0.5255519
692.8512,692.3256,0.525551
692.8512,692.3257,0.5255112
692.8512,692.3257,0.5254959
692.8512,692.3257,0.5254911
692.8512,692.3257,0.5254704
692.8512,692.3259,0.5252556
692.8512,692.326,0.5251784
692.8512,692.326,0.5251619
692.8512,692.3262,0.52503
692.8512,692.3262,0.5250088
692.8512,692.3262,0.5249707
692.8512,692.3263,0.5248604
692.8512,692.3264,0.5248266
692.8512,692.3264,0.5247955
692.8512,692.3265,0.5247329
692.8512,692.3266,0.5246079
692.8512,692.3266,0.5245937
692.8512,692.3266,0.5245582
692.8512,692.3267,0.5244524
692.8512,692.3268,0.5244423
692.8512,692.3269,0.5243392
692.8512,692.3269,0.524339
692.8512,692.3269,0.524306
692.8512,692.3271,0.5241316
692.8512,692.3271,0.5241287
692.8512,692.3271,0.5240818
692.8512,692.3271,0.5240766
692.8512,692.3272,0.5240358
692.8512,692.3272,0.5239889
692.8512,692.3272,0.523951
692.8512,692.3274,0.5238053
692.8512,692.3274,0.5237662
692.8512,692.3274,0.5237626
692.8512,692.3275,0.5237169
692.8512,692.3275,0.5236832
692.8512,692.3276,0.5235568
692.8512,692.3277,0.5235391
692.8512,692.3277,0.5234685
692.8512,692.3278,0.5234383
692.8512,692.3279,0.5233358
692.8512,692.3279,0.523269
692.8512,692.328,0.5232001
692.8512,692.3281,0.523143
692.8512,692.3281,0.5231086
692.8512,692.3282,0.523038
692.8512,692.3282,0.522997
692.8512,692.3283,0.5229364
692.8512,692.3283,0.5229158
692.8512,692.3283,0.5229077
692.8512,692.3284,0.5227721
692.8512,692.3285,0.5227097
692.8512,692.3288,0.5224305
692.8512,692.329,0.5221902
692.8512,692.329,0.5221674
692.8512,692.329,0.5221665
692.8512,692.3291,0.52211
692.8512,692.3291,0.5220934
692.8512,692.3291,0.5220633
692.8512,692.3292,0.5219793
692.8512,692.3292,0.5219749
692.8512,692.3293,0.5219413
692.8512,692.3293,0.5218729
692.8512,692.3294,0.5218362
692.8512,692.3294,0.5217557
692.8512,692.3295,0.5216639
692.8512,692.3296,0.5216384
692.8512,692.3296,0.5216341
692.8512,692.3296,0.5215996
692.8512,692.3296,0.5215642
692.8512,692.3297,0.5215176
692.8512,692.3297,0.5214799
692.8512,692.3297,0.5214787
692.8512,692.3297,0.5214762
692.8512,692.3297,0.5214663
692.8512,692.3298,0.5214498
692.8512,692.3298,0.521386
692.8512,692.3298,0.5213724
692.8512,692.3298,0.5213709
692.8512,692.3299,0.5212964
692.8512,692.3299,0.5212796
692.8512,692.3299,0.5212709
692.8512,692.33,0.5212363
692.8512,692.33,0.521235
692.8512,692.33,0.5212084
692.8512,692.3301,0.5211208
692.8512,692.3302,0.5210257
692.8512,692.3302,0.5209959
692.8512,692.3302,0.5209573
692.8512,692.3303,0.5208894
692.8512,692.3303,0.5208512
692.8512,692.3304,0.5208442
692.8512,692.3304,0.5207842
692.8512,692.3304,0.5207825
692.8512,692.3306,0.5206289
692.8512,692.3306,0.5205892
692.8512,692.3306,0.5205542
692.8512,692.3307,0.5205227
692.8512,692.3307,0.5204772
692.8512,692.3308,0.5204216
692.8512,692.3309,0.5203109
692.8512,692.3309,0.5202994
692.8512,692.3309,0.5202928
692.8512,692.3309,0.5202729
692.8512,692.331,0.5202381
692.8512,692.331,0.5202328
692.8512,692.331,0.5202121
692.8512,692.3311,0.5201497
692.8512,692.3311,0.5201466
692.8512,692.3311,0.520102
692.8512,692.3311,0.5200524
692.8512,692.3312,0.5200274
692.8512,692.3312,0.5200214
692.8512,692.3312,0.5199814
692.8512,692.3313,0.5198589
692.8512,692.3314,0.5197623
692.8512,692.3314,0.519751
692.8512,692.3315,0.5197364
692.8512,692.3315,0.5197234
692.8512,692.3315,0.519722
692.8512,692.3315,0.5197109
692.8512,692.3315,0.5196782
692.8512,692.3315,0.5196517
692.8512,692.3316,0.5196063
692.8512,692.3316,0.5195995
692.8512,692.3316,0.5195769
692.8512,692.3316,0.519552
692.8512,692.3317,0.5195205
692.8512,692.3318,0.5194452
692.8512,692.3318,0.5194194
692.8512,692.3318,0.5194155
692.8512,692.3318,0.5193771
692.8512,692.3318,0.5193754
692.8512,692.3319,0.5193468
692.8512,692.3319,0.5192929
692.8512,692.3319,0.5192811
692.8512,692.3319,0.5192674
692.8512,692.332,0.5191833
692.8512,692.332,0.5191814
692.8512,692.332,0.5191543
692.8512,692.3321,0.5191492
692.8512,692.3321,0.5191106
692.8512,692.3321,0.519101
692.8512,692.3321,0.519083
692.8512,692.3321,0.5190799
692.8512,692.3322,0.5190313
692.8512,692.3322,0.5190286
692.8512,692.3322,0.519014
692.8512,692.3322,0.5190064
692.8512,692.3322,0.5189546
692.8512,692.3323,0.5188728
692.8512,692.3323,0.5188631
692.8512,692.3324,0.5188434
692.8512,692.3324,0.5188103
692.8512,692.3324,0.5188083
692.8512,692.3324,0.5188075
692.8512,692.3324,0.5188008
692.8512,692.3326,0.5185816
692.8512,692.3327,0.5185424
692.8512,692.3327,0.5185225
692.8512,692.3327,0.5185013
692.8512,692.3327,0.5184791
692.8512,692.3328,0.5184129
692.8512,692.3328,0.5183564
692.8512,692.3329,0.5183469
692.8512,692.3329,0.5183413
692.8512,692.3329,0.5183253
692.8512,692.3329,0.5182825
692.8512,692.333,0.5181768
692.8512,692.333,0.5181696
692.8512,692.3331,0.5181343
692.8512,692.3331,0.5181136
692.8512,692.3331,0.5181129
692.8512,692.3331,0.518084
692.8512,692.3331,0.5180722
692.8512,692.3331,0.5180695
692.8512,692.3332,0.5180308
692.8512,692.3332,0.5180112
692.8512,692.3332,0.5179977
692.8512,692.3333,0.5178783
692.8512,692.3333,0.5178774
692.8512,692.3334,0.5178439
692.8512,692.3335,0.5177386
692.8512,692.3336,0.5176168
692.8512,692.3336,0.5176065
692.8512,692.3336,0.5176032
692.8512,692.3336,0.5176003
692.8512,692.3336,0.517573
692.8512,692.3337,0.5175344
692.8512,692.3337,0.5174972
692.8512,692.3337,0.5174967
692.8512,692.3337,0.517484
692.8512,692.3337,0.5174732
692.8512,692.3337,0.5174696
692.8512,692.3338,0.5174354
692.8512,692.3338,0.5174281
692.8512,692.3338,0.5174222
692.8512,692.3338,0.517416
692.8512,692.3338,0.5173969
692.8512,692.3338,0.5173522
692.8512,692.3339,0.5172686
692.8512,692.3339,0.5172624
692.8512,692.334,0.5172487
692.8512,692.334,0.5172124
692.8512,692.334,0.5172004
692.8512,692.334,0.5171962
692.8512,692.334,0.5171651
692.8512,692.3341,0.5170778
692.8512,692.3341,0.5170694
692.8512,692.3341,0.5170566
692.8512,692.3341,0.5170558
692.8512,692.3342,0.5170323
692.8512,692.3342,0.5170243
692.8512,692.3342,0.5170096
692.8512,692.3342,0.5170074
692.8512,692.3342,0.5169697
692.8512,692.3342,0.5169653
692.8512,692.3342,0.5169596
692.8512,692.3343,0.5169255
692.8512,692.3343,0.5169098
692.8512,692.3343,0.5168927
692.8512,692.3343,0.5168798
692.8512,692.3343,0.5168631
692.8512,692.3344,0.51684
692.8512,692.3344,0.5167831
692.8512,692.3344,0.5167521
692.8512,692.3345,0.5167357
692.8512,692.3345,0.5167314
692.8512,692.3345,0.5166963
692.8512,692.3345,0.5166743
692.8512,692.3346,0.5166231
692.8512,692.3346,0.5166229
692.8512,692.3347,0.5165315
692.8512,692.3347,0.5165094
692.8512,692.3347,0.5164933
692.8512,692.3347,0.5164852
692.8512,692.3347,0.516473
692.8512,692.3347,0.5164704
692.8512,692.3348,0.5164423
692.8512,692.3348,0.5164293
692.8512,692.3348,0.5164193
692.8512,692.3348,0.5164075
692.8512,692.3348,0.5163981
692.8512,692.3348,0.5163955
692.8512,692.3349,0.5163449
692.8512,692.3349,0.5162788
692.8512,692.3349,0.5162678
692.8512,692.3349,0.5162675
692.8512,692.335,0.5162389
692.8512,692.335,0.5162327
692.8512,692.335,0.5162105
692.8512,692.335,0.5162035
692.8512,692.335,0.5161692
692.8512,692.3351,0.5161396
692.8512,692.3351,0.5160968
692.8512,692.3351,0.5160897
692.8512,692.3351,0.5160651
692.8512,692.3352,0.5159938
692.8512,692.3352,0.5159816
692.8512,692.3353,0.5159305
692.8512,692.3354,0.5158494
692.8512,692.3354,0.5158347
692.8512,692.3354,0.5158343
692.8512,692.3354,0.5158046
692.8512,692.3354,0.5157819
692.8512,692.3354,0.5157681
692.8512,692.3355,0.5157239
692.8512,692.3355,0.5157048
692.8512,692.3355,0.515675
692.8512,692.3356,0.5156297
692.8512,692.3356,0.5156153
692.8512,692.3356,0.5156138
692.8512,692.3356,0.515607
692.8512,692.3356,0.5155586
692.8512,692.3357,0.5155328
692.8512,692.3357,0.5155193
692.8512,692.3357,0.5155182
692.8512,692.3357,0.5154739
692.8512,692.3358,0.5154392
692.8512,692.3358,0.5154182
692.8512,692.3358,0.5154171
692.8512,692.3358,0.5154133
692.8512,692.3358,0.515389
692.8512,692.3358,0.515379
692.8512,692.3358,0.5153732
692.8512,692.3358,0.5153609
692.8512,692.3358,0.5153512
692.8512,692.3359,0.5153406
692.8512,692.3359,0.5153317
692.8512,692.3359,0.515292
692.8512,692.3359,0.515279
692.8512,692.3359,0.5152549
692.8512,692.3359,0.515254
692.8512,692.3359,0.5152502
692.8512,692.336,0.5152239
692.8512,692.336,0.5152171
692.8512,692.336,0.5152171
692.8512,692.336,0.5151593
692.8512,692.336,0.5151553
692.8512,692.3361,0.5151318
692.8512,692.3361,0.5151245
692.8512,692.3361,0.5150996
692.8512,692.3361,0.5150754
692.8512,692.3361,0.5150599
692.8512,692.3361,0.5150574
692.8512,692.3362,0.5150476
692.8512,692.3362,0.5150175
692.8512,692.3362,0.5150016
692.8512,692.3363,0.5149441
692.8512,692.3363,0.5149425
692.8512,692.3363,0.5149305
692.8512,692.3363,0.5149231
692.8512,692.3363,0.514906
692.8512,692.3363,0.5148927
692.8512,692.3363,0.5148823
692.8512,692.3363,0.5148747
692.8512,692.3364,0.5148389
692.8512,692.3364,0.5148383
692.8512,692.3364,0.514825
692.8512,692.3364,0.5148102
692.8512,692.3364,0.514806
692.8512,692.3364,0.5148024
692.8512,692.3364,0.5147844
692.8512,692.3364,0.5147546
692.8512,692.3365,0.5147408
692.8512,692.3365,0.5146693
692.8512,692.3366,0.5146287
692.8512,692.3366,0.5146264
692.8512,692.3366,0.5146118
692.8512,692.3366,0.5145965
692.8512,692.3366,0.5145775
692.8512,692.3366,0.5145701
692.8512,692.3366,0.5145551
692.8512,692.3367,0.5145279
692.8512,692.3367,0.5145084
692.8512,692.3367,0.5144989
692.8512,692.3368,0.5144128
692.8512,692.3368,0.5143981
692.8512,692.3368,0.5143774
692.8512,692.3368,0.5143514
692.8512,692.3369,0.5143281
692.8512,692.3369,0.514313
692.8512,692.3369,0.51428
692.8512,692.3369,0.5142501
692.8512,692.337,0.5142448
692.8512,692.337,0.514238
692.8512,692.337,0.5142121
692.8512,692.337,0.5141758
692.8512,692.337,0.5141721
692.8512,692.337,0.5141694
692.8512,692.337,0.5141652
692.8512,692.3371,0.5141253
692.8512,692.3371,0.5141235
692.8512,692.3371,0.5141233
692.8512,692.3371,0.5141199
692.8512,692.3371,0.5141025
692.8512,692.3371,0.5140642
692.8512,692.3371,0.5140618
692.8512,692.3372,0.5140473
692.8512,692.3372,0.5140113
692.8512,692.3372,0.5140026
692.8512,692.3372,0.5139818
692.8512,692.3372,0.5139753
692.8512,692.3373,0.513948
692.8512,692.3373,0.5139178
692.8512,692.3373,0.513894
692.8512,692.3373,0.5138726
692.8512,692.3373,0.5138713
692.8512,692.3374,0.5138469
692.8512,692.3374,0.5137887
692.8512,692.3374,0.5137674
692.8512,692.3374,0.513763
692.8512,692.3374,0.5137551
692.8512,692.3375,0.513735
692.8512,692.3375,0.5137318
692.8512,692.3375,0.5137216
692.8512,692.3375,0.5136818
692.8512,692.3376,0.5136476
692.8512,692.3376,0.5135913
692.8512,692.3376,0.5135586
692.8512,692.3377,0.5135262
692.8512,692.3377,0.5134949
692.8512,692.3377,0.5134602
692.8512,692.3377,0.5134507
692.8512,692.3378,0.5134064
692.8512,692.3378,0.5133703
692.8512,692.3378,0.5133661
692.8512,692.3378,0.5133516
692.8512,692.3378,0.5133513
692.8512,692.3379,0.5133444
692.8512,692.3379,0.5133391
692.8512,692.3379,0.5133081
692.8512,692.3379,0.5133018
692.8512,692.3379,0.5132541
692.8512,692.3379,0.5132524
692.8512,692.338,0.5132391
692.8512,692.338,0.5132241
692.8512,692.338,0.5132064
692.8512,692.3381,0.5131222
692.8512,692.3381,0.5131168
692.8512,692.3381,0.5131143
692.8512,692.3381,0.513108
692.8512,692.3381,0.5130983
692.8512,692.3381,0.5130759
692.8512,692.3381,0.513056
692.8512,692.3382,0.513044
692.8512,692.3382,0.5130231
692.8512,692.3382,0.5129933
692.8512,692.3382,0.5129728
692.8512,692.3383,0.5128983
692.8512,692.3383,0.5128824
692.8512,692.3385,0.5127275
692.8512,692.3385,0.5127091
692.8512,692.3385,0.512701
692.8512,692.3386,0.5126378
692.8512,692.3386,0.5125805
692.8512,692.3386,0.5125576
692.8512,692.3386,0.5125553
692.8512,692.3386,0.5125537
692.8512,692.3387,0.5124753
692.8512,692.3387,0.5124671
692.8512,692.3387,0.5124575
692.8512,692.3388,0.5124224
692.8512,692.3388,0.5123742
692.8512,692.3388,0.5123526
692.8512,692.3389,0.5122578
692.8512,692.3389,0.5122531
692.8512,692.339,0.5122454
692.8512,692.339,0.5122293
692.8512,692.3391,0.5121136
692.8512,692.3392,0.5120432
692.8512,692.3392,0.5120183
692.8512,692.3392,0.5120127
692.8512,692.3392,0.5119718
692.8512,692.3392,0.5119706
692.8512,692.3393,0.5119045
692.8512,692.3393,0.511896
692.8512,692.3393,0.5118912
692.8512,692.3394,0.5117698
692.8512,692.3395,0.5117494
692.8512,692.3395,0.5117155
692.8512,692.3395,0.5116867
692.8512,692.3395,0.5116565
692.8512,692.3396,0.5116483
692.8512,692.3396,0.5116295
692.8512,692.3396,0.5116193
692.8512,692.3396,0.5116172
692.8512,692.3397,0.5115322
692.8512,692.3397,0.5114849
692.8512,692.3397,0.5114594
692.8512,692.3398,0.5114231
692.8512,692.3399,0.5113447
692.8512,692.3399,0.511288
692.8512,692.3399,0.5112699
692.8512,692.34,0.5111771
692.8512,692.3401,0.5111066
692.8512,692.3402,0.5110436
692.8512,692.3402,0.5110398
692.8512,692.3402,0.5110377
692.8512,692.3402,0.5110229
692.8512,692.3402,0.5110175
692.8512,692.3403,0.510947
692.8512,692.3404,0.5108087
692.8512,692.3404,0.5107942
692.8512,692.3405,0.5107035
692.8512,692.3405,0.5106888
692.8512,692.3405,0.5106545
692.8512,692.3406,0.5106403
692.8512,692.3406,0.5105632
692.8512,692.3407,0.5105231
692.8512,692.3407,0.5104943
692.8512,692.3407,0.5104512
692.8512,692.3408,0.5104458
692.8512,692.3408,0.5104211
692.8512,692.3408,0.5104024
692.8512,692.3408,0.5103718
692.8512,692.3411,0.5101123
692.8512,692.3411,0.5100593
692.8512,692.3413,0.5099284
692.8512,692.3413,0.5098851
692.8512,692.3413,0.5098518
692.8512,692.3414,0.509806
692.8512,692.3415,0.5097126
692.8512,692.3415,0.5097103
692.8512,692.3415,0.5096692
692.8512,692.3417,0.5094715
692.8512,692.3418,0.5093578
692.8512,692.3419,0.5093292
692.8512,692.342,0.5092033
692.8512,692.3422,0.5090327
692.8512,692.3422,0.5090232
692.8512,692.3422,0.5090144
692.8512,692.3423,0.508935
692.8512,692.3423,0.5088537
692.8512,692.3424,0.5088462
692.8512,692.3425,0.5086617
692.8512,692.3426,0.5086174
692.8512,692.3427,0.5085391
692.8512,692.3427,0.5084795
692.8512,692.3427,0.5084792
692.8512,692.3428,0.5083895
692.8512,692.3428,0.5083826
692.8512,692.3428,0.5083754
692.8512,692.3429,0.5083149
692.8512,692.343,0.5082436
692.8512,692.343,0.5082223
692.8512,692.343,0.508189
692.8512,692.3431,0.5081386
692.8512,692.3431,0.5081122
692.8512,692.3431,0.5081024
692.8512,692.3431,0.5080888
692.8512,692.3432,0.5079931
692.8512,692.3432,0.5079845
692.8512,692.3432,0.5079771
692.8512,692.3433,0.507873
692.8512,692.3433,0.5078702
692.8512,692.3435,0.5076705
692.8512,692.3435,0.5076557
692.8512,692.3436,0.5076455
692.8512,692.3436,0.5075944
692.8512,692.3436,0.5075806
692.8512,692.3436,0.5075632
692.8512,692.3437,0.5075383
692.8512,692.3437,0.5074996
692.8512,692.3437,0.5074899
692.8512,692.3438,0.507448
692.8512,692.3438,0.5074442
692.8512,692.3438,0.5074412
692.8512,692.3438,0.5073639
692.8512,692.3439,0.5072756
692.8512,692.3439,0.5072755
692.8512,692.344,0.5072359
692.8512,692.344,0.5072329
692.8512,692.344,0.5071792
692.8512,692.344,0.5071571
692.8512,692.3441,0.5071463
692.8512,692.3441,0.5070819
692.8512,692.3442,0.507044
692.8512,692.3442,0.5070099
692.8512,692.3443,0.5069163
692.8512,692.3443,0.5068917
692.8512,692.3443,0.506872
692.8512,692.3444,0.5068045
692.8512,692.3444,0.5067984
692.8512,692.3444,0.5067929
692.8512,692.3444,0.50677
692.8512,692.3445,0.506723
692.8512,692.3445,0.5066741
692.8512,692.3445,0.5066701
692.8512,692.3446,0.5066311
692.8512,692.3446,0.5065885
692.8512,692.3447,0.5065467
692.8512,692.3448,0.5064126
692.8512,692.3448,0.506397
692.8512,692.3449,0.5062968
692.8512,692.3449,0.5062899
692.8512,692.345,0.5062216
692.8512,692.345,0.5061656
692.8512,692.345,0.5061586
692.8512,692.3451,0.5060765
692.8512,692.3452,0.5060137
692.8512,692.3452,0.5059954
692.8512,692.3453,0.5059055
692.8512,692.3454,0.5058497
692.8512,692.3454,0.5058224
692.8512,692.3454,0.5057707
692.8512,692.3455,0.5057176
692.8512,692.3456,0.5056488
692.8512,692.3456,0.505614
692.8512,692.3457,0.5055392
692.8512,692.3457,0.5054799
692.8512,692.3458,0.5053928
692.8512,692.3458,0.5053873
692.8512,692.3459,0.5052845
692.8512,692.3459,0.5052533
692.8512,692.346,0.5051863
692.8512,692.3461,0.50509
692.8512,692.3461,0.5050829
692.8512,692.3462,0.5049897
692.8512,692.3462,0.5049779
692.8512,692.3463,0.5049107
692.8512,692.3463,0.5049083
692.8512,692.3464,0.5048195
692.8512,692.3464,0.5048118
692.8512,692.3466,0.5046433
692.8512,692.3466,0.5046084
692.8512,692.3467,0.5045367
692.8512,692.3467,0.5045233
692.8512,692.3467,0.5045098
692.8512,692.3467,0.5044564
692.8512,692.3467,0.5044501
692.8512,692.3468,0.5044356
692.8512,692.3468,0.5044254
692.8512,692.3468,0.5044209
692.8512,692.3469,0.504348
692.8512,692.347,0.5042316
692.8512,692.347,0.5042297
692.8512,692.3471,0.5040951
692.8512,692.3471,0.5040866
692.8512,692.3472,0.5040452
692.8512,692.3472,0.5039643
692.8512,692.3473,0.5039377
692.8512,692.3473,0.5038582
692.8512,692.3474,0.5038188
692.8512,692.3475,0.5037017
692.8512,692.3476,0.5035759
692.8512,692.3477,0.5035367
692.8512,692.3477,0.5034624
692.8512,692.3478,0.5033852
692.8512,692.3478,0.5033792
692.8512,692.3479,0.5033333
692.8512,692.3479,0.5033252
692.8512,692.348,0.5031915
692.8512,692.3481,0.50314
692.8512,692.3481,0.5030961
692.8512,692.3481,0.5030662
692.8512,692.3481,0.5030628
692.8512,692.3481,0.5030593
692.8512,692.3483,0.5029142
692.8512,692.3484,0.5027911
692.8512,692.3485,0.5027145
692.8512,692.3485,0.5027088
692.8512,692.3488,0.5024451
692.8512,692.3488,0.5023759
692.8512,692.3488,0.5023692
692.8512,692.3489,0.5023084
692.8512,692.3489,0.5022623
692.8512,692.349,0.5021712
692.8512,692.3491,0.5020852
692.8512,692.3491,0.5020666
692.8512,692.3492,0.5020467
692.8512,692.3492,0.502002
692.8512,692.3492,0.5019993
692.8512,692.3492,0.5019899
692.8512,692.3493,0.5019049
692.8512,692.3493,0.5018925
692.8512,692.3494,0.5018497
692.8512,692.3494,0.5018328
692.8512,692.3494,0.5018287
692.8512,692.3494,0.5017932
692.8512,692.3494,0.5017632
692.8512,692.3495,0.5017175
692.8512,692.3496,0.5016404
692.8512,692.3496,0.5015569
692.8512,692.3497,0.5015276
692.8512,692.3497,0.5015029
692.8512,692.3497,0.5014882
692.8512,692.3497,0.5014839
692.8512,692.3499,0.5013353
692.8512,692.3499,0.5013289
692.8512,692.3499,0.5012798
692.8512,692.35,0.5012193
692.8512,692.35,0.5012016
692.8512,692.35,0.5011808
692.8512,692.35,0.501164
692.8512,692.3501,0.5010872
692.8512,692.3505,0.5006792
692.8512,692.3505,0.5006738
692.8512,692.3505,0.5006514
692.8512,692.3507,0.500489
692.8512,692.3507,0.5004707
692.8512,692.3509,0.5003279
692.8512,692.3509,0.500276
692.8512,692.351,0.5002325
692.8512,692.351,0.5002013
692.8512,692.3512,0.5000298
692.8512,692.3512,0.5000202
692.8512,692.3513,0.4999451
692.8512,692.3514,0.4997886
692.8512,692.3515,0.4997208
692.8512,692.3516,0.4995946
692.8512,692.3516,0.4995612
692.8512,692.3517,0.4994692
692.8512,692.3517,0.4994523
692.8512,692.3518,0.499403
692.8512,692.3518,0.4993543
692.8512,692.3519,0.4993442
692.8512,692.3519,0.4992782
692.8512,692.352,0.4991669
692.8512,692.3521,0.4991444
692.8512,692.3521,0.499066
692.8512,692.3521,0.4990622
692.8512,692.3522,0.4989929
692.8512,692.3523,0.4989056
692.8512,692.3523,0.4988548
692.8512,692.3524,0.4988406
692.8512,692.3524,0.498798
692.8512,692.3525,0.4986794
692.8512,692.3525,0.4986665
692.8512,692.3526,0.4986236
692.8512,692.3526,0.4985956
692.8512,692.3526,0.4985743
692.8512,692.3528,0.4984425
692.8512,692.3529,0.4983321
692.8512,692.3529,0.4983218
692.8512,692.3529,0.4982718
692.8512,692.3531,0.4981251
692.8512,692.3531,0.4980748
692.8512,692.3531,0.4980551
692.8512,692.3533,0.4979081
692.8512,692.3534,0.4977958
692.8512,692.3535,0.4977339
692.8512,692.3535,0.4977257
692.8512,692.3535,0.4976844
692.8512,692.3535,0.4976816
692.8512,692.3537,0.4975349
692.8512,692.3537,0.4975007
692.8512,692.3538,0.4974499
692.8512,692.3538,0.4973888
692.8512,692.3539,0.4973134
692.8512,692.3539,0.4973003
692.8512,692.3539,0.497287
692.8512,692.354,0.4972214
692.8512,692.354,0.4972176
692.8512,692.354,0.4971503
692.8512,692.3541,0.4971383
692.8512,692.3541,0.4970794
692.8512,692.3542,0.4970454
692.8512,692.3544,0.4968085
692.8512,692.3544,0.4967913
692.8512,692.3544,0.4967734
692.8512,692.3544,0.4967546
692.8512,692.3545,0.4966782
692.8512,692.3545,0.4966583
692.8512,692.3545,0.4966564
692.8512,692.3547,0.4965271
692.8512,692.3547,0.4965031
692.8512,692.3547,0.4964978
692.8512,692.3548,0.496439
692.8512,692.3548,0.4964132
692.8512,692.3548,0.4963854
692.8512,692.3548,0.4963614
692.8512,692.3549,0.4963035
692.8512,692.3549,0.4963029
692.8512,692.3549,0.4962995
692.8512,692.3549,0.4962791
692.8512,692.3549,0.4962542
692.8512,692.355,0.4962404
692.8512,692.355,0.4962062
692.8512,692.355,0.4961862
692.8512,692.3551,0.496121
692.8512,692.3552,0.496013
692.8512,692.3554,0.4958473
692.8512,692.3554,0.4958275
692.8512,692.3554,0.4957774
692.8512,692.3555,0.495748
692.8512,692.3555,0.495715
692.8512,692.3555,0.4956864
692.8512,692.3555,0.4956768
692.8512,692.3556,0.4956464
692.8512,692.3557,0.4955206
692.8512,692.3557,0.4955035
692.8512,692.3557,0.4954886
692.8512,692.3557,0.4954591
692.8512,692.3558,0.4953945
692.8512,692.3558,0.495387
692.8512,692.3558,0.495359
692.8512,692.356,0.4952198
692.8512,692.356,0.4952164
692.8512,692.3561,0.4951382
692.8512,692.3561,0.4951243
692.8512,692.3561,0.4951237
692.8512,692.3561,0.4950993
692.8512,692.3561,0.495079
692.8512,692.3561,0.4950696
692.8512,692.3562,0.4950296
692.8512,692.3562,0.4949936
692.8512,692.3562,0.4949864
692.8512,692.3562,0.4949825
692.8512,692.3562,0.4949643
692.8512,692.3562,0.4949598
692.8512,692.3563,0.4949204
692.8512,692.3563,0.494895
692.8512,692.3563,0.4948852
692.8512,692.3563,0.4948707
692.8512,692.3564,0.4948376
692.8512,692.3564,0.4948346
692.8512,692.3564,0.494809
692.8512,692.3564,0.4947868
692.8512,692.3564,0.4947814
692.8512,692.3565,0.4947001
692.8512,692.3565,0.494657
692.8512,692.3566,0.4946472
692.8512,692.3566,0.4945567
692.8512,692.3567,0.494539
692.8512,692.3567,0.4944959
692.8512,692.3567,0.4944871
692.8512,692.3568,0.4944224
692.8512,692.3568,0.4943893
692.8512,692.3569,0.4943308
692.8512,692.3569,0.4943015
692.8512,692.3569,0.4942917
692.8512,692.3569,0.4942826
692.8512,692.357,0.494223
692.8512,692.357,0.4942011
692.8512,692.3571,0.4941425
692.8512,692.3571,0.4941331
692.8512,692.3571,0.4940849
692.8512,692.3571,0.4940635
692.8512,692.3572,0.4940094
692.8512,692.3572,0.493996
692.8512,692.3572,0.4939822
692.8512,692.3572,0.4939816
692.8512,692.3572,0.4939603
692.8512,692.3572,0.4939502
692.8512,692.3573,0.4939381
692.8512,692.3573,0.4939208
692.8512,692.3573,0.4939147
692.8512,692.3573,0.4939031
692.8512,692.3573,0.4938607
692.8512,692.3574,0.4938324
692.8512,692.3574,0.4937569
692.8512,692.3576,0.4935634
692.8512,692.3578,0.4934288
692.8512,692.3578,0.4934142
692.8512,692.3578,0.4933777
692.8512,692.3578,0.4933776
692.8512,692.3578,0.4933675
692.8512,692.3578,0.4933667
692.8512,692.3579,0.4932703
692.8512,692.3579,0.4932617
692.8512,692.358,0.4932299
692.8512,692.358,0.4932183
692.8512,692.358,0.4932139
692.8512,692.358,0.4932067
692.8512,692.3581,0.4931387
692.8512,692.3581,0.4931366
692.8512,692.3581,0.4931251
692.8512,692.3581,0.4931054
692.8512,692.3582,0.4930021
692.8512,692.3582,0.4929843
692.8512,692.3582,0.4929692
692.8512,692.3583,0.492884
692.8512,692.3584,0.4928289
692.8512,692.3584,0.4927998
692.8512,692.3584,0.4927678
692.8512,692.3585,0.4927497
692.8512,692.3585,0.4927317
692.8512,692.3585,0.4926829
692.8512,692.3585,0.4926624
692.8512,692.3585,0.4926601
692.8512,692.3585,0.4926548
692.8512,692.3586,0.4926079
692.8512,692.3588,0.4924194
692.8512,692.3588,0.4923903
692.8512,692.3589,0.4923252
692.8512,692.3589,0.4922911
692.8512,692.3589,0.4922893
692.8512,692.3589,0.4922716
692.8512,692.359,0.4922256
692.8512,692.359,0.4921836
692.8512,692.3591,0.4920999
692.8512,692.3592,0.4919814
692.8512,692.3592,0.4919601
692.8512,692.3592,0.4919572
692.8512,692.3593,0.4918954
692.8512,692.3593,0.4918665
692.8512,692.3593,0.4918611
692.8512,692.3594,0.4918308
692.8512,692.3594,0.4917614
692.8512,692.3595,0.4917081
692.8512,692.3595,0.491708
692.8512,692.3595,0.4916939
692.8512,692.3595,0.4916862
692.8512,692.3595,0.4916607
692.8512,692.3595,0.4916526
692.8512,692.3596,0.491583
692.8512,692.3596,0.4915688
692.8512,692.3597,0.4914804
692.8512,692.3597,0.4914724
692.8512,692.3598,0.4914454
692.8512,692.3598,0.4913751
692.8512,692.3599,0.4912814
692.8512,692.36,0.4912423
692.8512,692.36,0.4912171
692.8512,692.36,0.491154
692.8512,692.3601,0.4910972
692.8512,692.3601,0.4910848
692.8512,692.3601,0.4910642
692.8512,692.3602,0.4910483
692.8512,692.3602,0.4910423
692.8512,692.3602,0.4910412
692.8512,692.3602,0.4910003
692.8512,692.3602,0.4909621
692.8512,692.3602,0.4909574
692.8512,692.3602,0.4909572
692.8512,692.3603,0.4909336
692.8512,692.3603,0.4909254
692.8512,692.3603,0.4909063
692.8512,692.3603,0.4908742
692.8512,692.3604,0.4908252
692.8512,692.3604,0.4907956
692.8512,692.3604,0.4907695
692.8512,692.3604,0.4907521
692.8512,692.3605,0.4907333
692.8512,692.3605,0.4907164
692.8512,692.3605,0.4907028
692.8512,692.3605,0.4906731
692.8512,692.3605,0.4906712
692.8512,692.3606,0.4905845
692.8512,692.3607,0.4904826
692.8512,692.3608,0.4903859
692.8512,692.3608,0.4903552
692.8512,692.3608,0.4903546
692.8512,692.3609,0.4903333
692.8512,692.3609,0.4903194
692.8512,692.3609,0.4903169
692.8512,692.3609,0.4903017
692.8512,692.3609,0.490293
692.8512,692.3609,0.4902905
692.8512,692.361,0.4902264
692.8512,692.361,0.4902062
692.8512,692.361,0.4901719
692.8512,692.3612,0.4900288
692.8512,692.3612,0.4899732
692.8512,692.3613,0.489934
692.8512,692.3613,0.4899266
692.8512,692.3613,0.4898878
692.8512,692.3614,0.4897715
692.8512,692.3615,0.4897456
692.8512,692.3615,0.489698
692.8512,692.3615,0.4896801
692.8512,692.3616,0.489635
692.8512,692.3618,0.4894156
692.8512,692.3619,0.489348
692.8512,692.3619,0.4893459
692.8512,692.3619,0.4893295
692.8512,692.362,0.4891616
692.8512,692.3621,0.4891438
692.8512,692.3621,0.4891414
692.8512,692.3621,0.4891026
692.8512,692.3622,0.4890427
692.8512,692.3622,0.489017
692.8512,692.3622,0.488999
692.8512,692.3622,0.4889765
692.8512,692.3622,0.4889616
692.8512,692.3622,0.4889583
692.8512,692.3623,0.4889305
692.8512,692.3623,0.4888902
692.8512,692.3623,0.4888877
692.8512,692.3623,0.4888854
692.8512,692.3623,0.4888743
692.8512,692.3623,0.4888588
692.8512,692.3624,0.4887866
692.8512,692.3624,0.4887814
692.8512,692.3624,0.4887799
692.8512,692.3625,0.4887051
692.8512,692.3626,0.4886304
692.8512,692.3626,0.4886055
692.8512,692.3626,0.4885924
692.8512,692.3626,0.4885524
692.8512,692.3627,0.4884989
692.8512,692.3627,0.4884963
692.8512,692.3627,0.4884697
692.8512,692.3627,0.4884671
692.8512,692.3627,0.4884592
692.8512,692.3628,0.4884477
692.8512,692.3628,0.4884288
692.8512,692.3628,0.4884103
692.8512,692.3629,0.4883156
692.8512,692.3629,0.488313
692.8512,692.3629,0.4882938
692.8512,692.3629,0.4882808
692.8512,692.363,0.4881871
692.8512,692.3631,0.4881358
692.8512,692.3631,0.4880937
692.8512,692.3631,0.4880726
692.8512,692.3632,0.4880397
692.8512,692.3632,0.4879894
692.8512,692.3632,0.4879859
692.8512,692.3632,0.4879652
692.8512,692.3633,0.4879492
692.8512,692.3633,0.4879231
692.8512,692.3633,0.4878913
692.8512,692.3634,0.4878363
692.8512,692.3634,0.4878091
692.8512,692.3635,0.4877441
692.8512,692.3635,0.4877439
692.8512,692.3635,0.4876693
692.8512,692.3635,0.4876554
692.8512,692.3636,0.4876385
692.8512,692.3636,0.4876023
692.8512,692.3636,0.4875997
692.8512,692.3636,0.4875869
692.8512,692.3636,0.4875675
692.8512,692.3637,0.4875247
692.8512,692.3637,0.4875016
692.8512,692.3637,0.4874757
692.8512,692.3637,0.4874557
692.8512,692.3638,0.4873577
692.8512,692.3638,0.4873508
692.8512,692.3639,0.4873452
692.8512,692.3639,0.4873442
692.8512,692.3639,0.4873438
692.8512,692.3639,0.4873202
692.8512,692.3639,0.4872969
692.8512,692.3639,0.4872558
692.8512,692.3639,0.4872521
692.8512,692.364,0.4872287
692.8512,692.364,0.4872024
692.8512,692.364,0.4871937
692.8512,692.364,0.487189
692.8512,692.364,0.4871883
692.8512,692.364,0.4871791
692.8512,692.364,0.487172
692.8512,692.364,0.4871518
692.8512,692.3641,0.4871392
692.8512,692.3641,0.487138
692.8512,692.3641,0.4871197
692.8512,692.3641,0.4871061
692.8512,692.3641,0.4870979
692.8512,692.3641,0.4870721
692.8512,692.3641,0.4870622
692.8512,692.3641,0.4870562
692.8512,692.3642,0.4870338
692.8512,692.3642,0.4869949
692.8512,692.3643,0.4869482
692.8512,692.3643,0.4868889
692.8512,692.3644,0.4868292
692.8512,692.3644,0.4868135
692.8512,692.3644,0.4867998
692.8512,692.3644,0.4867847
692.8512,692.3644,0.4867641
692.8512,692.3645,0.4866971
692.8512,692.3645,0.486687
692.8512,692.3645,0.4866851
692.8512,692.3645,0.4866789
692.8512,692.3645,0.4866589
692.8512,692.3646,0.486554
692.8512,692.3647,0.4865168
692.8512,692.3647,0.4865129
692.8512,692.3647,0.4865113
692.8512,692.3647,0.4864951
692.8512,692.3647,0.4864639
692.8512,692.3648,0.4864493
692.8512,692.3648,0.4864193
692.8512,692.3648,0.4864138
692.8512,692.3648,0.4863587
692.8512,692.3648,0.4863502
692.8512,692.3649,0.486349
692.8512,692.3649,0.4863311
692.8512,692.3649,0.4863273
692.8512,692.3649,0.4863173
692.8512,692.3649,0.4863167
692.8512,692.3649,0.4863112
692.8512,692.3649,0.486301
692.8512,692.3649,0.4862672
692.8512,692.3649,0.4862594
692.8512,692.3649,0.4862536
692.8512,692.365,0.4862387
692.8512,692.365,0.4862381
692.8512,692.365,0.4861937
692.8512,692.365,0.4861916
692.8512,692.365,0.4861825
692.8512,692.365,0.4861568
692.8512,692.365,0.4861555
692.8512,692.365,0.4861529
692.8512,692.365,0.4861505
692.8512,692.3651,0.4861389
692.8512,692.3651,0.4861287
692.8512,692.3651,0.4861192
692.8512,692.3651,0.4861183
692.8512,692.3651,0.4860987
692.8512,692.3651,0.4860844
692.8512,692.3651,0.4860762
692.8512,692.3651,0.4860714
692.8512,692.3651,0.4860593
692.8512,692.3652,0.4860398
692.8512,692.3652,0.4860318
692.8512,692.3652,0.4860268
692.8512,692.3652,0.4860102
692.8512,692.3652,0.4860069
692.8512,692.3652,0.4859921
692.8512,692.3652,0.4859807
692.8512,692.3653,0.4858948
692.8512,692.3653,0.4858585
692.8512,692.3653,0.4858583
692.8512,692.3653,0.485854
692.8512,692.3654,0.485833
692.8512,692.3654,0.4858327
692.8512,692.3654,0.4858299
692.8512,692.3655,0.4857242
692.8512,692.3655,0.4857165
692.8512,692.3655,0.4857098
692.8512,692.3655,0.4856712
692.8512,692.3656,0.4856449
692.8512,692.3656,0.4856278
692.8512,692.3656,0.4855985
692.8512,692.3656,0.4855897
692.8512,692.3656,0.4855836
692.8512,692.3656,0.4855787
692.8512,692.3656,0.4855567
692.8512,692.3657,0.4855328
692.8512,692.3657,0.4855138
692.8512,692.3657,0.4855105
692.8512,692.3657,0.4854991
692.8512,692.3657,0.4854791
692.8512,692.3657,0.485457
692.8512,692.3658,0.485424
692.8512,692.3658,0.4853954
692.8512,692.3658,0.4853853
692.8512,692.3658,0.4853806
692.8512,692.3658,0.4853717
692.8512,692.3658,0.4853691
692.8512,692.3658,0.48536
692.8512,692.3659,0.4853457
692.8512,692.3659,0.4853361
692.8512,692.3659,0.4853349
692.8512,692.3659,0.4853091
692.8512,692.3659,0.4852894
692.8512,692.3659,0.4852886
692.8512,692.3659,0.4852521
692.8512,692.366,0.485234
692.8512,692.366,0.4852283
692.8512,692.366,0.4852014
692.8512,692.366,0.4851977
692.8512,692.366,0.4851847
692.8512,692.366,0.4851793
692.8512,692.366,0.4851741
692.8512,692.366,0.4851723
692.8512,692.3661,0.485113
692.8512,692.3661,0.4850906
692.8512,692.3661,0.4850724
692.8512,692.3661,0.4850674
692.8512,692.3662,0.4850472
692.8512,692.3662,0.485041
692.8512,692.3662,0.4850304
692.8512,692.3662,0.4849982
692.8512,692.3662,0.4849736
692.8512,692.3662,0.4849706
692.8512,692.3663,0.4849304
692.8512,692.3663,0.4849088
692.8512,692.3663,0.4848984
692.8512,692.3663,0.4848944
692.8512,692.3663,0.4848892
692.8512,692.3663,0.4848789
692.8512,692.3664,0.4848136
692.8512,692.3664,0.4848089
692.8512,692.3664,0.4847811
692.8512,692.3664,0.4847765
692.8512,692.3665,0.4847441
692.8512,692.3665,0.4847419
692.8512,692.3665,0.4847413
692.8512,692.3665,0.4847259
692.8512,692.3665,0.4847241
692.8512,692.3665,0.4847241
692.8512,692.3665,0.4847173
692.8512,692.3665,0.4847074
692.8512,692.3665,0.4847004
692.8512,692.3665,0.4846582
692.8512,692.3666,0.4846308
692.8512,692.3666,0.4846296
692.8512,692.3666,0.4846244
692.8512,692.3666,0.4846189
692.8512,692.3666,0.4846011
692.8512,692.3666,0.4845842
692.8512,692.3666,0.4845563
692.8512,692.3666,0.4845541
692.8512,692.3667,0.4845235
692.8512,692.3667,0.4845039
692.8512,692.3667,0.4844937
692.8512,692.3667,0.4844755
692.8512,692.3667,0.4844728
692.8512,692.3667,0.4844669
692.8512,692.3667,0.4844543
692.8512,692.3668,0.4844249
692.8512,692.3668,0.4844112
692.8512,692.3668,0.4844023
692.8512,692.3668,0.4843911
692.8512,692.3668,0.4843897
692.8512,692.3668,0.4843541
692.8512,692.3668,0.4843519
692.8512,692.3669,0.4843353
692.8512,692.3669,0.4843222
692.8512,692.3669,0.4843173
692.8512,692.3669,0.4843119
692.8512,692.3669,0.4843014
692.8512,692.3669,0.4842817
692.8512,692.367,0.4842157
692.8512,692.367,0.4842013
692.8512,692.3671,0.4841414
692.8512,692.3671,0.4841349
692.8512,692.3671,0.4841284
692.8512,692.3671,0.4841064
692.8512,692.3671,0.4841039
692.8512,692.3671,0.4840998
692.8512,692.3671,0.4840891
692.8512,692.3672,0.4840067
692.8512,692.3673,0.4839406
692.8512,692.3673,0.4839202
692.8512,692.3673,0.4839123
692.8512,692.3673,0.4839111
692.8512,692.3673,0.483906
692.8512,692.3673,0.4838929
692.8512,692.3673,0.483866
692.8512,692.3673,0.4838627
692.8512,692.3673,0.4838565
692.8512,692.3674,0.4838241
692.8512,692.3674,0.4837943
692.8512,692.3674,0.4837502
692.8512,692.3675,0.4837498
692.8512,692.3675,0.4837454
692.8512,692.3675,0.4836849
692.8512,692.3675,0.4836644
692.8512,692.3675,0.4836632
692.8512,692.3676,0.4836423
692.8512,692.3676,0.483633
692.8512,692.3676,0.4836233
692.8512,692.3676,0.4835731
692.8512,692.3677,0.483534
692.8512,692.3677,0.4834999
692.8512,692.3677,0.4834815
692.8512,692.3678,0.4834256
692.8512,692.3678,0.4834152
692.8512,692.3678,0.4834054
692.8512,692.3678,0.4833816
692.8512,692.3678,0.4833562
692.8512,692.3679,0.4832955
692.8512,692.3679,0.4832838
692.8512,692.3679,0.4832789
692.8512,692.3679,0.4832604
692.8512,692.368,0.4831693
692.8512,692.3681,0.4831475
692.8512,692.3681,0.4830988
692.8512,692.3681,0.4830843
692.8512,692.3681,0.4830671
692.8512,692.3682,0.4830236
692.8512,692.3682,0.4829785
692.8512,692.3682,0.4829556
692.8512,692.3682,0.4829537
692.8512,692.3683,0.4829459
692.8512,692.3683,0.4829277
692.8512,692.3683,0.4829199
692.8512,692.3684,0.4828308
692.8512,692.3684,0.4828014
692.8512,692.3684,0.4827942
692.8512,692.3685,0.4827324
692.8512,692.3685,0.482724
692.8512,692.3686,0.4826158
692.8512,692.3686,0.4825805
692.8512,692.3687,0.4825313
692.8512,692.3687,0.4825256
692.8512,692.3687,0.4825135
692.8512,692.3688,0.4823745
692.8512,692.3691,0.4820875
692.8512,692.3692,0.4820397
692.8512,692.3692,0.4820217
692.8512,692.3692,0.4819706
692.8512,692.3692,0.4819545
692.8512,692.3693,0.4819455
692.8512,692.3698,0.4814203
692.8512,692.3698,0.4813615
692.8512,692.3699,0.4812542
692.8512,692.37,0.4812133
692.8512,692.3702,0.4809673
692.8512,692.3704,0.4807613
692.8512,692.3705,0.4807449
692.8512,692.3705,0.4807292
692.8512,692.3706,0.4806132
692.8512,692.3709,0.4803053
692.8512,692.3711,0.4801311
692.8512,692.3711,0.4801304
692.8512,692.3711,0.4800763
692.8512,692.3712,0.4800304
692.8512,692.3713,0.4799014
692.8512,692.3716,0.4795922
692.8512,692.3717,0.4795281
692.8512,692.3717,0.4795072
692.8512,692.3718,0.4793633
692.8512,692.372,0.4792474
692.8512,692.3723,0.4789109
692.8512,692.3723,0.4788662
692.8512,692.3724,0.4788161
692.8512,692.3724,0.478776
692.8512,692.3725,0.4787034
692.8512,692.3725,0.478692
692.8512,692.3726,0.478642
692.8512,692.3726,0.4785942
692.8512,692.3726,0.4785581
692.8512,692.3727,0.478452
692.8512,692.3728,0.4783925
692.8512,692.3728,0.4783588
692.8512,692.373,0.4781888
692.8512,692.3733,0.4778506
692.8512,692.3735,0.4777494
692.8512,692.3735,0.4777254
692.8512,692.3738,0.4774296
692.8512,692.3738,0.4773592
692.8512,692.3739,0.4773329
692.8512,692.3743,0.4768893
692.8512,692.3743,0.4768509
692.8512,692.3755,0.4756848
692.8512,692.3782,0.473033
692.8512,692.3795,0.4717087
692.8512,692.3797,0.4715192
692.8512,692.3799,0.4713105
692.8512,692.3801,0.4711422
692.8512,692.3805,0.4707254
692.8512,692.3809,0.4703088
692.8512,692.3809,0.4702703
692.8512,692.3815,0.4696879
692.8512,692.3816,0.4696096
692.8512,692.3816,0.4696085
692.8512,692.3817,0.4694636
692.8512,692.3822,0.4690126
692.8512,692.3822,0.4689595
692.8512,692.3827,0.4685146
692.8512,692.3827,0.4685064
692.8512,692.3828,0.4683935
692.8512,692.3835,0.4677238
692.8512,692.3836,0.4675553
692.8512,692.3838,0.4673927
692.8512,692.3848,0.4663591
692.8512,692.3863,0.464927
692.8512,692.3874,0.4638401
692.8512,692.3875,0.4636791
692.8512,692.3916,0.4596133
692.8512,692.3927,0.4585126
692.8512,692.3932,0.4579775
692.8512,692.3941,0.457089
692.8512,692.3946,0.4566399
692.8512,692.3953,0.4558796
692.8512,692.3955,0.4557375
692.8512,692.3966,0.4546293
692.8512,692.4019,0.4493429
692.8512,692.4024,0.4487906
692.8512,692.4032,0.4479927
692.8512,692.4035,0.4477107
692.8512,692.4036,0.4476353
692.8512,692.4056,0.4456041
692.8512,692.406,0.4451656
692.8512,692.4064,0.4448141
692.8512,692.4065,0.4447348
692.8512,692.4069,0.4442785
692.8512,692.407,0.4442416
692.8512,692.4072,0.44399
692.8512,692.4073,0.4439447
692.8512,692.4074,0.4438127
692.8512,692.4089,0.442337
692.8512,692.4105,0.440683
692.8512,692.4106,0.4405776
692.8512,692.4116,0.4395715
692.8512,692.4119,0.439323
692.8512,692.416,0.4352451
692.8512,692.4177,0.4334688
692.8512,692.4288,0.4224026
692.8512,692.4314,0.4198111
692.8512,692.432,0.4192432
692.8512,692.434,0.4171964
692.8512,692.434,0.4171827
692.8512,692.4341,0.4170846
692.8512,692.4342,0.4170362
692.8512,692.4344,0.4168028
692.8512,692.4348,0.4164358
692.8512,692.4379,0.41329
692.8512,692.4603,0.3909321
692.8512,692.4657,0.3854968
692.8512,692.4705,0.3807423
692.8512,692.4729,0.3783429
692.8512,692.4734,0.3778303
692.8512,692.4762,0.374974
692.8512,692.4784,0.3727971
692.8512,692.4787,0.3724705
692.8512,692.4809,0.3702919
692.8512,692.4906,0.3605932
692.8512,692.4935,0.357721
692.8512,692.4941,0.35707
692.8512,692.4941,0.3570506
692.8512,692.4949,0.3562662
692.8512,692.4966,0.3545739
692.8512,692.4984,0.3528484
692.8512,692.4985,0.3527017
692.8512,692.5004,0.3508194
692.8512,692.5009,0.3503493
692.8512,692.5017,0.349463
692.8512,692.5044,0.3467837
692.8512,692.5044,0.3467534
692.8512,692.5051,0.3461451
692.8512,692.5061,0.3451372
692.8512,692.5076,0.3435637
692.8512,692.5081,0.343076
692.8512,692.514,0.3372407
692.8512,692.5354,0.3158158
692.8512,692.563,0.2882194
692.8512,692.5671,0.2841137
692.8512,692.5721,0.2790906
692.8512,692.5765,0.274738
692.8512,692.579,0.2722086
692.8512,692.5791,0.2721266
692.8512,692.5793,0.2718969
692.8512,692.5807,0.2704843
692.8512,692.5809,0.2703472
692.8512,692.5817,0.2694963
692.8512,692.5826,0.2686464
692.8512,692.5829,0.2683137
692.8512,692.583,0.2682433
692.8512,692.5832,0.2679811
692.8512,692.5835,0.2676724
692.8512,692.5845,0.2667134
692.8512,692.5847,0.2665137
692.8512,692.5849,0.2662847
692.8512,692.5851,0.2660854
692.8512,692.5852,0.2659995
692.8512,692.5854,0.26576
692.8512,692.5857,0.2655383
692.8512,692.5858,0.2653679
692.8512,692.5858,0.2653619
692.8512,692.5859,0.2653029
692.8512,692.5859,0.2652775
692.8512,692.586,0.2652163
692.8512,692.5861,0.265109
692.8512,692.5861,0.2650796
692.8512,692.5862,0.2649848
692.8512,692.5863,0.2649297
692.8512,692.5864,0.2648044
692.8512,692.5865,0.264679
692.8512,692.5865,0.2646698
692.8512,692.5866,0.26456
692.8512,692.5869,0.2643421
692.8512,692.587,0.2642392
692.8512,692.587,0.2642238
692.8512,692.587,0.2642106
692.8512,692.587,0.2641622
692.8512,692.587,0.2641543
692.8512,692.5873,0.2638786
692.8512,692.5873,0.2638693
692.8512,692.5873,0.2638595
692.8512,692.5874,0.2638189
692.8512,692.5874,0.2637669
692.8512,692.5876,0.2636446
692.8512,692.5876,0.2636362
692.8512,692.5876,0.263612
692.8512,692.5876,0.2635623
692.8512,692.5877,0.2635264
692.8512,692.5877,0.26351
692.8512,692.5877,0.2634915
692.8512,692.5878,0.2634461
692.8512,692.5878,0.2634409
692.8512,692.5878,0.2633861
692.8512,692.5878,0.2633817
692.8512,692.5879,0.2632768
692.8512,692.5879,0.2632548
692.8512,692.588,0.2631535
692.8512,692.5881,0.2631179
692.8512,692.5881,0.2631102
692.8512,692.5881,0.263067
692.8512,692.5882,0.2630076
692.8512,692.5882,0.2629963
692.8512,692.5882,0.2629809
692.8512,692.5882,0.2629549
692.8512,692.5883,0.2629337
692.8512,692.5883,0.2628614
692.8512,692.5883,0.2628508
692.8512,692.5884,0.2628479
692.8512,692.5884,0.2628254
692.8512,692.5884,0.2628168
692.8512,692.5884,0.2627969
692.8512,692.5884,0.2627893
692.8512,692.5884,0.2627687
692.8512,692.5884,0.2627687
692.8512,692.5884,0.2627564
692.8512,692.5885,0.2627411
692.8512,692.5885,0.2627239
692.8512,692.5886,0.2626211
692.8512,692.5886,0.262612
692.8512,692.5886,0.2625634
692.8512,692.5887,0.2624738
692.8512,692.5888,0.2624074
692.8512,692.5888,0.2623509
692.8512,692.5889,0.2623422
692.8512,692.5889,0.262271
692.8512,692.5892,0.2620333
692.8512,692.5892,0.261967
692.8512,692.5893,0.2618954
692.8512,692.5893,0.2618882
692.8512,692.5894,0.2618475
692.8512,692.5894,0.261837
692.8512,692.5894,0.2618359
692.8512,692.5894,0.2618048
692.8512,692.5894,0.2617896
692.8512,692.5894,0.2617618
692.8512,692.5895,0.2617424
692.8512,692.5895,0.2617035
692.8512,692.5895,0.2617015
692.8512,692.5895,0.2616831
692.8512,692.5895,0.2616562
692.8512,692.5895,0.2616537
692.8512,692.5897,0.261486
692.8512,692.5898,0.2613951
692.8512,692.5899,0.2613204
692.8512,692.5899,0.2612786
692.8512,692.5899,0.2612664
692.8512,692.59,0.2612328
692.8512,692.5901,0.2611085
692.8512,692.5901,0.2611061
692.8512,692.5901,0.2611001
692.8512,692.5901,0.2610953
692.8512,692.5902,0.2610473
692.8512,692.5902,0.261047
692.8512,692.5902,0.2610387
692.8512,692.5902,0.2610121
692.8512,692.5903,0.2608672
692.8512,692.5904,0.260809
692.8512,692.5905,0.260675
692.8512,692.5905,0.2606709
692.8512,692.5906,0.2606297
692.8512,692.5906,0.2606246
692.8512,692.5907,0.260485
692.8512,692.5907,0.2604514
692.8512,692.5908,0.2604183
692.8512,692.5909,0.2603101
692.8512,692.5915,0.259744
692.8512,692.5916,0.2596223
692.8512,692.5916,0.2596206
692.8512,692.5916,0.2596109
692.8512,692.5916,0.2595984
692.8512,692.5917,0.2595113
692.8512,692.5919,0.2592925
692.8512,692.592,0.2592316
692.8512,692.5921,0.2591415
692.8512,692.5921,0.2591114
692.8512,692.5921,0.2590626
692.8512,692.5923,0.2589351
692.8512,692.5923,0.2588947
692.8512,692.5925,0.2587137
692.8512,692.5928,0.2584227
692.8512,692.593,0.2581777
692.8512,692.5931,0.2580798
692.8512,692.5931,0.2580593
692.8512,692.5933,0.2578975
692.8512,692.5934,0.2577633
692.8512,692.5934,0.2577504
692.8512,692.5936,0.2576012
692.8512,692.5937,0.2575473
692.8512,692.5937,0.2574893
692.8512,692.5939,0.2573494
692.8512,692.5942,0.2570064
692.8512,692.5943,0.2568828
692.8512,692.5945,0.2567204
692.8512,692.5947,0.2564898
692.8512,692.5954,0.255761
692.8512,692.5958,0.2554376
692.8512,692.5963,0.2548979
692.8512,692.5966,0.2545907
692.8512,692.5968,0.254413
692.8512,692.5973,0.2539092
692.8512,692.5978,0.2534006
692.8512,692.5991,0.2520985
692.8512,692.5996,0.251597
692.8512,692.6017,0.2495386
692.8512,692.6033,0.2478736
692.8512,692.604,0.2472488
692.8512,692.6041,0.2470946
692.8512,692.6066,0.2445516
692.8512,692.6069,0.2443212
692.8512,692.6071,0.2441167
692.8512,692.6074,0.2437627
692.8512,692.6075,0.2436828
692.8512,692.6076,0.2435955
692.8512,692.6082,0.2429992
692.8512,692.6084,0.2427631
692.8512,692.6093,0.2419088
692.8512,692.6094,0.2417975
692.8512,692.6096,0.2416131
692.8512,692.61,0.2412149
692.8512,692.6103,0.2409064
692.8512,692.6104,0.2408055
692.8512,692.6106,0.2406383
692.8512,692.6106,0.240626
692.8512,692.6114,0.2397665
692.8512,692.6115,0.2397126
692.8512,692.6116,0.2396488
692.8512,692.612,0.2392312
692.8512,692.6124,0.2388012
692.8512,692.6131,0.2381488
692.8512,692.6135,0.2377176
692.8512,692.6135,0.2376682
692.8512,692.6136,0.2375632
692.8512,692.6139,0.2373261
692.8512,692.6139,0.2373176
692.8512,692.6139,0.2373084
692.8512,692.6139,0.2372894
692.8512,692.6142,0.2370364
692.8512,692.6143,0.2369239
692.8512,692.6144,0.2367583
692.8512,692.6145,0.2367197
692.8512,692.6145,0.2366655
692.8512,692.6147,0.2365466
692.8512,692.6147,0.2365122
692.8512,692.6147,0.2364849
692.8512,692.6148,0.2364059
692.8512,692.6148,0.2363721
692.8512,692.6149,0.2363392
692.8512,692.615,0.236203
692.8512,692.6152,0.2360163
692.8512,692.6152,0.2359589
692.8512,692.6153,0.2359268
692.8512,692.6153,0.2359057
692.8512,692.6153,0.2359048
692.8512,692.6153,0.2358951
692.8512,692.6153,0.2358676
692.8512,692.6153,0.235867
692.8512,692.6154,0.2358227
692.8512,692.6154,0.2358037
692.8512,692.6154,0.235794
692.8512,692.6154,0.2357891
692.8512,692.6154,0.2357588
692.8512,692.6156,0.2356455
692.8512,692.6156,0.2356265
692.8512,692.6156,0.2355547
692.8512,692.6157,0.2355496
692.8512,692.6157,0.2355229
692.8512,692.6157,0.2354864
692.8512,692.6157,0.2354792
692.8512,692.6158,0.235433
692.8512,692.6158,0.2354028
692.8512,692.6158,0.2353537
692.8512,692.6159,0.2353432
692.8512,692.6159,0.2353237
692.8512,692.6159,0.2352975
692.8512,692.6159,0.2352735
692.8512,692.616,0.2352105
692.8512,692.616,0.2351975
692.8512,692.616,0.2351553
692.8512,692.6161,0.2351092
692.8512,692.6162,0.2349936
692.8512,692.6162,0.2349609
692.8512,692.6163,0.234915
692.8512,692.6163,0.2349097
692.8512,692.6164,0.2347948
692.8512,692.6164,0.2347587
692.8512,692.6164,0.2347501
692.8512,692.6165,0.2347443
692.8512,692.6165,0.2347236
692.8512,692.6165,0.2346882
692.8512,692.6165,0.2346809
692.8512,692.6166,0.2346341
692.8512,692.6166,0.2346314
692.8512,692.6166,0.2346204
692.8512,692.6166,0.234603
692.8512,692.6166,0.2345723
692.8512,692.6167,0.2345398
692.8512,692.6167,0.2345223
692.8512,692.6168,0.2344279
692.8512,692.6168,0.2344201
692.8512,692.6168,0.2343716
692.8512,692.6169,0.2343177
692.8512,692.6169,0.2343054
692.8512,692.6169,0.2342874
692.8512,692.6169,0.2342651
692.8512,692.6169,0.2342622
692.8512,692.617,0.2342454
692.8512,692.617,0.2342143
692.8512,692.617,0.2341915
692.8512,692.6171,0.2341247
692.8512,692.6171,0.2341176
692.8512,692.6171,0.2340955
692.8512,692.6172,0.2339934
692.8512,692.6172,0.2339861
692.8512,692.6172,0.2339758
692.8512,692.6172,0.2339667
692.8512,692.6172,0.2339617
692.8512,692.6173,0.2339199
692.8512,692.6173,0.2338654
692.8512,692.6174,0.2337882
692.8512,692.6174,0.2337598
692.8512,692.6175,0.2337419
692.8512,692.6175,0.2337317
692.8512,692.6175,0.2337182
692.8512,692.6175,0.2337176
692.8512,692.6175,0.2336905
692.8512,692.6175,0.2336748
692.8512,692.6175,0.233666
692.8512,692.6175,0.2336621
692.8512,692.6175,0.2336595
692.8512,692.6175,0.2336595
692.8512,692.6175,0.2336522
692.8512,692.6176,0.2336354
692.8512,692.6176,0.2336323
692.8512,692.6176,0.2336132
692.8512,692.6176,0.2336092
692.8512,692.6176,0.2336026
692.8512,692.6176,0.2335904
692.8512,692.6176,0.2335759
692.8512,692.6177,0.2335331
692.8512,692.6177,0.233533
692.8512,692.6177,0.2334803
692.8512,692.6178,0.2334451
692.8512,692.6178,0.2334273
692.8512,692.6178,0.2333546
692.8512,692.6179,0.2333129
692.8512,692.6179,0.2332773
692.8512,692.6179,0.2332563
692.8512,692.618,0.2332248
692.8512,692.618,0.233201
692.8512,692.618,0.2331808
692.8512,692.618,0.233168
692.8512,692.6181,0.2331402
692.8512,692.6181,0.2331353
692.8512,692.6181,0.2331216
692.8512,692.6181,0.2330718
692.8512,692.6181,0.2330699
692.8512,692.6182,0.2330185
692.8512,692.6182,0.23299
692.8512,692.6182,0.2329531
692.8512,692.6182,0.2329509
692.8512,692.6183,0.232891
692.8512,692.6183,0.2328829
692.8512,692.6183,0.2328762
692.8512,692.6183,0.2328571
692.8512,692.6184,0.232844
692.8512,692.6184,0.2328281
692.8512,692.6184,0.2328213
692.8512,692.6184,0.2328093
692.8512,692.6184,0.2328013
692.8512,692.6184,0.2327914
692.8512,692.6184,0.2327895
692.8512,692.6184,0.2327864
692.8512,692.6184,0.2327822
692.8512,692.6184,0.2327655
692.8512,692.6184,0.2327613
692.8512,692.6184,0.2327545
692.8512,692.6185,0.2327419
692.8512,692.6185,0.2327353
692.8512,692.6185,0.2327282
692.8512,692.6185,0.2327255
692.8512,692.6185,0.2327093
692.8512,692.6185,0.2327012
692.8512,692.6185,0.2326949
692.8512,692.6185,0.2326863
692.8512,692.6186,0.2326248
692.8512,692.6186,0.2325999
692.8512,692.6186,0.2325566
692.8512,692.6187,0.2325469
692.8512,692.6187,0.2325441
692.8512,692.6187,0.2325435
692.8512,692.6187,0.2325053
692.8512,692.6187,0.2324886
692.8512,692.6187,0.2324823
692.8512,692.6187,0.2324666
692.8512,692.6188,0.232424
692.8512,692.6188,0.2324189
692.8512,692.6188,0.2323959
692.8512,692.6188,0.2323859
692.8512,692.6188,0.2323734
692.8512,692.6188,0.2323506
692.8512,692.6189,0.2323174
692.8512,692.6189,0.232309
692.8512,692.6189,0.232288
692.8512,692.619,0.2322443
692.8512,692.619,0.2322362
692.8512,692.619,0.2322168
692.8512,692.619,0.2322058
692.8512,692.619,0.2321744
692.8512,692.6191,0.2321358
692.8512,692.6191,0.2321126
692.8512,692.6191,0.2320865
692.8512,692.6191,0.2320791
692.8512,692.6191,0.2320788
692.8512,692.6192,0.2320472
692.8512,692.6194,0.2318069
692.8512,692.6194,0.2317784
692.8512,692.6195,0.2316679
692.8512,692.6196,0.2316405
692.8512,692.6196,0.2316379
692.8512,692.6196,0.2316351
692.8512,692.6196,0.2316184
692.8512,692.6196,0.2315935
692.8512,692.6196,0.2315518
692.8512,692.6197,0.2315182
692.8512,692.6197,0.2315114
692.8512,692.6197,0.2314845
692.8512,692.6197,0.2314621
692.8512,692.6198,0.2313802
692.8512,692.6198,0.2313796
692.8512,692.6199,0.231323
692.8512,692.6199,0.2313189
692.8512,692.6199,0.2313022
692.8512,692.6199,0.2312672
692.8512,692.62,0.2312349
692.8512,692.62,0.2311651
692.8512,692.6201,0.2311164
692.8512,692.6201,0.2310569
692.8512,692.6202,0.231035
692.8512,692.6202,0.2310173
692.8512,692.6202,0.2309913
692.8512,692.6202,0.2309643
692.8512,692.6204,0.2307891
692.8512,692.6205,0.2306758
692.8512,692.6205,0.2306701
692.8512,692.6207,0.2304588
692.8512,692.6208,0.2304439
692.8512,692.6208,0.2304403
692.8512,692.6208,0.2304062
692.8512,692.6208,0.2303938
692.8512,692.6212,0.2300287
692.8512,692.6213,0.2299366
692.8512,692.6215,0.2297474
692.8512,692.6218,0.2294305
692.8512,692.622,0.2292408
692.8512,692.6221,0.2291313
692.8512,692.6221,0.2290897
692.8512,692.6222,0.2289731
692.8512,692.6223,0.2289355
692.8512,692.6224,0.2288422
692.8512,692.6226,0.2286192
692.8512,692.6226,0.2285598
692.8512,692.6227,0.2285241
692.8512,692.6227,0.2285009
692.8512,692.6229,0.2283142
692.8512,692.6229,0.2282813
692.8512,692.6232,0.2280366
692.8512,692.6232,0.2280223
692.8512,692.6234,0.2278144
692.8512,692.6234,0.2278003
692.8512,692.6235,0.2277215
692.8512,692.6236,0.2276243
692.8512,692.6237,0.2275475
692.8512,692.6238,0.2274405
692.8512,692.6239,0.2272951
692.8512,692.6241,0.2270967
692.8512,692.6241,0.2270702
692.8512,692.6251,0.2261313
692.8512,692.6253,0.2259227
692.8512,692.6257,0.2255304
692.8512,692.6263,0.2248997
692.8512,692.6272,0.2239757
692.8512,692.63,0.2212022
692.8512,692.6305,0.2206837
692.8512,692.6317,0.2194789
692.8512,692.6325,0.2186943
692.8512,692.633,0.2182471
692.8512,692.6363,0.2148625
692.8512,692.6373,0.2138775
692.8512,692.6384,0.2127745
692.8512,692.6391,0.212099
692.8512,692.6395,0.2116913
692.8512,692.6401,0.2111497
692.8512,692.6414,0.2098417
692.8512,692.6415,0.2096502
692.8512,692.6417,0.209549
692.8512,692.6418,0.2093525
692.8512,692.6419,0.2092835
692.8512,692.6419,0.2092668
692.8512,692.642,0.2091542
692.8512,692.6423,0.208869
692.8512,692.6426,0.2086463
692.8512,692.6426,0.2086268
692.8512,692.6428,0.2083658
692.8512,692.6429,0.2083425
692.8512,692.643,0.2082026
692.8512,692.6431,0.2081442
692.8512,692.6431,0.2081411
692.8512,692.6433,0.2079199
692.8512,692.6436,0.2075795
692.8512,692.6438,0.207432
692.8512,692.6439,0.207346
692.8512,692.644,0.2072038
692.8512,692.6441,0.2071485
692.8512,692.6443,0.2068627
692.8512,692.6444,0.2068012
692.8512,692.6445,0.2066837
692.8512,692.6447,0.2065237
692.8512,692.6447,0.206479
692.8512,692.6448,0.2063649
692.8512,692.6449,0.2062892
692.8512,692.6449,0.2062662
692.8512,692.6449,0.2062612
692.8512,692.6449,0.2062597
692.8512,692.645,0.2062066
692.8512,692.6451,0.2061473
692.8512,692.6451,0.2061348
692.8512,692.6453,0.205938
692.8512,692.6453,0.2058578
692.8512,692.6455,0.2057373
692.8512,692.6455,0.2057224
692.8512,692.6455,0.2056934
692.8512,692.6455,0.2056923
692.8512,692.6456,0.2055591
692.8512,692.6457,0.2055076
692.8512,692.6461,0.2051268
692.8512,692.6461,0.2050977
692.8512,692.6461,0.2050896
692.8512,692.6461,0.2050765
692.8512,692.6462,0.2050318
692.8512,692.6462,0.2049824
692.8512,692.6463,0.2049433
692.8512,692.6463,0.2049348
692.8512,692.6463,0.2049283
692.8512,692.6463,0.2049178
692.8512,692.6464,0.2047681
692.8512,692.6464,0.2047664
692.8512,692.6466,0.2045986
692.8512,692.6466,0.2045816
692.8512,692.6468,0.2044178
692.8512,692.6468,0.204397
692.8512,692.6469,0.2043438
692.8512,692.6469,0.2043103
692.8512,692.6469,0.2042585
692.8512,692.647,0.2042456
692.8512,692.647,0.2042245
692.8512,692.6471,0.2040644
692.8512,692.6471,0.2040548
692.8512,692.6472,0.2039918
692.8512,692.6473,0.2038839
692.8512,692.6474,0.2038433
692.8512,692.6474,0.2038283
692.8512,692.6474,0.2038208
692.8512,692.6475,0.2036591
692.8512,692.6476,0.2035733
692.8512,692.6477,0.2034799
692.8512,692.6477,0.2034789
692.8512,692.6477,0.2034753
692.8512,692.6478,0.2034483
692.8512,692.6478,0.2034316
692.8512,692.6478,0.2034261
692.8512,692.6478,0.2034258
692.8512,692.6478,0.2033863
692.8512,692.6479,0.2033378
692.8512,692.648,0.2031991
692.8512,692.648,0.2031807
692.8512,692.648,0.2031806
692.8512,692.6481,0.2031101
692.8512,692.6481,0.2030996
692.8512,692.6482,0.203026
692.8512,692.6482,0.2030118
692.8512,692.6483,0.2029218
692.8512,692.6483,0.2028888
692.8512,692.6483,0.2028698
692.8512,692.6484,0.2028379
692.8512,692.6484,0.2028357
692.8512,692.6484,0.2028106
692.8512,692.6485,0.2027432
692.8512,692.6485,0.2026871
692.8512,692.6486,0.2026485
692.8512,692.6486,0.2026277
692.8512,692.6486,0.2026183
692.8512,692.6486,0.2025944
692.8512,692.6486,0.2025805
692.8512,692.6486,0.202579
692.8512,692.6487,0.2025118
692.8512,692.6487,0.2024973
692.8512,692.6488,0.2024441
692.8512,692.6488,0.2024293
692.8512,692.6488,0.2024289
692.8512,692.6488,0.2024178
692.8512,692.6488,0.2024165
692.8512,692.6488,0.2024059
692.8512,692.6488,0.2023956
692.8512,692.6489,0.2023498
692.8512,692.649,0.2022104
692.8512,692.649,0.202159
692.8512,692.649,0.2021546
692.8512,692.6492,0.2019968
692.8512,692.6493,0.2018819
692.8512,692.6493,0.2018782
692.8512,692.6493,0.201852
692.8512,692.6494,0.2018198
692.8512,692.6494,0.2018064
692.8512,692.6494,0.201785
692.8512,692.6494,0.2017677
692.8512,692.6495,0.2017383
692.8512,692.6495,0.2016973
692.8512,692.6495,0.2016821
692.8512,692.6496,0.2015851
692.8512,692.6497,0.2015498
692.8512,692.6497,0.2014842
692.8512,692.6498,0.2014236
692.8512,692.6499,0.2013312
692.8512,692.6499,0.2013279
692.8512,692.6499,0.2012901
692.8512,692.65,0.2011784
692.8512,692.65,0.2011731
692.8512,692.65,0.2011557
692.8512,692.65,0.2011501
692.8512,692.6501,0.2011407
692.8512,692.6501,0.2010897
692.8512,692.6503,0.2008906
692.8512,692.6503,0.2008902
692.8512,692.6505,0.200706
692.8512,692.6506,0.2006393
692.8512,692.6507,0.2005417
692.8512,692.6507,0.2005275
692.8512,692.6507,0.2004912
692.8512,692.6507,0.2004585
692.8512,692.6508,0.200378
692.8512,692.6509,0.2002668
692.8512,692.6509,0.2002571
692.8512,692.6511,0.2001135
692.8512,692.6511,0.2000962
692.8512,692.6512,0.2000476
692.8512,692.6512,0.2000459
692.8512,692.6513,0.199911
692.8512,692.6513,0.1998825
692.8512,692.6513,0.1998553
692.8512,692.6514,0.1998307
692.8512,692.6514,0.1997928
692.8512,692.6515,0.1997087
692.8512,692.6516,0.1995976
692.8512,692.6518,0.1993806
692.8512,692.6519,0.1992741
692.8512,692.652,0.1992234
692.8512,692.652,0.1991825
692.8512,692.6521,0.1991093
692.8512,692.6521,0.1990932
692.8512,692.6521,0.1990617
692.8512,692.6522,0.1990432
692.8512,692.6523,0.1989038
692.8512,692.6523,0.1988815
692.8512,692.6523,0.1988515
692.8512,692.6525,0.1987459
692.8512,692.6525,0.1987249
692.8512,692.6526,0.1986462
692.8512,692.6526,0.1985967
692.8512,692.6526,0.1985961
692.8512,692.6527,0.1985294
692.8512,692.6527,0.1985283
692.8512,692.6528,0.1984479
692.8512,692.6528,0.1984095
692.8512,692.6529,0.1983306
692.8512,692.653,0.1981674
692.8512,692.653,0.1981673
692.8512,692.6531,0.1981476
692.8512,692.6531,0.1981417
692.8512,692.6532,0.1980407
692.8512,692.6532,0.1980348
692.8512,692.6532,0.1980333
692.8512,692.6535,0.1977407
692.8512,692.6535,0.1977232
692.8512,692.6536,0.1976107
692.8512,692.6536,0.1976047
692.8512,692.6536,0.1975585
692.8512,692.6537,0.1975406
692.8512,692.6538,0.1974261
692.8512,692.6538,0.1974084
692.8512,692.6538,0.1973723
692.8512,692.654,0.1972478
692.8512,692.6541,0.1970827
692.8512,692.6541,0.1970747
692.8512,692.6542,0.1970439
692.8512,692.6542,0.1970074
692.8512,692.6542,0.1970021
692.8512,692.6543,0.1969493
692.8512,692.6543,0.196921
692.8512,692.6543,0.1968761
692.8512,692.6544,0.196777
692.8512,692.6545,0.1966978
692.8512,692.6545,0.1966954
692.8512,692.6545,0.1966787
692.8512,692.6546,0.1965868
692.8512,692.6547,0.1965122
692.8512,692.6548,0.1964287
692.8512,692.6548,0.1964212
692.8512,692.6548,0.1964065
692.8512,692.6548,0.1964015
692.8512,692.6548,0.1963896
692.8512,692.6548,0.1963808
692.8512,692.6549,0.196312
692.8512,692.655,0.1962105
692.8512,692.6551,0.1961076
692.8512,692.6553,0.1959031
692.8512,692.6554,0.1957972
692.8512,692.6554,0.1957552
692.8512,692.6555,0.1957157
692.8512,692.6555,0.1957014
692.8512,692.6556,0.1956059
692.8512,692.6556,0.1955903
692.8512,692.6557,0.1954779
692.8512,692.6558,0.1954461
692.8512,692.656,0.1951821
692.8512,692.6564,0.194822
692.8512,692.6564,0.194771
692.8512,692.6565,0.1947355
692.8512,692.6565,0.1947335
692.8512,692.6566,0.1946413
692.8512,692.6566,0.1945699
692.8512,692.6567,0.1945436
692.8512,692.6569,0.1942996
692.8512,692.6573,0.1938903
692.8512,692.6575,0.1936856
692.8512,692.6575,0.1936633
692.8512,692.6576,0.1935909
692.8512,692.6576,0.1935878
692.8512,692.6577,0.1934905
692.8512,692.6577,0.1934546
692.8512,692.6578,0.1933631
692.8512,692.6584,0.192758
692.8512,692.6585,0.1927073
692.8512,692.6588,0.1924064
692.8512,692.6588,0.1923797
692.8512,692.659,0.1921955
692.8512,692.659,0.1921737
692.8512,692.6609,0.1902911
692.8512,692.662,0.1891576
692.8512,692.6622,0.1889958
692.8512,692.6625,0.1887363
692.8512,692.6649,0.186323
692.8512,692.6661,0.185143
692.8512,692.6669,0.184306
692.8512,692.6671,0.184083
692.8512,692.6675,0.1836763
692.8512,692.6686,0.1826457
692.8512,692.6687,0.1824633
692.8512,692.6697,0.1815468
692.8512,692.6697,0.1814651
692.8512,692.6705,0.1807468
692.8512,692.6714,0.1797554
692.8512,692.6718,0.179373
692.8512,692.672,0.1792429
692.8512,692.672,0.1792121
692.8512,692.6721,0.1790957
692.8512,692.6728,0.1783566
692.8512,692.6729,0.1782553
692.8512,692.6736,0.1775952
692.8512,692.675,0.176215
692.8512,692.6755,0.1757155
692.8512,692.6756,0.1756491
692.8512,692.6763,0.1749454
692.8512,692.6764,0.1748421
692.8512,692.6772,0.1740231
692.8512,692.6772,0.1740009
692.8512,692.6773,0.173948
692.8512,692.6776,0.1735891
692.8512,692.6777,0.1734875
692.8512,692.6777,0.17346
692.8512,692.6778,0.1733534
692.8512,692.6781,0.1730974
692.8512,692.6781,0.173058
692.8512,692.6783,0.1729447
692.8512,692.6783,0.1728779
692.8512,692.6783,0.1728737
692.8512,692.6784,0.1727722
692.8512,692.6784,0.1727627
692.8512,692.6785,0.1727273
692.8512,692.6787,0.1725189
692.8512,692.6788,0.1723863
692.8512,692.6789,0.1722891
692.8512,692.6789,0.172253
692.8512,692.679,0.1722073
692.8512,692.679,0.1721721
692.8512,692.6791,0.1720981
692.8512,692.6791,0.172093
692.8512,692.6791,0.1720842
692.8512,692.6792,0.1719961
692.8512,692.6792,0.1719942
692.8512,692.6793,0.1719281
692.8512,692.6794,0.1717806
692.8512,692.6795,0.1717265
692.8512,692.6795,0.171691
692.8512,692.6796,0.1716272
692.8512,692.6796,0.1715859
692.8512,692.6796,0.1715833
692.8512,692.6796,0.171569
692.8512,692.6796,0.171561
692.8512,692.6798,0.1713782
692.8512,692.6798,0.1713774
692.8512,692.6799,0.1712813
692.8512,692.68,0.1712186
692.8512,692.6801,0.1711372
692.8512,692.6803,0.1709473
692.8512,692.6803,0.1709007
692.8512,692.6804,0.1707958
692.8512,692.6806,0.170647
692.8512,692.6806,0.1705575
692.8512,692.6807,0.1705038
692.8512,692.6809,0.1703455
692.8512,692.6811,0.170057
692.8512,692.6812,0.1699957
692.8512,692.6812,0.1699549
692.8512,692.6813,0.1699355
692.8512,692.6814,0.1698498
692.8512,692.6814,0.1697526
692.8512,692.6815,0.1696988
692.8512,692.6815,0.1696716
692.8512,692.6816,0.1696455
692.8512,692.6816,0.1696291
692.8512,692.6816,0.1695629
692.8512,692.6817,0.1695184
692.8512,692.6819,0.1692996
692.8512,692.682,0.1692374
692.8512,692.682,0.1691833
692.8512,692.6821,0.1691469
692.8512,692.6821,0.169135
692.8512,692.6823,0.1689362
692.8512,692.6825,0.1686556
692.8512,692.6826,0.1686404
692.8512,692.6826,0.1685725
692.8512,692.6826,0.1685548
692.8512,692.6828,0.1683933
692.8512,692.683,0.1681769
692.8512,692.6831,0.1681459
692.8512,692.6832,0.1679933
692.8512,692.6832,0.1679588
692.8512,692.6833,0.1678933
692.8512,692.6833,0.1678536
692.8512,692.6834,0.167848
692.8512,692.6835,0.1677467
692.8512,692.6836,0.1676219
692.8512,692.6836,0.1675699
692.8512,692.6838,0.1674328
692.8512,692.6838,0.167399
692.8512,692.684,0.1672297
692.8512,692.684,0.167155
692.8512,692.6841,0.1670916
692.8512,692.6841,0.1670864
692.8512,692.6841,0.1670774
692.8512,692.6842,0.1669919
692.8512,692.6844,0.1668064
692.8512,692.6846,0.166591
692.8512,692.6846,0.1665631
692.8512,692.6848,0.1663876
692.8512,692.6849,0.1662998
692.8512,692.6849,0.166265
692.8512,692.6851,0.1661477
692.8512,692.6852,0.1659785
692.8512,692.6853,0.1659347
692.8512,692.6853,0.1659324
692.8512,692.6853,0.1658603
692.8512,692.6855,0.1657234
692.8512,692.6855,0.1656928
692.8512,692.6855,0.1656826
692.8512,692.6857,0.1654875
692.8512,692.6859,0.1653387
692.8512,692.6859,0.1652597
692.8512,692.6861,0.1651311
692.8512,692.6862,0.1649888
692.8512,692.6863,0.1648627
692.8512,692.6865,0.1646744
692.8512,692.6867,0.1645465
692.8512,692.6867,0.1644693
692.8512,692.6867,0.1644678
692.8512,692.6869,0.1643269
692.8512,692.6869,0.1642694
692.8512,692.6869,0.1642658
692.8512,692.6871,0.1640726
692.8512,692.6873,0.1638895
692.8512,692.6874,0.1638213
692.8512,692.6874,0.1638136
692.8512,692.6875,0.1636998
692.8512,692.6875,0.1636762
692.8512,692.6875,0.1636639
692.8512,692.6876,0.1635567
692.8512,692.6877,0.1634793
692.8512,692.688,0.1632385
692.8512,692.688,0.1631734
692.8512,692.6881,0.1631416
692.8512,692.6881,0.1631129
692.8512,692.6882,0.163024
692.8512,692.6883,0.1629384
692.8512,692.6883,0.1629163
692.8512,692.6883,0.1628827
692.8512,692.6885,0.1627226
692.8512,692.6885,0.1627196
692.8512,692.6885,0.1626923
692.8512,692.6885,0.1626855
692.8512,692.6885,0.1626728
692.8512,692.6887,0.162471
692.8512,692.6888,0.1624068
692.8512,692.6889,0.1623232
692.8512,692.6889,0.1622642
692.8512,692.6891,0.1620969
692.8512,692.6892,0.1620457
692.8512,692.6892,0.16204
692.8512,692.6892,0.1620096
692.8512,692.6893,0.1618962
692.8512,692.6893,0.161889
692.8512,692.6894,0.1617639
692.8512,692.6895,0.1617052
692.8512,692.6896,0.161623
692.8512,692.6897,0.1615281
692.8512,692.6897,0.1615072
692.8512,692.6898,0.1614016
692.8512,692.69,0.1612342
692.8512,692.6902,0.1610191
692.8512,692.6902,0.1609574
692.8512,692.6903,0.16091
692.8512,692.6903,0.1608625
692.8512,692.6904,0.1608318
692.8512,692.6904,0.1608009
692.8512,692.6904,0.1607619
692.8512,692.6906,0.1605759
692.8512,692.6906,0.160557
692.8512,692.6907,0.1605241
692.8512,692.6907,0.1604734
692.8512,692.6908,0.1604077
692.8512,692.6908,0.160354
692.8512,692.6909,0.1602839
692.8512,692.6909,0.1602799
692.8512,692.6909,0.1602675
692.8512,692.6909,0.1602654
692.8512,692.691,0.1601893
692.8512,692.691,0.1601721
692.8512,692.6911,0.1600943
692.8512,692.6911,0.1600894
692.8512,692.6912,0.1599753
692.8512,692.6912,0.1599576
692.8512,692.6913,0.1599449
692.8512,692.6918,0.1593863
692.8512,692.6918,0.159372
692.8512,692.6919,0.1593453
692.8512,692.692,0.1592085
692.8512,692.6921,0.1591086
692.8512,692.6921,0.1591028
692.8512,692.6923,0.1589487
692.8512,692.6923,0.1589261
692.8512,692.6924,0.1588383
692.8512,692.6924,0.1587793
692.8512,692.6924,0.1587514
692.8512,692.6925,0.1587436
692.8512,692.6925,0.1587296
692.8512,692.6927,0.1585074
692.8512,692.6928,0.1583697
692.8512,692.6928,0.1583621
692.8512,692.6928,0.1583563
692.8512,692.6929,0.1583377
692.8512,692.693,0.1582344
692.8512,692.693,0.1582332
692.8512,692.693,0.1581634
692.8512,692.6931,0.1581247
692.8512,692.6933,0.1579086
692.8512,692.6933,0.1578606
692.8512,692.6934,0.1578196
692.8512,692.6934,0.1577833
692.8512,692.6934,0.1577611
692.8512,692.6935,0.157659
692.8512,692.6935,0.1576585
692.8512,692.6936,0.1576063
692.8512,692.6937,0.1575405
692.8512,692.6937,0.1575193
692.8512,692.6937,0.1575035
692.8512,692.6937,0.1574766
692.8512,692.6938,0.1573757
692.8512,692.6938,0.1573734
692.8512,692.6939,0.1572817
692.8512,692.694,0.1572476
692.8512,692.694,0.1572404
692.8512,692.694,0.1572357
692.8512,692.694,0.1572086
692.8512,692.694,0.1572082
692.8512,692.694,0.157207
692.8512,692.694,0.157187
692.8512,692.694,0.1571644
692.8512,692.6941,0.1571344
692.8512,692.6941,0.157125
692.8512,692.6941,0.1570624
692.8512,692.6941,0.1570618
692.8512,692.6941,0.1570508
692.8512,692.6942,0.1570115
692.8512,692.6943,0.1568888
692.8512,692.6943,0.1568818
692.8512,692.6944,0.1568444
692.8512,692.6944,0.1568402
692.8512,692.6945,0.1567319
692.8512,692.6945,0.1566554
692.8512,692.6946,0.1566117
692.8512,692.6946,0.1566077
692.8512,692.6946,0.1565962
692.8512,692.6946,0.1565887
692.8512,692.6947,0.1565057
692.8512,692.6947,0.1564993
692.8512,692.6947,0.1564924
692.8512,692.6947,0.1564812
692.8512,692.6948,0.1563795
692.8512,692.6949,0.1563314
692.8512,692.6949,0.1563037
692.8512,692.6949,0.1562691
692.8512,692.695,0.1562384
692.8512,692.695,0.156233
692.8512,692.695,0.156172
692.8512,692.695,0.1561551
692.8512,692.6951,0.1561273
692.8512,692.6951,0.156097
692.8512,692.6951,0.1560573
692.8512,692.6952,0.1560291
692.8512,692.6952,0.1560178
692.8512,692.6953,0.155899
692.8512,692.6953,0.1558575
692.8512,692.6954,0.1558255
692.8512,692.6954,0.1558068
692.8512,692.6954,0.1558039
692.8512,692.6954,0.1557862
692.8512,692.6954,0.1557697
692.8512,692.6955,0.1556848
692.8512,692.6956,0.1556152
692.8512,692.6956,0.1555883
692.8512,692.6957,0.1555285
692.8512,692.6957,0.1555007
692.8512,692.6958,0.1554205
692.8512,692.6958,0.155398
692.8512,692.6958,0.155365
692.8512,692.6959,0.1553425
692.8512,692.6959,0.155341
692.8512,692.6959,0.1552962
692.8512,692.6959,0.1552722
692.8512,692.696,0.1552389
692.8512,692.696,0.155217
692.8512,692.696,0.1552101
692.8512,692.6961,0.1550609
692.8512,692.6962,0.1549923
692.8512,692.6962,0.1549573
692.8512,692.6963,0.1549345
692.8512,692.6963,0.1549271
692.8512,692.6963,0.1548698
692.8512,692.6963,0.1548587
692.8512,692.6964,0.1548437
692.8512,692.6964,0.1548183
692.8512,692.6965,0.1547455
692.8512,692.6966,0.1546383
692.8512,692.6966,0.1545981
692.8512,692.6967,0.1545143
692.8512,692.6967,0.1544717
692.8512,692.6968,0.154422
692.8512,692.6968,0.1544143
692.8512,692.6968,0.1543978
692.8512,692.6969,0.1543171
692.8512,692.697,0.1542489
692.8512,692.6971,0.1541313
692.8512,692.6971,0.154129
692.8512,692.6971,0.1540988
692.8512,692.6973,0.1539413
692.8512,692.6973,0.1539156
692.8512,692.6973,0.153871
692.8512,692.6974,0.1538217
692.8512,692.6974,0.1537917
692.8512,692.6975,0.153748
692.8512,692.6975,0.1536915
692.8512,692.6977,0.1534739
692.8512,692.6977,0.1534505
692.8512,692.6978,0.1533933
692.8512,692.6978,0.1533815
692.8512,692.6979,0.1533318
692.8512,692.698,0.1531985
692.8512,692.6981,0.1530623
692.8512,692.6982,0.1529599
692.8512,692.6984,0.1527843
692.8512,692.6984,0.1527748
692.8512,692.6988,0.1524365
692.8512,692.6988,0.1523682
692.8512,692.6989,0.1522854
692.8512,692.699,0.1522391
692.8512,692.699,0.1521745
692.8512,692.6991,0.1521017
692.8512,692.6993,0.1518656
692.8512,692.6994,0.1518313
692.8512,692.6996,0.1516207
692.8512,692.6997,0.1515474
692.8512,692.6997,0.1515175
692.8512,692.6998,0.1513662
692.8512,692.6999,0.1513176
692.8512,692.7001,0.1510731
692.8512,692.7003,0.1508616
692.8512,692.7006,0.150564
692.8512,692.7006,0.1505531
692.8512,692.701,0.1502178
692.8512,692.701,0.1501613
692.8512,692.7012,0.1500303
692.8512,692.7012,0.1500015
692.8512,692.7014,0.1498418
692.8512,692.7014,0.1498299
692.8512,692.7015,0.1496917
692.8512,692.7016,0.1495957
692.8512,692.7018,0.1494454
692.8512,692.7018,0.1494364
692.8512,692.7019,0.149338
692.8512,692.702,0.1492359
692.8512,692.7021,0.1491264
692.8512,692.7021,0.1490954
692.8512,692.7022,0.1489983
692.8512,692.7024,0.1488023
692.8512,692.7025,0.1487356
692.8512,692.7025,0.1487294
692.8512,692.7026,0.148579
692.8512,692.7028,0.1484158
692.8512,692.7028,0.1483885
692.8512,692.7028,0.1483854
692.8512,692.7028,0.148367
692.8512,692.703,0.1481893
692.8512,692.703,0.148154
692.8512,692.7033,0.1478911
692.8512,692.7033,0.1478755
692.8512,692.7036,0.1476452
692.8512,692.7038,0.147361
692.8512,692.7041,0.1471025
692.8512,692.7041,0.147092
692.8512,692.7041,0.1470655
692.8512,692.7047,0.1464572
692.8512,692.7049,0.146272
692.8512,692.705,0.1462192
692.8512,692.7051,0.1461397
692.8512,692.7061,0.1450655
692.8512,692.7064,0.1447922
692.8512,692.7068,0.1443713
692.8512,692.7069,0.1443203
692.8512,692.7072,0.1440126
692.8512,692.7077,0.1435376
692.8512,692.708,0.1432058
692.8512,692.7093,0.1418524
692.8512,692.7104,0.1407665
692.8512,692.7134,0.1378271
692.8512,692.7166,0.1346156
692.8512,692.7197,0.131473
692.8512,692.7324,0.1187947
692.8512,692.7375,0.1137323
692.8512,692.7435,0.1076712
692.8512,692.7502,0.1009875
692.8512,692.9561,-0.1049498
692.8512,692.9584,-0.1072061
692.8512,692.9588,-0.1076067
692.8512,692.9589,-0.1077309
692.8512,692.9593,-0.1080861
692.8512,692.9604,-0.1091748
692.8512,692.9607,-0.1095057
692.8512,692.9618,-0.1105966
692.8512,692.9629,-0.1117013
692.8512,692.9648,-0.1136414
692.8512,692.968,-0.116814
692.8512,692.9683,-0.1171337
692.8512,692.9707,-0.1194933
692.8512,692.9733,-0.12208
692.8512,692.9754,-0.1242311
692.8512,692.9754,-0.1242474
692.8512,692.976,-0.1248414
692.8512,692.9769,-0.12569
692.8512,692.9771,-0.1259302
692.8512,692.9774,-0.1262143
692.8512,692.9776,-0.1263651
692.8512,692.9778,-0.1265738
692.8512,692.9781,-0.1268804
692.8512,692.9783,-0.1270931
692.8512,692.9786,-0.1273914
692.8512,692.9787,-0.1274666
692.8512,692.9787,-0.1274961
692.8512,692.9788,-0.127566
692.8512,692.9788,-0.1276372
692.8512,692.9791,-0.1278836
692.8512,692.9792,-0.12802
692.8512,692.9793,-0.1281069
692.8512,692.9794,-0.1281846
692.8512,692.9794,-0.1282209
692.8512,692.9795,-0.1282504
692.8512,692.9795,-0.1282721
692.8512,692.9797,-0.1284581
692.8512,692.9799,-0.1286829
692.8512,692.9802,-0.129031
692.8512,692.9803,-0.1290655
692.8512,692.9803,-0.1291449
692.8512,692.9804,-0.1291819
692.8512,692.9804,-0.1292299
692.8512,692.9805,-0.1292859
692.8512,692.9807,-0.1294663
692.8512,692.9807,-0.1294914
692.8512,692.9807,-0.1294925
692.8512,692.9807,-0.1295258
692.8512,692.9808,-0.1295886
692.8512,692.9808,-0.1296145
692.8512,692.9809,-0.12967
692.8512,692.981,-0.1297633
692.8512,692.981,-0.1297832
692.8512,692.981,-0.1297941
692.8512,692.9812,-0.1299689
692.8512,692.9814,-0.130226
692.8512,692.9815,-0.1303486
692.8512,692.9816,-0.1304157
692.8512,692.9816,-0.1304318
692.8512,692.9817,-0.1304918
692.8512,692.9817,-0.130528
692.8512,692.9818,-0.130585
692.8512,692.9818,-0.1306332
692.8512,692.9819,-0.1307148
692.8512,692.982,-0.1307555
692.8512,692.9821,-0.1308541
692.8512,692.9821,-0.1308973
692.8512,692.9821,-0.1309381
692.8512,692.9821,-0.1309472
692.8512,692.9822,-0.1310079
692.8512,692.9822,-0.1310358
692.8512,692.9823,-0.1310621
692.8512,692.9823,-0.1310963
692.8512,692.9824,-0.131156
692.8512,692.9825,-0.1312865
692.8512,692.9825,-0.1312991
692.8512,692.9826,-0.1314043
692.8512,692.9826,-0.1314324
692.8512,692.9827,-0.1314643
692.8512,692.9827,-0.1314897
692.8512,692.9827,-0.1315084
692.8512,692.9827,-0.131516
692.8512,692.9829,-0.1316778
692.8512,692.983,-0.1318106
692.8512,692.983,-0.1318432
692.8512,692.9831,-0.1318568
692.8512,692.9831,-0.1318596
692.8512,692.9831,-0.1318734
692.8512,692.9832,-0.1319777
692.8512,692.9832,-0.1320309
692.8512,692.9832,-0.1320459
692.8512,692.9833,-0.1320725
692.8512,692.9833,-0.1320823
692.8512,692.9833,-0.1321071
692.8512,692.9834,-0.1321644
692.8512,692.9835,-0.1322665
692.8512,692.9835,-0.1322783
692.8512,692.9835,-0.1322876
692.8512,692.9835,-0.1322975
692.8512,692.9835,-0.132324
692.8512,692.9836,-0.1323643
692.8512,692.9836,-0.1324112
692.8512,692.9836,-0.1324186
692.8512,692.9837,-0.1324628
692.8512,692.9837,-0.1324781
692.8512,692.9837,-0.1325145
692.8512,692.9837,-0.1325238
692.8512,692.9837,-0.1325326
692.8512,692.9837,-0.1325419
692.8512,692.9838,-0.1325813
692.8512,692.9838,-0.1325927
692.8512,692.9838,-0.13265
692.8512,692.9839,-0.1326686
692.8512,692.9839,-0.1326768
692.8512,692.9839,-0.1327239
692.8512,692.9839,-0.1327249
692.8512,692.9839,-0.1327333
692.8512,692.9839,-0.1327456
692.8512,692.984,-0.132825
692.8512,692.984,-0.1328409
692.8512,692.9841,-0.1328905
692.8512,692.9841,-0.1329062
692.8512,692.9841,-0.1329111
692.8512,692.9841,-0.1329494
692.8512,692.9842,-0.1329537
692.8512,692.9842,-0.1329861
692.8512,692.9842,-0.1329875
692.8512,692.9842,-0.1329916
692.8512,692.9842,-0.132995
692.8512,692.9843,-0.1330587
692.8512,692.9843,-0.1330659
692.8512,692.9843,-0.1331263
692.8512,692.9843,-0.1331428
692.8512,692.9844,-0.1331503
692.8512,692.9844,-0.1331613
692.8512,692.9844,-0.1331634
692.8512,692.9844,-0.133212
692.8512,692.9844,-0.1332294
692.8512,692.9844,-0.1332444
692.8512,692.9845,-0.1332657
692.8512,692.9845,-0.1332664
692.8512,692.9845,-0.133269
692.8512,692.9845,-0.1332751
692.8512,692.9845,-0.1332762
692.8512,692.9845,-0.133279
692.8512,692.9845,-0.1332879
692.8512,692.9845,-0.133295
692.8512,692.9845,-0.1333207
692.8512,692.9846,-0.1333896
692.8512,692.9846,-0.1334046
692.8512,692.9847,-0.1334615
692.8512,692.9847,-0.1334776
692.8512,692.9847,-0.1334871
692.8512,692.9847,-0.1335077
692.8512,692.9848,-0.1335844
692.8512,692.9849,-0.1336747
692.8512,692.9849,-0.1336804
692.8512,692.9849,-0.1337076
692.8512,692.9849,-0.1337209
692.8512,692.9849,-0.1337402
692.8512,692.985,-0.1337716
692.8512,692.985,-0.1338006
692.8512,692.985,-0.1338159
692.8512,692.985,-0.1338179
692.8512,692.985,-0.133819
692.8512,692.985,-0.1338297
692.8512,692.985,-0.1338368
692.8512,692.9851,-0.1338659
692.8512,692.9851,-0.1338899
692.8512,692.9851,-0.1339003
692.8512,692.9851,-0.1339163
692.8512,692.9851,-0.1339232
692.8512,692.9851,-0.1339353
692.8512,692.9852,-0.1339597
692.8512,692.9852,-0.1339648
692.8512,692.9852,-0.1339818
692.8512,692.9852,-0.1339851
692.8512,692.9852,-0.1340499
692.8512,692.9853,-0.134059
692.8512,692.9853,-0.1340717
692.8512,692.9853,-0.1340736
692.8512,692.9853,-0.1340767
692.8512,692.9853,-0.1340771
692.8512,692.9853,-0.1340995
692.8512,692.9853,-0.1341075
692.8512,692.9853,-0.1341321
692.8512,692.9854,-0.1341823
692.8512,692.9854,-0.1341941
692.8512,692.9854,-0.1341954
692.8512,692.9854,-0.1341966
692.8512,692.9854,-0.1342311
692.8512,692.9854,-0.1342486
692.8512,692.9855,-0.1342514
692.8512,692.9855,-0.1343188
692.8512,692.9855,-0.1343362
692.8512,692.9856,-0.1343528
692.8512,692.9856,-0.1344098
692.8512,692.9856,-0.1344126
692.8512,692.9856,-0.1344235
692.8512,692.9856,-0.1344347
692.8512,692.9856,-0.1344359
692.8512,692.9857,-0.1344657
692.8512,692.9857,-0.1344841
692.8512,692.9857,-0.1345049
692.8512,692.9857,-0.1345182
692.8512,692.9858,-0.1345606
692.8512,692.9858,-0.1345875
692.8512,692.9858,-0.1345899
692.8512,692.9858,-0.1346022
692.8512,692.9859,-0.1346689
692.8512,692.9859,-0.1347401
692.8512,692.986,-0.1347634
692.8512,692.986,-0.134771
692.8512,692.986,-0.1348014
692.8512,692.986,-0.1348049
692.8512,692.986,-0.1348368
692.8512,692.986,-0.1348494
692.8512,692.9861,-0.134885
692.8512,692.9861,-0.1349375
692.8512,692.9862,-0.1349608
692.8512,692.9862,-0.1349971
692.8512,692.9862,-0.1350104
692.8512,692.9862,-0.1350474
692.8512,692.9863,-0.1350646
692.8512,692.9863,-0.1350777
692.8512,692.9864,-0.1351563
692.8512,692.9864,-0.135222
692.8512,692.9864,-0.1352257
692.8512,692.9864,-0.1352258
692.8512,692.9864,-0.1352278
692.8512,692.9864,-0.1352341
692.8512,692.9865,-0.1352676
692.8512,692.9865,-0.1352771
692.8512,692.9865,-0.135302
692.8512,692.9865,-0.1353426
692.8512,692.9865,-0.1353427
692.8512,692.9866,-0.1353597
692.8512,692.9866,-0.1353987
692.8512,692.9866,-0.1354221
692.8512,692.9866,-0.1354315
692.8512,692.9866,-0.1354421
692.8512,692.9866,-0.1354465
692.8512,692.9867,-0.1354732
692.8512,692.9867,-0.1354831
692.8512,692.9867,-0.135502
692.8512,692.9867,-0.1355053
692.8512,692.9867,-0.1355259
692.8512,692.9867,-0.1355327
692.8512,692.9868,-0.1356413
692.8512,692.9869,-0.1356768
692.8512,692.987,-0.1357826
692.8512,692.987,-0.1357969
692.8512,692.987,-0.1358217
692.8512,692.9871,-0.1358805
692.8512,692.9871,-0.1358862
692.8512,692.9871,-0.1359223
692.8512,692.9872,-0.1359568
692.8512,692.9872,-0.1360431
692.8512,692.9873,-0.1361295
692.8512,692.9874,-0.1362355
692.8512,692.9875,-0.1362961
692.8512,692.9875,-0.1362971
692.8512,692.9875,-0.1363155
692.8512,692.9875,-0.1363344
692.8512,692.9876,-0.1363554
692.8512,692.9876,-0.1364283
692.8512,692.9876,-0.1364308
692.8512,692.9877,-0.1364799
692.8512,692.9877,-0.1364851
692.8512,692.9877,-0.1365063
692.8512,692.9877,-0.1365202
692.8512,692.9877,-0.1365253
692.8512,692.9877,-0.1365374
692.8512,692.9878,-0.1366028
692.8512,692.9879,-0.1366661
692.8512,692.9879,-0.1366887
692.8512,692.9879,-0.1367245
692.8512,692.9879,-0.1367362
692.8512,692.988,-0.1367737
692.8512,692.988,-0.1368346
692.8512,692.988,-0.1368482
692.8512,692.9881,-0.1368552
692.8512,692.9881,-0.1368645
692.8512,692.9881,-0.1369331
692.8512,692.9882,-0.1369519
692.8512,692.9882,-0.136955
692.8512,692.9882,-0.1369557
692.8512,692.9882,-0.1369951
692.8512,692.9882,-0.1370441
692.8512,692.9883,-0.1370635
692.8512,692.9883,-0.1370818
692.8512,692.9883,-0.1371219
692.8512,692.9884,-0.1371518
692.8512,692.9884,-0.1372158
692.8512,692.9884,-0.1372439
692.8512,692.9885,-0.1373425
692.8512,692.9886,-0.1373739
692.8512,692.9886,-0.1373781
692.8512,692.9886,-0.1373809
692.8512,692.9886,-0.1374216
692.8512,692.9887,-0.1375422
692.8512,692.9887,-0.1375446
692.8512,692.9888,-0.1375857
692.8512,692.9888,-0.1376276
692.8512,692.9889,-0.1376917
692.8512,692.9889,-0.1377117
692.8512,692.989,-0.1377597
692.8512,692.989,-0.1377946
692.8512,692.989,-0.1378031
692.8512,692.989,-0.1378136
692.8512,692.9891,-0.1378777
692.8512,692.9891,-0.1378855
692.8512,692.9891,-0.1378879
692.8512,692.9891,-0.1378901
692.8512,692.9891,-0.137931
692.8512,692.9892,-0.1380055
692.8512,692.9892,-0.1380202
692.8512,692.9893,-0.1380702
692.8512,692.9893,-0.138084
692.8512,692.9893,-0.1381005
692.8512,692.9893,-0.1381375
692.8512,692.9893,-0.138148
692.8512,692.9894,-0.1381913
692.8512,692.9894,-0.138241
692.8512,692.9895,-0.1383295
692.8512,692.9897,-0.1384732
692.8512,692.9897,-0.1385269
692.8512,692.9897,-0.1385286
692.8512,692.9898,-0.1385909
692.8512,692.9898,-0.1386335
692.8512,692.9899,-0.138677
692.8512,692.99,-0.1387627
692.8512,692.99,-0.138831
692.8512,692.9901,-0.1388561
692.8512,692.9901,-0.1388917
692.8512,692.9901,-0.1389044
692.8512,692.9902,-0.1390209
692.8512,692.9903,-0.1391335
692.8512,692.9904,-0.139239
692.8512,692.9906,-0.1393534
692.8512,692.9906,-0.1393872
692.8512,692.9906,-0.1394159
692.8512,692.9907,-0.1394643
692.8512,692.9907,-0.1394712
692.8512,692.9907,-0.1395449
692.8512,692.9909,-0.1396685
692.8512,692.991,-0.1397969
692.8512,692.991,-0.1398312
692.8512,692.9911,-0.1398875
692.8512,692.9911,-0.139934
692.8512,692.9911,-0.139949
692.8512,692.9912,-0.1399813
692.8512,692.9913,-0.1401024
692.8512,692.9914,-0.1402328
692.8512,692.9915,-0.1403082
692.8512,692.9915,-0.1403486
692.8512,692.9915,-0.1403492
692.8512,692.9918,-0.1406385
692.8512,692.9919,-0.1406878
692.8512,692.992,-0.1407958
692.8512,692.9921,-0.1408835
692.8512,692.9921,-0.1409104
692.8512,692.9922,-0.1410017
692.8512,692.9923,-0.1410866
692.8512,692.9923,-0.1410893
692.8512,692.9923,-0.141143
692.8512,692.9927,-0.1414515
692.8512,692.9927,-0.1415354
692.8512,692.9928,-0.1415968
692.8512,692.9928,-0.1416382
692.8512,692.9928,-0.1416478
692.8512,692.9929,-0.1416733
692.8512,692.9929,-0.1417041
692.8512,692.9933,-0.1420946
692.8512,692.9934,-0.1421957
692.8512,692.9935,-0.1423146
692.8512,692.9937,-0.1425335
692.8512,692.9938,-0.1425721
692.8512,692.9938,-0.1426496
692.8512,692.9941,-0.1429356
692.8512,692.9942,-0.1429684
692.8512,692.9943,-0.143057
692.8512,692.9943,-0.1430842
692.8512,692.9944,-0.1432031
692.8512,692.9945,-0.1432784
692.8512,692.9945,-0.1433058
692.8512,692.9946,-0.1433553
692.8512,692.9946,-0.1433639
692.8512,692.9946,-0.1434005
692.8512,692.9946,-0.1434489
692.8512,692.9947,-0.1434712
692.8512,692.9947,-0.1434735
692.8512,692.9947,-0.1435101
692.8512,692.9949,-0.1436996
692.8512,692.995,-0.1437893
692.8512,692.9952,-0.1439995
692.8512,692.9953,-0.1440971
692.8512,692.9954,-0.1441639
692.8512,692.9955,-0.1443442
692.8512,692.9958,-0.1445765
692.8512,692.9959,-0.1447469
692.8512,692.996,-0.144814
692.8512,692.996,-0.1448416
692.8512,692.9961,-0.1448685
692.8512,692.9962,-0.1450152
692.8512,692.9962,-0.145029
692.8512,692.9963,-0.1451141
692.8512,692.9963,-0.1451455
692.8512,692.9964,-0.1451904
692.8512,692.9965,-0.1452726
692.8512,692.9965,-0.1453164
692.8512,692.9965,-0.1453386
692.8512,692.9966,-0.1453822
692.8512,692.9969,-0.1457345
692.8512,692.9969,-0.1457431
692.8512,692.997,-0.1457781
692.8512,692.997,-0.1458171
692.8512,692.997,-0.1458314
692.8512,692.9971,-0.1458874
692.8512,692.9971,-0.1458965
692.8512,692.9972,-0.1460443
692.8512,692.9973,-0.1460509
692.8512,692.9973,-0.1460654
692.8512,692.9973,-0.146067
692.8512,692.9974,-0.1461739
692.8512,692.9974,-0.146188
692.8512,692.9975,-0.1462771
692.8512,692.9975,-0.1463399
692.8512,692.9976,-0.1464234
692.8512,692.9977,-0.1464799
692.8512,692.9979,-0.1466679
692.8512,692.998,-0.1467676
692.8512,692.9983,-0.1471484
692.8512,692.9984,-0.1472178
692.8512,692.9985,-0.1472857
692.8512,692.9987,-0.1474906
692.8512,692.9988,-0.1476276
692.8512,692.9989,-0.147674
692.8512,692.999,-0.1477886
692.8512,692.9992,-0.1480017
692.8512,692.9993,-0.1480524
692.8512,692.9994,-0.1482128
692.8512,692.9998,-0.1486217
692.8512,692.9998,-0.1486435
692.8512,692.9999,-0.1487249
692.8512,693,-0.148818
692.8512,693.0001,-0.1489027
692.8512,693.0002,-0.1490161
692.8512,693.0005,-0.1492991
692.8512,693.0005,-0.149302
692.8512,693.0006,-0.1493645
692.8512,693.0006,-0.149372
692.8512,693.0006,-0.1493799
692.8512,693.0006,-0.1493848
692.8512,693.0006,-0.1494247
692.8512,693.0007,-0.149468
692.8512,693.0007,-0.1495155
692.8512,693.0008,-0.1495923
692.8512,693.0009,-0.149705
692.8512,693.0009,-0.1497452
692.8512,693.001,-0.14979
692.8512,693.001,-0.1498081
692.8512,693.0012,-0.1499505
692.8512,693.0012,-0.1499972
692.8512,693.0012,-0.1500007
692.8512,693.0013,-0.1500542
692.8512,693.0013,-0.1501254
692.8512,693.0016,-0.1503866
692.8512,693.0018,-0.1505774
692.8512,693.0018,-0.1506155
692.8512,693.0019,-0.1507157
692.8512,693.002,-0.1507838
692.8512,693.0021,-0.1508565
692.8512,693.0021,-0.1508573
692.8512,693.0021,-0.1508857
692.8512,693.0022,-0.1509937
692.8512,693.0023,-0.1510634
692.8512,693.0024,-0.1511901
692.8512,693.0024,-0.1511916
692.8512,693.0025,-0.151329
692.8512,693.0026,-0.1513896
692.8512,693.0026,-0.1514323
692.8512,693.0027,-0.1514714
692.8512,693.0027,-0.1514744
692.8512,693.0027,-0.151491
692.8512,693.003,-0.1518216
692.8512,693.0031,-0.1518938
692.8512,693.0032,-0.1519729
692.8512,693.0032,-0.1520109
692.8512,693.0033,-0.1521388
692.8512,693.0033,-0.1521435
692.8512,693.0034,-0.1521685
692.8512,693.0034,-0.1522164
692.8512,693.0035,-0.1522515
692.8512,693.0036,-0.1524198
692.8512,693.0036,-0.1524252
692.8512,693.0037,-0.1524744
692.8512,693.0037,-0.1524976
692.8512,693.0037,-0.1525113
692.8512,693.0037,-0.1525324
692.8512,693.0039,-0.1526775
692.8512,693.0039,-0.1527277
692.8512,693.0039,-0.1527493
692.8512,693.004,-0.1527915
692.8512,693.0041,-0.1528616
692.8512,693.0041,-0.1528851
692.8512,693.0042,-0.1529778
692.8512,693.0043,-0.1530656
692.8512,693.0043,-0.1531276
692.8512,693.0045,-0.1533048
692.8512,693.0045,-0.1533437
692.8512,693.0047,-0.1534765
692.8512,693.0047,-0.1535343
692.8512,693.0049,-0.1536645
692.8512,693.0049,-0.1536723
692.8512,693.0049,-0.153738
692.8512,693.0051,-0.1539125
692.8512,693.0054,-0.1541515
692.8512,693.0054,-0.1542446
692.8512,693.0055,-0.1542816
692.8512,693.0055,-0.1542827
692.8512,693.0055,-0.1543011
692.8512,693.0056,-0.154432
692.8512,693.0058,-0.1545925
692.8512,693.0058,-0.1546259
692.8512,693.006,-0.1547895
692.8512,693.0061,-0.154878
692.8512,693.0062,-0.1550284
692.8512,693.0063,-0.1550627
692.8512,693.0063,-0.1551105
692.8512,693.0063,-0.1551152
692.8512,693.0066,-0.1554229
692.8512,693.0067,-0.1554675
692.8512,693.0067,-0.1555122
692.8512,693.0067,-0.1555443
692.8512,693.0068,-0.1555652
692.8512,693.007,-0.1557699
692.8512,693.007,-0.1558003
692.8512,693.007,-0.1558399
692.8512,693.0071,-0.1558649
692.8512,693.0071,-0.155881
692.8512,693.0072,-0.1559571
692.8512,693.0072,-0.1559826
692.8512,693.0074,-0.1562028
692.8512,693.0074,-0.1562364
692.8512,693.0075,-0.1562838
692.8512,693.0076,-0.1564099
692.8512,693.0077,-0.1564722
692.8512,693.0079,-0.1567335
692.8512,693.008,-0.1567633
692.8512,693.008,-0.1567912
692.8512,693.008,-0.1568068
692.8512,693.008,-0.1568435
692.8512,693.0081,-0.1569163
692.8512,693.0082,-0.1570295
692.8512,693.0083,-0.1571486
692.8512,693.0084,-0.1571784
692.8512,693.0085,-0.1573242
692.8512,693.0086,-0.1573609
692.8512,693.0088,-0.1576266
692.8512,693.009,-0.1578033
692.8512,693.009,-0.1578361
692.8512,693.0091,-0.1579042
692.8512,693.0092,-0.1579931
692.8512,693.0095,-0.1582819
692.8512,693.0096,-0.1584361
692.8512,693.01,-0.1588034
692.8512,693.0106,-0.1593619
692.8512,693.0106,-0.1593881
692.8512,693.0109,-0.1597056
692.8512,693.0109,-0.1597147
692.8512,693.0111,-0.159879
692.8512,693.0113,-0.1601236
692.8512,693.0113,-0.1601469
692.8512,693.0114,-0.1601501
692.8512,693.0114,-0.1601794
692.8512,693.0114,-0.1602442
692.8512,693.0115,-0.1603057
692.8512,693.0118,-0.1606382
692.8512,693.0119,-0.1606748
692.8512,693.012,-0.1608103
692.8512,693.012,-0.1608146
692.8512,693.0121,-0.1608846
692.8512,693.0122,-0.1609592
692.8512,693.0122,-0.1610165
692.8512,693.0124,-0.1611621
692.8512,693.0124,-0.1611677
692.8512,693.0124,-0.1612159
692.8512,693.0126,-0.1614052
692.8512,693.0127,-0.16153
692.8512,693.0128,-0.1615895
692.8512,693.0129,-0.1616949
692.8512,693.013,-0.1618253
692.8512,693.0131,-0.1618852
692.8512,693.0132,-0.1620068
692.8512,693.0132,-0.1620193
692.8512,693.0133,-0.1621215
692.8512,693.0134,-0.1622089
692.8512,693.0134,-0.1622471
692.8512,693.0135,-0.1622878
692.8512,693.0135,-0.1623179
692.8512,693.0137,-0.162466
692.8512,693.0137,-0.162539
692.8512,693.0139,-0.1626615
692.8512,693.0141,-0.1629032
692.8512,693.0142,-0.1630183
692.8512,693.0144,-0.163212
692.8512,693.0145,-0.1632645
692.8512,693.0146,-0.1633665
692.8512,693.0148,-0.1635626
692.8512,693.0148,-0.1635763
692.8512,693.0149,-0.1636608
692.8512,693.0149,-0.1636758
692.8512,693.0151,-0.163902
692.8512,693.0152,-0.1639838
692.8512,693.0154,-0.16417
692.8512,693.0155,-0.164313
692.8512,693.0156,-0.1643797
692.8512,693.0156,-0.1643881
692.8512,693.0157,-0.1645382
692.8512,693.0158,-0.1646282
692.8512,693.016,-0.1648456
692.8512,693.0163,-0.1651193
692.8512,693.0163,-0.1651256
692.8512,693.0164,-0.1651866
692.8512,693.0165,-0.1652744
692.8512,693.0165,-0.1653281
692.8512,693.0165,-0.1653491
692.8512,693.0166,-0.165401
692.8512,693.0167,-0.1654605
692.8512,693.0169,-0.1656949
692.8512,693.0169,-0.1657118
692.8512,693.0172,-0.1659548
692.8512,693.0172,-0.1659979
692.8512,693.0172,-0.1660074
692.8512,693.0173,-0.1660731
692.8512,693.0173,-0.1660967
692.8512,693.0174,-0.1661582
692.8512,693.0174,-0.1662234
692.8512,693.0174,-0.1662282
692.8512,693.0175,-0.1662907
692.8512,693.0175,-0.1663019
692.8512,693.0177,-0.1664864
692.8512,693.0179,-0.1666554
692.8512,693.0179,-0.1666768
692.8512,693.0181,-0.166878
692.8512,693.0182,-0.1670314
692.8512,693.0183,-0.1670718
692.8512,693.0184,-0.1671886
692.8512,693.0184,-0.1672354
692.8512,693.0202,-0.1689653
692.8512,693.0203,-0.1691259
692.8512,693.0207,-0.1694697
692.8512,693.0213,-0.1700527
692.8512,693.0213,-0.1700534
692.8512,693.0213,-0.1701004
692.8512,693.0213,-0.1701172
692.8512,693.0214,-0.1702189
692.8512,693.0216,-0.1704441
692.8512,693.0218,-0.1706006
692.8512,693.0221,-0.1709197
692.8512,693.0225,-0.1713003
692.8512,693.0225,-0.1713049
692.8512,693.0226,-0.1713846
692.8512,693.0226,-0.1714198
692.8512,693.0227,-0.171476
692.8512,693.0231,-0.1718674
692.8512,693.0232,-0.1719916
692.8512,693.0232,-0.172006
692.8512,693.0233,-0.1720797
692.8512,693.0233,-0.172088
692.8512,693.0234,-0.1721925
692.8512,693.0236,-0.1723786
692.8512,693.0236,-0.1723972
692.8512,693.0238,-0.1725678
692.8512,693.024,-0.1727752
692.8512,693.0248,-0.1735856
692.8512,693.0248,-0.1736207
692.8512,693.0248,-0.1736464
692.8512,693.0252,-0.1740072
692.8512,693.0255,-0.1743184
692.8512,693.0255,-0.1743416
692.8512,693.0256,-0.1743581
692.8512,693.0257,-0.1744769
692.8512,693.0257,-0.1745246
692.8512,693.0258,-0.1745596
692.8512,693.0262,-0.1749845
692.8512,693.0264,-0.17517
692.8512,693.0267,-0.1754933
692.8512,693.0268,-0.175584
692.8512,693.027,-0.1758095
692.8512,693.0272,-0.176027
692.8512,693.0274,-0.1761799
692.8512,693.0276,-0.1764303
692.8512,693.0276,-0.1764432
692.8512,693.0276,-0.1764466
692.8512,693.0276,-0.17645
692.8512,693.0278,-0.176584
692.8512,693.0278,-0.1766036
692.8512,693.028,-0.176816
692.8512,693.0283,-0.1771121
692.8512,693.0284,-0.1772434
692.8512,693.0285,-0.1773046
692.8512,693.0286,-0.1773913
692.8512,693.0287,-0.1774577
692.8512,693.0287,-0.1775005
692.8512,693.0288,-0.1775809
692.8512,693.0288,-0.1776275
692.8512,693.0292,-0.1779774
692.8512,693.0294,-0.1781759
692.8512,693.0294,-0.1782094
692.8512,693.0295,-0.1783283
692.8512,693.0295,-0.1783447
692.8512,693.0296,-0.1783585
692.8512,693.0296,-0.1783753
692.8512,693.0296,-0.178396
692.8512,693.0296,-0.1784213
692.8512,693.0296,-0.1784474
692.8512,693.0297,-0.1785285
692.8512,693.03,-0.1787632
692.8512,693.03,-0.1787742
692.8512,693.03,-0.1788017
692.8512,693.0302,-0.1790392
692.8512,693.0302,-0.1790494
692.8512,693.0303,-0.1791114
692.8512,693.0304,-0.1791721
692.8512,693.0306,-0.1793514
692.8512,693.0306,-0.179371
692.8512,693.0306,-0.1793713
692.8512,693.0306,-0.1793798
692.8512,693.0307,-0.1794671
692.8512,693.0309,-0.1796653
692.8512,693.0311,-0.1798849
692.8512,693.0311,-0.1799259
692.8512,693.0312,-0.1799651
692.8512,693.0312,-0.1799894
692.8512,693.0313,-0.1800949
692.8512,693.0313,-0.1801149
692.8512,693.0313,-0.1801367
692.8512,693.0314,-0.1802371
692.8512,693.0315,-0.1802585
692.8512,693.0316,-0.1803734
692.8512,693.0317,-0.180454
692.8512,693.0319,-0.1807313
692.8512,693.032,-0.1807656
692.8512,693.032,-0.1807755
692.8512,693.032,-0.1808063
692.8512,693.0321,-0.1809247
692.8512,693.0322,-0.1809853
692.8512,693.0323,-0.1811133
692.8512,693.0323,-0.1811367
692.8512,693.0323,-0.181137
692.8512,693.0324,-0.1812243
692.8512,693.0324,-0.18124
692.8512,693.0327,-0.1815286
692.8512,693.0328,-0.1816014
692.8512,693.0328,-0.1816341
692.8512,693.0329,-0.181667
692.8512,693.0329,-0.1816767
692.8512,693.0329,-0.1817149
692.8512,693.033,-0.1817877
692.8512,693.0331,-0.1819147
692.8512,693.0333,-0.1821027
692.8512,693.0333,-0.1821469
692.8512,693.0334,-0.1821508
692.8512,693.0334,-0.1821605
692.8512,693.0336,-0.1824361
692.8512,693.0337,-0.1824782
692.8512,693.0337,-0.1825201
692.8512,693.0338,-0.182624
692.8512,693.0338,-0.1826291
692.8512,693.0341,-0.1828616
692.8512,693.0341,-0.1828865
692.8512,693.0341,-0.1828869
692.8512,693.0341,-0.182927
692.8512,693.0342,-0.1830211
692.8512,693.0343,-0.1831108
692.8512,693.0344,-0.1831521
692.8512,693.0344,-0.1831811
692.8512,693.0344,-0.1832013
692.8512,693.0345,-0.1833318
692.8512,693.0346,-0.1834145
692.8512,693.0347,-0.1834919
692.8512,693.0347,-0.1835021
692.8512,693.0349,-0.1837289
692.8512,693.035,-0.1837982
692.8512,693.0351,-0.1838918
692.8512,693.0352,-0.1840111
692.8512,693.0352,-0.184047
692.8512,693.0353,-0.1841116
692.8512,693.0355,-0.1843002
692.8512,693.0357,-0.1844904
692.8512,693.0358,-0.184633
692.8512,693.0359,-0.1846993
692.8512,693.036,-0.184775
692.8512,693.0361,-0.1849107
692.8512,693.0364,-0.1851588
692.8512,693.0365,-0.1852606
692.8512,693.0365,-0.185278
692.8512,693.0365,-0.1853233
692.8512,693.0366,-0.1853732
692.8512,693.0366,-0.1853744
692.8512,693.0366,-0.1854132
692.8512,693.0366,-0.185422
692.8512,693.0369,-0.1856668
692.8512,693.0369,-0.1857236
692.8512,693.0371,-0.1858557
692.8512,693.0371,-0.1858834
692.8512,693.0372,-0.1860048
692.8512,693.0373,-0.1860613
692.8512,693.0373,-0.1861293
692.8512,693.0373,-0.1861345
692.8512,693.0375,-0.1862693
692.8512,693.0377,-0.1864733
692.8512,693.0378,-0.1866364
692.8512,693.0379,-0.1866684
692.8512,693.0379,-0.1867326
692.8512,693.0379,-0.1867406
692.8512,693.0383,-0.1870976
692.8512,693.0384,-0.1871541
692.8512,693.0385,-0.1873435
692.8512,693.0386,-0.1874212
692.8512,693.0387,-0.1874698
692.8512,693.0387,-0.1874946
692.8512,693.0388,-0.187631
692.8512,693.0389,-0.1876642
692.8512,693.0389,-0.1877113
692.8512,693.0389,-0.1877324
692.8512,693.0391,-0.1879334
692.8512,693.0391,-0.1879497
692.8512,693.0392,-0.188001
692.8512,693.0393,-0.1881032
692.8512,693.0394,-0.1881955
692.8512,693.0395,-0.1883293
692.8512,693.0396,-0.1883671
692.8512,693.0398,-0.188563
692.8512,693.0399,-0.1886669
692.8512,693.04,-0.1887934
692.8512,693.0401,-0.1889494
692.8512,693.0402,-0.1890048
692.8512,693.0403,-0.1890528
692.8512,693.0403,-0.1891295
692.8512,693.0404,-0.1892114
692.8512,693.0404,-0.1892347
692.8512,693.0406,-0.1893598
692.8512,693.0407,-0.1895161
692.8512,693.0407,-0.1895331
692.8512,693.0408,-0.1895857
692.8512,693.041,-0.1898146
692.8512,693.0412,-0.1899502
692.8512,693.0413,-0.1900981
692.8512,693.0414,-0.1902201
692.8512,693.0415,-0.1902849
692.8512,693.0415,-0.1902962
692.8512,693.0418,-0.1905581
692.8512,693.0423,-0.191096
692.8512,693.0423,-0.1911153
692.8512,693.0424,-0.1911748
692.8512,693.0425,-0.1913496
692.8512,693.043,-0.1917705
692.8512,693.0433,-0.1921106
692.8512,693.0441,-0.1928623
692.8512,693.045,-0.193803
692.8512,693.0453,-0.1941106
692.8512,693.0454,-0.194186
692.8512,693.0461,-0.1949376
692.8512,693.0481,-0.1969177
692.8512,693.0497,-0.1984749
692.8512,693.0612,-0.209986
692.8512,693.0664,-0.2152188
692.8512,693.0675,-0.2162662
692.8512,693.0722,-0.2210164
692.8512,693.0728,-0.2216081
692.8512,693.0733,-0.2220561
692.8512,693.074,-0.2228153
692.8512,693.0778,-0.2265668
692.8512,693.0783,-0.2271392
692.8512,693.0786,-0.2273838
692.8512,693.0791,-0.2279484
692.8512,693.0793,-0.2280906
692.8512,693.0793,-0.2281091
692.8512,693.0795,-0.2282593
692.8512,693.0797,-0.2284946
692.8512,693.0801,-0.2288553
692.8512,693.081,-0.2297922
692.8512,693.0811,-0.2298634
692.8512,693.0824,-0.2312144
692.8512,693.0825,-0.2312661
692.8512,693.0825,-0.2313328
692.8512,693.0826,-0.2313771
692.8512,693.0826,-0.23144
692.8512,693.0827,-0.2315096
692.8512,693.083,-0.2317829
692.8512,693.0831,-0.2319069
692.8512,693.0832,-0.231955
692.8512,693.0833,-0.232097
692.8512,693.0834,-0.232176
692.8512,693.0837,-0.2325302
692.8512,693.0838,-0.2325709
692.8512,693.084,-0.2327676
692.8512,693.0841,-0.2329139
692.8512,693.0841,-0.2329278
692.8512,693.0841,-0.2329447
692.8512,693.0842,-0.2329567
692.8512,693.0843,-0.2331013
692.8512,693.0844,-0.2331726
692.8512,693.085,-0.2337794
692.8512,693.085,-0.2338013
692.8512,693.0853,-0.2341066
692.8512,693.0856,-0.2344278
692.8512,693.0857,-0.234514
692.8512,693.0858,-0.2345641
692.8512,693.0858,-0.2345982
692.8512,693.086,-0.2348316
692.8512,693.086,-0.2348428
692.8512,693.0861,-0.2349478
692.8512,693.0863,-0.2350678
692.8512,693.0863,-0.2351241
692.8512,693.0864,-0.2352024
692.8512,693.0868,-0.2355875
692.8512,693.0869,-0.2357146
692.8512,693.0869,-0.2357155
692.8512,693.0869,-0.2357276
692.8512,693.087,-0.2357573
692.8512,693.087,-0.2358035
692.8512,693.0871,-0.2359456
692.8512,693.0872,-0.2359761
692.8512,693.0874,-0.2361992
692.8512,693.0876,-0.2363975
692.8512,693.0876,-0.2364317
692.8512,693.0877,-0.2364691
692.8512,693.0878,-0.2366195
692.8512,693.0878,-0.2366398
692.8512,693.0879,-0.236676
692.8512,693.088,-0.2367894
692.8512,693.0882,-0.2369561
692.8512,693.0882,-0.2369649
692.8512,693.0882,-0.2370264
692.8512,693.0882,-0.237036
692.8512,693.0883,-0.2370619
692.8512,693.0883,-0.2370947
692.8512,693.0884,-0.237171
692.8512,693.0885,-0.2372687
692.8512,693.0886,-0.2373624
692.8512,693.0886,-0.2373739
692.8512,693.0886,-0.2373804
692.8512,693.0886,-0.2373814
692.8512,693.0886,-0.2373982
692.8512,693.0887,-0.2374655
692.8512,693.0887,-0.2375177
692.8512,693.0888,-0.2375707
692.8512,693.0888,-0.2375808
692.8512,693.0888,-0.2376285
692.8512,693.0888,-0.2376402
692.8512,693.0888,-0.237648
692.8512,693.0888,-0.2376484
692.8512,693.0889,-0.2376943
692.8512,693.0889,-0.2377199
692.8512,693.0889,-0.2377433
692.8512,693.089,-0.2377619
692.8512,693.089,-0.2378404
692.8512,693.0891,-0.2378561
692.8512,693.0891,-0.2378908
692.8512,693.0891,-0.2379145
692.8512,693.0891,-0.2379154
692.8512,693.0891,-0.237937
692.8512,693.0891,-0.237948
692.8512,693.0892,-0.2379825
692.8512,693.0892,-0.2379961
692.8512,693.0893,-0.2380508
692.8512,693.0893,-0.2380699
692.8512,693.0893,-0.2380749
692.8512,693.0893,-0.2381016
692.8512,693.0893,-0.2381489
692.8512,693.0894,-0.2381627
692.8512,693.0894,-0.2381681
692.8512,693.0894,-0.23817
692.8512,693.0894,-0.2381834
692.8512,693.0894,-0.2382181
692.8512,693.0894,-0.2382356
692.8512,693.0895,-0.2382775
692.8512,693.0895,-0.2383107
692.8512,693.0895,-0.2383283
692.8512,693.0895,-0.2383414
692.8512,693.0896,-0.2383715
692.8512,693.0896,-0.2383855
692.8512,693.0896,-0.2383862
692.8512,693.0896,-0.238393
692.8512,693.0896,-0.2383972
692.8512,693.0896,-0.2383979
692.8512,693.0897,-0.2384567
692.8512,693.0897,-0.2385036
692.8512,693.0897,-0.2385091
692.8512,693.0897,-0.2385408
692.8512,693.0897,-0.238543
692.8512,693.0897,-0.2385491
692.8512,693.0897,-0.2385491
692.8512,693.0898,-0.2385584
692.8512,693.0898,-0.2385587
692.8512,693.0898,-0.238567
692.8512,693.0898,-0.2385721
692.8512,693.0899,-0.2387346
692.8512,693.09,-0.2387581
692.8512,693.09,-0.238782
692.8512,693.09,-0.2387989
692.8512,693.09,-0.2388211
692.8512,693.0901,-0.2388608
692.8512,693.0901,-0.2388893
692.8512,693.0901,-0.2388962
692.8512,693.0901,-0.2389135
692.8512,693.0901,-0.2389237
692.8512,693.0901,-0.2389266
692.8512,693.0901,-0.2389307
692.8512,693.0902,-0.2389546
692.8512,693.0902,-0.2390296
692.8512,693.0902,-0.2390445
692.8512,693.0902,-0.2390455
692.8512,693.0903,-0.239124
692.8512,693.0904,-0.2391753
692.8512,693.0904,-0.2391801
692.8512,693.0904,-0.2391819
692.8512,693.0904,-0.2391847
692.8512,693.0904,-0.2391885
692.8512,693.0904,-0.2391904
692.8512,693.0904,-0.2392096
692.8512,693.0904,-0.2392161
692.8512,693.0904,-0.2392328
692.8512,693.0904,-0.2392419
692.8512,693.0905,-0.2392711
692.8512,693.0905,-0.2392987
692.8512,693.0905,-0.2393062
692.8512,693.0905,-0.2393193
692.8512,693.0905,-0.2393394
692.8512,693.0905,-0.2393401
692.8512,693.0906,-0.2393839
692.8512,693.0906,-0.2394164
692.8512,693.0906,-0.2394219
692.8512,693.0906,-0.2394398
692.8512,693.0907,-0.239452
692.8512,693.0907,-0.2394858
692.8512,693.0907,-0.2394928
692.8512,693.0907,-0.2395034
692.8512,693.0907,-0.2395193
692.8512,693.0908,-0.2395557
692.8512,693.0908,-0.2395649
692.8512,693.0908,-0.2395685
692.8512,693.0908,-0.2395767
692.8512,693.0908,-0.2395955
692.8512,693.0908,-0.2396198
692.8512,693.0908,-0.2396403
692.8512,693.0908,-0.2396433
692.8512,693.0909,-0.2396513
692.8512,693.0909,-0.2397092
692.8512,693.0909,-0.2397135
692.8512,693.0909,-0.2397275
692.8512,693.0909,-0.2397311
692.8512,693.0909,-0.2397446
692.8512,693.091,-0.2397553
692.8512,693.091,-0.2397729
692.8512,693.091,-0.2397803
692.8512,693.091,-0.2398177
692.8512,693.091,-0.2398237
692.8512,693.091,-0.23983
692.8512,693.091,-0.239841
692.8512,693.0911,-0.2398509
692.8512,693.0911,-0.2398645
692.8512,693.0911,-0.2398723
692.8512,693.0911,-0.2398745
692.8512,693.0911,-0.2398854
692.8512,693.0911,-0.2398926
692.8512,693.0911,-0.2398929
692.8512,693.0911,-0.2399019
692.8512,693.0911,-0.2399074
692.8512,693.0911,-0.2399076
692.8512,693.0911,-0.2399319
692.8512,693.0911,-0.2399357
692.8512,693.0911,-0.2399437
692.8512,693.0912,-0.2399518
692.8512,693.0912,-0.2399564
692.8512,693.0912,-0.2399649
692.8512,693.0912,-0.2399663
692.8512,693.0912,-0.2399848
692.8512,693.0912,-0.2399901
692.8512,693.0912,-0.2399925
692.8512,693.0912,-0.2400163
692.8512,693.0912,-0.2400172
692.8512,693.0912,-0.2400274
692.8512,693.0912,-0.2400337
692.8512,693.0912,-0.2400404
692.8512,693.0912,-0.2400468
692.8512,693.0912,-0.2400487
692.8512,693.0913,-0.2400623
692.8512,693.0913,-0.2400659
692.8512,693.0913,-0.2400774
692.8512,693.0913,-0.2400833
692.8512,693.0913,-0.2400996
692.8512,693.0913,-0.2401215
692.8512,693.0913,-0.2401222
692.8512,693.0913,-0.2401316
692.8512,693.0914,-0.2401518
692.8512,693.0914,-0.2401579
692.8512,693.0914,-0.240173
692.8512,693.0914,-0.2401886
692.8512,693.0914,-0.2402106
692.8512,693.0914,-0.2402138
692.8512,693.0914,-0.2402188
692.8512,693.0914,-0.2402331
692.8512,693.0914,-0.2402416
692.8512,693.0914,-0.240245
692.8512,693.0915,-0.2402517
692.8512,693.0915,-0.2402533
692.8512,693.0915,-0.2402681
692.8512,693.0915,-0.2402753
692.8512,693.0915,-0.2402771
692.8512,693.0915,-0.2402984
692.8512,693.0915,-0.2403059
692.8512,693.0915,-0.2403063
692.8512,693.0915,-0.240319
692.8512,693.0915,-0.2403359
692.8512,693.0916,-0.2403565
692.8512,693.0916,-0.240362
692.8512,693.0916,-0.2403843
692.8512,693.0916,-0.2404271
692.8512,693.0917,-0.2404543
692.8512,693.0917,-0.2404929
692.8512,693.0917,-0.2404985
692.8512,693.0917,-0.2405098
692.8512,693.0917,-0.2405377
692.8512,693.0918,-0.2405513
692.8512,693.0918,-0.2405575
692.8512,693.0918,-0.24056
692.8512,693.0918,-0.2405629
692.8512,693.0918,-0.2405794
692.8512,693.0918,-0.2405816
692.8512,693.0918,-0.2405848
692.8512,693.0918,-0.2405856
692.8512,693.0919,-0.2406565
692.8512,693.0919,-0.2406648
692.8512,693.0919,-0.2406705
692.8512,693.0919,-0.2406814
692.8512,693.0919,-0.2406907
692.8512,693.0919,-0.2406928
692.8512,693.0919,-0.240722
692.8512,693.0919,-0.240733
692.8512,693.0919,-0.2407346
692.8512,693.092,-0.2407651
692.8512,693.092,-0.2407939
692.8512,693.092,-0.2408009
692.8512,693.092,-0.2408184
692.8512,693.092,-0.2408436
692.8512,693.092,-0.2408481
692.8512,693.0921,-0.240856
692.8512,693.0921,-0.240859
692.8512,693.0921,-0.24086
692.8512,693.0921,-0.2408642
692.8512,693.0921,-0.2408659
692.8512,693.0921,-0.2408937
692.8512,693.0921,-0.2409179
692.8512,693.0921,-0.2409328
692.8512,693.0922,-0.2409801
692.8512,693.0922,-0.2409813
692.8512,693.0922,-0.2409881
692.8512,693.0922,-0.2410023
692.8512,693.0922,-0.2410209
692.8512,693.0922,-0.2410253
692.8512,693.0922,-0.2410297
692.8512,693.0923,-0.2410684
692.8512,693.0923,-0.2410717
692.8512,693.0923,-0.2410723
692.8512,693.0923,-0.2410748
692.8512,693.0923,-0.241078
692.8512,693.0923,-0.2410925
692.8512,693.0923,-0.2411157
692.8512,693.0923,-0.2411255
692.8512,693.0923,-0.2411265
692.8512,693.0924,-0.2411661
692.8512,693.0924,-0.2411682
692.8512,693.0924,-0.2412003
692.8512,693.0924,-0.2412233
692.8512,693.0925,-0.2412655
692.8512,693.0925,-0.2412754
692.8512,693.0925,-0.241277
692.8512,693.0925,-0.2412846
692.8512,693.0925,-0.2412938
692.8512,693.0925,-0.2412945
692.8512,693.0925,-0.2413092
692.8512,693.0925,-0.2413156
692.8512,693.0925,-0.2413282
692.8512,693.0925,-0.2413491
692.8512,693.0926,-0.2413753
692.8512,693.0926,-0.241399
692.8512,693.0926,-0.2414027
692.8512,693.0926,-0.2414185
692.8512,693.0926,-0.2414328
692.8512,693.0926,-0.2414427
692.8512,693.0927,-0.2414551
692.8512,693.0927,-0.241463
692.8512,693.0927,-0.2414711
692.8512,693.0927,-0.2414771
692.8512,693.0927,-0.2414781
692.8512,693.0927,-0.2414819
692.8512,693.0927,-0.2414875
692.8512,693.0927,-0.2415112
692.8512,693.0927,-0.2415113
692.8512,693.0927,-0.2415175
692.8512,693.0927,-0.2415199
692.8512,693.0928,-0.2415708
692.8512,693.0928,-0.2415868
692.8512,693.0928,-0.2415877
692.8512,693.0928,-0.2415953
692.8512,693.0928,-0.2415991
692.8512,693.0928,-0.24161
692.8512,693.0929,-0.2416534
692.8512,693.0929,-0.2416609
692.8512,693.0929,-0.2416639
692.8512,693.0929,-0.2416843
692.8512,693.0929,-0.2416869
692.8512,693.0929,-0.241696
692.8512,693.0929,-0.241704
692.8512,693.0929,-0.2417242
692.8512,693.0929,-0.2417304
692.8512,693.0929,-0.2417345
692.8512,693.0929,-0.2417372
692.8512,693.0929,-0.2417461
692.8512,693.093,-0.2417514
692.8512,693.093,-0.2417561
692.8512,693.093,-0.2417846
692.8512,693.093,-0.2417951
692.8512,693.093,-0.2418169
692.8512,693.093,-0.2418185
692.8512,693.093,-0.2418376
692.8512,693.093,-0.2418392
692.8512,693.093,-0.2418441
692.8512,693.0931,-0.2418546
692.8512,693.0931,-0.2419102
692.8512,693.0931,-0.241919
692.8512,693.0932,-0.2419604
692.8512,693.0932,-0.2419678
692.8512,693.0932,-0.242
692.8512,693.0932,-0.2420035
692.8512,693.0932,-0.2420098
692.8512,693.0932,-0.2420109
692.8512,693.0932,-0.2420406
692.8512,693.0932,-0.2420408
692.8512,693.0933,-0.2420541
692.8512,693.0933,-0.2420662
692.8512,693.0933,-0.2420703
692.8512,693.0933,-0.2420731
692.8512,693.0933,-0.242103
692.8512,693.0933,-0.2421111
692.8512,693.0934,-0.242157
692.8512,693.0934,-0.2421594
692.8512,693.0934,-0.2421714
692.8512,693.0934,-0.2421747
692.8512,693.0934,-0.2422026
692.8512,693.0934,-0.2422085
692.8512,693.0934,-0.2422161
692.8512,693.0934,-0.2422166
692.8512,693.0934,-0.2422175
692.8512,693.0934,-0.2422296
692.8512,693.0934,-0.2422387
692.8512,693.0935,-0.24225
692.8512,693.0935,-0.242251
692.8512,693.0935,-0.2422596
692.8512,693.0935,-0.2422731
692.8512,693.0935,-0.2422866
692.8512,693.0935,-0.2422991
692.8512,693.0935,-0.2423169
692.8512,693.0935,-0.2423424
692.8512,693.0935,-0.2423469
692.8512,693.0936,-0.2423657
692.8512,693.0936,-0.2423711
692.8512,693.0936,-0.2423716
692.8512,693.0936,-0.2423873
692.8512,693.0936,-0.2423884
692.8512,693.0936,-0.2424024
692.8512,693.0936,-0.2424067
692.8512,693.0936,-0.2424095
692.8512,693.0936,-0.2424152
692.8512,693.0936,-0.2424201
692.8512,693.0936,-0.2424215
692.8512,693.0936,-0.2424324
692.8512,693.0936,-0.2424407
692.8512,693.0936,-0.2424434
692.8512,693.0937,-0.2424658
692.8512,693.0937,-0.2424712
692.8512,693.0937,-0.2424824
692.8512,693.0937,-0.2424842
692.8512,693.0937,-0.242485
692.8512,693.0937,-0.2425012
692.8512,693.0937,-0.2425118
692.8512,693.0937,-0.2425145
692.8512,693.0937,-0.2425273
692.8512,693.0937,-0.2425311
692.8512,693.0937,-0.242548
692.8512,693.0938,-0.2425539
692.8512,693.0938,-0.2425624
692.8512,693.0938,-0.2425864
692.8512,693.0938,-0.2425935
692.8512,693.0938,-0.2425938
692.8512,693.0938,-0.2425977
692.8512,693.0938,-0.2426066
692.8512,693.0938,-0.2426071
692.8512,693.0938,-0.2426071
692.8512,693.0938,-0.2426276
692.8512,693.0938,-0.24264
692.8512,693.0939,-0.2426557
692.8512,693.0939,-0.2426682
692.8512,693.0939,-0.2426747
692.8512,693.0939,-0.2426869
692.8512,693.0939,-0.2426918
692.8512,693.0939,-0.2426952
692.8512,693.0939,-0.2427019
692.8512,693.0939,-0.2427042
692.8512,693.0939,-0.2427085
692.8512,693.0939,-0.242734
692.8512,693.0939,-0.242737
692.8512,693.094,-0.2427503
692.8512,693.094,-0.2427596
692.8512,693.094,-0.2427599
692.8512,693.094,-0.2427692
692.8512,693.094,-0.2427812
692.8512,693.094,-0.2428009
692.8512,693.094,-0.2428218
692.8512,693.094,-0.2428291
692.8512,693.094,-0.2428337
692.8512,693.094,-0.2428342
692.8512,693.094,-0.2428366
692.8512,693.094,-0.242838
692.8512,693.094,-0.2428473
692.8512,693.0941,-0.2428523
692.8512,693.0941,-0.2428691
692.8512,693.0941,-0.2428722
692.8512,693.0941,-0.2428767
692.8512,693.0941,-0.2428909
692.8512,693.0941,-0.2429141
692.8512,693.0941,-0.2429317
692.8512,693.0941,-0.2429372
692.8512,693.0941,-0.2429414
692.8512,693.0942,-0.2429509
692.8512,693.0942,-0.2429641
692.8512,693.0942,-0.2429854
692.8512,693.0942,-0.2429932
692.8512,693.0942,-0.2430024
692.8512,693.0942,-0.2430052
692.8512,693.0942,-0.2430093
692.8512,693.0942,-0.2430158
692.8512,693.0942,-0.2430292
692.8512,693.0942,-0.2430376
692.8512,693.0942,-0.2430463
692.8512,693.0943,-0.2430568
692.8512,693.0943,-0.2430678
692.8512,693.0943,-0.2430805
692.8512,693.0943,-0.2430995
692.8512,693.0943,-0.2431037
692.8512,693.0943,-0.2431038
692.8512,693.0943,-0.2431196
692.8512,693.0943,-0.2431226
692.8512,693.0943,-0.2431258
692.8512,693.0943,-0.2431456
692.8512,693.0944,-0.2431572
692.8512,693.0944,-0.2431665
692.8512,693.0944,-0.2431686
692.8512,693.0944,-0.2431729
692.8512,693.0944,-0.2431782
692.8512,693.0944,-0.2432228
692.8512,693.0944,-0.243223
692.8512,693.0944,-0.2432362
692.8512,693.0944,-0.2432382
692.8512,693.0944,-0.2432472
692.8512,693.0945,-0.2432516
692.8512,693.0945,-0.2432531
692.8512,693.0945,-0.2432728
692.8512,693.0945,-0.2432849
692.8512,693.0945,-0.2432858
692.8512,693.0945,-0.2433096
692.8512,693.0945,-0.2433099
692.8512,693.0945,-0.2433265
692.8512,693.0945,-0.2433433
692.8512,693.0946,-0.2433566
692.8512,693.0946,-0.2433774
692.8512,693.0946,-0.2434171
692.8512,693.0946,-0.2434323
692.8512,693.0946,-0.2434402
692.8512,693.0946,-0.2434471
692.8512,693.0946,-0.2434482
692.8512,693.0947,-0.2434561
692.8512,693.0947,-0.2434639
692.8512,693.0947,-0.2434847
692.8512,693.0947,-0.2435304
692.8512,693.0947,-0.243533
692.8512,693.0947,-0.243533
692.8512,693.0947,-0.2435364
692.8512,693.0947,-0.243543
692.8512,693.0948,-0.2435518
692.8512,693.0948,-0.2435566
692.8512,693.0948,-0.2435619
692.8512,693.0948,-0.2435655
692.8512,693.0948,-0.2435686
692.8512,693.0948,-0.2435755
692.8512,693.0948,-0.2435807
692.8512,693.0948,-0.243587
692.8512,693.0948,-0.243594
692.8512,693.0948,-0.2436215
692.8512,693.0948,-0.243633
692.8512,693.0948,-0.2436469
692.8512,693.0949,-0.2436503
692.8512,693.0949,-0.2436603
692.8512,693.0949,-0.2436741
692.8512,693.0949,-0.2437065
692.8512,693.0949,-0.2437146
692.8512,693.0949,-0.2437222
692.8512,693.0949,-0.2437274
692.8512,693.0949,-0.2437363
692.8512,693.0949,-0.2437457
692.8512,693.095,-0.2437976
692.8512,693.095,-0.243814
692.8512,693.0951,-0.2438571
692.8512,693.0951,-0.2438643
692.8512,693.0951,-0.2438758
692.8512,693.0951,-0.2438858
692.8512,693.0951,-0.2438889
692.8512,693.0951,-0.2438924
692.8512,693.0951,-0.2439349
692.8512,693.0952,-0.2439642
692.8512,693.0952,-0.2439837
692.8512,693.0952,-0.2439878
692.8512,693.0952,-0.2440108
692.8512,693.0952,-0.2440387
692.8512,693.0953,-0.2440505
692.8512,693.0953,-0.2440655
692.8512,693.0953,-0.2440746
692.8512,693.0953,-0.2440841
692.8512,693.0953,-0.2441082
692.8512,693.0953,-0.2441193
692.8512,693.0953,-0.244125
692.8512,693.0953,-0.2441326
692.8512,693.0954,-0.2442072
692.8512,693.0954,-0.2442175
692.8512,693.0954,-0.2442255
692.8512,693.0954,-0.2442491
692.8512,693.0955,-0.2442501
692.8512,693.0955,-0.2442763
692.8512,693.0956,-0.2443594
692.8512,693.0956,-0.2443964
692.8512,693.0956,-0.2444114
692.8512,693.0956,-0.2444206
692.8512,693.0956,-0.2444275
692.8512,693.0957,-0.24451
692.8512,693.0958,-0.2445856
692.8512,693.0958,-0.2446347
692.8512,693.096,-0.2448287
692.8512,693.0961,-0.2448553
692.8512,693.0961,-0.2448869
692.8512,693.0961,-0.2448961
692.8512,693.0961,-0.2449357
692.8512,693.0961,-0.2449369
692.8512,693.0961,-0.2449382
692.8512,693.0962,-0.2449806
692.8512,693.0962,-0.2449916
692.8512,693.0963,-0.2450534
692.8512,693.0963,-0.2450566
692.8512,693.0964,-0.2451626
692.8512,693.0965,-0.2452649
692.8512,693.0965,-0.2452696
692.8512,693.0965,-0.2453283
692.8512,693.0966,-0.2453851
692.8512,693.0967,-0.2455406
692.8512,693.0968,-0.2456271
692.8512,693.0969,-0.2456607
692.8512,693.0969,-0.2456895
692.8512,693.097,-0.2457538
692.8512,693.0971,-0.2458949
692.8512,693.0971,-0.2459111
692.8512,693.0971,-0.2459116
692.8512,693.0972,-0.2460042
692.8512,693.0972,-0.2460134
692.8512,693.0974,-0.2461708
692.8512,693.0974,-0.2462015
692.8512,693.0976,-0.2464411
692.8512,693.0977,-0.2464746
692.8512,693.0977,-0.2464818
692.8512,693.0978,-0.2466052
692.8512,693.098,-0.2468495
692.8512,693.0982,-0.246984
692.8512,693.0984,-0.2471533
692.8512,693.0984,-0.2472193
692.8512,693.0989,-0.247686
692.8512,693.0989,-0.2477327
692.8512,693.0993,-0.2480989
692.8512,693.0993,-0.2481145
692.8512,693.0996,-0.2484022
692.8512,693.0996,-0.2484095
692.8512,693.0999,-0.2486568
692.8512,693.1002,-0.2490304
692.8512,693.1013,-0.2500965
692.8512,693.1043,-0.2531085
692.8512,693.1044,-0.2532055
692.8512,693.1048,-0.2536239
692.8512,693.1052,-0.2539702
692.8512,693.1052,-0.2539741
692.8512,693.1058,-0.2545507
692.8512,693.107,-0.2557931
692.8512,693.107,-0.2558303
692.8512,693.1072,-0.2559819
692.8512,693.1077,-0.2564873
692.8512,693.1077,-0.2564882
692.8512,693.1085,-0.2573479
692.8512,693.1089,-0.2577459
692.8512,693.1096,-0.2583591
692.8512,693.1096,-0.2584031
692.8512,693.1105,-0.2593389
692.8512,693.111,-0.2598391
692.8512,693.1111,-0.2599392
692.8512,693.1114,-0.2602434
692.8512,693.1115,-0.2602518
692.8512,693.1118,-0.2605829
692.8512,693.1121,-0.2609001
692.8512,693.1122,-0.2610468
692.8512,693.113,-0.261816
692.8512,693.1133,-0.2620922
692.8512,693.1133,-0.2621219
692.8512,693.1134,-0.2621975
692.8512,693.1135,-0.2622664
692.8512,693.1135,-0.2623239
692.8512,693.1136,-0.2623594
692.8512,693.1138,-0.2625681
692.8512,693.1138,-0.262633
692.8512,693.1138,-0.2626465
692.8512,693.1139,-0.2626835
692.8512,693.114,-0.2627536
692.8512,693.114,-0.2628288
692.8512,693.1141,-0.2629165
692.8512,693.1142,-0.2630241
692.8512,693.1142,-0.263039
692.8512,693.1143,-0.2630635
692.8512,693.1143,-0.2630931
692.8512,693.1143,-0.2631161
692.8512,693.1143,-0.2631462
692.8512,693.1144,-0.2631638
692.8512,693.1144,-0.2632234
692.8512,693.1144,-0.2632273
692.8512,693.1145,-0.2633003
692.8512,693.1145,-0.2633034
692.8512,693.1145,-0.2633113
692.8512,693.1146,-0.2634371
692.8512,693.1148,-0.2635767
692.8512,693.1148,-0.263595
692.8512,693.1148,-0.2636196
692.8512,693.115,-0.2638396
692.8512,693.1151,-0.263905
692.8512,693.1152,-0.2639536
692.8512,693.1153,-0.2640632
692.8512,693.1154,-0.264164
692.8512,693.1154,-0.2641832
692.8512,693.1156,-0.2643785
692.8512,693.1156,-0.2643884
692.8512,693.1156,-0.264422
692.8512,693.1157,-0.2645237
692.8512,693.1158,-0.2645656
692.8512,693.1158,-0.2646367
692.8512,693.1158,-0.2646417
692.8512,693.1159,-0.2646725
692.8512,693.116,-0.2648065
692.8512,693.116,-0.264809
692.8512,693.1161,-0.2648676
692.8512,693.1161,-0.2648997
692.8512,693.1162,-0.2650241
692.8512,693.1164,-0.2651516
692.8512,693.1164,-0.2651897
692.8512,693.1164,-0.2652374
692.8512,693.1165,-0.2652527
692.8512,693.1165,-0.2653491
692.8512,693.1166,-0.2653648
692.8512,693.1166,-0.2654372
692.8512,693.1167,-0.2654592
692.8512,693.1167,-0.265485
692.8512,693.1167,-0.2654896
692.8512,693.1167,-0.2654962
692.8512,693.1167,-0.2655437
692.8512,693.1168,-0.2655747
692.8512,693.1169,-0.2657076
692.8512,693.117,-0.2658028
692.8512,693.117,-0.2658057
692.8512,693.1171,-0.2658538
692.8512,693.1172,-0.2659599
692.8512,693.1172,-0.2659863
692.8512,693.1172,-0.2659958
692.8512,693.1173,-0.2660743
692.8512,693.1174,-0.2662095
692.8512,693.1174,-0.2662181
692.8512,693.1174,-0.2662181
692.8512,693.1175,-0.2662544
692.8512,693.1175,-0.2662998
692.8512,693.1176,-0.2664263
692.8512,693.1177,-0.2664608
692.8512,693.1177,-0.2664678
692.8512,693.1178,-0.2666356
692.8512,693.118,-0.2667652
692.8512,693.118,-0.2668428
692.8512,693.1181,-0.2669443
692.8512,693.1182,-0.2669754
692.8512,693.1182,-0.2669967
692.8512,693.1182,-0.2670301
692.8512,693.1182,-0.2670463
692.8512,693.1183,-0.2670512
692.8512,693.1183,-0.2671383
692.8512,693.1184,-0.2671616
692.8512,693.1185,-0.2673129
692.8512,693.1185,-0.2673491
692.8512,693.1186,-0.2673532
692.8512,693.1186,-0.2673757
692.8512,693.1186,-0.2674251
692.8512,693.1187,-0.2674858
692.8512,693.1187,-0.267501
692.8512,693.1187,-0.2675395
692.8512,693.1188,-0.2675997
692.8512,693.1189,-0.2677033
692.8512,693.119,-0.267759
692.8512,693.119,-0.2678432
692.8512,693.1191,-0.2678948
692.8512,693.1191,-0.2679121
692.8512,693.1191,-0.267922
692.8512,693.1191,-0.2679359
692.8512,693.1191,-0.2679433
692.8512,693.1191,-0.2679464
692.8512,693.1192,-0.2679939
692.8512,693.1193,-0.2681221
692.8512,693.1193,-0.2681439
692.8512,693.1194,-0.268152
692.8512,693.1194,-0.2681991
692.8512,693.1194,-0.2682423
692.8512,693.1195,-0.2682753
692.8512,693.1195,-0.2682839
692.8512,693.1195,-0.2683009
692.8512,693.1195,-0.2683193
692.8512,693.1196,-0.2683508
692.8512,693.1196,-0.2683832
692.8512,693.1196,-0.2684061
692.8512,693.1196,-0.2684241
692.8512,693.1197,-0.2684716
692.8512,693.1197,-0.2684737
692.8512,693.1197,-0.2685199
692.8512,693.1198,-0.268602
692.8512,693.1198,-0.2686275
692.8512,693.1199,-0.2686561
692.8512,693.1199,-0.2687468
692.8512,693.12,-0.2687724
692.8512,693.1201,-0.2688505
692.8512,693.1202,-0.2689792
692.8512,693.1202,-0.2690037
692.8512,693.1202,-0.269005
692.8512,693.1203,-0.2690546
692.8512,693.1203,-0.2690775
692.8512,693.1204,-0.2691889
692.8512,693.1204,-0.2691901
692.8512,693.1204,-0.2691964
692.8512,693.1205,-0.2692985
692.8512,693.1206,-0.26943
692.8512,693.1208,-0.269554
692.8512,693.1209,-0.2696694
692.8512,693.1209,-0.2696926
692.8512,693.121,-0.2697505
692.8512,693.121,-0.269835
692.8512,693.1212,-0.2699623
692.8512,693.1212,-0.2699843
692.8512,693.1212,-0.2700037
692.8512,693.1213,-0.2700566
692.8512,693.1213,-0.2701257
692.8512,693.1215,-0.2702648
692.8512,693.1216,-0.2703861
692.8512,693.1216,-0.270448
692.8512,693.1217,-0.2704947
692.8512,693.1217,-0.2705056
692.8512,693.1217,-0.2705159
692.8512,693.122,-0.2707737
692.8512,693.122,-0.2708167
692.8512,693.1222,-0.2709634
692.8512,693.1223,-0.2711367
692.8512,693.1225,-0.2713114
692.8512,693.1225,-0.2713384
692.8512,693.1227,-0.2714587
692.8512,693.1228,-0.2716227
692.8512,693.1228,-0.2716496
692.8512,693.1229,-0.2716833
692.8512,693.123,-0.2717638
692.8512,693.1231,-0.271899
692.8512,693.1232,-0.2719979
692.8512,693.1232,-0.2720122
692.8512,693.1233,-0.2720585
692.8512,693.1233,-0.2721299
692.8512,693.1234,-0.2721593
692.8512,693.1234,-0.2722277
692.8512,693.1235,-0.2723429
692.8512,693.1236,-0.2723513
692.8512,693.1241,-0.2729239
692.8512,693.1243,-0.2730671
692.8512,693.1243,-0.2731206
692.8512,693.1243,-0.2731276
692.8512,693.1245,-0.2733393
692.8512,693.1246,-0.2733968
692.8512,693.1247,-0.2734956
692.8512,693.1249,-0.2736552
692.8512,693.1254,-0.2741629
692.8512,693.126,-0.2748148
692.8512,693.1263,-0.2750526
692.8512,693.1264,-0.2752175
692.8512,693.1265,-0.2752927
692.8512,693.1269,-0.2756633
692.8512,693.1277,-0.2764602
692.8512,693.1281,-0.2768802
692.8512,693.1283,-0.2770993
692.8512,693.1289,-0.2777469
692.8512,693.129,-0.2778492
692.8512,693.1294,-0.2782251
692.8512,693.1295,-0.2783087
692.8512,693.1298,-0.2786084
692.8512,693.13,-0.2788127
692.8512,693.1329,-0.281699
692.8512,693.1334,-0.2821985
692.8512,693.1358,-0.2845739
692.8512,693.1382,-0.2869982
692.8512,693.141,-0.2898218
692.8512,693.143,-0.2917675
692.8512,693.1447,-0.293541
692.8512,693.1449,-0.2937149
692.8512,693.1521,-0.3008504
692.8512,693.1522,-0.3010383
692.8512,693.1547,-0.3035119
692.8512,693.1577,-0.3065494
692.8512,693.159,-0.30782
692.8512,693.1608,-0.309556
692.8512,693.1623,-0.3110829
692.8512,693.1623,-0.3111497
692.8512,693.164,-0.3128087
692.8512,693.164,-0.3128228
692.8512,693.1646,-0.3134179
692.8512,693.166,-0.3147896
692.8512,693.1802,-0.3289826
692.8512,693.1878,-0.3365501
692.8512,693.2143,-0.3630864
692.8512,693.2189,-0.3677099
692.8512,693.225,-0.3737514
692.8512,693.2252,-0.3739905
692.8512,693.2253,-0.3740849
692.8512,693.2264,-0.3752214
692.8512,693.2877,-0.4365231
692.8512,693.2885,-0.4372689
692.8512,693.2896,-0.4383923
692.8512,693.2898,-0.4386409
692.8512,693.2905,-0.4393423
692.8512,693.2911,-0.4398599
692.8512,693.2915,-0.4403174
692.8512,693.2925,-0.441257
692.8512,693.2928,-0.4416288
692.8512,693.2928,-0.4416327
692.8512,693.2959,-0.444681
692.8512,693.2974,-0.4461789
692.8512,693.2985,-0.447283
692.8512,693.2993,-0.4481362
692.8512,693.2995,-0.4483349
692.8512,693.3025,-0.4512718
692.8512,693.303,-0.4518208
692.8512,693.3045,-0.4532856
692.8512,693.3073,-0.4560597
692.8512,693.3074,-0.4561844
692.8512,693.3078,-0.4566037
692.8512,693.3085,-0.4573055
692.8512,693.3086,-0.4573606
692.8512,693.3086,-0.4573941
692.8512,693.3088,-0.45762
692.8512,693.3089,-0.4577066
692.8512,693.3089,-0.4577246
692.8512,693.309,-0.4577546
692.8512,693.3091,-0.4579024
692.8512,693.3091,-0.4579076
692.8512,693.3094,-0.4582444
692.8512,693.3096,-0.458429
692.8512,693.3097,-0.458497
692.8512,693.3098,-0.4585886
692.8512,693.3098,-0.4586361
692.8512,693.3099,-0.458673
692.8512,693.3101,-0.4589361
692.8512,693.3103,-0.4590792
692.8512,693.3104,-0.4592231
692.8512,693.3105,-0.4592542
692.8512,693.3105,-0.4592592
692.8512,693.3105,-0.4592718
692.8512,693.3105,-0.4593338
692.8512,693.3106,-0.4593865
692.8512,693.3107,-0.4594699
692.8512,693.3108,-0.4596112
692.8512,693.311,-0.4598387
692.8512,693.3112,-0.4599686
692.8512,693.3114,-0.4601679
692.8512,693.3116,-0.4603886
692.8512,693.3118,-0.4605607
692.8512,693.3119,-0.4607181
692.8512,693.3121,-0.4609226
692.8512,693.3121,-0.4609416
692.8512,693.3126,-0.4614353
692.8512,693.3127,-0.4614894
692.8512,693.3128,-0.461604
692.8512,693.3129,-0.4616782
692.8512,693.3129,-0.4617037
692.8512,693.3132,-0.4619836
692.8512,693.3134,-0.4621635
692.8512,693.3134,-0.4622283
692.8512,693.3136,-0.4623717
692.8512,693.3136,-0.4624303
692.8512,693.3137,-0.4625194
692.8512,693.3138,-0.4625681
692.8512,693.3138,-0.462573
692.8512,693.3138,-0.4625894
692.8512,693.3138,-0.4626065
692.8512,693.3143,-0.4631066
692.8512,693.3143,-0.4631135
692.8512,693.3144,-0.4632313
692.8512,693.3146,-0.4633929
692.8512,693.3147,-0.4634842
692.8512,693.3147,-0.463503
692.8512,693.3148,-0.463589
692.8512,693.3148,-0.4635922
692.8512,693.3149,-0.4636896
692.8512,693.3149,-0.4637107
692.8512,693.315,-0.4638432
692.8512,693.3151,-0.4638521
692.8512,693.3153,-0.4641202
692.8512,693.3153,-0.4641234
692.8512,693.3154,-0.4642224
692.8512,693.3154,-0.4642477
692.8512,693.3157,-0.4645003
692.8512,693.3157,-0.4645026
692.8512,693.3157,-0.4645064
692.8512,693.3157,-0.4645318
692.8512,693.3158,-0.4645777
692.8512,693.3158,-0.4645784
692.8512,693.3159,-0.4646839
692.8512,693.3163,-0.4650957
692.8512,693.3165,-0.4652531
692.8512,693.3168,-0.4656153
692.8512,693.3175,-0.4662673
692.8512,693.3177,-0.4664788
692.8512,693.3179,-0.4666645
692.8512,693.3184,-0.4671994
692.8512,693.3185,-0.4672532
692.8512,693.3188,-0.467585
692.8512,693.3189,-0.4676902
692.8512,693.3191,-0.4679232
692.8512,693.3192,-0.4679518
692.8512,693.3193,-0.4680687
692.8512,693.3193,-0.4680726
692.8512,693.3194,-0.4681558
692.8512,693.3194,-0.4682262
692.8512,693.3195,-0.4683128
692.8512,693.3195,-0.468314
692.8512,693.3196,-0.4683911
692.8512,693.3196,-0.4684211
692.8512,693.3196,-0.4684222
692.8512,693.3196,-0.4684354
692.8512,693.3197,-0.4685044
692.8512,693.3197,-0.4685461
692.8512,693.3198,-0.4685972
692.8512,693.3198,-0.4686108
692.8512,693.3198,-0.4686148
692.8512,693.3198,-0.4686275
692.8512,693.3198,-0.4686285
692.8512,693.3199,-0.4686744
692.8512,693.3199,-0.4687104
692.8512,693.3199,-0.4687352
692.8512,693.32,-0.4687785
692.8512,693.32,-0.4687902
692.8512,693.32,-0.4687921
692.8512,693.3201,-0.4688937
692.8512,693.3201,-0.4689106
692.8512,693.3201,-0.4689235
692.8512,693.3202,-0.4689724
692.8512,693.3203,-0.4690717
692.8512,693.3203,-0.4690731
692.8512,693.3203,-0.4690958
692.8512,693.3203,-0.4691128
692.8512,693.3204,-0.469231
692.8512,693.3205,-0.4692548
692.8512,693.3205,-0.4692801
692.8512,693.3205,-0.4692897
692.8512,693.3205,-0.4693319
692.8512,693.3206,-0.4693717
692.8512,693.3206,-0.4693773
692.8512,693.3206,-0.4693951
692.8512,693.3206,-0.4694198
692.8512,693.3206,-0.4694206
692.8512,693.3206,-0.4694359
692.8512,693.3207,-0.4694687
692.8512,693.3207,-0.4694854
692.8512,693.3207,-0.469545
692.8512,693.3208,-0.4695687
692.8512,693.3208,-0.4695689
692.8512,693.3208,-0.4695794
692.8512,693.3208,-0.4696044
692.8512,693.3209,-0.4696686
692.8512,693.3209,-0.4696808
692.8512,693.3209,-0.4697131
692.8512,693.3209,-0.469716
692.8512,693.321,-0.469753
692.8512,693.321,-0.4697637
692.8512,693.321,-0.4698232
692.8512,693.321,-0.4698284
692.8512,693.321,-0.4698397
692.8512,693.321,-0.4698416
692.8512,693.3211,-0.4698538
692.8512,693.3211,-0.4698571
692.8512,693.3211,-0.4698792
692.8512,693.3211,-0.4698832
692.8512,693.3211,-0.469888
692.8512,693.3211,-0.4698904
692.8512,693.3211,-0.4698954
692.8512,693.3211,-0.4698969
692.8512,693.3211,-0.4698973
692.8512,693.3211,-0.4699017
692.8512,693.3211,-0.4699045
692.8512,693.3211,-0.469915
692.8512,693.3211,-0.4699208
692.8512,693.3211,-0.4699234
692.8512,693.3212,-0.4699509
692.8512,693.3212,-0.4699524
692.8512,693.3212,-0.4699682
692.8512,693.3212,-0.46997
692.8512,693.3212,-0.469971
692.8512,693.3212,-0.4699719
692.8512,693.3212,-0.4699726
692.8512,693.3212,-0.4699769
692.8512,693.3212,-0.4699804
692.8512,693.3212,-0.4699878
692.8512,693.3212,-0.4700131
692.8512,693.3212,-0.4700152
692.8512,693.3212,-0.4700159
692.8512,693.3212,-0.4700208
692.8512,693.3212,-0.4700225
692.8512,693.3213,-0.4700705
692.8512,693.3213,-0.470094
692.8512,693.3213,-0.4700944
692.8512,693.3213,-0.4701016
692.8512,693.3214,-0.4701545
692.8512,693.3214,-0.4701755
692.8512,693.3214,-0.4701881
692.8512,693.3214,-0.4702161
692.8512,693.3214,-0.4702244
692.8512,693.3215,-0.4702585
692.8512,693.3215,-0.4702594
692.8512,693.3215,-0.4702894
692.8512,693.3215,-0.4703183
692.8512,693.3215,-0.4703335
692.8512,693.3215,-0.4703456
692.8512,693.3216,-0.4703514
692.8512,693.3216,-0.4703539
692.8512,693.3216,-0.4703573
692.8512,693.3216,-0.4703787
692.8512,693.3216,-0.4703801
692.8512,693.3216,-0.470401
692.8512,693.3216,-0.4704201
692.8512,693.3216,-0.4704361
692.8512,693.3217,-0.4704639
692.8512,693.3217,-0.4704764
692.8512,693.3217,-0.4704846
692.8512,693.3217,-0.4705471
692.8512,693.3218,-0.4705516
692.8512,693.3218,-0.4705583
692.8512,693.3218,-0.4705667
692.8512,693.3218,-0.4705701
692.8512,693.3218,-0.4705844
692.8512,693.3218,-0.4705964
692.8512,693.3218,-0.4706132
692.8512,693.3218,-0.4706132
692.8512,693.3218,-0.4706309
692.8512,693.3218,-0.4706353
692.8512,693.3218,-0.470645
692.8512,693.3219,-0.4706641
692.8512,693.3219,-0.4706658
692.8512,693.3219,-0.4706798
692.8512,693.3219,-0.4706888
692.8512,693.3219,-0.4706997
692.8512,693.3219,-0.4707251
692.8512,693.322,-0.470754
692.8512,693.322,-0.4708248
692.8512,693.3221,-0.4708531
692.8512,693.3221,-0.4708669
692.8512,693.3221,-0.4708696
692.8512,693.3221,-0.4709021
692.8512,693.3221,-0.4709027
692.8512,693.3221,-0.4709039
692.8512,693.3221,-0.4709054
692.8512,693.3221,-0.4709219
692.8512,693.3221,-0.4709257
692.8512,693.3221,-0.4709435
692.8512,693.3221,-0.4709439
692.8512,693.3222,-0.4709686
692.8512,693.3222,-0.4709738
692.8512,693.3222,-0.4709964
692.8512,693.3222,-0.4710067
692.8512,693.3222,-0.4710375
692.8512,693.3223,-0.4710642
692.8512,693.3223,-0.4710768
692.8512,693.3223,-0.4710798
692.8512,693.3223,-0.4710811
692.8512,693.3223,-0.4711263
692.8512,693.3223,-0.4711359
692.8512,693.3224,-0.4711637
692.8512,693.3224,-0.4711754
692.8512,693.3224,-0.471193
692.8512,693.3224,-0.4711951
692.8512,693.3224,-0.4712087
692.8512,693.3224,-0.4712134
692.8512,693.3224,-0.4712282
692.8512,693.3224,-0.4712302
692.8512,693.3224,-0.4712385
692.8512,693.3225,-0.4712636
692.8512,693.3225,-0.4712832
692.8512,693.3225,-0.4712847
692.8512,693.3225,-0.4713122
692.8512,693.3226,-0.4713652
692.8512,693.3226,-0.4713701
692.8512,693.3226,-0.471386
692.8512,693.3226,-0.4714037
692.8512,693.3227,-0.4714765
692.8512,693.3227,-0.4714835
692.8512,693.3227,-0.4715246
692.8512,693.3227,-0.471535
692.8512,693.3228,-0.4715601
692.8512,693.3228,-0.471563
692.8512,693.3228,-0.4715746
692.8512,693.3228,-0.4715999
692.8512,693.3228,-0.471609
692.8512,693.3228,-0.471615
692.8512,693.3228,-0.4716317
692.8512,693.3229,-0.4716504
692.8512,693.3229,-0.4716505
692.8512,693.3229,-0.4716514
692.8512,693.3229,-0.4716581
692.8512,693.3229,-0.4716603
692.8512,693.3229,-0.4716771
692.8512,693.3229,-0.4717014
692.8512,693.3229,-0.4717242
692.8512,693.3229,-0.471725
692.8512,693.3229,-0.4717275
692.8512,693.3229,-0.4717373
692.8512,693.323,-0.471782
692.8512,693.323,-0.4717865
692.8512,693.323,-0.4717957
692.8512,693.323,-0.4718318
692.8512,693.3231,-0.471856
692.8512,693.3231,-0.471856
692.8512,693.3231,-0.4718592
692.8512,693.3231,-0.4718866
692.8512,693.3231,-0.4718904
692.8512,693.3231,-0.4719073
692.8512,693.3231,-0.4719195
692.8512,693.3231,-0.4719227
692.8512,693.3231,-0.4719324
692.8512,693.3232,-0.4719583
692.8512,693.3232,-0.4719903
692.8512,693.3232,-0.4719947
692.8512,693.3232,-0.4720359
692.8512,693.3233,-0.4720596
692.8512,693.3233,-0.4720837
692.8512,693.3233,-0.4720903
692.8512,693.3233,-0.4720933
692.8512,693.3234,-0.4721514
692.8512,693.3234,-0.4721527
692.8512,693.3234,-0.4721709
692.8512,693.3234,-0.4721993
692.8512,693.3234,-0.4722265
692.8512,693.3234,-0.4722279
692.8512,693.3234,-0.4722332
692.8512,693.3234,-0.4722349
692.8512,693.3234,-0.472238
692.8512,693.3234,-0.4722483
692.8512,693.3235,-0.472282
692.8512,693.3235,-0.472288
692.8512,693.3235,-0.4723004
692.8512,693.3235,-0.4723149
692.8512,693.3235,-0.4723268
692.8512,693.3235,-0.4723296
692.8512,693.3235,-0.4723378
692.8512,693.3236,-0.4723554
692.8512,693.3236,-0.4723644
692.8512,693.3236,-0.4723803
692.8512,693.3236,-0.4723862
692.8512,693.3236,-0.4723867
692.8512,693.3236,-0.4724054
692.8512,693.3236,-0.4724125
692.8512,693.3237,-0.4724764
692.8512,693.3237,-0.4725019
692.8512,693.3237,-0.4725107
692.8512,693.3237,-0.4725137
692.8512,693.3237,-0.4725141
692.8512,693.3237,-0.4725279
692.8512,693.3237,-0.4725304
692.8512,693.3238,-0.4725614
692.8512,693.3238,-0.4725696
692.8512,693.3238,-0.4725809
692.8512,693.3238,-0.4725916
692.8512,693.3239,-0.4726584
692.8512,693.3239,-0.4726712
692.8512,693.3239,-0.4726712
692.8512,693.3239,-0.4727207
692.8512,693.3239,-0.47273
692.8512,693.324,-0.4727509
692.8512,693.324,-0.47276
692.8512,693.324,-0.4727652
692.8512,693.324,-0.4727726
692.8512,693.324,-0.4727979
692.8512,693.324,-0.4728194
692.8512,693.3241,-0.4728883
692.8512,693.3241,-0.4728949
692.8512,693.3241,-0.4729152
692.8512,693.3241,-0.4729239
692.8512,693.3241,-0.4729436
692.8512,693.3242,-0.4729569
692.8512,693.3242,-0.4729743
692.8512,693.3242,-0.4729925
692.8512,693.3242,-0.4729932
692.8512,693.3242,-0.4729936
692.8512,693.3242,-0.4730085
692.8512,693.3243,-0.4730654
692.8512,693.3243,-0.4730743
692.8512,693.3243,-0.4730751
692.8512,693.3243,-0.4730886
692.8512,693.3243,-0.4731124
692.8512,693.3243,-0.4731176
692.8512,693.3243,-0.4731261
692.8512,693.3243,-0.4731338
692.8512,693.3243,-0.4731363
692.8512,693.3244,-0.4731734
692.8512,693.3244,-0.4731984
692.8512,693.3244,-0.4732015
692.8512,693.3244,-0.4732131
692.8512,693.3244,-0.4732334
692.8512,693.3244,-0.4732414
692.8512,693.3244,-0.4732432
692.8512,693.3245,-0.4732635
692.8512,693.3245,-0.4732643
692.8512,693.3245,-0.4732906
692.8512,693.3245,-0.4733108
692.8512,693.3245,-0.473343
692.8512,693.3245,-0.4733485
692.8512,693.3246,-0.4733536
692.8512,693.3246,-0.4733876
692.8512,693.3246,-0.4734098
692.8512,693.3246,-0.4734191
692.8512,693.3246,-0.4734251
692.8512,693.3246,-0.4734403
692.8512,693.3247,-0.4734685
692.8512,693.3247,-0.4734937
692.8512,693.3247,-0.4735309
692.8512,693.3247,-0.4735414
692.8512,693.3248,-0.4735591
692.8512,693.3248,-0.4735741
692.8512,693.3248,-0.4735834
692.8512,693.3248,-0.4735953
692.8512,693.3248,-0.4736129
692.8512,693.3248,-0.4736217
692.8512,693.3248,-0.4736233
692.8512,693.3248,-0.473624
692.8512,693.3249,-0.473662
692.8512,693.3249,-0.4736771
692.8512,693.3249,-0.4736797
692.8512,693.3249,-0.4736807
692.8512,693.3249,-0.4736869
692.8512,693.3249,-0.4736968
692.8512,693.3249,-0.4737063
692.8512,693.3249,-0.4737065
692.8512,693.3249,-0.4737071
692.8512,693.3249,-0.4737155
692.8512,693.3249,-0.4737186
692.8512,693.3249,-0.4737362
692.8512,693.3249,-0.4737374
692.8512,693.325,-0.4737536
692.8512,693.325,-0.4737559
692.8512,693.325,-0.4737582
692.8512,693.325,-0.4737685
692.8512,693.325,-0.4737705
692.8512,693.325,-0.4737722
692.8512,693.325,-0.4737947
692.8512,693.325,-0.4737989
692.8512,693.325,-0.4738132
692.8512,693.325,-0.4738161
692.8512,693.325,-0.4738264
692.8512,693.325,-0.47384
692.8512,693.325,-0.4738485
692.8512,693.325,-0.4738493
692.8512,693.3251,-0.4738547
692.8512,693.3251,-0.4738573
692.8512,693.3251,-0.4738647
692.8512,693.3251,-0.4738728
692.8512,693.3251,-0.4738823
692.8512,693.3251,-0.4738871
692.8512,693.3251,-0.4738896
692.8512,693.3251,-0.473911
692.8512,693.3251,-0.4739148
692.8512,693.3251,-0.4739344
692.8512,693.3251,-0.4739394
692.8512,693.3251,-0.4739461
692.8512,693.3252,-0.4739683
692.8512,693.3252,-0.4739697
692.8512,693.3252,-0.4739882
692.8512,693.3252,-0.4739899
692.8512,693.3252,-0.4739935
692.8512,693.3252,-0.4740081
692.8512,693.3252,-0.4740156
692.8512,693.3252,-0.4740202
692.8512,693.3252,-0.4740259
692.8512,693.3252,-0.4740358
692.8512,693.3252,-0.4740431
692.8512,693.3252,-0.4740455
692.8512,693.3253,-0.4740655
692.8512,693.3253,-0.4740658
692.8512,693.3253,-0.4740727
692.8512,693.3253,-0.4740738
692.8512,693.3253,-0.474074
692.8512,693.3253,-0.4740867
692.8512,693.3253,-0.4740869
692.8512,693.3253,-0.4740888
692.8512,693.3253,-0.4740925
692.8512,693.3253,-0.4741128
692.8512,693.3253,-0.474117
692.8512,693.3253,-0.4741195
692.8512,693.3253,-0.4741318
692.8512,693.3253,-0.4741338
692.8512,693.3253,-0.474148
692.8512,693.3254,-0.4741528
692.8512,693.3254,-0.4741805
692.8512,693.3254,-0.4741843
692.8512,693.3254,-0.4741943
692.8512,693.3254,-0.474204
692.8512,693.3254,-0.4742184
692.8512,693.3254,-0.4742217
692.8512,693.3254,-0.4742451
692.8512,693.3255,-0.4742627
692.8512,693.3255,-0.4742651
692.8512,693.3255,-0.4743072
692.8512,693.3255,-0.4743074
692.8512,693.3255,-0.4743102
692.8512,693.3255,-0.4743168
692.8512,693.3255,-0.474319
692.8512,693.3255,-0.474321
692.8512,693.3255,-0.4743431
692.8512,693.3255,-0.4743477
692.8512,693.3256,-0.4743512
692.8512,693.3256,-0.4743622
692.8512,693.3256,-0.4743681
692.8512,693.3256,-0.4743762
692.8512,693.3256,-0.4743792
692.8512,693.3256,-0.47439
692.8512,693.3256,-0.4743903
692.8512,693.3256,-0.474392
692.8512,693.3256,-0.4743981
692.8512,693.3256,-0.4743998
692.8512,693.3256,-0.4744084
692.8512,693.3256,-0.4744303
692.8512,693.3256,-0.4744384
692.8512,693.3256,-0.4744463
692.8512,693.3256,-0.4744465
692.8512,693.3256,-0.4744493
692.8512,693.3257,-0.4744529
692.8512,693.3257,-0.4744635
692.8512,693.3257,-0.4744676
692.8512,693.3257,-0.4744756
692.8512,693.3257,-0.4744796
692.8512,693.3257,-0.4744807
692.8512,693.3257,-0.4744821
692.8512,693.3257,-0.4744872
692.8512,693.3257,-0.474503
692.8512,693.3257,-0.4745094
692.8512,693.3257,-0.474516
692.8512,693.3257,-0.4745252
692.8512,693.3257,-0.4745324
692.8512,693.3257,-0.4745341
692.8512,693.3257,-0.4745368
692.8512,693.3257,-0.4745411
692.8512,693.3257,-0.4745493
692.8512,693.3258,-0.4745538
692.8512,693.3258,-0.4745562
692.8512,693.3258,-0.4745708
692.8512,693.3258,-0.4745783
692.8512,693.3258,-0.4745823
692.8512,693.3258,-0.4745833
692.8512,693.3258,-0.4745851
692.8512,693.3258,-0.4745854
692.8512,693.3258,-0.4745904
692.8512,693.3258,-0.4745926
692.8512,693.3258,-0.4745929
692.8512,693.3258,-0.4745933
692.8512,693.3258,-0.474594
692.8512,693.3258,-0.4745991
692.8512,693.3258,-0.4746123
692.8512,693.3258,-0.474613
692.8512,693.3258,-0.4746146
692.8512,693.3258,-0.4746248
692.8512,693.3258,-0.4746299
692.8512,693.3258,-0.4746346
692.8512,693.3258,-0.4746393
692.8512,693.3258,-0.4746488
692.8512,693.3259,-0.4746594
692.8512,693.3259,-0.4746626
692.8512,693.3259,-0.4746702
692.8512,693.3259,-0.4746744
692.8512,693.3259,-0.474676
692.8512,693.3259,-0.4746782
692.8512,693.3259,-0.4746813
692.8512,693.3259,-0.4746881
692.8512,693.3259,-0.4746887
692.8512,693.3259,-0.4746903
692.8512,693.3259,-0.4746978
692.8512,693.3259,-0.4747079
692.8512,693.3259,-0.4747085
692.8512,693.3259,-0.4747214
692.8512,693.3259,-0.474723
692.8512,693.3259,-0.4747254
692.8512,693.3259,-0.4747274
692.8512,693.3259,-0.4747368
692.8512,693.3259,-0.4747389
692.8512,693.3259,-0.4747453
692.8512,693.3259,-0.4747494
692.8512,693.326,-0.4747506
692.8512,693.326,-0.4747507
692.8512,693.326,-0.474751
692.8512,693.326,-0.474751
692.8512,693.326,-0.4747527
692.8512,693.326,-0.4747688
692.8512,693.326,-0.4747691
692.8512,693.326,-0.4747719
692.8512,693.326,-0.4747724
692.8512,693.326,-0.4747741
692.8512,693.326,-0.4747752
692.8512,693.326,-0.4747795
692.8512,693.326,-0.4747809
692.8512,693.326,-0.4747814
692.8512,693.326,-0.4747904
692.8512,693.326,-0.4747918
692.8512,693.326,-0.4747927
692.8512,693.326,-0.474799
692.8512,693.326,-0.4747993
692.8512,693.326,-0.4748039
692.8512,693.326,-0.4748083
692.8512,693.326,-0.4748097
692.8512,693.326,-0.4748143
692.8512,693.326,-0.4748151
692.8512,693.326,-0.4748203
692.8512,693.326,-0.4748247
692.8512,693.326,-0.4748263
692.8512,693.326,-0.4748345
692.8512,693.326,-0.4748383
692.8512,693.326,-0.4748401
692.8512,693.326,-0.4748421
692.8512,693.326,-0.4748433
692.8512,693.326,-0.4748459
692.8512,693.326,-0.4748484
692.8512,693.3261,-0.4748526
692.8512,693.3261,-0.4748541
692.8512,693.3261,-0.4748608
692.8512,693.3261,-0.4748706
692.8512,693.3261,-0.474875
692.8512,693.3261,-0.4748845
692.8512,693.3261,-0.4748846
692.8512,693.3261,-0.4748877
692.8512,693.3261,-0.4748882
692.8512,693.3261,-0.4748957
692.8512,693.3261,-0.474897
692.8512,693.3261,-0.4748981
692.8512,693.3261,-0.4748988
692.8512,693.3261,-0.4749012
692.8512,693.3261,-0.4749027
692.8512,693.3261,-0.4749142
692.8512,693.3261,-0.4749162
692.8512,693.3261,-0.4749175
692.8512,693.3261,-0.4749232
692.8512,693.3261,-0.4749338
692.8512,693.3261,-0.4749356
692.8512,693.3261,-0.4749387
692.8512,693.3261,-0.474945
692.8512,693.3261,-0.4749471
692.8512,693.3262,-0.4749515
692.8512,693.3262,-0.4749646
692.8512,693.3262,-0.4749654
692.8512,693.3262,-0.4749731
692.8512,693.3262,-0.4749735
692.8512,693.3262,-0.4749789
692.8512,693.3262,-0.4749843
692.8512,693.3262,-0.4749868
692.8512,693.3262,-0.4749869
692.8512,693.3262,-0.474994
692.8512,693.3262,-0.4749946
692.8512,693.3262,-0.4749957
692.8512,693.3262,-0.4750033
692.8512,693.3262,-0.4750047
692.8512,693.3262,-0.4750096
692.8512,693.3262,-0.4750099
692.8512,693.3262,-0.4750125
692.8512,693.3262,-0.4750152
692.8512,693.3262,-0.4750158
692.8512,693.3262,-0.4750168
692.8512,693.3262,-0.4750205
692.8512,693.3262,-0.4750272
692.8512,693.3262,-0.4750288
692.8512,693.3262,-0.4750291
692.8512,693.3262,-0.4750304
692.8512,693.3262,-0.4750328
692.8512,693.3262,-0.475041
692.8512,693.3262,-0.475041
692.8512,693.3262,-0.4750419
692.8512,693.3262,-0.4750441
692.8512,693.3262,-0.4750458
692.8512,693.3263,-0.4750522
692.8512,693.3263,-0.4750545
692.8512,693.3263,-0.4750554
692.8512,693.3263,-0.4750577
692.8512,693.3263,-0.4750578
692.8512,693.3263,-0.475059
692.8512,693.3263,-0.4750606
692.8512,693.3263,-0.4750671
692.8512,693.3263,-0.4750735
692.8512,693.3263,-0.475086
692.8512,693.3263,-0.4750912
692.8512,693.3263,-0.4750962
692.8512,693.3263,-0.4750971
692.8512,693.3263,-0.475098
692.8512,693.3263,-0.4751032
692.8512,693.3263,-0.4751089
692.8512,693.3263,-0.4751093
692.8512,693.3263,-0.4751119
692.8512,693.3263,-0.4751132
692.8512,693.3263,-0.4751159
692.8512,693.3263,-0.4751178
692.8512,693.3263,-0.4751183
692.8512,693.3263,-0.4751197
692.8512,693.3263,-0.4751335
692.8512,693.3263,-0.475134
692.8512,693.3263,-0.4751361
692.8512,693.3263,-0.475137
692.8512,693.3263,-0.4751472
692.8512,693.3263,-0.4751479
692.8512,693.3264,-0.4751512
692.8512,693.3264,-0.4751544
692.8512,693.3264,-0.4751636
692.8512,693.3264,-0.4751673
692.8512,693.3264,-0.4751714
692.8512,693.3264,-0.4751717
692.8512,693.3264,-0.4751741
692.8512,693.3264,-0.4751775
692.8512,693.3264,-0.4751778
692.8512,693.3264,-0.4751791
692.8512,693.3264,-0.4751806
692.8512,693.3264,-0.4751822
692.8512,693.3264,-0.475185
692.8512,693.3264,-0.4751898
692.8512,693.3264,-0.4751974
692.8512,693.3264,-0.4752003
692.8512,693.3264,-0.4752026
692.8512,693.3264,-0.4752045
692.8512,693.3264,-0.4752049
692.8512,693.3264,-0.4752065
692.8512,693.3264,-0.4752069
692.8512,693.3264,-0.4752072
692.8512,693.3264,-0.4752093
692.8512,693.3264,-0.4752131
692.8512,693.3264,-0.4752151
692.8512,693.3264,-0.4752161
692.8512,693.3264,-0.4752178
692.8512,693.3264,-0.4752186
692.8512,693.3264,-0.4752188
692.8512,693.3264,-0.4752269
692.8512,693.3264,-0.4752285
692.8512,693.3264,-0.4752289
692.8512,693.3264,-0.4752322
692.8512,693.3264,-0.4752328
692.8512,693.3264,-0.4752375
692.8512,693.3264,-0.4752416
692.8512,693.3264,-0.4752421
692.8512,693.3264,-0.4752442
692.8512,693.3264,-0.4752486
692.8512,693.3265,-0.4752506
692.8512,693.3265,-0.4752511
692.8512,693.3265,-0.4752532
692.8512,693.3265,-0.4752534
692.8512,693.3265,-0.4752566
692.8512,693.3265,-0.4752674
692.8512,693.3265,-0.4752694
692.8512,693.3265,-0.4752831
692.8512,693.3265,-0.4752889
692.8512,693.3265,-0.4752942
692.8512,693.3265,-0.4752947
692.8512,693.3265,-0.4752947
692.8512,693.3265,-0.4753002
692.8512,693.3265,-0.4753018
692.8512,693.3265,-0.4753036
692.8512,693.3265,-0.4753053
692.8512,693.3265,-0.4753119
692.8512,693.3265,-0.4753119
692.8512,693.3265,-0.4753134
692.8512,693.3265,-0.4753135
692.8512,693.3265,-0.4753155
692.8512,693.3265,-0.4753164
692.8512,693.3265,-0.4753197
692.8512,693.3265,-0.4753236
692.8512,693.3265,-0.4753274
692.8512,693.3265,-0.4753274
692.8512,693.3265,-0.4753318
692.8512,693.3265,-0.4753322
692.8512,693.3265,-0.4753401
692.8512,693.3265,-0.4753471
692.8512,693.3265,-0.4753487
692.8512,693.3265,-0.4753488
692.8512,693.3266,-0.4753512
692.8512,693.3266,-0.475355
692.8512,693.3266,-0.4753566
692.8512,693.3266,-0.4753589
692.8512,693.3266,-0.4753589
692.8512,693.3266,-0.4753598
692.8512,693.3266,-0.4753622
692.8512,693.3266,-0.4753642
692.8512,693.3266,-0.4753648
692.8512,693.3266,-0.4753671
692.8512,693.3266,-0.4753678
692.8512,693.3266,-0.4753683
692.8512,693.3266,-0.4753696
692.8512,693.3266,-0.4753702
692.8512,693.3266,-0.4753716
692.8512,693.3266,-0.4753729
692.8512,693.3266,-0.475381
692.8512,693.3266,-0.4753843
692.8512,693.3266,-0.4753879
692.8512,693.3266,-0.4753884
692.8512,693.3266,-0.4753894
692.8512,693.3266,-0.4753963
692.8512,693.3266,-0.4753965
692.8512,693.3266,-0.4753987
692.8512,693.3266,-0.4754006
692.8512,693.3266,-0.4754029
692.8512,693.3266,-0.4754034
692.8512,693.3266,-0.4754046
692.8512,693.3266,-0.4754056
692.8512,693.3266,-0.4754065
692.8512,693.3266,-0.4754082
692.8512,693.3266,-0.4754098
692.8512,693.3266,-0.4754208
692.8512,693.3266,-0.4754215
692.8512,693.3266,-0.4754222
692.8512,693.3266,-0.4754273
692.8512,693.3266,-0.4754285
692.8512,693.3266,-0.4754286
692.8512,693.3266,-0.4754302
692.8512,693.3266,-0.4754309
692.8512,693.3266,-0.4754336
692.8512,693.3266,-0.4754365
692.8512,693.3266,-0.4754403
692.8512,693.3266,-0.4754409
692.8512,693.3266,-0.475441
692.8512,693.3266,-0.4754415
692.8512,693.3266,-0.4754459
692.8512,693.3266,-0.4754469
692.8512,693.3266,-0.4754483
692.8512,693.3266,-0.4754497
692.8512,693.3267,-0.4754546
692.8512,693.3267,-0.4754552
692.8512,693.3267,-0.4754568
692.8512,693.3267,-0.4754575
692.8512,693.3267,-0.4754581
692.8512,693.3267,-0.4754685
692.8512,693.3267,-0.4754747
692.8512,693.3267,-0.4754766
692.8512,693.3267,-0.4754775
692.8512,693.3267,-0.475479
692.8512,693.3267,-0.4754809
692.8512,693.3267,-0.4754822
692.8512,693.3267,-0.4754851
692.8512,693.3267,-0.4754895
692.8512,693.3267,-0.475491
692.8512,693.3267,-0.4754955
692.8512,693.3267,-0.4754992
692.8512,693.3267,-0.4755025
692.8512,693.3267,-0.4755053
692.8512,693.3267,-0.4755058
692.8512,693.3267,-0.4755075
692.8512,693.3267,-0.4755129
692.8512,693.3267,-0.4755148
692.8512,693.3267,-0.4755149
692.8512,693.3267,-0.475516
692.8512,693.3267,-0.4755184
692.8512,693.3267,-0.4755264
692.8512,693.3267,-0.475527
692.8512,693.3267,-0.4755299
692.8512,693.3267,-0.4755307
692.8512,693.3267,-0.4755315
692.8512,693.3267,-0.4755349
692.8512,693.3267,-0.4755381
692.8512,693.3267,-0.4755408
692.8512,693.3267,-0.4755426
692.8512,693.3267,-0.4755428
692.8512,693.3267,-0.4755433
692.8512,693.3267,-0.4755468
692.8512,693.3268,-0.4755533
692.8512,693.3268,-0.4755546
692.8512,693.3268,-0.4755571
692.8512,693.3268,-0.4755586
692.8512,693.3268,-0.4755648
692.8512,693.3268,-0.4755649
692.8512,693.3268,-0.4755654
692.8512,693.3268,-0.4755674
692.8512,693.3268,-0.475573
692.8512,693.3268,-0.4755774
692.8512,693.3268,-0.4755776
692.8512,693.3268,-0.4755818
692.8512,693.3268,-0.4755836
692.8512,693.3268,-0.4755854
692.8512,693.3268,-0.4755872
692.8512,693.3268,-0.4755875
692.8512,693.3268,-0.4755904
692.8512,693.3268,-0.4755908
692.8512,693.3268,-0.4755909
692.8512,693.3268,-0.4755913
692.8512,693.3268,-0.4755914
692.8512,693.3268,-0.475592
692.8512,693.3268,-0.4755925
692.8512,693.3268,-0.4755945
692.8512,693.3268,-0.4755968
692.8512,693.3268,-0.4756003
692.8512,693.3268,-0.4756008
692.8512,693.3268,-0.4756016
692.8512,693.3268,-0.4756086
692.8512,693.3268,-0.4756088
692.8512,693.3268,-0.4756089
692.8512,693.3268,-0.4756106
692.8512,693.3268,-0.4756111
692.8512,693.3268,-0.4756126
692.8512,693.3268,-0.4756132
692.8512,693.3268,-0.4756149
692.8512,693.3268,-0.4756182
692.8512,693.3268,-0.47562
692.8512,693.3268,-0.4756209
692.8512,693.3268,-0.4756279
692.8512,693.3268,-0.4756321
692.8512,693.3268,-0.4756422
692.8512,693.3268,-0.475644
692.8512,693.3268,-0.4756447
692.8512,693.3268,-0.4756455
692.8512,693.3268,-0.4756492
692.8512,693.3269,-0.475652
692.8512,693.3269,-0.4756521
692.8512,693.3269,-0.4756571
692.8512,693.3269,-0.4756577
692.8512,693.3269,-0.4756609
692.8512,693.3269,-0.4756661
692.8512,693.3269,-0.4756686
692.8512,693.3269,-0.4756734
692.8512,693.3269,-0.4756738
692.8512,693.3269,-0.4756745
692.8512,693.3269,-0.4756747
692.8512,693.3269,-0.4756768
692.8512,693.3269,-0.4756782
692.8512,693.3269,-0.4756783
692.8512,693.3269,-0.4756795
692.8512,693.3269,-0.4756808
692.8512,693.3269,-0.4756855
692.8512,693.3269,-0.4756874
692.8512,693.3269,-0.4756879
692.8512,693.3269,-0.4756932
692.8512,693.3269,-0.475696
692.8512,693.3269,-0.4756968
692.8512,693.3269,-0.4756985
692.8512,693.3269,-0.4757001
692.8512,693.3269,-0.4757021
692.8512,693.3269,-0.4757071
692.8512,693.3269,-0.4757073
692.8512,693.3269,-0.4757135
692.8512,693.3269,-0.475718
692.8512,693.3269,-0.4757216
692.8512,693.3269,-0.4757248
692.8512,693.3269,-0.4757266
692.8512,693.3269,-0.4757285
692.8512,693.3269,-0.4757313
692.8512,693.3269,-0.4757388
692.8512,693.3269,-0.4757406
692.8512,693.3269,-0.4757412
692.8512,693.3269,-0.4757438
692.8512,693.3269,-0.4757479
692.8512,693.327,-0.4757514
692.8512,693.327,-0.4757514
692.8512,693.327,-0.4757516
692.8512,693.327,-0.4757517
692.8512,693.327,-0.4757521
692.8512,693.327,-0.4757524
692.8512,693.327,-0.4757526
692.8512,693.327,-0.4757587
692.8512,693.327,-0.4757601
692.8512,693.327,-0.4757607
692.8512,693.327,-0.4757652
692.8512,693.327,-0.4757663
692.8512,693.327,-0.4757687
692.8512,693.327,-0.4757762
692.8512,693.327,-0.4757769
692.8512,693.327,-0.4757784
692.8512,693.327,-0.4757862
692.8512,693.327,-0.4757879
692.8512,693.327,-0.475792
692.8512,693.327,-0.4757923
692.8512,693.327,-0.4757927
692.8512,693.327,-0.4757928
692.8512,693.327,-0.4757966
692.8512,693.327,-0.4757986
692.8512,693.327,-0.4757986
692.8512,693.327,-0.4757996
692.8512,693.327,-0.4758062
692.8512,693.327,-0.4758111
692.8512,693.327,-0.4758121
692.8512,693.327,-0.4758152
692.8512,693.327,-0.4758155
692.8512,693.327,-0.4758194
692.8512,693.327,-0.4758215
692.8512,693.327,-0.4758219
692.8512,693.327,-0.4758249
692.8512,693.327,-0.4758277
692.8512,693.327,-0.4758284
692.8512,693.327,-0.47583
692.8512,693.327,-0.4758319
692.8512,693.327,-0.4758361
692.8512,693.327,-0.4758371
692.8512,693.327,-0.4758385
692.8512,693.327,-0.4758397
692.8512,693.327,-0.4758437
692.8512,693.327,-0.4758468
692.8512,693.327,-0.4758478
692.8512,693.327,-0.4758482
692.8512,693.327,-0.4758488
692.8512,693.327,-0.4758495
692.8512,693.3271,-0.4758521
692.8512,693.3271,-0.4758551
692.8512,693.3271,-0.4758568
692.8512,693.3271,-0.4758578
692.8512,693.3271,-0.4758585
692.8512,693.3271,-0.4758589
692.8512,693.3271,-0.4758591
692.8512,693.3271,-0.4758604
692.8512,693.3271,-0.4758628
692.8512,693.3271,-0.4758631
692.8512,693.3271,-0.4758632
692.8512,693.3271,-0.4758669
692.8512,693.3271,-0.4758689
692.8512,693.3271,-0.4758733
692.8512,693.3271,-0.4758782
692.8512,693.3271,-0.4758799
692.8512,693.3271,-0.4758804
692.8512,693.3271,-0.4758812
692.8512,693.3271,-0.4758867
692.8512,693.3271,-0.475888
692.8512,693.3271,-0.4758919
692.8512,693.3271,-0.4758948
692.8512,693.3271,-0.475904
692.8512,693.3271,-0.4759041
692.8512,693.3271,-0.4759133
692.8512,693.3271,-0.475914
692.8512,693.3271,-0.4759151
692.8512,693.3271,-0.4759211
692.8512,693.3271,-0.475924
692.8512,693.3271,-0.475925
692.8512,693.3271,-0.4759282
692.8512,693.3271,-0.4759293
692.8512,693.3271,-0.4759295
692.8512,693.3271,-0.4759306
692.8512,693.3271,-0.4759313
692.8512,693.3271,-0.4759314
692.8512,693.3271,-0.4759317
692.8512,693.3271,-0.4759334
692.8512,693.3271,-0.4759339
692.8512,693.3271,-0.4759352
692.8512,693.3271,-0.4759366
692.8512,693.3271,-0.4759417
692.8512,693.3271,-0.4759434
692.8512,693.3271,-0.4759436
692.8512,693.3271,-0.4759461
692.8512,693.3271,-0.4759475
692.8512,693.3271,-0.4759495
692.8512,693.3272,-0.4759522
692.8512,693.3272,-0.4759565
692.8512,693.3272,-0.4759625
692.8512,693.3272,-0.475968
692.8512,693.3272,-0.4759691
692.8512,693.3272,-0.47597
692.8512,693.3272,-0.4759705
692.8512,693.3272,-0.475972
692.8512,693.3272,-0.4759726
692.8512,693.3272,-0.4759825
692.8512,693.3272,-0.475983
692.8512,693.3272,-0.4759841
692.8512,693.3272,-0.4759851
692.8512,693.3272,-0.4759866
692.8512,693.3272,-0.4759874
692.8512,693.3272,-0.4759892
692.8512,693.3272,-0.4759898
692.8512,693.3272,-0.4759904
692.8512,693.3272,-0.4759961
692.8512,693.3272,-0.4759984
692.8512,693.3272,-0.4759988
692.8512,693.3272,-0.4759989
692.8512,693.3272,-0.4760019
692.8512,693.3272,-0.4760031
692.8512,693.3272,-0.4760031
692.8512,693.3272,-0.4760046
692.8512,693.3272,-0.4760054
692.8512,693.3272,-0.4760072
692.8512,693.3272,-0.4760074
692.8512,693.3272,-0.4760109
692.8512,693.3272,-0.4760112
692.8512,693.3272,-0.4760113
692.8512,693.3272,-0.4760118
692.8512,693.3272,-0.4760125
692.8512,693.3272,-0.4760131
692.8512,693.3272,-0.476018
692.8512,693.3272,-0.4760212
692.8512,693.3272,-0.4760242
692.8512,693.3272,-0.4760317
692.8512,693.3272,-0.4760338
692.8512,693.3272,-0.476034
692.8512,693.3272,-0.4760351
692.8512,693.3272,-0.4760378
692.8512,693.3272,-0.4760426
692.8512,693.3272,-0.4760442
692.8512,693.3272,-0.4760483
692.8512,693.3272,-0.4760484
692.8512,693.3272,-0.4760489
692.8512,693.3273,-0.4760525
692.8512,693.3273,-0.4760576
692.8512,693.3273,-0.4760579
692.8512,693.3273,-0.4760596
692.8512,693.3273,-0.476062
692.8512,693.3273,-0.4760633
692.8512,693.3273,-0.4760731
692.8512,693.3273,-0.4760739
692.8512,693.3273,-0.4760769
692.8512,693.3273,-0.476082
692.8512,693.3273,-0.4760824
692.8512,693.3273,-0.4760846
692.8512,693.3273,-0.4760848
692.8512,693.3273,-0.4760889
692.8512,693.3273,-0.4760892
692.8512,693.3273,-0.4760894
692.8512,693.3273,-0.4760916
692.8512,693.3273,-0.4760928
692.8512,693.3273,-0.476094
692.8512,693.3273,-0.4760971
692.8512,693.3273,-0.476099
692.8512,693.3273,-0.476101
692.8512,693.3273,-0.4761014
692.8512,693.3273,-0.4761015
692.8512,693.3273,-0.4761015
692.8512,693.3273,-0.4761028
692.8512,693.3273,-0.4761049
692.8512,693.3273,-0.4761051
692.8512,693.3273,-0.4761064
692.8512,693.3273,-0.4761066
692.8512,693.3273,-0.4761105
692.8512,693.3273,-0.4761107
692.8512,693.3273,-0.4761119
692.8512,693.3273,-0.4761145
692.8512,693.3273,-0.4761146
692.8512,693.3273,-0.4761151
692.8512,693.3273,-0.4761161
692.8512,693.3273,-0.4761163
692.8512,693.3273,-0.4761183
692.8512,693.3273,-0.4761185
692.8512,693.3273,-0.4761196
692.8512,693.3273,-0.4761227
692.8512,693.3273,-0.4761243
692.8512,693.3273,-0.4761244
692.8512,693.3273,-0.4761288
692.8512,693.3273,-0.4761298
692.8512,693.3273,-0.4761301
692.8512,693.3273,-0.4761306
692.8512,693.3273,-0.4761329
692.8512,693.3273,-0.4761354
692.8512,693.3273,-0.4761383
692.8512,693.3273,-0.4761416
692.8512,693.3273,-0.4761434
692.8512,693.3273,-0.4761437
692.8512,693.3273,-0.4761443
692.8512,693.3273,-0.4761448
692.8512,693.3273,-0.4761463
692.8512,693.3274,-0.4761512
692.8512,693.3274,-0.4761525
692.8512,693.3274,-0.4761537
692.8512,693.3274,-0.4761583
692.8512,693.3274,-0.4761585
692.8512,693.3274,-0.4761585
692.8512,693.3274,-0.4761646
692.8512,693.3274,-0.4761663
692.8512,693.3274,-0.4761704
692.8512,693.3274,-0.4761706
692.8512,693.3274,-0.4761707
692.8512,693.3274,-0.476175
692.8512,693.3274,-0.4761763
692.8512,693.3274,-0.4761764
692.8512,693.3274,-0.4761778
692.8512,693.3274,-0.4761811
692.8512,693.3274,-0.4761814
692.8512,693.3274,-0.4761825
692.8512,693.3274,-0.4761847
692.8512,693.3274,-0.4761852
692.8512,693.3274,-0.4761868
692.8512,693.3274,-0.4761869
692.8512,693.3274,-0.4761884
692.8512,693.3274,-0.4761895
692.8512,693.3274,-0.4761897
692.8512,693.3274,-0.4761918
692.8512,693.3274,-0.4761931
692.8512,693.3274,-0.4761961
692.8512,693.3274,-0.4761974
692.8512,693.3274,-0.4762016
692.8512,693.3274,-0.476203
692.8512,693.3274,-0.4762034
692.8512,693.3274,-0.4762085
692.8512,693.3274,-0.4762094
692.8512,693.3274,-0.4762113
692.8512,693.3274,-0.4762145
692.8512,693.3274,-0.4762156
692.8512,693.3274,-0.4762163
692.8512,693.3274,-0.4762189
692.8512,693.3274,-0.4762204
692.8512,693.3274,-0.4762244
692.8512,693.3274,-0.476225
692.8512,693.3274,-0.4762298
692.8512,693.3274,-0.4762316
692.8512,693.3274,-0.4762332
692.8512,693.3274,-0.4762362
692.8512,693.3274,-0.4762387
692.8512,693.3274,-0.4762392
692.8512,693.3274,-0.4762398
692.8512,693.3274,-0.4762411
692.8512,693.3274,-0.476242
692.8512,693.3274,-0.4762444
692.8512,693.3274,-0.4762447
692.8512,693.3274,-0.4762489
692.8512,693.3274,-0.4762492
692.8512,693.3275,-0.4762527
692.8512,693.3275,-0.4762549
692.8512,693.3275,-0.4762554
692.8512,693.3275,-0.4762594
692.8512,693.3275,-0.4762599
692.8512,693.3275,-0.4762691
692.8512,693.3275,-0.47627
692.8512,693.3275,-0.4762704
692.8512,693.3275,-0.4762729
692.8512,693.3275,-0.4762748
692.8512,693.3275,-0.4762759
692.8512,693.3275,-0.47628
692.8512,693.3275,-0.4762836
692.8512,693.3275,-0.4762852
692.8512,693.3275,-0.4762886
692.8512,693.3275,-0.4762904
692.8512,693.3275,-0.4762909
692.8512,693.3275,-0.4762912
692.8512,693.3275,-0.4762915
692.8512,693.3275,-0.4762917
692.8512,693.3275,-0.4762927
692.8512,693.3275,-0.4762933
692.8512,693.3275,-0.4762942
692.8512,693.3275,-0.4762952
692.8512,693.3275,-0.4762957
692.8512,693.3275,-0.4762968
692.8512,693.3275,-0.4762971
692.8512,693.3275,-0.4763009
692.8512,693.3275,-0.4763078
692.8512,693.3275,-0.4763103
692.8512,693.3275,-0.4763123
692.8512,693.3275,-0.4763145
692.8512,693.3275,-0.4763173
692.8512,693.3275,-0.4763186
692.8512,693.3275,-0.476319
692.8512,693.3275,-0.4763281
692.8512,693.3275,-0.4763289
692.8512,693.3275,-0.476329
692.8512,693.3275,-0.476329
692.8512,693.3275,-0.4763295
692.8512,693.3275,-0.4763337
692.8512,693.3275,-0.4763406
692.8512,693.3275,-0.4763409
692.8512,693.3275,-0.4763437
692.8512,693.3275,-0.4763451
692.8512,693.3276,-0.4763502
692.8512,693.3276,-0.4763571
692.8512,693.3276,-0.4763597
692.8512,693.3276,-0.4763641
692.8512,693.3276,-0.4763662
692.8512,693.3276,-0.4763663
692.8512,693.3276,-0.4763682
692.8512,693.3276,-0.4763699
692.8512,693.3276,-0.4763711
692.8512,693.3276,-0.4763715
692.8512,693.3276,-0.4763742
692.8512,693.3276,-0.4763742
692.8512,693.3276,-0.4763848
692.8512,693.3276,-0.4763855
692.8512,693.3276,-0.4763893
692.8512,693.3276,-0.4763895
692.8512,693.3276,-0.4763907
692.8512,693.3276,-0.4763919
692.8512,693.3276,-0.4763935
692.8512,693.3276,-0.4764036
692.8512,693.3276,-0.4764085
692.8512,693.3276,-0.4764106
692.8512,693.3276,-0.476414
692.8512,693.3276,-0.4764174
692.8512,693.3276,-0.4764194
692.8512,693.3276,-0.4764206
692.8512,693.3276,-0.476422
692.8512,693.3276,-0.4764241
692.8512,693.3276,-0.4764308
692.8512,693.3276,-0.4764345
692.8512,693.3276,-0.4764378
692.8512,693.3276,-0.4764413
692.8512,693.3276,-0.4764434
692.8512,693.3277,-0.4764502
692.8512,693.3277,-0.4764516
692.8512,693.3277,-0.476457
692.8512,693.3277,-0.4764578
692.8512,693.3277,-0.4764584
692.8512,693.3277,-0.476461
692.8512,693.3277,-0.4764651
692.8512,693.3277,-0.4764713
692.8512,693.3277,-0.4764717
692.8512,693.3277,-0.4764754
692.8512,693.3277,-0.4764791
692.8512,693.3277,-0.4764824
692.8512,693.3277,-0.4764832
692.8512,693.3277,-0.4764841
692.8512,693.3277,-0.4764855
692.8512,693.3277,-0.4764873
692.8512,693.3277,-0.4764873
692.8512,693.3277,-0.4764897
692.8512,693.3277,-0.4764918
692.8512,693.3277,-0.476496
692.8512,693.3277,-0.4764975
692.8512,693.3277,-0.4764988
692.8512,693.3277,-0.476503
692.8512,693.3277,-0.4765042
692.8512,693.3277,-0.476505
692.8512,693.3277,-0.4765053
692.8512,693.3277,-0.4765064
692.8512,693.3277,-0.4765105
692.8512,693.3277,-0.4765116
692.8512,693.3277,-0.4765125
692.8512,693.3277,-0.4765242
692.8512,693.3277,-0.4765243
692.8512,693.3277,-0.4765245
692.8512,693.3277,-0.4765296
692.8512,693.3277,-0.4765309
692.8512,693.3277,-0.4765354
692.8512,693.3277,-0.4765367
692.8512,693.3277,-0.4765374
692.8512,693.3277,-0.4765418
692.8512,693.3278,-0.4765508
692.8512,693.3278,-0.4765527
692.8512,693.3278,-0.4765532
692.8512,693.3278,-0.4765572
692.8512,693.3278,-0.4765608
692.8512,693.3278,-0.4765673
692.8512,693.3278,-0.4765687
692.8512,693.3278,-0.4765704
692.8512,693.3278,-0.4765746
692.8512,693.3278,-0.476576
692.8512,693.3278,-0.4765789
692.8512,693.3278,-0.4765852
692.8512,693.3278,-0.476588
692.8512,693.3278,-0.4765918
692.8512,693.3278,-0.4765926
692.8512,693.3278,-0.4765928
692.8512,693.3278,-0.4765929
692.8512,693.3278,-0.4766008
692.8512,693.3278,-0.4766024
692.8512,693.3278,-0.4766029
692.8512,693.3278,-0.4766068
692.8512,693.3278,-0.4766104
692.8512,693.3278,-0.4766114
692.8512,693.3278,-0.4766125
692.8512,693.3278,-0.4766145
692.8512,693.3278,-0.4766163
692.8512,693.3278,-0.4766254
692.8512,693.3278,-0.4766289
692.8512,693.3278,-0.4766302
692.8512,693.3278,-0.4766354
692.8512,693.3278,-0.4766358
692.8512,693.3278,-0.4766382
692.8512,693.3278,-0.4766389
692.8512,693.3278,-0.4766394
692.8512,693.3278,-0.4766425
692.8512,693.3279,-0.4766529
692.8512,693.3279,-0.4766601
692.8512,693.3279,-0.476662
692.8512,693.3279,-0.4766635
692.8512,693.3279,-0.4766666
692.8512,693.3279,-0.476667
692.8512,693.3279,-0.4766784
692.8512,693.3279,-0.4766811
692.8512,693.3279,-0.4766817
692.8512,693.3279,-0.4766838
692.8512,693.3279,-0.4766859
692.8512,693.3279,-0.4766934
692.8512,693.3279,-0.4767091
692.8512,693.3279,-0.4767122
692.8512,693.3279,-0.4767176
692.8512,693.3279,-0.4767188
692.8512,693.3279,-0.4767219
692.8512,693.3279,-0.476722
692.8512,693.3279,-0.4767238
692.8512,693.3279,-0.4767241
692.8512,693.3279,-0.4767256
692.8512,693.3279,-0.4767265
692.8512,693.3279,-0.4767276
692.8512,693.3279,-0.4767312
692.8512,693.3279,-0.4767317
692.8512,693.3279,-0.4767326
692.8512,693.3279,-0.4767333
692.8512,693.3279,-0.4767361
692.8512,693.3279,-0.4767378
692.8512,693.3279,-0.4767397
692.8512,693.3279,-0.4767413
692.8512,693.3279,-0.4767433
692.8512,693.3279,-0.4767457
692.8512,693.3279,-0.476747
692.8512,693.3279,-0.4767476
692.8512,693.328,-0.4767555
692.8512,693.328,-0.4767564
692.8512,693.328,-0.4767604
692.8512,693.328,-0.4767661
692.8512,693.328,-0.4767664
692.8512,693.328,-0.4767755
692.8512,693.328,-0.4767777
692.8512,693.328,-0.4767815
692.8512,693.328,-0.4767816
692.8512,693.328,-0.4767817
692.8512,693.328,-0.4767833
692.8512,693.328,-0.4767836
692.8512,693.328,-0.4767931
692.8512,693.328,-0.4768014
692.8512,693.328,-0.4768055
692.8512,693.328,-0.4768156
692.8512,693.328,-0.4768176
692.8512,693.328,-0.4768199
692.8512,693.328,-0.4768242
692.8512,693.328,-0.4768301
692.8512,693.328,-0.476832
692.8512,693.328,-0.4768349
692.8512,693.328,-0.4768384
692.8512,693.328,-0.4768396
692.8512,693.328,-0.4768425
692.8512,693.328,-0.4768439
692.8512,693.328,-0.4768442
692.8512,693.328,-0.4768485
692.8512,693.328,-0.4768488
692.8512,693.3281,-0.47685
692.8512,693.3281,-0.4768538
692.8512,693.3281,-0.4768574
692.8512,693.3281,-0.4768587
692.8512,693.3281,-0.4768633
692.8512,693.3281,-0.4768648
692.8512,693.3281,-0.4768654
692.8512,693.3281,-0.4768664
692.8512,693.3281,-0.4768669
692.8512,693.3281,-0.4768726
692.8512,693.3281,-0.4768762
692.8512,693.3281,-0.4768785
692.8512,693.3281,-0.4768786
692.8512,693.3281,-0.476883
692.8512,693.3281,-0.4768899
692.8512,693.3281,-0.4768916
692.8512,693.3281,-0.4768922
692.8512,693.3281,-0.4768946
692.8512,693.3281,-0.4768958
692.8512,693.3281,-0.4768958
692.8512,693.3281,-0.4768968
692.8512,693.3281,-0.4768969
692.8512,693.3281,-0.4769101
692.8512,693.3281,-0.4769133
692.8512,693.3281,-0.4769196
692.8512,693.3281,-0.4769255
692.8512,693.3281,-0.4769321
692.8512,693.3281,-0.4769472
692.8512,693.3281,-0.4769474
692.8512,693.3282,-0.4769518
692.8512,693.3282,-0.4769534
692.8512,693.3282,-0.4769549
692.8512,693.3282,-0.4769578
692.8512,693.3282,-0.4769659
692.8512,693.3282,-0.4769673
692.8512,693.3282,-0.476968
692.8512,693.3282,-0.4769685
692.8512,693.3282,-0.4769804
692.8512,693.3282,-0.4769839
692.8512,693.3282,-0.4769871
692.8512,693.3282,-0.4769913
692.8512,693.3282,-0.4769954
692.8512,693.3282,-0.4769965
692.8512,693.3282,-0.4769986
692.8512,693.3282,-0.4770004
692.8512,693.3282,-0.4770044
692.8512,693.3282,-0.4770047
692.8512,693.3282,-0.4770049
692.8512,693.3282,-0.4770069
692.8512,693.3282,-0.477009
692.8512,693.3282,-0.4770092
692.8512,693.3282,-0.477012
692.8512,693.3282,-0.4770167
692.8512,693.3282,-0.4770178
692.8512,693.3282,-0.4770248
692.8512,693.3282,-0.477029
692.8512,693.3282,-0.4770379
692.8512,693.3282,-0.4770382
692.8512,693.3282,-0.4770418
692.8512,693.3282,-0.4770493
692.8512,693.3283,-0.4770634
692.8512,693.3283,-0.4770665
692.8512,693.3283,-0.4770716
692.8512,693.3283,-0.4770774
692.8512,693.3283,-0.4770919
692.8512,693.3283,-0.4770976
692.8512,693.3283,-0.4770985
692.8512,693.3283,-0.4771018
692.8512,693.3283,-0.4771088
692.8512,693.3283,-0.4771123
692.8512,693.3283,-0.4771148
692.8512,693.3283,-0.4771198
692.8512,693.3283,-0.4771203
692.8512,693.3283,-0.4771303
692.8512,693.3283,-0.4771371
692.8512,693.3283,-0.4771387
692.8512,693.3284,-0.4771504
692.8512,693.3284,-0.4771643
692.8512,693.3284,-0.4771671
692.8512,693.3284,-0.4771711
692.8512,693.3284,-0.4771728
692.8512,693.3284,-0.4771774
692.8512,693.3284,-0.4771814
692.8512,693.3284,-0.477184
692.8512,693.3284,-0.4771867
692.8512,693.3284,-0.4772197
692.8512,693.3284,-0.47722
692.8512,693.3284,-0.4772212
692.8512,693.3284,-0.4772336
692.8512,693.3284,-0.4772359
692.8512,693.3284,-0.4772464
692.8512,693.3284,-0.4772465
692.8512,693.3284,-0.477249
692.8512,693.3285,-0.4772547
692.8512,693.3285,-0.4772671
692.8512,693.3285,-0.4772689
692.8512,693.3285,-0.4772824
692.8512,693.3285,-0.4772837
692.8512,693.3285,-0.4772985
692.8512,693.3285,-0.4773052
692.8512,693.3285,-0.4773089
692.8512,693.3285,-0.4773159
692.8512,693.3285,-0.4773196
692.8512,693.3285,-0.4773219
692.8512,693.3285,-0.4773309
692.8512,693.3285,-0.4773317
692.8512,693.3285,-0.4773325
692.8512,693.3285,-0.4773362
692.8512,693.3285,-0.4773408
692.8512,693.3285,-0.4773418
692.8512,693.3285,-0.4773476
692.8512,693.3286,-0.4773518
692.8512,693.3286,-0.4773572
692.8512,693.3286,-0.4773603
692.8512,693.3286,-0.477361
692.8512,693.3286,-0.4773658
692.8512,693.3286,-0.4773687
692.8512,693.3286,-0.477375
692.8512,693.3286,-0.4773784
692.8512,693.3286,-0.4773897
692.8512,693.3286,-0.477392
692.8512,693.3286,-0.4773944
692.8512,693.3286,-0.4774068
692.8512,693.3286,-0.4774084
692.8512,693.3286,-0.4774149
692.8512,693.3286,-0.4774255
692.8512,693.3286,-0.4774352
692.8512,693.3286,-0.4774386
692.8512,693.3287,-0.4774546
692.8512,693.3287,-0.4774615
692.8512,693.3287,-0.4774739
692.8512,693.3287,-0.4774762
692.8512,693.3287,-0.4774883
692.8512,693.3287,-0.4774967
692.8512,693.3287,-0.47751
692.8512,693.3287,-0.4775245
692.8512,693.3287,-0.4775433
692.8512,693.3287,-0.4775448
692.8512,693.3287,-0.4775471
692.8512,693.3287,-0.4775491
692.8512,693.3288,-0.4775501
692.8512,693.3288,-0.4775519
692.8512,693.3288,-0.4775569
692.8512,693.3288,-0.4775583
692.8512,693.3288,-0.4775654
692.8512,693.3288,-0.4775721
692.8512,693.3288,-0.4775833
692.8512,693.3288,-0.4775991
692.8512,693.3288,-0.4776067
692.8512,693.3288,-0.4776095
692.8512,693.3288,-0.477612
692.8512,693.3288,-0.4776133
692.8512,693.3288,-0.4776217
692.8512,693.3288,-0.4776318
692.8512,693.3288,-0.4776331
692.8512,693.3288,-0.477634
692.8512,693.3288,-0.4776386
692.8512,693.3289,-0.477653
692.8512,693.3289,-0.4776579
692.8512,693.3289,-0.4776586
692.8512,693.3289,-0.4776622
692.8512,693.3289,-0.477672
692.8512,693.3289,-0.4776735
692.8512,693.3289,-0.4776832
692.8512,693.3289,-0.4776984
692.8512,693.3289,-0.4777103
692.8512,693.3289,-0.4777162
692.8512,693.3289,-0.4777385
692.8512,693.329,-0.4777669
692.8512,693.329,-0.4777678
692.8512,693.329,-0.4777793
692.8512,693.329,-0.4777875
692.8512,693.329,-0.4777896
692.8512,693.329,-0.4778211
692.8512,693.329,-0.477833
692.8512,693.329,-0.4778489
692.8512,693.3291,-0.47786
692.8512,693.3291,-0.4778626
692.8512,693.3291,-0.4778677
692.8512,693.3291,-0.4778724
692.8512,693.3291,-0.477891
692.8512,693.3291,-0.4779044
692.8512,693.3291,-0.4779066
692.8512,693.3291,-0.4779068
692.8512,693.3291,-0.4779073
692.8512,693.3291,-0.4779093
692.8512,693.3291,-0.4779197
692.8512,693.3291,-0.4779295
692.8512,693.3291,-0.4779307
692.8512,693.3291,-0.4779379
692.8512,693.3291,-0.4779402
692.8512,693.3291,-0.4779419
692.8512,693.3291,-0.4779453
692.8512,693.3292,-0.477961
692.8512,693.3292,-0.4779645
692.8512,693.3292,-0.4779735
692.8512,693.3292,-0.477981
692.8512,693.3292,-0.4780055
692.8512,693.3292,-0.4780069
692.8512,693.3292,-0.4780319
692.8512,693.3292,-0.4780424
692.8512,693.3292,-0.4780499
692.8512,693.3293,-0.4780554
692.8512,693.3293,-0.4780562
692.8512,693.3293,-0.4780727
692.8512,693.3293,-0.4780866
692.8512,693.3293,-0.4781005
692.8512,693.3293,-0.47811
692.8512,693.3293,-0.4781172
692.8512,693.3293,-0.4781321
692.8512,693.3293,-0.4781365
692.8512,693.3293,-0.4781377
692.8512,693.3294,-0.4781514
692.8512,693.3294,-0.4781578
692.8512,693.3294,-0.4781603
692.8512,693.3294,-0.4781626
692.8512,693.3294,-0.4781903
692.8512,693.3294,-0.4781951
692.8512,693.3294,-0.4782191
692.8512,693.3294,-0.478226
692.8512,693.3294,-0.4782347
692.8512,693.3294,-0.4782386
692.8512,693.3294,-0.4782404
692.8512,693.3294,-0.4782485
692.8512,693.3295,-0.478264
692.8512,693.3295,-0.4782839
692.8512,693.3295,-0.4783166
692.8512,693.3295,-0.4783199
692.8512,693.3295,-0.478345
692.8512,693.3295,-0.4783456
692.8512,693.3296,-0.4783608
692.8512,693.3296,-0.478369
692.8512,693.3296,-0.4783899
692.8512,693.3296,-0.4784131
692.8512,693.3296,-0.4784204
692.8512,693.3296,-0.4784246
692.8512,693.3296,-0.4784387
692.8512,693.3296,-0.4784431
692.8512,693.3296,-0.4784458
692.8512,693.3296,-0.478446
692.8512,693.3297,-0.4784937
692.8512,693.3297,-0.478495
692.8512,693.3297,-0.4785253
692.8512,693.3297,-0.4785484
692.8512,693.3298,-0.478557
692.8512,693.3298,-0.4785655
692.8512,693.3298,-0.4785768
692.8512,693.3298,-0.4786053
692.8512,693.3298,-0.4786155
692.8512,693.3298,-0.4786272
692.8512,693.3298,-0.4786285
692.8512,693.3299,-0.4786616
692.8512,693.3299,-0.4786919
692.8512,693.3299,-0.4786953
692.8512,693.3299,-0.4787183
692.8512,693.3299,-0.4787209
692.8512,693.3299,-0.4787368
692.8512,693.33,-0.4787557
692.8512,693.33,-0.4787891
692.8512,693.33,-0.4788011
692.8512,693.3301,-0.4788958
692.8512,693.3301,-0.4789047
692.8512,693.3301,-0.4789081
692.8512,693.3301,-0.478917
692.8512,693.3302,-0.4789986
692.8512,693.3303,-0.4790619
692.8512,693.3303,-0.4790671
692.8512,693.3303,-0.4791253
692.8512,693.3304,-0.4791625
692.8512,693.3304,-0.4791691
692.8512,693.3304,-0.4791851
692.8512,693.3304,-0.4791984
692.8512,693.3304,-0.4792265
692.8512,693.3304,-0.4792284
692.8512,693.3304,-0.4792319
692.8512,693.3304,-0.4792349
692.8512,693.3305,-0.4792637
692.8512,693.3305,-0.4793041
692.8512,693.3305,-0.479323
692.8512,693.3305,-0.4793484
692.8512,693.3306,-0.4793595
692.8512,693.3306,-0.4793892
692.8512,693.3306,-0.4794189
692.8512,693.3307,-0.4794606
692.8512,693.3307,-0.4794715
692.8512,693.3307,-0.4794744
692.8512,693.3307,-0.479519
692.8512,693.3307,-0.4795496
692.8512,693.3308,-0.4795531
692.8512,693.3308,-0.4795588
692.8512,693.3308,-0.479586
692.8512,693.3308,-0.4796069
692.8512,693.3308,-0.4796381
692.8512,693.3308,-0.4796455
692.8512,693.3309,-0.4796569
692.8512,693.3309,-0.4796616
692.8512,693.3309,-0.4796647
692.8512,693.331,-0.4797869
692.8512,693.331,-0.4797905
692.8512,693.331,-0.4797924
692.8512,693.331,-0.4798236
692.8512,693.3311,-0.4798596
692.8512,693.3311,-0.479862
692.8512,693.3311,-0.4799076
692.8512,693.3311,-0.4799149
692.8512,693.3311,-0.4799311
692.8512,693.3311,-0.4799313
692.8512,693.3312,-0.4799588
692.8512,693.3312,-0.4799731
692.8512,693.3312,-0.4799963
692.8512,693.3312,-0.4800332
692.8512,693.3313,-0.4800711
692.8512,693.3313,-0.4801431
692.8512,693.3313,-0.4801455
692.8512,693.3314,-0.4801531
692.8512,693.3314,-0.480203
692.8512,693.3314,-0.4802376
692.8512,693.3315,-0.4802585
692.8512,693.3315,-0.4802818
692.8512,693.3315,-0.480306
692.8512,693.3315,-0.4803097
692.8512,693.3315,-0.4803374
692.8512,693.3316,-0.4803549
692.8512,693.3316,-0.480389
692.8512,693.3316,-0.4803943
692.8512,693.3316,-0.4804079
692.8512,693.3316,-0.4804138
692.8512,693.3317,-0.4804582
692.8512,693.3317,-0.4805134
692.8512,693.3317,-0.4805239
692.8512,693.3317,-0.4805475
692.8512,693.3318,-0.4806078
692.8512,693.3318,-0.4806281
692.8512,693.3318,-0.480635
692.8512,693.3318,-0.4806445
692.8512,693.3319,-0.4806782
692.8512,693.3319,-0.4806833
692.8512,693.3319,-0.4806866
692.8512,693.3319,-0.4806949
692.8512,693.3319,-0.4807033
692.8512,693.3319,-0.4807214
692.8512,693.3319,-0.4807294
692.8512,693.332,-0.4808441
692.8512,693.3321,-0.4808981
692.8512,693.3323,-0.481113
692.8512,693.3323,-0.4811229
692.8512,693.3323,-0.4811411
692.8512,693.3325,-0.4812541
692.8512,693.3325,-0.4812938
692.8512,693.3326,-0.4813556
692.8512,693.3326,-0.481377
692.8512,693.3326,-0.4814042
692.8512,693.3327,-0.4814554
692.8512,693.3327,-0.4814838
692.8512,693.3327,-0.4815108
692.8512,693.3327,-0.4815163
692.8512,693.3327,-0.4815191
692.8512,693.3327,-0.4815207
692.8512,693.3327,-0.4815473
692.8512,693.3328,-0.4815726
692.8512,693.3328,-0.481574
692.8512,693.3328,-0.4816036
692.8512,693.3329,-0.4816587
692.8512,693.3329,-0.4816727
692.8512,693.3329,-0.4817278
692.8512,693.3329,-0.4817436
692.8512,693.333,-0.4817759
692.8512,693.333,-0.4817957
692.8512,693.333,-0.4818095
692.8512,693.333,-0.4818195
692.8512,693.3331,-0.4818588
692.8512,693.3331,-0.4818642
692.8512,693.3331,-0.4818651
692.8512,693.3331,-0.4819033
692.8512,693.3331,-0.4819109
692.8512,693.3331,-0.4819136
692.8512,693.3331,-0.4819487
692.8512,693.3332,-0.4819842
692.8512,693.3332,-0.4819916
692.8512,693.3332,-0.4819919
692.8512,693.3333,-0.4821046
692.8512,693.3333,-0.4821465
692.8512,693.3334,-0.4822038
692.8512,693.3334,-0.4822446
692.8512,693.3335,-0.4822906
692.8512,693.3335,-0.4823016
692.8512,693.3335,-0.4823091
692.8512,693.3336,-0.4823617
692.8512,693.3336,-0.4824349
692.8512,693.3336,-0.4824377
692.8512,693.3337,-0.4824655
692.8512,693.3337,-0.4824738
692.8512,693.3337,-0.4824848
692.8512,693.3338,-0.4825608
692.8512,693.3338,-0.4826491
692.8512,693.3339,-0.4826786
692.8512,693.3339,-0.4827083
692.8512,693.3339,-0.4827232
692.8512,693.3339,-0.4827453
692.8512,693.334,-0.482779
692.8512,693.334,-0.4828212
692.8512,693.334,-0.4828391
692.8512,693.3341,-0.4828538
692.8512,693.3341,-0.482893
692.8512,693.3341,-0.4829089
692.8512,693.3341,-0.4829239
692.8512,693.3342,-0.4829509
692.8512,693.3342,-0.4829844
692.8512,693.3343,-0.4830677
692.8512,693.3343,-0.4831409
692.8512,693.3344,-0.4831649
692.8512,693.3344,-0.4831679
692.8512,693.3344,-0.4832267
692.8512,693.3344,-0.4832322
692.8512,693.3344,-0.4832478
692.8512,693.3345,-0.4832688
692.8512,693.3345,-0.483279
692.8512,693.3345,-0.4832985
692.8512,693.3345,-0.4833125
692.8512,693.3345,-0.4833145
692.8512,693.3346,-0.4833803
692.8512,693.3347,-0.4834664
692.8512,693.3347,-0.4835131
692.8512,693.3348,-0.4835574
692.8512,693.3348,-0.4836233
692.8512,693.3349,-0.4836713
692.8512,693.335,-0.4837562
692.8512,693.335,-0.4837733
692.8512,693.335,-0.4838069
692.8512,693.335,-0.4838122
692.8512,693.3351,-0.4838537
692.8512,693.3351,-0.4838584
692.8512,693.3351,-0.4839008
692.8512,693.3351,-0.4839082
692.8512,693.3351,-0.4839142
692.8512,693.3351,-0.4839201
692.8512,693.3351,-0.4839311
692.8512,693.3352,-0.48396
692.8512,693.3352,-0.4839935
692.8512,693.3352,-0.4840115
692.8512,693.3352,-0.4840189
692.8512,693.3352,-0.4840233
692.8512,693.3352,-0.4840333
692.8512,693.3352,-0.4840419
692.8512,693.3353,-0.4840867
692.8512,693.3353,-0.4841243
692.8512,693.3354,-0.4841597
692.8512,693.3354,-0.4841614
692.8512,693.3354,-0.4842203
692.8512,693.3354,-0.4842366
692.8512,693.3355,-0.4842593
692.8512,693.3355,-0.4842715
692.8512,693.3355,-0.4843015
692.8512,693.3356,-0.4843528
692.8512,693.3356,-0.4843535
692.8512,693.3356,-0.4843638
692.8512,693.3356,-0.4843689
692.8512,693.3356,-0.4844189
692.8512,693.3357,-0.4845155
692.8512,693.3357,-0.4845179
692.8512,693.3357,-0.484529
692.8512,693.3357,-0.4845401
692.8512,693.3357,-0.4845448
692.8512,693.3357,-0.4845464
692.8512,693.3358,-0.4845628
692.8512,693.3359,-0.4846586
692.8512,693.3359,-0.4847308
692.8512,693.3359,-0.4847319
692.8512,693.3359,-0.4847331
692.8512,693.336,-0.4847738
692.8512,693.336,-0.4847793
692.8512,693.336,-0.4847819
692.8512,693.336,-0.4847854
692.8512,693.336,-0.4847863
692.8512,693.336,-0.4848419
692.8512,693.3361,-0.4848763
692.8512,693.3362,-0.4849514
692.8512,693.3362,-0.4849742
692.8512,693.3362,-0.4850053
692.8512,693.3363,-0.4850833
692.8512,693.3363,-0.4850861
692.8512,693.3363,-0.4850962
692.8512,693.3363,-0.4851047
692.8512,693.3364,-0.4851838
692.8512,693.3364,-0.4852061
692.8512,693.3364,-0.4852159
692.8512,693.3365,-0.485264
692.8512,693.3365,-0.4852748
692.8512,693.3365,-0.4853274
692.8512,693.3366,-0.4853537
692.8512,693.3366,-0.4853653
692.8512,693.3366,-0.4853664
692.8512,693.3366,-0.4853911
692.8512,693.3366,-0.4853919
692.8512,693.3366,-0.4854113
692.8512,693.3366,-0.4854257
692.8512,693.3367,-0.4854524
692.8512,693.3367,-0.4854611
692.8512,693.3367,-0.4854745
692.8512,693.3367,-0.4854861
692.8512,693.3367,-0.4855086
692.8512,693.3368,-0.4855912
692.8512,693.3368,-0.4856195
692.8512,693.3368,-0.4856289
692.8512,693.3368,-0.4856308
692.8512,693.3368,-0.4856324
692.8512,693.3368,-0.4856386
692.8512,693.3369,-0.4857013
692.8512,693.3369,-0.4857033
692.8512,693.3369,-0.4857079
692.8512,693.3369,-0.485716
692.8512,693.3369,-0.4857218
692.8512,693.3369,-0.4857367
692.8512,693.3369,-0.4857393
692.8512,693.337,-0.4857581
692.8512,693.337,-0.4858082
692.8512,693.337,-0.4858227
692.8512,693.337,-0.4858343
692.8512,693.3371,-0.485855
692.8512,693.3371,-0.4858801
692.8512,693.3371,-0.4858999
692.8512,693.3371,-0.4859384
692.8512,693.3372,-0.485955
692.8512,693.3372,-0.4859573
692.8512,693.3372,-0.4859769
692.8512,693.3372,-0.4859777
692.8512,693.3372,-0.4860021
692.8512,693.3372,-0.4860108
692.8512,693.3372,-0.4860261
692.8512,693.3373,-0.4860585
692.8512,693.3373,-0.4860619
692.8512,693.3373,-0.4861037
692.8512,693.3373,-0.4861229
692.8512,693.3373,-0.4861278
692.8512,693.3373,-0.4861423
692.8512,693.3374,-0.4861743
692.8512,693.3374,-0.4862204
692.8512,693.3374,-0.4862261
692.8512,693.3374,-0.4862283
692.8512,693.3375,-0.4862774
692.8512,693.3375,-0.4863266
692.8512,693.3375,-0.4863365
692.8512,693.3375,-0.4863443
692.8512,693.3376,-0.4863834
692.8512,693.3376,-0.4863925
692.8512,693.3376,-0.4864123
692.8512,693.3376,-0.4864422
692.8512,693.3377,-0.4864897
692.8512,693.3377,-0.4865333
692.8512,693.3378,-0.4865788
692.8512,693.3378,-0.4866069
692.8512,693.3378,-0.486617
692.8512,693.3378,-0.486627
692.8512,693.3379,-0.4866749
692.8512,693.3379,-0.4866858
692.8512,693.338,-0.486773
692.8512,693.338,-0.4867871
692.8512,693.338,-0.4868103
692.8512,693.3381,-0.4868658
692.8512,693.3381,-0.4869129
692.8512,693.3381,-0.4869163
692.8512,693.3381,-0.4869388
692.8512,693.3382,-0.4869793
692.8512,693.3382,-0.4870141
692.8512,693.3382,-0.4870142
692.8512,693.3382,-0.4870158
692.8512,693.3382,-0.4870413
692.8512,693.3383,-0.4871189
692.8512,693.3383,-0.4871207
692.8512,693.3383,-0.4871425
692.8512,693.3384,-0.4871507
692.8512,693.3384,-0.4871544
692.8512,693.3384,-0.4872005
692.8512,693.3384,-0.4872017
692.8512,693.3384,-0.4872019
692.8512,693.3384,-0.4872114
692.8512,693.3384,-0.4872213
692.8512,693.3384,-0.4872276
692.8512,693.3384,-0.4872309
692.8512,693.3384,-0.487245
692.8512,693.3385,-0.4872747
692.8512,693.3385,-0.4873047
692.8512,693.3386,-0.4873827
692.8512,693.3386,-0.4874274
692.8512,693.3386,-0.4874353
692.8512,693.3387,-0.4874564
692.8512,693.3387,-0.4874603
692.8512,693.3387,-0.4874662
692.8512,693.3387,-0.4874805
692.8512,693.3387,-0.4874855
692.8512,693.3387,-0.4875039
692.8512,693.3387,-0.4875073
692.8512,693.3387,-0.4875289
692.8512,693.3387,-0.4875433
692.8512,693.3388,-0.4876097
692.8512,693.3388,-0.4876153
692.8512,693.3388,-0.4876409
692.8512,693.3389,-0.4876582
692.8512,693.3389,-0.487669
692.8512,693.3389,-0.4876845
692.8512,693.3389,-0.4877131
692.8512,693.339,-0.4877668
692.8512,693.339,-0.4877932
692.8512,693.339,-0.4877947
692.8512,693.339,-0.4878217
692.8512,693.339,-0.4878366
692.8512,693.3391,-0.487864
692.8512,693.3391,-0.4878747
692.8512,693.3391,-0.4879159
692.8512,693.3391,-0.4879194
692.8512,693.3391,-0.4879239
692.8512,693.3392,-0.4879765
692.8512,693.3392,-0.4879845
692.8512,693.3392,-0.4880128
692.8512,693.3392,-0.4880231
692.8512,693.3392,-0.4880433
692.8512,693.3393,-0.4880639
692.8512,693.3393,-0.4880775
692.8512,693.3393,-0.4880805
692.8512,693.3393,-0.4880992
692.8512,693.3393,-0.4881036
692.8512,693.3393,-0.4881105
692.8512,693.3393,-0.4881165
692.8512,693.3393,-0.4881438
692.8512,693.3393,-0.4881452
692.8512,693.3393,-0.4881465
692.8512,693.3394,-0.4881544
692.8512,693.3394,-0.4881609
692.8512,693.3394,-0.4881754
692.8512,693.3394,-0.4882119
692.8512,693.3394,-0.4882142
692.8512,693.3394,-0.4882384
692.8512,693.3394,-0.4882402
692.8512,693.3394,-0.4882469
692.8512,693.3395,-0.488263
692.8512,693.3395,-0.4882912
692.8512,693.3395,-0.4883417
692.8512,693.3396,-0.4883867
692.8512,693.3396,-0.4884063
692.8512,693.3396,-0.4884143
692.8512,693.3396,-0.488438
692.8512,693.3396,-0.4884417
692.8512,693.3397,-0.4884633
692.8512,693.3397,-0.4884655
692.8512,693.3397,-0.4884804
692.8512,693.3397,-0.4884867
692.8512,693.3397,-0.4884892
692.8512,693.3397,-0.4884997
692.8512,693.3397,-0.4885198
692.8512,693.3397,-0.4885281
692.8512,693.3398,-0.4885798
692.8512,693.3398,-0.4885962
692.8512,693.3398,-0.4885966
692.8512,693.3398,-0.4886186
692.8512,693.3398,-0.4886208
692.8512,693.3398,-0.4886499
692.8512,693.3399,-0.4886627
692.8512,693.3399,-0.4886632
692.8512,693.3399,-0.4887197
692.8512,693.3399,-0.4887438
692.8512,693.3399,-0.4887448
692.8512,693.3401,-0.4888848
692.8512,693.3401,-0.4888883
692.8512,693.3401,-0.4888998
692.8512,693.3401,-0.4889055
692.8512,693.3401,-0.4889108
692.8512,693.3401,-0.4889247
692.8512,693.3401,-0.4889311
692.8512,693.3401,-0.4889363
692.8512,693.3401,-0.4889408
692.8512,693.3401,-0.4889451
692.8512,693.3402,-0.4889714
692.8512,693.3402,-0.488987
692.8512,693.3402,-0.4890398
692.8512,693.3403,-0.4890679
692.8512,693.3403,-0.4890787
692.8512,693.3403,-0.4891126
692.8512,693.3403,-0.4891129
692.8512,693.3403,-0.4891223
692.8512,693.3403,-0.4891259
692.8512,693.3404,-0.4891507
692.8512,693.3404,-0.4891834
692.8512,693.3404,-0.4891855
692.8512,693.3404,-0.4891889
692.8512,693.3404,-0.4892148
692.8512,693.3404,-0.489225
692.8512,693.3404,-0.4892267
692.8512,693.3404,-0.4892317
692.8512,693.3405,-0.4892647
692.8512,693.3405,-0.4892736
692.8512,693.3405,-0.4892749
692.8512,693.3405,-0.4892819
692.8512,693.3405,-0.4892857
692.8512,693.3405,-0.4893343
692.8512,693.3406,-0.489354
692.8512,693.3406,-0.4893562
692.8512,693.3406,-0.4893765
692.8512,693.3406,-0.4894244
692.8512,693.3406,-0.4894427
692.8512,693.3406,-0.4894432
692.8512,693.3407,-0.4894802
692.8512,693.3407,-0.4895332
692.8512,693.3408,-0.4895734
692.8512,693.3408,-0.4895917
692.8512,693.3408,-0.489592
692.8512,693.3408,-0.489611
692.8512,693.3408,-0.4896341
692.8512,693.3408,-0.4896428
692.8512,693.3408,-0.4896442
692.8512,693.3409,-0.4896573
692.8512,693.3409,-0.4896809
692.8512,693.3409,-0.4896934
692.8512,693.3409,-0.489697
692.8512,693.3409,-0.4897112
692.8512,693.3409,-0.4897176
692.8512,693.3409,-0.4897392
692.8512,693.3409,-0.4897404
692.8512,693.3409,-0.4897458
692.8512,693.3409,-0.4897486
692.8512,693.341,-0.4897668
692.8512,693.341,-0.4897767
692.8512,693.341,-0.4897799
692.8512,693.341,-0.4897837
692.8512,693.341,-0.4898155
692.8512,693.341,-0.4898197
692.8512,693.341,-0.4898431
692.8512,693.3411,-0.489853
692.8512,693.3411,-0.4898538
692.8512,693.3411,-0.4898666
692.8512,693.3411,-0.4898738
692.8512,693.3411,-0.4898863
692.8512,693.3411,-0.4898902
692.8512,693.3411,-0.4899272
692.8512,693.3411,-0.4899295
692.8512,693.3411,-0.4899396
692.8512,693.3412,-0.4899582
692.8512,693.3412,-0.4899843
692.8512,693.3412,-0.4900039
692.8512,693.3412,-0.4900143
692.8512,693.3412,-0.4900159
692.8512,693.3413,-0.4900532
692.8512,693.3413,-0.4900644
692.8512,693.3413,-0.4900911
692.8512,693.3413,-0.4900917
692.8512,693.3413,-0.4901017
692.8512,693.3413,-0.4901409
692.8512,693.3413,-0.4901449
692.8512,693.3414,-0.4901548
692.8512,693.3414,-0.4901713
692.8512,693.3414,-0.4901819
692.8512,693.3414,-0.4902013
692.8512,693.3414,-0.4902061
692.8512,693.3414,-0.4902219
692.8512,693.3414,-0.4902318
692.8512,693.3414,-0.4902327
692.8512,693.3415,-0.4902677
692.8512,693.3415,-0.4903043
692.8512,693.3415,-0.4903127
692.8512,693.3415,-0.4903467
692.8512,693.3416,-0.4903631
692.8512,693.3416,-0.490368
692.8512,693.3416,-0.4903802
692.8512,693.3416,-0.4903917
692.8512,693.3416,-0.4904128
692.8512,693.3416,-0.4904156
692.8512,693.3416,-0.4904292
692.8512,693.3416,-0.4904411
692.8512,693.3417,-0.4904734
692.8512,693.3417,-0.4904945
692.8512,693.3417,-0.4904954
692.8512,693.3417,-0.4905497
692.8512,693.3418,-0.4905506
692.8512,693.3418,-0.4905507
692.8512,693.3418,-0.4906044
692.8512,693.3418,-0.4906082
692.8512,693.3418,-0.4906277
692.8512,693.3418,-0.4906484
692.8512,693.3418,-0.4906489
692.8512,693.3419,-0.4906605
692.8512,693.3419,-0.4906678
692.8512,693.3419,-0.490678
692.8512,693.3419,-0.490679
692.8512,693.3419,-0.4906824
692.8512,693.3419,-0.4907432
692.8512,693.342,-0.4907566
692.8512,693.342,-0.4907581
692.8512,693.342,-0.4907582
692.8512,693.342,-0.4907615
692.8512,693.342,-0.490763
692.8512,693.342,-0.4907938
692.8512,693.342,-0.4908249
692.8512,693.342,-0.4908361
692.8512,693.3421,-0.4908709
692.8512,693.3421,-0.4908791
692.8512,693.3421,-0.4908864
692.8512,693.3421,-0.4908941
692.8512,693.3421,-0.4909006
692.8512,693.3421,-0.4909019
692.8512,693.3421,-0.4909209
692.8512,693.3421,-0.4909486
692.8512,693.3421,-0.4909495
692.8512,693.3422,-0.4909692
692.8512,693.3422,-0.4909717
692.8512,693.3422,-0.4909745
692.8512,693.3422,-0.4909821
692.8512,693.3422,-0.4909858
692.8512,693.3422,-0.4909866
692.8512,693.3422,-0.4909894
692.8512,693.3422,-0.4910172
692.8512,693.3422,-0.4910206
692.8512,693.3423,-0.4910588
692.8512,693.3423,-0.4911305
692.8512,693.3424,-0.4911677
692.8512,693.3424,-0.4911688
692.8512,693.3424,-0.4911731
692.8512,693.3424,-0.4911732
692.8512,693.3424,-0.4911767
692.8512,693.3424,-0.4911781
692.8512,693.3424,-0.4911883
692.8512,693.3424,-0.4911914
692.8512,693.3424,-0.491195
692.8512,693.3424,-0.4911963
692.8512,693.3424,-0.4911986
692.8512,693.3424,-0.4912288
692.8512,693.3424,-0.4912313
692.8512,693.3424,-0.4912398
692.8512,693.3425,-0.4912625
692.8512,693.3425,-0.4912625
692.8512,693.3425,-0.4912697
692.8512,693.3425,-0.4912765
692.8512,693.3425,-0.4912806
692.8512,693.3425,-0.4912912
692.8512,693.3425,-0.4912972
692.8512,693.3425,-0.4913014
692.8512,693.3425,-0.4913079
692.8512,693.3425,-0.4913159
692.8512,693.3425,-0.4913199
692.8512,693.3425,-0.4913217
692.8512,693.3425,-0.4913467
692.8512,693.3425,-0.4913492
692.8512,693.3426,-0.4913523
692.8512,693.3426,-0.4913627
692.8512,693.3426,-0.4913665
692.8512,693.3426,-0.4913771
692.8512,693.3426,-0.4913794
692.8512,693.3426,-0.4913924
692.8512,693.3426,-0.4913933
692.8512,693.3426,-0.4914048
692.8512,693.3426,-0.4914271
692.8512,693.3426,-0.4914474
692.8512,693.3427,-0.491484
692.8512,693.3427,-0.4914868
692.8512,693.3427,-0.4915067
692.8512,693.3427,-0.4915131
692.8512,693.3427,-0.4915217
692.8512,693.3427,-0.4915401
692.8512,693.3427,-0.4915405
692.8512,693.3427,-0.4915452
692.8512,693.3427,-0.4915496
692.8512,693.3428,-0.4915603
692.8512,693.3428,-0.491576
692.8512,693.3428,-0.4915894
692.8512,693.3428,-0.4916033
692.8512,693.3428,-0.4916236
692.8512,693.3428,-0.4916388
692.8512,693.3428,-0.4916416
692.8512,693.3429,-0.491683
692.8512,693.3429,-0.4916908
692.8512,693.3429,-0.4917019
692.8512,693.3429,-0.491713
692.8512,693.3429,-0.4917155
692.8512,693.3429,-0.4917209
692.8512,693.3429,-0.4917234
692.8512,693.3429,-0.4917489
692.8512,693.343,-0.4917516
692.8512,693.343,-0.4917638
692.8512,693.343,-0.4917908
692.8512,693.343,-0.4918025
692.8512,693.343,-0.4918041
692.8512,693.343,-0.4918229
692.8512,693.343,-0.4918473
692.8512,693.3431,-0.4918625
692.8512,693.3431,-0.4918713
692.8512,693.3431,-0.4918764
692.8512,693.3431,-0.4918794
692.8512,693.3431,-0.4918825
692.8512,693.3431,-0.491887
692.8512,693.3431,-0.4918982
692.8512,693.3431,-0.4919266
692.8512,693.3431,-0.491929
692.8512,693.3432,-0.4919683
692.8512,693.3432,-0.4919805
692.8512,693.3432,-0.4919988
692.8512,693.3432,-0.4920111
692.8512,693.3432,-0.4920191
692.8512,693.3432,-0.4920235
692.8512,693.3432,-0.4920248
692.8512,693.3432,-0.4920271
692.8512,693.3432,-0.4920496
692.8512,693.3433,-0.4920542
692.8512,693.3433,-0.49206
692.8512,693.3433,-0.4920603
692.8512,693.3433,-0.4920899
692.8512,693.3433,-0.4921072
692.8512,693.3433,-0.4921143
692.8512,693.3433,-0.4921179
692.8512,693.3433,-0.4921433
692.8512,693.3433,-0.4921455
692.8512,693.3433,-0.4921457
692.8512,693.3434,-0.4921804
692.8512,693.3434,-0.492185
692.8512,693.3434,-0.4921857
692.8512,693.3434,-0.4921969
692.8512,693.3434,-0.4922212
692.8512,693.3434,-0.4922258
692.8512,693.3434,-0.4922347
692.8512,693.3434,-0.4922387
692.8512,693.3434,-0.4922459
692.8512,693.3435,-0.49226
692.8512,693.3435,-0.4922724
692.8512,693.3435,-0.4922893
692.8512,693.3435,-0.4922925
692.8512,693.3435,-0.4923048
692.8512,693.3435,-0.4923283
692.8512,693.3435,-0.4923496
692.8512,693.3436,-0.4923658
692.8512,693.3436,-0.4923727
692.8512,693.3436,-0.492402
692.8512,693.3436,-0.4924216
692.8512,693.3436,-0.4924244
692.8512,693.3437,-0.4924555
692.8512,693.3437,-0.4924722
692.8512,693.3437,-0.4924935
692.8512,693.3437,-0.4925051
692.8512,693.3437,-0.4925112
692.8512,693.3437,-0.4925138
692.8512,693.3437,-0.4925221
692.8512,693.3437,-0.4925338
692.8512,693.3437,-0.4925417
692.8512,693.3437,-0.4925461
692.8512,693.3437,-0.4925481
692.8512,693.3438,-0.4925601
692.8512,693.3438,-0.4925765
692.8512,693.3438,-0.4925851
692.8512,693.3438,-0.4925868
692.8512,693.3438,-0.4925954
692.8512,693.3438,-0.4926061
692.8512,693.3438,-0.4926106
692.8512,693.3438,-0.4926293
692.8512,693.3438,-0.4926318
692.8512,693.3439,-0.4926535
692.8512,693.3439,-0.4926551
692.8512,693.3439,-0.4926589
692.8512,693.3439,-0.4926653
692.8512,693.3439,-0.4926704
692.8512,693.3439,-0.4926866
692.8512,693.3439,-0.4927168
692.8512,693.3439,-0.4927453
692.8512,693.344,-0.492751
692.8512,693.344,-0.4927521
692.8512,693.344,-0.492788
692.8512,693.344,-0.4927898
692.8512,693.344,-0.4927911
692.8512,693.344,-0.4928049
692.8512,693.344,-0.492818
692.8512,693.344,-0.4928299
692.8512,693.344,-0.4928326
692.8512,693.344,-0.4928385
692.8512,693.344,-0.49284
692.8512,693.3441,-0.4928547
692.8512,693.3441,-0.4928604
692.8512,693.3441,-0.4928641
692.8512,693.3441,-0.4928722
692.8512,693.3441,-0.492877
692.8512,693.3441,-0.4928772
692.8512,693.3441,-0.4929411
692.8512,693.3441,-0.4929417
692.8512,693.3441,-0.4929456
692.8512,693.3441,-0.4929474
692.8512,693.3442,-0.4929566
692.8512,693.3442,-0.4929691
692.8512,693.3442,-0.4929693
692.8512,693.3442,-0.4929744
692.8512,693.3442,-0.4930064
692.8512,693.3442,-0.4930246
692.8512,693.3442,-0.4930342
692.8512,693.3442,-0.4930385
692.8512,693.3442,-0.4930403
692.8512,693.3442,-0.4930485
692.8512,693.3443,-0.4930621
692.8512,693.3443,-0.4930702
692.8512,693.3443,-0.493093
692.8512,693.3443,-0.493101
692.8512,693.3443,-0.4931032
692.8512,693.3443,-0.4931158
692.8512,693.3443,-0.493119
692.8512,693.3443,-0.4931241
692.8512,693.3443,-0.4931261
692.8512,693.3443,-0.4931288
692.8512,693.3443,-0.4931499
692.8512,693.3444,-0.4931572
692.8512,693.3444,-0.4931702
692.8512,693.3444,-0.4931932
692.8512,693.3444,-0.4932098
692.8512,693.3444,-0.4932418
692.8512,693.3444,-0.4932435
692.8512,693.3444,-0.4932459
692.8512,693.3445,-0.4932518
692.8512,693.3445,-0.4932595
692.8512,693.3445,-0.4932612
692.8512,693.3445,-0.4932631
692.8512,693.3445,-0.4932965
692.8512,693.3445,-0.4933005
692.8512,693.3445,-0.4933149
692.8512,693.3445,-0.4933283
692.8512,693.3445,-0.4933493
692.8512,693.3446,-0.4933598
692.8512,693.3446,-0.4933716
692.8512,693.3446,-0.493375
692.8512,693.3446,-0.4933986
692.8512,693.3446,-0.4934051
692.8512,693.3446,-0.4934395
692.8512,693.3446,-0.4934441
692.8512,693.3446,-0.4934494
692.8512,693.3447,-0.493453
692.8512,693.3447,-0.4934533
692.8512,693.3447,-0.4934605
692.8512,693.3447,-0.4934787
692.8512,693.3447,-0.4935112
692.8512,693.3447,-0.4935233
692.8512,693.3447,-0.4935284
692.8512,693.3447,-0.4935383
692.8512,693.3447,-0.4935394
692.8512,693.3447,-0.4935475
692.8512,693.3448,-0.4935505
692.8512,693.3448,-0.493553
692.8512,693.3448,-0.4935712
692.8512,693.3448,-0.4935865
692.8512,693.3448,-0.4935934
692.8512,693.3448,-0.4935975
692.8512,693.3448,-0.493601
692.8512,693.3448,-0.4936069
692.8512,693.3448,-0.4936085
692.8512,693.3448,-0.4936225
692.8512,693.3448,-0.4936357
692.8512,693.3448,-0.493648
692.8512,693.3449,-0.4936729
692.8512,693.3449,-0.4936742
692.8512,693.3449,-0.4936786
692.8512,693.3449,-0.4936912
692.8512,693.3449,-0.4936918
692.8512,693.3449,-0.4937
692.8512,693.3449,-0.4937025
692.8512,693.3449,-0.4937029
692.8512,693.3449,-0.4937063
692.8512,693.3449,-0.4937101
692.8512,693.3449,-0.4937149
692.8512,693.3449,-0.4937188
692.8512,693.3449,-0.4937206
692.8512,693.3449,-0.4937228
692.8512,693.3449,-0.4937287
692.8512,693.3449,-0.4937299
692.8512,693.3449,-0.4937362
692.8512,693.3449,-0.4937376
692.8512,693.3449,-0.4937458
692.8512,693.345,-0.493757
692.8512,693.345,-0.493767
692.8512,693.345,-0.4937712
692.8512,693.345,-0.4937995
692.8512,693.345,-0.4937997
692.8512,693.345,-0.4938108
692.8512,693.345,-0.4938141
692.8512,693.345,-0.4938171
692.8512,693.345,-0.493819
692.8512,693.345,-0.4938224
692.8512,693.345,-0.4938278
692.8512,693.345,-0.4938346
692.8512,693.3451,-0.4938535
692.8512,693.3451,-0.493854
692.8512,693.3451,-0.4938636
692.8512,693.3451,-0.4938766
692.8512,693.3451,-0.4938847
692.8512,693.3451,-0.4938865
692.8512,693.3451,-0.4938889
692.8512,693.3451,-0.4938914
692.8512,693.3451,-0.4938927
692.8512,693.3451,-0.4938953
692.8512,693.3451,-0.4939078
692.8512,693.3451,-0.4939136
692.8512,693.3452,-0.4939576
692.8512,693.3452,-0.4939695
692.8512,693.3452,-0.4939817
692.8512,693.3452,-0.4940054
692.8512,693.3452,-0.4940138
692.8512,693.3452,-0.4940241
692.8512,693.3452,-0.4940413
692.8512,693.3452,-0.4940426
692.8512,693.3453,-0.494051
692.8512,693.3453,-0.4940649
692.8512,693.3453,-0.494065
692.8512,693.3453,-0.4940819
692.8512,693.3453,-0.4940935
692.8512,693.3453,-0.494095
692.8512,693.3453,-0.494101
692.8512,693.3453,-0.494106
692.8512,693.3453,-0.4941119
692.8512,693.3453,-0.4941253
692.8512,693.3453,-0.4941335
692.8512,693.3453,-0.4941428
692.8512,693.3454,-0.4941517
692.8512,693.3454,-0.4941535
692.8512,693.3454,-0.4941567
692.8512,693.3454,-0.4941872
692.8512,693.3454,-0.4941932
692.8512,693.3454,-0.4941946
692.8512,693.3454,-0.4942025
692.8512,693.3454,-0.4942059
692.8512,693.3454,-0.4942119
692.8512,693.3454,-0.4942123
692.8512,693.3454,-0.4942131
692.8512,693.3454,-0.4942391
692.8512,693.3454,-0.4942419
692.8512,693.3454,-0.4942474
692.8512,693.3455,-0.4942521
692.8512,693.3455,-0.4942588
692.8512,693.3455,-0.494274
692.8512,693.3455,-0.4942806
692.8512,693.3455,-0.4942847
692.8512,693.3455,-0.4943114
692.8512,693.3455,-0.4943182
692.8512,693.3455,-0.494326
692.8512,693.3455,-0.4943447
692.8512,693.3455,-0.4943493
692.8512,693.3456,-0.4943525
692.8512,693.3456,-0.4943562
692.8512,693.3456,-0.4943604
692.8512,693.3456,-0.4943755
692.8512,693.3456,-0.4943792
692.8512,693.3456,-0.4943812
692.8512,693.3456,-0.4943879
692.8512,693.3456,-0.4943948
692.8512,693.3456,-0.4944023
692.8512,693.3456,-0.4944055
692.8512,693.3456,-0.4944059
692.8512,693.3456,-0.4944257
692.8512,693.3456,-0.4944431
692.8512,693.3456,-0.4944477
692.8512,693.3457,-0.4945061
692.8512,693.3457,-0.4945139
692.8512,693.3457,-0.4945222
692.8512,693.3457,-0.4945494
692.8512,693.3458,-0.4945764
692.8512,693.3458,-0.4945837
692.8512,693.3458,-0.4945865
692.8512,693.3458,-0.4945867
692.8512,693.3458,-0.4945912
692.8512,693.3458,-0.4945967
692.8512,693.3458,-0.4946464
692.8512,693.3459,-0.4946662
692.8512,693.3459,-0.494687
692.8512,693.3459,-0.4946905
692.8512,693.3459,-0.494699
692.8512,693.3459,-0.4947043
692.8512,693.3459,-0.4947282
692.8512,693.346,-0.4947664
692.8512,693.346,-0.4947731
692.8512,693.346,-0.4947782
692.8512,693.346,-0.4948004
692.8512,693.346,-0.4948053
692.8512,693.346,-0.494836
692.8512,693.346,-0.4948382
692.8512,693.3461,-0.494867
692.8512,693.3461,-0.4948784
692.8512,693.3461,-0.4948854
692.8512,693.3461,-0.4949034
692.8512,693.3461,-0.494908
692.8512,693.3461,-0.4949349
692.8512,693.3461,-0.4949432
692.8512,693.3462,-0.4949526
692.8512,693.3462,-0.4949537
692.8512,693.3462,-0.4949601
692.8512,693.3462,-0.4949633
692.8512,693.3462,-0.4949953
692.8512,693.3462,-0.4950103
692.8512,693.3462,-0.4950448
692.8512,693.3463,-0.4950701
692.8512,693.3463,-0.495073
692.8512,693.3463,-0.4951143
692.8512,693.3463,-0.4951247
692.8512,693.3463,-0.4951285
692.8512,693.3463,-0.4951289
692.8512,693.3464,-0.4951944
692.8512,693.3464,-0.4952191
692.8512,693.3464,-0.49525
692.8512,693.3465,-0.4952644
692.8512,693.3465,-0.4952778
692.8512,693.3465,-0.4952819
692.8512,693.3465,-0.4952838
692.8512,693.3465,-0.4952993
692.8512,693.3465,-0.4953081
692.8512,693.3465,-0.4953136
692.8512,693.3465,-0.4953279
692.8512,693.3465,-0.4953395
692.8512,693.3465,-0.4953465
692.8512,693.3466,-0.4953558
692.8512,693.3466,-0.4954051
692.8512,693.3466,-0.4954328
692.8512,693.3467,-0.4954756
692.8512,693.3467,-0.4954758
692.8512,693.3467,-0.4954849
692.8512,693.3467,-0.4955494
692.8512,693.3468,-0.4955571
692.8512,693.3468,-0.4955877
692.8512,693.3468,-0.4955884
692.8512,693.3468,-0.4955972
692.8512,693.3468,-0.4956082
692.8512,693.3468,-0.4956299
692.8512,693.3469,-0.4956741
692.8512,693.3469,-0.4956774
692.8512,693.3469,-0.4956926
692.8512,693.3469,-0.4956929
692.8512,693.3469,-0.4957212
692.8512,693.3469,-0.4957483
692.8512,693.347,-0.4957568
692.8512,693.347,-0.4957615
692.8512,693.347,-0.4957753
692.8512,693.347,-0.4958237
692.8512,693.3471,-0.4958534
692.8512,693.3471,-0.4958648
692.8512,693.3471,-0.4958922
692.8512,693.3471,-0.4958976
692.8512,693.3471,-0.4959153
692.8512,693.3471,-0.4959463
692.8512,693.3471,-0.4959491
692.8512,693.3472,-0.4959661
692.8512,693.3472,-0.4959826
692.8512,693.3472,-0.4960146
692.8512,693.3472,-0.4960171
692.8512,693.3472,-0.496029
692.8512,693.3472,-0.4960441
692.8512,693.3472,-0.4960461
692.8512,693.3473,-0.4960514
692.8512,693.3473,-0.496074
692.8512,693.3473,-0.4960751
692.8512,693.3473,-0.4961001
692.8512,693.3473,-0.4961029
692.8512,693.3473,-0.4961044
692.8512,693.3473,-0.4961322
692.8512,693.3474,-0.496165
692.8512,693.3474,-0.4961717
692.8512,693.3474,-0.4961992
692.8512,693.3474,-0.4962362
692.8512,693.3475,-0.4962687
692.8512,693.3475,-0.4962844
692.8512,693.3475,-0.4962919
692.8512,693.3475,-0.4963114
692.8512,693.3475,-0.4963431
692.8512,693.3476,-0.4963528
692.8512,693.3476,-0.4963707
692.8512,693.3476,-0.4963743
692.8512,693.3476,-0.4963908
692.8512,693.3476,-0.4963934
692.8512,693.3476,-0.4964075
692.8512,693.3476,-0.4964184
692.8512,693.3476,-0.4964252
692.8512,693.3476,-0.4964269
692.8512,693.3477,-0.4965001
692.8512,693.3478,-0.4965641
692.8512,693.3478,-0.4965689
692.8512,693.3478,-0.4966038
692.8512,693.3478,-0.4966187
692.8512,693.3479,-0.4966656
692.8512,693.3479,-0.496691
692.8512,693.3479,-0.4967184
692.8512,693.3479,-0.4967195
692.8512,693.3479,-0.4967242
692.8512,693.348,-0.4967546
692.8512,693.348,-0.4967551
692.8512,693.348,-0.4967675
692.8512,693.348,-0.4968366
692.8512,693.348,-0.4968471
692.8512,693.3481,-0.4968555
692.8512,693.3481,-0.4968687
692.8512,693.3481,-0.4968916
692.8512,693.3481,-0.4969058
692.8512,693.3481,-0.4969238
692.8512,693.3481,-0.496931
692.8512,693.3481,-0.4969318
692.8512,693.3481,-0.4969424
692.8512,693.3482,-0.496985
692.8512,693.3482,-0.4970153
692.8512,693.3483,-0.4970822
692.8512,693.3483,-0.4970824
692.8512,693.3483,-0.4970838
692.8512,693.3483,-0.4971176
692.8512,693.3484,-0.4971873
692.8512,693.3484,-0.4971955
692.8512,693.3484,-0.4972237
692.8512,693.3484,-0.4972426
692.8512,693.3485,-0.4972563
692.8512,693.3485,-0.4972594
692.8512,693.3485,-0.4972889
692.8512,693.3485,-0.4972963
692.8512,693.3485,-0.4973348
692.8512,693.3485,-0.4973374
692.8512,693.3486,-0.497364
692.8512,693.3486,-0.4974356
692.8512,693.3486,-0.4974404
692.8512,693.3487,-0.4974545
692.8512,693.3487,-0.4974688
692.8512,693.3487,-0.4975365
692.8512,693.3487,-0.4975443
692.8512,693.3488,-0.4975514
692.8512,693.3488,-0.4975593
692.8512,693.3488,-0.4976411
692.8512,693.3489,-0.4976756
692.8512,693.3489,-0.4976879
692.8512,693.3489,-0.4977321
692.8512,693.349,-0.4977718
692.8512,693.349,-0.4978033
692.8512,693.349,-0.4978102
692.8512,693.349,-0.4978157
692.8512,693.349,-0.4978483
692.8512,693.3491,-0.4978504
692.8512,693.3491,-0.4978863
692.8512,693.3492,-0.4979534
692.8512,693.3492,-0.4979909
692.8512,693.3492,-0.4979926
692.8512,693.3493,-0.4980501
692.8512,693.3493,-0.4980646
692.8512,693.3493,-0.4981017
692.8512,693.3493,-0.4981249
692.8512,693.3493,-0.498125
692.8512,693.3494,-0.4981714
692.8512,693.3494,-0.4981764
692.8512,693.3494,-0.4981949
692.8512,693.3494,-0.4982045
692.8512,693.3494,-0.4982176
692.8512,693.3494,-0.498248
692.8512,693.3495,-0.4982583
692.8512,693.3495,-0.4982779
692.8512,693.3495,-0.4983221
692.8512,693.3496,-0.4984038
692.8512,693.3497,-0.49851
692.8512,693.3497,-0.4985232
692.8512,693.3498,-0.4985629
692.8512,693.3498,-0.4986079
692.8512,693.3498,-0.4986295
692.8512,693.3499,-0.4986616
692.8512,693.3499,-0.4986627
692.8512,693.3499,-0.4986973
692.8512,693.3499,-0.4987053
692.8512,693.35,-0.4987556
692.8512,693.35,-0.4987747
692.8512,693.35,-0.4987846
692.8512,693.35,-0.4987947
692.8512,693.35,-0.4988061
692.8512,693.35,-0.4988137
692.8512,693.3501,-0.4988553
692.8512,693.3501,-0.498877
692.8512,693.3501,-0.498921
692.8512,693.3502,-0.4989649
692.8512,693.3502,-0.4990161
692.8512,693.3502,-0.4990178
692.8512,693.3502,-0.4990243
692.8512,693.3503,-0.4990828
692.8512,693.3503,-0.4991033
692.8512,693.3503,-0.4991363
692.8512,693.3503,-0.4991405
692.8512,693.3504,-0.4991593
692.8512,693.3504,-0.499161
692.8512,693.3504,-0.4992031
692.8512,693.3504,-0.4992159
692.8512,693.3504,-0.4992177
692.8512,693.3505,-0.4992838
692.8512,693.3505,-0.4992898
692.8512,693.3505,-0.4993483
692.8512,693.3506,-0.4993667
692.8512,693.3506,-0.4993821
692.8512,693.3506,-0.4993909
692.8512,693.3506,-0.4994293
692.8512,693.3506,-0.4994304
692.8512,693.3507,-0.4994764
692.8512,693.3507,-0.4994846
692.8512,693.3507,-0.4995206
692.8512,693.3507,-0.4995221
692.8512,693.3507,-0.499529
692.8512,693.3509,-0.4996556
692.8512,693.3509,-0.4996668
692.8512,693.3509,-0.4996702
692.8512,693.3509,-0.4997069
692.8512,693.351,-0.499783
692.8512,693.351,-0.4998086
692.8512,693.351,-0.4998405
692.8512,693.3511,-0.4998517
692.8512,693.3511,-0.499855
692.8512,693.3511,-0.4998619
692.8512,693.3511,-0.4998883
692.8512,693.3511,-0.4999209
692.8512,693.3511,-0.4999217
692.8512,693.3511,-0.4999461
692.8512,693.3512,-0.5000271
692.8512,693.3513,-0.5000974
692.8512,693.3513,-0.5000988
692.8512,693.3513,-0.5001358
692.8512,693.3513,-0.500146
692.8512,693.3514,-0.50016
692.8512,693.3514,-0.5001839
692.8512,693.3514,-0.5002108
692.8512,693.3515,-0.5002909
692.8512,693.3515,-0.5003107
692.8512,693.3516,-0.5003568
692.8512,693.3516,-0.5004208
692.8512,693.3516,-0.5004389
692.8512,693.3517,-0.5004793
692.8512,693.3517,-0.5005091
692.8512,693.3517,-0.5005221
692.8512,693.3517,-0.500547
692.8512,693.3518,-0.5005803
692.8512,693.3518,-0.5005918
692.8512,693.3518,-0.5006397
692.8512,693.3518,-0.500644
692.8512,693.352,-0.5007528
692.8512,693.352,-0.5007653
692.8512,693.3521,-0.5008582
692.8512,693.3521,-0.5008606
692.8512,693.3521,-0.5008852
692.8512,693.3521,-0.5009244
692.8512,693.3521,-0.5009267
692.8512,693.3521,-0.5009477
692.8512,693.3522,-0.5010181
692.8512,693.3523,-0.5010679
692.8512,693.3523,-0.5010765
692.8512,693.3524,-0.5011575
692.8512,693.3525,-0.5012509
692.8512,693.3525,-0.5013047
692.8512,693.3526,-0.5014045
692.8512,693.3527,-0.5014594
692.8512,693.3528,-0.5016022
692.8512,693.3528,-0.501635
692.8512,693.3528,-0.5016492
692.8512,693.3529,-0.5016671
692.8512,693.3529,-0.5016792
692.8512,693.3529,-0.5016986
692.8512,693.353,-0.5017946
692.8512,693.353,-0.5018009
692.8512,693.3531,-0.5018538
692.8512,693.3531,-0.5018593
692.8512,693.3531,-0.5018606
692.8512,693.3531,-0.501903
692.8512,693.3531,-0.5019192
692.8512,693.3532,-0.5019665
692.8512,693.3532,-0.5019783
692.8512,693.3532,-0.5020143
692.8512,693.3532,-0.5020472
692.8512,693.3534,-0.5022327
692.8512,693.3535,-0.5023105
692.8512,693.3535,-0.5023449
692.8512,693.3536,-0.5024035
692.8512,693.3536,-0.5024107
692.8512,693.3536,-0.5024414
692.8512,693.3537,-0.5025019
692.8512,693.3537,-0.5025255
692.8512,693.3538,-0.5026392
692.8512,693.354,-0.5027716
692.8512,693.3541,-0.5028799
692.8512,693.3541,-0.5029241
692.8512,693.3541,-0.5029412
692.8512,693.3542,-0.502965
692.8512,693.3542,-0.5029739
692.8512,693.3543,-0.5030538
692.8512,693.3544,-0.5032083
692.8512,693.3545,-0.5033217
692.8512,693.3546,-0.5033814
692.8512,693.3546,-0.5033835
692.8512,693.3546,-0.5034337
692.8512,693.3546,-0.5034446
692.8512,693.3547,-0.5035133
692.8512,693.3547,-0.5035359
692.8512,693.3548,-0.5035953
692.8512,693.355,-0.5037795
692.8512,693.3551,-0.5038881
692.8512,693.3551,-0.5039162
692.8512,693.3553,-0.5041088
692.8512,693.3553,-0.5041476
692.8512,693.3553,-0.5041498
692.8512,693.3554,-0.5041735
692.8512,693.3554,-0.5042432
692.8512,693.3555,-0.5042792
692.8512,693.3555,-0.5043336
692.8512,693.3557,-0.5044972
692.8512,693.3558,-0.5045795
692.8512,693.3559,-0.504653
692.8512,693.356,-0.5047966
692.8512,693.356,-0.5048043
692.8512,693.356,-0.5048441
692.8512,693.3561,-0.5048658
692.8512,693.3561,-0.5049045
692.8512,693.3562,-0.5049643
692.8512,693.3562,-0.5050239
692.8512,693.3564,-0.5051534
692.8512,693.3564,-0.5051788
692.8512,693.3564,-0.5052446
692.8512,693.3565,-0.5053238
692.8512,693.3565,-0.505336
692.8512,693.3566,-0.5053874
692.8512,693.3566,-0.5053904
692.8512,693.3568,-0.5055524
692.8512,693.357,-0.5057818
692.8512,693.3571,-0.5059001
692.8512,693.3573,-0.5061465
692.8512,693.3574,-0.5061822
692.8512,693.3575,-0.5063086
692.8512,693.3577,-0.5064581
692.8512,693.3577,-0.5064945
692.8512,693.3578,-0.5065524
692.8512,693.3579,-0.5066724
692.8512,693.3579,-0.5066784
692.8512,693.3581,-0.5069348
692.8512,693.3582,-0.5069586
692.8512,693.3583,-0.5071451
692.8512,693.3583,-0.507146
692.8512,693.3584,-0.5071659
692.8512,693.3584,-0.5071845
692.8512,693.3585,-0.507279
692.8512,693.3585,-0.5072925
692.8512,693.3587,-0.5074867
692.8512,693.3587,-0.5075265
692.8512,693.3587,-0.5075303
692.8512,693.3588,-0.5076131
692.8512,693.3588,-0.5076292
692.8512,693.3589,-0.5076679
692.8512,693.3589,-0.5076787
692.8512,693.359,-0.5077744
692.8512,693.3591,-0.5078843
692.8512,693.3592,-0.5079699
692.8512,693.3593,-0.5081135
692.8512,693.3595,-0.5082524
692.8512,693.3596,-0.5083533
692.8512,693.3598,-0.5085659
692.8512,693.3599,-0.5086756
692.8512,693.36,-0.5087504
692.8512,693.36,-0.5087941
692.8512,693.36,-0.5088496
692.8512,693.3601,-0.5088511
692.8512,693.3601,-0.5089286
692.8512,693.3602,-0.5090053
692.8512,693.3603,-0.5090811
692.8512,693.3603,-0.5091008
692.8512,693.3603,-0.5091209
692.8512,693.3605,-0.5092821
692.8512,693.3606,-0.5094211
692.8512,693.3607,-0.5095358
692.8512,693.3608,-0.5095775
692.8512,693.3608,-0.5096398
692.8512,693.3609,-0.5096593
692.8512,693.361,-0.5097781
692.8512,693.3611,-0.5098812
692.8512,693.3614,-0.5101755
692.8512,693.3614,-0.5102296
692.8512,693.3614,-0.5102439
692.8512,693.3619,-0.5106563
692.8512,693.3619,-0.5107021
692.8512,693.3619,-0.510713
692.8512,693.3619,-0.5107172
692.8512,693.3622,-0.5110348
692.8512,693.3623,-0.5111376
692.8512,693.3624,-0.5112079
692.8512,693.3624,-0.5112188
692.8512,693.3626,-0.5114156
692.8512,693.3626,-0.5114323
692.8512,693.3627,-0.5114866
692.8512,693.3627,-0.5115124
692.8512,693.3628,-0.5115939
692.8512,693.3629,-0.5116569
692.8512,693.3629,-0.5116626
692.8512,693.3629,-0.511687
692.8512,693.363,-0.5117923
692.8512,693.3631,-0.5119241
692.8512,693.3632,-0.5119904
692.8512,693.3632,-0.5120245
692.8512,693.3632,-0.5120483
692.8512,693.3634,-0.5122462
692.8512,693.3635,-0.512254
692.8512,693.3635,-0.5122921
692.8512,693.3635,-0.5123348
692.8512,693.3636,-0.5123646
692.8512,693.3636,-0.5123961
692.8512,693.3637,-0.512538
692.8512,693.3637,-0.5125481
692.8512,693.364,-0.512809
692.8512,693.364,-0.5128216
692.8512,693.3641,-0.5128579
692.8512,693.3641,-0.5128892
692.8512,693.3641,-0.5129048
692.8512,693.3641,-0.5129261
692.8512,693.3643,-0.5131434
692.8512,693.3644,-0.5131772
692.8512,693.3644,-0.5132056
692.8512,693.3647,-0.5135146
692.8512,693.3648,-0.5135997
692.8512,693.3648,-0.5136452
692.8512,693.3649,-0.5137364
692.8512,693.365,-0.5138112
692.8512,693.3652,-0.5140432
692.8512,693.3654,-0.5141876
692.8512,693.3656,-0.5143955
692.8512,693.3657,-0.5144776
692.8512,693.3657,-0.5145035
692.8512,693.3657,-0.5145102
692.8512,693.3658,-0.5145673
692.8512,693.3658,-0.5146193
692.8512,693.3659,-0.5146921
692.8512,693.3659,-0.51473
692.8512,693.366,-0.514778
692.8512,693.366,-0.5148211
692.8512,693.3661,-0.5148686
692.8512,693.3662,-0.5149573
692.8512,693.3663,-0.5150669
692.8512,693.3664,-0.5152291
692.8512,693.3664,-0.5152304
692.8512,693.3665,-0.5152514
692.8512,693.3666,-0.5153931
692.8512,693.3667,-0.515499
692.8512,693.3668,-0.5156183
692.8512,693.3669,-0.5157298
692.8512,693.3671,-0.5158916
692.8512,693.3671,-0.5159255
692.8512,693.3672,-0.5160101
692.8512,693.3672,-0.5160264
692.8512,693.3673,-0.5160637
692.8512,693.3673,-0.5160779
692.8512,693.3673,-0.5160891
692.8512,693.3673,-0.5161238
692.8512,693.3676,-0.5163652
692.8512,693.3677,-0.5164557
692.8512,693.3677,-0.5164653
692.8512,693.3677,-0.5164929
692.8512,693.3677,-0.5165131
692.8512,693.3678,-0.5165824
692.8512,693.3678,-0.5166104
692.8512,693.368,-0.5167523
692.8512,693.368,-0.5167638
692.8512,693.3681,-0.5169097
692.8512,693.3682,-0.5170364
692.8512,693.3684,-0.5171635
692.8512,693.3684,-0.5172043
692.8512,693.3684,-0.5172076
692.8512,693.3684,-0.517212
692.8512,693.3686,-0.5174201
692.8512,693.3687,-0.5174803
692.8512,693.3687,-0.5175172
692.8512,693.3688,-0.5175638
692.8512,693.3689,-0.5176553
692.8512,693.3689,-0.5176784
692.8512,693.3689,-0.5177
692.8512,693.3689,-0.5177287
692.8512,693.3689,-0.5177296
692.8512,693.3689,-0.5177365
692.8512,693.3691,-0.5178844
692.8512,693.3691,-0.5179145
692.8512,693.3691,-0.5179259
692.8512,693.3692,-0.5179527
692.8512,693.3692,-0.5179636
692.8512,693.3692,-0.5179911
692.8512,693.3693,-0.5180673
692.8512,693.3693,-0.5180708
692.8512,693.3693,-0.5181419
692.8512,693.3693,-0.5181462
692.8512,693.3694,-0.5181833
692.8512,693.3694,-0.5182282
692.8512,693.3695,-0.5183124
692.8512,693.3695,-0.5183353
692.8512,693.3696,-0.5183524
692.8512,693.3696,-0.5184433
692.8512,693.3697,-0.5184581
692.8512,693.3698,-0.5185562
692.8512,693.3698,-0.5186249
692.8512,693.3699,-0.5186628
692.8512,693.3699,-0.5186933
692.8512,693.37,-0.5187564
692.8512,693.37,-0.5188183
692.8512,693.37,-0.5188263
692.8512,693.3701,-0.5188668
692.8512,693.3701,-0.5188696
692.8512,693.3701,-0.5189423
692.8512,693.3702,-0.5189506
692.8512,693.3702,-0.5189593
692.8512,693.3704,-0.5191684
692.8512,693.3705,-0.5193129
692.8512,693.3706,-0.5193592
692.8512,693.3706,-0.5194175
692.8512,693.3707,-0.5194642
692.8512,693.3707,-0.519484
692.8512,693.3708,-0.5196131
692.8512,693.3709,-0.5196659
692.8512,693.371,-0.5198369
692.8512,693.3711,-0.5198702
692.8512,693.3711,-0.5198876
692.8512,693.3711,-0.5198937
692.8512,693.3711,-0.5199195
692.8512,693.3712,-0.5200009
692.8512,693.3712,-0.5200209
692.8512,693.3717,-0.5205468
692.8512,693.3718,-0.5205821
692.8512,693.3718,-0.5206063
692.8512,693.372,-0.520816
692.8512,693.3722,-0.5209763
692.8512,693.3723,-0.5210999
692.8512,693.3724,-0.5211804
692.8512,693.3724,-0.5212102
692.8512,693.3729,-0.5216779
692.8512,693.3731,-0.5219376
692.8512,693.3737,-0.5224654
692.8512,693.374,-0.5228062
692.8512,693.3742,-0.5229586
692.8512,693.3742,-0.5230238
692.8512,693.3756,-0.5244283
692.8512,693.3757,-0.5245206
692.8512,693.3772,-0.5260096
692.8512,693.3795,-0.5283491
692.8512,693.3829,-0.5317283
692.8512,693.3834,-0.5321582
692.8512,693.3844,-0.533165
692.8512,693.385,-0.5337924
692.8512,693.3856,-0.5343534
692.8512,693.3865,-0.5353257
692.8512,693.3869,-0.5357305
692.8512,693.3883,-0.5370649
692.8512,693.3883,-0.5370814
692.8512,693.3887,-0.5375087
692.8512,693.3888,-0.5376343
692.8512,693.3895,-0.538325
692.8512,693.3899,-0.538673
692.8512,693.3918,-0.5405686
692.8512,693.392,-0.5408252
692.8512,693.3927,-0.5415273
692.8512,693.3928,-0.5415938
692.8512,693.3937,-0.5424953
692.8512,693.394,-0.5427976
692.8512,693.3946,-0.5433568
692.8512,693.3955,-0.5442566
692.8512,693.3966,-0.5453872
692.8512,693.3985,-0.5472626
692.8512,693.3985,-0.5472834
692.8512,693.3988,-0.5475873
692.8512,693.3999,-0.5487267
692.8512,693.4052,-0.5540494
692.8512,693.4072,-0.5559545
692.8512,693.4135,-0.5623331
692.8512,693.4154,-0.5642265
692.8512,693.4179,-0.5666529
692.8512,693.4233,-0.5720854
692.8512,693.425,-0.5738421
692.8512,693.4393,-0.5881445
692.8512,693.4405,-0.5893472
692.8512,693.4417,-0.5905309
692.8512,693.4423,-0.591115
692.8512,693.4425,-0.5912549
692.8512,693.4473,-0.5960897
692.8512,693.448,-0.5967705
692.8512,693.4481,-0.5969308
692.8512,693.4501,-0.5988555
692.8512,693.4506,-0.5994302
692.8512,693.4512,-0.6000128
692.8512,693.453,-0.6018025
692.8512,693.4534,-0.6021781
692.8512,693.4588,-0.6076082
692.8512,693.4589,-0.6076762
692.8512,693.4597,-0.6084796
692.8512,693.4601,-0.6088957
692.8512,693.4628,-0.6116248
692.8512,693.4644,-0.613214
692.8512,693.468,-0.6168129
692.8512,693.4744,-0.6232087
692.8512,693.4752,-0.623986
692.8512,693.4752,-0.6240007
692.8512,693.4753,-0.6241478
692.8512,693.4755,-0.6242894
692.8512,693.4756,-0.6243509
692.8512,693.4759,-0.6247051
692.8512,693.476,-0.6247621
692.8512,693.476,-0.6247658
692.8512,693.4763,-0.625116
692.8512,693.4765,-0.6253396
692.8512,693.4769,-0.6256856
692.8512,693.477,-0.6257509
692.8512,693.4771,-0.6258974
692.8512,693.4772,-0.6260182
692.8512,693.4773,-0.6260924
692.8512,693.4774,-0.626224
692.8512,693.4775,-0.6263257
692.8512,693.4777,-0.6264577
692.8512,693.4779,-0.6266873
692.8512,693.4781,-0.6268697
692.8512,693.4784,-0.6272335
692.8512,693.4786,-0.627382
692.8512,693.4787,-0.6274554
692.8512,693.4788,-0.6275916
692.8512,693.4788,-0.6276263
692.8512,693.4791,-0.6279356
692.8512,693.4792,-0.6279547
692.8512,693.48,-0.6288233
692.8512,693.4806,-0.6293895
692.8512,693.4807,-0.6294751
692.8512,693.4809,-0.6296839
692.8512,693.4815,-0.6303251
692.8512,693.4816,-0.6303774
692.8512,693.4886,-0.6373691
692.8512,693.494,-0.6428179
692.8512,693.509,-0.6578488
692.8512,693.5111,-0.6599087
692.8512,693.5178,-0.6665923
692.8512,693.5261,-0.6748758
692.8512,693.5442,-0.6930124
692.8512,693.5445,-0.6933179
692.8512,693.5467,-0.69555
692.8512,693.5816,-0.730359
692.8512,693.583,-0.7317612
692.8512,693.5832,-0.7319628
692.8512,693.584,-0.7328109
692.8512,693.5844,-0.7331829
692.8512,693.5852,-0.7340037
692.8512,693.5854,-0.7342273
692.8512,693.5855,-0.7342677
692.8512,693.5856,-0.7344237
692.8512,693.587,-0.7357524
692.8512,693.5873,-0.7361218
692.8512,693.5875,-0.7362753
692.8512,693.5875,-0.7362891
692.8512,693.5876,-0.7363815
692.8512,693.5877,-0.7365483
692.8512,693.5878,-0.7366107
692.8512,693.5882,-0.7369668
692.8512,693.5882,-0.7369726
692.8512,693.5882,-0.7370031
692.8512,693.5884,-0.7371519
692.8512,693.5885,-0.7372518
692.8512,693.5885,-0.7372803
692.8512,693.5885,-0.7373089
692.8512,693.5887,-0.7375344
692.8512,693.5888,-0.7376052
692.8512,693.5891,-0.7378919
692.8512,693.5891,-0.7379006
692.8512,693.5892,-0.7379835
692.8512,693.5892,-0.737984
692.8512,693.5892,-0.7380261
692.8512,693.5892,-0.7380434
692.8512,693.5894,-0.7382364
692.8512,693.5896,-0.7383767
692.8512,693.5896,-0.7384103
692.8512,693.5897,-0.7384711
692.8512,693.5897,-0.7384789
692.8512,693.5898,-0.7386267
692.8512,693.59,-0.7387872
692.8512,693.59,-0.7387956
692.8512,693.59,-0.7388301
692.8512,693.5901,-0.7388883
692.8512,693.5901,-0.7389019
692.8512,693.5901,-0.7389109
692.8512,693.5901,-0.7389114
692.8512,693.5901,-0.7389231
692.8512,693.5901,-0.7389332
692.8512,693.5902,-0.739009
692.8512,693.5903,-0.7390589
692.8512,693.5903,-0.7390787
692.8512,693.5903,-0.7391278
692.8512,693.5904,-0.7391894
692.8512,693.5904,-0.7392455
692.8512,693.5905,-0.7392939
692.8512,693.5905,-0.7393071
692.8512,693.5905,-0.7393192
692.8512,693.5905,-0.7393295
692.8512,693.5905,-0.739331
692.8512,693.5906,-0.7393835
692.8512,693.5906,-0.7393892
692.8512,693.5907,-0.739486
692.8512,693.5908,-0.7395754
692.8512,693.5908,-0.7395814
692.8512,693.5908,-0.7395823
692.8512,693.5908,-0.739602
692.8512,693.5909,-0.7397153
692.8512,693.5909,-0.7397188
692.8512,693.5909,-0.7397264
692.8512,693.591,-0.7397526
692.8512,693.591,-0.7398047
692.8512,693.5911,-0.7399022
692.8512,693.5911,-0.7399281
692.8512,693.5912,-0.7399617
692.8512,693.5912,-0.7399924
692.8512,693.5912,-0.7400287
692.8512,693.5913,-0.7400525
692.8512,693.5913,-0.7400555
692.8512,693.5913,-0.7400734
692.8512,693.5913,-0.7401308
692.8512,693.5913,-0.7401412
692.8512,693.5914,-0.7401846
692.8512,693.5915,-0.7402591
692.8512,693.5915,-0.7403147
692.8512,693.5915,-0.7403299
692.8512,693.5916,-0.7403633
692.8512,693.5916,-0.7403708
692.8512,693.5917,-0.7404586
692.8512,693.5917,-0.7404763
692.8512,693.5917,-0.7404914
692.8512,693.5917,-0.7405252
692.8512,693.5917,-0.7405398
692.8512,693.5917,-0.7405427
692.8512,693.5918,-0.7406068
692.8512,693.5918,-0.7406322
692.8512,693.5919,-0.7406756
692.8512,693.5919,-0.740687
692.8512,693.5919,-0.7407492
692.8512,693.592,-0.7407602
692.8512,693.592,-0.7407767
692.8512,693.592,-0.7407785
692.8512,693.592,-0.7407799
692.8512,693.592,-0.7407946
692.8512,693.592,-0.7408272
692.8512,693.5921,-0.7408705
692.8512,693.5921,-0.740873
692.8512,693.5921,-0.7409091
692.8512,693.5921,-0.7409323
692.8512,693.5921,-0.7409476
692.8512,693.5922,-0.7409584
692.8512,693.5922,-0.7409824
692.8512,693.5922,-0.7410005
692.8512,693.5922,-0.7410375
692.8512,693.5922,-0.741045
692.8512,693.5922,-0.7410475
692.8512,693.5923,-0.7410947
692.8512,693.5923,-0.7411105
692.8512,693.5923,-0.7411337
692.8512,693.5923,-0.7411367
692.8512,693.5923,-0.741148
692.8512,693.5923,-0.7411499
692.8512,693.5924,-0.7411754
692.8512,693.5924,-0.7411805
692.8512,693.5924,-0.7411867
692.8512,693.5924,-0.7411999
692.8512,693.5924,-0.741201
692.8512,693.5924,-0.7412148
692.8512,693.5924,-0.7412221
692.8512,693.5924,-0.7412279
692.8512,693.5924,-0.7412429
692.8512,693.5925,-0.7412502
692.8512,693.5925,-0.7412624
692.8512,693.5925,-0.7412642
692.8512,693.5925,-0.7412754
692.8512,693.5925,-0.7412881
692.8512,693.5925,-0.7412899
692.8512,693.5925,-0.7412916
692.8512,693.5925,-0.741315
692.8512,693.5925,-0.7413186
692.8512,693.5925,-0.7413223
692.8512,693.5926,-0.7414273
692.8512,693.5926,-0.7414446
692.8512,693.5927,-0.741462
692.8512,693.5927,-0.7414847
692.8512,693.5927,-0.7415104
692.8512,693.5927,-0.741526
692.8512,693.5927,-0.7415329
692.8512,693.5927,-0.7415426
692.8512,693.5927,-0.741546
692.8512,693.5928,-0.741572
692.8512,693.5928,-0.7415729
692.8512,693.5928,-0.7416082
692.8512,693.5928,-0.7416369
692.8512,693.5928,-0.741642
692.8512,693.5929,-0.7416635
692.8512,693.5929,-0.741687
692.8512,693.5929,-0.7416923
692.8512,693.5929,-0.7417241
692.8512,693.5929,-0.7417425
692.8512,693.593,-0.741753
692.8512,693.593,-0.7417733
692.8512,693.593,-0.7417803
692.8512,693.593,-0.7418425
692.8512,693.5931,-0.7418816
692.8512,693.5931,-0.7418961
692.8512,693.5931,-0.7419045
692.8512,693.5931,-0.7419118
692.8512,693.5931,-0.7419179
692.8512,693.5931,-0.7419325
692.8512,693.5931,-0.7419338
692.8512,693.5931,-0.7419415
692.8512,693.5932,-0.741955
692.8512,693.5932,-0.7419736
692.8512,693.5932,-0.7420164
692.8512,693.5932,-0.742024
692.8512,693.5932,-0.7420324
692.8512,693.5933,-0.742051
692.8512,693.5933,-0.7420707
692.8512,693.5933,-0.7420819
692.8512,693.5933,-0.7420826
692.8512,693.5933,-0.7420868
692.8512,693.5933,-0.7420879
692.8512,693.5933,-0.7421192
692.8512,693.5934,-0.7421632
692.8512,693.5934,-0.7421872
692.8512,693.5934,-0.7421947
692.8512,693.5934,-0.7422076
692.8512,693.5934,-0.742235
692.8512,693.5934,-0.7422466
692.8512,693.5935,-0.7422508
692.8512,693.5935,-0.7423106
692.8512,693.5935,-0.7423112
692.8512,693.5935,-0.7423344
692.8512,693.5936,-0.7423523
692.8512,693.5936,-0.7423772
692.8512,693.5936,-0.7424085
692.8512,693.5936,-0.74241
692.8512,693.5936,-0.7424112
692.8512,693.5936,-0.7424235
692.8512,693.5936,-0.7424271
692.8512,693.5936,-0.7424443
692.8512,693.5937,-0.7424778
692.8512,693.5937,-0.7424964
692.8512,693.5937,-0.7425253
692.8512,693.5937,-0.7425276
692.8512,693.5937,-0.742528
692.8512,693.5937,-0.7425403
692.8512,693.5937,-0.7425474
692.8512,693.5937,-0.7425482
692.8512,693.5938,-0.742552
692.8512,693.5938,-0.7425555
692.8512,693.5938,-0.7426177
692.8512,693.5938,-0.7426234
692.8512,693.5938,-0.7426356
692.8512,693.5939,-0.7426595
692.8512,693.5939,-0.74269
692.8512,693.5939,-0.7427076
692.8512,693.5939,-0.7427298
692.8512,693.594,-0.7427842
692.8512,693.594,-0.7428066
692.8512,693.594,-0.7428201
692.8512,693.594,-0.7428213
692.8512,693.594,-0.742823
692.8512,693.5941,-0.7428636
692.8512,693.5941,-0.7428742
692.8512,693.5942,-0.7429529
692.8512,693.5942,-0.7429539
692.8512,693.5942,-0.7429725
692.8512,693.5942,-0.7429828
692.8512,693.5942,-0.742983
692.8512,693.5942,-0.7430071
692.8512,693.5942,-0.7430125
692.8512,693.5942,-0.7430166
692.8512,693.5942,-0.7430219
692.8512,693.5942,-0.7430304
692.8512,693.5942,-0.7430455
692.8512,693.5943,-0.7430647
692.8512,693.5943,-0.7430734
692.8512,693.5943,-0.7430756
692.8512,693.5943,-0.7431096
692.8512,693.5943,-0.7431109
692.8512,693.5943,-0.7431224
692.8512,693.5943,-0.743149
692.8512,693.5944,-0.7431531
692.8512,693.5944,-0.7431573
692.8512,693.5944,-0.7431644
692.8512,693.5944,-0.743166
692.8512,693.5944,-0.7431723
692.8512,693.5944,-0.7431818
692.8512,693.5944,-0.7431859
692.8512,693.5944,-0.7432031
692.8512,693.5944,-0.7432102
692.8512,693.5944,-0.7432142
692.8512,693.5944,-0.7432297
692.8512,693.5944,-0.7432359
692.8512,693.5944,-0.7432393
692.8512,693.5945,-0.7432592
692.8512,693.5945,-0.7432682
692.8512,693.5945,-0.7432828
692.8512,693.5945,-0.7433046
692.8512,693.5945,-0.7433092
692.8512,693.5945,-0.7433229
692.8512,693.5945,-0.7433241
692.8512,693.5946,-0.7433614
692.8512,693.5946,-0.743382
692.8512,693.5946,-0.7433844
692.8512,693.5946,-0.7433888
692.8512,693.5946,-0.7434099
692.8512,693.5946,-0.7434233
692.8512,693.5946,-0.7434277
692.8512,693.5946,-0.7434486
692.8512,693.5947,-0.7434715
692.8512,693.5947,-0.7434752
692.8512,693.5947,-0.7434862
692.8512,693.5947,-0.7434903
692.8512,693.5947,-0.7434955
692.8512,693.5947,-0.7435215
692.8512,693.5948,-0.7435501
692.8512,693.5948,-0.7435903
692.8512,693.5948,-0.7435921
692.8512,693.5948,-0.7435972
692.8512,693.5948,-0.7435978
692.8512,693.5948,-0.7436012
692.8512,693.5948,-0.7436227
692.8512,693.5948,-0.7436281
692.8512,693.5948,-0.7436329
692.8512,693.5948,-0.7436367
692.8512,693.5948,-0.743637
692.8512,693.5949,-0.7436728
692.8512,693.5949,-0.7436939
692.8512,693.5949,-0.7437317
692.8512,693.595,-0.7438053
692.8512,693.595,-0.7438317
692.8512,693.595,-0.7438321
692.8512,693.595,-0.7438389
692.8512,693.5951,-0.7438505
692.8512,693.5951,-0.7438664
692.8512,693.5951,-0.7438762
692.8512,693.5951,-0.7438831
692.8512,693.5951,-0.7438865
692.8512,693.5951,-0.743893
692.8512,693.5951,-0.7438965
692.8512,693.5951,-0.7439101
692.8512,693.5951,-0.7439162
692.8512,693.5951,-0.7439341
692.8512,693.5951,-0.74394
692.8512,693.5952,-0.7439606
692.8512,693.5952,-0.7439695
692.8512,693.5952,-0.7440072
692.8512,693.5952,-0.7440134
692.8512,693.5952,-0.7440225
692.8512,693.5953,-0.7440604
692.8512,693.5953,-0.744082
692.8512,693.5953,-0.7440829
692.8512,693.5953,-0.7441361
692.8512,693.5954,-0.7441582
692.8512,693.5954,-0.7441642
692.8512,693.5954,-0.7441653
692.8512,693.5954,-0.7441741
692.8512,693.5954,-0.7442166
692.8512,693.5954,-0.7442198
692.8512,693.5954,-0.7442484
692.8512,693.5954,-0.7442492
692.8512,693.5955,-0.7442583
692.8512,693.5955,-0.7442592
692.8512,693.5955,-0.7442599
692.8512,693.5955,-0.7442603
692.8512,693.5955,-0.7442622
692.8512,693.5955,-0.7442841
692.8512,693.5955,-0.7442925
692.8512,693.5955,-0.7443158
692.8512,693.5955,-0.7443205
692.8512,693.5955,-0.7443215
692.8512,693.5955,-0.7443227
692.8512,693.5955,-0.7443237
692.8512,693.5955,-0.7443284
692.8512,693.5956,-0.7443518
692.8512,693.5956,-0.7443572
692.8512,693.5956,-0.7443725
692.8512,693.5957,-0.7444599
692.8512,693.5957,-0.7444688
692.8512,693.5957,-0.7445117
692.8512,693.5957,-0.7445261
692.8512,693.5958,-0.7445509
692.8512,693.5958,-0.7445591
692.8512,693.5958,-0.7445655
692.8512,693.5958,-0.74458
692.8512,693.5958,-0.7445845
692.8512,693.5958,-0.7446319
692.8512,693.5959,-0.744708
692.8512,693.5959,-0.7447153
692.8512,693.5959,-0.7447222
692.8512,693.596,-0.7447642
692.8512,693.596,-0.7447947
692.8512,693.596,-0.744805
692.8512,693.596,-0.7448095
692.8512,693.596,-0.7448199
692.8512,693.596,-0.7448223
692.8512,693.596,-0.7448253
692.8512,693.596,-0.7448277
692.8512,693.596,-0.7448278
692.8512,693.596,-0.744832
692.8512,693.5961,-0.7448662
692.8512,693.5961,-0.7448851
692.8512,693.5961,-0.7448857
692.8512,693.5961,-0.7448992
692.8512,693.5961,-0.7449171
692.8512,693.5961,-0.7449327
692.8512,693.5961,-0.7449374
692.8512,693.5962,-0.7450196
692.8512,693.5963,-0.745076
692.8512,693.5963,-0.7450941
692.8512,693.5963,-0.7450982
692.8512,693.5963,-0.7451214
692.8512,693.5963,-0.7451362
692.8512,693.5963,-0.7451369
692.8512,693.5963,-0.7451463
692.8512,693.5964,-0.7451606
692.8512,693.5964,-0.745213
692.8512,693.5965,-0.7452842
692.8512,693.5965,-0.7453157
692.8512,693.5965,-0.7453458
692.8512,693.5966,-0.7453524
692.8512,693.5966,-0.7454173
692.8512,693.5966,-0.7454241
692.8512,693.5967,-0.745471
692.8512,693.5967,-0.7454816
692.8512,693.5967,-0.7454947
692.8512,693.5967,-0.745514
692.8512,693.5968,-0.7455741
692.8512,693.5968,-0.7456441
692.8512,693.5969,-0.7456602
692.8512,693.5969,-0.7456812
692.8512,693.5969,-0.7456975
692.8512,693.5969,-0.7457028
692.8512,693.597,-0.745784
692.8512,693.597,-0.7458363
692.8512,693.5972,-0.7460431
692.8512,693.5973,-0.7460543
692.8512,693.5973,-0.7460632
692.8512,693.5973,-0.7460716
692.8512,693.5974,-0.7462002
692.8512,693.5974,-0.746215
692.8512,693.5974,-0.7462358
692.8512,693.5975,-0.7463102
692.8512,693.5976,-0.7463504
692.8512,693.5976,-0.7463521
692.8512,693.5976,-0.7463885
692.8512,693.5976,-0.7463988
692.8512,693.5977,-0.74646
692.8512,693.5977,-0.7464733
692.8512,693.5977,-0.7464828
692.8512,693.5977,-0.7465087
692.8512,693.5977,-0.746525
692.8512,693.5978,-0.7465916
692.8512,693.5978,-0.7466238
692.8512,693.5979,-0.7466904
692.8512,693.598,-0.7467942
692.8512,693.598,-0.7468051
692.8512,693.598,-0.7468323
692.8512,693.5981,-0.7469038
692.8512,693.5981,-0.7469057
692.8512,693.5981,-0.746937
692.8512,693.5982,-0.7469916
692.8512,693.5984,-0.7472339
692.8512,693.5984,-0.7472478
692.8512,693.5985,-0.7472683
692.8512,693.5986,-0.7473814
692.8512,693.5986,-0.7473986
692.8512,693.5987,-0.7474893
692.8512,693.599,-0.7478001
692.8512,693.5991,-0.7478511
692.8512,693.5991,-0.747882
692.8512,693.5991,-0.7478847
692.8512,693.5992,-0.7479851
692.8512,693.5996,-0.7483819
692.8512,693.5996,-0.7484265
692.8512,693.5996,-0.7484306
692.8512,693.5997,-0.7484582
692.8512,693.5998,-0.7485666
692.8512,693.5998,-0.7486304
692.8512,693.6,-0.7488239
692.8512,693.6001,-0.7489302
692.8512,693.6009,-0.7496978
692.8512,693.6021,-0.7508621
692.8512,693.6023,-0.7510927
692.8512,693.6025,-0.751302
692.8512,693.6027,-0.751474
692.8512,693.6028,-0.7515723
692.8512,693.6031,-0.7518945
692.8512,693.6039,-0.752701
692.8512,693.6041,-0.7529487
692.8512,693.6045,-0.753263
692.8512,693.6066,-0.7553863
692.8512,693.6073,-0.7561421
692.8512,693.6073,-0.7561457
692.8512,693.6084,-0.7572361
692.8512,693.6086,-0.7573587
692.8512,693.6087,-0.7575374
692.8512,693.609,-0.7578001
692.8512,693.6098,-0.7585883
692.8512,693.6098,-0.7585963
692.8512,693.6098,-0.7586001
692.8512,693.6101,-0.7589316
692.8512,693.6102,-0.7590087
692.8512,693.6102,-0.7590366
692.8512,693.6106,-0.7594209
692.8512,693.6107,-0.7594516
692.8512,693.6107,-0.7594998
692.8512,693.6107,-0.7595246
692.8512,693.6109,-0.7596824
692.8512,693.6109,-0.7597267
692.8512,693.611,-0.7598066
692.8512,693.6111,-0.7599148
692.8512,693.6112,-0.7599719
692.8512,693.6113,-0.7601385
692.8512,693.6115,-0.760331
692.8512,693.6115,-0.7603422
692.8512,693.6116,-0.7604013
692.8512,693.6117,-0.7605351
692.8512,693.6118,-0.7605705
692.8512,693.6118,-0.7605956
692.8512,693.6118,-0.7606034
692.8512,693.6118,-0.7606467
692.8512,693.6122,-0.7610346
692.8512,693.6124,-0.7612008
692.8512,693.6124,-0.7612309
692.8512,693.6125,-0.7613028
692.8512,693.6128,-0.7615832
692.8512,693.613,-0.7617538
692.8512,693.613,-0.7617664
692.8512,693.613,-0.7618343
692.8512,693.6131,-0.7618712
692.8512,693.6131,-0.7618733
692.8512,693.6131,-0.7618988
692.8512,693.6132,-0.7620061
692.8512,693.6133,-0.762082
692.8512,693.6133,-0.762142
692.8512,693.6135,-0.7622647
692.8512,693.6135,-0.7623252
692.8512,693.6136,-0.762386
692.8512,693.6136,-0.7623903
692.8512,693.6136,-0.7624374
692.8512,693.6137,-0.7625397
692.8512,693.614,-0.762805
692.8512,693.6141,-0.7628911
692.8512,693.6142,-0.7629869
692.8512,693.6143,-0.763066
692.8512,693.6143,-0.7631055
692.8512,693.6144,-0.7631759
692.8512,693.615,-0.7637562
692.8512,693.6159,-0.7647027
692.8512,693.616,-0.764839
692.8512,693.616,-0.7648392
692.8512,693.6162,-0.7650148
692.8512,693.6164,-0.7652349
692.8512,693.6172,-0.7660407
692.8512,693.6182,-0.7669784
692.8512,693.6184,-0.7672242
692.8512,693.6189,-0.7676828
692.8512,693.6192,-0.7680381
692.8512,693.6193,-0.7680552
692.8512,693.6196,-0.7683811
692.8512,693.6197,-0.7684631
692.8512,693.6199,-0.7686824
692.8512,693.6209,-0.7697441
692.8512,693.6214,-0.7702211
692.8512,693.6226,-0.7714256
692.8512,693.6227,-0.7714854
692.8512,693.6229,-0.7716505
692.8512,693.6236,-0.772381
692.8512,693.6247,-0.7735271
692.8512,693.6293,-0.7780597
692.8512,693.6294,-0.7781538
692.8512,693.6296,-0.7783887
692.8512,693.6326,-0.7814311
692.8512,693.6337,-0.7824741
692.8512,693.6358,-0.7845799
692.8512,693.6389,-0.7877049
692.8512,693.64,-0.7887588
692.8512,693.6403,-0.7891411
692.8512,693.6404,-0.7892091
692.8512,693.6415,-0.7903391
692.8512,693.6422,-0.7909908
692.8512,693.6423,-0.7911227
692.8512,693.6442,-0.7930476
692.8512,693.6445,-0.7933066
692.8512,693.6487,-0.7974878
692.8512,693.6487,-0.7975039
692.8512,693.6489,-0.7976633
692.8512,693.6495,-0.7982789
692.8512,693.6499,-0.7987102
692.8512,693.65,-0.7988208
692.8512,693.6501,-0.7988936
692.8512,693.6503,-0.7991495
692.8512,693.6508,-0.7995811
692.8512,693.6508,-0.7996391
692.8512,693.6509,-0.7996764
692.8512,693.651,-0.7997884
692.8512,693.6514,-0.8001685
692.8512,693.6514,-0.8002264
692.8512,693.6515,-0.8002895
692.8512,693.6518,-0.800563
692.8512,693.6519,-0.8007185
692.8512,693.6522,-0.8009675
692.8512,693.6524,-0.8011792
692.8512,693.6524,-0.8011846
692.8512,693.6525,-0.801286
692.8512,693.6525,-0.8013412
692.8512,693.6526,-0.8014184
692.8512,693.6529,-0.8016997
692.8512,693.6529,-0.8017218
692.8512,693.6529,-0.8017374
692.8512,693.6532,-0.8019988
692.8512,693.6532,-0.8020209
692.8512,693.6532,-0.8020415
692.8512,693.6533,-0.8020583
692.8512,693.6533,-0.8020776
692.8512,693.6533,-0.8021017
692.8512,693.6533,-0.802128
692.8512,693.6534,-0.8021955
692.8512,693.6535,-0.8022675
692.8512,693.6535,-0.802284
692.8512,693.6535,-0.8022968
692.8512,693.6535,-0.8023343
692.8512,693.6536,-0.8023632
692.8512,693.6536,-0.8024098
692.8512,693.6537,-0.8024539
692.8512,693.6541,-0.802867
692.8512,693.6541,-0.8028955
692.8512,693.6541,-0.8029428
692.8512,693.6542,-0.8029924
692.8512,693.6542,-0.8030133
692.8512,693.6543,-0.803101
692.8512,693.6545,-0.8032949
692.8512,693.6545,-0.8033294
692.8512,693.6546,-0.8033624
692.8512,693.6546,-0.8033676
692.8512,693.6546,-0.8034239
692.8512,693.6546,-0.8034496
692.8512,693.6547,-0.8034624
692.8512,693.6547,-0.803475
692.8512,693.6547,-0.8035122
692.8512,693.6548,-0.8035806
692.8512,693.6548,-0.8036006
692.8512,693.6548,-0.8036389
692.8512,693.6549,-0.8036775
692.8512,693.6549,-0.8036874
692.8512,693.6549,-0.8036948
692.8512,693.655,-0.803758
692.8512,693.655,-0.8037656
692.8512,693.655,-0.8037782
692.8512,693.655,-0.8037892
692.8512,693.655,-0.8038188
692.8512,693.655,-0.803837
692.8512,693.655,-0.8038473
692.8512,693.6551,-0.8038637
692.8512,693.6551,-0.8038874
692.8512,693.6551,-0.8039152
692.8512,693.6552,-0.8039545
692.8512,693.6553,-0.8040721
692.8512,693.6553,-0.8041034
692.8512,693.6553,-0.8041269
692.8512,693.6554,-0.8042026
692.8512,693.6554,-0.8042121
692.8512,693.6554,-0.8042249
692.8512,693.6555,-0.804322
692.8512,693.6555,-0.8043465
692.8512,693.6556,-0.8043502
692.8512,693.6556,-0.8043608
692.8512,693.6556,-0.8043609
692.8512,693.6556,-0.8043678
692.8512,693.6556,-0.8043865
692.8512,693.6556,-0.8043936
692.8512,693.6556,-0.8043993
692.8512,693.6556,-0.8044333
692.8512,693.6556,-0.8044445
692.8512,693.6557,-0.8044783
692.8512,693.6557,-0.8044963
692.8512,693.6557,-0.8045181
692.8512,693.6558,-0.804554
692.8512,693.6558,-0.8045856
692.8512,693.6559,-0.8046594
692.8512,693.6559,-0.804674
692.8512,693.6559,-0.8046978
692.8512,693.6559,-0.8047057
692.8512,693.6559,-0.8047066
692.8512,693.6559,-0.8047215
692.8512,693.6559,-0.8047272
692.8512,693.6559,-0.8047369
692.8512,693.6559,-0.8047429
692.8512,693.656,-0.804756
692.8512,693.656,-0.8047588
692.8512,693.656,-0.8047635
692.8512,693.656,-0.8047747
692.8512,693.656,-0.8047753
692.8512,693.656,-0.8047859
692.8512,693.656,-0.8047993
692.8512,693.656,-0.8048252
692.8512,693.656,-0.8048253
692.8512,693.656,-0.8048391
692.8512,693.6561,-0.8048526
692.8512,693.6561,-0.8048673
692.8512,693.6561,-0.8048779
692.8512,693.6561,-0.8048842
692.8512,693.6561,-0.8048916
692.8512,693.6561,-0.8049093
692.8512,693.6561,-0.804913
692.8512,693.6561,-0.8049385
692.8512,693.6562,-0.8050067
692.8512,693.6562,-0.8050101
692.8512,693.6562,-0.8050262
692.8512,693.6563,-0.8050825
692.8512,693.6563,-0.8050838
692.8512,693.6563,-0.805149
692.8512,693.6563,-0.8051498
692.8512,693.6564,-0.8051564
692.8512,693.6564,-0.8051682
692.8512,693.6564,-0.8052118
692.8512,693.6564,-0.8052243
692.8512,693.6564,-0.8052363
692.8512,693.6565,-0.8052512
692.8512,693.6565,-0.8052753
692.8512,693.6565,-0.8052848
692.8512,693.6565,-0.8053109
692.8512,693.6565,-0.8053308
692.8512,693.6565,-0.8053475
692.8512,693.6566,-0.805364
692.8512,693.6566,-0.80537
692.8512,693.6566,-0.8053945
692.8512,693.6566,-0.8054036
692.8512,693.6566,-0.805408
692.8512,693.6566,-0.805419
692.8512,693.6566,-0.8054203
692.8512,693.6566,-0.8054246
692.8512,693.6566,-0.8054403
692.8512,693.6567,-0.8054538
692.8512,693.6567,-0.805455
692.8512,693.6567,-0.8054613
692.8512,693.6567,-0.8054629
692.8512,693.6567,-0.8054797
692.8512,693.6567,-0.8054964
692.8512,693.6567,-0.8055062
692.8512,693.6567,-0.8055184
692.8512,693.6567,-0.8055285
692.8512,693.6567,-0.8055324
692.8512,693.6567,-0.8055327
692.8512,693.6567,-0.805533
692.8512,693.6567,-0.8055343
692.8512,693.6568,-0.8055538
692.8512,693.6568,-0.8055579
692.8512,693.6568,-0.8055622
692.8512,693.6568,-0.8055738
692.8512,693.6568,-0.8055818
692.8512,693.6568,-0.8056135
692.8512,693.6568,-0.8056178
692.8512,693.6568,-0.8056417
692.8512,693.6569,-0.8056537
692.8512,693.6569,-0.8056598
692.8512,693.6569,-0.8056601
692.8512,693.6569,-0.8056647
692.8512,693.6569,-0.8056689
692.8512,693.6569,-0.805669
692.8512,693.6569,-0.8056733
692.8512,693.6569,-0.8056772
692.8512,693.6569,-0.8056944
692.8512,693.6569,-0.8056999
692.8512,693.6569,-0.8057334
692.8512,693.6569,-0.8057368
692.8512,693.657,-0.8057642
692.8512,693.657,-0.8057676
692.8512,693.657,-0.80577
692.8512,693.657,-0.8057748
692.8512,693.657,-0.8057801
692.8512,693.657,-0.8057952
692.8512,693.657,-0.805807
692.8512,693.657,-0.8058142
692.8512,693.657,-0.8058157
692.8512,693.657,-0.8058162
692.8512,693.657,-0.8058215
692.8512,693.657,-0.8058309
692.8512,693.657,-0.8058366
692.8512,693.657,-0.8058459
692.8512,693.6571,-0.8058584
692.8512,693.6571,-0.8058663
692.8512,693.6571,-0.8058759
692.8512,693.6571,-0.8058928
692.8512,693.6571,-0.8058962
692.8512,693.6571,-0.8059045
692.8512,693.6571,-0.8059099
692.8512,693.6571,-0.805919
692.8512,693.6571,-0.8059208
692.8512,693.6571,-0.8059299
692.8512,693.6571,-0.8059367
692.8512,693.6571,-0.8059394
692.8512,693.6572,-0.8059615
692.8512,693.6572,-0.8059768
692.8512,693.6572,-0.8059962
692.8512,693.6572,-0.8059981
692.8512,693.6572,-0.8060008
692.8512,693.6572,-0.8060071
692.8512,693.6572,-0.8060093
692.8512,693.6572,-0.8060292
692.8512,693.6572,-0.8060334
692.8512,693.6572,-0.8060343
692.8512,693.6572,-0.8060381
692.8512,693.6572,-0.8060405
692.8512,693.6572,-0.8060406
692.8512,693.6572,-0.806046
692.8512,693.6572,-0.8060463
692.8512,693.6573,-0.8060687
692.8512,693.6573,-0.8060763
692.8512,693.6573,-0.8060818
692.8512,693.6573,-0.8060877
692.8512,693.6573,-0.80609
692.8512,693.6573,-0.8061035
692.8512,693.6573,-0.80611
692.8512,693.6573,-0.8061175
692.8512,693.6573,-0.8061176
692.8512,693.6573,-0.8061279
692.8512,693.6573,-0.8061286
692.8512,693.6573,-0.8061301
692.8512,693.6573,-0.8061322
692.8512,693.6573,-0.8061461
692.8512,693.6573,-0.8061484
692.8512,693.6574,-0.8061519
692.8512,693.6574,-0.806152
692.8512,693.6574,-0.8061594
692.8512,693.6574,-0.8061943
692.8512,693.6574,-0.8062021
692.8512,693.6574,-0.8062031
692.8512,693.6574,-0.8062153
692.8512,693.6575,-0.8062583
692.8512,693.6575,-0.8062784
692.8512,693.6575,-0.8062816
692.8512,693.6575,-0.8062987
692.8512,693.6575,-0.8062996
692.8512,693.6575,-0.8063351
692.8512,693.6575,-0.8063413
692.8512,693.6575,-0.806346
692.8512,693.6576,-0.8063582
692.8512,693.6576,-0.8063902
692.8512,693.6576,-0.8064034
692.8512,693.6576,-0.8064051
692.8512,693.6576,-0.8064176
692.8512,693.6576,-0.8064216
692.8512,693.6577,-0.8064506
692.8512,693.6577,-0.8064542
692.8512,693.6577,-0.806473
692.8512,693.6577,-0.8064795
692.8512,693.6577,-0.8064911
692.8512,693.6577,-0.8064982
692.8512,693.6577,-0.8064989
692.8512,693.6577,-0.8065043
692.8512,693.6577,-0.8065062
692.8512,693.6577,-0.8065111
692.8512,693.6577,-0.8065136
692.8512,693.6577,-0.8065358
692.8512,693.6577,-0.806544
692.8512,693.6577,-0.8065496
692.8512,693.6578,-0.8065525
692.8512,693.6578,-0.8065602
692.8512,693.6578,-0.8065636
692.8512,693.6578,-0.8065682
692.8512,693.6578,-0.8065788
692.8512,693.6578,-0.8065972
692.8512,693.6578,-0.8066031
692.8512,693.6578,-0.8066068
692.8512,693.6578,-0.8066133
692.8512,693.6578,-0.8066424
692.8512,693.6578,-0.806645
692.8512,693.6578,-0.8066451
692.8512,693.6579,-0.8066854
692.8512,693.6579,-0.8066887
692.8512,693.6579,-0.8066889
692.8512,693.6579,-0.8066929
692.8512,693.6579,-0.8067181
692.8512,693.6579,-0.8067387
692.8512,693.6579,-0.8067479
692.8512,693.658,-0.8067551
692.8512,693.658,-0.8067649
692.8512,693.658,-0.8067849
692.8512,693.658,-0.8067853
692.8512,693.658,-0.8067973
692.8512,693.658,-0.8068222
692.8512,693.658,-0.8068362
692.8512,693.658,-0.8068406
692.8512,693.658,-0.806843
692.8512,693.658,-0.8068454
692.8512,693.6581,-0.8068505
692.8512,693.6581,-0.8068536
692.8512,693.6581,-0.8068762
692.8512,693.6581,-0.8068771
692.8512,693.6581,-0.8068847
692.8512,693.6581,-0.8069075
692.8512,693.6581,-0.8069087
692.8512,693.6581,-0.8069213
692.8512,693.6581,-0.8069224
692.8512,693.6581,-0.8069341
692.8512,693.6582,-0.8069588
692.8512,693.6582,-0.8069596
692.8512,693.6582,-0.8069746
692.8512,693.6582,-0.8069833
692.8512,693.6582,-0.8070049
692.8512,693.6582,-0.8070061
692.8512,693.6582,-0.8070068
692.8512,693.6582,-0.8070153
692.8512,693.6582,-0.8070187
692.8512,693.6582,-0.8070213
692.8512,693.6582,-0.8070382
692.8512,693.6582,-0.807044
692.8512,693.6582,-0.8070442
692.8512,693.6582,-0.807049
692.8512,693.6583,-0.8070523
692.8512,693.6583,-0.8070751
692.8512,693.6583,-0.8070799
692.8512,693.6583,-0.8070831
692.8512,693.6583,-0.8071242
692.8512,693.6583,-0.8071276
692.8512,693.6584,-0.8072223
692.8512,693.6584,-0.8072243
692.8512,693.6584,-0.8072312
692.8512,693.6584,-0.8072324
692.8512,693.6584,-0.8072447
692.8512,693.6585,-0.8072543
692.8512,693.6585,-0.8072847
692.8512,693.6585,-0.8073068
692.8512,693.6585,-0.8073073
692.8512,693.6585,-0.8073174
692.8512,693.6585,-0.807335
692.8512,693.6585,-0.8073397
692.8512,693.6586,-0.8073712
692.8512,693.6586,-0.8073725
692.8512,693.6586,-0.8073877
692.8512,693.6586,-0.8074011
692.8512,693.6586,-0.807402
692.8512,693.6586,-0.8074172
692.8512,693.6586,-0.8074341
692.8512,693.6586,-0.8074377
692.8512,693.6586,-0.8074475
692.8512,693.6587,-0.8074552
692.8512,693.6587,-0.8074896
692.8512,693.6587,-0.8075024
692.8512,693.6587,-0.8075115
692.8512,693.6587,-0.8075126
692.8512,693.6587,-0.8075258
692.8512,693.6587,-0.8075438
692.8512,693.6588,-0.8075547
692.8512,693.6588,-0.8075608
692.8512,693.6588,-0.8075687
692.8512,693.6588,-0.807594
692.8512,693.6588,-0.8075998
692.8512,693.6588,-0.8076198
692.8512,693.6588,-0.8076205
692.8512,693.6588,-0.807631
692.8512,693.6588,-0.8076345
692.8512,693.6588,-0.8076386
692.8512,693.6588,-0.8076387
692.8512,693.6589,-0.8076533
692.8512,693.6589,-0.8077002
692.8512,693.6589,-0.8077208
692.8512,693.659,-0.8077543
692.8512,693.659,-0.8077694
692.8512,693.659,-0.8077876
692.8512,693.659,-0.8077964
692.8512,693.659,-0.8077976
692.8512,693.659,-0.8078135
692.8512,693.6591,-0.8078636
692.8512,693.6591,-0.8078895
692.8512,693.6591,-0.8078918
692.8512,693.6591,-0.8079424
692.8512,693.6592,-0.8079526
692.8512,693.6592,-0.8080169
692.8512,693.6592,-0.8080381
692.8512,693.6592,-0.8080442
692.8512,693.6593,-0.8080578
692.8512,693.6593,-0.808078
692.8512,693.6593,-0.8080933
692.8512,693.6593,-0.8081035
692.8512,693.6593,-0.8081079
692.8512,693.6593,-0.8081159
692.8512,693.6593,-0.8081207
692.8512,693.6593,-0.8081313
692.8512,693.6593,-0.8081424
692.8512,693.6593,-0.8081476
692.8512,693.6594,-0.8081523
692.8512,693.6594,-0.8081868
692.8512,693.6594,-0.8081889
692.8512,693.6594,-0.8082445
692.8512,693.6594,-0.8082465
692.8512,693.6595,-0.80826
692.8512,693.6595,-0.8082745
692.8512,693.6595,-0.8082783
692.8512,693.6595,-0.8082877
692.8512,693.6595,-0.808294
692.8512,693.6595,-0.8083336
692.8512,693.6596,-0.8083543
692.8512,693.6596,-0.808375
692.8512,693.6596,-0.8083901
692.8512,693.6596,-0.808433
692.8512,693.6597,-0.8084569
692.8512,693.6597,-0.8084664
692.8512,693.6597,-0.8084924
692.8512,693.6597,-0.8084937
692.8512,693.6597,-0.8085021
692.8512,693.6597,-0.8085091
692.8512,693.6597,-0.808522
692.8512,693.6598,-0.8085558
692.8512,693.6598,-0.8085746
692.8512,693.6598,-0.8085751
692.8512,693.6598,-0.808607
692.8512,693.6598,-0.8086234
692.8512,693.6598,-0.8086438
692.8512,693.6599,-0.808701
692.8512,693.6599,-0.8087015
692.8512,693.6599,-0.8087354
692.8512,693.6599,-0.8087397
692.8512,693.66,-0.8087531
692.8512,693.66,-0.8087777
692.8512,693.66,-0.8088286
692.8512,693.66,-0.8088351
692.8512,693.6601,-0.808855
692.8512,693.6601,-0.8088676
692.8512,693.6601,-0.8088699
692.8512,693.6601,-0.8088912
692.8512,693.6601,-0.8089046
692.8512,693.6601,-0.808905
692.8512,693.6601,-0.8089199
692.8512,693.6601,-0.8089311
692.8512,693.6601,-0.8089335
692.8512,693.6601,-0.8089487
692.8512,693.6602,-0.8089653
692.8512,693.6602,-0.8090214
692.8512,693.6602,-0.8090336
692.8512,693.6603,-0.80906
692.8512,693.6603,-0.8090679
692.8512,693.6603,-0.8090804
692.8512,693.6603,-0.8091139
692.8512,693.6604,-0.8091506
692.8512,693.6604,-0.809161
692.8512,693.6604,-0.8091614
692.8512,693.6604,-0.809166
692.8512,693.6604,-0.8091672
692.8512,693.6604,-0.8091762
692.8512,693.6604,-0.8092059
692.8512,693.6604,-0.8092059
692.8512,693.6605,-0.8092551
692.8512,693.6605,-0.809264
692.8512,693.6605,-0.8092843
692.8512,693.6605,-0.8092873
692.8512,693.6605,-0.8092956
692.8512,693.6605,-0.8093128
692.8512,693.6605,-0.8093182
692.8512,693.6605,-0.8093382
692.8512,693.6605,-0.8093491
692.8512,693.6606,-0.809437
692.8512,693.6607,-0.8094793
692.8512,693.6607,-0.8095021
692.8512,693.6607,-0.8095046
692.8512,693.6608,-0.8095635
692.8512,693.6608,-0.8096024
692.8512,693.6609,-0.8096511
692.8512,693.6609,-0.8097182
692.8512,693.6609,-0.8097275
692.8512,693.661,-0.8097591
692.8512,693.661,-0.8097831
692.8512,693.661,-0.809825
692.8512,693.6611,-0.8098633
692.8512,693.6611,-0.8098748
692.8512,693.6611,-0.8098754
692.8512,693.6611,-0.8099442
692.8512,693.6612,-0.809979
692.8512,693.6612,-0.80999
692.8512,693.6612,-0.8100043
692.8512,693.6613,-0.8101406
692.8512,693.6614,-0.810177
692.8512,693.6614,-0.8101857
692.8512,693.6614,-0.8102435
692.8512,693.6616,-0.8103737
692.8512,693.6616,-0.8104013
692.8512,693.6616,-0.8104188
692.8512,693.6617,-0.8104616
692.8512,693.6617,-0.8104765
692.8512,693.6618,-0.8106233
692.8512,693.662,-0.8107519
692.8512,693.6623,-0.8111126
692.8512,693.6626,-0.8114199
692.8512,693.6627,-0.8114516
692.8512,693.6627,-0.8115227
692.8512,693.663,-0.8117594
692.8512,693.663,-0.8117891
692.8512,693.6631,-0.8118795
692.8512,693.6631,-0.811946
692.8512,693.6632,-0.8120014
692.8512,693.6632,-0.8120088
692.8512,693.6632,-0.8120432
692.8512,693.6633,-0.8120697
692.8512,693.6633,-0.8121488
692.8512,693.6634,-0.8121911
692.8512,693.6635,-0.8122635
692.8512,693.6636,-0.8123766
692.8512,693.6637,-0.8124553
692.8512,693.6638,-0.81256
692.8512,693.6638,-0.8126369
692.8512,693.6639,-0.812698
692.8512,693.664,-0.8128039
692.8512,693.664,-0.8128393
692.8512,693.6641,-0.8128961
692.8512,693.6642,-0.8130198
692.8512,693.6644,-0.8131506
692.8512,693.6644,-0.8132148
692.8512,693.6647,-0.8134507
692.8512,693.6647,-0.8134802
692.8512,693.6648,-0.8136166
692.8512,693.6653,-0.8140685
692.8512,693.6654,-0.8142081
692.8512,693.6655,-0.8143248
692.8512,693.666,-0.8148375
692.8512,693.6663,-0.8150961
692.8512,693.6665,-0.8152945
692.8512,693.6679,-0.816699
692.8512,693.6679,-0.8167132
692.8512,693.6686,-0.8174192
692.8512,693.6687,-0.8174709
692.8512,693.6688,-0.8175572
692.8512,693.6688,-0.8175825
692.8512,693.6694,-0.8181558
692.8512,693.6694,-0.818219
692.8512,693.6697,-0.8184671
692.8512,693.6697,-0.8185176
692.8512,693.6698,-0.8185544
692.8512,693.6698,-0.8185911
692.8512,693.6699,-0.818687
692.8512,693.67,-0.8188319
692.8512,693.67,-0.818839
692.8512,693.6703,-0.8191223
692.8512,693.6713,-0.8200617
692.8512,693.6717,-0.8205353
692.8512,693.6721,-0.8209285
692.8512,693.6722,-0.8210107
692.8512,693.6723,-0.8211286
692.8512,693.6723,-0.8211335
692.8512,693.6724,-0.82117
692.8512,693.6724,-0.8212097
692.8512,693.6727,-0.8215449
692.8512,693.6728,-0.8215678
692.8512,693.673,-0.8218499
692.8512,693.6731,-0.8218562
692.8512,693.6738,-0.8226223
692.8512,693.6739,-0.822733
692.8512,693.6743,-0.8230534
692.8512,693.6744,-0.823171
692.8512,693.6744,-0.8232194
692.8512,693.6744,-0.8232487
692.8512,693.6746,-0.8234455
692.8512,693.6749,-0.8237452
692.8512,693.675,-0.8238225
692.8512,693.6752,-0.824046
692.8512,693.6756,-0.8244437
692.8512,693.676,-0.8248146
692.8512,693.6765,-0.8253033
692.8512,693.6766,-0.82544
692.8512,693.6768,-0.8256198
692.8512,693.6773,-0.8261429
692.8512,693.6774,-0.8261644
692.8512,693.6776,-0.8264044
692.8512,693.6777,-0.8264532
692.8512,693.6779,-0.8266578
692.8512,693.678,-0.8267504
692.8512,693.6781,-0.8268547
692.8512,693.6782,-0.8270334
692.8512,693.6783,-0.8270783
692.8512,693.6786,-0.8273874
692.8512,693.6792,-0.8280064
692.8512,693.6793,-0.8281365
692.8512,693.6795,-0.8282744
692.8512,693.6797,-0.8284952
692.8512,693.6797,-0.8285005
692.8512,693.6804,-0.8292058
692.8512,693.6807,-0.8294866
692.8512,693.6808,-0.8295891
692.8512,693.6809,-0.8296992
692.8512,693.6809,-0.8297408
692.8512,693.681,-0.8297948
692.8512,693.6811,-0.8299002
692.8512,693.6811,-0.8299498
692.8512,693.6813,-0.8301181
692.8512,693.6814,-0.8302126
692.8512,693.6815,-0.830262
692.8512,693.6815,-0.830348
692.8512,693.6822,-0.8309984
692.8512,693.6825,-0.8312758
692.8512,693.6827,-0.8314958
692.8512,693.683,-0.8318055
692.8512,693.6831,-0.8319033
692.8512,693.6831,-0.8319325
692.8512,693.6832,-0.8320365
692.8512,693.6833,-0.8320597
692.8512,693.6834,-0.8322127
692.8512,693.6837,-0.8324727
692.8512,693.6837,-0.8324933
692.8512,693.6837,-0.8325458
692.8512,693.6839,-0.8327053
692.8512,693.6844,-0.8331898
692.8512,693.6844,-0.8331978
692.8512,693.6845,-0.8333049
692.8512,693.6847,-0.8334878
692.8512,693.6847,-0.8334997
692.8512,693.6849,-0.8337021
692.8512,693.685,-0.8337679
692.8512,693.685,-0.8338195
692.8512,693.6851,-0.8338759
692.8512,693.6852,-0.834038
692.8512,693.6853,-0.8341388
692.8512,693.6854,-0.8341992
692.8512,693.6856,-0.834358
692.8512,693.6856,-0.8344152
692.8512,693.6856,-0.8344173
692.8512,693.6857,-0.8344604
692.8512,693.6857,-0.8344739
692.8512,693.6858,-0.8345746
692.8512,693.6858,-0.8346085
692.8512,693.6859,-0.8347469
692.8512,693.6861,-0.8348603
692.8512,693.6861,-0.8349226
692.8512,693.6862,-0.8350218
692.8512,693.6862,-0.8350271
692.8512,693.6865,-0.8352939
692.8512,693.6869,-0.8357446
692.8512,693.6871,-0.8358589
692.8512,693.6872,-0.8359991
692.8512,693.6872,-0.8360251
692.8512,693.6872,-0.8360272
692.8512,693.6874,-0.83623
692.8512,693.6876,-0.836365
692.8512,693.6878,-0.8365702
692.8512,693.6878,-0.8365882
692.8512,693.6878,-0.8366236
692.8512,693.688,-0.8367561
692.8512,693.6883,-0.8370609
692.8512,693.6883,-0.8370924
692.8512,693.6887,-0.8375123
692.8512,693.6888,-0.8375808
692.8512,693.689,-0.8378494
692.8512,693.6892,-0.8380077
692.8512,693.6893,-0.8380936
692.8512,693.6895,-0.8382679
692.8512,693.6896,-0.8383718
692.8512,693.6896,-0.8384131
692.8512,693.6896,-0.8384383
692.8512,693.6897,-0.8385374
692.8512,693.6898,-0.8385793
692.8512,693.6903,-0.8390563
692.8512,693.6903,-0.839112
692.8512,693.6903,-0.8391348
692.8512,693.6904,-0.8391718
692.8512,693.6904,-0.8392167
692.8512,693.6904,-0.8392375
692.8512,693.6905,-0.8392771
692.8512,693.6907,-0.8395186
692.8512,693.6908,-0.8395987
692.8512,693.6908,-0.8396076
692.8512,693.6908,-0.8396264
692.8512,693.6908,-0.8396396
692.8512,693.6909,-0.8396988
692.8512,693.691,-0.839753
692.8512,693.691,-0.8397709
692.8512,693.6911,-0.8399008
692.8512,693.6911,-0.8399425
692.8512,693.6913,-0.8400817
692.8512,693.6915,-0.8402777
692.8512,693.6915,-0.8403198
692.8512,693.6916,-0.8403779
692.8512,693.6916,-0.8403999
692.8512,693.6916,-0.8404142
692.8512,693.6917,-0.8405211
692.8512,693.6918,-0.8406459
692.8512,693.6918,-0.8406486
692.8512,693.6919,-0.8406935
692.8512,693.6919,-0.8407061
692.8512,693.692,-0.8408076
692.8512,693.692,-0.8408125
692.8512,693.6921,-0.8408795
692.8512,693.6922,-0.8409678
692.8512,693.6922,-0.8409749
692.8512,693.6922,-0.8409952
692.8512,693.6922,-0.8410179
692.8512,693.6924,-0.8412329
692.8512,693.6926,-0.8413689
692.8512,693.6926,-0.8413791
692.8512,693.6928,-0.8416425
692.8512,693.6929,-0.8417276
692.8512,693.693,-0.8417644
692.8512,693.6934,-0.8422131
692.8512,693.6935,-0.8423163
692.8512,693.6935,-0.8423311
692.8512,693.6936,-0.8423618
692.8512,693.6937,-0.8424812
692.8512,693.6938,-0.8426418
692.8512,693.6938,-0.8426481
692.8512,693.6938,-0.8426492
692.8512,693.6939,-0.842694
692.8512,693.6942,-0.8429886
692.8512,693.6942,-0.8430364
692.8512,693.6945,-0.8433353
692.8512,693.6946,-0.8433533
692.8512,693.6946,-0.8434065
692.8512,693.6946,-0.843431
692.8512,693.6949,-0.843717
692.8512,693.695,-0.8438121
692.8512,693.6953,-0.8440713
692.8512,693.6954,-0.8442452
692.8512,693.6955,-0.8443126
692.8512,693.6956,-0.8444274
692.8512,693.6957,-0.8444893
692.8512,693.6958,-0.8446363
692.8512,693.6958,-0.8446379
692.8512,693.6959,-0.844662
692.8512,693.696,-0.8447675
692.8512,693.696,-0.8448408
692.8512,693.6962,-0.8449857
692.8512,693.6962,-0.8450471
692.8512,693.6963,-0.8450907
692.8512,693.6963,-0.8450942
692.8512,693.6963,-0.8451371
692.8512,693.6964,-0.8451684
692.8512,693.6964,-0.8452274
692.8512,693.6965,-0.8452659
692.8512,693.6965,-0.8452871
692.8512,693.6966,-0.8453966
692.8512,693.6968,-0.845554
692.8512,693.6969,-0.8457473
692.8512,693.697,-0.8457507
692.8512,693.697,-0.8458198
692.8512,693.6972,-0.8459767
692.8512,693.6972,-0.8460066
692.8512,693.6972,-0.8460179
692.8512,693.6972,-0.8460364
692.8512,693.6973,-0.8460625
692.8512,693.6973,-0.8461417
692.8512,693.6975,-0.8462574
692.8512,693.6979,-0.8466807
692.8512,693.6979,-0.8467276
692.8512,693.698,-0.8468302
692.8512,693.6981,-0.8469086
692.8512,693.6981,-0.8469498
692.8512,693.6982,-0.8470491
692.8512,693.6983,-0.8470525
692.8512,693.6983,-0.8471196
692.8512,693.6984,-0.8471575
692.8512,693.6984,-0.8472023
692.8512,693.6984,-0.847213
692.8512,693.6984,-0.8472359
692.8512,693.6985,-0.8472726
692.8512,693.6986,-0.8474089
692.8512,693.6986,-0.847416
692.8512,693.6986,-0.8474221
692.8512,693.6986,-0.8474472
692.8512,693.6987,-0.8474766
692.8512,693.6989,-0.8477349
692.8512,693.699,-0.847805
692.8512,693.6993,-0.8481291
692.8512,693.6997,-0.8484996
692.8512,693.6998,-0.8486224
692.8512,693.7,-0.8487606
692.8512,693.7001,-0.8488941
692.8512,693.7002,-0.848958
692.8512,693.7003,-0.849076
692.8512,693.7004,-0.8491692
692.8512,693.7004,-0.8491784
692.8512,693.7008,-0.8495977
692.8512,693.7009,-0.8496773
692.8512,693.7009,-0.8497172
692.8512,693.701,-0.8497884
692.8512,693.7013,-0.8500525
692.8512,693.7013,-0.8501366
692.8512,693.7014,-0.8501701
692.8512,693.7014,-0.8501848
692.8512,693.7014,-0.8502322
692.8512,693.7014,-0.8502469
692.8512,693.7015,-0.8502756
692.8512,693.7015,-0.8502907
692.8512,693.7016,-0.85035
692.8512,693.7016,-0.8503525
692.8512,693.7018,-0.8505532
692.8512,693.7018,-0.8506399
692.8512,693.7018,-0.8506455
692.8512,693.702,-0.8508176
692.8512,693.7021,-0.8509419
692.8512,693.7023,-0.8511034
692.8512,693.7024,-0.8511533
692.8512,693.7024,-0.8511647
692.8512,693.7024,-0.8511875
692.8512,693.7024,-0.8512093
692.8512,693.7026,-0.851371
692.8512,693.7026,-0.8513934
692.8512,693.7027,-0.8514833
692.8512,693.7027,-0.851511
692.8512,693.7028,-0.8515913
692.8512,693.7029,-0.851685
692.8512,693.7029,-0.8517474
692.8512,693.703,-0.8518129
692.8512,693.7031,-0.8519271
692.8512,693.7033,-0.8520998
692.8512,693.7033,-0.8521098
692.8512,693.7033,-0.8521332
692.8512,693.7034,-0.852197
692.8512,693.7034,-0.8522187
692.8512,693.7034,-0.8522221
692.8512,693.7035,-0.8523334
692.8512,693.7035,-0.8523334
692.8512,693.7035,-0.8523491
692.8512,693.7036,-0.8523728
692.8512,693.7036,-0.8523746
692.8512,693.7036,-0.8524236
692.8512,693.7037,-0.8524504
692.8512,693.7037,-0.8524576
692.8512,693.7038,-0.8525572
692.8512,693.7038,-0.8525659
692.8512,693.7038,-0.8525676
692.8512,693.7038,-0.8525714
692.8512,693.7038,-0.852591
692.8512,693.7038,-0.8525949
692.8512,693.7039,-0.8526772
692.8512,693.7039,-0.8526998
692.8512,693.7039,-0.8527195
692.8512,693.704,-0.8527553
692.8512,693.704,-0.8527558
692.8512,693.704,-0.852779
692.8512,693.704,-0.8528163
692.8512,693.704,-0.8528228
692.8512,693.704,-0.8528281
692.8512,693.704,-0.8528353
692.8512,693.704,-0.8528399
692.8512,693.7041,-0.8528534
692.8512,693.7041,-0.8529338
692.8512,693.7041,-0.8529371
692.8512,693.7041,-0.8529379
692.8512,693.7042,-0.8529539
692.8512,693.7043,-0.8530576
692.8512,693.7043,-0.8531167
692.8512,693.7044,-0.8531658
692.8512,693.7044,-0.8532032
692.8512,693.7044,-0.8532376
692.8512,693.7045,-0.8532987
692.8512,693.7045,-0.8533163
692.8512,693.7046,-0.8533525
692.8512,693.7047,-0.8534699
692.8512,693.7047,-0.8535422
692.8512,693.7048,-0.8535548
692.8512,693.7049,-0.8537482
692.8512,693.7051,-0.853867
692.8512,693.7051,-0.8538773
692.8512,693.7051,-0.8539122
692.8512,693.7051,-0.8539482
692.8512,693.7052,-0.8539561
692.8512,693.7052,-0.8539911
692.8512,693.7052,-0.8540226
692.8512,693.7053,-0.8541343
692.8512,693.7054,-0.8541572
692.8512,693.7054,-0.8542183
692.8512,693.7054,-0.8542413
692.8512,693.7055,-0.854323
692.8512,693.7056,-0.8543516
692.8512,693.7056,-0.8543732
692.8512,693.7056,-0.8543736
692.8512,693.7057,-0.8544539
692.8512,693.7057,-0.8544577
692.8512,693.7057,-0.8544806
692.8512,693.7058,-0.8545685
692.8512,693.7062,-0.8550101
692.8512,693.7066,-0.8554049
692.8512,693.7066,-0.8554341
692.8512,693.7067,-0.8555047
692.8512,693.7067,-0.8555499
692.8512,693.7068,-0.8556497
692.8512,693.7069,-0.8557344
692.8512,693.707,-0.8557523
692.8512,693.7078,-0.8565819
692.8512,693.7078,-0.8566166
692.8512,693.7079,-0.8567081
692.8512,693.7079,-0.856711
692.8512,693.7081,-0.8569208
692.8512,693.7084,-0.8571779
692.8512,693.7085,-0.8572694
692.8512,693.7087,-0.8575493
692.8512,693.7093,-0.8580884
692.8512,693.7098,-0.8585635
692.8512,693.7098,-0.8586354
692.8512,693.7099,-0.8587223
692.8512,693.7101,-0.8588833
692.8512,693.7101,-0.8589225
692.8512,693.7108,-0.8596288
692.8512,693.7118,-0.8606293
692.8512,693.7122,-0.8609705
692.8512,693.7126,-0.8614313
692.8512,693.7164,-0.8652145
692.8512,693.7166,-0.8654256
692.8512,693.718,-0.8667633
692.8512,693.7202,-0.8690063
692.8512,693.7206,-0.8694395
692.8512,693.7219,-0.8707
692.8512,693.7235,-0.872273
692.8512,693.7261,-0.8749128
692.8512,693.7273,-0.8761261
692.8512,693.7279,-0.8767039
692.8512,693.7284,-0.8771723
692.8512,693.729,-0.8778437
692.8512,693.7333,-0.8820932
,,
