696.8502,8128,
Mascot_mz,MassHunter_mz,Difference
696.8502,695.9532,0.8970415
696.8502,695.9667,0.8834736
696.8502,695.9669,0.8833073
696.8502,695.9669,0.8832836
696.8502,695.9673,0.8828703
696.8502,695.9679,0.882292
696.8502,695.9682,0.882038
696.8502,695.9685,0.8816792
696.8502,695.9687,0.8814786
696.8502,695.9694,0.8807944
696.8502,695.9713,0.8789427
696.8502,695.9714,0.87882
696.8502,695.9717,0.8785392
696.8502,695.9722,0.8780072
696.8502,695.9733,0.8768761
696.8502,695.9736,0.8766392
696.8502,695.9744,0.8757938
696.8502,695.9745,0.8757019
696.8502,695.9747,0.8754925
696.8502,695.9754,0.8747776
696.8502,695.9762,0.8740278
696.8502,695.9767,0.8735068
696.8502,695.9767,0.8735051
696.8502,695.9772,0.8730232
696.8502,695.9774,0.8727899
696.8502,695.9777,0.87249
696.8502,695.9778,0.8723649
696.8502,695.9778,0.8723611
696.8502,695.9781,0.8720834
696.8502,695.9784,0.8718293
696.8502,695.9784,0.8717595
696.8502,695.9786,0.8715848
696.8502,695.9787,0.871542
696.8502,695.9791,0.8710988
696.8502,695.9792,0.8709896
696.8502,695.9792,0.8709719
696.8502,695.9792,0.8709685
696.8502,695.9793,0.8709252
696.8502,695.9794,0.8708488
696.8502,695.9795,0.8707479
696.8502,695.9795,0.870741
696.8502,695.9795,0.8707333
696.8502,695.9797,0.8704625
696.8502,695.9799,0.8702975
696.8502,695.9799,0.8702774
696.8502,695.98,0.8701971
696.8502,695.9801,0.8701497
696.8502,695.9801,0.8701157
696.8502,695.9802,0.8699777
696.8502,695.9802,0.869962
696.8502,695.9804,0.8698372
696.8502,695.9804,0.8697991
696.8502,695.9805,0.8697331
696.8502,695.9805,0.8697293
696.8502,695.9805,0.8696943
696.8502,695.9805,0.869688
696.8502,695.9805,0.8696847
696.8502,695.9805,0.8696834
696.8502,695.9805,0.8696622
696.8502,695.9806,0.8696403
696.8502,695.9806,0.8696373
696.8502,695.9806,0.8696232
696.8502,695.9806,0.8695978
696.8502,695.9806,0.869552
696.8502,695.9807,0.8695397
696.8502,695.9807,0.8694863
696.8502,695.9808,0.8693717
696.8502,695.9808,0.869369
696.8502,695.9808,0.8693603
696.8502,695.9809,0.8693456
696.8502,695.9809,0.8692946
696.8502,695.9811,0.8691484
696.8502,695.9811,0.8690792
696.8502,695.9811,0.8690511
696.8502,695.9812,0.8689713
696.8502,695.9813,0.8688914
696.8502,695.9813,0.8688877
696.8502,695.9814,0.8688435
696.8502,695.9814,0.868834
696.8502,695.9814,0.8687661
696.8502,695.9815,0.8687204
696.8502,695.9815,0.8687061
696.8502,695.9816,0.8686241
696.8502,695.9817,0.8685166
696.8502,695.9817,0.8685097
696.8502,695.9817,0.8684641
696.8502,695.9818,0.8683788
696.8502,695.9819,0.8683003
696.8502,695.982,0.8682442
696.8502,695.982,0.8682394
696.8502,695.982,0.8681904
696.8502,695.9821,0.8681087
696.8502,695.9822,0.8679759
696.8502,695.9823,0.867918
696.8502,695.9823,0.8679153
696.8502,695.9828,0.8673719
696.8502,695.9829,0.8673319
696.8502,695.9829,0.867251
696.8502,695.9829,0.8672506
696.8502,695.983,0.867187
696.8502,695.9831,0.8670799
696.8502,695.9831,0.8670687
696.8502,695.9831,0.8670513
696.8502,695.9832,0.8670456
696.8502,695.9832,0.8669697
696.8502,695.9832,0.866969
696.8502,695.9833,0.866907
696.8502,695.9834,0.866753
696.8502,695.9836,0.8665692
696.8502,695.9838,0.8664312
696.8502,695.9838,0.8664031
696.8502,695.984,0.8661679
696.8502,695.9841,0.8660877
696.8502,695.9842,0.8660011
696.8502,695.9843,0.8659471
696.8502,695.9844,0.8658174
696.8502,695.9845,0.8657294
696.8502,695.9845,0.8656755
696.8502,695.9846,0.8655779
696.8502,695.9847,0.8655397
696.8502,695.9847,0.8655266
696.8502,695.9847,0.8654867
696.8502,695.9847,0.8654822
696.8502,695.9847,0.8654729
696.8502,695.9848,0.8654136
696.8502,695.9848,0.8653974
696.8502,695.985,0.8652129
696.8502,695.985,0.8651726
696.8502,695.9852,0.8650398
696.8502,695.9852,0.8649966
696.8502,695.9852,0.8649657
696.8502,695.9853,0.8649364
696.8502,695.9853,0.8648648
696.8502,695.9854,0.8648301
696.8502,695.9854,0.8647774
696.8502,695.9854,0.8647751
696.8502,695.9855,0.8646864
696.8502,695.9855,0.8646784
696.8502,695.9856,0.8645741
696.8502,695.9856,0.8645738
696.8502,695.9856,0.8645693
696.8502,695.9857,0.8645477
696.8502,695.9857,0.8645004
696.8502,695.9858,0.8644419
696.8502,695.9858,0.8644082
696.8502,695.9858,0.8644024
696.8502,695.9858,0.8643588
696.8502,695.9859,0.8642696
696.8502,695.9861,0.8641284
696.8502,695.9861,0.8641234
696.8502,695.9861,0.8640703
696.8502,695.9862,0.8640403
696.8502,695.9862,0.8640136
696.8502,695.9862,0.8640029
696.8502,695.9862,0.8639849
696.8502,695.9862,0.8639586
696.8502,695.9862,0.8639526
696.8502,695.9863,0.863928
696.8502,695.9863,0.8639224
696.8502,695.9863,0.8639127
696.8502,695.9863,0.8639107
696.8502,695.9863,0.8638872
696.8502,695.9863,0.8638616
696.8502,695.9863,0.8638574
696.8502,695.9864,0.8638477
696.8502,695.9864,0.8638305
696.8502,695.9865,0.8637363
696.8502,695.9865,0.8637124
696.8502,695.9865,0.8636989
696.8502,695.9865,0.863687
696.8502,695.9865,0.8636802
696.8502,695.9866,0.8636005
696.8502,695.9866,0.8635893
696.8502,695.9866,0.8635597
696.8502,695.9866,0.8635577
696.8502,695.9867,0.8635393
696.8502,695.9867,0.8635197
696.8502,695.9867,0.8634903
696.8502,695.9868,0.8633959
696.8502,695.9868,0.8633604
696.8502,695.9869,0.8633318
696.8502,695.9869,0.8632955
696.8502,695.9869,0.8632833
696.8502,695.987,0.8632478
696.8502,695.987,0.8632284
696.8502,695.9871,0.8631388
696.8502,695.9871,0.8630623
696.8502,695.9871,0.863056
696.8502,695.9871,0.8630538
696.8502,695.9871,0.8630514
696.8502,695.9872,0.8629539
696.8502,695.9873,0.8629352
696.8502,695.9874,0.8628454
696.8502,695.9875,0.8627204
696.8502,695.9875,0.8626544
696.8502,695.9877,0.8625214
696.8502,695.9878,0.8624377
696.8502,695.9879,0.8623244
696.8502,695.9879,0.8622823
696.8502,695.9879,0.8622603
696.8502,695.9882,0.862001
696.8502,695.9885,0.8616895
696.8502,695.9887,0.8615067
696.8502,695.9887,0.8614967
696.8502,695.9889,0.8612622
696.8502,695.989,0.8611741
696.8502,695.989,0.8611722
696.8502,695.9891,0.8611117
696.8502,695.9892,0.8610153
696.8502,695.9892,0.8610011
696.8502,695.9893,0.8609456
696.8502,695.9894,0.8608222
696.8502,695.9897,0.8604624
696.8502,695.9898,0.8603558
696.8502,695.9899,0.8603488
696.8502,695.99,0.8602152
696.8502,695.99,0.8601797
696.8502,695.99,0.8601659
696.8502,695.9901,0.8601114
696.8502,695.9903,0.8599088
696.8502,695.9904,0.8598119
696.8502,695.9904,0.8597872
696.8502,695.9904,0.8597805
696.8502,695.9905,0.8597246
696.8502,695.9907,0.8595413
696.8502,695.9907,0.8595208
696.8502,695.9908,0.8594379
696.8502,695.9912,0.8589534
696.8502,695.9915,0.8587072
696.8502,695.9917,0.8585249
696.8502,695.9917,0.8584871
696.8502,695.9917,0.8584623
696.8502,695.9918,0.8584485
696.8502,695.9918,0.8584166
696.8502,695.9918,0.8583709
696.8502,695.9919,0.8582597
696.8502,695.9921,0.8581284
696.8502,695.9921,0.8580727
696.8502,695.9922,0.8580465
696.8502,695.9922,0.8580091
696.8502,695.9923,0.8579261
696.8502,695.9923,0.857904
696.8502,695.9924,0.8578198
696.8502,695.9928,0.8574305
696.8502,695.9928,0.8573759
696.8502,695.993,0.8571649
696.8502,695.993,0.8571525
696.8502,695.9933,0.8568865
696.8502,695.9934,0.8567778
696.8502,695.9935,0.8566856
696.8502,695.9936,0.8566485
696.8502,695.9937,0.8565216
696.8502,695.9937,0.8564851
696.8502,695.9941,0.8561224
696.8502,695.9941,0.8561113
696.8502,695.9942,0.8559895
696.8502,695.9946,0.8555764
696.8502,695.9948,0.8553953
696.8502,695.9953,0.8548976
696.8502,695.9954,0.8548161
696.8502,695.9955,0.8547418
696.8502,695.9956,0.8545809
696.8502,695.9957,0.8545472
696.8502,695.9959,0.8542912
696.8502,695.996,0.8542179
696.8502,695.9961,0.8540667
696.8502,695.9962,0.8539577
696.8502,695.9963,0.8539431
696.8502,695.9965,0.8536718
696.8502,695.9967,0.8535362
696.8502,695.9967,0.8535113
696.8502,695.9967,0.8535053
696.8502,695.9968,0.8533767
696.8502,695.997,0.8532001
696.8502,695.9973,0.8529208
696.8502,695.9974,0.8527631
696.8502,695.9976,0.852648
696.8502,695.9976,0.8526411
696.8502,695.9979,0.8522535
696.8502,695.998,0.8521983
696.8502,695.9983,0.8518682
696.8502,695.9984,0.851838
696.8502,695.9985,0.8517217
696.8502,695.9986,0.8515556
696.8502,695.9987,0.8515022
696.8502,695.9989,0.8513295
696.8502,695.999,0.8512254
696.8502,695.999,0.8511583
696.8502,695.9992,0.8510101
696.8502,695.9992,0.8509898
696.8502,695.9994,0.8508234
696.8502,695.9995,0.8507362
696.8502,695.9995,0.8506773
696.8502,695.9996,0.8506033
696.8502,695.9996,0.8505844
696.8502,695.9997,0.8505285
696.8502,695.9998,0.8504178
696.8502,695.9998,0.8503866
696.8502,695.9999,0.8503342
696.8502,696,0.8501623
696.8502,696.0003,0.8499361
696.8502,696.0004,0.8498022
696.8502,696.0004,0.8497681
696.8502,696.0004,0.8497607
696.8502,696.0007,0.8495069
696.8502,696.0008,0.849418
696.8502,696.0011,0.8491363
696.8502,696.0011,0.8491092
696.8502,696.0011,0.8490841
696.8502,696.0013,0.8488593
696.8502,696.0014,0.8487579
696.8502,696.0015,0.848694
696.8502,696.0015,0.8486898
696.8502,696.0016,0.8486432
696.8502,696.0016,0.8485711
696.8502,696.0018,0.8484428
696.8502,696.0018,0.8484217
696.8502,696.0019,0.8482817
696.8502,696.0021,0.8481353
696.8502,696.0021,0.8481151
696.8502,696.0021,0.8480504
696.8502,696.0022,0.8480219
696.8502,696.0023,0.8479276
696.8502,696.0024,0.847826
696.8502,696.0024,0.8477815
696.8502,696.0027,0.84752
696.8502,696.0029,0.8472997
696.8502,696.003,0.8471633
696.8502,696.0031,0.8471364
696.8502,696.0031,0.8470856
696.8502,696.0033,0.846864
696.8502,696.0035,0.8467472
696.8502,696.0035,0.8466679
696.8502,696.0037,0.8465453
696.8502,696.0037,0.8465291
696.8502,696.0037,0.8464513
696.8502,696.0041,0.8460597
696.8502,696.0042,0.8459695
696.8502,696.0044,0.8458407
696.8502,696.0046,0.8456474
696.8502,696.0046,0.8455594
696.8502,696.0048,0.8453671
696.8502,696.0049,0.8452541
696.8502,696.0052,0.8450174
696.8502,696.0054,0.8447791
696.8502,696.0055,0.8447144
696.8502,696.0055,0.8446671
696.8502,696.0056,0.844587
696.8502,696.0058,0.8444464
696.8502,696.0058,0.8443991
696.8502,696.0059,0.844295
696.8502,696.0059,0.8442609
696.8502,696.0061,0.8440588
696.8502,696.0063,0.8438855
696.8502,696.0064,0.8438465
696.8502,696.0064,0.8438186
696.8502,696.0066,0.8435766
696.8502,696.007,0.8431801
696.8502,696.0071,0.8431448
696.8502,696.0071,0.8431073
696.8502,696.0071,0.8430766
696.8502,696.0073,0.8429232
696.8502,696.0073,0.8429176
696.8502,696.0074,0.842842
696.8502,696.0078,0.8423526
696.8502,696.0083,0.841937
696.8502,696.0085,0.8417008
696.8502,696.0086,0.8416294
696.8502,696.0088,0.8414194
696.8502,696.0088,0.8414114
696.8502,696.0088,0.8413529
696.8502,696.009,0.841191
696.8502,696.0091,0.8411154
696.8502,696.0092,0.8409841
696.8502,696.0094,0.8407966
696.8502,696.0095,0.8407305
696.8502,696.0098,0.8404254
696.8502,696.0098,0.8403757
696.8502,696.0098,0.8403623
696.8502,696.0099,0.8403234
696.8502,696.0101,0.8401165
696.8502,696.0101,0.8400594
696.8502,696.0102,0.8400011
696.8502,696.0103,0.8399061
696.8502,696.0104,0.8398141
696.8502,696.0105,0.8396531
696.8502,696.0105,0.839653
696.8502,696.0106,0.8395987
696.8502,696.0107,0.8395418
696.8502,696.0107,0.8394509
696.8502,696.0109,0.8392759
696.8502,696.0109,0.8392533
696.8502,696.011,0.8391627
696.8502,696.0111,0.839086
696.8502,696.0111,0.839066
696.8502,696.0112,0.8389883
696.8502,696.0113,0.8389407
696.8502,696.0113,0.8388933
696.8502,696.0113,0.8388817
696.8502,696.0115,0.8387445
696.8502,696.0115,0.8387319
696.8502,696.0115,0.8386925
696.8502,696.0116,0.8386235
696.8502,696.0116,0.8386118
696.8502,696.0116,0.8386097
696.8502,696.0117,0.8385163
696.8502,696.0118,0.8383544
696.8502,696.0119,0.8382771
696.8502,696.012,0.8381651
696.8502,696.012,0.8381525
696.8502,696.0122,0.8379898
696.8502,696.0123,0.837932
696.8502,696.0123,0.8378922
696.8502,696.0124,0.8377835
696.8502,696.0125,0.8377336
696.8502,696.0125,0.8376967
696.8502,696.0126,0.8376049
696.8502,696.0127,0.8375257
696.8502,696.0128,0.8374397
696.8502,696.0128,0.8374394
696.8502,696.0131,0.8370804
696.8502,696.0132,0.837013
696.8502,696.0134,0.8368146
696.8502,696.0134,0.8368026
696.8502,696.0135,0.8367166
696.8502,696.0136,0.8366289
696.8502,696.0136,0.8365888
696.8502,696.0137,0.8365068
696.8502,696.0137,0.8364697
696.8502,696.0139,0.8362644
696.8502,696.0139,0.8362621
696.8502,696.014,0.8362175
696.8502,696.0141,0.8360536
696.8502,696.0145,0.8356945
696.8502,696.0147,0.8355381
696.8502,696.0147,0.8354826
696.8502,696.0149,0.8353058
696.8502,696.015,0.8352224
696.8502,696.0152,0.8350039
696.8502,696.0156,0.8346305
696.8502,696.0156,0.8345673
696.8502,696.0158,0.8343672
696.8502,696.0158,0.8343606
696.8502,696.0163,0.8338885
696.8502,696.0176,0.8325682
696.8502,696.0177,0.8324797
696.8502,696.0178,0.832389
696.8502,696.0182,0.8319945
696.8502,696.0186,0.831648
696.8502,696.0194,0.8307659
696.8502,696.0197,0.8305362
696.8502,696.0197,0.830528
696.8502,696.0199,0.8302629
696.8502,696.0211,0.8291175
696.8502,696.0213,0.828935
696.8502,696.0213,0.8288718
696.8502,696.0216,0.8285707
696.8502,696.0217,0.8284646
696.8502,696.0224,0.8278035
696.8502,696.0225,0.8276897
696.8502,696.0231,0.8271275
696.8502,696.0233,0.8268712
696.8502,696.024,0.8262262
696.8502,696.0247,0.8255374
696.8502,696.0248,0.8254047
696.8502,696.0253,0.8249452
696.8502,696.0254,0.8247699
696.8502,696.0255,0.8246882
696.8502,696.0257,0.8244685
696.8502,696.0259,0.8242851
696.8502,696.026,0.8241629
696.8502,696.0262,0.8240153
696.8502,696.0263,0.8239215
696.8502,696.0264,0.8238333
696.8502,696.0265,0.8237409
696.8502,696.0266,0.8236279
696.8502,696.0267,0.8235329
696.8502,696.0272,0.8229623
696.8502,696.0276,0.8226349
696.8502,696.028,0.8222359
696.8502,696.0282,0.822041
696.8502,696.0282,0.8219573
696.8502,696.0283,0.8219444
696.8502,696.0283,0.8218645
696.8502,696.0283,0.8218561
696.8502,696.0285,0.8216721
696.8502,696.0285,0.8216697
696.8502,696.0285,0.8216614
696.8502,696.0286,0.8215803
696.8502,696.0287,0.8214742
696.8502,696.0289,0.8212963
696.8502,696.029,0.8212455
696.8502,696.029,0.821166
696.8502,696.0291,0.8211228
696.8502,696.0293,0.8209448
696.8502,696.0293,0.8208745
696.8502,696.0293,0.8208633
696.8502,696.0294,0.8207986
696.8502,696.0295,0.8207048
696.8502,696.0296,0.8206173
696.8502,696.0296,0.8206101
696.8502,696.0296,0.8205985
696.8502,696.0296,0.8205674
696.8502,696.0297,0.8204856
696.8502,696.0298,0.8203778
696.8502,696.0298,0.8203688
696.8502,696.0299,0.820275
696.8502,696.03,0.8202386
696.8502,696.03,0.820215
696.8502,696.0301,0.8201129
696.8502,696.0301,0.8200652
696.8502,696.0302,0.8199822
696.8502,696.0302,0.8199775
696.8502,696.0303,0.8198848
696.8502,696.0303,0.8198746
696.8502,696.0304,0.8198444
696.8502,696.0304,0.8198341
696.8502,696.0304,0.819823
696.8502,696.0304,0.8197592
696.8502,696.0305,0.8197447
696.8502,696.0305,0.819706
696.8502,696.0305,0.8197015
696.8502,696.0306,0.81964
696.8502,696.0306,0.8195724
696.8502,696.0307,0.8195241
696.8502,696.0307,0.8195081
696.8502,696.0308,0.8194487
696.8502,696.0308,0.8194043
696.8502,696.0308,0.8193816
696.8502,696.0309,0.8193228
696.8502,696.0309,0.8192557
696.8502,696.031,0.8192035
696.8502,696.031,0.8191837
696.8502,696.031,0.8191688
696.8502,696.0312,0.8190371
696.8502,696.0312,0.8190365
696.8502,696.0312,0.8189564
696.8502,696.0313,0.8189294
696.8502,696.0313,0.8189286
696.8502,696.0313,0.8188713
696.8502,696.0314,0.8188078
696.8502,696.0314,0.8187911
696.8502,696.0314,0.8187896
696.8502,696.0314,0.818773
696.8502,696.0316,0.8186492
696.8502,696.0316,0.8186326
696.8502,696.0316,0.8185977
696.8502,696.0316,0.8185701
696.8502,696.0317,0.8185224
696.8502,696.0317,0.8184845
696.8502,696.0317,0.8184631
696.8502,696.0318,0.8184155
696.8502,696.0318,0.8183831
696.8502,696.0318,0.8183821
696.8502,696.0319,0.8183097
696.8502,696.032,0.8181773
696.8502,696.0321,0.8181473
696.8502,696.0321,0.8181012
696.8502,696.0321,0.8180983
696.8502,696.0321,0.8180795
696.8502,696.0321,0.8180777
696.8502,696.0321,0.8180634
696.8502,696.0321,0.8180586
696.8502,696.0322,0.8180381
696.8502,696.0322,0.8179943
696.8502,696.0322,0.8179894
696.8502,696.0322,0.8179824
696.8502,696.0323,0.8179415
696.8502,696.0323,0.817917
696.8502,696.0323,0.8178925
696.8502,696.0323,0.8178917
696.8502,696.0323,0.8178917
696.8502,696.0324,0.8177675
696.8502,696.0325,0.8176657
696.8502,696.0326,0.8176381
696.8502,696.0326,0.8175738
696.8502,696.0327,0.8175382
696.8502,696.0327,0.8174995
696.8502,696.0328,0.8173936
696.8502,696.0328,0.8173773
696.8502,696.0328,0.8173634
696.8502,696.0329,0.8173079
696.8502,696.0329,0.817254
696.8502,696.033,0.8172486
696.8502,696.033,0.8171846
696.8502,696.033,0.8171571
696.8502,696.0331,0.8171357
696.8502,696.0332,0.8170328
696.8502,696.0332,0.8170038
696.8502,696.0332,0.8169638
696.8502,696.0332,0.8169575
696.8502,696.0334,0.8167979
696.8502,696.0335,0.8167399
696.8502,696.0335,0.816681
696.8502,696.0336,0.8166411
696.8502,696.0336,0.816624
696.8502,696.0336,0.8165593
696.8502,696.0337,0.816511
696.8502,696.0337,0.816472
696.8502,696.0337,0.8164704
696.8502,696.0339,0.8162702
696.8502,696.0341,0.8160524
696.8502,696.0342,0.8160437
696.8502,696.0342,0.8160378
696.8502,696.0342,0.8159905
696.8502,696.0342,0.8159699
696.8502,696.0343,0.8159303
696.8502,696.0343,0.8158981
696.8502,696.0344,0.8158405
696.8502,696.0344,0.8158094
696.8502,696.0345,0.8157094
696.8502,696.0346,0.8155931
696.8502,696.0346,0.8155914
696.8502,696.0347,0.8155255
696.8502,696.0347,0.8155031
696.8502,696.0348,0.8154033
696.8502,696.0349,0.8152782
696.8502,696.0349,0.8152547
696.8502,696.035,0.8152082
696.8502,696.0351,0.815138
696.8502,696.0351,0.8150905
696.8502,696.0353,0.8149274
696.8502,696.0357,0.8144908
696.8502,696.0358,0.8144496
696.8502,696.036,0.8141589
696.8502,696.036,0.8141573
696.8502,696.0362,0.8140462
696.8502,696.0362,0.8140132
696.8502,696.0363,0.8139479
696.8502,696.0363,0.8138671
696.8502,696.0365,0.8136746
696.8502,696.0366,0.8136342
696.8502,696.0368,0.8134141
696.8502,696.0368,0.8134025
696.8502,696.0368,0.8133948
696.8502,696.0369,0.8132816
696.8502,696.0369,0.8132648
696.8502,696.0373,0.8129114
696.8502,696.0374,0.8127845
696.8502,696.0375,0.8127174
696.8502,696.0377,0.8124558
696.8502,696.0379,0.8123144
696.8502,696.0383,0.8118841
696.8502,696.0383,0.8118751
696.8502,696.0384,0.811765
696.8502,696.0389,0.8113098
696.8502,696.039,0.8112032
696.8502,696.0391,0.8110981
696.8502,696.0399,0.8103221
696.8502,696.0402,0.8099777
696.8502,696.0403,0.8099385
696.8502,696.0408,0.8094113
696.8502,696.0409,0.809324
696.8502,696.041,0.809236
696.8502,696.0412,0.8089904
696.8502,696.0418,0.8084085
696.8502,696.0425,0.8077481
696.8502,696.0426,0.8076245
696.8502,696.0429,0.8073121
696.8502,696.0431,0.807056
696.8502,696.0432,0.8070472
696.8502,696.0433,0.8068939
696.8502,696.0434,0.8067703
696.8502,696.0435,0.8066538
696.8502,696.0436,0.8066243
696.8502,696.0451,0.8051474
696.8502,696.0454,0.8048309
696.8502,696.0458,0.8043611
696.8502,696.046,0.804194
696.8502,696.0462,0.8040422
696.8502,696.0466,0.8035764
696.8502,696.0467,0.8034746
696.8502,696.047,0.8031619
696.8502,696.0477,0.802509
696.8502,696.049,0.801166
696.8502,696.0681,0.7820841
696.8502,696.0716,0.7785572
696.8502,696.0719,0.7782942
696.8502,696.0722,0.7779863
696.8502,696.0728,0.7774334
696.8502,696.0729,0.7772724
696.8502,696.073,0.777214
696.8502,696.0732,0.7770083
696.8502,696.074,0.7761941
696.8502,696.0742,0.7759807
696.8502,696.0745,0.775679
696.8502,696.0754,0.7748004
696.8502,696.0757,0.7745432
696.8502,696.076,0.7741954
696.8502,696.0764,0.7738463
696.8502,696.0774,0.7727511
696.8502,696.0782,0.7720306
696.8502,696.0784,0.7717777
696.8502,696.0789,0.7712546
696.8502,696.0803,0.7698534
696.8502,696.0814,0.7688045
696.8502,696.083,0.7671915
696.8502,696.0835,0.7667105
696.8502,696.0849,0.7653363
696.8502,696.0856,0.7646131
696.8502,696.0866,0.7636448
696.8502,696.0868,0.7634199
696.8502,696.0869,0.7633499
696.8502,696.0872,0.7630241
696.8502,696.0875,0.7626562
696.8502,696.0881,0.7621093
696.8502,696.0885,0.7617277
696.8502,696.0889,0.7613423
696.8502,696.0894,0.7607877
696.8502,696.0894,0.7607639
696.8502,696.0898,0.7603521
696.8502,696.09,0.7601951
696.8502,696.0906,0.7596081
696.8502,696.0911,0.7591245
696.8502,696.0922,0.7580458
696.8502,696.0924,0.7577583
696.8502,696.0927,0.7575282
696.8502,696.0931,0.7571387
696.8502,696.0942,0.7560375
696.8502,696.0944,0.7557999
696.8502,696.0947,0.7555085
696.8502,696.0954,0.7547582
696.8502,696.0957,0.7544514
696.8502,696.0962,0.7539639
696.8502,696.0964,0.7538092
696.8502,696.0966,0.753559
696.8502,696.0969,0.7533406
696.8502,696.0977,0.7525166
696.8502,696.0978,0.7523839
696.8502,696.0981,0.7520831
696.8502,696.0982,0.7520429
696.8502,696.0986,0.7515845
696.8502,696.0988,0.7513535
696.8502,696.0991,0.751145
696.8502,696.0992,0.7509873
696.8502,696.0993,0.7508977
696.8502,696.1007,0.7495238
696.8502,696.1017,0.7484872
696.8502,696.1018,0.7484123
696.8502,696.1018,0.7483925
696.8502,696.1024,0.7478364
696.8502,696.1025,0.7476641
696.8502,696.1027,0.7475013
696.8502,696.103,0.7472244
696.8502,696.1031,0.7471396
696.8502,696.1033,0.7468746
696.8502,696.1034,0.7468008
696.8502,696.1035,0.7466994
696.8502,696.1035,0.7466728
696.8502,696.1039,0.746287
696.8502,696.1039,0.7462669
696.8502,696.1042,0.7460192
696.8502,696.1044,0.7458097
696.8502,696.1044,0.7457522
696.8502,696.1046,0.7456257
696.8502,696.1054,0.7448168
696.8502,696.1058,0.7443806
696.8502,696.1059,0.7442655
696.8502,696.1063,0.7438502
696.8502,696.1064,0.7437816
696.8502,696.1064,0.7437675
696.8502,696.1066,0.7436193
696.8502,696.1067,0.7434742
696.8502,696.1072,0.7429726
696.8502,696.1077,0.7424645
696.8502,696.1078,0.742387
696.8502,696.1079,0.7423208
696.8502,696.108,0.7422173
696.8502,696.1081,0.742147
696.8502,696.1082,0.7419967
696.8502,696.1082,0.7419569
696.8502,696.1084,0.7417996
696.8502,696.1084,0.7417903
696.8502,696.1084,0.7417705
696.8502,696.1085,0.7416886
696.8502,696.1086,0.7416331
696.8502,696.1087,0.7415335
696.8502,696.1087,0.7415016
696.8502,696.1088,0.7414424
696.8502,696.1088,0.7413532
696.8502,696.1089,0.7413288
696.8502,696.1089,0.7412986
696.8502,696.109,0.7412342
696.8502,696.1092,0.7410203
696.8502,696.1092,0.7409676
696.8502,696.1093,0.7408874
696.8502,696.1093,0.7408639
696.8502,696.1097,0.7405137
696.8502,696.1098,0.7404265
696.8502,696.1099,0.7402771
696.8502,696.1099,0.7402673
696.8502,696.1099,0.7402668
696.8502,696.11,0.7402233
696.8502,696.11,0.7401529
696.8502,696.1101,0.7401159
696.8502,696.1101,0.7400804
696.8502,696.1102,0.7399892
696.8502,696.1103,0.739931
696.8502,696.1103,0.7398728
696.8502,696.1105,0.7396896
696.8502,696.1105,0.7396507
696.8502,696.1106,0.739649
696.8502,696.1106,0.7395602
696.8502,696.1107,0.739541
696.8502,696.1107,0.7394633
696.8502,696.1107,0.7394553
696.8502,696.1107,0.7394516
696.8502,696.1108,0.7393914
696.8502,696.1108,0.7393534
696.8502,696.1109,0.7393161
696.8502,696.1109,0.7392539
696.8502,696.111,0.739227
696.8502,696.111,0.7391799
696.8502,696.111,0.7391723
696.8502,696.1111,0.7391241
696.8502,696.1111,0.7391128
696.8502,696.1111,0.7390711
696.8502,696.1112,0.7390107
696.8502,696.1112,0.7390063
696.8502,696.1113,0.7388981
696.8502,696.1113,0.7388834
696.8502,696.1113,0.7388658
696.8502,696.1113,0.7388647
696.8502,696.1114,0.738839
696.8502,696.1115,0.7387176
696.8502,696.1115,0.7386857
696.8502,696.1115,0.7386814
696.8502,696.1116,0.7386312
696.8502,696.1116,0.7386309
696.8502,696.1116,0.73862
696.8502,696.1117,0.7385392
696.8502,696.1117,0.7384875
696.8502,696.1118,0.7384237
696.8502,696.1118,0.7383611
696.8502,696.1119,0.7383007
696.8502,696.1122,0.7379784
696.8502,696.1122,0.7379741
696.8502,696.1122,0.7379545
696.8502,696.1123,0.7378972
696.8502,696.1123,0.7378937
696.8502,696.1123,0.7378636
696.8502,696.1124,0.7378361
696.8502,696.1124,0.7378127
696.8502,696.1124,0.7377635
696.8502,696.1125,0.737682
696.8502,696.1125,0.7376815
696.8502,696.1125,0.7376809
696.8502,696.1126,0.737617
696.8502,696.1126,0.7376111
696.8502,696.1126,0.7375766
696.8502,696.1126,0.7375512
696.8502,696.1127,0.7374598
696.8502,696.1128,0.7373849
696.8502,696.1129,0.7372926
696.8502,696.1133,0.7369301
696.8502,696.1133,0.7369241
696.8502,696.1133,0.7369203
696.8502,696.1133,0.7368834
696.8502,696.1133,0.7368682
696.8502,696.1134,0.736846
696.8502,696.1135,0.7367112
696.8502,696.1135,0.7367058
696.8502,696.1135,0.7366798
696.8502,696.1135,0.7366754
696.8502,696.1135,0.7366726
696.8502,696.1135,0.7366521
696.8502,696.1137,0.7364735
696.8502,696.1137,0.7364639
696.8502,696.1138,0.7364392
696.8502,696.1138,0.736374
696.8502,696.1139,0.7363177
696.8502,696.1139,0.7362858
696.8502,696.1141,0.7360766
696.8502,696.1141,0.7360682
696.8502,696.1142,0.7360428
696.8502,696.1142,0.7360017
696.8502,696.1142,0.7359855
696.8502,696.1142,0.7359538
696.8502,696.1143,0.735918
696.8502,696.1143,0.7358514
696.8502,696.1144,0.7357615
696.8502,696.1145,0.7357403
696.8502,696.1145,0.7357096
696.8502,696.1145,0.735685
696.8502,696.1146,0.7356254
696.8502,696.1146,0.7355899
696.8502,696.1146,0.7355832
696.8502,696.1148,0.7354448
696.8502,696.1149,0.7353289
696.8502,696.1149,0.7352968
696.8502,696.115,0.735233
696.8502,696.115,0.7352132
696.8502,696.115,0.7352056
696.8502,696.1151,0.7351462
696.8502,696.1151,0.7351413
696.8502,696.1151,0.7351095
696.8502,696.1151,0.7351071
696.8502,696.1151,0.7350834
696.8502,696.1151,0.7350762
696.8502,696.1151,0.7350755
696.8502,696.1152,0.7350155
696.8502,696.1152,0.7350059
696.8502,696.1153,0.7348935
696.8502,696.1154,0.7348036
696.8502,696.1154,0.7347951
696.8502,696.1154,0.7347931
696.8502,696.1154,0.734763
696.8502,696.1155,0.7347418
696.8502,696.1156,0.7346272
696.8502,696.1157,0.7345265
696.8502,696.1157,0.7345249
696.8502,696.1157,0.7345192
696.8502,696.1157,0.7344989
696.8502,696.1157,0.7344892
696.8502,696.1157,0.7344749
696.8502,696.1157,0.7344698
696.8502,696.1158,0.7344005
696.8502,696.1158,0.734399
696.8502,696.1158,0.7343764
696.8502,696.116,0.7341917
696.8502,696.116,0.734155
696.8502,696.1161,0.7341338
696.8502,696.1161,0.7340985
696.8502,696.1161,0.7340707
696.8502,696.1161,0.7340663
696.8502,696.1162,0.7339613
696.8502,696.1163,0.7339248
696.8502,696.1163,0.7338866
696.8502,696.1163,0.7338534
696.8502,696.1164,0.7337784
696.8502,696.1166,0.7336218
696.8502,696.1167,0.7335275
696.8502,696.1167,0.7335275
696.8502,696.1167,0.7334602
696.8502,696.1168,0.7334191
696.8502,696.1168,0.7333911
696.8502,696.1168,0.7333907
696.8502,696.1169,0.7333302
696.8502,696.1169,0.733298
696.8502,696.1169,0.7332612
696.8502,696.117,0.7332314
696.8502,696.1171,0.7331469
696.8502,696.1171,0.7331275
696.8502,696.1171,0.7330794
696.8502,696.1172,0.7330344
696.8502,696.1172,0.7329842
696.8502,696.1172,0.7329613
696.8502,696.1172,0.7329514
696.8502,696.1173,0.7328609
696.8502,696.1173,0.732855
696.8502,696.1174,0.7328322
696.8502,696.1175,0.7327143
696.8502,696.1175,0.7327138
696.8502,696.1175,0.7327052
696.8502,696.1175,0.7326804
696.8502,696.1176,0.7326423
696.8502,696.1176,0.7326383
696.8502,696.1176,0.7325953
696.8502,696.1176,0.732593
696.8502,696.1178,0.7324159
696.8502,696.1178,0.7323615
696.8502,696.1181,0.7320847
696.8502,696.1181,0.7320657
696.8502,696.1182,0.7320092
696.8502,696.1182,0.7320076
696.8502,696.1185,0.731667
696.8502,696.1186,0.731609
696.8502,696.1187,0.7315352
696.8502,696.1188,0.7314345
696.8502,696.1189,0.7312865
696.8502,696.1189,0.7312586
696.8502,696.119,0.7311792
696.8502,696.119,0.7311766
696.8502,696.1191,0.7311192
696.8502,696.1192,0.7309957
696.8502,696.1193,0.7309174
696.8502,696.1194,0.7307948
696.8502,696.1197,0.7305484
696.8502,696.1197,0.7304946
696.8502,696.1198,0.7304226
696.8502,696.1198,0.7304086
696.8502,696.12,0.7301858
696.8502,696.1201,0.7301337
696.8502,696.1201,0.7301112
696.8502,696.1202,0.7300223
696.8502,696.1202,0.7299877
696.8502,696.1207,0.7295231
696.8502,696.1208,0.7293774
696.8502,696.121,0.7292327
696.8502,696.1211,0.7291281
696.8502,696.1212,0.7289797
696.8502,696.1213,0.7289214
696.8502,696.1215,0.7286782
696.8502,696.1216,0.728582
696.8502,696.1217,0.7285444
696.8502,696.1218,0.7284496
696.8502,696.1219,0.7283461
696.8502,696.1219,0.7282769
696.8502,696.1219,0.7282603
696.8502,696.122,0.7281531
696.8502,696.1223,0.7279055
696.8502,696.1224,0.7278115
696.8502,696.1226,0.7276101
696.8502,696.1227,0.7275357
696.8502,696.1229,0.7273009
696.8502,696.1229,0.7272805
696.8502,696.123,0.7272105
696.8502,696.1235,0.7267348
696.8502,696.1235,0.7266792
696.8502,696.1237,0.7265316
696.8502,696.1237,0.7264562
696.8502,696.1238,0.7264156
696.8502,696.1238,0.7263552
696.8502,696.124,0.7262314
696.8502,696.1244,0.7258024
696.8502,696.1254,0.7248362
696.8502,696.1279,0.7222736
696.8502,696.129,0.7211885
696.8502,696.1294,0.7207858
696.8502,696.133,0.7172396
696.8502,696.133,0.7171617
696.8502,696.135,0.7152421
696.8502,696.1474,0.7028484
696.8502,696.1504,0.6997934
696.8502,696.1525,0.6976534
696.8502,696.1571,0.6930726
696.8502,696.1593,0.6908889
696.8502,696.1603,0.6899395
696.8502,696.1606,0.6896308
696.8502,696.1618,0.6883683
696.8502,696.162,0.6882071
696.8502,696.1626,0.6876128
696.8502,696.1636,0.6866254
696.8502,696.1637,0.6864828
696.8502,696.1642,0.6859794
696.8502,696.1663,0.6839189
696.8502,696.1677,0.6825075
696.8502,696.1681,0.6820699
696.8502,696.1694,0.6808363
696.8502,696.174,0.6762007
696.8502,696.174,0.676186
696.8502,696.1742,0.6760456
696.8502,696.2001,0.6500775
696.8502,696.2346,0.6156494
696.8502,696.2349,0.6152792
696.8502,696.2356,0.6145701
696.8502,696.2361,0.6141026
696.8502,696.2362,0.6139663
696.8502,696.2366,0.6136245
696.8502,696.2368,0.6133802
696.8502,696.237,0.6132069
696.8502,696.2372,0.613046
696.8502,696.2381,0.6121026
696.8502,696.2381,0.6120787
696.8502,696.2382,0.6120135
696.8502,696.2383,0.6118577
696.8502,696.2385,0.6117478
696.8502,696.2385,0.6117091
696.8502,696.2387,0.6115373
696.8502,696.2388,0.6113935
696.8502,696.239,0.6111606
696.8502,696.2396,0.6106153
696.8502,696.2396,0.6105598
696.8502,696.2405,0.6096768
696.8502,696.2406,0.6095852
696.8502,696.2406,0.6095597
696.8502,696.2409,0.6093369
696.8502,696.241,0.6092107
696.8502,696.2411,0.6091307
696.8502,696.2415,0.6086867
696.8502,696.2415,0.608681
696.8502,696.2416,0.6085513
696.8502,696.2417,0.6085074
696.8502,696.2418,0.6084002
696.8502,696.2418,0.6083651
696.8502,696.242,0.6082255
696.8502,696.2422,0.6080308
696.8502,696.2422,0.6080084
696.8502,696.2424,0.6077999
696.8502,696.2428,0.6074109
696.8502,696.243,0.6072134
696.8502,696.2435,0.6067266
696.8502,696.2435,0.6067255
696.8502,696.2446,0.6056068
696.8502,696.2452,0.6049585
696.8502,696.2453,0.6048552
696.8502,696.2455,0.6047408
696.8502,696.2456,0.6045682
696.8502,696.2473,0.6028663
696.8502,696.2563,0.5938591
696.8502,696.2834,0.5668299
696.8502,696.2842,0.5659547
696.8502,696.2844,0.5658062
696.8502,696.2977,0.5525087
696.8502,696.2985,0.5516997
696.8502,696.3002,0.5500175
696.8502,696.3004,0.5497855
696.8502,696.3017,0.5484879
696.8502,696.3031,0.5471016
696.8502,696.3038,0.5464273
696.8502,696.3041,0.5460717
696.8502,696.3043,0.5459384
696.8502,696.3044,0.5458086
696.8502,696.3047,0.5455482
696.8502,696.3047,0.5455447
696.8502,696.3048,0.5454142
696.8502,696.3049,0.5453406
696.8502,696.3049,0.5453344
696.8502,696.3049,0.5452502
696.8502,696.305,0.54524
696.8502,696.305,0.5451877
696.8502,696.3051,0.5451096
696.8502,696.3051,0.545074
696.8502,696.3051,0.5450584
696.8502,696.3052,0.5450112
696.8502,696.3052,0.5449636
696.8502,696.3053,0.5449316
696.8502,696.3053,0.5449189
696.8502,696.3054,0.5448157
696.8502,696.3055,0.5447412
696.8502,696.3056,0.5445741
696.8502,696.3057,0.5444786
696.8502,696.3057,0.5444693
696.8502,696.3057,0.5444655
696.8502,696.3058,0.544413
696.8502,696.3059,0.5443336
696.8502,696.3059,0.5443207
696.8502,696.306,0.544206
696.8502,696.306,0.5441987
696.8502,696.3061,0.5441448
696.8502,696.3062,0.5440476
696.8502,696.3062,0.543994
696.8502,696.3062,0.5439733
696.8502,696.3063,0.5439394
696.8502,696.3065,0.5437295
696.8502,696.3065,0.5437233
696.8502,696.3065,0.5437101
696.8502,696.3065,0.5436841
696.8502,696.3067,0.5434669
696.8502,696.3068,0.5433797
696.8502,696.3069,0.5433216
696.8502,696.3069,0.5433064
696.8502,696.307,0.5432352
696.8502,696.307,0.5431607
696.8502,696.3071,0.5431144
696.8502,696.3072,0.5430372
696.8502,696.3072,0.5430143
696.8502,696.3072,0.5429777
696.8502,696.3072,0.5429513
696.8502,696.3073,0.5429026
696.8502,696.3073,0.5428562
696.8502,696.3073,0.5428549
696.8502,696.3074,0.5428244
696.8502,696.3074,0.5427887
696.8502,696.3074,0.5427683
696.8502,696.3074,0.5427586
696.8502,696.3075,0.5427368
696.8502,696.3075,0.5427131
696.8502,696.3075,0.5427088
696.8502,696.3075,0.5427065
696.8502,696.3075,0.5426767
696.8502,696.3075,0.5426587
696.8502,696.3076,0.5426487
696.8502,696.3076,0.5426436
696.8502,696.3077,0.5425083
696.8502,696.3077,0.5424794
696.8502,696.3077,0.5424671
696.8502,696.3078,0.5424284
696.8502,696.3078,0.5424168
696.8502,696.3078,0.5424048
696.8502,696.3078,0.542381
696.8502,696.3078,0.542372
696.8502,696.3078,0.5423677
696.8502,696.3079,0.5423449
696.8502,696.3079,0.5423072
696.8502,696.3079,0.5422851
696.8502,696.3079,0.5422529
696.8502,696.3079,0.5422518
696.8502,696.3079,0.5422507
696.8502,696.308,0.542181
696.8502,696.308,0.542165
696.8502,696.308,0.5421635
696.8502,696.308,0.5421574
696.8502,696.3081,0.5421449
696.8502,696.3081,0.5421054
696.8502,696.3081,0.5420777
696.8502,696.3081,0.5420682
696.8502,696.3081,0.5420677
696.8502,696.3081,0.5420631
696.8502,696.3081,0.5420517
696.8502,696.3082,0.5420279
696.8502,696.3082,0.5420179
696.8502,696.3082,0.5420158
696.8502,696.3082,0.5420136
696.8502,696.3082,0.541991
696.8502,696.3082,0.5419871
696.8502,696.3082,0.5419648
696.8502,696.3082,0.5419531
696.8502,696.3082,0.5419514
696.8502,696.3083,0.5419318
696.8502,696.3083,0.541911
696.8502,696.3083,0.5419087
696.8502,696.3083,0.541898
696.8502,696.3083,0.5418912
696.8502,696.3083,0.5418564
696.8502,696.3084,0.541846
696.8502,696.3084,0.5418137
696.8502,696.3084,0.5418136
696.8502,696.3084,0.5418081
696.8502,696.3084,0.5417837
696.8502,696.3084,0.5417717
696.8502,696.3084,0.5417659
696.8502,696.3084,0.5417582
696.8502,696.3085,0.5417185
696.8502,696.3085,0.5417076
696.8502,696.3085,0.5416957
696.8502,696.3085,0.5416642
696.8502,696.3086,0.5416191
696.8502,696.3086,0.5416162
696.8502,696.3087,0.5415458
696.8502,696.3087,0.5415437
696.8502,696.3087,0.5415231
696.8502,696.3087,0.5415137
696.8502,696.3088,0.5414491
696.8502,696.3088,0.5414386
696.8502,696.3088,0.5414053
696.8502,696.3088,0.5414032
696.8502,696.3088,0.5413956
696.8502,696.3089,0.5413459
696.8502,696.3089,0.5413165
696.8502,696.3089,0.5412943
696.8502,696.3089,0.5412748
696.8502,696.3089,0.541272
696.8502,696.3089,0.5412714
696.8502,696.3089,0.5412653
696.8502,696.309,0.5412417
696.8502,696.309,0.5412391
696.8502,696.309,0.5412304
696.8502,696.309,0.5412263
696.8502,696.309,0.5412217
696.8502,696.309,0.5411868
696.8502,696.3091,0.5411479
696.8502,696.3091,0.5411472
696.8502,696.3091,0.541129
696.8502,696.3091,0.5410978
696.8502,696.3091,0.5410888
696.8502,696.3091,0.5410644
696.8502,696.3092,0.5410478
696.8502,696.3092,0.5410476
696.8502,696.3092,0.5410206
696.8502,696.3092,0.5410194
696.8502,696.3092,0.5410186
696.8502,696.3092,0.540997
696.8502,696.3092,0.5409802
696.8502,696.3092,0.5409686
696.8502,696.3093,0.5409489
696.8502,696.3093,0.5409472
696.8502,696.3093,0.5409257
696.8502,696.3093,0.5409205
696.8502,696.3093,0.5409107
696.8502,696.3093,0.5408801
696.8502,696.3093,0.5408789
696.8502,696.3093,0.5408509
696.8502,696.3094,0.5407962
696.8502,696.3094,0.5407855
696.8502,696.3094,0.5407807
696.8502,696.3094,0.5407648
696.8502,696.3095,0.5407162
696.8502,696.3095,0.5406803
696.8502,696.3096,0.5406254
696.8502,696.3096,0.5405601
696.8502,696.3097,0.5405046
696.8502,696.3097,0.5405025
696.8502,696.3097,0.5404941
696.8502,696.3097,0.5404672
696.8502,696.3098,0.5404238
696.8502,696.3098,0.5404102
696.8502,696.3098,0.5403635
696.8502,696.3099,0.5403491
696.8502,696.3099,0.5403353
696.8502,696.3099,0.5403259
696.8502,696.3099,0.5402785
696.8502,696.31,0.540243
696.8502,696.31,0.540234
696.8502,696.31,0.5401925
696.8502,696.31,0.5401841
696.8502,696.31,0.5401828
696.8502,696.31,0.5401507
696.8502,696.3101,0.540142
696.8502,696.3101,0.5401414
696.8502,696.3101,0.5400772
696.8502,696.3101,0.5400743
696.8502,696.3101,0.5400726
696.8502,696.3101,0.5400529
696.8502,696.3102,0.5400151
696.8502,696.3102,0.5400124
696.8502,696.3102,0.5399699
696.8502,696.3102,0.5399695
696.8502,696.3103,0.5399362
696.8502,696.3103,0.5399276
696.8502,696.3103,0.5399074
696.8502,696.3103,0.5399054
696.8502,696.3103,0.5399053
696.8502,696.3103,0.5398942
696.8502,696.3103,0.539891
696.8502,696.3103,0.5398771
696.8502,696.3104,0.5398471
696.8502,696.3104,0.5398206
696.8502,696.3104,0.539806
696.8502,696.3104,0.5397516
696.8502,696.3105,0.5396617
696.8502,696.3105,0.5396564
696.8502,696.3106,0.5396145
696.8502,696.3106,0.539598
696.8502,696.3106,0.5395824
696.8502,696.3106,0.5395616
696.8502,696.3107,0.5395059
696.8502,696.3107,0.5395053
696.8502,696.3107,0.5394527
696.8502,696.3107,0.5394509
696.8502,696.3108,0.5394475
696.8502,696.3108,0.5394402
696.8502,696.3108,0.5394288
696.8502,696.3108,0.5394221
696.8502,696.3108,0.5394044
696.8502,696.3108,0.5393874
696.8502,696.3108,0.5393559
696.8502,696.3108,0.5393548
696.8502,696.3109,0.5393419
696.8502,696.3109,0.5393403
696.8502,696.3109,0.5393231
696.8502,696.311,0.5392112
696.8502,696.3111,0.5391384
696.8502,696.3111,0.539112
696.8502,696.3111,0.5391039
696.8502,696.3111,0.5390978
696.8502,696.3111,0.5390847
696.8502,696.3111,0.5390826
696.8502,696.3111,0.5390731
696.8502,696.3111,0.5390716
696.8502,696.3111,0.5390514
696.8502,696.3112,0.5390261
696.8502,696.3112,0.539014
696.8502,696.3112,0.538992
696.8502,696.3112,0.5389678
696.8502,696.3112,0.538957
696.8502,696.3113,0.538939
696.8502,696.3113,0.5389273
696.8502,696.3113,0.538862
696.8502,696.3114,0.5387988
696.8502,696.3114,0.5387778
696.8502,696.3114,0.538777
696.8502,696.3114,0.5387644
696.8502,696.3114,0.5387606
696.8502,696.3114,0.5387544
696.8502,696.3115,0.5387487
696.8502,696.3115,0.5387451
696.8502,696.3115,0.5386864
696.8502,696.3115,0.5386654
696.8502,696.3116,0.5386132
696.8502,696.3116,0.5385824
696.8502,696.3116,0.538554
696.8502,696.3117,0.538538
696.8502,696.3117,0.5384893
696.8502,696.3118,0.5384473
696.8502,696.3118,0.5383976
696.8502,696.3118,0.5383886
696.8502,696.3118,0.5383738
696.8502,696.3118,0.5383671
696.8502,696.3118,0.5383559
696.8502,696.312,0.5382099
696.8502,696.312,0.5381939
696.8502,696.3122,0.5379963
696.8502,696.3123,0.5379387
696.8502,696.3123,0.5379327
696.8502,696.3123,0.5379111
696.8502,696.3123,0.5379106
696.8502,696.3123,0.5378824
696.8502,696.3123,0.5378707
696.8502,696.3123,0.5378652
696.8502,696.3124,0.537815
696.8502,696.3124,0.5377638
696.8502,696.3125,0.5377084
696.8502,696.3125,0.5376867
696.8502,696.3126,0.537642
696.8502,696.3126,0.5376095
696.8502,696.3126,0.537577
696.8502,696.3127,0.537484
696.8502,696.3127,0.5374601
696.8502,696.3128,0.5374173
696.8502,696.3128,0.5374097
696.8502,696.3129,0.5373404
696.8502,696.3129,0.5372694
696.8502,696.3129,0.5372595
696.8502,696.313,0.537156
696.8502,696.313,0.5371512
696.8502,696.3131,0.5371064
696.8502,696.3131,0.5370877
696.8502,696.3131,0.537078
696.8502,696.3133,0.5369175
696.8502,696.3133,0.5368824
696.8502,696.3133,0.5368601
696.8502,696.3133,0.5368508
696.8502,696.3134,0.5368282
696.8502,696.3134,0.5368154
696.8502,696.3135,0.5366542
696.8502,696.3136,0.5366497
696.8502,696.3136,0.5365784
696.8502,696.3138,0.5364346
696.8502,696.3138,0.5364051
696.8502,696.3138,0.5363558
696.8502,696.3139,0.536337
696.8502,696.314,0.5362322
696.8502,696.314,0.5362282
696.8502,696.314,0.5362111
696.8502,696.314,0.5361912
696.8502,696.314,0.5361901
696.8502,696.314,0.5361779
696.8502,696.3141,0.5360899
696.8502,696.3142,0.5360157
696.8502,696.3144,0.5358106
696.8502,696.3146,0.5355611
696.8502,696.3147,0.5355437
696.8502,696.3147,0.5355202
696.8502,696.3147,0.5354555
696.8502,696.3148,0.5354157
696.8502,696.3149,0.5353204
696.8502,696.3151,0.5350607
696.8502,696.3152,0.5350486
696.8502,696.3153,0.5349283
696.8502,696.3153,0.5349253
696.8502,696.3156,0.5345851
696.8502,696.3159,0.5343441
696.8502,696.3159,0.5343102
696.8502,696.316,0.5342449
696.8502,696.3163,0.5338623
696.8502,696.3164,0.5337692
696.8502,696.3164,0.5337562
696.8502,696.3165,0.5336798
696.8502,696.3165,0.5336653
696.8502,696.3166,0.5336483
696.8502,696.3166,0.5335961
696.8502,696.3166,0.5335895
696.8502,696.3166,0.5335803
696.8502,696.3166,0.5335509
696.8502,696.3167,0.5335375
696.8502,696.3171,0.5331318
696.8502,696.3171,0.5330681
696.8502,696.3172,0.5329622
696.8502,696.3173,0.5329265
696.8502,696.3174,0.532775
696.8502,696.3175,0.5326712
696.8502,696.3176,0.5326462
696.8502,696.3176,0.5326269
696.8502,696.3176,0.5326253
696.8502,696.3176,0.5326181
696.8502,696.3177,0.5325175
696.8502,696.3177,0.5324806
696.8502,696.3177,0.5324599
696.8502,696.3178,0.5323763
696.8502,696.3179,0.5322946
696.8502,696.318,0.5321902
696.8502,696.318,0.5321845
696.8502,696.318,0.5321768
696.8502,696.318,0.5321618
696.8502,696.3181,0.5321054
696.8502,696.3181,0.5320955
696.8502,696.3181,0.5320642
696.8502,696.3181,0.5320507
696.8502,696.3182,0.5319875
696.8502,696.3182,0.5319795
696.8502,696.3182,0.5319795
696.8502,696.3183,0.531948
696.8502,696.3183,0.5319289
696.8502,696.3183,0.5319165
696.8502,696.3184,0.5318115
696.8502,696.3184,0.5317762
696.8502,696.3185,0.5317311
696.8502,696.3187,0.5315298
696.8502,696.3187,0.5315021
696.8502,696.3188,0.5313606
696.8502,696.3188,0.5313567
696.8502,696.3189,0.5313415
696.8502,696.3189,0.5313382
696.8502,696.3189,0.5313034
696.8502,696.3189,0.5312963
696.8502,696.3189,0.5312948
696.8502,696.319,0.5312496
696.8502,696.319,0.5312264
696.8502,696.319,0.5311817
696.8502,696.3191,0.531062
696.8502,696.3191,0.5310619
696.8502,696.3192,0.5310459
696.8502,696.3192,0.5309667
696.8502,696.3192,0.5309595
696.8502,696.3193,0.5309144
696.8502,696.3193,0.5308817
696.8502,696.3194,0.5308202
696.8502,696.3194,0.5307966
696.8502,696.3195,0.5307266
696.8502,696.3195,0.5307037
696.8502,696.3195,0.5306611
696.8502,696.3197,0.5304985
696.8502,696.3197,0.5304592
696.8502,696.3198,0.5304374
696.8502,696.3198,0.5304349
696.8502,696.3198,0.5304264
696.8502,696.3198,0.5304068
696.8502,696.3198,0.5303963
696.8502,696.3198,0.5303822
696.8502,696.3199,0.5303305
696.8502,696.3199,0.530279
696.8502,696.3199,0.5302581
696.8502,696.3199,0.5302567
696.8502,696.3199,0.5302529
696.8502,696.3199,0.5302523
696.8502,696.32,0.530199
696.8502,696.32,0.5301887
696.8502,696.3201,0.5301215
696.8502,696.3201,0.5300565
696.8502,696.3202,0.5300205
696.8502,696.3202,0.53001
696.8502,696.3202,0.5299801
696.8502,696.3203,0.5299465
696.8502,696.3203,0.5299229
696.8502,696.3203,0.5299203
696.8502,696.3203,0.529914
696.8502,696.3203,0.5299032
696.8502,696.3204,0.5297554
696.8502,696.3205,0.5297423
696.8502,696.3205,0.5297105
696.8502,696.3205,0.5297091
696.8502,696.3206,0.5296279
696.8502,696.3207,0.529533
696.8502,696.3207,0.5295304
696.8502,696.3207,0.5295164
696.8502,696.3207,0.529476
696.8502,696.3207,0.5294675
696.8502,696.3209,0.5293148
696.8502,696.321,0.529219
696.8502,696.321,0.5292175
696.8502,696.321,0.5292172
696.8502,696.321,0.5291972
696.8502,696.321,0.5291888
696.8502,696.321,0.5291558
696.8502,696.321,0.5291528
696.8502,696.3211,0.5291461
696.8502,696.3211,0.5291274
696.8502,696.3211,0.5291251
696.8502,696.3211,0.5291136
696.8502,696.3211,0.5290753
696.8502,696.3211,0.529063
696.8502,696.3212,0.5290014
696.8502,696.3212,0.5289812
696.8502,696.3212,0.5289719
696.8502,696.3212,0.5289595
696.8502,696.3212,0.5289501
696.8502,696.3213,0.52894
696.8502,696.3213,0.5289331
696.8502,696.3213,0.5289196
696.8502,696.3213,0.5288959
696.8502,696.3214,0.5288455
696.8502,696.3214,0.5288076
696.8502,696.3215,0.5287409
696.8502,696.3215,0.5286787
696.8502,696.3215,0.5286674
696.8502,696.3215,0.5286551
696.8502,696.3216,0.5286492
696.8502,696.3216,0.5286456
696.8502,696.3216,0.5286274
696.8502,696.3216,0.528614
696.8502,696.3216,0.5285799
696.8502,696.3216,0.5285777
696.8502,696.3216,0.5285756
696.8502,696.3216,0.5285722
696.8502,696.3216,0.528558
696.8502,696.3216,0.5285561
696.8502,696.3216,0.5285505
696.8502,696.3217,0.5284759
696.8502,696.3218,0.5284358
696.8502,696.3218,0.5284226
696.8502,696.3218,0.5284142
696.8502,696.3218,0.5283814
696.8502,696.3219,0.5283364
696.8502,696.3219,0.5283353
696.8502,696.3219,0.5283235
696.8502,696.3219,0.5283132
696.8502,696.3219,0.5282866
696.8502,696.3219,0.5282786
696.8502,696.3219,0.5282729
696.8502,696.3219,0.5282645
696.8502,696.322,0.5282462
696.8502,696.322,0.5282449
696.8502,696.322,0.5282149
696.8502,696.322,0.528208
696.8502,696.322,0.5282071
696.8502,696.322,0.5281874
696.8502,696.322,0.5281851
696.8502,696.322,0.5281511
696.8502,696.3221,0.5281411
696.8502,696.3221,0.5281105
696.8502,696.3221,0.5280636
696.8502,696.3222,0.5280344
696.8502,696.3222,0.5280208
696.8502,696.3222,0.5279899
696.8502,696.3222,0.5279652
696.8502,696.3223,0.5279243
696.8502,696.3223,0.5278821
696.8502,696.3223,0.5278781
696.8502,696.3224,0.527846
696.8502,696.3224,0.5278413
696.8502,696.3224,0.5278257
696.8502,696.3224,0.5278136
696.8502,696.3224,0.5277734
696.8502,696.3224,0.5277573
696.8502,696.3225,0.5277252
696.8502,696.3225,0.5277181
696.8502,696.3225,0.5277096
696.8502,696.3225,0.5276699
696.8502,696.3226,0.5276399
696.8502,696.3226,0.5276348
696.8502,696.3226,0.5276299
696.8502,696.3226,0.5276048
696.8502,696.3226,0.5276034
696.8502,696.3227,0.5275484
696.8502,696.3227,0.5275329
696.8502,696.3227,0.527509
696.8502,696.3227,0.5274976
696.8502,696.3227,0.5274674
696.8502,696.3228,0.5274311
696.8502,696.3228,0.5274176
696.8502,696.3228,0.5273993
696.8502,696.3228,0.5273913
696.8502,696.3228,0.5273597
696.8502,696.3228,0.5273529
696.8502,696.3229,0.5272777
696.8502,696.3229,0.5272577
696.8502,696.323,0.5272469
696.8502,696.323,0.527225
696.8502,696.323,0.5271918
696.8502,696.3231,0.5271355
696.8502,696.3231,0.5271307
696.8502,696.3231,0.527114
696.8502,696.3231,0.5271107
696.8502,696.3231,0.5271
696.8502,696.3231,0.5270849
696.8502,696.3231,0.5270591
696.8502,696.3231,0.5270504
696.8502,696.3232,0.5270496
696.8502,696.3232,0.5270309
696.8502,696.3232,0.5270207
696.8502,696.3232,0.5270026
696.8502,696.3232,0.5269819
696.8502,696.3232,0.5269808
696.8502,696.3232,0.5269671
696.8502,696.3232,0.526967
696.8502,696.3233,0.5269231
696.8502,696.3233,0.526921
696.8502,696.3233,0.5268873
696.8502,696.3234,0.526814
696.8502,696.3234,0.5267861
696.8502,696.3235,0.5267303
696.8502,696.3235,0.526688
696.8502,696.3235,0.5266771
696.8502,696.3236,0.526639
696.8502,696.3236,0.5266321
696.8502,696.3236,0.5266162
696.8502,696.3236,0.5265766
696.8502,696.3236,0.5265664
696.8502,696.3237,0.5265417
696.8502,696.3237,0.526518
696.8502,696.3237,0.5264955
696.8502,696.3237,0.5264562
696.8502,696.3238,0.5264093
696.8502,696.3238,0.5263966
696.8502,696.3238,0.5263798
696.8502,696.3239,0.526333
696.8502,696.3239,0.5262653
696.8502,696.324,0.5262498
696.8502,696.324,0.5262439
696.8502,696.324,0.5261978
696.8502,696.324,0.5261626
696.8502,696.3241,0.5260921
696.8502,696.3241,0.5260603
696.8502,696.3241,0.5260551
696.8502,696.3241,0.5260526
696.8502,696.3242,0.5260151
696.8502,696.3242,0.5259976
696.8502,696.3242,0.5259902
696.8502,696.3242,0.5259836
696.8502,696.3242,0.5259557
696.8502,696.3243,0.5259365
696.8502,696.3243,0.5259197
696.8502,696.3243,0.5258973
696.8502,696.3243,0.5258925
696.8502,696.3244,0.525849
696.8502,696.3244,0.5257636
696.8502,696.3245,0.5257314
696.8502,696.3245,0.5257283
696.8502,696.3245,0.5256857
696.8502,696.3245,0.5256695
696.8502,696.3246,0.5255736
696.8502,696.3246,0.5255638
696.8502,696.3247,0.5254965
696.8502,696.3247,0.5254783
696.8502,696.3247,0.5254674
696.8502,696.3247,0.5254569
696.8502,696.3248,0.5254335
696.8502,696.3248,0.5254147
696.8502,696.3248,0.525411
696.8502,696.3248,0.5254105
696.8502,696.3249,0.5253151
696.8502,696.3249,0.5252652
696.8502,696.325,0.5252323
696.8502,696.325,0.525193
696.8502,696.325,0.5251864
696.8502,696.3251,0.5251494
696.8502,696.3251,0.5251265
696.8502,696.3251,0.5250833
696.8502,696.3251,0.5250673
696.8502,696.3252,0.5250225
696.8502,696.3254,0.5248495
696.8502,696.3254,0.5248493
696.8502,696.3254,0.5248355
696.8502,696.3254,0.5248278
696.8502,696.3254,0.5248218
696.8502,696.3254,0.5248077
696.8502,696.3254,0.5247722
696.8502,696.3254,0.5247609
696.8502,696.3254,0.524755
696.8502,696.3255,0.5247324
696.8502,696.3256,0.5245905
696.8502,696.3256,0.5245662
696.8502,696.3257,0.5244865
696.8502,696.3257,0.5244737
696.8502,696.3258,0.5244257
696.8502,696.3258,0.5244122
696.8502,696.3258,0.5243758
696.8502,696.3258,0.524371
696.8502,696.3258,0.5243709
696.8502,696.3258,0.5243631
696.8502,696.3259,0.5243117
696.8502,696.3259,0.5243046
696.8502,696.3259,0.5242698
696.8502,696.326,0.5242388
696.8502,696.326,0.5242349
696.8502,696.326,0.5242345
696.8502,696.326,0.5242292
696.8502,696.326,0.5242221
696.8502,696.326,0.524162
696.8502,696.3261,0.5240775
696.8502,696.3262,0.5240198
696.8502,696.3262,0.5239843
696.8502,696.3262,0.5239567
696.8502,696.3263,0.5239326
696.8502,696.3263,0.5239155
696.8502,696.3263,0.5239154
696.8502,696.3263,0.523901
696.8502,696.3264,0.5238324
696.8502,696.3264,0.5238313
696.8502,696.3264,0.5238275
696.8502,696.3264,0.5238189
696.8502,696.3264,0.523758
696.8502,696.3265,0.5236588
696.8502,696.3266,0.5236318
696.8502,696.3266,0.5235967
696.8502,696.3266,0.523574
696.8502,696.3267,0.5235212
696.8502,696.3267,0.5235198
696.8502,696.3267,0.5235178
696.8502,696.3267,0.523512
696.8502,696.3267,0.5234627
696.8502,696.3268,0.523417
696.8502,696.3268,0.523381
696.8502,696.3269,0.5232831
696.8502,696.3269,0.5232512
696.8502,696.327,0.5232162
696.8502,696.327,0.5231679
696.8502,696.3271,0.5231381
696.8502,696.3271,0.5231117
696.8502,696.3271,0.5231058
696.8502,696.3271,0.5230982
696.8502,696.3271,0.5230754
696.8502,696.3271,0.5230607
696.8502,696.3272,0.5230121
696.8502,696.3272,0.5229632
696.8502,696.3272,0.522963
696.8502,696.3273,0.522947
696.8502,696.3274,0.522798
696.8502,696.3274,0.5227958
696.8502,696.3275,0.5227221
696.8502,696.3275,0.5227067
696.8502,696.3275,0.5226966
696.8502,696.3275,0.5226873
696.8502,696.3276,0.5226488
696.8502,696.3276,0.5226316
696.8502,696.3276,0.5225766
696.8502,696.3276,0.5225653
696.8502,696.3277,0.522511
696.8502,696.3277,0.5225108
696.8502,696.3278,0.5224475
696.8502,696.3278,0.5223985
696.8502,696.3278,0.5223909
696.8502,696.3278,0.5223847
696.8502,696.3278,0.5223609
696.8502,696.3279,0.5223455
696.8502,696.3279,0.5223447
696.8502,696.3279,0.522267
696.8502,696.328,0.5221828
696.8502,696.3282,0.522035
696.8502,696.3283,0.5219269
696.8502,696.3283,0.5218987
696.8502,696.3283,0.5218776
696.8502,696.3283,0.5218506
696.8502,696.3284,0.5218285
696.8502,696.3284,0.5218191
696.8502,696.3284,0.5218068
696.8502,696.3284,0.5217985
696.8502,696.3285,0.5216835
696.8502,696.3285,0.5216828
696.8502,696.3285,0.521652
696.8502,696.3286,0.5215558
696.8502,696.3287,0.5215384
696.8502,696.3287,0.521498
696.8502,696.3287,0.5214679
696.8502,696.3287,0.5214578
696.8502,696.3288,0.5214159
696.8502,696.3288,0.5214021
696.8502,696.3288,0.5213968
696.8502,696.3289,0.521279
696.8502,696.3289,0.5212667
696.8502,696.3289,0.5212593
696.8502,696.329,0.521244
696.8502,696.329,0.5212139
696.8502,696.329,0.521191
696.8502,696.329,0.5211591
696.8502,696.3291,0.5211349
696.8502,696.3292,0.521015
696.8502,696.3292,0.5209974
696.8502,696.3293,0.5209308
696.8502,696.3293,0.5208856
696.8502,696.3294,0.5208254
696.8502,696.3294,0.5207958
696.8502,696.3294,0.5207684
696.8502,696.3295,0.5206561
696.8502,696.3296,0.5206013
696.8502,696.3296,0.5205822
696.8502,696.3297,0.5205173
696.8502,696.3297,0.5204874
696.8502,696.3297,0.5204803
696.8502,696.3297,0.5204742
696.8502,696.3297,0.5204638
696.8502,696.3298,0.5203975
696.8502,696.3298,0.520371
696.8502,696.3298,0.5203618
696.8502,696.3298,0.5203505
696.8502,696.3299,0.5203322
696.8502,696.3299,0.5203154
696.8502,696.3299,0.5202631
696.8502,696.3299,0.5202587
696.8502,696.33,0.5202479
696.8502,696.33,0.5202266
696.8502,696.33,0.5201878
696.8502,696.3302,0.5200456
696.8502,696.3302,0.5200146
696.8502,696.3302,0.5199655
696.8502,696.3303,0.5199159
696.8502,696.3303,0.5198526
696.8502,696.3304,0.5198371
696.8502,696.3304,0.5197998
696.8502,696.3304,0.5197719
696.8502,696.3305,0.5197324
696.8502,696.3305,0.5196519
696.8502,696.3306,0.5196303
696.8502,696.3306,0.5196019
696.8502,696.3306,0.5195836
696.8502,696.3307,0.5195206
696.8502,696.3307,0.5195201
696.8502,696.3307,0.5194769
696.8502,696.3308,0.519431
696.8502,696.3308,0.5193624
696.8502,696.3309,0.51935
696.8502,696.3309,0.5193365
696.8502,696.3309,0.5193355
696.8502,696.3309,0.5192896
696.8502,696.3309,0.5192546
696.8502,696.331,0.5192361
696.8502,696.331,0.5192306
696.8502,696.331,0.5191501
696.8502,696.3311,0.5191429
696.8502,696.3311,0.5190926
696.8502,696.3311,0.5190539
696.8502,696.3312,0.5190295
696.8502,696.3312,0.5190122
696.8502,696.3312,0.5189883
696.8502,696.3312,0.5189524
696.8502,696.3313,0.5189225
696.8502,696.3313,0.5189115
696.8502,696.3313,0.518904
696.8502,696.3313,0.518892
696.8502,696.3313,0.5188671
696.8502,696.3313,0.5188603
696.8502,696.3313,0.5188512
696.8502,696.3314,0.5188339
696.8502,696.3314,0.518823
696.8502,696.3314,0.5187803
696.8502,696.3315,0.518749
696.8502,696.3315,0.5187162
696.8502,696.3316,0.5186357
696.8502,696.3316,0.5186296
696.8502,696.3316,0.5186068
696.8502,696.3316,0.5185778
696.8502,696.3317,0.5185279
696.8502,696.3317,0.5185115
696.8502,696.3318,0.5184287
696.8502,696.3318,0.5184179
696.8502,696.3318,0.5183866
696.8502,696.3318,0.5183833
696.8502,696.3318,0.5183547
696.8502,696.3319,0.5183414
696.8502,696.3319,0.5183337
696.8502,696.3319,0.518312
696.8502,696.3319,0.5182941
696.8502,696.3319,0.5182543
696.8502,696.332,0.5182161
696.8502,696.332,0.518216
696.8502,696.332,0.5181509
696.8502,696.3321,0.5181117
696.8502,696.3322,0.5180418
696.8502,696.3322,0.5180387
696.8502,696.3322,0.5180036
696.8502,696.3322,0.5179919
696.8502,696.3322,0.5179621
696.8502,696.3324,0.5178363
696.8502,696.3324,0.5178333
696.8502,696.3324,0.5177941
696.8502,696.3324,0.5177735
696.8502,696.3324,0.517768
696.8502,696.3325,0.5177075
696.8502,696.3325,0.5176703
696.8502,696.3326,0.5176456
696.8502,696.3326,0.5176239
696.8502,696.3326,0.5175951
696.8502,696.3326,0.517565
696.8502,696.3327,0.517532
696.8502,696.3327,0.5174991
696.8502,696.3327,0.5174916
696.8502,696.3327,0.5174896
696.8502,696.3328,0.5174028
696.8502,696.3328,0.5173863
696.8502,696.3329,0.5172956
696.8502,696.3329,0.5172861
696.8502,696.3329,0.5172525
696.8502,696.333,0.5172408
696.8502,696.333,0.5172333
696.8502,696.333,0.5171855
696.8502,696.333,0.5171663
696.8502,696.3331,0.5171321
696.8502,696.3331,0.5170741
696.8502,696.3332,0.5170372
696.8502,696.3333,0.5169283
696.8502,696.3333,0.5169178
696.8502,696.3333,0.5168731
696.8502,696.3334,0.5168136
696.8502,696.3334,0.5168126
696.8502,696.3334,0.5168013
696.8502,696.3334,0.5167862
696.8502,696.3335,0.5167454
696.8502,696.3335,0.5167319
696.8502,696.3335,0.5167305
696.8502,696.3335,0.5167146
696.8502,696.3335,0.5166559
696.8502,696.3336,0.5166141
696.8502,696.3337,0.5165492
696.8502,696.3337,0.5165291
696.8502,696.3337,0.516508
696.8502,696.3337,0.5164908
696.8502,696.3337,0.5164692
696.8502,696.3338,0.5164476
696.8502,696.3338,0.5164372
696.8502,696.3338,0.5164142
696.8502,696.3338,0.516398
696.8502,696.3338,0.5163868
696.8502,696.3338,0.516379
696.8502,696.3338,0.5163687
696.8502,696.3339,0.5163487
696.8502,696.3339,0.516334
696.8502,696.3339,0.5162841
696.8502,696.334,0.5162471
696.8502,696.334,0.5161988
696.8502,696.334,0.516193
696.8502,696.334,0.5161825
696.8502,696.334,0.5161825
696.8502,696.334,0.5161775
696.8502,696.334,0.5161682
696.8502,696.3341,0.5161201
696.8502,696.3342,0.5159744
696.8502,696.3342,0.5159716
696.8502,696.3342,0.5159716
696.8502,696.3342,0.5159627
696.8502,696.3343,0.5159431
696.8502,696.3344,0.5158269
696.8502,696.3344,0.5157815
696.8502,696.3345,0.5157223
696.8502,696.3345,0.5156663
696.8502,696.3346,0.51564
696.8502,696.3346,0.5156228
696.8502,696.3346,0.5156181
696.8502,696.3346,0.5156154
696.8502,696.3346,0.5155692
696.8502,696.3346,0.515568
696.8502,696.3347,0.5155337
696.8502,696.3347,0.5154934
696.8502,696.3347,0.5154846
696.8502,696.3347,0.5154745
696.8502,696.3347,0.5154655
696.8502,696.3347,0.5154577
696.8502,696.3348,0.5154317
696.8502,696.3348,0.5154169
696.8502,696.3348,0.5153768
696.8502,696.3348,0.5153695
696.8502,696.3349,0.5153305
696.8502,696.3349,0.5153028
696.8502,696.3349,0.5152673
696.8502,696.335,0.5152426
696.8502,696.335,0.5152317
696.8502,696.335,0.5151943
696.8502,696.335,0.5151902
696.8502,696.335,0.5151852
696.8502,696.335,0.5151634
696.8502,696.335,0.5151632
696.8502,696.3351,0.5151353
696.8502,696.3351,0.5151121
696.8502,696.3351,0.5150842
696.8502,696.3351,0.5150815
696.8502,696.3352,0.5150183
696.8502,696.3353,0.5149495
696.8502,696.3353,0.5149483
696.8502,696.3353,0.5149145
696.8502,696.3354,0.5148345
696.8502,696.3354,0.5148332
696.8502,696.3354,0.5147759
696.8502,696.3354,0.5147699
696.8502,696.3354,0.5147611
696.8502,696.3354,0.5147582
696.8502,696.3355,0.5147392
696.8502,696.3355,0.5147388
696.8502,696.3355,0.5147331
696.8502,696.3355,0.5147094
696.8502,696.3355,0.5147054
696.8502,696.3355,0.5146973
696.8502,696.3356,0.5146212
696.8502,696.3356,0.5145831
696.8502,696.3356,0.5145596
696.8502,696.3357,0.5145379
696.8502,696.3357,0.5144996
696.8502,696.3357,0.5144868
696.8502,696.3357,0.5144807
696.8502,696.3357,0.5144735
696.8502,696.3358,0.5144359
696.8502,696.3358,0.514429
696.8502,696.3358,0.5144131
696.8502,696.3359,0.5143295
696.8502,696.3359,0.5143273
696.8502,696.3359,0.5143245
696.8502,696.3359,0.5142731
696.8502,696.3359,0.5142636
696.8502,696.336,0.5142298
696.8502,696.336,0.5142154
696.8502,696.336,0.5142141
696.8502,696.336,0.5142041
696.8502,696.336,0.5141985
696.8502,696.3361,0.5141327
696.8502,696.3361,0.5141247
696.8502,696.3361,0.5141017
696.8502,696.3361,0.5140788
696.8502,696.3362,0.5140191
696.8502,696.3362,0.5140089
696.8502,696.3362,0.5139894
696.8502,696.3362,0.5139816
696.8502,696.3362,0.5139649
696.8502,696.3364,0.5138482
696.8502,696.3364,0.5138336
696.8502,696.3364,0.5138269
696.8502,696.3364,0.513814
696.8502,696.3364,0.5138133
696.8502,696.3364,0.5137747
696.8502,696.3364,0.5137617
696.8502,696.3364,0.5137605
696.8502,696.3365,0.5137227
696.8502,696.3365,0.5136977
696.8502,696.3365,0.5136901
696.8502,696.3365,0.5136696
696.8502,696.3366,0.5136364
696.8502,696.3366,0.5136273
696.8502,696.3366,0.5136029
696.8502,696.3367,0.5135447
696.8502,696.3367,0.5135402
696.8502,696.3367,0.5134999
696.8502,696.3367,0.5134588
696.8502,696.3367,0.5134583
696.8502,696.3368,0.5134484
696.8502,696.3368,0.5134397
696.8502,696.3368,0.5134236
696.8502,696.3369,0.5133352
696.8502,696.3369,0.5133053
696.8502,696.3369,0.51326
696.8502,696.337,0.5132481
696.8502,696.337,0.5132449
696.8502,696.337,0.5132409
696.8502,696.337,0.5132409
696.8502,696.337,0.5131788
696.8502,696.337,0.5131553
696.8502,696.337,0.5131553
696.8502,696.3371,0.5131122
696.8502,696.3371,0.5130755
696.8502,696.3371,0.5130609
696.8502,696.3372,0.5130315
696.8502,696.3372,0.5129591
696.8502,696.3373,0.5129409
696.8502,696.3373,0.5129353
696.8502,696.3373,0.5129227
696.8502,696.3373,0.512895
696.8502,696.3373,0.512873
696.8502,696.3373,0.5128539
696.8502,696.3374,0.5127649
696.8502,696.3375,0.5127488
696.8502,696.3375,0.5127477
696.8502,696.3375,0.5127051
696.8502,696.3375,0.5126829
696.8502,696.3375,0.5126643
696.8502,696.3375,0.5126643
696.8502,696.3376,0.5126369
696.8502,696.3376,0.5126274
696.8502,696.3376,0.5126141
696.8502,696.3376,0.5125597
696.8502,696.3377,0.5125471
696.8502,696.3377,0.5125273
696.8502,696.3377,0.5125071
696.8502,696.3377,0.5125068
696.8502,696.3377,0.5124991
696.8502,696.3377,0.5124968
696.8502,696.3378,0.5124462
696.8502,696.3378,0.5124215
696.8502,696.3378,0.5124159
696.8502,696.3378,0.5123541
696.8502,696.3379,0.5123448
696.8502,696.3379,0.5123423
696.8502,696.3379,0.5122899
696.8502,696.3379,0.512259
696.8502,696.3379,0.5122589
696.8502,696.338,0.5121912
696.8502,696.3381,0.512131
696.8502,696.3381,0.512121
696.8502,696.3381,0.5121165
696.8502,696.3381,0.5121048
696.8502,696.3381,0.5120849
696.8502,696.3381,0.5120631
696.8502,696.3381,0.5120502
696.8502,696.3382,0.5120347
696.8502,696.3382,0.5120306
696.8502,696.3382,0.512025
696.8502,696.3382,0.5120239
696.8502,696.3382,0.5120105
696.8502,696.3382,0.5120054
696.8502,696.3382,0.5119973
696.8502,696.3382,0.5119856
696.8502,696.3382,0.5119794
696.8502,696.3383,0.5119202
696.8502,696.3383,0.5119041
696.8502,696.3384,0.5118183
696.8502,696.3384,0.5118094
696.8502,696.3384,0.5118081
696.8502,696.3384,0.5117793
696.8502,696.3384,0.5117554
696.8502,696.3385,0.5117491
696.8502,696.3385,0.5116995
696.8502,696.3385,0.5116614
696.8502,696.3385,0.5116563
696.8502,696.3385,0.5116561
696.8502,696.3386,0.5116333
696.8502,696.3386,0.511627
696.8502,696.3386,0.5116076
696.8502,696.3386,0.5115815
696.8502,696.3387,0.5115177
696.8502,696.3387,0.5115049
696.8502,696.3387,0.5114996
696.8502,696.3387,0.511495
696.8502,696.3387,0.5114569
696.8502,696.3388,0.5113867
696.8502,696.3388,0.5113855
696.8502,696.3388,0.5113584
696.8502,696.3388,0.5113581
696.8502,696.3389,0.5112965
696.8502,696.3389,0.511294
696.8502,696.3389,0.5112708
696.8502,696.339,0.5112138
696.8502,696.339,0.5111753
696.8502,696.339,0.5111611
696.8502,696.3391,0.5111151
696.8502,696.3391,0.5111129
696.8502,696.3391,0.5110724
696.8502,696.3391,0.5110539
696.8502,696.3392,0.5110264
696.8502,696.3392,0.5110005
696.8502,696.3392,0.5109772
696.8502,696.3393,0.5109193
696.8502,696.3393,0.5109035
696.8502,696.3393,0.5108709
696.8502,696.3394,0.5108349
696.8502,696.3394,0.5108012
696.8502,696.3394,0.5108002
696.8502,696.3394,0.5107742
696.8502,696.3394,0.5107502
696.8502,696.3395,0.5106999
696.8502,696.3395,0.5106849
696.8502,696.3395,0.5106675
696.8502,696.3396,0.51063
696.8502,696.3396,0.5106284
696.8502,696.3396,0.5105551
696.8502,696.3397,0.5105465
696.8502,696.3397,0.5105432
696.8502,696.3397,0.510504
696.8502,696.3397,0.5104941
696.8502,696.3397,0.5104846
696.8502,696.3397,0.5104829
696.8502,696.3397,0.5104789
696.8502,696.3397,0.5104606
696.8502,696.3398,0.510443
696.8502,696.3398,0.5104375
696.8502,696.3398,0.5103992
696.8502,696.3398,0.510362
696.8502,696.3399,0.5103293
696.8502,696.3399,0.5103231
696.8502,696.3399,0.5103011
696.8502,696.3399,0.5102837
696.8502,696.3399,0.510278
696.8502,696.3399,0.5102598
696.8502,696.3399,0.5102559
696.8502,696.3399,0.5102549
696.8502,696.34,0.5102452
696.8502,696.34,0.5102352
696.8502,696.34,0.5101695
696.8502,696.3401,0.5101454
696.8502,696.3401,0.5101205
696.8502,696.3401,0.5101172
696.8502,696.3401,0.5100855
696.8502,696.3401,0.510081
696.8502,696.3401,0.5100683
696.8502,696.3402,0.5100034
696.8502,696.3402,0.5099863
696.8502,696.3402,0.5099681
696.8502,696.3402,0.5099603
696.8502,696.3403,0.509927
696.8502,696.3403,0.5099192
696.8502,696.3403,0.5099174
696.8502,696.3403,0.5098504
696.8502,696.3404,0.5098448
696.8502,696.3404,0.5098409
696.8502,696.3404,0.5098404
696.8502,696.3404,0.5098269
696.8502,696.3404,0.5098256
696.8502,696.3404,0.5098088
696.8502,696.3404,0.5098057
696.8502,696.3404,0.5097581
696.8502,696.3404,0.5097533
696.8502,696.3405,0.5097469
696.8502,696.3405,0.5097464
696.8502,696.3405,0.5097221
696.8502,696.3405,0.5097206
696.8502,696.3405,0.5097118
696.8502,696.3405,0.5097102
696.8502,696.3405,0.5097038
696.8502,696.3405,0.5097006
696.8502,696.3405,0.5096845
696.8502,696.3405,0.5096844
696.8502,696.3405,0.5096793
696.8502,696.3405,0.5096749
696.8502,696.3405,0.5096732
696.8502,696.3405,0.5096605
696.8502,696.3405,0.5096566
696.8502,696.3406,0.5096329
696.8502,696.3406,0.5096231
696.8502,696.3406,0.5095998
696.8502,696.3406,0.509593
696.8502,696.3407,0.5095397
696.8502,696.3407,0.5094949
696.8502,696.3408,0.5094418
696.8502,696.3408,0.5094259
696.8502,696.3408,0.5094171
696.8502,696.3408,0.5094003
696.8502,696.3408,0.5093978
696.8502,696.3408,0.5093977
696.8502,696.3408,0.509389
696.8502,696.3408,0.5093874
696.8502,696.3408,0.5093744
696.8502,696.3409,0.5093163
696.8502,696.3409,0.5093161
696.8502,696.3409,0.5092896
696.8502,696.3409,0.5092814
696.8502,696.3409,0.5092792
696.8502,696.3409,0.509277
696.8502,696.3409,0.509273
696.8502,696.3409,0.5092697
696.8502,696.3409,0.5092686
696.8502,696.3409,0.5092535
696.8502,696.3409,0.5092503
696.8502,696.341,0.5092433
696.8502,696.341,0.5092359
696.8502,696.341,0.5092098
696.8502,696.341,0.5092027
696.8502,696.341,0.5091916
696.8502,696.341,0.5091843
696.8502,696.341,0.5091735
696.8502,696.3411,0.5091123
696.8502,696.3411,0.5091108
696.8502,696.3411,0.5090986
696.8502,696.3411,0.5090848
696.8502,696.3411,0.5090695
696.8502,696.3412,0.5090496
696.8502,696.3412,0.5090253
696.8502,696.3412,0.5090108
696.8502,696.3412,0.5089841
696.8502,696.3412,0.5089652
696.8502,696.3412,0.5089536
696.8502,696.3413,0.5089427
696.8502,696.3413,0.5089425
696.8502,696.3413,0.5089317
696.8502,696.3413,0.5089197
696.8502,696.3413,0.5089166
696.8502,696.3413,0.5089018
696.8502,696.3413,0.5089009
696.8502,696.3413,0.508897
696.8502,696.3413,0.5088967
696.8502,696.3413,0.5088892
696.8502,696.3413,0.50888
696.8502,696.3413,0.508873
696.8502,696.3414,0.5088336
696.8502,696.3414,0.5088239
696.8502,696.3414,0.5088152
696.8502,696.3414,0.5088147
696.8502,696.3414,0.5088123
696.8502,696.3414,0.5087837
696.8502,696.3415,0.5087385
696.8502,696.3415,0.5087104
696.8502,696.3415,0.5087094
696.8502,696.3415,0.5086977
696.8502,696.3415,0.5086967
696.8502,696.3415,0.5086916
696.8502,696.3415,0.5086777
696.8502,696.3415,0.5086666
696.8502,696.3415,0.5086604
696.8502,696.3415,0.5086545
696.8502,696.3416,0.5086451
696.8502,696.3416,0.5086375
696.8502,696.3416,0.5086248
696.8502,696.3416,0.5085827
696.8502,696.3416,0.5085585
696.8502,696.3417,0.5085484
696.8502,696.3417,0.5085353
696.8502,696.3417,0.508518
696.8502,696.3417,0.5085083
696.8502,696.3417,0.5084926
696.8502,696.3417,0.5084897
696.8502,696.3417,0.5084606
696.8502,696.3418,0.5084346
696.8502,696.3418,0.508422
696.8502,696.3418,0.5084055
696.8502,696.3419,0.5083243
696.8502,696.3419,0.5083185
696.8502,696.3419,0.5083166
696.8502,696.3419,0.5083105
696.8502,696.3419,0.5082746
696.8502,696.3419,0.5082526
696.8502,696.3419,0.5082525
696.8502,696.342,0.5082299
696.8502,696.342,0.5082089
696.8502,696.342,0.5082082
696.8502,696.342,0.5081966
696.8502,696.342,0.5081932
696.8502,696.342,0.5081924
696.8502,696.342,0.5081733
696.8502,696.342,0.5081652
696.8502,696.3421,0.5081485
696.8502,696.3421,0.5081373
696.8502,696.3421,0.5081279
696.8502,696.3421,0.5081105
696.8502,696.3421,0.5080998
696.8502,696.3421,0.5080984
696.8502,696.3421,0.5080745
696.8502,696.3421,0.5080713
696.8502,696.3421,0.5080655
696.8502,696.3421,0.5080627
696.8502,696.3422,0.5080342
696.8502,696.3422,0.5080185
696.8502,696.3422,0.5080014
696.8502,696.3422,0.5079923
696.8502,696.3422,0.5079852
696.8502,696.3422,0.5079771
696.8502,696.3422,0.5079767
696.8502,696.3422,0.5079763
696.8502,696.3422,0.5079626
696.8502,696.3423,0.5079488
696.8502,696.3423,0.5079434
696.8502,696.3423,0.5079156
696.8502,696.3423,0.5079135
696.8502,696.3423,0.5079042
696.8502,696.3423,0.507897
696.8502,696.3423,0.5078968
696.8502,696.3423,0.507878
696.8502,696.3423,0.5078728
696.8502,696.3423,0.50787
696.8502,696.3423,0.5078557
696.8502,696.3424,0.5078373
696.8502,696.3424,0.5078029
696.8502,696.3424,0.5078002
696.8502,696.3424,0.5077987
696.8502,696.3424,0.5077949
696.8502,696.3424,0.5077782
696.8502,696.3424,0.5077582
696.8502,696.3425,0.5077453
696.8502,696.3425,0.50772
696.8502,696.3425,0.507717
696.8502,696.3425,0.5076927
696.8502,696.3425,0.5076695
696.8502,696.3426,0.507639
696.8502,696.3426,0.5076389
696.8502,696.3426,0.5076048
696.8502,696.3426,0.5075893
696.8502,696.3426,0.5075573
696.8502,696.3427,0.5075444
696.8502,696.3427,0.5075105
696.8502,696.3427,0.507497
696.8502,696.3428,0.5074456
696.8502,696.3428,0.5074433
696.8502,696.3428,0.5074032
696.8502,696.3428,0.5073953
696.8502,696.3428,0.507377
696.8502,696.3428,0.5073668
696.8502,696.3429,0.5073437
696.8502,696.3429,0.507317
696.8502,696.3429,0.507273
696.8502,696.3429,0.5072677
696.8502,696.3429,0.5072665
696.8502,696.3429,0.5072663
696.8502,696.343,0.5072489
696.8502,696.343,0.5072363
696.8502,696.343,0.5072152
696.8502,696.343,0.5071889
696.8502,696.343,0.5071729
696.8502,696.3431,0.5071493
696.8502,696.3431,0.5070947
696.8502,696.3431,0.5070665
696.8502,696.3431,0.5070657
696.8502,696.3431,0.5070582
696.8502,696.3432,0.5070353
696.8502,696.3432,0.5070076
696.8502,696.3432,0.5069712
696.8502,696.3432,0.5069557
696.8502,696.3433,0.5069498
696.8502,696.3433,0.5069447
696.8502,696.3433,0.5069389
696.8502,696.3433,0.5069369
696.8502,696.3433,0.5069242
696.8502,696.3433,0.5068864
696.8502,696.3433,0.5068761
696.8502,696.3433,0.5068694
696.8502,696.3433,0.5068582
696.8502,696.3434,0.5068302
696.8502,696.3434,0.5068144
696.8502,696.3434,0.5068133
696.8502,696.3434,0.5068033
696.8502,696.3434,0.5067947
696.8502,696.3435,0.506742
696.8502,696.3435,0.506725
696.8502,696.3435,0.5067224
696.8502,696.3435,0.5067136
696.8502,696.3435,0.5067083
696.8502,696.3435,0.506696
696.8502,696.3435,0.5066853
696.8502,696.3435,0.5066796
696.8502,696.3435,0.506666
696.8502,696.3435,0.5066658
696.8502,696.3436,0.5066468
696.8502,696.3436,0.5066313
696.8502,696.3436,0.5066257
696.8502,696.3436,0.5066214
696.8502,696.3436,0.5066175
696.8502,696.3436,0.5066064
696.8502,696.3437,0.5065432
696.8502,696.3437,0.5065413
696.8502,696.3437,0.506535
696.8502,696.3437,0.5064614
696.8502,696.3438,0.5064143
696.8502,696.3438,0.5064054
696.8502,696.3438,0.5063906
696.8502,696.3438,0.5063775
696.8502,696.3438,0.5063715
696.8502,696.3438,0.5063604
696.8502,696.3439,0.506303
696.8502,696.3439,0.5062871
696.8502,696.3439,0.5062615
696.8502,696.344,0.5062047
696.8502,696.344,0.5061946
696.8502,696.344,0.5061833
696.8502,696.344,0.5061805
696.8502,696.344,0.5061622
696.8502,696.344,0.5061569
696.8502,696.3441,0.5061297
696.8502,696.3441,0.5060994
696.8502,696.3441,0.5060972
696.8502,696.3441,0.506075
696.8502,696.3441,0.5060742
696.8502,696.3442,0.5060469
696.8502,696.3442,0.5060234
696.8502,696.3442,0.5060058
696.8502,696.3442,0.5059939
696.8502,696.3442,0.5059731
696.8502,696.3443,0.5059209
696.8502,696.3443,0.5058613
696.8502,696.3443,0.5058568
696.8502,696.3443,0.5058504
696.8502,696.3444,0.5058486
696.8502,696.3444,0.505784
696.8502,696.3444,0.5057513
696.8502,696.3445,0.5057448
696.8502,696.3445,0.5057099
696.8502,696.3445,0.5057083
696.8502,696.3446,0.5056469
696.8502,696.3446,0.5056081
696.8502,696.3447,0.5055471
696.8502,696.3447,0.5055302
696.8502,696.3447,0.505516
696.8502,696.3447,0.5054593
696.8502,696.3448,0.5054441
696.8502,696.3448,0.5053766
696.8502,696.3448,0.505351
696.8502,696.3449,0.5053437
696.8502,696.3449,0.5053311
696.8502,696.3449,0.5052957
696.8502,696.3449,0.5052936
696.8502,696.3449,0.5052901
696.8502,696.3449,0.5052633
696.8502,696.3449,0.5052515
696.8502,696.345,0.5051739
696.8502,696.3451,0.5051274
696.8502,696.3451,0.5051114
696.8502,696.3451,0.5050916
696.8502,696.3451,0.5050694
696.8502,696.3452,0.5050145
696.8502,696.3452,0.5050068
696.8502,696.3452,0.5050042
696.8502,696.3453,0.5049455
696.8502,696.3453,0.504941
696.8502,696.3453,0.5049346
696.8502,696.3453,0.5048816
696.8502,696.3454,0.5048192
696.8502,696.3454,0.5048124
696.8502,696.3454,0.5047832
696.8502,696.3456,0.5046262
696.8502,696.3456,0.5046197
696.8502,696.3456,0.504607
696.8502,696.3456,0.5045745
696.8502,696.3457,0.5044845
696.8502,696.3457,0.504473
696.8502,696.3457,0.5044666
696.8502,696.3457,0.5044645
696.8502,696.3457,0.5044575
696.8502,696.3458,0.5044421
696.8502,696.3458,0.5043973
696.8502,696.3458,0.5043685
696.8502,696.3459,0.5043448
696.8502,696.3459,0.504331
696.8502,696.3459,0.5043165
696.8502,696.3459,0.5043071
696.8502,696.3459,0.504275
696.8502,696.3459,0.5042605
696.8502,696.346,0.5042088
696.8502,696.346,0.5041774
696.8502,696.346,0.5041522
696.8502,696.3461,0.504149
696.8502,696.3461,0.5040864
696.8502,696.3462,0.5039696
696.8502,696.3462,0.5039514
696.8502,696.3463,0.5039344
696.8502,696.3463,0.5039269
696.8502,696.3463,0.5039182
696.8502,696.3463,0.5038509
696.8502,696.3464,0.5038035
696.8502,696.3464,0.5037983
696.8502,696.3464,0.5037546
696.8502,696.3465,0.5036692
696.8502,696.3465,0.5036689
696.8502,696.3465,0.5036581
696.8502,696.3466,0.5036223
696.8502,696.3466,0.5036157
696.8502,696.3466,0.5035874
696.8502,696.3466,0.5035554
696.8502,696.3467,0.5035216
696.8502,696.3467,0.5035097
696.8502,696.3467,0.5034887
696.8502,696.3467,0.5034826
696.8502,696.3467,0.5034735
696.8502,696.3467,0.5034627
696.8502,696.3468,0.5034266
696.8502,696.3468,0.5034103
696.8502,696.3468,0.5034072
696.8502,696.3468,0.5033579
696.8502,696.3469,0.5033482
696.8502,696.3469,0.5033049
696.8502,696.3469,0.5033023
696.8502,696.3469,0.5032875
696.8502,696.3469,0.5032762
696.8502,696.3469,0.5032637
696.8502,696.3469,0.5032535
696.8502,696.3469,0.5032518
696.8502,696.347,0.5032436
696.8502,696.347,0.5032046
696.8502,696.347,0.5031887
696.8502,696.3471,0.5031177
696.8502,696.3471,0.5030883
696.8502,696.3471,0.5030779
696.8502,696.3472,0.5030425
696.8502,696.3472,0.5030298
696.8502,696.3472,0.5030008
696.8502,696.3472,0.5030004
696.8502,696.3472,0.5029774
696.8502,696.3472,0.5029613
696.8502,696.3472,0.5029513
696.8502,696.3473,0.5029222
696.8502,696.3473,0.5029222
696.8502,696.3473,0.5028777
696.8502,696.3473,0.5028717
696.8502,696.3475,0.5027345
696.8502,696.3475,0.5027265
696.8502,696.3475,0.5027115
696.8502,696.3475,0.5026797
696.8502,696.3475,0.5026643
696.8502,696.3475,0.5026564
696.8502,696.3476,0.5026343
696.8502,696.3476,0.5026003
696.8502,696.3476,0.5025734
696.8502,696.3476,0.50257
696.8502,696.3477,0.502539
696.8502,696.3477,0.5025138
696.8502,696.3477,0.5024871
696.8502,696.3478,0.5024325
696.8502,696.3478,0.5023938
696.8502,696.3479,0.5023282
696.8502,696.3479,0.5022847
696.8502,696.348,0.5022259
696.8502,696.348,0.502211
696.8502,696.348,0.5021763
696.8502,696.348,0.5021717
696.8502,696.3481,0.5020832
696.8502,696.3481,0.502053
696.8502,696.3482,0.502016
696.8502,696.3482,0.5020018
696.8502,696.3482,0.5019884
696.8502,696.3482,0.5019567
696.8502,696.3483,0.5019076
696.8502,696.3483,0.5018747
696.8502,696.3483,0.5018678
696.8502,696.3484,0.5017775
696.8502,696.3485,0.501749
696.8502,696.3485,0.501674
696.8502,696.3485,0.5016705
696.8502,696.3485,0.5016608
696.8502,696.3486,0.5016417
696.8502,696.3486,0.5015816
696.8502,696.3486,0.5015645
696.8502,696.3486,0.5015618
696.8502,696.3487,0.5015228
696.8502,696.3487,0.5015151
696.8502,696.3487,0.5014529
696.8502,696.3488,0.5014434
696.8502,696.3488,0.5014296
696.8502,696.3489,0.5013279
696.8502,696.3489,0.5012959
696.8502,696.3489,0.5012896
696.8502,696.349,0.5012031
696.8502,696.349,0.5011793
696.8502,696.349,0.5011553
696.8502,696.3491,0.501146
696.8502,696.3491,0.5011351
696.8502,696.3491,0.5010801
696.8502,696.3492,0.5010463
696.8502,696.3492,0.5010413
696.8502,696.3492,0.5009692
696.8502,696.3493,0.5009494
696.8502,696.3493,0.5009377
696.8502,696.3493,0.5008967
696.8502,696.3493,0.500871
696.8502,696.3493,0.5008544
696.8502,696.3494,0.5008264
696.8502,696.3494,0.5007943
696.8502,696.3494,0.5007698
696.8502,696.3494,0.5007647
696.8502,696.3495,0.5007453
696.8502,696.3495,0.5007264
696.8502,696.3495,0.5006884
696.8502,696.3495,0.500667
696.8502,696.3496,0.5006138
696.8502,696.3496,0.5005651
696.8502,696.3497,0.5005062
696.8502,696.3497,0.5004793
696.8502,696.3497,0.5004597
696.8502,696.3497,0.5004594
696.8502,696.3498,0.5004035
696.8502,696.3498,0.5003684
696.8502,696.3499,0.5003342
696.8502,696.3499,0.5003313
696.8502,696.3499,0.500331
696.8502,696.3499,0.5003288
696.8502,696.3499,0.500317
696.8502,696.3499,0.5002999
696.8502,696.3499,0.5002983
696.8502,696.3499,0.5002715
696.8502,696.3499,0.5002585
696.8502,696.3499,0.5002527
696.8502,696.3499,0.5002525
696.8502,696.35,0.5002493
696.8502,696.35,0.5002177
696.8502,696.35,0.5002107
696.8502,696.35,0.5002021
696.8502,696.35,0.5001979
696.8502,696.35,0.5001863
696.8502,696.35,0.5001633
696.8502,696.3501,0.5001204
696.8502,696.3501,0.5000754
696.8502,696.3502,0.4999855
696.8502,696.3502,0.4999816
696.8502,696.3503,0.4999403
696.8502,696.3503,0.4999397
696.8502,696.3503,0.4998814
696.8502,696.3503,0.4998547
696.8502,696.3504,0.4998204
696.8502,696.3504,0.4998198
696.8502,696.3504,0.499778
696.8502,696.3504,0.4997737
696.8502,696.3505,0.4997099
696.8502,696.3505,0.499699
696.8502,696.3506,0.4996356
696.8502,696.3506,0.4996342
696.8502,696.3506,0.4996338
696.8502,696.3506,0.4996324
696.8502,696.3506,0.4996107
696.8502,696.3506,0.4995673
696.8502,696.3507,0.4995454
696.8502,696.3507,0.4995365
696.8502,696.3507,0.4995283
696.8502,696.3507,0.4995102
696.8502,696.3507,0.4995097
696.8502,696.3507,0.4994917
696.8502,696.3507,0.4994878
696.8502,696.3507,0.4994859
696.8502,696.3507,0.4994709
696.8502,696.3507,0.4994653
696.8502,696.3508,0.4994168
696.8502,696.3508,0.4993709
696.8502,696.3508,0.4993693
696.8502,696.3509,0.499336
696.8502,696.3509,0.499321
696.8502,696.3509,0.4992517
696.8502,696.351,0.4992151
696.8502,696.351,0.4991857
696.8502,696.3511,0.4990561
696.8502,696.3511,0.4990557
696.8502,696.3512,0.4990319
696.8502,696.3512,0.4989968
696.8502,696.3512,0.4989742
696.8502,696.3512,0.498965
696.8502,696.3512,0.4989562
696.8502,696.3513,0.4989286
696.8502,696.3513,0.4988508
696.8502,696.3514,0.498839
696.8502,696.3514,0.4988162
696.8502,696.3514,0.4988158
696.8502,696.3514,0.4987918
696.8502,696.3514,0.4987703
696.8502,696.3514,0.4987503
696.8502,696.3515,0.4987168
696.8502,696.3517,0.4984589
696.8502,696.3518,0.4984229
696.8502,696.3518,0.4983957
696.8502,696.3518,0.4983611
696.8502,696.3519,0.4983362
696.8502,696.3519,0.4983352
696.8502,696.3519,0.4983037
696.8502,696.3519,0.4983014
696.8502,696.352,0.4982292
696.8502,696.352,0.4982257
696.8502,696.352,0.4982255
696.8502,696.352,0.4982063
696.8502,696.352,0.4981613
696.8502,696.3521,0.4981412
696.8502,696.3521,0.4980679
696.8502,696.3521,0.4980532
696.8502,696.3522,0.4980109
696.8502,696.3522,0.4979962
696.8502,696.3522,0.4979909
696.8502,696.3523,0.4979428
696.8502,696.3524,0.4978006
696.8502,696.3524,0.4977939
696.8502,696.3524,0.497753
696.8502,696.3525,0.4977431
696.8502,696.3525,0.4977053
696.8502,696.3525,0.4977019
696.8502,696.3526,0.4976083
696.8502,696.3526,0.4975963
696.8502,696.3526,0.4975557
696.8502,696.3527,0.4975231
696.8502,696.3527,0.4974758
696.8502,696.3528,0.4974148
696.8502,696.3528,0.4974047
696.8502,696.3528,0.4973551
696.8502,696.3529,0.4972808
696.8502,696.353,0.4972069
696.8502,696.353,0.4972064
696.8502,696.353,0.4971791
696.8502,696.3531,0.4971465
696.8502,696.3531,0.4971288
696.8502,696.3531,0.4971177
696.8502,696.3531,0.4970904
696.8502,696.3532,0.4970213
696.8502,696.3532,0.4969658
696.8502,696.3533,0.4969159
696.8502,696.3533,0.4968859
696.8502,696.3534,0.4968199
696.8502,696.3534,0.4967855
696.8502,696.3534,0.4967514
696.8502,696.3535,0.4967484
696.8502,696.3535,0.4967334
696.8502,696.3535,0.4967332
696.8502,696.3535,0.4967319
696.8502,696.3535,0.4967285
696.8502,696.3535,0.4967155
696.8502,696.3535,0.4967142
696.8502,696.3535,0.496713
696.8502,696.3536,0.4966182
696.8502,696.3536,0.4965514
696.8502,696.3538,0.4964058
696.8502,696.3539,0.4962641
696.8502,696.354,0.4961798
696.8502,696.3541,0.4960752
696.8502,696.3542,0.4960319
696.8502,696.3543,0.4959083
696.8502,696.3545,0.4957134
696.8502,696.3545,0.4956916
696.8502,696.3546,0.4955714
696.8502,696.3547,0.4954909
696.8502,696.3547,0.4954763
696.8502,696.3549,0.4953416
696.8502,696.3551,0.4951314
696.8502,696.3551,0.4951275
696.8502,696.3551,0.4950853
696.8502,696.3552,0.4949753
696.8502,696.3552,0.4949665
696.8502,696.3552,0.4949564
696.8502,696.3553,0.4949151
696.8502,696.3554,0.4947526
696.8502,696.3557,0.4944661
696.8502,696.3559,0.4942561
696.8502,696.3559,0.4942517
696.8502,696.3561,0.4941014
696.8502,696.3561,0.4940902
696.8502,696.3563,0.4938729
696.8502,696.3564,0.49382
696.8502,696.3564,0.4938076
696.8502,696.3565,0.4936564
696.8502,696.3566,0.4936459
696.8502,696.3566,0.4936286
696.8502,696.3567,0.4934944
696.8502,696.3568,0.4933597
696.8502,696.357,0.493201
696.8502,696.357,0.4931618
696.8502,696.3572,0.4930429
696.8502,696.3573,0.4928927
696.8502,696.3573,0.4928503
696.8502,696.3574,0.4927668
696.8502,696.3575,0.4926988
696.8502,696.3577,0.4924713
696.8502,696.3578,0.4923704
696.8502,696.3579,0.4923218
696.8502,696.3579,0.492277
696.8502,696.358,0.4922488
696.8502,696.358,0.4922127
696.8502,696.358,0.4921801
696.8502,696.358,0.4921716
696.8502,696.3582,0.4920354
696.8502,696.3583,0.4918818
696.8502,696.3583,0.4918781
696.8502,696.3584,0.4918407
696.8502,696.3584,0.4918302
696.8502,696.3584,0.4918242
696.8502,696.3586,0.4915976
696.8502,696.3586,0.4915842
696.8502,696.3587,0.4915289
696.8502,696.3587,0.4914612
696.8502,696.3588,0.4914483
696.8502,696.3588,0.4913759
696.8502,696.3588,0.4913606
696.8502,696.3589,0.4912551
696.8502,696.3591,0.4911287
696.8502,696.3591,0.4911125
696.8502,696.3592,0.4909784
696.8502,696.3594,0.4908218
696.8502,696.3594,0.4907976
696.8502,696.3594,0.4907959
696.8502,696.3595,0.4907303
696.8502,696.3597,0.4905414
696.8502,696.3597,0.4905366
696.8502,696.3598,0.4904229
696.8502,696.3598,0.4903867
696.8502,696.3598,0.4903532
696.8502,696.36,0.490223
696.8502,696.3602,0.4900246
696.8502,696.3604,0.4898418
696.8502,696.3605,0.4897043
696.8502,696.3606,0.489617
696.8502,696.3606,0.4895811
696.8502,696.3607,0.4894508
696.8502,696.3608,0.4893919
696.8502,696.3609,0.4892814
696.8502,696.361,0.4891994
696.8502,696.361,0.4891783
696.8502,696.3612,0.4889983
696.8502,696.3612,0.4889915
696.8502,696.3617,0.4884805
696.8502,696.3618,0.4884392
696.8502,696.362,0.4882012
696.8502,696.3621,0.4880834
696.8502,696.3622,0.4879898
696.8502,696.3622,0.4879801
696.8502,696.3624,0.4877832
696.8502,696.3627,0.4875281
696.8502,696.3628,0.4873514
696.8502,696.363,0.4872422
696.8502,696.363,0.487215
696.8502,696.3632,0.4869813
696.8502,696.3633,0.4869281
696.8502,696.3633,0.4868989
696.8502,696.3634,0.4868425
696.8502,696.3634,0.4867849
696.8502,696.3635,0.486746
696.8502,696.3635,0.4867447
696.8502,696.3635,0.4867435
696.8502,696.3637,0.4864853
696.8502,696.3638,0.4863997
696.8502,696.3643,0.4859282
696.8502,696.3643,0.4858532
696.8502,696.3649,0.4853211
696.8502,696.365,0.4851561
696.8502,696.3651,0.485085
696.8502,696.3654,0.4847839
696.8502,696.3658,0.4844285
696.8502,696.3659,0.4842974
696.8502,696.3659,0.4842747
696.8502,696.3659,0.4842734
696.8502,696.3661,0.4841409
696.8502,696.3662,0.484019
696.8502,696.3666,0.4835897
696.8502,696.3667,0.4835219
696.8502,696.3671,0.4831159
696.8502,696.3672,0.4829665
696.8502,696.3673,0.4829184
696.8502,696.3676,0.4826022
696.8502,696.3676,0.4825802
696.8502,696.3679,0.4823159
696.8502,696.3681,0.4820786
696.8502,696.369,0.4811771
696.8502,696.37,0.4801653
696.8502,696.3707,0.4795187
696.8502,696.3713,0.4789395
696.8502,696.3718,0.4783769
696.8502,696.3718,0.4783753
696.8502,696.3738,0.4764239
696.8502,696.3743,0.4759309
696.8502,696.3756,0.4745889
696.8502,696.3757,0.4745414
696.8502,696.3769,0.4732823
696.8502,696.3774,0.4728361
696.8502,696.3774,0.4728185
696.8502,696.3775,0.472721
696.8502,696.3781,0.4721111
696.8502,696.3786,0.4716446
696.8502,696.3789,0.4713334
696.8502,696.4041,0.4460636
696.8502,696.4226,0.4275625
696.8502,696.4266,0.4235871
696.8502,696.4284,0.4218498
696.8502,696.4299,0.4203239
696.8502,696.4303,0.4198866
696.8502,696.432,0.4181803
696.8502,696.4326,0.4175597
696.8502,696.4329,0.4173484
696.8502,696.4331,0.4170722
696.8502,696.4333,0.4168634
696.8502,696.4335,0.4167444
696.8502,696.4335,0.4167052
696.8502,696.4336,0.4165728
696.8502,696.4339,0.4163325
696.8502,696.434,0.4162476
696.8502,696.434,0.4162013
696.8502,696.4346,0.4155617
696.8502,696.4352,0.4150026
696.8502,696.4353,0.4148877
696.8502,696.4355,0.4146952
696.8502,696.4356,0.4146108
696.8502,696.4358,0.4143551
696.8502,696.4359,0.4143497
696.8502,696.4359,0.4142762
696.8502,696.436,0.4141999
696.8502,696.4362,0.4140179
696.8502,696.4362,0.4139825
696.8502,696.4363,0.4138797
696.8502,696.4364,0.4138342
696.8502,696.4366,0.4135626
696.8502,696.437,0.4132081
696.8502,696.4371,0.4131401
696.8502,696.4375,0.4126941
696.8502,696.4376,0.4125797
696.8502,696.4378,0.4123591
696.8502,696.438,0.41225
696.8502,696.4386,0.4115936
696.8502,696.4389,0.4112956
696.8502,696.439,0.4111813
696.8502,696.4392,0.4110094
696.8502,696.4394,0.4107724
696.8502,696.4394,0.4107535
696.8502,696.4401,0.4101012
696.8502,696.4417,0.4085309
696.8502,696.4449,0.4053355
696.8502,696.4491,0.4011146
696.8502,696.4496,0.4005596
696.8502,696.45,0.4002185
696.8502,696.4509,0.3992606
696.8502,696.4718,0.3784158
696.8502,696.4761,0.3740737
696.8502,696.4775,0.3727069
696.8502,696.4776,0.3726108
696.8502,696.4778,0.3723526
696.8502,696.4786,0.3715709
696.8502,696.4788,0.3714436
696.8502,696.4821,0.3681026
696.8502,696.4827,0.3675041
696.8502,696.4838,0.3664103
696.8502,696.484,0.3661984
696.8502,696.4844,0.3657602
696.8502,696.485,0.3652286
696.8502,696.4855,0.3647412
696.8502,696.4858,0.364424
696.8502,696.4871,0.3631467
696.8502,696.4872,0.3630428
696.8502,696.4872,0.3629753
696.8502,696.4873,0.3628516
696.8502,696.4874,0.3628298
696.8502,696.4879,0.3623198
696.8502,696.4883,0.3619428
696.8502,696.4884,0.3617984
696.8502,696.4886,0.3615709
696.8502,696.4889,0.361284
696.8502,696.4891,0.3611398
696.8502,696.4906,0.3595524
696.8502,696.4908,0.3593528
696.8502,696.4909,0.359327
696.8502,696.491,0.3591951
696.8502,696.4916,0.3585537
696.8502,696.4919,0.3583482
696.8502,696.4921,0.3581451
696.8502,696.4925,0.3576838
696.8502,696.4926,0.3575655
696.8502,696.493,0.3571504
696.8502,696.4937,0.3565428
696.8502,696.4948,0.3554214
696.8502,696.4972,0.3529969
696.8502,696.4975,0.352693
696.8502,696.4979,0.3523208
696.8502,696.5005,0.3497269
696.8502,696.501,0.3491539
696.8502,696.5016,0.3485631
696.8502,696.5187,0.3315371
696.8502,696.5289,0.3213283
696.8502,696.5699,0.2803384
696.8502,696.5714,0.278849
696.8502,696.5721,0.2781367
696.8502,696.5737,0.2765169
696.8502,696.5754,0.2748303
696.8502,696.5754,0.2748107
696.8502,696.5767,0.273503
696.8502,696.5773,0.2729267
696.8502,696.5775,0.2726518
696.8502,696.5777,0.2725461
696.8502,696.5787,0.2715367
696.8502,696.5788,0.27145
696.8502,696.5794,0.2707642
696.8502,696.5795,0.2707038
696.8502,696.5797,0.2705279
696.8502,696.5799,0.2702806
696.8502,696.5805,0.2697038
696.8502,696.5808,0.2693894
696.8502,696.5812,0.2689715
696.8502,696.5813,0.2688563
696.8502,696.5817,0.2685442
696.8502,696.5819,0.2683364
696.8502,696.5823,0.2678784
696.8502,696.5824,0.2677678
696.8502,696.5826,0.2675569
696.8502,696.5827,0.2674806
696.8502,696.5831,0.2670715
696.8502,696.5834,0.2668076
696.8502,696.5835,0.2666731
696.8502,696.5836,0.2666225
696.8502,696.5837,0.2665159
696.8502,696.5837,0.2664548
696.8502,696.584,0.266191
696.8502,696.5841,0.2661157
696.8502,696.5842,0.2659761
696.8502,696.5842,0.2659586
696.8502,696.5844,0.2657969
696.8502,696.5844,0.2657966
696.8502,696.5847,0.2655403
696.8502,696.5847,0.2655124
696.8502,696.5847,0.2654848
696.8502,696.585,0.2651772
696.8502,696.5851,0.2651375
696.8502,696.5852,0.2649549
696.8502,696.5854,0.2647825
696.8502,696.5856,0.2645996
696.8502,696.5858,0.2643878
696.8502,696.5859,0.2642591
696.8502,696.586,0.2641944
696.8502,696.5861,0.2641462
696.8502,696.5861,0.2641077
696.8502,696.5861,0.2640701
696.8502,696.5862,0.2640237
696.8502,696.5862,0.2639936
696.8502,696.5863,0.2638947
696.8502,696.5863,0.2638568
696.8502,696.5864,0.2638166
696.8502,696.5864,0.2637745
696.8502,696.5866,0.2636008
696.8502,696.5867,0.2635122
696.8502,696.5867,0.263511
696.8502,696.5868,0.2633565
696.8502,696.5869,0.2633438
696.8502,696.5869,0.2633217
696.8502,696.5871,0.2631437
696.8502,696.5871,0.2631063
696.8502,696.5872,0.2629757
696.8502,696.5872,0.2629707
696.8502,696.5873,0.2629392
696.8502,696.5873,0.2628976
696.8502,696.5876,0.2625863
696.8502,696.5877,0.2625186
696.8502,696.5878,0.2623703
696.8502,696.5878,0.2623598
696.8502,696.5879,0.2622635
696.8502,696.5879,0.2622596
696.8502,696.588,0.2622324
696.8502,696.588,0.2622035
696.8502,696.588,0.2621933
696.8502,696.588,0.2621723
696.8502,696.5881,0.2621351
696.8502,696.5881,0.2620649
696.8502,696.5882,0.2620248
696.8502,696.5882,0.2620224
696.8502,696.5882,0.2619832
696.8502,696.5885,0.2617194
696.8502,696.5885,0.261676
696.8502,696.5886,0.2615562
696.8502,696.5887,0.2615249
696.8502,696.5887,0.2614732
696.8502,696.5889,0.2613351
696.8502,696.5889,0.2612936
696.8502,696.589,0.2612382
696.8502,696.589,0.261206
696.8502,696.589,0.2611833
696.8502,696.589,0.2611624
696.8502,696.5891,0.2610598
696.8502,696.5892,0.2609804
696.8502,696.5893,0.2609301
696.8502,696.5894,0.2608473
696.8502,696.5894,0.2608348
696.8502,696.5894,0.2607872
696.8502,696.5894,0.2607598
696.8502,696.5894,0.2607568
696.8502,696.5895,0.2607394
696.8502,696.5895,0.2607054
696.8502,696.5895,0.260653
696.8502,696.5896,0.2606013
696.8502,696.5897,0.2605211
696.8502,696.5897,0.2604653
696.8502,696.5898,0.2604077
696.8502,696.59,0.2602135
696.8502,696.59,0.2601915
696.8502,696.59,0.2601885
696.8502,696.59,0.2601634
696.8502,696.59,0.2601503
696.8502,696.5901,0.260093
696.8502,696.5901,0.2600842
696.8502,696.5902,0.2599953
696.8502,696.5902,0.2599822
696.8502,696.5903,0.2599367
696.8502,696.5904,0.2598433
696.8502,696.5904,0.2597979
696.8502,696.5904,0.2597767
696.8502,696.5906,0.2596324
696.8502,696.5906,0.2595901
696.8502,696.5907,0.2595221
696.8502,696.5909,0.2593286
696.8502,696.591,0.2592119
696.8502,696.591,0.2592055
696.8502,696.591,0.2592007
696.8502,696.5911,0.2590817
696.8502,696.5911,0.2590815
696.8502,696.5912,0.2590468
696.8502,696.5912,0.2589717
696.8502,696.5913,0.2588762
696.8502,696.5914,0.2588219
696.8502,696.5915,0.2587311
696.8502,696.5916,0.2586238
696.8502,696.5916,0.2585974
696.8502,696.5916,0.2585959
696.8502,696.5917,0.2585383
696.8502,696.5918,0.2584327
696.8502,696.5918,0.2583959
696.8502,696.5918,0.2583606
696.8502,696.5919,0.2583199
696.8502,696.5919,0.258273
696.8502,696.5921,0.2580616
696.8502,696.5924,0.2578416
696.8502,696.5925,0.2577307
696.8502,696.5925,0.2576967
696.8502,696.5925,0.2576809
696.8502,696.5926,0.2575949
696.8502,696.5926,0.2575813
696.8502,696.5926,0.2575728
696.8502,696.5927,0.2574837
696.8502,696.5928,0.2574481
696.8502,696.5929,0.2573416
696.8502,696.5929,0.2572642
696.8502,696.593,0.2572247
696.8502,696.593,0.2571975
696.8502,696.593,0.2571629
696.8502,696.5931,0.2571222
696.8502,696.5931,0.2571059
696.8502,696.5931,0.2570589
696.8502,696.5933,0.256928
696.8502,696.5934,0.2567698
696.8502,696.5935,0.2567167
696.8502,696.5937,0.2564859
696.8502,696.5939,0.2563144
696.8502,696.5939,0.25627
696.8502,696.5941,0.2561247
696.8502,696.5942,0.2560401
696.8502,696.5942,0.2559832
696.8502,696.5944,0.2557838
696.8502,696.5946,0.2555887
696.8502,696.5948,0.2553716
696.8502,696.5949,0.2553139
696.8502,696.595,0.2552463
696.8502,696.5951,0.2551088
696.8502,696.5952,0.2550137
696.8502,696.5953,0.2549317
696.8502,696.5956,0.2546188
696.8502,696.5959,0.2542936
696.8502,696.596,0.254222
696.8502,696.5961,0.2541479
696.8502,696.5961,0.2541314
696.8502,696.5961,0.2540763
696.8502,696.5963,0.2539365
696.8502,696.5964,0.2538302
696.8502,696.5966,0.2535826
696.8502,696.5966,0.2535575
696.8502,696.5967,0.2535395
696.8502,696.5967,0.2534818
696.8502,696.5975,0.2527452
696.8502,696.5977,0.252504
696.8502,696.5982,0.2519876
696.8502,696.5983,0.2519091
696.8502,696.5985,0.2516566
696.8502,696.599,0.2511841
696.8502,696.599,0.2511809
696.8502,696.5992,0.2509686
696.8502,696.6,0.2501863
696.8502,696.6,0.2501573
696.8502,696.6004,0.2497916
696.8502,696.6009,0.2493288
696.8502,696.6012,0.2489608
696.8502,696.6013,0.2488941
696.8502,696.6028,0.2474415
696.8502,696.6031,0.247137
696.8502,696.6032,0.2470341
696.8502,696.6041,0.2461372
696.8502,696.6048,0.2453801
696.8502,696.6051,0.245148
696.8502,696.6051,0.2451219
696.8502,696.6056,0.2446087
696.8502,696.6057,0.2445342
696.8502,696.6058,0.244358
696.8502,696.6058,0.2443541
696.8502,696.6065,0.2437201
696.8502,696.6065,0.243677
696.8502,696.6066,0.243607
696.8502,696.6067,0.2434601
696.8502,696.6078,0.2424193
696.8502,696.608,0.2422243
696.8502,696.6086,0.2415841
696.8502,696.6087,0.2415193
696.8502,696.609,0.2411639
696.8502,696.6095,0.2406657
696.8502,696.6102,0.240037
696.8502,696.6104,0.239799
696.8502,696.6107,0.2395281
696.8502,696.6107,0.2394645
696.8502,696.6109,0.2392949
696.8502,696.611,0.2392385
696.8502,696.611,0.2391527
696.8502,696.6114,0.2388461
696.8502,696.6116,0.2386087
696.8502,696.6125,0.237658
696.8502,696.6129,0.2373229
696.8502,696.613,0.237232
696.8502,696.6131,0.2370991
696.8502,696.6133,0.2369365
696.8502,696.6135,0.2367005
696.8502,696.6135,0.2366993
696.8502,696.6135,0.2366917
696.8502,696.6137,0.2365194
696.8502,696.6138,0.2363785
696.8502,696.614,0.2362111
696.8502,696.6141,0.2361319
696.8502,696.6142,0.2359826
696.8502,696.6149,0.2353149
696.8502,696.6149,0.2352866
696.8502,696.615,0.2352438
696.8502,696.6151,0.2350535
696.8502,696.6152,0.2349978
696.8502,696.6152,0.2349714
696.8502,696.6153,0.2349213
696.8502,696.6153,0.2349072
696.8502,696.6153,0.2348927
696.8502,696.6154,0.2348211
696.8502,696.6157,0.2345331
696.8502,696.6157,0.2344802
696.8502,696.616,0.2341916
696.8502,696.6167,0.2334909
696.8502,696.6169,0.2333014
696.8502,696.6171,0.2330716
696.8502,696.6172,0.2329814
696.8502,696.6175,0.232702
696.8502,696.6176,0.2326393
696.8502,696.6179,0.2322999
696.8502,696.618,0.2321771
696.8502,696.6181,0.2321069
696.8502,696.6182,0.2320487
696.8502,696.6186,0.2315935
696.8502,696.6187,0.2314822
696.8502,696.6188,0.23136
696.8502,696.6189,0.2313089
696.8502,696.6191,0.2311131
696.8502,696.6192,0.2310477
696.8502,696.6194,0.2307529
696.8502,696.6196,0.2306272
696.8502,696.6201,0.2300928
696.8502,696.6201,0.2300656
696.8502,696.6202,0.2300374
696.8502,696.6205,0.2296777
696.8502,696.6207,0.2295421
696.8502,696.6207,0.2295271
696.8502,696.6207,0.229503
696.8502,696.6209,0.2292769
696.8502,696.6209,0.2292644
696.8502,696.6212,0.2289719
696.8502,696.6213,0.2289215
696.8502,696.6213,0.2288995
696.8502,696.6215,0.2287213
696.8502,696.6216,0.2286163
696.8502,696.6216,0.2285627
696.8502,696.622,0.228213
696.8502,696.622,0.2281964
696.8502,696.6222,0.2280464
696.8502,696.6228,0.2273505
696.8502,696.623,0.2271592
696.8502,696.6232,0.2269598
696.8502,696.6233,0.2269061
696.8502,696.6234,0.2268438
696.8502,696.6235,0.2267293
696.8502,696.6237,0.2264729
696.8502,696.624,0.2262407
696.8502,696.6247,0.2254583
696.8502,696.6249,0.2252738
696.8502,696.6256,0.2246077
696.8502,696.6257,0.2244817
696.8502,696.6259,0.2242502
696.8502,696.6264,0.2237912
696.8502,696.6267,0.2234548
696.8502,696.6277,0.2225228
696.8502,696.6284,0.2217748
696.8502,696.6294,0.2207764
696.8502,696.6296,0.2205888
696.8502,696.6299,0.2203273
696.8502,696.633,0.2171599
696.8502,696.633,0.2171538
696.8502,696.6346,0.215555
696.8502,696.6349,0.2152945
696.8502,696.6355,0.2147051
696.8502,696.6356,0.2145658
696.8502,696.6364,0.2138059
696.8502,696.6373,0.2128709
696.8502,696.6374,0.2127641
696.8502,696.6379,0.2123276
696.8502,696.6379,0.2122935
696.8502,696.6385,0.2117282
696.8502,696.6396,0.2106272
696.8502,696.6396,0.210621
696.8502,696.6407,0.2095352
696.8502,696.6412,0.2090278
696.8502,696.6415,0.2087349
696.8502,696.6419,0.2082646
696.8502,696.6423,0.2078764
696.8502,696.6424,0.2078166
696.8502,696.6425,0.2077121
696.8502,696.6429,0.2073418
696.8502,696.6431,0.2070586
696.8502,696.6433,0.2069489
696.8502,696.6433,0.2069295
696.8502,696.6435,0.2067046
696.8502,696.6435,0.2066592
696.8502,696.6435,0.2066503
696.8502,696.6437,0.2065423
696.8502,696.6437,0.2064801
696.8502,696.6437,0.2064709
696.8502,696.6438,0.2064204
696.8502,696.6438,0.2064195
696.8502,696.6438,0.2063839
696.8502,696.644,0.2062069
696.8502,696.6441,0.2061066
696.8502,696.6442,0.2059545
696.8502,696.6442,0.2059502
696.8502,696.6443,0.2058998
696.8502,696.6443,0.2058587
696.8502,696.6445,0.2056695
696.8502,696.6446,0.2056277
696.8502,696.6446,0.2055798
696.8502,696.6446,0.2055635
696.8502,696.6448,0.2054185
696.8502,696.6449,0.2053047
696.8502,696.6449,0.2052937
696.8502,696.645,0.2052113
696.8502,696.645,0.2052024
696.8502,696.645,0.2051548
696.8502,696.6451,0.2051414
696.8502,696.6453,0.2048635
696.8502,696.6456,0.2046469
696.8502,696.6456,0.2045718
696.8502,696.6458,0.2044413
696.8502,696.6458,0.2044015
696.8502,696.646,0.2042432
696.8502,696.646,0.2042379
696.8502,696.646,0.2042103
696.8502,696.6461,0.2041356
696.8502,696.6461,0.20411
696.8502,696.6461,0.2040576
696.8502,696.6462,0.204041
696.8502,696.6462,0.2040226
696.8502,696.6463,0.2039278
696.8502,696.6463,0.2038991
696.8502,696.6463,0.2038675
696.8502,696.6464,0.2038486
696.8502,696.6464,0.2038157
696.8502,696.6464,0.2037829
696.8502,696.6465,0.2036874
696.8502,696.6466,0.2035578
696.8502,696.6467,0.2034836
696.8502,696.6467,0.2034594
696.8502,696.6468,0.2034302
696.8502,696.6468,0.2033808
696.8502,696.6469,0.2033358
696.8502,696.6469,0.2032563
696.8502,696.6471,0.2031462
696.8502,696.6471,0.2031444
696.8502,696.6471,0.2031149
696.8502,696.6472,0.2030442
696.8502,696.6475,0.2027159
696.8502,696.6476,0.2026063
696.8502,696.6478,0.2024286
696.8502,696.6478,0.2023764
696.8502,696.648,0.2022213
696.8502,696.648,0.2022047
696.8502,696.648,0.2021944
696.8502,696.6482,0.2020192
696.8502,696.6482,0.201958
696.8502,696.6482,0.2019536
696.8502,696.6484,0.2017888
696.8502,696.6485,0.2016758
696.8502,696.6485,0.2016749
696.8502,696.6485,0.2016645
696.8502,696.6486,0.2016266
696.8502,696.6487,0.2014797
696.8502,696.6487,0.2014647
696.8502,696.6488,0.2013785
696.8502,696.6489,0.2013089
696.8502,696.6489,0.2012655
696.8502,696.6491,0.201131
696.8502,696.6492,0.201031
696.8502,696.6494,0.2008159
696.8502,696.6494,0.2007923
696.8502,696.6494,0.2007661
696.8502,696.6495,0.2007213
696.8502,696.6495,0.2007036
696.8502,696.6496,0.2006274
696.8502,696.6497,0.2005476
696.8502,696.6497,0.2005031
696.8502,696.6498,0.2004367
696.8502,696.6498,0.2004356
696.8502,696.6498,0.200422
696.8502,696.6498,0.2004167
696.8502,696.6498,0.2003899
696.8502,696.65,0.2002108
696.8502,696.65,0.2001513
696.8502,696.6501,0.2001407
696.8502,696.6501,0.2001285
696.8502,696.6501,0.2000773
696.8502,696.6501,0.2000728
696.8502,696.6502,0.1999565
696.8502,696.6502,0.1999546
696.8502,696.6503,0.1999453
696.8502,696.6503,0.1999213
696.8502,696.6503,0.199876
696.8502,696.6504,0.1998387
696.8502,696.6504,0.1998073
696.8502,696.6504,0.1997994
696.8502,696.6504,0.1997697
696.8502,696.6505,0.1997496
696.8502,696.6505,0.1996919
696.8502,696.6505,0.1996669
696.8502,696.6506,0.1995682
696.8502,696.6506,0.1995651
696.8502,696.6506,0.1995573
696.8502,696.6507,0.1995439
696.8502,696.6507,0.1995153
696.8502,696.6507,0.1994936
696.8502,696.6508,0.1994107
696.8502,696.6509,0.1992623
696.8502,696.651,0.1991804
696.8502,696.651,0.1991682
696.8502,696.6511,0.1991405
696.8502,696.6511,0.1991025
696.8502,696.6511,0.1990857
696.8502,696.6511,0.199071
696.8502,696.6512,0.1990353
696.8502,696.6513,0.1989371
696.8502,696.6513,0.1989178
696.8502,696.6513,0.1989157
696.8502,696.6513,0.1988539
696.8502,696.6514,0.1988092
696.8502,696.6517,0.1985235
696.8502,696.6517,0.1985112
696.8502,696.6517,0.1984541
696.8502,696.6518,0.1984059
696.8502,696.6518,0.1983714
696.8502,696.6519,0.1983408
696.8502,696.6519,0.1983402
696.8502,696.6519,0.1983379
696.8502,696.6519,0.1983349
696.8502,696.6519,0.1983293
696.8502,696.652,0.1982058
696.8502,696.6522,0.1980255
696.8502,696.6523,0.1978842
696.8502,696.6523,0.1978563
696.8502,696.6526,0.1976454
696.8502,696.6527,0.1974884
696.8502,696.6527,0.19748
696.8502,696.6527,0.1974562
696.8502,696.6528,0.1974005
696.8502,696.6529,0.1972751
696.8502,696.653,0.1972322
696.8502,696.653,0.1971686
696.8502,696.6531,0.1971159
696.8502,696.6537,0.1965327
696.8502,696.6537,0.1965047
696.8502,696.6537,0.1965004
696.8502,696.6542,0.1960021
696.8502,696.6544,0.1958449
696.8502,696.6546,0.1955739
696.8502,696.6547,0.1954553
696.8502,696.6548,0.1954348
696.8502,696.6552,0.1950469
696.8502,696.6552,0.1950298
696.8502,696.6552,0.1949776
696.8502,696.6554,0.1947684
696.8502,696.6556,0.1946475
696.8502,696.6558,0.1944499
696.8502,696.6558,0.1944221
696.8502,696.656,0.1942026
696.8502,696.6562,0.1939769
696.8502,696.657,0.1931796
696.8502,696.6579,0.1922568
696.8502,696.658,0.1922295
696.8502,696.658,0.192165
696.8502,696.6584,0.1918084
696.8502,696.6585,0.1916788
696.8502,696.6587,0.1915016
696.8502,696.6588,0.1913985
696.8502,696.6588,0.191381
696.8502,696.6588,0.1913522
696.8502,696.6589,0.1913046
696.8502,696.6589,0.1912828
696.8502,696.6593,0.1908817
696.8502,696.6595,0.1906648
696.8502,696.6596,0.1905735
696.8502,696.6597,0.1905191
696.8502,696.6597,0.190477
696.8502,696.66,0.1901829
696.8502,696.6603,0.1898764
696.8502,696.6605,0.1897425
696.8502,696.6605,0.1897115
696.8502,696.6607,0.1895421
696.8502,696.6611,0.1890801
696.8502,696.6615,0.1886932
696.8502,696.6616,0.1885682
696.8502,696.6622,0.188003
696.8502,696.6623,0.1878942
696.8502,696.6626,0.1875949
696.8502,696.6627,0.1874987
696.8502,696.663,0.1872261
696.8502,696.6631,0.187124
696.8502,696.6632,0.1870312
696.8502,696.6633,0.1869077
696.8502,696.6633,0.1868545
696.8502,696.6636,0.1865805
696.8502,696.6638,0.1863874
696.8502,696.6638,0.1863748
696.8502,696.6639,0.1863267
696.8502,696.6639,0.1862524
696.8502,696.664,0.1862181
696.8502,696.6645,0.1856874
696.8502,696.6645,0.1856532
696.8502,696.6649,0.1852574
696.8502,696.6652,0.1850189
696.8502,696.6653,0.1849323
696.8502,696.6657,0.1844737
696.8502,696.6663,0.1838907
696.8502,696.6664,0.1837627
696.8502,696.6665,0.1837167
696.8502,696.6666,0.1836045
696.8502,696.6667,0.1834506
696.8502,696.6668,0.1834125
696.8502,696.6672,0.1829897
696.8502,696.6674,0.1828325
696.8502,696.6677,0.1824885
696.8502,696.6679,0.1823286
696.8502,696.668,0.1821924
696.8502,696.6681,0.1820777
696.8502,696.6684,0.181816
696.8502,696.6686,0.1816237
696.8502,696.6686,0.1816123
696.8502,696.6686,0.1815852
696.8502,696.6687,0.1814947
696.8502,696.6691,0.1810913
696.8502,696.6692,0.1809723
696.8502,696.6694,0.1808164
696.8502,696.6694,0.1808156
696.8502,696.6695,0.1807248
696.8502,696.6698,0.1804332
696.8502,696.6699,0.1803239
696.8502,696.6699,0.1802542
696.8502,696.67,0.180201
696.8502,696.6703,0.1798518
696.8502,696.6704,0.179786
696.8502,696.6704,0.1797859
696.8502,696.6706,0.1795618
696.8502,696.6708,0.1793668
696.8502,696.671,0.179241
696.8502,696.6713,0.1789035
696.8502,696.6714,0.1787759
696.8502,696.6715,0.1787049
696.8502,696.6715,0.178702
696.8502,696.6715,0.1786828
696.8502,696.6719,0.1783419
696.8502,696.6719,0.178254
696.8502,696.672,0.1781918
696.8502,696.6723,0.177924
696.8502,696.6724,0.1777833
696.8502,696.6724,0.1777657
696.8502,696.6726,0.177629
696.8502,696.6728,0.1773551
696.8502,696.6729,0.177279
696.8502,696.673,0.1771597
696.8502,696.6731,0.1771049
696.8502,696.6734,0.1767597
696.8502,696.6734,0.1767596
696.8502,696.6734,0.1767509
696.8502,696.6736,0.1766361
696.8502,696.6737,0.1764572
696.8502,696.6738,0.1763779
696.8502,696.6738,0.1763614
696.8502,696.6739,0.1763146
696.8502,696.6739,0.1762839
696.8502,696.674,0.1762123
696.8502,696.674,0.1762005
696.8502,696.674,0.1762001
696.8502,696.6741,0.1761001
696.8502,696.6743,0.1758982
696.8502,696.6743,0.1758752
696.8502,696.6743,0.1758717
696.8502,696.6744,0.1758357
696.8502,696.6744,0.1757619
696.8502,696.6744,0.1757505
696.8502,696.6745,0.1757008
696.8502,696.6748,0.1754118
696.8502,696.6748,0.1753898
696.8502,696.6749,0.1752544
696.8502,696.6752,0.1750184
696.8502,696.6757,0.1744624
696.8502,696.6758,0.1744323
696.8502,696.6758,0.1743948
696.8502,696.6759,0.1742965
696.8502,696.6759,0.1742831
696.8502,696.676,0.1742452
696.8502,696.6763,0.1739059
696.8502,696.6766,0.1736156
696.8502,696.6766,0.1735881
696.8502,696.6768,0.1733648
696.8502,696.6769,0.1733105
696.8502,696.677,0.1732159
696.8502,696.6771,0.1730947
696.8502,696.6771,0.1730872
696.8502,696.6772,0.1730335
696.8502,696.6772,0.1729976
696.8502,696.6773,0.172924
696.8502,696.6773,0.1728968
696.8502,696.6773,0.1728553
696.8502,696.6774,0.1728461
696.8502,696.6774,0.1728019
696.8502,696.6774,0.1727844
696.8502,696.6775,0.1726544
696.8502,696.6776,0.1726096
696.8502,696.6776,0.1725747
696.8502,696.6778,0.1723582
696.8502,696.6778,0.1723516
696.8502,696.6781,0.1721186
696.8502,696.6783,0.1718543
696.8502,696.6784,0.1717629
696.8502,696.6785,0.1717303
696.8502,696.6786,0.1716423
696.8502,696.6786,0.1716404
696.8502,696.6786,0.1715589
696.8502,696.6787,0.1715328
696.8502,696.6787,0.1714819
696.8502,696.6788,0.1713618
696.8502,696.679,0.1711728
696.8502,696.6791,0.1710619
696.8502,696.6791,0.1710576
696.8502,696.6792,0.170958
696.8502,696.6793,0.1709284
696.8502,696.6793,0.1709275
696.8502,696.6794,0.1707951
696.8502,696.6795,0.1706872
696.8502,696.6795,0.1706827
696.8502,696.6795,0.1706788
696.8502,696.6795,0.1706614
696.8502,696.6797,0.1705138
696.8502,696.6798,0.1704334
696.8502,696.6798,0.1704124
696.8502,696.6798,0.1703618
696.8502,696.6798,0.1703584
696.8502,696.6799,0.1703067
696.8502,696.6801,0.1701439
696.8502,696.6801,0.1701427
696.8502,696.6801,0.1701188
696.8502,696.6802,0.1700198
696.8502,696.6802,0.1699809
696.8502,696.6803,0.1698739
696.8502,696.6804,0.1698169
696.8502,696.6804,0.169759
696.8502,696.6805,0.1697476
696.8502,696.6805,0.1697335
696.8502,696.6805,0.1697092
696.8502,696.6805,0.1697038
696.8502,696.6805,0.1696803
696.8502,696.6806,0.1695882
696.8502,696.6808,0.1694205
696.8502,696.6809,0.1693216
696.8502,696.6809,0.1693085
696.8502,696.681,0.1692215
696.8502,696.681,0.1691683
696.8502,696.6811,0.1690827
696.8502,696.6812,0.1690319
696.8502,696.6812,0.1689777
696.8502,696.6812,0.1689569
696.8502,696.6813,0.1689265
696.8502,696.6815,0.1686673
696.8502,696.6816,0.1685776
696.8502,696.6817,0.168454
696.8502,696.6818,0.1683705
696.8502,696.6818,0.1683525
696.8502,696.6819,0.1683466
696.8502,696.6822,0.1680206
696.8502,696.6822,0.1680186
696.8502,696.6823,0.1679012
696.8502,696.6823,0.1678574
696.8502,696.6824,0.1677547
696.8502,696.6825,0.1676898
696.8502,696.6826,0.1676331
696.8502,696.6826,0.1675669
696.8502,696.6827,0.1674636
696.8502,696.6828,0.1674338
696.8502,696.6828,0.1674112
696.8502,696.6829,0.1673088
696.8502,696.6837,0.1664956
696.8502,696.6839,0.1663053
696.8502,696.6841,0.1661103
696.8502,696.6841,0.1661
696.8502,696.6841,0.1660801
696.8502,696.6841,0.1660566
696.8502,696.6842,0.1660461
696.8502,696.6843,0.1659377
696.8502,696.6844,0.1658238
696.8502,696.6844,0.1658088
696.8502,696.6844,0.1658033
696.8502,696.6844,0.1657881
696.8502,696.6845,0.1657428
696.8502,696.6846,0.1655892
696.8502,696.6847,0.1655397
696.8502,696.6848,0.1653636
696.8502,696.6849,0.1652529
696.8502,696.685,0.1652145
696.8502,696.6855,0.1646512
696.8502,696.6857,0.1645141
696.8502,696.6857,0.1644986
696.8502,696.6858,0.1644207
696.8502,696.6858,0.1643869
696.8502,696.6859,0.1642601
696.8502,696.686,0.164198
696.8502,696.686,0.1641772
696.8502,696.6862,0.1639962
696.8502,696.6865,0.1636504
696.8502,696.6866,0.1636003
696.8502,696.6868,0.1633873
696.8502,696.6871,0.1631237
696.8502,696.6875,0.1627391
696.8502,696.6875,0.1627212
696.8502,696.6877,0.1624522
696.8502,696.6879,0.1623021
696.8502,696.688,0.1621965
696.8502,696.6881,0.1621005
696.8502,696.6882,0.1620198
696.8502,696.6884,0.1618242
696.8502,696.6884,0.1618206
696.8502,696.6886,0.1615883
696.8502,696.6897,0.1604753
696.8502,696.6899,0.1603445
696.8502,696.69,0.160208
696.8502,696.6906,0.1595592
696.8502,696.691,0.1592345
696.8502,696.6915,0.1586935
696.8502,696.6918,0.1584215
696.8502,696.692,0.1582349
696.8502,696.6925,0.1577167
696.8502,696.6926,0.1576015
696.8502,696.6927,0.1574817
696.8502,696.6928,0.1574403
696.8502,696.6931,0.1571378
696.8502,696.6931,0.1570807
696.8502,696.6933,0.1568677
696.8502,696.6937,0.1565419
696.8502,696.6938,0.1563545
696.8502,696.6941,0.1560998
696.8502,696.6945,0.1557264
696.8502,696.6945,0.1556595
696.8502,696.6946,0.1555881
696.8502,696.6948,0.1554048
696.8502,696.6949,0.1553266
696.8502,696.695,0.1551989
696.8502,696.695,0.1551765
696.8502,696.6952,0.1549631
696.8502,696.6953,0.1549109
696.8502,696.6956,0.154564
696.8502,696.6957,0.154469
696.8502,696.6959,0.1542653
696.8502,696.696,0.1542439
696.8502,696.6961,0.1540829
696.8502,696.6962,0.1540363
696.8502,696.6964,0.1537652
696.8502,696.6965,0.1536616
696.8502,696.6966,0.1535928
696.8502,696.6966,0.1535798
696.8502,696.6969,0.1533119
696.8502,696.6971,0.1531266
696.8502,696.6975,0.1526837
696.8502,696.6976,0.1525879
696.8502,696.6976,0.1525767
696.8502,696.6976,0.1525554
696.8502,696.698,0.1522118
696.8502,696.6983,0.1518594
696.8502,696.6986,0.1516161
696.8502,696.6987,0.1514898
696.8502,696.6991,0.1510915
696.8502,696.6991,0.1510846
696.8502,696.7001,0.1501155
696.8502,696.7012,0.1489528
696.8502,696.7023,0.1479375
696.8502,696.7023,0.1478637
696.8502,696.7024,0.147804
696.8502,696.7028,0.1474264
696.8502,696.703,0.1471643
696.8502,696.7031,0.1470941
696.8502,696.7033,0.1469339
696.8502,696.7033,0.1469264
696.8502,696.7034,0.1468028
696.8502,696.7035,0.146735
696.8502,696.7036,0.1465729
696.8502,696.7039,0.1463279
696.8502,696.7042,0.1460276
696.8502,696.7045,0.1456769
696.8502,696.7047,0.1455273
696.8502,696.7053,0.1448634
696.8502,696.7054,0.1448308
696.8502,696.7059,0.1442564
696.8502,696.7081,0.1420552
696.8502,696.7083,0.1418917
696.8502,696.7087,0.1414556
696.8502,696.7088,0.1414078
696.8502,696.709,0.1412326
696.8502,696.71,0.1402088
696.8502,696.7103,0.1398577
696.8502,696.7107,0.1394637
696.8502,696.7109,0.1393426
696.8502,696.711,0.1391502
696.8502,696.7119,0.1383033
696.8502,696.712,0.1381817
696.8502,696.7125,0.1377215
696.8502,696.7138,0.136363
696.8502,696.7146,0.1355771
696.8502,696.7149,0.1352513
696.8502,696.7166,0.1335708
696.8502,696.7167,0.1334523
696.8502,696.717,0.1331571
696.8502,696.7171,0.1331488
696.8502,696.7181,0.1321312
696.8502,696.7181,0.1320668
696.8502,696.7185,0.1317121
696.8502,696.7188,0.1314173
696.8502,696.7203,0.1299079
696.8502,696.7218,0.1283636
696.8502,696.723,0.1272477
696.8502,696.7241,0.1260594
696.8502,696.726,0.1242185
696.8502,696.7323,0.1178593
696.8502,696.7358,0.1144153
696.8502,696.7372,0.1129848
696.8502,696.7406,0.1095706
696.8502,696.7435,0.1066895
696.8502,696.7491,0.1010854
696.8502,696.9546,-0.1043605
696.8502,696.9578,-0.1075531
696.8502,696.9625,-0.1122982
696.8502,696.963,-0.1127826
696.8502,696.9684,-0.1182374
696.8502,696.9692,-0.1190413
696.8502,696.9697,-0.1194616
696.8502,696.9701,-0.1198572
696.8502,696.9703,-0.120144
696.8502,696.9719,-0.1217347
696.8502,696.972,-0.1217749
696.8502,696.9727,-0.1224516
696.8502,696.9735,-0.1232869
696.8502,696.9736,-0.1233783
696.8502,696.9738,-0.1235637
696.8502,696.9738,-0.1235826
696.8502,696.9738,-0.1235862
696.8502,696.9738,-0.1236198
696.8502,696.974,-0.1238326
696.8502,696.9742,-0.123965
696.8502,696.9743,-0.1240644
696.8502,696.9744,-0.1242034
696.8502,696.9745,-0.1242702
696.8502,696.9752,-0.1249797
696.8502,696.9756,-0.1253895
696.8502,696.9757,-0.1255486
696.8502,696.9759,-0.1257099
696.8502,696.976,-0.1257783
696.8502,696.9761,-0.1258514
696.8502,696.9761,-0.1259288
696.8502,696.9762,-0.1260113
696.8502,696.9763,-0.1261287
696.8502,696.9764,-0.1262132
696.8502,696.9765,-0.1262783
696.8502,696.9765,-0.1262935
696.8502,696.9767,-0.1265368
696.8502,696.9768,-0.1265617
696.8502,696.9768,-0.1265786
696.8502,696.9768,-0.1266062
696.8502,696.9769,-0.1266799
696.8502,696.9769,-0.1267049
696.8502,696.9769,-0.1267332
696.8502,696.977,-0.1268129
696.8502,696.9771,-0.1269261
696.8502,696.9772,-0.1269742
696.8502,696.9773,-0.1270903
696.8502,696.9773,-0.1271195
696.8502,696.9774,-0.1272493
696.8502,696.9775,-0.1272697
696.8502,696.9776,-0.1273858
696.8502,696.9777,-0.1274645
696.8502,696.9777,-0.1275259
696.8502,696.9777,-0.1275426
696.8502,696.9778,-0.1276106
696.8502,696.9778,-0.1276112
696.8502,696.9779,-0.1276552
696.8502,696.9781,-0.1278793
696.8502,696.9781,-0.1279217
696.8502,696.9782,-0.1280273
696.8502,696.9784,-0.1281503
696.8502,696.9786,-0.1284024
696.8502,696.9786,-0.1284205
696.8502,696.9787,-0.1284668
696.8502,696.9787,-0.1285352
696.8502,696.9788,-0.1285585
696.8502,696.9788,-0.1286086
696.8502,696.9788,-0.1286444
696.8502,696.9789,-0.1286975
696.8502,696.9791,-0.1289182
696.8502,696.9791,-0.1289463
696.8502,696.9792,-0.1289999
696.8502,696.9793,-0.1290559
696.8502,696.9793,-0.1290616
696.8502,696.9795,-0.1292676
696.8502,696.9795,-0.1293287
696.8502,696.9796,-0.1293744
696.8502,696.9796,-0.1294472
696.8502,696.9797,-0.1295015
696.8502,696.9797,-0.1295045
696.8502,696.9797,-0.1295208
696.8502,696.9798,-0.129585
696.8502,696.9798,-0.1296081
696.8502,696.9798,-0.1296109
696.8502,696.9799,-0.1297124
696.8502,696.9802,-0.1300206
696.8502,696.9804,-0.1301604
696.8502,696.9804,-0.1301897
696.8502,696.9806,-0.1303829
696.8502,696.9806,-0.1304215
696.8502,696.9806,-0.1304305
696.8502,696.9807,-0.1304518
696.8502,696.9807,-0.1304893
696.8502,696.9808,-0.1306465
696.8502,696.9809,-0.1306612
696.8502,696.981,-0.13077
696.8502,696.981,-0.1308155
696.8502,696.9811,-0.1309494
696.8502,696.9812,-0.1309926
696.8502,696.9814,-0.1311532
696.8502,696.9814,-0.1311793
696.8502,696.9814,-0.1311815
696.8502,696.9814,-0.1312074
696.8502,696.9815,-0.1312806
696.8502,696.9817,-0.1315301
696.8502,696.9819,-0.1316576
696.8502,696.9819,-0.1316791
696.8502,696.9819,-0.1316799
696.8502,696.9819,-0.1317008
696.8502,696.982,-0.1317952
696.8502,696.9821,-0.1319078
696.8502,696.9822,-0.1319681
696.8502,696.9824,-0.1322026
696.8502,696.9825,-0.1323459
696.8502,696.9828,-0.1325997
696.8502,696.9829,-0.1327187
696.8502,696.9829,-0.1327457
696.8502,696.983,-0.1327626
696.8502,696.983,-0.1328206
696.8502,696.9831,-0.1328868
696.8502,696.9831,-0.1329026
696.8502,696.9831,-0.1329091
696.8502,696.9831,-0.1329096
696.8502,696.9832,-0.1330004
696.8502,696.9833,-0.1330879
696.8502,696.9834,-0.133198
696.8502,696.9834,-0.1332437
696.8502,696.9834,-0.1332442
696.8502,696.9835,-0.1332753
696.8502,696.9835,-0.1333411
696.8502,696.9836,-0.1333588
696.8502,696.9836,-0.1333616
696.8502,696.9836,-0.1333751
696.8502,696.9836,-0.1334137
696.8502,696.9836,-0.1334216
696.8502,696.9836,-0.1334495
696.8502,696.9837,-0.1334512
696.8502,696.9837,-0.1335309
696.8502,696.9839,-0.1336955
696.8502,696.9839,-0.133719
696.8502,696.984,-0.1337602
696.8502,696.984,-0.1337639
696.8502,696.984,-0.1337699
696.8502,696.984,-0.1337711
696.8502,696.984,-0.1337984
696.8502,696.9842,-0.1339578
696.8502,696.9844,-0.1341552
696.8502,696.9844,-0.1341872
696.8502,696.9844,-0.1341923
696.8502,696.9845,-0.1343331
696.8502,696.9846,-0.1343573
696.8502,696.9847,-0.1345086
696.8502,696.9848,-0.1346399
696.8502,696.9849,-0.1346555
696.8502,696.9849,-0.1346792
696.8502,696.985,-0.1347737
696.8502,696.9851,-0.1348602
696.8502,696.9851,-0.1348611
696.8502,696.9851,-0.1349311
696.8502,696.9854,-0.1351531
696.8502,696.9855,-0.135282
696.8502,696.9855,-0.1353181
696.8502,696.9856,-0.1354301
696.8502,696.9857,-0.1354872
696.8502,696.9857,-0.1355315
696.8502,696.9858,-0.1356086
696.8502,696.9859,-0.1356882
696.8502,696.9859,-0.1356933
696.8502,696.9859,-0.1357083
696.8502,696.9859,-0.1357315
696.8502,696.986,-0.1358273
696.8502,696.9861,-0.1358887
696.8502,696.9861,-0.1359323
696.8502,696.9867,-0.1365391
696.8502,696.9868,-0.136557
696.8502,696.9868,-0.1365931
696.8502,696.9869,-0.1366651
696.8502,696.9871,-0.1368878
696.8502,696.9872,-0.1369546
696.8502,696.9872,-0.1370238
696.8502,696.9874,-0.1372014
696.8502,696.9874,-0.1372113
696.8502,696.9874,-0.1372497
696.8502,696.9884,-0.1381893
696.8502,696.9887,-0.1385337
696.8502,696.9893,-0.1391237
696.8502,696.9897,-0.1395154
696.8502,696.99,-0.1397736
696.8502,696.9902,-0.1400086
696.8502,696.9902,-0.1400217
696.8502,696.9908,-0.1405767
696.8502,696.9911,-0.1409075
696.8502,696.9914,-0.1411755
696.8502,696.9918,-0.1416001
696.8502,696.9919,-0.1417171
696.8502,696.9923,-0.1421496
696.8502,696.9925,-0.142265
696.8502,696.9933,-0.1430614
696.8502,696.9934,-0.1431663
696.8502,696.9936,-0.1433525
696.8502,696.9939,-0.1436858
696.8502,696.9939,-0.1437092
696.8502,696.9939,-0.1437407
696.8502,696.994,-0.1437575
696.8502,696.994,-0.143764
696.8502,696.9943,-0.144084
696.8502,696.9944,-0.1441955
696.8502,696.9947,-0.1445236
696.8502,696.9948,-0.144575
696.8502,696.9948,-0.1446388
696.8502,696.9949,-0.1447281
696.8502,696.9949,-0.1447326
696.8502,696.9949,-0.1447351
696.8502,696.9949,-0.1447396
696.8502,696.995,-0.1448492
696.8502,696.9952,-0.145012
696.8502,696.9952,-0.145017
696.8502,696.9954,-0.1452132
696.8502,696.9954,-0.1452254
696.8502,696.9954,-0.1452324
696.8502,696.9956,-0.1454108
696.8502,696.9956,-0.1454194
696.8502,696.9956,-0.1454274
696.8502,696.9957,-0.145462
696.8502,696.9957,-0.1454822
696.8502,696.9957,-0.1455436
696.8502,696.9958,-0.1456226
696.8502,696.9958,-0.1456337
696.8502,696.996,-0.1457653
696.8502,696.996,-0.1458253
696.8502,696.9961,-0.1459416
696.8502,696.9962,-0.145979
696.8502,696.9962,-0.145984
696.8502,696.9963,-0.1461041
696.8502,696.9964,-0.1462019
696.8502,696.9965,-0.1462861
696.8502,696.9965,-0.1463471
696.8502,696.9966,-0.1463619
696.8502,696.9966,-0.1463827
696.8502,696.9966,-0.1464025
696.8502,696.9966,-0.1464122
696.8502,696.9967,-0.1464686
696.8502,696.9968,-0.1466422
696.8502,696.9968,-0.146649
696.8502,696.9969,-0.1466853
696.8502,696.9972,-0.1469942
696.8502,696.9972,-0.1470119
696.8502,696.9972,-0.1470149
696.8502,696.9973,-0.1470748
696.8502,696.9974,-0.1471677
696.8502,696.9974,-0.1472329
696.8502,696.9975,-0.1472559
696.8502,696.9976,-0.1473587
696.8502,696.9976,-0.147371
696.8502,696.9976,-0.147391
696.8502,696.9976,-0.1474411
696.8502,696.9978,-0.1475563
696.8502,696.9978,-0.1475892
696.8502,696.9978,-0.1475937
696.8502,696.9978,-0.1476075
696.8502,696.998,-0.1477771
696.8502,696.998,-0.1477961
696.8502,696.998,-0.1478156
696.8502,696.9981,-0.1478817
696.8502,696.9982,-0.1479701
696.8502,696.9982,-0.1480028
696.8502,696.9982,-0.1480363
696.8502,696.9983,-0.1480851
696.8502,696.9983,-0.1481246
696.8502,696.9983,-0.1481439
696.8502,696.9985,-0.148256
696.8502,696.9985,-0.1482818
696.8502,696.9985,-0.1483031
696.8502,696.9986,-0.1484309
696.8502,696.9988,-0.1485756
696.8502,696.9988,-0.1485849
696.8502,696.9989,-0.1486577
696.8502,696.9989,-0.1486767
696.8502,696.9989,-0.1486922
696.8502,696.9989,-0.1487126
696.8502,696.999,-0.1487526
696.8502,696.999,-0.1487918
696.8502,696.9991,-0.1488567
696.8502,696.9991,-0.1488727
696.8502,696.9991,-0.148894
696.8502,696.9992,-0.1490338
696.8502,696.9993,-0.149085
696.8502,696.9993,-0.1490934
696.8502,696.9993,-0.1491142
696.8502,696.9994,-0.1491617
696.8502,696.9994,-0.1492119
696.8502,696.9994,-0.1492315
696.8502,696.9997,-0.1495399
696.8502,696.9998,-0.1495845
696.8502,696.9999,-0.1496694
696.8502,697,-0.1497598
696.8502,697,-0.1497832
696.8502,697.0001,-0.1498774
696.8502,697.0001,-0.149906
696.8502,697.0001,-0.1499381
696.8502,697.0002,-0.1499743
696.8502,697.0002,-0.1500049
696.8502,697.0004,-0.1502205
696.8502,697.0006,-0.1503861
696.8502,697.0006,-0.1504046
696.8502,697.0006,-0.1504192
696.8502,697.0007,-0.1504719
696.8502,697.0008,-0.1506248
696.8502,697.0008,-0.1506397
696.8502,697.0009,-0.1507269
696.8502,697.0011,-0.1508517
696.8502,697.0015,-0.1512676
696.8502,697.0015,-0.1513481
696.8502,697.0017,-0.1514636
696.8502,697.0018,-0.1515821
696.8502,697.0018,-0.1516012
696.8502,697.0018,-0.1516131
696.8502,697.0021,-0.1519037
696.8502,697.0026,-0.1524467
696.8502,697.0027,-0.1524956
696.8502,697.0027,-0.152546
696.8502,697.0028,-0.152558
696.8502,697.0029,-0.1526595
696.8502,697.0029,-0.1527126
696.8502,697.0033,-0.1530881
696.8502,697.0034,-0.1532056
696.8502,697.0036,-0.1533591
696.8502,697.0037,-0.1534701
696.8502,697.0042,-0.1539754
696.8502,697.0044,-0.1541746
696.8502,697.0044,-0.1542393
696.8502,697.0047,-0.154476
696.8502,697.0047,-0.1544987
696.8502,697.0047,-0.1545072
696.8502,697.0048,-0.1546308
696.8502,697.0051,-0.1548886
696.8502,697.0051,-0.1549457
696.8502,697.0052,-0.1549841
696.8502,697.0053,-0.1550696
696.8502,697.0053,-0.1550935
696.8502,697.0056,-0.1553762
696.8502,697.0056,-0.1553769
696.8502,697.0056,-0.1554344
696.8502,697.0058,-0.1555786
696.8502,697.0059,-0.1556799
696.8502,697.0059,-0.1557226
696.8502,697.0061,-0.1558727
696.8502,697.0061,-0.1558911
696.8502,697.0061,-0.1558989
696.8502,697.0061,-0.1559484
696.8502,697.0063,-0.1560604
696.8502,697.0064,-0.1562477
696.8502,697.0065,-0.1562508
696.8502,697.0065,-0.1562691
696.8502,697.0071,-0.1568826
696.8502,697.0073,-0.1571105
696.8502,697.0073,-0.1571403
696.8502,697.0074,-0.1572492
696.8502,697.0075,-0.1572534
696.8502,697.0075,-0.1572759
696.8502,697.0075,-0.1572943
696.8502,697.0076,-0.1573993
696.8502,697.0077,-0.1574537
696.8502,697.0077,-0.1575229
696.8502,697.0077,-0.1575258
696.8502,697.0078,-0.157582
696.8502,697.008,-0.1578391
696.8502,697.0081,-0.1578951
696.8502,697.0083,-0.1580546
696.8502,697.0084,-0.1581572
696.8502,697.0084,-0.1582262
696.8502,697.0086,-0.1584264
696.8502,697.0089,-0.1587375
696.8502,697.009,-0.158825
696.8502,697.0091,-0.15893
696.8502,697.0092,-0.1589991
696.8502,697.0092,-0.1590259
696.8502,697.0094,-0.1592433
696.8502,697.0095,-0.1592562
696.8502,697.0095,-0.159314
696.8502,697.0096,-0.1593752
696.8502,697.0097,-0.1595295
696.8502,697.0099,-0.1596815
696.8502,697.01,-0.1598373
696.8502,697.0102,-0.1599681
696.8502,697.0102,-0.1600138
696.8502,697.0104,-0.1601886
696.8502,697.0104,-0.1602089
696.8502,697.0108,-0.1605707
696.8502,697.011,-0.1608172
696.8502,697.0112,-0.1609551
696.8502,697.0112,-0.1609637
696.8502,697.0113,-0.1611411
696.8502,697.0116,-0.1614267
696.8502,697.0118,-0.1616207
696.8502,697.0118,-0.1616254
696.8502,697.012,-0.1617527
696.8502,697.012,-0.1617662
696.8502,697.0121,-0.1619027
696.8502,697.0124,-0.1622284
696.8502,697.0127,-0.1624548
696.8502,697.0127,-0.1624967
696.8502,697.0128,-0.1625515
696.8502,697.0129,-0.1626804
696.8502,697.0129,-0.1627451
696.8502,697.0129,-0.1627469
696.8502,697.013,-0.1627822
696.8502,697.013,-0.1627898
696.8502,697.0135,-0.1632634
696.8502,697.0136,-0.1634014
696.8502,697.0137,-0.1635301
696.8502,697.0137,-0.1635379
696.8502,697.0137,-0.1635452
696.8502,697.0138,-0.163556
696.8502,697.0139,-0.1636565
696.8502,697.0139,-0.1636726
696.8502,697.0139,-0.1636902
696.8502,697.0139,-0.1637089
696.8502,697.0139,-0.1637184
696.8502,697.0139,-0.1637486
696.8502,697.014,-0.1637504
696.8502,697.014,-0.163836
696.8502,697.0141,-0.1638517
696.8502,697.0141,-0.1638722
696.8502,697.0141,-0.1638785
696.8502,697.0141,-0.1639418
696.8502,697.0142,-0.1639543
696.8502,697.0147,-0.1644876
696.8502,697.0147,-0.1645403
696.8502,697.0148,-0.1646
696.8502,697.0148,-0.1646291
696.8502,697.0148,-0.164635
696.8502,697.0148,-0.1646408
696.8502,697.0149,-0.1647084
696.8502,697.0149,-0.1647128
696.8502,697.0149,-0.1647199
696.8502,697.015,-0.1648156
696.8502,697.015,-0.1648311
696.8502,697.0153,-0.1650649
696.8502,697.0153,-0.1650785
696.8502,697.0153,-0.1651126
696.8502,697.0153,-0.1651256
696.8502,697.0154,-0.1651664
696.8502,697.0154,-0.1651954
696.8502,697.0154,-0.1652224
696.8502,697.0155,-0.1652781
696.8502,697.0155,-0.1652852
696.8502,697.0155,-0.1653119
696.8502,697.0155,-0.1653275
696.8502,697.0155,-0.1653431
696.8502,697.0156,-0.1653604
696.8502,697.0156,-0.1654477
696.8502,697.0157,-0.1654531
696.8502,697.0157,-0.1654597
696.8502,697.0157,-0.1655192
696.8502,697.0157,-0.1655215
696.8502,697.0158,-0.1655867
696.8502,697.0159,-0.1657339
696.8502,697.016,-0.1657746
696.8502,697.0161,-0.1659201
696.8502,697.0161,-0.1659315
696.8502,697.0162,-0.165978
696.8502,697.0163,-0.166132
696.8502,697.0164,-0.1662185
696.8502,697.0164,-0.1662279
696.8502,697.0165,-0.1663083
696.8502,697.0167,-0.1664743
696.8502,697.0168,-0.1665835
696.8502,697.0168,-0.1666132
696.8502,697.0169,-0.166712
696.8502,697.0169,-0.1667429
696.8502,697.017,-0.1668313
696.8502,697.0171,-0.166917
696.8502,697.0172,-0.1669643
696.8502,697.0172,-0.1669876
696.8502,697.0173,-0.1670567
696.8502,697.0173,-0.1671343
696.8502,697.0175,-0.1673243
696.8502,697.0176,-0.1674032
696.8502,697.0176,-0.1674264
696.8502,697.0177,-0.1674585
696.8502,697.0177,-0.1675069
696.8502,697.0179,-0.1676967
696.8502,697.018,-0.1677862
696.8502,697.0181,-0.1678982
696.8502,697.0181,-0.1679112
696.8502,697.0182,-0.1679892
696.8502,697.0183,-0.1681022
696.8502,697.0184,-0.16819
696.8502,697.0184,-0.1682488
696.8502,697.0186,-0.1684317
696.8502,697.0187,-0.1684559
696.8502,697.0187,-0.1684594
696.8502,697.0187,-0.168484
696.8502,697.0187,-0.168543
696.8502,697.0188,-0.1686093
696.8502,697.0189,-0.168667
696.8502,697.0191,-0.1688609
696.8502,697.0191,-0.1688798
696.8502,697.0192,-0.1690031
696.8502,697.0192,-0.1690335
696.8502,697.0193,-0.1691324
696.8502,697.0194,-0.1691916
696.8502,697.0195,-0.1693346
696.8502,697.0196,-0.1693993
696.8502,697.0196,-0.1694113
696.8502,697.0197,-0.1695099
696.8502,697.0198,-0.1695548
696.8502,697.0198,-0.1695963
696.8502,697.0198,-0.1695984
696.8502,697.0198,-0.169633
696.8502,697.0198,-0.1696385
696.8502,697.0199,-0.1696942
696.8502,697.02,-0.1697766
696.8502,697.02,-0.1697863
696.8502,697.02,-0.1698245
696.8502,697.0202,-0.1700132
696.8502,697.0202,-0.170021
696.8502,697.0202,-0.170042
696.8502,697.0203,-0.170066
696.8502,697.0203,-0.1701023
696.8502,697.0206,-0.1704475
696.8502,697.0207,-0.17048
696.8502,697.0207,-0.1704859
696.8502,697.021,-0.1708172
696.8502,697.0211,-0.1708936
696.8502,697.0212,-0.1709975
696.8502,697.0213,-0.1710751
696.8502,697.0214,-0.1711622
696.8502,697.0214,-0.171215
696.8502,697.0214,-0.1712151
696.8502,697.0215,-0.1712748
696.8502,697.0215,-0.1713106
696.8502,697.0215,-0.1713406
696.8502,697.0217,-0.1714579
696.8502,697.0217,-0.1714772
696.8502,697.0218,-0.1715543
696.8502,697.022,-0.1718492
696.8502,697.0223,-0.1720941
696.8502,697.0224,-0.1722133
696.8502,697.0224,-0.1722453
696.8502,697.0225,-0.1722637
696.8502,697.0225,-0.1723322
696.8502,697.0225,-0.1723422
696.8502,697.0227,-0.1724661
696.8502,697.0231,-0.1728868
696.8502,697.0231,-0.1729371
696.8502,697.0232,-0.1729881
696.8502,697.0233,-0.1730909
696.8502,697.0233,-0.1730946
696.8502,697.0233,-0.1731316
696.8502,697.0234,-0.1731536
696.8502,697.0234,-0.1731696
696.8502,697.0235,-0.1732735
696.8502,697.0236,-0.1734377
696.8502,697.0237,-0.1735494
696.8502,697.0238,-0.1735944
696.8502,697.024,-0.1738042
696.8502,697.024,-0.1738275
696.8502,697.024,-0.1738482
696.8502,697.0242,-0.173997
696.8502,697.0245,-0.1742536
696.8502,697.0246,-0.1743625
696.8502,697.0247,-0.1745003
696.8502,697.0248,-0.1745662
696.8502,697.0254,-0.1752302
696.8502,697.0257,-0.17552
696.8502,697.0258,-0.1755954
696.8502,697.0262,-0.1760131
696.8502,697.0265,-0.1763145
696.8502,697.027,-0.1767805
696.8502,697.0271,-0.1768521
696.8502,697.0275,-0.1773013
696.8502,697.0278,-0.1776305
696.8502,697.0287,-0.1785251
696.8502,697.0289,-0.1787417
696.8502,697.029,-0.1787974
696.8502,697.0296,-0.1793691
696.8502,697.0298,-0.1796204
696.8502,697.0298,-0.1796499
696.8502,697.0302,-0.1799516
696.8502,697.0304,-0.1801708
696.8502,697.0305,-0.1802534
696.8502,697.0306,-0.180403
696.8502,697.0306,-0.1804449
696.8502,697.0308,-0.1806494
696.8502,697.031,-0.180814
696.8502,697.0311,-0.18086
696.8502,697.0313,-0.1811322
696.8502,697.0316,-0.1813723
696.8502,697.0316,-0.1814206
696.8502,697.0317,-0.1814621
696.8502,697.0319,-0.1816766
696.8502,697.0323,-0.1821418
696.8502,697.033,-0.1827689
696.8502,697.0342,-0.1840056
696.8502,697.0345,-0.1842514
696.8502,697.0351,-0.1849164
696.8502,697.0358,-0.1855607
696.8502,697.0358,-0.185567
696.8502,697.0362,-0.1859822
696.8502,697.0373,-0.1870814
696.8502,697.0379,-0.1877258
696.8502,697.0397,-0.1895181
696.8502,697.0416,-0.1913916
696.8502,697.0451,-0.1949425
696.8502,697.0462,-0.1959549
696.8502,697.0616,-0.2114309
696.8502,697.0716,-0.22138
696.8502,697.0742,-0.2240455
696.8502,697.0759,-0.2256687
696.8502,697.0763,-0.2261327
696.8502,697.0771,-0.2269451
696.8502,697.0811,-0.2308857
696.8502,697.0812,-0.230963
696.8502,697.082,-0.2317809
696.8502,697.0831,-0.2328781
696.8502,697.0836,-0.2334439
696.8502,697.0843,-0.234058
696.8502,697.0844,-0.2341866
696.8502,697.0844,-0.2342063
696.8502,697.0849,-0.2347006
696.8502,697.0851,-0.2348725
696.8502,697.0855,-0.2352711
696.8502,697.0859,-0.2356644
696.8502,697.086,-0.2358375
696.8502,697.0861,-0.23589
696.8502,697.0863,-0.23608
696.8502,697.0865,-0.2363371
696.8502,697.0867,-0.2365122
696.8502,697.0867,-0.2365382
696.8502,697.087,-0.2367662
696.8502,697.087,-0.2367672
696.8502,697.0874,-0.2372014
696.8502,697.0875,-0.2373043
696.8502,697.0875,-0.2373247
696.8502,697.0875,-0.2373423
696.8502,697.0876,-0.2373665
696.8502,697.0876,-0.2374228
696.8502,697.0877,-0.2374533
696.8502,697.0879,-0.2376615
696.8502,697.0879,-0.2377102
696.8502,697.0879,-0.2377133
696.8502,697.088,-0.2377643
696.8502,697.088,-0.2377815
696.8502,697.088,-0.2378118
696.8502,697.088,-0.2378143
696.8502,697.088,-0.2378208
696.8502,697.0881,-0.2379068
696.8502,697.0881,-0.2379222
696.8502,697.0882,-0.2379962
696.8502,697.0882,-0.2380398
696.8502,697.0883,-0.2380584
696.8502,697.0885,-0.2382816
696.8502,697.0886,-0.2383951
696.8502,697.0887,-0.2384937
696.8502,697.0887,-0.2385011
696.8502,697.0888,-0.2385566
696.8502,697.0888,-0.2385569
696.8502,697.0888,-0.2385839
696.8502,697.0888,-0.2386038
696.8502,697.0889,-0.2386839
696.8502,697.0889,-0.2386972
696.8502,697.0889,-0.238698
696.8502,697.0889,-0.2386996
696.8502,697.0889,-0.2387067
696.8502,697.0889,-0.2387203
696.8502,697.089,-0.2387926
696.8502,697.089,-0.2388268
696.8502,697.089,-0.2388309
696.8502,697.089,-0.2388411
696.8502,697.0891,-0.2388714
696.8502,697.0891,-0.2388889
696.8502,697.0891,-0.2389393
696.8502,697.0892,-0.2389676
696.8502,697.0892,-0.2389803
696.8502,697.0893,-0.2390679
696.8502,697.0893,-0.2391355
696.8502,697.0894,-0.239157
696.8502,697.0895,-0.239263
696.8502,697.0895,-0.239284
696.8502,697.0895,-0.2392887
696.8502,697.0895,-0.2393082
696.8502,697.0895,-0.2393259
696.8502,697.0896,-0.2393599
696.8502,697.0897,-0.2394692
696.8502,697.0897,-0.2394981
696.8502,697.0897,-0.239502
696.8502,697.0897,-0.2395286
696.8502,697.0898,-0.2395523
696.8502,697.0898,-0.2396285
696.8502,697.0898,-0.2396394
696.8502,697.0899,-0.2396732
696.8502,697.0899,-0.2396999
696.8502,697.0899,-0.2397024
696.8502,697.0899,-0.2397452
696.8502,697.09,-0.23976
696.8502,697.09,-0.2398215
696.8502,697.09,-0.2398383
696.8502,697.09,-0.2398469
696.8502,697.0901,-0.2398733
696.8502,697.0901,-0.2398817
696.8502,697.0901,-0.2398956
696.8502,697.0901,-0.2398961
696.8502,697.0901,-0.2399137
696.8502,697.0901,-0.2399246
696.8502,697.0901,-0.2399342
696.8502,697.0902,-0.2399527
696.8502,697.0902,-0.2399556
696.8502,697.0902,-0.2399678
696.8502,697.0902,-0.2399712
696.8502,697.0902,-0.2400363
696.8502,697.0903,-0.2400785
696.8502,697.0903,-0.2400834
696.8502,697.0903,-0.2400866
696.8502,697.0903,-0.2401035
696.8502,697.0903,-0.2401358
696.8502,697.0903,-0.2401498
696.8502,697.0904,-0.2401926
696.8502,697.0904,-0.2402026
696.8502,697.0904,-0.240205
696.8502,697.0904,-0.2402142
696.8502,697.0904,-0.2402166
696.8502,697.0904,-0.240217
696.8502,697.0904,-0.2402173
696.8502,697.0904,-0.240227
696.8502,697.0904,-0.2402497
696.8502,697.0905,-0.2402546
696.8502,697.0905,-0.2402583
696.8502,697.0905,-0.2402859
696.8502,697.0905,-0.2402979
696.8502,697.0905,-0.2403087
696.8502,697.0905,-0.2403247
696.8502,697.0905,-0.2403398
696.8502,697.0905,-0.2403433
696.8502,697.0906,-0.2403671
696.8502,697.0906,-0.2403707
696.8502,697.0906,-0.2403794
696.8502,697.0906,-0.2403938
696.8502,697.0906,-0.2404153
696.8502,697.0906,-0.2404212
696.8502,697.0906,-0.2404278
696.8502,697.0907,-0.2404869
696.8502,697.0907,-0.2405068
696.8502,697.0907,-0.2405262
696.8502,697.0907,-0.2405364
696.8502,697.0907,-0.240547
696.8502,697.0908,-0.240601
696.8502,697.0908,-0.2406039
696.8502,697.0908,-0.2406289
696.8502,697.0908,-0.2406474
696.8502,697.0909,-0.2406759
696.8502,697.0909,-0.2406846
696.8502,697.091,-0.240777
696.8502,697.091,-0.2407855
696.8502,697.091,-0.2408172
696.8502,697.091,-0.240822
696.8502,697.091,-0.2408293
696.8502,697.0911,-0.240873
696.8502,697.0911,-0.2408778
696.8502,697.0911,-0.2409005
696.8502,697.0911,-0.2409121
696.8502,697.0911,-0.2409132
696.8502,697.0911,-0.2409228
696.8502,697.0911,-0.2409363
696.8502,697.0911,-0.2409401
696.8502,697.0912,-0.2409616
696.8502,697.0912,-0.2409674
696.8502,697.0912,-0.2409985
696.8502,697.0912,-0.2410039
696.8502,697.0912,-0.241031
696.8502,697.0912,-0.2410323
696.8502,697.0912,-0.2410368
696.8502,697.0912,-0.2410427
696.8502,697.0913,-0.2410534
696.8502,697.0913,-0.2410764
696.8502,697.0913,-0.2410835
696.8502,697.0913,-0.2410909
696.8502,697.0914,-0.2411551
696.8502,697.0914,-0.2411568
696.8502,697.0914,-0.2411642
696.8502,697.0914,-0.2411698
696.8502,697.0914,-0.2411713
696.8502,697.0914,-0.2411874
696.8502,697.0914,-0.2411904
696.8502,697.0914,-0.2412428
696.8502,697.0915,-0.2412551
696.8502,697.0915,-0.2412791
696.8502,697.0915,-0.2413064
696.8502,697.0915,-0.2413139
696.8502,697.0915,-0.2413367
696.8502,697.0916,-0.2413889
696.8502,697.0916,-0.2414034
696.8502,697.0916,-0.2414183
696.8502,697.0916,-0.2414438
696.8502,697.0917,-0.2414506
696.8502,697.0917,-0.2414544
696.8502,697.0917,-0.2414607
696.8502,697.0917,-0.2414679
696.8502,697.0917,-0.2414736
696.8502,697.0917,-0.2414744
696.8502,697.0917,-0.2414991
696.8502,697.0917,-0.2415114
696.8502,697.0917,-0.2415298
696.8502,697.0917,-0.2415383
696.8502,697.0917,-0.2415435
696.8502,697.0918,-0.2415565
696.8502,697.0918,-0.2415675
696.8502,697.0918,-0.2415709
696.8502,697.0918,-0.2415768
696.8502,697.0918,-0.2415861
696.8502,697.0918,-0.2415984
696.8502,697.0918,-0.2416091
696.8502,697.0918,-0.2416127
696.8502,697.0918,-0.2416153
696.8502,697.0918,-0.2416259
696.8502,697.0919,-0.241654
696.8502,697.0919,-0.2416616
696.8502,697.0919,-0.2416658
696.8502,697.0919,-0.2416804
696.8502,697.0919,-0.2416853
696.8502,697.0919,-0.2416891
696.8502,697.0919,-0.2416917
696.8502,697.0919,-0.2416965
696.8502,697.0919,-0.2417112
696.8502,697.0919,-0.2417119
696.8502,697.0919,-0.2417461
696.8502,697.0919,-0.2417475
696.8502,697.0919,-0.2417498
696.8502,697.092,-0.2417519
696.8502,697.092,-0.2417694
696.8502,697.092,-0.2417729
696.8502,697.092,-0.2417796
696.8502,697.092,-0.2417801
696.8502,697.092,-0.241818
696.8502,697.092,-0.2418211
696.8502,697.092,-0.2418482
696.8502,697.0921,-0.241858
696.8502,697.0921,-0.2418685
696.8502,697.0921,-0.2418728
696.8502,697.0921,-0.2418753
696.8502,697.0921,-0.2418991
696.8502,697.0921,-0.2419367
696.8502,697.0921,-0.2419397
696.8502,697.0921,-0.2419459
696.8502,697.0922,-0.2419508
696.8502,697.0922,-0.2419745
696.8502,697.0922,-0.2419843
696.8502,697.0922,-0.2420101
696.8502,697.0922,-0.2420271
696.8502,697.0922,-0.2420299
696.8502,697.0922,-0.242041
696.8502,697.0922,-0.2420412
696.8502,697.0922,-0.2420441
696.8502,697.0923,-0.2420559
696.8502,697.0923,-0.2420737
696.8502,697.0923,-0.2420775
696.8502,697.0923,-0.2420792
696.8502,697.0923,-0.2420813
696.8502,697.0923,-0.2420825
696.8502,697.0923,-0.2420898
696.8502,697.0923,-0.2420921
696.8502,697.0923,-0.2420945
696.8502,697.0923,-0.2420945
696.8502,697.0923,-0.2420953
696.8502,697.0923,-0.2420968
696.8502,697.0923,-0.2420995
696.8502,697.0923,-0.2421051
696.8502,697.0923,-0.2421168
696.8502,697.0923,-0.2421261
696.8502,697.0923,-0.2421284
696.8502,697.0923,-0.242135
696.8502,697.0924,-0.242155
696.8502,697.0924,-0.2421579
696.8502,697.0924,-0.242166
696.8502,697.0924,-0.2421785
696.8502,697.0924,-0.242183
696.8502,697.0924,-0.2422128
696.8502,697.0924,-0.242225
696.8502,697.0924,-0.2422272
696.8502,697.0924,-0.2422283
696.8502,697.0924,-0.2422328
696.8502,697.0925,-0.2422948
696.8502,697.0925,-0.242295
696.8502,697.0925,-0.2422955
696.8502,697.0925,-0.2423179
696.8502,697.0925,-0.242322
696.8502,697.0925,-0.2423248
696.8502,697.0925,-0.2423305
696.8502,697.0925,-0.2423493
696.8502,697.0925,-0.2423499
696.8502,697.0926,-0.2423799
696.8502,697.0926,-0.2424002
696.8502,697.0926,-0.2424263
696.8502,697.0927,-0.2424528
696.8502,697.0927,-0.2424548
696.8502,697.0927,-0.2424569
696.8502,697.0927,-0.2424581
696.8502,697.0927,-0.2424586
696.8502,697.0927,-0.2424757
696.8502,697.0927,-0.2424767
696.8502,697.0927,-0.2424937
696.8502,697.0927,-0.2424952
696.8502,697.0927,-0.242531
696.8502,697.0927,-0.2425385
696.8502,697.0928,-0.2425559
696.8502,697.0928,-0.2425593
696.8502,697.0928,-0.2425693
696.8502,697.0928,-0.2425746
696.8502,697.0928,-0.242587
696.8502,697.0928,-0.2425953
696.8502,697.0928,-0.2426062
696.8502,697.0928,-0.242622
696.8502,697.0928,-0.242643
696.8502,697.0929,-0.2426552
696.8502,697.0929,-0.2426556
696.8502,697.0929,-0.2426572
696.8502,697.0929,-0.2426767
696.8502,697.0929,-0.2426886
696.8502,697.0929,-0.2427032
696.8502,697.0929,-0.2427046
696.8502,697.0929,-0.2427105
696.8502,697.0929,-0.2427106
696.8502,697.0929,-0.2427192
696.8502,697.0929,-0.242731
696.8502,697.093,-0.2427526
696.8502,697.093,-0.2427595
696.8502,697.093,-0.2427667
696.8502,697.093,-0.2428031
696.8502,697.093,-0.2428227
696.8502,697.093,-0.2428308
696.8502,697.093,-0.2428401
696.8502,697.0931,-0.2428517
696.8502,697.0931,-0.2428766
696.8502,697.0931,-0.242884
696.8502,697.0931,-0.2429139
696.8502,697.0931,-0.2429236
696.8502,697.0931,-0.242945
696.8502,697.0931,-0.2429459
696.8502,697.0932,-0.2429707
696.8502,697.0932,-0.2429783
696.8502,697.0932,-0.2429786
696.8502,697.0932,-0.2430485
696.8502,697.0933,-0.2430594
696.8502,697.0933,-0.2430771
696.8502,697.0933,-0.2430941
696.8502,697.0933,-0.2431027
696.8502,697.0933,-0.2431088
696.8502,697.0933,-0.2431221
696.8502,697.0933,-0.2431225
696.8502,697.0933,-0.243136
696.8502,697.0934,-0.2431563
696.8502,697.0934,-0.2431637
696.8502,697.0934,-0.2431975
696.8502,697.0934,-0.2432161
696.8502,697.0934,-0.2432218
696.8502,697.0935,-0.2432744
696.8502,697.0935,-0.2433107
696.8502,697.0935,-0.2433176
696.8502,697.0935,-0.2433307
696.8502,697.0936,-0.2433629
696.8502,697.0936,-0.243373
696.8502,697.0936,-0.2433766
696.8502,697.0936,-0.2433871
696.8502,697.0936,-0.2433932
696.8502,697.0936,-0.2433952
696.8502,697.0936,-0.2434189
696.8502,697.0937,-0.243519
696.8502,697.0937,-0.2435201
696.8502,697.0937,-0.2435452
696.8502,697.0937,-0.2435482
696.8502,697.0938,-0.2435864
696.8502,697.0938,-0.2436084
696.8502,697.0939,-0.2437091
696.8502,697.094,-0.2437632
696.8502,697.094,-0.2437711
696.8502,697.094,-0.2438239
696.8502,697.0941,-0.2439387
696.8502,697.0943,-0.2440507
696.8502,697.0943,-0.2440724
696.8502,697.0943,-0.2441446
696.8502,697.0944,-0.2441686
696.8502,697.0944,-0.2441733
696.8502,697.0944,-0.2441843
696.8502,697.0945,-0.2442832
696.8502,697.0946,-0.244393
696.8502,697.0946,-0.2444095
696.8502,697.0946,-0.2444392
696.8502,697.0947,-0.2444789
696.8502,697.095,-0.2447713
696.8502,697.095,-0.2448386
696.8502,697.0951,-0.2448815
696.8502,697.0952,-0.2449785
696.8502,697.0953,-0.2450808
696.8502,697.0953,-0.245082
696.8502,697.0955,-0.2453101
696.8502,697.0956,-0.2453564
696.8502,697.0956,-0.2453803
696.8502,697.0956,-0.2453923
696.8502,697.0957,-0.245457
696.8502,697.0957,-0.2455215
696.8502,697.0958,-0.2455894
696.8502,697.0958,-0.2456482
696.8502,697.0959,-0.2456511
696.8502,697.0959,-0.2457279
696.8502,697.096,-0.2458074
696.8502,697.0962,-0.2459924
696.8502,697.0962,-0.24605
696.8502,697.0964,-0.2462482
696.8502,697.0967,-0.2464541
696.8502,697.0968,-0.2466454
696.8502,697.097,-0.2467747
696.8502,697.0974,-0.2471727
696.8502,697.0975,-0.2473125
696.8502,697.0976,-0.2473925
696.8502,697.0977,-0.2474977
696.8502,697.0978,-0.2476226
696.8502,697.098,-0.2477714
696.8502,697.0981,-0.2478679
696.8502,697.0981,-0.2479496
696.8502,697.0983,-0.2480578
696.8502,697.0983,-0.2480749
696.8502,697.0988,-0.2485862
696.8502,697.0992,-0.2489676
696.8502,697.0994,-0.2491745
696.8502,697.0994,-0.2491931
696.8502,697.1002,-0.2499661
696.8502,697.1002,-0.2500454
696.8502,697.1008,-0.2506309
696.8502,697.1015,-0.2513063
696.8502,697.1016,-0.2513917
696.8502,697.1022,-0.2519957
696.8502,697.1022,-0.252032
696.8502,697.103,-0.2528041
696.8502,697.1046,-0.2544442
696.8502,697.1049,-0.254672
696.8502,697.1052,-0.2549753
696.8502,697.1054,-0.2551932
696.8502,697.106,-0.2557726
696.8502,697.1061,-0.2559423
696.8502,697.1067,-0.2564697
696.8502,697.1071,-0.2569381
696.8502,697.1081,-0.2578516
696.8502,697.1081,-0.2579455
696.8502,697.1086,-0.2583863
696.8502,697.11,-0.2598129
696.8502,697.1101,-0.2598814
696.8502,697.1104,-0.260232
696.8502,697.1114,-0.2612035
696.8502,697.1125,-0.2622538
696.8502,697.1129,-0.2627273
696.8502,697.1132,-0.2630346
696.8502,697.1134,-0.2632406
696.8502,697.1142,-0.2639929
696.8502,697.1144,-0.2641893
696.8502,697.1148,-0.2646443
696.8502,697.1149,-0.2646529
696.8502,697.1149,-0.2647257
696.8502,697.1151,-0.2649349
696.8502,697.1156,-0.2653788
696.8502,697.1156,-0.2653949
696.8502,697.1156,-0.2654205
696.8502,697.1156,-0.2654452
696.8502,697.1159,-0.2656994
696.8502,697.116,-0.2657792
696.8502,697.1161,-0.2658782
696.8502,697.1167,-0.2665445
696.8502,697.1168,-0.2665859
696.8502,697.1169,-0.2666675
696.8502,697.117,-0.2667903
696.8502,697.1173,-0.2671017
696.8502,697.1181,-0.2678808
696.8502,697.1182,-0.2679644
696.8502,697.1182,-0.2680469
696.8502,697.1189,-0.2687353
696.8502,697.1192,-0.2690464
696.8502,697.1193,-0.2690593
696.8502,697.1194,-0.2692298
696.8502,697.1195,-0.2693245
696.8502,697.1197,-0.2695274
696.8502,697.1198,-0.2696467
696.8502,697.1199,-0.2696565
696.8502,697.1199,-0.2696658
696.8502,697.12,-0.2698234
696.8502,697.1202,-0.2699918
696.8502,697.1204,-0.2701749
696.8502,697.1204,-0.2701964
696.8502,697.1205,-0.2702712
696.8502,697.1207,-0.2705028
696.8502,697.1208,-0.2705893
696.8502,697.1209,-0.2706878
696.8502,697.121,-0.2708062
696.8502,697.1212,-0.2710135
696.8502,697.1212,-0.2710409
696.8502,697.1213,-0.2710816
696.8502,697.1213,-0.2711185
696.8502,697.1214,-0.2711979
696.8502,697.1215,-0.2712887
696.8502,697.1215,-0.2712954
696.8502,697.1217,-0.2714789
696.8502,697.1219,-0.2716772
696.8502,697.122,-0.271815
696.8502,697.1221,-0.2718965
696.8502,697.1221,-0.2719098
696.8502,697.1222,-0.2720174
696.8502,697.1223,-0.2720836
696.8502,697.1224,-0.2721705
696.8502,697.1224,-0.2721975
696.8502,697.1224,-0.2722216
696.8502,697.1229,-0.272709
696.8502,697.123,-0.2728413
696.8502,697.1232,-0.2729868
696.8502,697.1232,-0.2729898
696.8502,697.1232,-0.2730134
696.8502,697.1234,-0.2732283
696.8502,697.1235,-0.2732757
696.8502,697.1235,-0.2732893
696.8502,697.1236,-0.2733979
696.8502,697.1236,-0.2734318
696.8502,697.1237,-0.2735253
696.8502,697.1237,-0.2735322
696.8502,697.1238,-0.2735579
696.8502,697.1238,-0.2735693
696.8502,697.1239,-0.2737017
696.8502,697.124,-0.2737906
696.8502,697.1241,-0.2738562
696.8502,697.1241,-0.2738824
696.8502,697.1241,-0.2738896
696.8502,697.1241,-0.2738977
696.8502,697.1241,-0.2739384
696.8502,697.1242,-0.2740108
696.8502,697.1245,-0.2743192
696.8502,697.1246,-0.2744334
696.8502,697.1247,-0.2744519
696.8502,697.1247,-0.2744629
696.8502,697.1248,-0.2745974
696.8502,697.125,-0.2747807
696.8502,697.125,-0.2748225
696.8502,697.1252,-0.2750381
696.8502,697.1255,-0.2753089
696.8502,697.1256,-0.275371
696.8502,697.1258,-0.2756067
696.8502,697.1258,-0.2756291
696.8502,697.1259,-0.2757108
696.8502,697.1261,-0.2758783
696.8502,697.1261,-0.2758814
696.8502,697.1262,-0.2759833
696.8502,697.1263,-0.2760909
696.8502,697.1263,-0.2761349
696.8502,697.1266,-0.2763806
696.8502,697.1267,-0.2764703
696.8502,697.127,-0.2767897
696.8502,697.1277,-0.2775056
696.8502,697.1278,-0.2775727
696.8502,697.1279,-0.2776841
696.8502,697.1282,-0.27803
696.8502,697.129,-0.2787865
696.8502,697.1293,-0.2791077
696.8502,697.1296,-0.2794345
696.8502,697.131,-0.2807854
696.8502,697.1315,-0.2812947
696.8502,697.1325,-0.2822594
696.8502,697.1327,-0.2825252
696.8502,697.1331,-0.2829053
696.8502,697.1333,-0.2831273
696.8502,697.1335,-0.283296
696.8502,697.1363,-0.2860571
696.8502,697.1367,-0.2865189
696.8502,697.1376,-0.287391
696.8502,697.1399,-0.2897494
696.8502,697.1416,-0.2914272
696.8502,697.1447,-0.2945354
696.8502,697.1457,-0.2954989
696.8502,697.1483,-0.2981266
696.8502,697.1522,-0.3020386
696.8502,697.157,-0.3067711
696.8502,697.16,-0.3097918
696.8502,697.16,-0.3098265
696.8502,697.1617,-0.3114532
696.8502,697.1667,-0.3164829
696.8502,697.1668,-0.3165722
696.8502,697.1698,-0.3195701
696.8502,697.1698,-0.319602
696.8502,697.1713,-0.321053
696.8502,697.1719,-0.3216754
696.8502,697.1734,-0.3232126
696.8502,697.1769,-0.3266917
696.8502,697.2024,-0.3522444
696.8502,697.2114,-0.3612213
696.8502,697.2154,-0.3651835
696.8502,697.2177,-0.3675456
696.8502,697.2184,-0.3681904
696.8502,697.2202,-0.370005
696.8502,697.2242,-0.373973
696.8502,697.2245,-0.3743058
696.8502,697.2248,-0.3745637
696.8502,697.2248,-0.3746283
696.8502,697.2255,-0.3752526
696.8502,697.2265,-0.3763049
696.8502,697.2267,-0.3765489
696.8502,697.2292,-0.3790493
696.8502,697.2828,-0.4326314
696.8502,697.2831,-0.4328911
696.8502,697.2835,-0.4332822
696.8502,697.2838,-0.4335754
696.8502,697.2839,-0.4337249
696.8502,697.284,-0.4338022
696.8502,697.2841,-0.4338712
696.8502,697.2853,-0.4350934
696.8502,697.2856,-0.4353762
696.8502,697.2856,-0.4353992
696.8502,697.2871,-0.4369156
696.8502,697.2896,-0.4394044
696.8502,697.2956,-0.44538
696.8502,697.2963,-0.4461244
696.8502,697.2966,-0.4463591
696.8502,697.2972,-0.4469739
696.8502,697.2983,-0.4480806
696.8502,697.2995,-0.4492635
696.8502,697.3013,-0.4511047
696.8502,697.3013,-0.4511371
696.8502,697.3021,-0.4518576
696.8502,697.3033,-0.4530674
696.8502,697.3033,-0.4531072
696.8502,697.3034,-0.4531915
696.8502,697.3034,-0.4531999
696.8502,697.3046,-0.4544401
696.8502,697.3056,-0.455379
696.8502,697.3057,-0.455537
696.8502,697.3063,-0.4561034
696.8502,697.3064,-0.456187
696.8502,697.3066,-0.456422
696.8502,697.3067,-0.4565129
696.8502,697.3069,-0.4567423
696.8502,697.307,-0.4568449
696.8502,697.3075,-0.4573143
696.8502,697.3077,-0.457472
696.8502,697.3093,-0.4590927
696.8502,697.3094,-0.4592151
696.8502,697.3094,-0.459226
696.8502,697.3095,-0.4592791
696.8502,697.3096,-0.4593983
696.8502,697.3101,-0.4599339
696.8502,697.3103,-0.4600981
696.8502,697.3105,-0.4602851
696.8502,697.3106,-0.4603745
696.8502,697.3106,-0.4604256
696.8502,697.3106,-0.4604391
696.8502,697.3107,-0.4605238
696.8502,697.311,-0.4607505
696.8502,697.311,-0.4608056
696.8502,697.311,-0.4608313
696.8502,697.3111,-0.4608915
696.8502,697.3112,-0.4609787
696.8502,697.3116,-0.461375
696.8502,697.3116,-0.4613798
696.8502,697.3117,-0.4614911
696.8502,697.3117,-0.461502
696.8502,697.3117,-0.4615245
696.8502,697.3118,-0.4615748
696.8502,697.3118,-0.4615868
696.8502,697.3118,-0.4615921
696.8502,697.3118,-0.4616072
696.8502,697.3118,-0.4616441
696.8502,697.3119,-0.4616665
696.8502,697.3119,-0.4616851
696.8502,697.3121,-0.4618667
696.8502,697.3121,-0.4618883
696.8502,697.3121,-0.4618897
696.8502,697.3121,-0.4619169
696.8502,697.3122,-0.4620464
696.8502,697.3123,-0.4620524
696.8502,697.3124,-0.4621944
696.8502,697.3124,-0.4622029
696.8502,697.3124,-0.4622279
696.8502,697.3124,-0.4622454
696.8502,697.3125,-0.4622964
696.8502,697.3125,-0.4623358
696.8502,697.3126,-0.4623626
696.8502,697.3126,-0.4624237
696.8502,697.3126,-0.4624346
696.8502,697.3127,-0.462538
696.8502,697.3128,-0.4625675
696.8502,697.3128,-0.4625865
696.8502,697.313,-0.462813
696.8502,697.313,-0.4628468
696.8502,697.3131,-0.4628732
696.8502,697.3132,-0.4629825
696.8502,697.3133,-0.4630919
696.8502,697.3133,-0.4631163
696.8502,697.3133,-0.4631248
696.8502,697.3133,-0.4631287
696.8502,697.3134,-0.4632043
696.8502,697.3134,-0.46323
696.8502,697.3135,-0.4632573
696.8502,697.3135,-0.4633219
696.8502,697.3135,-0.4633461
696.8502,697.3136,-0.4633501
696.8502,697.3137,-0.4634744
696.8502,697.3137,-0.4634783
696.8502,697.3137,-0.4634933
696.8502,697.3137,-0.4634943
696.8502,697.3137,-0.4634977
696.8502,697.3138,-0.4635797
696.8502,697.3138,-0.4636216
696.8502,697.3138,-0.4636358
696.8502,697.3139,-0.463651
696.8502,697.3139,-0.4636626
696.8502,697.3139,-0.4636879
696.8502,697.3139,-0.4636954
696.8502,697.314,-0.4637579
696.8502,697.314,-0.4638435
696.8502,697.3141,-0.4638552
696.8502,697.3141,-0.4638898
696.8502,697.3142,-0.463964
696.8502,697.3142,-0.4639997
696.8502,697.3143,-0.4641309
696.8502,697.3143,-0.4641338
696.8502,697.3144,-0.4641706
696.8502,697.3144,-0.4642396
696.8502,697.3145,-0.4643304
696.8502,697.3146,-0.4643751
696.8502,697.3146,-0.4643938
696.8502,697.3146,-0.4644174
696.8502,697.3147,-0.4644537
696.8502,697.3147,-0.4644691
696.8502,697.3147,-0.4645044
696.8502,697.3147,-0.4645082
696.8502,697.3147,-0.4645256
696.8502,697.3148,-0.4646184
696.8502,697.3148,-0.4646223
696.8502,697.3148,-0.4646465
696.8502,697.3149,-0.464675
696.8502,697.3149,-0.464683
696.8502,697.315,-0.4648034
696.8502,697.315,-0.464815
696.8502,697.3151,-0.4648853
696.8502,697.3151,-0.4648884
696.8502,697.3152,-0.4650166
696.8502,697.3153,-0.4650738
696.8502,697.3153,-0.4650766
696.8502,697.3153,-0.4651498
696.8502,697.3154,-0.4651588
696.8502,697.3155,-0.4652925
696.8502,697.3156,-0.4653719
696.8502,697.3156,-0.4654291
696.8502,697.3157,-0.4654576
696.8502,697.3157,-0.4654971
696.8502,697.3157,-0.4655059
696.8502,697.3158,-0.4656413
696.8502,697.3159,-0.46568
696.8502,697.3159,-0.4657015
696.8502,697.316,-0.4657896
696.8502,697.316,-0.465797
696.8502,697.316,-0.465832
696.8502,697.3161,-0.4658711
696.8502,697.3161,-0.4659035
696.8502,697.3161,-0.4659078
696.8502,697.3161,-0.4659188
696.8502,697.3161,-0.4659368
696.8502,697.3162,-0.4660355
696.8502,697.3162,-0.4660487
696.8502,697.3163,-0.4660679
696.8502,697.3163,-0.4660941
696.8502,697.3164,-0.4661714
696.8502,697.3164,-0.4661786
696.8502,697.3164,-0.4662317
696.8502,697.3165,-0.4662705
696.8502,697.3165,-0.4662879
696.8502,697.3165,-0.4663286
696.8502,697.3168,-0.466604
696.8502,697.3169,-0.4666909
696.8502,697.3169,-0.4667059
696.8502,697.317,-0.4667506
696.8502,697.317,-0.4668154
696.8502,697.3172,-0.466958
696.8502,697.3172,-0.4669846
696.8502,697.3173,-0.4671192
696.8502,697.3173,-0.467149
696.8502,697.3174,-0.4672327
696.8502,697.3178,-0.4676361
696.8502,697.318,-0.4677816
696.8502,697.318,-0.467813
696.8502,697.318,-0.4678145
696.8502,697.3182,-0.4680059
696.8502,697.3182,-0.4680435
696.8502,697.3183,-0.4681068
696.8502,697.3184,-0.4682196
696.8502,697.3185,-0.4682916
696.8502,697.3185,-0.4682937
696.8502,697.3186,-0.468427
696.8502,697.3186,-0.4684482
696.8502,697.3187,-0.4685141
696.8502,697.3188,-0.4686399
696.8502,697.3189,-0.4687065
696.8502,697.3189,-0.4687336
696.8502,697.3189,-0.4687388
696.8502,697.319,-0.4687881
696.8502,697.3192,-0.4689698
696.8502,697.3194,-0.4692406
696.8502,697.3195,-0.4692989
696.8502,697.3195,-0.4693113
696.8502,697.3196,-0.4693579
696.8502,697.3196,-0.4694308
696.8502,697.3197,-0.4695126
696.8502,697.3197,-0.4695437
696.8502,697.3198,-0.4695716
696.8502,697.3198,-0.4695786
696.8502,697.3198,-0.469611
696.8502,697.3199,-0.4696696
696.8502,697.3199,-0.4696797
696.8502,697.3199,-0.4696966
696.8502,697.3199,-0.469721
696.8502,697.3199,-0.4697263
696.8502,697.3199,-0.469739
696.8502,697.32,-0.4698293
696.8502,697.3201,-0.4698549
696.8502,697.3201,-0.4699017
696.8502,697.3201,-0.4699185
696.8502,697.3202,-0.4699502
696.8502,697.3202,-0.469959
696.8502,697.3203,-0.4700789
696.8502,697.3203,-0.4701014
696.8502,697.3204,-0.4701646
696.8502,697.3204,-0.4702017
696.8502,697.3204,-0.4702173
696.8502,697.3205,-0.4702878
696.8502,697.3205,-0.4703197
696.8502,697.3206,-0.4704357
696.8502,697.3207,-0.4704873
696.8502,697.3207,-0.4704921
696.8502,697.3207,-0.4705007
696.8502,697.3207,-0.4705444
696.8502,697.3207,-0.4705444
696.8502,697.3208,-0.4705662
696.8502,697.3208,-0.470629
696.8502,697.3208,-0.470642
696.8502,697.3209,-0.470663
696.8502,697.3209,-0.4706969
696.8502,697.3209,-0.4706978
696.8502,697.321,-0.4707546
696.8502,697.321,-0.4707649
696.8502,697.321,-0.4707898
696.8502,697.321,-0.4707898
696.8502,697.321,-0.4708319
696.8502,697.321,-0.470834
696.8502,697.321,-0.4708422
696.8502,697.3211,-0.4708625
696.8502,697.3211,-0.4708697
696.8502,697.3211,-0.4708981
696.8502,697.3211,-0.4708984
696.8502,697.3212,-0.4710266
696.8502,697.3212,-0.4710312
696.8502,697.3213,-0.4710884
696.8502,697.3213,-0.4711244
696.8502,697.3213,-0.4711409
696.8502,697.3214,-0.4711574
696.8502,697.3214,-0.4712387
696.8502,697.3215,-0.4712671
696.8502,697.3215,-0.4712754
696.8502,697.3215,-0.4712833
696.8502,697.3215,-0.471292
696.8502,697.3215,-0.4712927
696.8502,697.3215,-0.4712928
696.8502,697.3215,-0.4713061
696.8502,697.3215,-0.4713168
696.8502,697.3215,-0.4713273
696.8502,697.3216,-0.4714127
696.8502,697.3216,-0.4714158
696.8502,697.3216,-0.4714329
696.8502,697.3216,-0.4714356
696.8502,697.3217,-0.471505
696.8502,697.3217,-0.4715145
696.8502,697.3217,-0.4715236
696.8502,697.3217,-0.4715333
696.8502,697.3218,-0.4715741
696.8502,697.3218,-0.471644
696.8502,697.3219,-0.4716524
696.8502,697.3219,-0.4716763
696.8502,697.3219,-0.4716924
696.8502,697.3219,-0.4717139
696.8502,697.3219,-0.4717417
696.8502,697.3219,-0.4717417
696.8502,697.322,-0.4717756
696.8502,697.322,-0.4718028
696.8502,697.322,-0.471842
696.8502,697.3221,-0.4718506
696.8502,697.3221,-0.4718621
696.8502,697.3221,-0.4718648
696.8502,697.3221,-0.4718732
696.8502,697.3221,-0.4719098
696.8502,697.3221,-0.471913
696.8502,697.3222,-0.4720364
696.8502,697.3223,-0.472069
696.8502,697.3223,-0.4720825
696.8502,697.3223,-0.4721032
696.8502,697.3223,-0.4721444
696.8502,697.3224,-0.4721649
696.8502,697.3224,-0.4721759
696.8502,697.3224,-0.4721944
696.8502,697.3224,-0.4721947
696.8502,697.3225,-0.4722884
696.8502,697.3225,-0.4722934
696.8502,697.3225,-0.4722982
696.8502,697.3225,-0.4723381
696.8502,697.3226,-0.4723534
696.8502,697.3226,-0.4723553
696.8502,697.3226,-0.4723832
696.8502,697.3226,-0.4723926
696.8502,697.3226,-0.4723941
696.8502,697.3226,-0.4724251
696.8502,697.3226,-0.4724282
696.8502,697.3226,-0.4724474
696.8502,697.3227,-0.4724807
696.8502,697.3227,-0.4725124
696.8502,697.3227,-0.4725271
696.8502,697.3227,-0.4725341
696.8502,697.3227,-0.4725416
696.8502,697.3228,-0.4725549
696.8502,697.3228,-0.4725693
696.8502,697.3228,-0.4725728
696.8502,697.3228,-0.4725846
696.8502,697.3228,-0.4725849
696.8502,697.3228,-0.4725878
696.8502,697.3228,-0.4726191
696.8502,697.3228,-0.4726468
696.8502,697.3229,-0.4727047
696.8502,697.3229,-0.4727452
696.8502,697.323,-0.4727687
696.8502,697.323,-0.4727807
696.8502,697.323,-0.4727846
696.8502,697.323,-0.4727848
696.8502,697.323,-0.4728139
696.8502,697.323,-0.4728141
696.8502,697.323,-0.4728488
696.8502,697.3231,-0.4728832
696.8502,697.3231,-0.4728991
696.8502,697.3231,-0.472911
696.8502,697.3232,-0.4729997
696.8502,697.3232,-0.4730044
696.8502,697.3233,-0.4730651
696.8502,697.3233,-0.4730715
696.8502,697.3233,-0.4730793
696.8502,697.3233,-0.4730808
696.8502,697.3233,-0.4730808
696.8502,697.3233,-0.4731332
696.8502,697.3234,-0.4731658
696.8502,697.3235,-0.4732685
696.8502,697.3235,-0.4732726
696.8502,697.3235,-0.473277
696.8502,697.3235,-0.4733263
696.8502,697.3235,-0.4733317
696.8502,697.3235,-0.4733438
696.8502,697.3236,-0.4733517
696.8502,697.3236,-0.4733657
696.8502,697.3236,-0.4733967
696.8502,697.3236,-0.47341
696.8502,697.3236,-0.4734133
696.8502,697.3236,-0.4734268
696.8502,697.3236,-0.4734361
696.8502,697.3236,-0.4734471
696.8502,697.3237,-0.473465
696.8502,697.3237,-0.4734949
696.8502,697.3237,-0.4734982
696.8502,697.3237,-0.4735127
696.8502,697.3237,-0.4735422
696.8502,697.3238,-0.4735563
696.8502,697.3238,-0.4735821
696.8502,697.3239,-0.4736532
696.8502,697.3239,-0.4736717
696.8502,697.3239,-0.4737158
696.8502,697.3239,-0.4737282
696.8502,697.324,-0.4737667
696.8502,697.324,-0.4737678
696.8502,697.324,-0.4737748
696.8502,697.324,-0.4737942
696.8502,697.324,-0.4737974
696.8502,697.324,-0.4738236
696.8502,697.324,-0.4738453
696.8502,697.3241,-0.4738747
696.8502,697.3241,-0.4738792
696.8502,697.3241,-0.4739102
696.8502,697.3241,-0.4739124
696.8502,697.3241,-0.4739225
696.8502,697.3241,-0.4739242
696.8502,697.3242,-0.4739557
696.8502,697.3242,-0.4739684
696.8502,697.3242,-0.4740068
696.8502,697.3242,-0.4740089
696.8502,697.3242,-0.4740126
696.8502,697.3242,-0.4740301
696.8502,697.3242,-0.4740488
696.8502,697.3243,-0.4740538
696.8502,697.3243,-0.474075
696.8502,697.3243,-0.4740934
696.8502,697.3243,-0.4740975
696.8502,697.3244,-0.4741505
696.8502,697.3244,-0.4741705
696.8502,697.3244,-0.4741743
696.8502,697.3244,-0.4741989
696.8502,697.3245,-0.4742745
696.8502,697.3245,-0.4742865
696.8502,697.3245,-0.4742883
696.8502,697.3245,-0.4742924
696.8502,697.3245,-0.4742964
696.8502,697.3245,-0.4743311
696.8502,697.3246,-0.4743722
696.8502,697.3246,-0.4743943
696.8502,697.3246,-0.4743948
696.8502,697.3246,-0.474403
696.8502,697.3246,-0.4744071
696.8502,697.3246,-0.474411
696.8502,697.3247,-0.4744505
696.8502,697.3247,-0.4745114
696.8502,697.3247,-0.4745141
696.8502,697.3248,-0.4745627
696.8502,697.3248,-0.4745797
696.8502,697.3248,-0.4745901
696.8502,697.3248,-0.4746067
696.8502,697.3249,-0.4746815
696.8502,697.3249,-0.4746987
696.8502,697.3249,-0.4747081
696.8502,697.3249,-0.4747271
696.8502,697.3249,-0.4747397
696.8502,697.3249,-0.4747433
696.8502,697.325,-0.4747686
696.8502,697.325,-0.4747765
696.8502,697.325,-0.4748062
696.8502,697.325,-0.4748176
696.8502,697.325,-0.4748482
696.8502,697.3251,-0.4748713
696.8502,697.3251,-0.4749124
696.8502,697.3251,-0.4749336
696.8502,697.3252,-0.4749577
696.8502,697.3252,-0.4749584
696.8502,697.3252,-0.4749825
696.8502,697.3252,-0.475012
696.8502,697.3252,-0.4750455
696.8502,697.3252,-0.4750484
696.8502,697.3253,-0.4750672
696.8502,697.3253,-0.475077
696.8502,697.3253,-0.4750828
696.8502,697.3253,-0.4751099
696.8502,697.3253,-0.4751343
696.8502,697.3254,-0.4751702
696.8502,697.3254,-0.4751968
696.8502,697.3254,-0.4752163
696.8502,697.3255,-0.4752616
696.8502,697.3255,-0.4752629
696.8502,697.3255,-0.4752637
696.8502,697.3255,-0.4752745
696.8502,697.3255,-0.475279
696.8502,697.3255,-0.4753087
696.8502,697.3255,-0.4753271
696.8502,697.3255,-0.4753405
696.8502,697.3257,-0.4754722
696.8502,697.3257,-0.4755306
696.8502,697.3257,-0.4755347
696.8502,697.3257,-0.4755366
696.8502,697.3257,-0.4755496
696.8502,697.3258,-0.4755579
696.8502,697.3258,-0.4755646
696.8502,697.3258,-0.4755768
696.8502,697.3258,-0.4755956
696.8502,697.3258,-0.4756022
696.8502,697.3258,-0.4756237
696.8502,697.3258,-0.4756412
696.8502,697.3259,-0.4756536
696.8502,697.3259,-0.4757101
696.8502,697.3259,-0.4757228
696.8502,697.326,-0.4757627
696.8502,697.326,-0.4757729
696.8502,697.326,-0.4758356
696.8502,697.326,-0.4758493
696.8502,697.3261,-0.4758546
696.8502,697.3261,-0.4758904
696.8502,697.3261,-0.4759087
696.8502,697.3261,-0.4759217
696.8502,697.3261,-0.4759245
696.8502,697.3261,-0.4759346
696.8502,697.3262,-0.4760152
696.8502,697.3262,-0.4760158
696.8502,697.3262,-0.4760196
696.8502,697.3262,-0.4760248
696.8502,697.3263,-0.4760673
696.8502,697.3263,-0.4761078
696.8502,697.3263,-0.476148
696.8502,697.3264,-0.4762264
696.8502,697.3265,-0.4762844
696.8502,697.3265,-0.4762857
696.8502,697.3265,-0.4763088
696.8502,697.3265,-0.4763417
696.8502,697.3266,-0.4763668
696.8502,697.3266,-0.4764049
696.8502,697.3266,-0.4764091
696.8502,697.3266,-0.4764124
696.8502,697.3266,-0.476441
696.8502,697.3266,-0.4764454
696.8502,697.3266,-0.4764459
696.8502,697.3266,-0.476447
696.8502,697.3267,-0.4764643
696.8502,697.3267,-0.4765079
696.8502,697.3267,-0.4765141
696.8502,697.3267,-0.4765203
696.8502,697.3267,-0.4765316
696.8502,697.3267,-0.4765362
696.8502,697.3268,-0.4765579
696.8502,697.3268,-0.4766129
696.8502,697.3268,-0.4766175
696.8502,697.3268,-0.4766177
696.8502,697.3268,-0.476648
696.8502,697.3269,-0.4766869
696.8502,697.3269,-0.4766993
696.8502,697.3269,-0.4767002
696.8502,697.3269,-0.4767147
696.8502,697.327,-0.4767721
696.8502,697.327,-0.4767798
696.8502,697.327,-0.4767995
696.8502,697.327,-0.4768061
696.8502,697.327,-0.4768186
696.8502,697.327,-0.4768362
696.8502,697.327,-0.4768378
696.8502,697.3271,-0.4768531
696.8502,697.3271,-0.4769044
696.8502,697.3271,-0.4769389
696.8502,697.3272,-0.4769818
696.8502,697.3272,-0.4770027
696.8502,697.3273,-0.4771165
696.8502,697.3274,-0.4771586
696.8502,697.3274,-0.4771802
696.8502,697.3275,-0.4772518
696.8502,697.3275,-0.4772923
696.8502,697.3275,-0.4773238
696.8502,697.3275,-0.4773294
696.8502,697.3276,-0.4773614
696.8502,697.3276,-0.4773799
696.8502,697.3276,-0.4774011
696.8502,697.3276,-0.4774059
696.8502,697.3276,-0.4774067
696.8502,697.3276,-0.4774243
696.8502,697.3277,-0.4774985
696.8502,697.3277,-0.4775416
696.8502,697.3278,-0.477584
696.8502,697.3278,-0.4776299
696.8502,697.3278,-0.4776465
696.8502,697.3278,-0.4776498
696.8502,697.3279,-0.4776735
696.8502,697.3279,-0.4776936
696.8502,697.3279,-0.4777307
696.8502,697.3279,-0.4777359
696.8502,697.3279,-0.4777382
696.8502,697.3279,-0.4777427
696.8502,697.328,-0.4777564
696.8502,697.328,-0.4777715
696.8502,697.328,-0.4778374
696.8502,697.328,-0.4778443
696.8502,697.328,-0.4778465
696.8502,697.3281,-0.4778743
696.8502,697.3281,-0.4778825
696.8502,697.3281,-0.4779064
696.8502,697.3281,-0.4779197
696.8502,697.3281,-0.4779213
696.8502,697.3281,-0.4779406
696.8502,697.3282,-0.4779691
696.8502,697.3282,-0.4779852
696.8502,697.3283,-0.4780633
696.8502,697.3283,-0.4781
696.8502,697.3283,-0.4781286
696.8502,697.3283,-0.4781316
696.8502,697.3284,-0.4782019
696.8502,697.3284,-0.4782326
696.8502,697.3284,-0.4782339
696.8502,697.3284,-0.4782452
696.8502,697.3285,-0.4783059
696.8502,697.3285,-0.4783155
696.8502,697.3285,-0.4783187
696.8502,697.3285,-0.4783241
696.8502,697.3285,-0.478335
696.8502,697.3286,-0.4783537
696.8502,697.3286,-0.4784045
696.8502,697.3286,-0.478436
696.8502,697.3286,-0.4784397
696.8502,697.3286,-0.4784415
696.8502,697.3287,-0.4784704
696.8502,697.3287,-0.4784716
696.8502,697.3287,-0.4784843
696.8502,697.3287,-0.4785055
696.8502,697.3288,-0.4786383
696.8502,697.3289,-0.478662
696.8502,697.3289,-0.4786826
696.8502,697.3289,-0.4786851
696.8502,697.3289,-0.4787001
696.8502,697.3289,-0.4787117
696.8502,697.3289,-0.4787411
696.8502,697.3291,-0.4788674
696.8502,697.3291,-0.4788755
696.8502,697.3291,-0.4789005
696.8502,697.3291,-0.4789267
696.8502,697.3292,-0.4789711
696.8502,697.3292,-0.4790247
696.8502,697.3292,-0.4790309
696.8502,697.3293,-0.4791384
696.8502,697.3293,-0.4791426
696.8502,697.3294,-0.4791814
696.8502,697.3294,-0.4791983
696.8502,697.3294,-0.4792105
696.8502,697.3294,-0.4792178
696.8502,697.3295,-0.4792615
696.8502,697.3295,-0.4792998
696.8502,697.3295,-0.4793422
696.8502,697.3295,-0.4793436
696.8502,697.3295,-0.4793462
696.8502,697.3296,-0.4793667
696.8502,697.3296,-0.4793681
696.8502,697.3296,-0.479404
696.8502,697.3296,-0.4794156
696.8502,697.3296,-0.4794273
696.8502,697.3297,-0.479464
696.8502,697.3297,-0.4794916
696.8502,697.3297,-0.4795183
696.8502,697.3298,-0.4796024
696.8502,697.3298,-0.4796058
696.8502,697.3298,-0.4796497
696.8502,697.3299,-0.4797116
696.8502,697.3299,-0.4797402
696.8502,697.33,-0.4797779
696.8502,697.33,-0.4797855
696.8502,697.33,-0.4798366
696.8502,697.3301,-0.47986
696.8502,697.3301,-0.4798679
696.8502,697.3301,-0.4798771
696.8502,697.3301,-0.4798814
696.8502,697.3301,-0.4799036
696.8502,697.3301,-0.4799437
696.8502,697.3302,-0.4799546
696.8502,697.3302,-0.479961
696.8502,697.3302,-0.479988
696.8502,697.3302,-0.4800004
696.8502,697.3302,-0.4800172
696.8502,697.3303,-0.4800546
696.8502,697.3303,-0.4800759
696.8502,697.3303,-0.4801002
696.8502,697.3303,-0.4801141
696.8502,697.3304,-0.4801794
696.8502,697.3304,-0.4801864
696.8502,697.3304,-0.4801913
696.8502,697.3304,-0.4802131
696.8502,697.3304,-0.480214
696.8502,697.3304,-0.480224
696.8502,697.3304,-0.4802493
696.8502,697.3305,-0.4802958
696.8502,697.3305,-0.480309
696.8502,697.3305,-0.4803128
696.8502,697.3306,-0.4803567
696.8502,697.3306,-0.4803713
696.8502,697.3306,-0.4804035
696.8502,697.3306,-0.4804249
696.8502,697.3307,-0.4804759
696.8502,697.3307,-0.4804814
696.8502,697.3308,-0.4806084
696.8502,697.3308,-0.4806161
696.8502,697.3308,-0.4806388
696.8502,697.3309,-0.4806556
696.8502,697.3309,-0.4806597
696.8502,697.3309,-0.4806623
696.8502,697.3309,-0.4806832
696.8502,697.3309,-0.4807043
696.8502,697.3309,-0.4807452
696.8502,697.331,-0.4807538
696.8502,697.331,-0.4807706
696.8502,697.331,-0.4807852
696.8502,697.331,-0.4807979
696.8502,697.331,-0.4808266
696.8502,697.3311,-0.4808885
696.8502,697.3311,-0.4808957
696.8502,697.3311,-0.4809096
696.8502,697.3311,-0.4809153
696.8502,697.3312,-0.4809785
696.8502,697.3312,-0.4809995
696.8502,697.3312,-0.4810047
696.8502,697.3312,-0.4810182
696.8502,697.3312,-0.4810198
696.8502,697.3313,-0.481058
696.8502,697.3313,-0.4810722
696.8502,697.3313,-0.4810825
696.8502,697.3313,-0.4810939
696.8502,697.3313,-0.4811436
696.8502,697.3314,-0.4811691
696.8502,697.3314,-0.481178
696.8502,697.3314,-0.481187
696.8502,697.3314,-0.4812014
696.8502,697.3314,-0.4812021
696.8502,697.3314,-0.4812246
696.8502,697.3315,-0.481299
696.8502,697.3316,-0.4814011
696.8502,697.3316,-0.4814235
696.8502,697.3317,-0.4814831
696.8502,697.3317,-0.4815288
696.8502,697.3317,-0.4815418
696.8502,697.3318,-0.4815739
696.8502,697.3318,-0.4815746
696.8502,697.3318,-0.481585
696.8502,697.3318,-0.4816123
696.8502,697.3318,-0.4816379
696.8502,697.3319,-0.4816505
696.8502,697.3319,-0.4816902
696.8502,697.332,-0.4817883
696.8502,697.332,-0.481807
696.8502,697.332,-0.4818333
696.8502,697.332,-0.481839
696.8502,697.3321,-0.4818717
696.8502,697.3321,-0.4818911
696.8502,697.3321,-0.4818971
696.8502,697.3321,-0.4819078
696.8502,697.3322,-0.4819792
696.8502,697.3322,-0.4820061
696.8502,697.3322,-0.4820094
696.8502,697.3322,-0.4820258
696.8502,697.3322,-0.4820312
696.8502,697.3322,-0.4820376
696.8502,697.3324,-0.4821754
696.8502,697.3324,-0.4821801
696.8502,697.3324,-0.4821842
696.8502,697.3324,-0.4821972
696.8502,697.3324,-0.4822088
696.8502,697.3324,-0.4822133
696.8502,697.3324,-0.4822324
696.8502,697.3325,-0.482262
696.8502,697.3325,-0.4822987
696.8502,697.3325,-0.482308
696.8502,697.3326,-0.4823709
696.8502,697.3326,-0.4823801
696.8502,697.3327,-0.4824749
696.8502,697.3327,-0.4825133
696.8502,697.3327,-0.482523
696.8502,697.3327,-0.482534
696.8502,697.3328,-0.4826061
696.8502,697.3329,-0.4826689
696.8502,697.3329,-0.4827234
696.8502,697.3329,-0.4827385
696.8502,697.333,-0.4827582
696.8502,697.333,-0.4827701
696.8502,697.333,-0.4827775
696.8502,697.333,-0.4828159
696.8502,697.333,-0.4828481
696.8502,697.3331,-0.4828604
696.8502,697.3331,-0.4828752
696.8502,697.3331,-0.4828831
696.8502,697.3331,-0.4829299
696.8502,697.3331,-0.4829366
696.8502,697.3332,-0.4829519
696.8502,697.3332,-0.4829622
696.8502,697.3332,-0.4829959
696.8502,697.3332,-0.4830114
696.8502,697.3332,-0.4830281
696.8502,697.3332,-0.4830362
696.8502,697.3332,-0.483037
696.8502,697.3332,-0.4830461
696.8502,697.3333,-0.4830764
696.8502,697.3333,-0.4830861
696.8502,697.3333,-0.4831085
696.8502,697.3333,-0.4831151
696.8502,697.3333,-0.4831385
696.8502,697.3334,-0.4831724
696.8502,697.3334,-0.4831854
696.8502,697.3334,-0.4832262
696.8502,697.3334,-0.483232
696.8502,697.3335,-0.4832868
696.8502,697.3336,-0.4833719
696.8502,697.3336,-0.4834046
696.8502,697.3337,-0.4834686
696.8502,697.3338,-0.4835522
696.8502,697.3338,-0.4835691
696.8502,697.3339,-0.4836649
696.8502,697.3339,-0.4836948
696.8502,697.334,-0.483793
696.8502,697.334,-0.4837975
696.8502,697.334,-0.4838097
696.8502,697.334,-0.4838177
696.8502,697.3341,-0.4838871
696.8502,697.3341,-0.4839185
696.8502,697.3342,-0.4840088
696.8502,697.3343,-0.4840811
696.8502,697.3343,-0.4841292
696.8502,697.3344,-0.4841639
696.8502,697.3344,-0.4842062
696.8502,697.3344,-0.4842181
696.8502,697.3345,-0.4842508
696.8502,697.3345,-0.4842577
696.8502,697.3345,-0.484268
696.8502,697.3345,-0.4843176
696.8502,697.3345,-0.4843231
696.8502,697.3345,-0.484339
696.8502,697.3346,-0.4843637
696.8502,697.3346,-0.4843714
696.8502,697.3347,-0.4844782
696.8502,697.3347,-0.4844826
696.8502,697.3347,-0.4845047
696.8502,697.3347,-0.4845273
696.8502,697.3347,-0.484537
696.8502,697.3348,-0.4845507
696.8502,697.3348,-0.4845751
696.8502,697.3348,-0.4845925
696.8502,697.335,-0.4847786
696.8502,697.335,-0.4847825
696.8502,697.335,-0.4848084
696.8502,697.335,-0.4848327
696.8502,697.3351,-0.4848503
696.8502,697.3351,-0.4848627
696.8502,697.3351,-0.4849301
696.8502,697.3352,-0.4849528
696.8502,697.3352,-0.4850308
696.8502,697.3353,-0.4851496
696.8502,697.3354,-0.4851638
696.8502,697.3354,-0.485168
696.8502,697.3354,-0.4851751
696.8502,697.3354,-0.4852088
696.8502,697.3354,-0.4852219
696.8502,697.3354,-0.4852268
696.8502,697.3354,-0.4852281
696.8502,697.3354,-0.4852486
696.8502,697.3355,-0.4852666
696.8502,697.3356,-0.4853671
696.8502,697.3356,-0.4854184
696.8502,697.3356,-0.4854313
696.8502,697.3357,-0.4854841
696.8502,697.3357,-0.485492
696.8502,697.3357,-0.4855055
696.8502,697.3357,-0.485542
696.8502,697.3358,-0.4855749
696.8502,697.3358,-0.4855767
696.8502,697.3358,-0.4855897
696.8502,697.3358,-0.4856137
696.8502,697.3359,-0.4857229
696.8502,697.3359,-0.485726
696.8502,697.336,-0.4858159
696.8502,697.336,-0.4858242
696.8502,697.336,-0.4858401
696.8502,697.3361,-0.4858692
696.8502,697.3361,-0.4858819
696.8502,697.3361,-0.4858911
696.8502,697.3362,-0.4859792
696.8502,697.3362,-0.48599
696.8502,697.3362,-0.4860278
696.8502,697.3362,-0.4860409
696.8502,697.3363,-0.4860919
696.8502,697.3364,-0.4861503
696.8502,697.3364,-0.4861557
696.8502,697.3364,-0.4861881
696.8502,697.3364,-0.4862108
696.8502,697.3364,-0.4862401
696.8502,697.3365,-0.4862596
696.8502,697.3365,-0.4862608
696.8502,697.3365,-0.4863159
696.8502,697.3366,-0.4864408
696.8502,697.3367,-0.4865294
696.8502,697.3369,-0.4866602
696.8502,697.3369,-0.4866672
696.8502,697.3369,-0.4866841
696.8502,697.3369,-0.4866858
696.8502,697.3369,-0.486698
696.8502,697.337,-0.4868185
696.8502,697.337,-0.4868226
696.8502,697.3371,-0.4868508
696.8502,697.3371,-0.4868669
696.8502,697.3371,-0.4868818
696.8502,697.3371,-0.4869401
696.8502,697.3372,-0.4869982
696.8502,697.3373,-0.4870569
696.8502,697.3373,-0.4871054
696.8502,697.3374,-0.4871783
696.8502,697.3374,-0.4871978
696.8502,697.3374,-0.487211
696.8502,697.3374,-0.4872297
696.8502,697.3374,-0.4872421
696.8502,697.3375,-0.4872658
696.8502,697.3376,-0.4874412
696.8502,697.3377,-0.4875017
696.8502,697.3377,-0.4875115
696.8502,697.3377,-0.4875148
696.8502,697.3378,-0.4875546
696.8502,697.3378,-0.487589
696.8502,697.3378,-0.4876396
696.8502,697.3379,-0.4876531
696.8502,697.3379,-0.4877035
696.8502,697.3379,-0.4877113
696.8502,697.3379,-0.4877405
696.8502,697.338,-0.487754
696.8502,697.338,-0.4877648
696.8502,697.338,-0.4877987
696.8502,697.338,-0.4878432
696.8502,697.3381,-0.4878529
696.8502,697.3381,-0.4879042
696.8502,697.3381,-0.4879148
696.8502,697.3382,-0.4879696
696.8502,697.3382,-0.4879701
696.8502,697.3383,-0.4880553
696.8502,697.3383,-0.4880744
696.8502,697.3383,-0.488127
696.8502,697.3384,-0.488156
696.8502,697.3384,-0.488183
696.8502,697.3384,-0.4882046
696.8502,697.3384,-0.4882177
696.8502,697.3384,-0.48822
696.8502,697.3385,-0.4882502
696.8502,697.3385,-0.4883014
696.8502,697.3385,-0.4883083
696.8502,697.3385,-0.4883219
696.8502,697.3385,-0.4883307
696.8502,697.3386,-0.4883597
696.8502,697.3386,-0.4883643
696.8502,697.3386,-0.4884084
696.8502,697.3387,-0.4884762
696.8502,697.3387,-0.4884783
696.8502,697.3387,-0.4885005
696.8502,697.3387,-0.4885088
696.8502,697.3388,-0.4885816
696.8502,697.3388,-0.4885936
696.8502,697.3388,-0.4886236
696.8502,697.3388,-0.4886302
696.8502,697.3388,-0.4886309
696.8502,697.3388,-0.4886395
696.8502,697.3389,-0.4886663
696.8502,697.3389,-0.4886804
696.8502,697.3389,-0.4887392
696.8502,697.339,-0.4887511
696.8502,697.339,-0.4887593
696.8502,697.339,-0.4887594
696.8502,697.339,-0.4887598
696.8502,697.339,-0.4887705
696.8502,697.339,-0.4887732
696.8502,697.339,-0.4888334
696.8502,697.3391,-0.4888717
696.8502,697.3391,-0.4888843
696.8502,697.3391,-0.4889077
696.8502,697.3391,-0.4889115
696.8502,697.3391,-0.4889129
696.8502,697.3391,-0.4889158
696.8502,697.3391,-0.488925
696.8502,697.3391,-0.4889282
696.8502,697.3391,-0.4889407
696.8502,697.3392,-0.4889652
696.8502,697.3392,-0.4889734
696.8502,697.3392,-0.4889784
696.8502,697.3392,-0.4889923
696.8502,697.3392,-0.4890054
696.8502,697.3392,-0.4890195
696.8502,697.3392,-0.48904
696.8502,697.3393,-0.489094
696.8502,697.3393,-0.4891024
696.8502,697.3393,-0.4891445
696.8502,697.3394,-0.4892194
696.8502,697.3395,-0.4892705
696.8502,697.3395,-0.4892732
696.8502,697.3395,-0.4892786
696.8502,697.3395,-0.4893129
696.8502,697.3396,-0.4893896
696.8502,697.3396,-0.4894091
696.8502,697.3396,-0.4894456
696.8502,697.3396,-0.4894474
696.8502,697.3397,-0.4894523
696.8502,697.3397,-0.4894552
696.8502,697.3397,-0.4894616
696.8502,697.3397,-0.4894748
696.8502,697.3397,-0.4894847
696.8502,697.3397,-0.4894849
696.8502,697.3397,-0.4894991
696.8502,697.3398,-0.4896488
696.8502,697.3399,-0.4896503
696.8502,697.3399,-0.4896709
696.8502,697.3399,-0.4896823
696.8502,697.3399,-0.4896996
696.8502,697.3399,-0.4897089
696.8502,697.3399,-0.4897169
696.8502,697.34,-0.4897595
696.8502,697.34,-0.489764
696.8502,697.34,-0.4897661
696.8502,697.34,-0.4898046
696.8502,697.34,-0.489835
696.8502,697.34,-0.4898406
696.8502,697.34,-0.4898432
696.8502,697.34,-0.4898444
696.8502,697.3401,-0.4898674
696.8502,697.3401,-0.4898892
696.8502,697.3401,-0.4898903
696.8502,697.3401,-0.4899231
696.8502,697.3401,-0.4899345
696.8502,697.3402,-0.4899512
696.8502,697.3402,-0.4899727
696.8502,697.3402,-0.4899746
696.8502,697.3402,-0.4900088
696.8502,697.3402,-0.4900425
696.8502,697.3403,-0.4900586
696.8502,697.3403,-0.4900608
696.8502,697.3403,-0.4900736
696.8502,697.3403,-0.4900981
696.8502,697.3403,-0.4901124
696.8502,697.3403,-0.4901133
696.8502,697.3404,-0.4901733
696.8502,697.3404,-0.4901886
696.8502,697.3404,-0.4902088
696.8502,697.3404,-0.4902291
696.8502,697.3405,-0.4902548
696.8502,697.3405,-0.4902785
696.8502,697.3405,-0.490297
696.8502,697.3405,-0.4903018
696.8502,697.3405,-0.4903063
696.8502,697.3405,-0.4903207
696.8502,697.3405,-0.4903281
696.8502,697.3405,-0.4903308
696.8502,697.3406,-0.4903852
696.8502,697.3406,-0.4903856
696.8502,697.3406,-0.4903887
696.8502,697.3406,-0.4904025
696.8502,697.3407,-0.4904714
696.8502,697.3407,-0.4904834
696.8502,697.3407,-0.4905097
696.8502,697.3407,-0.4905118
696.8502,697.3407,-0.4905171
696.8502,697.3407,-0.490521
696.8502,697.3407,-0.4905365
696.8502,697.3407,-0.4905437
696.8502,697.3408,-0.4905621
696.8502,697.3408,-0.4905705
696.8502,697.3408,-0.4905726
696.8502,697.3408,-0.49058
696.8502,697.3408,-0.4905957
696.8502,697.3408,-0.4906048
696.8502,697.3408,-0.4906265
696.8502,697.3408,-0.4906414
696.8502,697.3408,-0.4906495
696.8502,697.3409,-0.490669
696.8502,697.3409,-0.4906813
696.8502,697.3409,-0.4906874
696.8502,697.3409,-0.4907027
696.8502,697.3409,-0.4907231
696.8502,697.3409,-0.4907245
696.8502,697.3409,-0.4907342
696.8502,697.341,-0.4907579
696.8502,697.341,-0.4907618
696.8502,697.341,-0.4907792
696.8502,697.341,-0.4907806
696.8502,697.341,-0.4907818
696.8502,697.341,-0.4907865
696.8502,697.341,-0.4907943
696.8502,697.341,-0.4908085
696.8502,697.341,-0.4908235
696.8502,697.341,-0.4908275
696.8502,697.341,-0.4908461
696.8502,697.341,-0.4908474
696.8502,697.3411,-0.4908788
696.8502,697.3411,-0.4908908
696.8502,697.3411,-0.4909207
696.8502,697.3411,-0.4909245
696.8502,697.3411,-0.4909479
696.8502,697.3412,-0.4909515
696.8502,697.3412,-0.4909524
696.8502,697.3412,-0.490957
696.8502,697.3412,-0.4909847
696.8502,697.3412,-0.4909864
696.8502,697.3412,-0.4910102
696.8502,697.3412,-0.4910193
696.8502,697.3412,-0.4910269
696.8502,697.3412,-0.4910476
696.8502,697.3412,-0.4910484
696.8502,697.3413,-0.491051
696.8502,697.3413,-0.4910566
696.8502,697.3413,-0.4910592
696.8502,697.3413,-0.4910701
696.8502,697.3413,-0.4910712
696.8502,697.3413,-0.4910724
696.8502,697.3413,-0.491079
696.8502,697.3413,-0.4910877
696.8502,697.3413,-0.4910929
696.8502,697.3413,-0.4911113
696.8502,697.3413,-0.4911126
696.8502,697.3413,-0.4911275
696.8502,697.3413,-0.4911337
696.8502,697.3414,-0.4911637
696.8502,697.3414,-0.4911747
696.8502,697.3414,-0.4911825
696.8502,697.3414,-0.4911925
696.8502,697.3414,-0.4912033
696.8502,697.3414,-0.4912103
696.8502,697.3414,-0.4912176
696.8502,697.3414,-0.4912228
696.8502,697.3414,-0.4912302
696.8502,697.3414,-0.4912309
696.8502,697.3414,-0.4912351
696.8502,697.3414,-0.4912363
696.8502,697.3414,-0.4912438
696.8502,697.3415,-0.4912999
696.8502,697.3415,-0.4913274
696.8502,697.3415,-0.4913409
696.8502,697.3415,-0.4913419
696.8502,697.3415,-0.4913448
696.8502,697.3416,-0.491362
696.8502,697.3416,-0.4913828
696.8502,697.3416,-0.4913829
696.8502,697.3416,-0.4913886
696.8502,697.3416,-0.4914003
696.8502,697.3416,-0.4914024
696.8502,697.3416,-0.4914039
696.8502,697.3416,-0.4914116
696.8502,697.3416,-0.4914286
696.8502,697.3416,-0.4914346
696.8502,697.3416,-0.4914363
696.8502,697.3417,-0.4914562
696.8502,697.3417,-0.4914602
696.8502,697.3417,-0.4914677
696.8502,697.3417,-0.4914786
696.8502,697.3417,-0.4914908
696.8502,697.3417,-0.4914954
696.8502,697.3417,-0.491512
696.8502,697.3417,-0.4915351
696.8502,697.3417,-0.4915369
696.8502,697.3417,-0.4915372
696.8502,697.3418,-0.4915549
696.8502,697.3418,-0.491559
696.8502,697.3418,-0.4915706
696.8502,697.3418,-0.491585
696.8502,697.3418,-0.4915917
696.8502,697.3418,-0.4916127
696.8502,697.3418,-0.4916168
696.8502,697.3418,-0.4916345
696.8502,697.3418,-0.4916361
696.8502,697.3418,-0.4916487
696.8502,697.3419,-0.4916802
696.8502,697.3419,-0.4916818
696.8502,697.3419,-0.4917122
696.8502,697.3419,-0.4917181
696.8502,697.3419,-0.4917494
696.8502,697.342,-0.4917549
696.8502,697.342,-0.4917728
696.8502,697.342,-0.4917779
696.8502,697.342,-0.4917805
696.8502,697.342,-0.4917828
696.8502,697.342,-0.4918014
696.8502,697.342,-0.4918071
696.8502,697.342,-0.491824
696.8502,697.3421,-0.4918569
696.8502,697.3421,-0.4918584
696.8502,697.3421,-0.4918837
696.8502,697.3421,-0.4919011
696.8502,697.3421,-0.4919037
696.8502,697.3421,-0.4919432
696.8502,697.3421,-0.4919433
696.8502,697.3422,-0.4919705
696.8502,697.3422,-0.4919726
696.8502,697.3422,-0.4920135
696.8502,697.3422,-0.4920206
696.8502,697.3422,-0.4920239
696.8502,697.3422,-0.4920289
696.8502,697.3422,-0.4920408
696.8502,697.3422,-0.4920463
696.8502,697.3423,-0.4920538
696.8502,697.3423,-0.4920676
696.8502,697.3423,-0.4920891
696.8502,697.3423,-0.4920921
696.8502,697.3423,-0.4921026
696.8502,697.3423,-0.4921108
696.8502,697.3423,-0.4921145
696.8502,697.3423,-0.492117
696.8502,697.3423,-0.4921222
696.8502,697.3423,-0.4921292
696.8502,697.3424,-0.4921835
696.8502,697.3424,-0.4921883
696.8502,697.3424,-0.4921977
696.8502,697.3424,-0.4921999
696.8502,697.3424,-0.4922017
696.8502,697.3424,-0.4922091
696.8502,697.3424,-0.4922162
696.8502,697.3424,-0.4922306
696.8502,697.3424,-0.4922344
696.8502,697.3424,-0.4922421
696.8502,697.3424,-0.4922471
696.8502,697.3425,-0.4922565
696.8502,697.3425,-0.4922668
696.8502,697.3425,-0.4922803
696.8502,697.3425,-0.4922816
696.8502,697.3425,-0.4922938
696.8502,697.3425,-0.492295
696.8502,697.3425,-0.4923105
696.8502,697.3425,-0.4923128
696.8502,697.3425,-0.4923231
696.8502,697.3425,-0.4923299
696.8502,697.3425,-0.4923461
696.8502,697.3426,-0.4923528
696.8502,697.3426,-0.4923663
696.8502,697.3426,-0.4923676
696.8502,697.3426,-0.4923805
696.8502,697.3426,-0.4923914
696.8502,697.3426,-0.4923915
696.8502,697.3426,-0.4924116
696.8502,697.3426,-0.4924173
696.8502,697.3426,-0.4924297
696.8502,697.3426,-0.4924346
696.8502,697.3427,-0.4924522
696.8502,697.3427,-0.4924523
696.8502,697.3427,-0.492457
696.8502,697.3427,-0.4924578
696.8502,697.3427,-0.4924728
696.8502,697.3427,-0.4924956
696.8502,697.3427,-0.4925166
696.8502,697.3427,-0.4925257
696.8502,697.3427,-0.4925334
696.8502,697.3427,-0.4925359
696.8502,697.3427,-0.4925366
696.8502,697.3428,-0.4925502
696.8502,697.3428,-0.4925578
696.8502,697.3428,-0.4925605
696.8502,697.3428,-0.4925664
696.8502,697.3428,-0.492567
696.8502,697.3428,-0.4925727
696.8502,697.3428,-0.492586
696.8502,697.3428,-0.4925868
696.8502,697.3428,-0.4925952
696.8502,697.3428,-0.4925961
696.8502,697.3428,-0.4925993
696.8502,697.3428,-0.4926007
696.8502,697.3428,-0.4926165
696.8502,697.3428,-0.4926189
696.8502,697.3428,-0.4926233
696.8502,697.3428,-0.4926262
696.8502,697.3428,-0.4926365
696.8502,697.3428,-0.4926369
696.8502,697.3428,-0.4926426
696.8502,697.3428,-0.4926464
696.8502,697.3429,-0.4926567
696.8502,697.3429,-0.4926599
696.8502,697.3429,-0.4926656
696.8502,697.3429,-0.492674
696.8502,697.3429,-0.4926807
696.8502,697.3429,-0.4926896
696.8502,697.3429,-0.4927006
696.8502,697.3429,-0.4927107
696.8502,697.3429,-0.4927145
696.8502,697.3429,-0.4927149
696.8502,697.3429,-0.4927199
696.8502,697.3429,-0.4927241
696.8502,697.3429,-0.4927318
696.8502,697.3429,-0.4927432
696.8502,697.343,-0.4927504
696.8502,697.343,-0.4927633
696.8502,697.343,-0.4927697
696.8502,697.343,-0.4927738
696.8502,697.343,-0.4927761
696.8502,697.343,-0.4927973
696.8502,697.343,-0.4928043
696.8502,697.343,-0.492809
696.8502,697.343,-0.4928101
696.8502,697.343,-0.4928115
696.8502,697.343,-0.4928157
696.8502,697.343,-0.4928179
696.8502,697.343,-0.4928213
696.8502,697.343,-0.4928245
696.8502,697.343,-0.4928286
696.8502,697.343,-0.4928362
696.8502,697.3431,-0.4928602
696.8502,697.3431,-0.4928648
696.8502,697.3431,-0.4928808
696.8502,697.3431,-0.492885
696.8502,697.3431,-0.4929171
696.8502,697.3431,-0.4929287
696.8502,697.3431,-0.492929
696.8502,697.3431,-0.4929339
696.8502,697.3431,-0.4929354
696.8502,697.3431,-0.4929415
696.8502,697.3432,-0.4929532
696.8502,697.3432,-0.4929673
696.8502,697.3432,-0.4929699
696.8502,697.3432,-0.4929744
696.8502,697.3432,-0.4929885
696.8502,697.3432,-0.4930091
696.8502,697.3432,-0.4930199
696.8502,697.3432,-0.4930396
696.8502,697.3432,-0.4930463
696.8502,697.3432,-0.4930475
696.8502,697.3432,-0.4930478
696.8502,697.3433,-0.4930637
696.8502,697.3433,-0.4930718
696.8502,697.3433,-0.4930742
696.8502,697.3433,-0.493087
696.8502,697.3433,-0.4930893
696.8502,697.3433,-0.493093
696.8502,697.3433,-0.4930972
696.8502,697.3433,-0.4931013
696.8502,697.3433,-0.4931065
696.8502,697.3433,-0.4931319
696.8502,697.3433,-0.4931383
696.8502,697.3433,-0.4931486
696.8502,697.3433,-0.4931493
696.8502,697.3434,-0.4931502
696.8502,697.3434,-0.493151
696.8502,697.3434,-0.4931566
696.8502,697.3434,-0.4931572
696.8502,697.3434,-0.4931581
696.8502,697.3434,-0.4931701
696.8502,697.3434,-0.4931753
696.8502,697.3434,-0.4931782
696.8502,697.3434,-0.4931801
696.8502,697.3434,-0.4931867
696.8502,697.3434,-0.4931957
696.8502,697.3434,-0.4932082
696.8502,697.3434,-0.4932292
696.8502,697.3434,-0.4932428
696.8502,697.3435,-0.4932515
696.8502,697.3435,-0.4932587
696.8502,697.3435,-0.4932688
696.8502,697.3435,-0.4932746
696.8502,697.3435,-0.4932791
696.8502,697.3435,-0.4932829
696.8502,697.3435,-0.4932977
696.8502,697.3435,-0.493305
696.8502,697.3435,-0.4933068
696.8502,697.3435,-0.4933365
696.8502,697.3435,-0.4933428
696.8502,697.3435,-0.493344
696.8502,697.3435,-0.4933492
696.8502,697.3436,-0.4933619
696.8502,697.3436,-0.4933642
696.8502,697.3436,-0.4934032
696.8502,697.3436,-0.4934107
696.8502,697.3436,-0.4934246
696.8502,697.3437,-0.4934587
696.8502,697.3437,-0.4934588
696.8502,697.3437,-0.4934616
696.8502,697.3437,-0.4934798
696.8502,697.3437,-0.4934838
696.8502,697.3437,-0.4934974
696.8502,697.3437,-0.4935091
696.8502,697.3437,-0.4935141
696.8502,697.3437,-0.493515
696.8502,697.3437,-0.4935435
696.8502,697.3437,-0.493548
696.8502,697.3438,-0.4935667
696.8502,697.3438,-0.4935695
696.8502,697.3438,-0.4935697
696.8502,697.3438,-0.493588
696.8502,697.3438,-0.4935951
696.8502,697.3438,-0.4936165
696.8502,697.3438,-0.4936223
696.8502,697.3438,-0.4936296
696.8502,697.3439,-0.4936608
696.8502,697.3439,-0.493662
696.8502,697.3439,-0.4936681
696.8502,697.3439,-0.4936709
696.8502,697.3439,-0.4936833
696.8502,697.3439,-0.4937026
696.8502,697.3439,-0.4937281
696.8502,697.3439,-0.4937339
696.8502,697.3439,-0.4937349
696.8502,697.3439,-0.4937472
696.8502,697.3439,-0.4937473
696.8502,697.344,-0.4937625
696.8502,697.344,-0.4937633
696.8502,697.344,-0.4937734
696.8502,697.344,-0.4937746
696.8502,697.344,-0.4938223
696.8502,697.344,-0.4938438
696.8502,697.3441,-0.493856
696.8502,697.3441,-0.4938653
696.8502,697.3441,-0.4938671
696.8502,697.3441,-0.4938688
696.8502,697.3441,-0.49387
696.8502,697.3441,-0.493873
696.8502,697.3441,-0.493882
696.8502,697.3441,-0.4939087
696.8502,697.3441,-0.4939341
696.8502,697.3442,-0.4939506
696.8502,697.3442,-0.4939628
696.8502,697.3442,-0.4939811
696.8502,697.3442,-0.493984
696.8502,697.3442,-0.4939911
696.8502,697.3442,-0.4939947
696.8502,697.3442,-0.494006
696.8502,697.3442,-0.4940147
696.8502,697.3442,-0.4940254
696.8502,697.3442,-0.494033
696.8502,697.3442,-0.4940403
696.8502,697.3443,-0.4940573
696.8502,697.3443,-0.4940876
696.8502,697.3443,-0.4941215
696.8502,697.3443,-0.4941356
696.8502,697.3444,-0.4941591
696.8502,697.3444,-0.4941808
696.8502,697.3444,-0.4942129
696.8502,697.3444,-0.4942145
696.8502,697.3444,-0.4942478
696.8502,697.3445,-0.4942532
696.8502,697.3445,-0.4942586
696.8502,697.3445,-0.4942769
696.8502,697.3445,-0.4942802
696.8502,697.3445,-0.4943034
696.8502,697.3445,-0.4943157
696.8502,697.3445,-0.4943251
696.8502,697.3445,-0.4943279
696.8502,697.3445,-0.4943421
696.8502,697.3446,-0.4943739
696.8502,697.3446,-0.4943858
696.8502,697.3446,-0.4943887
696.8502,697.3446,-0.4943918
696.8502,697.3446,-0.494418
696.8502,697.3446,-0.4944219
696.8502,697.3446,-0.4944238
696.8502,697.3447,-0.4944617
696.8502,697.3447,-0.4944724
696.8502,697.3447,-0.4945085
696.8502,697.3447,-0.4945425
696.8502,697.3448,-0.4945531
696.8502,697.3448,-0.4945763
696.8502,697.3448,-0.4945768
696.8502,697.3448,-0.4945807
696.8502,697.3448,-0.4945947
696.8502,697.3448,-0.494608
696.8502,697.3448,-0.4946202
696.8502,697.3448,-0.4946262
696.8502,697.3448,-0.4946343
696.8502,697.3449,-0.4946896
696.8502,697.345,-0.494755
696.8502,697.345,-0.4947699
696.8502,697.345,-0.4947972
696.8502,697.345,-0.494817
696.8502,697.345,-0.4948336
696.8502,697.3451,-0.4948843
696.8502,697.3452,-0.4949711
696.8502,697.3452,-0.4949777
696.8502,697.3452,-0.4950383
696.8502,697.3452,-0.4950487
696.8502,697.3453,-0.4950895
696.8502,697.3453,-0.4950947
696.8502,697.3453,-0.4951034
696.8502,697.3453,-0.4951112
696.8502,697.3453,-0.4951391
696.8502,697.3454,-0.4951751
696.8502,697.3454,-0.4952269
696.8502,697.3455,-0.4952624
696.8502,697.3455,-0.4952766
696.8502,697.3455,-0.4952785
696.8502,697.3455,-0.4953
696.8502,697.3455,-0.4953385
696.8502,697.3456,-0.49535
696.8502,697.3456,-0.4953678
696.8502,697.3456,-0.4953954
696.8502,697.3456,-0.4954083
696.8502,697.3456,-0.4954226
696.8502,697.3456,-0.4954241
696.8502,697.3456,-0.4954295
696.8502,697.3457,-0.4954517
696.8502,697.3457,-0.4954664
696.8502,697.3457,-0.4955141
696.8502,697.3457,-0.495526
696.8502,697.3457,-0.4955291
696.8502,697.3458,-0.4955603
696.8502,697.3458,-0.4955778
696.8502,697.3458,-0.4955827
696.8502,697.3458,-0.4955829
696.8502,697.3458,-0.4956196
696.8502,697.3459,-0.4956545
696.8502,697.3459,-0.495673
696.8502,697.3459,-0.4956903
696.8502,697.3459,-0.4957115
696.8502,697.3459,-0.495718
696.8502,697.3459,-0.4957231
696.8502,697.346,-0.4957717
696.8502,697.346,-0.4957743
696.8502,697.346,-0.4957997
696.8502,697.346,-0.4958064
696.8502,697.346,-0.4958377
696.8502,697.346,-0.4958443
696.8502,697.346,-0.4958492
696.8502,697.3461,-0.4958651
696.8502,697.3461,-0.4959168
696.8502,697.3461,-0.4959379
696.8502,697.3462,-0.495951
696.8502,697.3462,-0.4959852
696.8502,697.3462,-0.4959953
696.8502,697.3462,-0.4960066
696.8502,697.3462,-0.4960384
696.8502,697.3462,-0.4960418
696.8502,697.3463,-0.4960935
696.8502,697.3463,-0.496098
696.8502,697.3463,-0.4961157
696.8502,697.3464,-0.4961796
696.8502,697.3464,-0.4961883
696.8502,697.3464,-0.4961999
696.8502,697.3464,-0.4962084
696.8502,697.3464,-0.4962368
696.8502,697.3465,-0.4962657
696.8502,697.3465,-0.4962848
696.8502,697.3465,-0.496306
696.8502,697.3466,-0.4964325
696.8502,697.3467,-0.4964587
696.8502,697.3467,-0.4964837
696.8502,697.3468,-0.4965535
696.8502,697.3468,-0.4965553
696.8502,697.3468,-0.4965563
696.8502,697.3468,-0.4965767
696.8502,697.3469,-0.4966534
696.8502,697.3469,-0.4967312
696.8502,697.3469,-0.496746
696.8502,697.347,-0.4967717
696.8502,697.347,-0.4968117
696.8502,697.347,-0.4968196
696.8502,697.347,-0.4968384
696.8502,697.3471,-0.4968645
696.8502,697.3471,-0.4968867
696.8502,697.3471,-0.4969174
696.8502,697.3472,-0.4969751
696.8502,697.3472,-0.4970184
696.8502,697.3472,-0.4970356
696.8502,697.3473,-0.4970574
696.8502,697.3473,-0.4970685
696.8502,697.3473,-0.4971045
696.8502,697.3473,-0.4971177
696.8502,697.3473,-0.4971278
696.8502,697.3473,-0.4971476
696.8502,697.3474,-0.497237
696.8502,697.3474,-0.4972468
696.8502,697.3475,-0.49727
696.8502,697.3475,-0.4972822
696.8502,697.3475,-0.4972939
696.8502,697.3475,-0.4973148
696.8502,697.3475,-0.497329
696.8502,697.3476,-0.4973512
696.8502,697.3476,-0.4973654
696.8502,697.3476,-0.4973868
696.8502,697.3476,-0.4974032
696.8502,697.3476,-0.4974189
696.8502,697.3476,-0.4974224
696.8502,697.3476,-0.4974265
696.8502,697.3476,-0.4974285
696.8502,697.3476,-0.4974434
696.8502,697.3477,-0.497527
696.8502,697.3478,-0.4976014
696.8502,697.3478,-0.4976082
696.8502,697.3478,-0.4976151
696.8502,697.3478,-0.4976496
696.8502,697.3479,-0.497652
696.8502,697.348,-0.497756
696.8502,697.348,-0.4977681
696.8502,697.348,-0.497804
696.8502,697.348,-0.4978044
696.8502,697.348,-0.4978283
696.8502,697.348,-0.4978471
696.8502,697.3481,-0.4978858
696.8502,697.3481,-0.4978988
696.8502,697.3481,-0.4979049
696.8502,697.3481,-0.497912
696.8502,697.3482,-0.4979599
696.8502,697.3482,-0.4980127
696.8502,697.3482,-0.4980253
696.8502,697.3483,-0.4980521
696.8502,697.3483,-0.4980545
696.8502,697.3483,-0.4980716
696.8502,697.3484,-0.498162
696.8502,697.3484,-0.4981719
696.8502,697.3484,-0.4982056
696.8502,697.3484,-0.4982174
696.8502,697.3484,-0.4982219
696.8502,697.3484,-0.4982473
696.8502,697.3485,-0.4982674
696.8502,697.3485,-0.4982805
696.8502,697.3485,-0.4983177
696.8502,697.3486,-0.4984268
696.8502,697.3487,-0.4984799
696.8502,697.3487,-0.4984906
696.8502,697.3487,-0.4985041
696.8502,697.3487,-0.4985137
696.8502,697.3487,-0.4985207
696.8502,697.3487,-0.4985242
696.8502,697.3487,-0.4985298
696.8502,697.3488,-0.4985527
696.8502,697.3488,-0.4985544
696.8502,697.3488,-0.4985657
696.8502,697.3488,-0.4985883
696.8502,697.3488,-0.4985972
696.8502,697.3488,-0.4986033
696.8502,697.3488,-0.4986066
696.8502,697.3488,-0.498621
696.8502,697.3488,-0.4986495
696.8502,697.3489,-0.4986705
696.8502,697.3489,-0.4986705
696.8502,697.3489,-0.498681
696.8502,697.3489,-0.4986935
696.8502,697.3489,-0.4987441
696.8502,697.349,-0.4988195
696.8502,697.349,-0.4988332
696.8502,697.349,-0.4988406
696.8502,697.3491,-0.4989295
696.8502,697.3492,-0.4989769
696.8502,697.3492,-0.4990105
696.8502,697.3492,-0.499018
696.8502,697.3492,-0.4990282
696.8502,697.3492,-0.499036
696.8502,697.3493,-0.4990569
696.8502,697.3493,-0.4990702
696.8502,697.3494,-0.4991699
696.8502,697.3494,-0.4991778
696.8502,697.3494,-0.4992291
696.8502,697.3495,-0.4992775
696.8502,697.3495,-0.4992911
696.8502,697.3495,-0.4993487
696.8502,697.3496,-0.4993624
696.8502,697.3496,-0.4993745
696.8502,697.3496,-0.4994192
696.8502,697.3496,-0.4994215
696.8502,697.3497,-0.4995002
696.8502,697.3497,-0.4995452
696.8502,697.3497,-0.4995487
696.8502,697.3498,-0.4995832
696.8502,697.3498,-0.4995866
696.8502,697.3498,-0.4995875
696.8502,697.3498,-0.4995933
696.8502,697.3498,-0.4996209
696.8502,697.3498,-0.4996248
696.8502,697.3498,-0.4996325
696.8502,697.3498,-0.4996351
696.8502,697.3499,-0.4996913
696.8502,697.3499,-0.4996967
696.8502,697.3499,-0.4997187
696.8502,697.3499,-0.4997465
696.8502,697.35,-0.4997623
696.8502,697.35,-0.499787
696.8502,697.35,-0.4998042
696.8502,697.3501,-0.4998766
696.8502,697.3501,-0.4998969
696.8502,697.3501,-0.4999015
696.8502,697.3501,-0.4999164
696.8502,697.3501,-0.4999285
696.8502,697.3502,-0.4999642
696.8502,697.3502,-0.4999684
696.8502,697.3502,-0.499984
696.8502,697.3502,-0.5000417
696.8502,697.3503,-0.5001104
696.8502,697.3503,-0.5001449
696.8502,697.3504,-0.5001515
696.8502,697.3504,-0.5001898
696.8502,697.3504,-0.5002075
696.8502,697.3504,-0.5002475
696.8502,697.3505,-0.5002577
696.8502,697.3505,-0.5002698
696.8502,697.3505,-0.5003371
696.8502,697.3506,-0.5003623
696.8502,697.3506,-0.5003637
696.8502,697.3506,-0.500382
696.8502,697.3506,-0.50039
696.8502,697.3506,-0.5004004
696.8502,697.3506,-0.5004352
696.8502,697.3507,-0.5005103
696.8502,697.3507,-0.5005308
696.8502,697.3507,-0.5005383
696.8502,697.3508,-0.5005607
696.8502,697.3508,-0.5005868
696.8502,697.3509,-0.5006645
696.8502,697.3509,-0.5006697
696.8502,697.3509,-0.500692
696.8502,697.3509,-0.5007276
696.8502,697.3509,-0.5007286
696.8502,697.351,-0.5007603
696.8502,697.351,-0.5008291
696.8502,697.3511,-0.500861
696.8502,697.3511,-0.5008987
696.8502,697.3511,-0.5009019
696.8502,697.3511,-0.5009034
696.8502,697.3511,-0.5009357
696.8502,697.3512,-0.5009596
696.8502,697.3513,-0.5010849
696.8502,697.3513,-0.5011156
696.8502,697.3513,-0.5011282
696.8502,697.3514,-0.5011501
696.8502,697.3514,-0.5011515
696.8502,697.3514,-0.5011759
696.8502,697.3514,-0.5012043
696.8502,697.3514,-0.5012104
696.8502,697.3515,-0.5012847
696.8502,697.3516,-0.5013728
696.8502,697.3516,-0.5013797
696.8502,697.3516,-0.5014484
696.8502,697.3517,-0.5014781
696.8502,697.3517,-0.5014815
696.8502,697.3518,-0.5015696
696.8502,697.3518,-0.5015711
696.8502,697.3518,-0.5015761
696.8502,697.3518,-0.5016033
696.8502,697.3518,-0.5016099
696.8502,697.3518,-0.5016153
696.8502,697.3518,-0.501622
696.8502,697.3518,-0.5016449
696.8502,697.3519,-0.5016978
696.8502,697.3519,-0.501743
696.8502,697.352,-0.5018113
696.8502,697.352,-0.5018375
696.8502,697.352,-0.5018379
696.8502,697.3521,-0.5018629
696.8502,697.3521,-0.5018684
696.8502,697.3521,-0.5019204
696.8502,697.3521,-0.501943
696.8502,697.3522,-0.5019806
696.8502,697.3522,-0.5020184
696.8502,697.3522,-0.5020203
696.8502,697.3523,-0.5020769
696.8502,697.3524,-0.5021557
696.8502,697.3524,-0.5021562
696.8502,697.3524,-0.5021766
696.8502,697.3524,-0.5021928
696.8502,697.3525,-0.5023341
696.8502,697.3526,-0.5024194
696.8502,697.3526,-0.5024472
696.8502,697.3527,-0.5024744
696.8502,697.3528,-0.5026132
696.8502,697.3528,-0.5026308
696.8502,697.3529,-0.5026601
696.8502,697.3529,-0.5027318
696.8502,697.353,-0.5027938
696.8502,697.353,-0.5028064
696.8502,697.3531,-0.5029101
696.8502,697.3531,-0.5029168
696.8502,697.3532,-0.5029524
696.8502,697.3532,-0.502972
696.8502,697.3532,-0.5030157
696.8502,697.3532,-0.5030339
696.8502,697.3533,-0.5030757
696.8502,697.3533,-0.5030827
696.8502,697.3533,-0.5031443
696.8502,697.3534,-0.5031922
696.8502,697.3534,-0.5032003
696.8502,697.3534,-0.5032026
696.8502,697.3534,-0.5032316
696.8502,697.3535,-0.5032648
696.8502,697.3536,-0.5034491
696.8502,697.3537,-0.5034656
696.8502,697.3537,-0.5034835
696.8502,697.3537,-0.503523
696.8502,697.3537,-0.5035499
696.8502,697.3538,-0.5035677
696.8502,697.3538,-0.5036171
696.8502,697.3539,-0.5037318
696.8502,697.3541,-0.5038534
696.8502,697.3541,-0.5038925
696.8502,697.3543,-0.5040533
696.8502,697.3544,-0.5042394
696.8502,697.3545,-0.5042812
696.8502,697.3545,-0.5042822
696.8502,697.3545,-0.5042887
696.8502,697.3545,-0.5042991
696.8502,697.3545,-0.5043229
696.8502,697.3546,-0.5043614
696.8502,697.3549,-0.5046571
696.8502,697.3549,-0.5047079
696.8502,697.3551,-0.50489
696.8502,697.3552,-0.5049519
696.8502,697.3552,-0.5049584
696.8502,697.3553,-0.5050749
696.8502,697.3554,-0.5051739
696.8502,697.3555,-0.5052755
696.8502,697.3555,-0.5053037
696.8502,697.3555,-0.505324
696.8502,697.3556,-0.505387
696.8502,697.3556,-0.5053948
696.8502,697.3556,-0.5054316
696.8502,697.3557,-0.5055222
696.8502,697.3559,-0.5056865
696.8502,697.3562,-0.5059581
696.8502,697.3563,-0.5060507
696.8502,697.3563,-0.5060767
696.8502,697.3564,-0.5061724
696.8502,697.3564,-0.5062499
696.8502,697.3566,-0.5063594
696.8502,697.3566,-0.5064062
696.8502,697.3567,-0.5064773
696.8502,697.3568,-0.5065656
696.8502,697.3569,-0.5066998
696.8502,697.3569,-0.5067058
696.8502,697.3571,-0.5069084
696.8502,697.3572,-0.5069635
696.8502,697.3572,-0.5069928
696.8502,697.3572,-0.5070424
696.8502,697.3574,-0.5071525
696.8502,697.3574,-0.5071766
696.8502,697.3575,-0.5072689
696.8502,697.3576,-0.5074001
696.8502,697.3576,-0.5074127
696.8502,697.3577,-0.5075223
696.8502,697.3579,-0.5076674
696.8502,697.358,-0.5077699
696.8502,697.358,-0.5077866
696.8502,697.358,-0.5078222
696.8502,697.3582,-0.5079938
696.8502,697.3582,-0.5080288
696.8502,697.3583,-0.5080719
696.8502,697.3583,-0.5080996
696.8502,697.3584,-0.5081501
696.8502,697.3584,-0.5081528
696.8502,697.3584,-0.5081772
696.8502,697.3585,-0.5083296
696.8502,697.3585,-0.5083361
696.8502,697.3588,-0.5086284
696.8502,697.3588,-0.508632
696.8502,697.3589,-0.5086734
696.8502,697.3589,-0.5086924
696.8502,697.359,-0.5087602
696.8502,697.3591,-0.5089393
696.8502,697.3596,-0.5093618
696.8502,697.3598,-0.5096227
696.8502,697.3605,-0.5103031
696.8502,697.3607,-0.5105382
696.8502,697.3614,-0.5111716
696.8502,697.362,-0.5117825
696.8502,697.362,-0.5118269
696.8502,697.3621,-0.5119424
696.8502,697.3624,-0.5122166
696.8502,697.3625,-0.5123064
696.8502,697.3627,-0.5124604
696.8502,697.3627,-0.5124629
696.8502,697.3628,-0.5125621
696.8502,697.3633,-0.5130777
696.8502,697.3642,-0.5139738
696.8502,697.3642,-0.5140277
696.8502,697.365,-0.5148003
696.8502,697.3653,-0.5150569
696.8502,697.3653,-0.5151116
696.8502,697.3664,-0.5161756
696.8502,697.3676,-0.5174104
696.8502,697.3687,-0.5185187
696.8502,697.3691,-0.5188626
696.8502,697.3691,-0.5189477
696.8502,697.3727,-0.5224765
696.8502,697.3739,-0.5236849
696.8502,697.375,-0.5247587
696.8502,697.3773,-0.5270672
696.8502,697.4124,-0.5621761
696.8502,697.4177,-0.5674714
696.8502,697.4316,-0.5813568
696.8502,697.4329,-0.5827324
696.8502,697.4353,-0.585075
696.8502,697.4359,-0.5857036
696.8502,697.437,-0.5868199
696.8502,697.4377,-0.58745
696.8502,697.438,-0.5877625
696.8502,697.4384,-0.5881698
696.8502,697.4385,-0.5883085
696.8502,697.4393,-0.58914
696.8502,697.4394,-0.5892056
696.8502,697.4404,-0.5902079
696.8502,697.4408,-0.5905957
696.8502,697.4411,-0.5908934
696.8502,697.4412,-0.5910413
696.8502,697.4416,-0.5913524
696.8502,697.4416,-0.5913888
696.8502,697.4418,-0.591588
696.8502,697.4422,-0.591951
696.8502,697.4437,-0.5935412
696.8502,697.4453,-0.5950626
696.8502,697.4456,-0.5953931
696.8502,697.448,-0.5977566
696.8502,697.4523,-0.602138
696.8502,697.4684,-0.6181503
696.8502,697.4691,-0.6189272
696.8502,697.4696,-0.6194107
696.8502,697.471,-0.62081
696.8502,697.4714,-0.6212236
696.8502,697.4732,-0.6230218
696.8502,697.4737,-0.6235183
696.8502,697.4748,-0.6246213
696.8502,697.4761,-0.6259046
696.8502,697.4803,-0.6301184
696.8502,697.4809,-0.6306976
696.8502,697.4849,-0.6347327
696.8502,697.4899,-0.6397117
696.8502,697.491,-0.6407942
696.8502,697.4911,-0.6408646
696.8502,697.4948,-0.644584
696.8502,697.4952,-0.6450485
696.8502,697.4967,-0.6464721
696.8502,697.5046,-0.6544096
696.8502,697.513,-0.6628376
696.8502,697.5142,-0.6640113
696.8502,697.5666,-0.7164049
696.8502,697.5713,-0.7211407
696.8502,697.5757,-0.7255393
696.8502,697.5848,-0.7346142
696.8502,697.5851,-0.7349024
696.8502,697.5866,-0.7364287
696.8502,697.587,-0.7368461
696.8502,697.5871,-0.7369007
696.8502,697.5872,-0.7369629
696.8502,697.5872,-0.7369902
696.8502,697.5872,-0.7369949
696.8502,697.5872,-0.7370182
696.8502,697.5873,-0.7370883
696.8502,697.5873,-0.7371449
696.8502,697.5879,-0.7377267
696.8502,697.588,-0.7378141
696.8502,697.5881,-0.7378559
696.8502,697.5883,-0.7380656
696.8502,697.5883,-0.7380981
696.8502,697.5883,-0.7381162
696.8502,697.5884,-0.7381913
696.8502,697.5886,-0.7384356
696.8502,697.5887,-0.7384911
696.8502,697.5887,-0.7385108
696.8502,697.5887,-0.7385313
696.8502,697.5887,-0.7385419
696.8502,697.5888,-0.7386075
696.8502,697.5888,-0.7386145
696.8502,697.5888,-0.738621
696.8502,697.5888,-0.738637
696.8502,697.5889,-0.7386876
696.8502,697.5889,-0.738715
696.8502,697.589,-0.73877
696.8502,697.589,-0.7388205
696.8502,697.589,-0.7388222
696.8502,697.5891,-0.7389103
696.8502,697.5894,-0.7391936
696.8502,697.5894,-0.7392323
696.8502,697.5894,-0.7392432
696.8502,697.5895,-0.7393223
696.8502,697.5895,-0.7393268
696.8502,697.5896,-0.7393678
696.8502,697.5896,-0.7393749
696.8502,697.5896,-0.7393793
696.8502,697.5899,-0.7396556
696.8502,697.5899,-0.7396609
696.8502,697.5899,-0.7397174
696.8502,697.5902,-0.740003
696.8502,697.5902,-0.7400301
696.8502,697.5904,-0.7401785
696.8502,697.5905,-0.7403497
696.8502,697.5906,-0.7403708
696.8502,697.5906,-0.7404213
696.8502,697.5906,-0.7404456
696.8502,697.5907,-0.7404916
696.8502,697.5907,-0.7405091
696.8502,697.5907,-0.7405399
696.8502,697.5908,-0.7405506
696.8502,697.5908,-0.740582
696.8502,697.5908,-0.7405879
696.8502,697.5908,-0.7406277
696.8502,697.5909,-0.74068
696.8502,697.591,-0.7407672
696.8502,697.591,-0.7408014
696.8502,697.591,-0.7408117
696.8502,697.591,-0.7408199
696.8502,697.591,-0.7408322
696.8502,697.591,-0.7408339
696.8502,697.5911,-0.7409014
696.8502,697.5911,-0.7409068
696.8502,697.5911,-0.7409303
696.8502,697.5912,-0.7409506
696.8502,697.5912,-0.7409838
696.8502,697.5912,-0.7409839
696.8502,697.5912,-0.7409866
696.8502,697.5912,-0.7410497
696.8502,697.5913,-0.741096
696.8502,697.5913,-0.7411319
696.8502,697.5914,-0.7411899
696.8502,697.5914,-0.741191
696.8502,697.5914,-0.7412054
696.8502,697.5914,-0.7412255
696.8502,697.5914,-0.741248
696.8502,697.5915,-0.741256
696.8502,697.5915,-0.7412595
696.8502,697.5915,-0.7412766
696.8502,697.5915,-0.741277
696.8502,697.5915,-0.7412853
696.8502,697.5916,-0.7413731
696.8502,697.5916,-0.7414018
696.8502,697.5916,-0.7414203
696.8502,697.5916,-0.7414297
696.8502,697.5917,-0.7414963
696.8502,697.5918,-0.7415975
696.8502,697.5918,-0.7416101
696.8502,697.5918,-0.741622
696.8502,697.5918,-0.7416365
696.8502,697.5918,-0.7416486
696.8502,697.5919,-0.7416736
696.8502,697.5919,-0.741675
696.8502,697.5919,-0.7416763
696.8502,697.5919,-0.7416765
696.8502,697.5919,-0.7417067
696.8502,697.592,-0.7417536
696.8502,697.592,-0.7417555
696.8502,697.592,-0.7417589
696.8502,697.592,-0.7417846
696.8502,697.592,-0.7417887
696.8502,697.592,-0.7417947
696.8502,697.592,-0.7418045
696.8502,697.5921,-0.7419001
696.8502,697.5921,-0.7419021
696.8502,697.5921,-0.7419042
696.8502,697.5921,-0.7419079
696.8502,697.5921,-0.7419179
696.8502,697.5921,-0.7419199
696.8502,697.5921,-0.7419244
696.8502,697.5921,-0.7419354
696.8502,697.5922,-0.74196
696.8502,697.5922,-0.7419779
696.8502,697.5922,-0.7420206
696.8502,697.5922,-0.7420394
696.8502,697.5923,-0.7420678
696.8502,697.5923,-0.7420735
696.8502,697.5923,-0.7420882
696.8502,697.5923,-0.7420984
696.8502,697.5923,-0.7421184
696.8502,697.5923,-0.7421209
696.8502,697.5924,-0.7421744
696.8502,697.5924,-0.7421771
696.8502,697.5924,-0.7421888
696.8502,697.5924,-0.7422487
696.8502,697.5925,-0.7422729
696.8502,697.5925,-0.7422904
696.8502,697.5925,-0.7422936
696.8502,697.5925,-0.7423138
696.8502,697.5925,-0.742315
696.8502,697.5925,-0.7423211
696.8502,697.5925,-0.7423322
696.8502,697.5925,-0.7423403
696.8502,697.5926,-0.7423562
696.8502,697.5926,-0.742368
696.8502,697.5926,-0.7423806
696.8502,697.5926,-0.7424078
696.8502,697.5927,-0.7424781
696.8502,697.5927,-0.7424813
696.8502,697.5927,-0.7425102
696.8502,697.5927,-0.7425115
696.8502,697.5927,-0.7425166
696.8502,697.5927,-0.742526
696.8502,697.5927,-0.7425365
696.8502,697.5928,-0.7425559
696.8502,697.5928,-0.7425602
696.8502,697.5928,-0.742561
696.8502,697.5928,-0.7426118
696.8502,697.5928,-0.7426328
696.8502,697.5928,-0.7426436
696.8502,697.5928,-0.7426468
696.8502,697.5928,-0.7426493
696.8502,697.5929,-0.7426506
696.8502,697.5929,-0.7426798
696.8502,697.5929,-0.7426869
696.8502,697.5929,-0.7427045
696.8502,697.593,-0.7427895
696.8502,697.5931,-0.7428505
696.8502,697.5931,-0.7428633
696.8502,697.5931,-0.7429018
696.8502,697.5931,-0.7429281
696.8502,697.5931,-0.7429447
696.8502,697.5932,-0.7429718
696.8502,697.5932,-0.7430422
696.8502,697.5932,-0.7430441
696.8502,697.5933,-0.7430587
696.8502,697.5933,-0.7430692
696.8502,697.5933,-0.743093
696.8502,697.5933,-0.7431086
696.8502,697.5933,-0.7431126
696.8502,697.5934,-0.7431513
696.8502,697.5934,-0.7431707
696.8502,697.5934,-0.7431741
696.8502,697.5934,-0.7431872
696.8502,697.5934,-0.7431878
696.8502,697.5934,-0.7432055
696.8502,697.5934,-0.7432103
696.8502,697.5934,-0.7432251
696.8502,697.5934,-0.7432254
696.8502,697.5934,-0.7432402
696.8502,697.5935,-0.7432751
696.8502,697.5935,-0.7432754
696.8502,697.5935,-0.7432772
696.8502,697.5935,-0.7432792
696.8502,697.5935,-0.7432994
696.8502,697.5935,-0.7433098
696.8502,697.5935,-0.7433193
696.8502,697.5935,-0.7433271
696.8502,697.5935,-0.7433354
696.8502,697.5936,-0.743369
696.8502,697.5936,-0.7434052
696.8502,697.5936,-0.7434169
696.8502,697.5936,-0.7434227
696.8502,697.5936,-0.7434291
696.8502,697.5936,-0.7434323
696.8502,697.5937,-0.7434912
696.8502,697.5937,-0.7435059
696.8502,697.5937,-0.7435132
696.8502,697.5937,-0.7435147
696.8502,697.5938,-0.74355
696.8502,697.5938,-0.7435612
696.8502,697.5938,-0.7435644
696.8502,697.5938,-0.7435647
696.8502,697.5938,-0.7435682
696.8502,697.5938,-0.7436068
696.8502,697.5938,-0.7436482
696.8502,697.5939,-0.7436623
696.8502,697.5939,-0.7436785
696.8502,697.5939,-0.74368
696.8502,697.5939,-0.7437398
696.8502,697.5939,-0.7437473
696.8502,697.594,-0.7437707
696.8502,697.594,-0.7437753
696.8502,697.594,-0.7437795
696.8502,697.594,-0.7438246
696.8502,697.5941,-0.7438728
696.8502,697.5941,-0.7438884
696.8502,697.5941,-0.7439214
696.8502,697.5941,-0.7439219
696.8502,697.5941,-0.7439297
696.8502,697.5941,-0.7439309
696.8502,697.5942,-0.7439586
696.8502,697.5942,-0.7439899
696.8502,697.5942,-0.7439921
696.8502,697.5942,-0.7439924
696.8502,697.5942,-0.7439978
696.8502,697.5942,-0.7440296
696.8502,697.5942,-0.7440324
696.8502,697.5942,-0.7440435
696.8502,697.5942,-0.7440447
696.8502,697.5943,-0.7441295
696.8502,697.5943,-0.7441297
696.8502,697.5943,-0.7441425
696.8502,697.5943,-0.7441461
696.8502,697.5943,-0.7441483
696.8502,697.5944,-0.7441693
696.8502,697.5944,-0.7442061
696.8502,697.5944,-0.7442431
696.8502,697.5945,-0.7442665
696.8502,697.5945,-0.7442707
696.8502,697.5945,-0.7442751
696.8502,697.5945,-0.7442753
696.8502,697.5945,-0.7442874
696.8502,697.5945,-0.7442967
696.8502,697.5945,-0.7443073
696.8502,697.5945,-0.7443212
696.8502,697.5945,-0.744322
696.8502,697.5946,-0.7444105
696.8502,697.5946,-0.7444249
696.8502,697.5946,-0.7444371
696.8502,697.5947,-0.7444732
696.8502,697.5947,-0.7444929
696.8502,697.5948,-0.7445897
696.8502,697.5948,-0.7446145
696.8502,697.5949,-0.7447025
696.8502,697.5949,-0.7447086
696.8502,697.595,-0.7448042
696.8502,697.5951,-0.7448615
696.8502,697.5951,-0.7449053
696.8502,697.5952,-0.7450095
696.8502,697.5952,-0.7450404
696.8502,697.5953,-0.7451448
696.8502,697.5954,-0.7451804
696.8502,697.5954,-0.7451894
696.8502,697.5954,-0.7452005
696.8502,697.5954,-0.7452267
696.8502,697.5954,-0.7452374
696.8502,697.5955,-0.7453018
696.8502,697.5955,-0.7453126
696.8502,697.5955,-0.7453402
696.8502,697.5956,-0.7454216
696.8502,697.5958,-0.7455506
696.8502,697.5958,-0.7455749
696.8502,697.5958,-0.7456133
696.8502,697.5959,-0.7457227
696.8502,697.5959,-0.7457416
696.8502,697.596,-0.7458195
696.8502,697.5961,-0.7458831
696.8502,697.5961,-0.7459269
696.8502,697.5962,-0.7459952
696.8502,697.5963,-0.7460823
696.8502,697.5963,-0.7460892
696.8502,697.5965,-0.7463252
696.8502,697.5965,-0.7463314
696.8502,697.5965,-0.7463432
696.8502,697.5966,-0.7463721
696.8502,697.5966,-0.7464486
696.8502,697.5967,-0.74652
696.8502,697.5969,-0.746674
696.8502,697.5969,-0.746689
696.8502,697.597,-0.7467792
696.8502,697.597,-0.7468415
696.8502,697.5972,-0.7469682
696.8502,697.5973,-0.7471003
696.8502,697.5973,-0.7471296
696.8502,697.5974,-0.7471765
696.8502,697.5974,-0.7471864
696.8502,697.5974,-0.7472288
696.8502,697.5976,-0.747357
696.8502,697.5976,-0.7473824
696.8502,697.5977,-0.7475413
696.8502,697.5978,-0.7475678
696.8502,697.5978,-0.7476137
696.8502,697.5978,-0.7476186
696.8502,697.5981,-0.7478799
696.8502,697.5981,-0.7478833
696.8502,697.5981,-0.7478901
696.8502,697.5984,-0.7481529
696.8502,697.5986,-0.7484167
696.8502,697.5986,-0.748423
696.8502,697.5986,-0.7484463
696.8502,697.5987,-0.7485197
696.8502,697.5989,-0.748683
696.8502,697.599,-0.7488133
696.8502,697.5991,-0.7488737
696.8502,697.5991,-0.7489299
696.8502,697.5991,-0.7489327
696.8502,697.5992,-0.7490032
696.8502,697.5993,-0.7490655
696.8502,697.5993,-0.7491365
696.8502,697.5994,-0.7491726
696.8502,697.5995,-0.7493018
696.8502,697.5996,-0.7493564
696.8502,697.6,-0.7497951
696.8502,697.6,-0.7498309
696.8502,697.6001,-0.7499491
696.8502,697.6002,-0.7499675
696.8502,697.6002,-0.7500028
696.8502,697.6004,-0.7502316
696.8502,697.6005,-0.750311
696.8502,697.6006,-0.7503613
696.8502,697.6008,-0.7506254
696.8502,697.6009,-0.7507452
696.8502,697.6011,-0.7509215
696.8502,697.6012,-0.750979
696.8502,697.6012,-0.7510104
696.8502,697.6014,-0.751212
696.8502,697.6014,-0.7512398
696.8502,697.6015,-0.7513242
696.8502,697.6016,-0.7514175
696.8502,697.6017,-0.7515124
696.8502,697.6017,-0.7515249
696.8502,697.6017,-0.751534
696.8502,697.602,-0.7517884
696.8502,697.602,-0.7517955
696.8502,697.602,-0.7518359
696.8502,697.6021,-0.7518942
696.8502,697.6022,-0.7519954
696.8502,697.6022,-0.7520285
696.8502,697.6024,-0.7521863
696.8502,697.6025,-0.7522732
696.8502,697.6026,-0.752398
696.8502,697.6026,-0.7524267
696.8502,697.6027,-0.7525473
696.8502,697.6028,-0.7525732
696.8502,697.6028,-0.7525867
696.8502,697.6028,-0.752591
696.8502,697.6028,-0.7526409
696.8502,697.6029,-0.7527352
696.8502,697.603,-0.752839
696.8502,697.603,-0.7528454
696.8502,697.6031,-0.7529066
696.8502,697.6031,-0.752927
696.8502,697.6032,-0.7529637
696.8502,697.6032,-0.7529651
696.8502,697.6033,-0.7530567
696.8502,697.6033,-0.7530849
696.8502,697.6034,-0.7531693
696.8502,697.6034,-0.753239
696.8502,697.6035,-0.7533043
696.8502,697.6035,-0.7533138
696.8502,697.6035,-0.7533437
696.8502,697.6035,-0.7533483
696.8502,697.6036,-0.7533976
696.8502,697.6036,-0.753437
696.8502,697.6037,-0.7534574
696.8502,697.6037,-0.7534616
696.8502,697.6037,-0.75348
696.8502,697.6037,-0.7535333
696.8502,697.6038,-0.7535602
696.8502,697.6038,-0.7535807
696.8502,697.6038,-0.7535817
696.8502,697.6038,-0.7535926
696.8502,697.6039,-0.7536961
696.8502,697.604,-0.7537601
696.8502,697.604,-0.753792
696.8502,697.604,-0.753803
696.8502,697.604,-0.7538075
696.8502,697.604,-0.7538085
696.8502,697.604,-0.7538303
696.8502,697.6041,-0.7538533
696.8502,697.6041,-0.7539002
696.8502,697.6041,-0.7539368
696.8502,697.6042,-0.7539577
696.8502,697.6042,-0.7540216
696.8502,697.6042,-0.7540302
696.8502,697.6043,-0.7540921
696.8502,697.6043,-0.7540925
696.8502,697.6043,-0.7541211
696.8502,697.6043,-0.7541304
696.8502,697.6044,-0.7541525
696.8502,697.6044,-0.7541954
696.8502,697.6044,-0.7542049
696.8502,697.6045,-0.7542578
696.8502,697.6045,-0.7542639
696.8502,697.6045,-0.7542818
696.8502,697.6045,-0.7543321
696.8502,697.6045,-0.7543411
696.8502,697.6045,-0.7543458
696.8502,697.6046,-0.7543503
696.8502,697.6046,-0.7543544
696.8502,697.6046,-0.7544051
696.8502,697.6046,-0.7544223
696.8502,697.6046,-0.7544257
696.8502,697.6047,-0.7544521
696.8502,697.6047,-0.754468
696.8502,697.6048,-0.7545825
696.8502,697.6049,-0.7546827
696.8502,697.6049,-0.7547164
696.8502,697.6049,-0.754745
696.8502,697.605,-0.7548259
696.8502,697.605,-0.7548449
696.8502,697.6051,-0.7548601
696.8502,697.6051,-0.7548903
696.8502,697.6051,-0.7548938
696.8502,697.6052,-0.7549815
696.8502,697.6052,-0.7550301
696.8502,697.6053,-0.7550626
696.8502,697.6053,-0.7550764
696.8502,697.6053,-0.7551054
696.8502,697.6053,-0.7551358
696.8502,697.6053,-0.7551397
696.8502,697.6054,-0.7551964
696.8502,697.6055,-0.7553015
696.8502,697.6055,-0.7553248
696.8502,697.6055,-0.7553363
696.8502,697.6056,-0.7553606
696.8502,697.6057,-0.7554589
696.8502,697.6057,-0.7555049
696.8502,697.606,-0.7557776
696.8502,697.606,-0.7557913
696.8502,697.606,-0.7558161
696.8502,697.6062,-0.756032
696.8502,697.6063,-0.7560578
696.8502,697.6064,-0.7561922
696.8502,697.6064,-0.7561938
696.8502,697.6065,-0.7562833
696.8502,697.6066,-0.756432
696.8502,697.6069,-0.7567407
696.8502,697.607,-0.7567646
696.8502,697.607,-0.7567912
696.8502,697.607,-0.7568009
696.8502,697.6071,-0.7568911
696.8502,697.6077,-0.7574667
696.8502,697.6077,-0.7575296
696.8502,697.6078,-0.7575551
696.8502,697.6078,-0.7575944
696.8502,697.6079,-0.757653
696.8502,697.6079,-0.7577354
696.8502,697.6081,-0.757932
696.8502,697.6085,-0.758341
696.8502,697.6086,-0.7583559
696.8502,697.6086,-0.7583615
696.8502,697.6086,-0.7584015
696.8502,697.6087,-0.7584622
696.8502,697.6087,-0.7584695
696.8502,697.6089,-0.7586813
696.8502,697.6089,-0.7587488
696.8502,697.609,-0.7588287
696.8502,697.6091,-0.7588557
696.8502,697.6091,-0.7588724
696.8502,697.6091,-0.7588914
696.8502,697.6095,-0.7593258
696.8502,697.6097,-0.7595431
696.8502,697.6098,-0.7595569
696.8502,697.6098,-0.7596144
696.8502,697.6098,-0.7596446
696.8502,697.6102,-0.7600183
696.8502,697.6104,-0.7601582
696.8502,697.6105,-0.7603033
696.8502,697.6111,-0.7608627
696.8502,697.6111,-0.7609265
696.8502,697.6113,-0.7610874
696.8502,697.6117,-0.7615486
696.8502,697.6118,-0.7615886
696.8502,697.6132,-0.7630364
696.8502,697.6136,-0.7633655
696.8502,697.6146,-0.7644149
696.8502,697.6152,-0.7650178
696.8502,697.6153,-0.7650538
696.8502,697.618,-0.7677629
696.8502,697.6199,-0.7696782
696.8502,697.6217,-0.7714502
696.8502,697.6217,-0.7715165
696.8502,697.6251,-0.7748593
696.8502,697.6301,-0.7798894
696.8502,697.635,-0.7848093
696.8502,697.6351,-0.7849265
696.8502,697.6382,-0.7879601
696.8502,697.6387,-0.788507
696.8502,697.6397,-0.7895094
696.8502,697.6398,-0.7896404
696.8502,697.6399,-0.7897228
696.8502,697.6402,-0.7900023
696.8502,697.6407,-0.7905142
696.8502,697.6412,-0.7909912
696.8502,697.6413,-0.7911014
696.8502,697.6419,-0.7916813
696.8502,697.6419,-0.7917342
696.8502,697.6429,-0.7926647
696.8502,697.6434,-0.793235
696.8502,697.6439,-0.7937423
696.8502,697.6441,-0.7938593
696.8502,697.6446,-0.7943986
696.8502,697.6446,-0.7944467
696.8502,697.6452,-0.7949538
696.8502,697.6459,-0.7957052
696.8502,697.6462,-0.7959727
696.8502,697.6466,-0.7964104
696.8502,697.6467,-0.7964894
696.8502,697.6471,-0.7969275
696.8502,697.6471,-0.7969499
696.8502,697.6474,-0.7971544
696.8502,697.6475,-0.7973288
696.8502,697.6481,-0.7978737
696.8502,697.6481,-0.797877
696.8502,697.6482,-0.7979694
696.8502,697.6482,-0.7979849
696.8502,697.6482,-0.7980239
696.8502,697.6483,-0.798118
696.8502,697.6483,-0.7981392
696.8502,697.6484,-0.7982006
696.8502,697.6485,-0.7982748
696.8502,697.6486,-0.7983821
696.8502,697.6488,-0.7986292
696.8502,697.6498,-0.7996317
696.8502,697.65,-0.7997751
696.8502,697.65,-0.7998375
696.8502,697.6504,-0.8001877
696.8502,697.6507,-0.800462
696.8502,697.6509,-0.8006583
696.8502,697.6509,-0.800687
696.8502,697.651,-0.8008147
696.8502,697.6516,-0.8013706
696.8502,697.6519,-0.8016682
696.8502,697.6519,-0.8016793
696.8502,697.6521,-0.8018583
696.8502,697.6521,-0.8018751
696.8502,697.6522,-0.8019762
696.8502,697.6522,-0.8020026
696.8502,697.6523,-0.8021451
696.8502,697.6526,-0.8024137
696.8502,697.653,-0.8028168
696.8502,697.653,-0.8028237
696.8502,697.653,-0.8028445
696.8502,697.6533,-0.8030579
696.8502,697.6534,-0.8031896
696.8502,697.654,-0.8037689
696.8502,697.6542,-0.8039672
696.8502,697.6542,-0.804032
696.8502,697.6543,-0.8041474
696.8502,697.6544,-0.8041668
696.8502,697.6544,-0.8042388
696.8502,697.6551,-0.8049149
696.8502,697.6551,-0.804935
696.8502,697.6552,-0.8050408
696.8502,697.6555,-0.8052872
696.8502,697.6555,-0.8053109
696.8502,697.6556,-0.8053873
696.8502,697.6556,-0.8054202
696.8502,697.6557,-0.8055465
696.8502,697.6559,-0.8056841
696.8502,697.6559,-0.8056935
696.8502,697.6563,-0.8061248
696.8502,697.6566,-0.80638
696.8502,697.6567,-0.8064604
696.8502,697.6567,-0.80651
696.8502,697.6572,-0.8069641
696.8502,697.6574,-0.807193
696.8502,697.6577,-0.807475
696.8502,697.6581,-0.8079153
696.8502,697.6583,-0.8081376
696.8502,697.6586,-0.808446
696.8502,697.6587,-0.8085243
696.8502,697.6587,-0.8085277
696.8502,697.6588,-0.8085524
696.8502,697.6588,-0.8085672
696.8502,697.6589,-0.808725
696.8502,697.6591,-0.8088526
696.8502,697.6592,-0.8089561
696.8502,697.6592,-0.809001
696.8502,697.6592,-0.8090487
696.8502,697.6593,-0.8090604
696.8502,697.6594,-0.8092039
696.8502,697.6594,-0.8092351
696.8502,697.6596,-0.8094438
696.8502,697.6597,-0.8095047
696.8502,697.6599,-0.8096535
696.8502,697.6599,-0.8096939
696.8502,697.66,-0.8098279
696.8502,697.6601,-0.809858
696.8502,697.6604,-0.8102245
696.8502,697.6608,-0.8106039
696.8502,697.6608,-0.8106117
696.8502,697.6609,-0.8106937
696.8502,697.6609,-0.8107215
696.8502,697.661,-0.8108451
696.8502,697.6613,-0.8110789
696.8502,697.6614,-0.8111652
696.8502,697.6614,-0.8111958
696.8502,697.6614,-0.8112274
696.8502,697.6615,-0.8112784
696.8502,697.6616,-0.8113615
696.8502,697.6616,-0.8113857
696.8502,697.6617,-0.8115246
696.8502,697.6619,-0.8116633
696.8502,697.662,-0.8118187
696.8502,697.662,-0.8118498
696.8502,697.6621,-0.811874
696.8502,697.6621,-0.8118842
696.8502,697.6621,-0.8118939
696.8502,697.6621,-0.8119286
696.8502,697.6621,-0.8119294
696.8502,697.6621,-0.8119429
696.8502,697.6622,-0.8119693
696.8502,697.6622,-0.812038
696.8502,697.6623,-0.8121455
696.8502,697.6624,-0.8122027
696.8502,697.6624,-0.8122411
696.8502,697.6625,-0.8122673
696.8502,697.6625,-0.8122995
696.8502,697.6626,-0.8123648
696.8502,697.6626,-0.8124372
696.8502,697.6627,-0.8125187
696.8502,697.6628,-0.8126224
696.8502,697.6628,-0.812625
696.8502,697.6628,-0.8126432
696.8502,697.6629,-0.8127049
696.8502,697.663,-0.8128304
696.8502,697.6631,-0.8128915
696.8502,697.6631,-0.8129252
696.8502,697.6632,-0.8129527
696.8502,697.6632,-0.8129903
696.8502,697.6632,-0.8129976
696.8502,697.6632,-0.8130301
696.8502,697.6632,-0.813032
696.8502,697.6632,-0.8130395
696.8502,697.6632,-0.8130469
696.8502,697.6633,-0.8130733
696.8502,697.6633,-0.8130881
696.8502,697.6633,-0.8131398
696.8502,697.6634,-0.8131531
696.8502,697.6634,-0.8131718
696.8502,697.6634,-0.8132119
696.8502,697.6634,-0.813217
696.8502,697.6635,-0.8133138
696.8502,697.6636,-0.8133688
696.8502,697.6636,-0.8134043
696.8502,697.6636,-0.8134184
696.8502,697.6636,-0.813422
696.8502,697.6637,-0.8135369
696.8502,697.6638,-0.8135549
696.8502,697.6638,-0.8135775
696.8502,697.6638,-0.8136012
696.8502,697.6638,-0.8136101
696.8502,697.6638,-0.8136153
696.8502,697.6639,-0.8136938
696.8502,697.6639,-0.8137309
696.8502,697.6639,-0.8137369
696.8502,697.664,-0.8138011
696.8502,697.664,-0.8138147
696.8502,697.664,-0.8138407
696.8502,697.6641,-0.8138812
696.8502,697.6641,-0.8139367
696.8502,697.6642,-0.813977
696.8502,697.6642,-0.8140012
696.8502,697.6643,-0.8141421
696.8502,697.6644,-0.814157
696.8502,697.6644,-0.8142072
696.8502,697.6644,-0.8142444
696.8502,697.6644,-0.8142485
696.8502,697.6645,-0.814337
696.8502,697.6647,-0.8144873
696.8502,697.6647,-0.8144875
696.8502,697.6647,-0.8144989
696.8502,697.6648,-0.8146179
696.8502,697.6648,-0.8146289
696.8502,697.6648,-0.8146437
696.8502,697.6649,-0.8146594
696.8502,697.6649,-0.8146779
696.8502,697.6649,-0.8146823
696.8502,697.6649,-0.8147168
696.8502,697.6649,-0.8147319
696.8502,697.6649,-0.8147348
696.8502,697.665,-0.8147635
696.8502,697.665,-0.8147819
696.8502,697.665,-0.8147932
696.8502,697.665,-0.8148169
696.8502,697.665,-0.8148301
696.8502,697.6651,-0.8148611
696.8502,697.6651,-0.8148733
696.8502,697.6651,-0.8148914
696.8502,697.6651,-0.8149182
696.8502,697.6651,-0.8149219
696.8502,697.6652,-0.8149503
696.8502,697.6652,-0.8149643
696.8502,697.6652,-0.8150398
696.8502,697.6653,-0.8150522
696.8502,697.6653,-0.8150591
696.8502,697.6653,-0.815085
696.8502,697.6653,-0.815097
696.8502,697.6654,-0.815165
696.8502,697.6654,-0.8151709
696.8502,697.6654,-0.8152334
696.8502,697.6655,-0.8153248
696.8502,697.6655,-0.8153286
696.8502,697.6655,-0.815336
696.8502,697.6655,-0.8153413
696.8502,697.6655,-0.8153438
696.8502,697.6656,-0.8153545
696.8502,697.6656,-0.8154276
696.8502,697.6656,-0.8154372
696.8502,697.6656,-0.8154426
696.8502,697.6656,-0.8154441
696.8502,697.6657,-0.8155073
696.8502,697.6657,-0.8155273
696.8502,697.6658,-0.8155819
696.8502,697.6658,-0.8156078
696.8502,697.6658,-0.8156149
696.8502,697.6659,-0.8157093
696.8502,697.6659,-0.8157272
696.8502,697.666,-0.8157725
696.8502,697.666,-0.8158389
696.8502,697.6661,-0.8158949
696.8502,697.6662,-0.8159788
696.8502,697.6662,-0.8160176
696.8502,697.6662,-0.8160399
696.8502,697.6663,-0.8160793
696.8502,697.6663,-0.8161029
696.8502,697.6664,-0.8162276
696.8502,697.6664,-0.8162364
696.8502,697.6665,-0.8162723
696.8502,697.6665,-0.8163084
696.8502,697.6666,-0.8163733
696.8502,697.6667,-0.8164801
696.8502,697.6667,-0.8164881
696.8502,697.6668,-0.8165664
696.8502,697.6669,-0.8166653
696.8502,697.6669,-0.816674
696.8502,697.6669,-0.8166816
696.8502,697.6669,-0.8166895
696.8502,697.6669,-0.8166937
696.8502,697.667,-0.8167544
696.8502,697.667,-0.8167643
696.8502,697.6671,-0.8168814
696.8502,697.6671,-0.8168987
696.8502,697.6671,-0.8169114
696.8502,697.6672,-0.8170219
696.8502,697.6672,-0.8170283
696.8502,697.6672,-0.8170327
696.8502,697.6673,-0.8171207
696.8502,697.6674,-0.8171775
696.8502,697.6675,-0.8172852
696.8502,697.6676,-0.8173765
696.8502,697.6676,-0.8174275
696.8502,697.6678,-0.81761
696.8502,697.6678,-0.817628
696.8502,697.6679,-0.8176642
696.8502,697.6679,-0.8177121
696.8502,697.6679,-0.8177214
696.8502,697.668,-0.8178431
696.8502,697.6681,-0.8179124
696.8502,697.6682,-0.8179588
696.8502,697.6682,-0.8179968
696.8502,697.6682,-0.8180234
696.8502,697.6682,-0.81805
696.8502,697.6683,-0.8180726
696.8502,697.6683,-0.8180796
696.8502,697.6683,-0.8181019
696.8502,697.6683,-0.8181108
696.8502,697.6683,-0.8181425
696.8502,697.6684,-0.8181957
696.8502,697.6684,-0.8182222
696.8502,697.6685,-0.81829
696.8502,697.6686,-0.8183598
696.8502,697.6687,-0.8184986
696.8502,697.6688,-0.8185787
696.8502,697.6688,-0.8185925
696.8502,697.6689,-0.8186701
696.8502,697.6693,-0.8191231
696.8502,697.6694,-0.8192301
696.8502,697.6696,-0.81938
696.8502,697.6698,-0.8196167
696.8502,697.6699,-0.8196676
696.8502,697.6699,-0.8197066
696.8502,697.67,-0.8197715
696.8502,697.6703,-0.8200601
696.8502,697.6703,-0.8201003
696.8502,697.6704,-0.8202401
696.8502,697.6705,-0.8203289
696.8502,697.6706,-0.820381
696.8502,697.6706,-0.8204152
696.8502,697.6707,-0.8204936
696.8502,697.6707,-0.8205001
696.8502,697.6709,-0.8206991
696.8502,697.6709,-0.8207189
696.8502,697.671,-0.8208155
696.8502,697.6712,-0.8209515
696.8502,697.6712,-0.8209583
696.8502,697.6712,-0.8209925
696.8502,697.6715,-0.8212677
696.8502,697.6715,-0.821317
696.8502,697.6715,-0.8213351
696.8502,697.6716,-0.8213833
696.8502,697.6717,-0.8214595
696.8502,697.6718,-0.8215682
696.8502,697.6719,-0.821724
696.8502,697.6719,-0.8217356
696.8502,697.6724,-0.8221939
696.8502,697.6725,-0.8222585
696.8502,697.6725,-0.8222832
696.8502,697.6726,-0.8223546
696.8502,697.6726,-0.8224007
696.8502,697.6727,-0.8225256
696.8502,697.6729,-0.8226591
696.8502,697.673,-0.8228066
696.8502,697.6731,-0.8228643
696.8502,697.6731,-0.8229006
696.8502,697.6732,-0.8229972
696.8502,697.6732,-0.8230244
696.8502,697.6732,-0.823045
696.8502,697.6733,-0.8230712
696.8502,697.6733,-0.8231112
696.8502,697.6734,-0.8231729
696.8502,697.6734,-0.823237
696.8502,697.6736,-0.8233945
696.8502,697.6737,-0.8234625
696.8502,697.6737,-0.8234857
696.8502,697.6738,-0.8235742
696.8502,697.6738,-0.8236228
696.8502,697.6739,-0.8237152
696.8502,697.6741,-0.8239051
696.8502,697.6743,-0.8241035
696.8502,697.6744,-0.8241748
696.8502,697.6747,-0.8244515
696.8502,697.6747,-0.8245063
696.8502,697.6748,-0.8245595
696.8502,697.675,-0.8247524
696.8502,697.6751,-0.8248861
696.8502,697.6751,-0.8249023
696.8502,697.6751,-0.8249044
696.8502,697.6752,-0.8249548
696.8502,697.6754,-0.8252136
696.8502,697.6757,-0.8254555
696.8502,697.6757,-0.8254681
696.8502,697.6758,-0.8256138
696.8502,697.6758,-0.8256306
696.8502,697.6761,-0.8259391
696.8502,697.6763,-0.8261202
696.8502,697.6764,-0.8261958
696.8502,697.6765,-0.8263286
696.8502,697.6766,-0.8264067
696.8502,697.6766,-0.8264449
696.8502,697.6767,-0.8264521
696.8502,697.6767,-0.8264613
696.8502,697.6767,-0.8264957
696.8502,697.6772,-0.8270226
696.8502,697.6776,-0.8273581
696.8502,697.6776,-0.8274133
696.8502,697.6777,-0.827462
696.8502,697.6778,-0.8276123
696.8502,697.6778,-0.8276483
696.8502,697.6779,-0.8277181
696.8502,697.678,-0.8278487
696.8502,697.6781,-0.8279308
696.8502,697.6782,-0.8279737
696.8502,697.6783,-0.8280627
696.8502,697.6784,-0.828246
696.8502,697.6785,-0.8283246
696.8502,697.6786,-0.8284119
696.8502,697.6786,-0.8284341
696.8502,697.6787,-0.828538
696.8502,697.6788,-0.8286491
696.8502,697.6796,-0.8293502
696.8502,697.6796,-0.8293948
696.8502,697.6797,-0.8295286
696.8502,697.6798,-0.8295999
696.8502,697.6798,-0.8296061
696.8502,697.6798,-0.8296242
696.8502,697.68,-0.8298048
696.8502,697.6801,-0.8298816
696.8502,697.6802,-0.8300146
696.8502,697.6803,-0.8300548
696.8502,697.6806,-0.8304189
696.8502,697.6807,-0.8304539
696.8502,697.6807,-0.8304712
696.8502,697.6807,-0.8304715
696.8502,697.6808,-0.8305502
696.8502,697.6808,-0.8305861
696.8502,697.681,-0.8307864
696.8502,697.6811,-0.8309226
696.8502,697.6814,-0.8311668
696.8502,697.6814,-0.8312061
696.8502,697.6815,-0.8313263
696.8502,697.6817,-0.8315012
696.8502,697.6817,-0.8315321
696.8502,697.6818,-0.8316092
696.8502,697.6819,-0.8316517
696.8502,697.6821,-0.8318767
696.8502,697.6821,-0.8318841
696.8502,697.6821,-0.8319376
696.8502,697.6823,-0.8320511
696.8502,697.6825,-0.8323376
696.8502,697.6828,-0.8325973
696.8502,697.6828,-0.8326095
696.8502,697.6829,-0.8327165
696.8502,697.683,-0.8327952
696.8502,697.6831,-0.8329381
696.8502,697.6832,-0.8330476
696.8502,697.6835,-0.8333088
696.8502,697.6835,-0.8333441
696.8502,697.6838,-0.8335958
696.8502,697.6844,-0.8341828
696.8502,697.6845,-0.8343005
696.8502,697.6846,-0.8343741
696.8502,697.6846,-0.8344359
696.8502,697.6847,-0.8345376
696.8502,697.6847,-0.8345429
696.8502,697.6848,-0.8345793
696.8502,697.6853,-0.8350628
696.8502,697.6853,-0.8351017
696.8502,697.6854,-0.8352079
696.8502,697.6855,-0.8352796
696.8502,697.6857,-0.8354677
696.8502,697.6857,-0.8355191
696.8502,697.6861,-0.8359199
696.8502,697.6863,-0.8361469
696.8502,697.6867,-0.8364643
696.8502,697.6867,-0.8365063
696.8502,697.6868,-0.8365994
696.8502,697.687,-0.8367756
696.8502,697.6871,-0.8369386
696.8502,697.6872,-0.8369899
696.8502,697.6873,-0.8370791
696.8502,697.6874,-0.837217
696.8502,697.6874,-0.837233
696.8502,697.6875,-0.8373171
696.8502,697.6878,-0.837618
696.8502,697.6883,-0.8381187
696.8502,697.6884,-0.8382045
696.8502,697.6885,-0.8382897
696.8502,697.6885,-0.8383302
696.8502,697.6887,-0.8384887
696.8502,697.6889,-0.8386684
696.8502,697.6889,-0.8387478
696.8502,697.689,-0.838849
696.8502,697.6894,-0.8391727
696.8502,697.6894,-0.8392022
696.8502,697.6897,-0.8394683
696.8502,697.6897,-0.8394842
696.8502,697.6898,-0.8396288
696.8502,697.6899,-0.8396781
696.8502,697.6899,-0.8396955
696.8502,697.6899,-0.8397233
696.8502,697.69,-0.8397596
696.8502,697.6902,-0.8400123
696.8502,697.6903,-0.8401155
696.8502,697.6904,-0.840182
696.8502,697.6904,-0.840248
696.8502,697.6907,-0.840497
696.8502,697.6909,-0.8407477
696.8502,697.691,-0.8407577
696.8502,697.691,-0.8408131
696.8502,697.691,-0.8408191
696.8502,697.691,-0.8408328
696.8502,697.691,-0.8408381
696.8502,697.6911,-0.8408598
696.8502,697.6911,-0.8409441
696.8502,697.6912,-0.8409644
696.8502,697.6912,-0.8410265
696.8502,697.6914,-0.8411668
696.8502,697.6918,-0.8415558
696.8502,697.6918,-0.8415766
696.8502,697.6918,-0.8416287
696.8502,697.6919,-0.8417222
696.8502,697.692,-0.8417656
696.8502,697.6921,-0.8418799
696.8502,697.6922,-0.8419842
696.8502,697.6922,-0.8419897
696.8502,697.6923,-0.8421258
696.8502,697.6925,-0.8422513
696.8502,697.6925,-0.8423381
696.8502,697.6928,-0.8425708
696.8502,697.6928,-0.8426314
696.8502,697.6929,-0.8427036
696.8502,697.693,-0.8427799
696.8502,697.6931,-0.8428935
696.8502,697.6932,-0.8429833
696.8502,697.6933,-0.8431008
696.8502,697.6933,-0.843123
696.8502,697.6933,-0.8431341
696.8502,697.6934,-0.8431767
696.8502,697.6934,-0.843248
696.8502,697.6942,-0.8439877
696.8502,697.6943,-0.8440961
696.8502,697.6944,-0.8441541
696.8502,697.6945,-0.8443102
696.8502,697.6946,-0.8443608
696.8502,697.6946,-0.8443635
696.8502,697.6949,-0.8447377
696.8502,697.695,-0.8447736
696.8502,697.695,-0.8448275
696.8502,697.6953,-0.8451166
696.8502,697.6954,-0.8451824
696.8502,697.6955,-0.845329
696.8502,697.6957,-0.8454583
696.8502,697.6957,-0.8455127
696.8502,697.6958,-0.8455664
696.8502,697.696,-0.845777
696.8502,697.696,-0.8457945
696.8502,697.696,-0.8458249
696.8502,697.696,-0.8458465
696.8502,697.6961,-0.8459374
696.8502,697.6962,-0.8460205
696.8502,697.6963,-0.8460805
696.8502,697.6971,-0.8468798
696.8502,697.6971,-0.8468966
696.8502,697.6974,-0.8471609
696.8502,697.6975,-0.847338
696.8502,697.6976,-0.8473558
696.8502,697.698,-0.8478392
696.8502,697.6981,-0.8479137
696.8502,697.6983,-0.84815
696.8502,697.6984,-0.8482115
696.8502,697.6986,-0.8484239
696.8502,697.6988,-0.8485738
696.8502,697.6989,-0.848686
696.8502,697.6991,-0.8489382
696.8502,697.6992,-0.8490406
696.8502,697.6994,-0.8492075
696.8502,697.6994,-0.8492305
696.8502,697.6998,-0.8496459
696.8502,697.6999,-0.8496582
696.8502,697.7011,-0.8509242
696.8502,697.7012,-0.8510396
696.8502,697.7013,-0.8511007
696.8502,697.7019,-0.8517137
696.8502,697.7027,-0.8525022
696.8502,697.7027,-0.8525052
696.8502,697.703,-0.8527582
696.8502,697.703,-0.8528178
696.8502,697.7033,-0.8531182
696.8502,697.7046,-0.8543595
696.8502,697.7048,-0.8546458
696.8502,697.7051,-0.8549139
696.8502,697.7052,-0.8550393
696.8502,697.7056,-0.8554111
696.8502,697.7063,-0.8560591
696.8502,697.7065,-0.8563357
696.8502,697.7069,-0.8567317
696.8502,697.7077,-0.8574829
696.8502,697.708,-0.8578018
696.8502,697.7092,-0.8590095
696.8502,697.7099,-0.8596733
696.8502,697.71,-0.8597556
696.8502,697.7102,-0.8600064
696.8502,697.7104,-0.8601897
696.8502,697.7104,-0.8602285
696.8502,697.7112,-0.8609602
696.8502,697.7129,-0.86268
696.8502,697.7135,-0.8632796
696.8502,697.714,-0.8637558
696.8502,697.7152,-0.8650308
696.8502,697.7162,-0.8660486
696.8502,697.7165,-0.8663163
696.8502,697.7167,-0.8664532
696.8502,697.7184,-0.8682207
696.8502,697.7218,-0.8715672
696.8502,697.724,-0.8737558
696.8502,697.7267,-0.8764648
696.8502,697.7288,-0.878571
696.8502,697.7299,-0.8797356
696.8502,697.7304,-0.8802265
696.8502,697.7316,-0.8813841
696.8502,697.7335,-0.8833267
696.8502,697.745,-0.8947585
696.8502,697.7488,-0.8985703
,,
