895.9665,4143,
Mascot_mz,MassHunter_mz,Difference
895.9665,895.0673,0.8992445
895.9665,895.0684,0.898123
895.9665,895.0707,0.8957948
895.9665,895.0755,0.8909865
895.9665,895.078,0.888479
895.9665,895.0783,0.8882389
895.9665,895.0788,0.887669
895.9665,895.0791,0.8873844
895.9665,895.081,0.8855153
895.9665,895.0818,0.8847408
895.9665,895.0823,0.8842325
895.9665,895.0896,0.8768578
895.9665,895.0898,0.8766508
895.9665,895.0917,0.8748195
895.9665,895.0927,0.8737799
895.9665,895.0939,0.8726249
895.9665,895.0945,0.872021
895.9665,895.0962,0.8703278
895.9665,895.0973,0.8691799
895.9665,895.0976,0.8689377
895.9665,895.0981,0.8684301
895.9665,895.1001,0.8664482
895.9665,895.1002,0.8663155
895.9665,895.1006,0.8659477
895.9665,895.1007,0.8657731
895.9665,895.1013,0.8652029
895.9665,895.1064,0.8601488
895.9665,895.1078,0.858653
895.9665,895.1082,0.858341
895.9665,895.1085,0.8579829
895.9665,895.1097,0.856795
895.9665,895.1152,0.8513353
895.9665,895.1204,0.8461106
895.9665,895.1262,0.8403142
895.9665,895.1296,0.8369139
895.9665,895.1935,0.773017
895.9665,895.2041,0.7624162
895.9665,895.2063,0.7601652
895.9665,895.212,0.7544561
895.9665,895.2136,0.7528802
895.9665,895.2139,0.7525874
895.9665,895.2143,0.7522407
895.9665,895.2156,0.7508664
895.9665,895.2163,0.7501764
895.9665,895.2166,0.7498604
895.9665,895.2171,0.7493769
895.9665,895.2178,0.7487144
895.9665,895.2264,0.7400568
895.9665,895.2275,0.7390145
895.9665,895.2277,0.7387933
895.9665,895.2379,0.7285528
895.9665,895.2416,0.724942
895.9665,895.2461,0.7203678
895.9665,895.2689,0.6976379
895.9665,895.2693,0.6971695
895.9665,895.2719,0.6945776
895.9665,895.3195,0.6470029
895.9665,895.3217,0.6448102
895.9665,895.3231,0.6433773
895.9665,895.4155,0.5509644
895.9665,895.4167,0.5497817
895.9665,895.4176,0.5489268
895.9665,895.4184,0.5480659
895.9665,895.4187,0.5477549
895.9665,895.42,0.5465263
895.9665,895.4201,0.5464272
895.9665,895.4209,0.5455902
895.9665,895.4217,0.5448228
895.9665,895.4219,0.544585
895.9665,895.422,0.5444921
895.9665,895.4222,0.5442533
895.9665,895.4228,0.5436512
895.9665,895.4234,0.5431481
895.9665,895.424,0.542543
895.9665,895.424,0.5424935
895.9665,895.4251,0.5413717
895.9665,895.4252,0.5412756
895.9665,895.4259,0.5406364
895.9665,895.426,0.5404759
895.9665,895.4266,0.539934
895.9665,895.4268,0.5396865
895.9665,895.4281,0.5383973
895.9665,895.4286,0.5379117
895.9665,895.4313,0.5351815
895.9665,895.4331,0.5334234
895.9665,895.4332,0.5332543
895.9665,895.4361,0.5303605
895.9665,895.4364,0.5301474
895.9665,895.4369,0.5296173
895.9665,895.4376,0.5288988
895.9665,895.4383,0.528232
895.9665,895.4383,0.528169
895.9665,895.4387,0.527793
895.9665,895.4393,0.5271823
895.9665,895.4399,0.5266037
895.9665,895.4405,0.5259611
895.9665,895.4412,0.5253155
895.9665,895.4414,0.5251472
895.9665,895.4414,0.525123
895.9665,895.4414,0.5250969
895.9665,895.4416,0.5248697
895.9665,895.4419,0.5246432
895.9665,895.4419,0.5246175
895.9665,895.4421,0.5244498
895.9665,895.4421,0.5243817
895.9665,895.4423,0.5241584
895.9665,895.4424,0.5241476
895.9665,895.4426,0.5239325
895.9665,895.4426,0.5238867
895.9665,895.4428,0.5237188
895.9665,895.4428,0.5237076
895.9665,895.4432,0.5233194
895.9665,895.4432,0.5232804
895.9665,895.4433,0.5232049
895.9665,895.4433,0.5231958
895.9665,895.4434,0.523115
895.9665,895.4435,0.5230009
895.9665,895.4435,0.5229581
895.9665,895.4437,0.5227695
895.9665,895.4439,0.5226331
895.9665,895.4442,0.5223228
895.9665,895.4442,0.5222897
895.9665,895.4442,0.5222713
895.9665,895.4443,0.5221659
895.9665,895.4443,0.5221656
895.9665,895.4443,0.5221583
895.9665,895.4444,0.5221355
895.9665,895.4445,0.5220463
895.9665,895.4445,0.5219638
895.9665,895.4445,0.5219535
895.9665,895.4446,0.5218834
895.9665,895.4447,0.521847
895.9665,895.4447,0.5217801
895.9665,895.4449,0.5216428
895.9665,895.4449,0.5216301
895.9665,895.4449,0.521618
895.9665,895.445,0.5214721
895.9665,895.445,0.5214634
895.9665,895.4451,0.5214367
895.9665,895.4452,0.5213205
895.9665,895.4453,0.5212293
895.9665,895.4453,0.5211664
895.9665,895.4454,0.521125
895.9665,895.4455,0.5209512
895.9665,895.4456,0.5209409
895.9665,895.4457,0.5208451
895.9665,895.4457,0.5207969
895.9665,895.4457,0.5207584
895.9665,895.4458,0.5206855
895.9665,895.446,0.5205455
895.9665,895.446,0.5204829
895.9665,895.446,0.5204801
895.9665,895.4461,0.5204412
895.9665,895.4461,0.5204358
895.9665,895.4461,0.5203961
895.9665,895.4462,0.520281
895.9665,895.4462,0.5202501
895.9665,895.4463,0.5202481
895.9665,895.4463,0.5201855
895.9665,895.4464,0.5201481
895.9665,895.4464,0.5201165
895.9665,895.4464,0.5200513
895.9665,895.4465,0.5200133
895.9665,895.4465,0.5200107
895.9665,895.4465,0.5199973
895.9665,895.4466,0.5198726
895.9665,895.4467,0.519831
895.9665,895.4467,0.5198185
895.9665,895.4467,0.5197614
895.9665,895.4468,0.5196937
895.9665,895.4469,0.5196236
895.9665,895.4469,0.5196161
895.9665,895.4469,0.5196119
895.9665,895.4469,0.5195704
895.9665,895.4469,0.5195618
895.9665,895.447,0.5194974
895.9665,895.447,0.5194917
895.9665,895.4471,0.5194401
895.9665,895.4471,0.519423
895.9665,895.4471,0.5193963
895.9665,895.4471,0.5193915
895.9665,895.4472,0.5193493
895.9665,895.4472,0.5193055
895.9665,895.4472,0.5192654
895.9665,895.4472,0.5192614
895.9665,895.4473,0.5192216
895.9665,895.4473,0.5191874
895.9665,895.4473,0.5191653
895.9665,895.4474,0.5191469
895.9665,895.4474,0.5191339
895.9665,895.4474,0.5191242
895.9665,895.4474,0.5191114
895.9665,895.4474,0.5190976
895.9665,895.4474,0.5190957
895.9665,895.4474,0.5190742
895.9665,895.4474,0.5190693
895.9665,895.4475,0.5189618
895.9665,895.4476,0.5189469
895.9665,895.4476,0.5189395
895.9665,895.4476,0.5188864
895.9665,895.4476,0.5188783
895.9665,895.4477,0.5187843
895.9665,895.4477,0.518754
895.9665,895.4478,0.5186932
895.9665,895.4478,0.5186594
895.9665,895.4479,0.5186045
895.9665,895.448,0.5185409
895.9665,895.448,0.5184547
895.9665,895.4481,0.5184105
895.9665,895.4481,0.5184068
895.9665,895.4482,0.518334
895.9665,895.4482,0.5183227
895.9665,895.4482,0.5182672
895.9665,895.4483,0.5182473
895.9665,895.4484,0.5181404
895.9665,895.4484,0.5181195
895.9665,895.4484,0.5181042
895.9665,895.4484,0.5180853
895.9665,895.4485,0.5180435
895.9665,895.4485,0.5180432
895.9665,895.4485,0.5180374
895.9665,895.4485,0.5180143
895.9665,895.4485,0.5180056
895.9665,895.4485,0.5179712
895.9665,895.4485,0.5179622
895.9665,895.4486,0.5179486
895.9665,895.4486,0.5179395
895.9665,895.4486,0.5178922
895.9665,895.4486,0.5178712
895.9665,895.4487,0.5178426
895.9665,895.4487,0.5178295
895.9665,895.4487,0.5178224
895.9665,895.4488,0.5177124
895.9665,895.4488,0.5177091
895.9665,895.4488,0.517708
895.9665,895.4488,0.5176872
895.9665,895.4488,0.5176615
895.9665,895.4489,0.5176433
895.9665,895.449,0.5175136
895.9665,895.449,0.5174917
895.9665,895.449,0.517487
895.9665,895.449,0.5174836
895.9665,895.449,0.5174625
895.9665,895.449,0.5174534
895.9665,895.4491,0.5174489
895.9665,895.4491,0.5174415
895.9665,895.4491,0.5174144
895.9665,895.4491,0.5174041
895.9665,895.4491,0.5173558
895.9665,895.4491,0.5173551
895.9665,895.4492,0.5173441
895.9665,895.4492,0.5173121
895.9665,895.4492,0.517288
895.9665,895.4492,0.5172741
895.9665,895.4493,0.5172254
895.9665,895.4493,0.5172004
895.9665,895.4493,0.5171934
895.9665,895.4493,0.5171827
895.9665,895.4493,0.5171537
895.9665,895.4493,0.5171529
895.9665,895.4494,0.517136
895.9665,895.4494,0.5171179
895.9665,895.4494,0.5170952
895.9665,895.4494,0.5170642
895.9665,895.4495,0.5170278
895.9665,895.4495,0.5170156
895.9665,895.4495,0.5170146
895.9665,895.4495,0.516999
895.9665,895.4495,0.5169902
895.9665,895.4495,0.5169848
895.9665,895.4495,0.5169726
895.9665,895.4495,0.5169706
895.9665,895.4495,0.5169702
895.9665,895.4495,0.5169641
895.9665,895.4495,0.5169641
895.9665,895.4495,0.5169632
895.9665,895.4495,0.51696
895.9665,895.4495,0.5169586
895.9665,895.4496,0.5169462
895.9665,895.4496,0.5169024
895.9665,895.4496,0.5168807
895.9665,895.4496,0.5168524
895.9665,895.4496,0.5168514
895.9665,895.4496,0.516851
895.9665,895.4497,0.5168136
895.9665,895.4497,0.5167832
895.9665,895.4498,0.5167289
895.9665,895.4498,0.5167217
895.9665,895.4498,0.5166965
895.9665,895.4498,0.5166866
895.9665,895.4498,0.5166866
895.9665,895.4498,0.5166841
895.9665,895.4499,0.5166282
895.9665,895.4499,0.5166222
895.9665,895.4499,0.5166067
895.9665,895.4499,0.5166052
895.9665,895.4499,0.5165879
895.9665,895.4499,0.5165824
895.9665,895.4499,0.5165592
895.9665,895.45,0.5165246
895.9665,895.45,0.5165173
895.9665,895.45,0.5165069
895.9665,895.45,0.5164833
895.9665,895.45,0.5164776
895.9665,895.45,0.5164721
895.9665,895.45,0.5164599
895.9665,895.45,0.5164506
895.9665,895.4501,0.5164446
895.9665,895.4501,0.5164417
895.9665,895.4501,0.5164255
895.9665,895.4501,0.5164127
895.9665,895.4501,0.5164061
895.9665,895.4501,0.5164051
895.9665,895.4501,0.5163846
895.9665,895.4501,0.5163827
895.9665,895.4501,0.516368
895.9665,895.4501,0.5163632
895.9665,895.4501,0.5163567
895.9665,895.4501,0.516353
895.9665,895.4501,0.5163509
895.9665,895.4502,0.5163454
895.9665,895.4502,0.5163431
895.9665,895.4502,0.5163095
895.9665,895.4502,0.516302
895.9665,895.4502,0.5162772
895.9665,895.4502,0.5162767
895.9665,895.4502,0.5162619
895.9665,895.4502,0.5162511
895.9665,895.4503,0.516238
895.9665,895.4503,0.5162099
895.9665,895.4504,0.5161269
895.9665,895.4504,0.5161169
895.9665,895.4504,0.5161082
895.9665,895.4504,0.5161001
895.9665,895.4504,0.5160853
895.9665,895.4504,0.516071
895.9665,895.4504,0.5160617
895.9665,895.4504,0.5160527
895.9665,895.4505,0.5160409
895.9665,895.4505,0.5160152
895.9665,895.4505,0.5160109
895.9665,895.4505,0.5160031
895.9665,895.4505,0.515998
895.9665,895.4505,0.5159882
895.9665,895.4505,0.5159866
895.9665,895.4505,0.5159787
895.9665,895.4505,0.5159575
895.9665,895.4506,0.5159425
895.9665,895.4506,0.5159391
895.9665,895.4506,0.5159311
895.9665,895.4506,0.5159308
895.9665,895.4506,0.5159283
895.9665,895.4506,0.5159205
895.9665,895.4506,0.5159153
895.9665,895.4506,0.5159134
895.9665,895.4506,0.5158924
895.9665,895.4506,0.5158879
895.9665,895.4506,0.5158679
895.9665,895.4506,0.5158616
895.9665,895.4506,0.5158581
895.9665,895.4507,0.5158446
895.9665,895.4507,0.5158373
895.9665,895.4507,0.5158367
895.9665,895.4507,0.5158345
895.9665,895.4507,0.5158212
895.9665,895.4507,0.5158194
895.9665,895.4507,0.5158063
895.9665,895.4507,0.5157716
895.9665,895.4507,0.5157517
895.9665,895.4508,0.5157485
895.9665,895.4508,0.5157482
895.9665,895.4508,0.5157255
895.9665,895.4508,0.5157242
895.9665,895.4508,0.5157059
895.9665,895.4508,0.5156858
895.9665,895.4508,0.5156835
895.9665,895.4508,0.5156786
895.9665,895.4508,0.5156618
895.9665,895.4509,0.515639
895.9665,895.4509,0.5156246
895.9665,895.4509,0.5156096
895.9665,895.4509,0.5156074
895.9665,895.4509,0.5155918
895.9665,895.4509,0.515589
895.9665,895.4509,0.5155793
895.9665,895.4509,0.5155637
895.9665,895.451,0.515545
895.9665,895.451,0.5155423
895.9665,895.451,0.5155391
895.9665,895.451,0.5154519
895.9665,895.4511,0.5154448
895.9665,895.4511,0.5154414
895.9665,895.4511,0.5154249
895.9665,895.4511,0.5154157
895.9665,895.4511,0.515409
895.9665,895.4511,0.515407
895.9665,895.4511,0.5154057
895.9665,895.4511,0.5153885
895.9665,895.4511,0.5153682
895.9665,895.4511,0.515354
895.9665,895.4512,0.5153213
895.9665,895.4512,0.5153164
895.9665,895.4512,0.5153138
895.9665,895.4512,0.5153132
895.9665,895.4512,0.5152808
895.9665,895.4512,0.5152776
895.9665,895.4512,0.5152611
895.9665,895.4512,0.515254
895.9665,895.4512,0.5152535
895.9665,895.4513,0.5152354
895.9665,895.4513,0.515226
895.9665,895.4513,0.5152178
895.9665,895.4513,0.5152101
895.9665,895.4513,0.5151852
895.9665,895.4513,0.5151847
895.9665,895.4513,0.5151782
895.9665,895.4513,0.515178
895.9665,895.4513,0.515168
895.9665,895.4513,0.5151625
895.9665,895.4513,0.5151575
895.9665,895.4514,0.5151456
895.9665,895.4514,0.515121
895.9665,895.4514,0.5151178
895.9665,895.4514,0.5151117
895.9665,895.4514,0.5151046
895.9665,895.4514,0.5150981
895.9665,895.4514,0.5150835
895.9665,895.4514,0.5150534
895.9665,895.4515,0.515048
895.9665,895.4515,0.5150366
895.9665,895.4515,0.5150251
895.9665,895.4515,0.5150216
895.9665,895.4515,0.5149923
895.9665,895.4515,0.5149852
895.9665,895.4515,0.5149824
895.9665,895.4515,0.5149805
895.9665,895.4515,0.5149674
895.9665,895.4515,0.5149607
895.9665,895.4516,0.5149467
895.9665,895.4516,0.5149369
895.9665,895.4516,0.5149117
895.9665,895.4516,0.5148865
895.9665,895.4516,0.5148771
895.9665,895.4516,0.5148707
895.9665,895.4516,0.5148689
895.9665,895.4516,0.5148648
895.9665,895.4517,0.5148411
895.9665,895.4517,0.5148362
895.9665,895.4517,0.514835
895.9665,895.4517,0.5148221
895.9665,895.4517,0.5148063
895.9665,895.4517,0.5147761
895.9665,895.4517,0.5147719
895.9665,895.4517,0.5147699
895.9665,895.4517,0.5147678
895.9665,895.4517,0.514766
895.9665,895.4517,0.5147625
895.9665,895.4517,0.5147597
895.9665,895.4517,0.5147528
895.9665,895.4518,0.5147374
895.9665,895.4518,0.5147187
895.9665,895.4518,0.5147154
895.9665,895.4518,0.5147129
895.9665,895.4518,0.5147112
895.9665,895.4518,0.5147082
895.9665,895.4518,0.5147027
895.9665,895.4518,0.5146921
895.9665,895.4518,0.5146883
895.9665,895.4518,0.514671
895.9665,895.4518,0.5146696
895.9665,895.4518,0.5146553
895.9665,895.4519,0.5146495
895.9665,895.4519,0.5146475
895.9665,895.4519,0.5146324
895.9665,895.4519,0.514623
895.9665,895.4519,0.514618
895.9665,895.4519,0.5146115
895.9665,895.4519,0.5146078
895.9665,895.4519,0.5146044
895.9665,895.4519,0.5145998
895.9665,895.4519,0.5145756
895.9665,895.4519,0.5145754
895.9665,895.4519,0.5145658
895.9665,895.4519,0.5145653
895.9665,895.452,0.5145422
895.9665,895.452,0.5145161
895.9665,895.452,0.5145137
895.9665,895.452,0.5145133
895.9665,895.452,0.5145054
895.9665,895.452,0.5145001
895.9665,895.452,0.5144915
895.9665,895.452,0.5144598
895.9665,895.4521,0.5144489
895.9665,895.4521,0.5144456
895.9665,895.4521,0.5144306
895.9665,895.4521,0.5144278
895.9665,895.4521,0.5144128
895.9665,895.4521,0.5144
895.9665,895.4521,0.5143998
895.9665,895.4521,0.5143952
895.9665,895.4521,0.5143769
895.9665,895.4521,0.5143621
895.9665,895.4522,0.5143428
895.9665,895.4522,0.5143367
895.9665,895.4522,0.5143128
895.9665,895.4522,0.5143006
895.9665,895.4522,0.5142821
895.9665,895.4522,0.5142593
895.9665,895.4522,0.5142578
895.9665,895.4522,0.5142569
895.9665,895.4522,0.514255
895.9665,895.4523,0.5142438
895.9665,895.4523,0.5142355
895.9665,895.4523,0.5142062
895.9665,895.4523,0.5141896
895.9665,895.4523,0.5141735
895.9665,895.4523,0.5141579
895.9665,895.4524,0.5141309
895.9665,895.4524,0.5141201
895.9665,895.4524,0.5141097
895.9665,895.4524,0.5141069
895.9665,895.4524,0.514088
895.9665,895.4524,0.5140831
895.9665,895.4524,0.5140779
895.9665,895.4524,0.5140745
895.9665,895.4525,0.5140321
895.9665,895.4525,0.514019
895.9665,895.4525,0.5140127
895.9665,895.4525,0.5140121
895.9665,895.4525,0.5140115
895.9665,895.4525,0.5140018
895.9665,895.4525,0.5139913
895.9665,895.4525,0.5139898
895.9665,895.4525,0.5139859
895.9665,895.4525,0.5139854
895.9665,895.4525,0.5139829
895.9665,895.4525,0.5139783
895.9665,895.4525,0.513971
895.9665,895.4525,0.5139665
895.9665,895.4525,0.5139532
895.9665,895.4526,0.5139418
895.9665,895.4526,0.5139401
895.9665,895.4526,0.51394
895.9665,895.4526,0.5139368
895.9665,895.4526,0.5139361
895.9665,895.4526,0.5139266
895.9665,895.4526,0.5139062
895.9665,895.4526,0.5138919
895.9665,895.4526,0.5138644
895.9665,895.4526,0.5138604
895.9665,895.4527,0.5138471
895.9665,895.4527,0.5138388
895.9665,895.4527,0.5138323
895.9665,895.4527,0.5138285
895.9665,895.4527,0.5138267
895.9665,895.4527,0.5138217
895.9665,895.4527,0.5138142
895.9665,895.4527,0.5138087
895.9665,895.4527,0.5137982
895.9665,895.4527,0.5137859
895.9665,895.4527,0.5137674
895.9665,895.4527,0.5137642
895.9665,895.4527,0.5137529
895.9665,895.4528,0.5137433
895.9665,895.4528,0.5137317
895.9665,895.4528,0.5137206
895.9665,895.4528,0.5137127
895.9665,895.4528,0.5137086
895.9665,895.4528,0.5137077
895.9665,895.4528,0.5136948
895.9665,895.4528,0.513684
895.9665,895.4528,0.5136784
895.9665,895.4528,0.5136594
895.9665,895.4528,0.5136573
895.9665,895.4528,0.5136532
895.9665,895.4528,0.5136531
895.9665,895.4529,0.5136269
895.9665,895.4529,0.5136114
895.9665,895.4529,0.5135842
895.9665,895.4529,0.5135782
895.9665,895.4529,0.5135755
895.9665,895.4529,0.5135743
895.9665,895.4529,0.5135709
895.9665,895.4529,0.513565
895.9665,895.4529,0.5135648
895.9665,895.4529,0.5135647
895.9665,895.4529,0.5135623
895.9665,895.4529,0.5135534
895.9665,895.4529,0.5135504
895.9665,895.453,0.5135146
895.9665,895.453,0.5134975
895.9665,895.453,0.5134747
895.9665,895.453,0.5134648
895.9665,895.453,0.5134613
895.9665,895.4531,0.5134397
895.9665,895.4531,0.5134378
895.9665,895.4531,0.5134254
895.9665,895.4531,0.5134228
895.9665,895.4531,0.5134179
895.9665,895.4531,0.5133823
895.9665,895.4531,0.513375
895.9665,895.4531,0.5133736
895.9665,895.4531,0.5133698
895.9665,895.4531,0.5133684
895.9665,895.4531,0.5133676
895.9665,895.4531,0.5133623
895.9665,895.4531,0.5133567
895.9665,895.4531,0.5133539
895.9665,895.4532,0.5133334
895.9665,895.4532,0.5133307
895.9665,895.4532,0.5133068
895.9665,895.4532,0.5133064
895.9665,895.4532,0.5133062
895.9665,895.4532,0.5132996
895.9665,895.4532,0.5132976
895.9665,895.4532,0.5132953
895.9665,895.4532,0.5132906
895.9665,895.4532,0.5132661
895.9665,895.4533,0.5132398
895.9665,895.4533,0.5132179
895.9665,895.4533,0.5132013
895.9665,895.4533,0.5131972
895.9665,895.4533,0.5131924
895.9665,895.4533,0.5131903
895.9665,895.4533,0.5131755
895.9665,895.4533,0.5131693
895.9665,895.4534,0.5131406
895.9665,895.4534,0.513135
895.9665,895.4534,0.5131271
895.9665,895.4534,0.5131261
895.9665,895.4534,0.5131104
895.9665,895.4534,0.5130954
895.9665,895.4534,0.5130924
895.9665,895.4534,0.5130907
895.9665,895.4534,0.5130898
895.9665,895.4534,0.5130889
895.9665,895.4534,0.513086
895.9665,895.4535,0.5130469
895.9665,895.4535,0.513045
895.9665,895.4535,0.5130266
895.9665,895.4535,0.513026
895.9665,895.4535,0.5130087
895.9665,895.4535,0.5130021
895.9665,895.4536,0.5129433
895.9665,895.4536,0.5129358
895.9665,895.4536,0.5129329
895.9665,895.4536,0.5128615
895.9665,895.4536,0.5128597
895.9665,895.4537,0.5128393
895.9665,895.4537,0.5128297
895.9665,895.4537,0.5127931
895.9665,895.4537,0.5127906
895.9665,895.4537,0.5127805
895.9665,895.4537,0.512779
895.9665,895.4537,0.5127624
895.9665,895.4538,0.5127414
895.9665,895.4538,0.512717
895.9665,895.4538,0.5127087
895.9665,895.4538,0.5127008
895.9665,895.4538,0.5126977
895.9665,895.4538,0.5126914
895.9665,895.4538,0.5126819
895.9665,895.4538,0.5126787
895.9665,895.4538,0.5126646
895.9665,895.4539,0.5126445
895.9665,895.4539,0.5126337
895.9665,895.4539,0.5126329
895.9665,895.4539,0.5126071
895.9665,895.4539,0.5126005
895.9665,895.4539,0.5125925
895.9665,895.4539,0.5125885
895.9665,895.4539,0.5125566
895.9665,895.4539,0.5125526
895.9665,895.454,0.5125461
895.9665,895.454,0.5125183
895.9665,895.454,0.5125172
895.9665,895.454,0.5124792
895.9665,895.454,0.5124705
895.9665,895.454,0.5124674
895.9665,895.4541,0.5124405
895.9665,895.4541,0.5124375
895.9665,895.4541,0.5124034
895.9665,895.4541,0.5123596
895.9665,895.4541,0.512351
895.9665,895.4542,0.5123431
895.9665,895.4542,0.512328
895.9665,895.4542,0.5123202
895.9665,895.4542,0.512307
895.9665,895.4542,0.5122831
895.9665,895.4543,0.512234
895.9665,895.4543,0.5122315
895.9665,895.4543,0.5122178
895.9665,895.4543,0.5122086
895.9665,895.4543,0.5121874
895.9665,895.4543,0.5121747
895.9665,895.4543,0.5121706
895.9665,895.4543,0.5121653
895.9665,895.4543,0.5121504
895.9665,895.4544,0.5121469
895.9665,895.4544,0.5121059
895.9665,895.4544,0.5121035
895.9665,895.4544,0.5120646
895.9665,895.4545,0.5120468
895.9665,895.4545,0.5120372
895.9665,895.4545,0.5120272
895.9665,895.4545,0.5119772
895.9665,895.4545,0.5119696
895.9665,895.4545,0.5119683
895.9665,895.4545,0.5119549
895.9665,895.4545,0.5119537
895.9665,895.4546,0.5119365
895.9665,895.4546,0.5119233
895.9665,895.4546,0.5119139
895.9665,895.4546,0.5118918
895.9665,895.4546,0.5118911
895.9665,895.4546,0.5118711
895.9665,895.4546,0.5118672
895.9665,895.4546,0.5118662
895.9665,895.4547,0.5118471
895.9665,895.4547,0.511847
895.9665,895.4547,0.5118446
895.9665,895.4547,0.5118412
895.9665,895.4547,0.5118356
895.9665,895.4547,0.5118243
895.9665,895.4547,0.5118169
895.9665,895.4547,0.5118134
895.9665,895.4547,0.5117967
895.9665,895.4547,0.511791
895.9665,895.4547,0.5117863
895.9665,895.4548,0.5117482
895.9665,895.4548,0.5117193
895.9665,895.4548,0.5116859
895.9665,895.4548,0.5116756
895.9665,895.4548,0.5116724
895.9665,895.4548,0.5116638
895.9665,895.4548,0.5116558
895.9665,895.4549,0.5116292
895.9665,895.4549,0.5116256
895.9665,895.4549,0.5115974
895.9665,895.4549,0.5115904
895.9665,895.4549,0.511578
895.9665,895.4549,0.511574
895.9665,895.455,0.5115383
895.9665,895.455,0.5115115
895.9665,895.455,0.511505
895.9665,895.455,0.5114862
895.9665,895.4551,0.51144
895.9665,895.4551,0.511428
895.9665,895.4551,0.5113735
895.9665,895.4551,0.5113716
895.9665,895.4551,0.5113522
895.9665,895.4552,0.5113217
895.9665,895.4552,0.5113104
895.9665,895.4552,0.511285
895.9665,895.4552,0.5112771
895.9665,895.4552,0.5112738
895.9665,895.4552,0.5112573
895.9665,895.4553,0.511203
895.9665,895.4553,0.511196
895.9665,895.4553,0.5111833
895.9665,895.4553,0.5111672
895.9665,895.4553,0.511156
895.9665,895.4554,0.5110916
895.9665,895.4554,0.5110897
895.9665,895.4554,0.5110868
895.9665,895.4554,0.5110778
895.9665,895.4554,0.511077
895.9665,895.4554,0.5110755
895.9665,895.4554,0.5110743
895.9665,895.4554,0.5110724
895.9665,895.4555,0.5110361
895.9665,895.4555,0.5110285
895.9665,895.4555,0.5110284
895.9665,895.4555,0.5109544
895.9665,895.4556,0.5109374
895.9665,895.4556,0.5109372
895.9665,895.4556,0.5109263
895.9665,895.4556,0.5109239
895.9665,895.4556,0.5109194
895.9665,895.4556,0.5109124
895.9665,895.4556,0.5109088
895.9665,895.4557,0.5108493
895.9665,895.4557,0.5108118
895.9665,895.4557,0.5107926
895.9665,895.4558,0.5107299
895.9665,895.4558,0.5107254
895.9665,895.4558,0.5106852
895.9665,895.4558,0.5106765
895.9665,895.4558,0.510674
895.9665,895.4558,0.5106653
895.9665,895.4558,0.5106605
895.9665,895.4559,0.5106252
895.9665,895.4559,0.510596
895.9665,895.4559,0.5105607
895.9665,895.4559,0.5105516
895.9665,895.4559,0.5105503
895.9665,895.456,0.5105352
895.9665,895.456,0.5105259
895.9665,895.456,0.510517
895.9665,895.456,0.5104729
895.9665,895.456,0.5104666
895.9665,895.456,0.5104638
895.9665,895.456,0.5104533
895.9665,895.4561,0.5104401
895.9665,895.4561,0.5104273
895.9665,895.4561,0.5104197
895.9665,895.4561,0.5104181
895.9665,895.4561,0.5104
895.9665,895.4561,0.5103907
895.9665,895.4561,0.5103755
895.9665,895.4561,0.5103722
895.9665,895.4561,0.5103667
895.9665,895.4562,0.5103291
895.9665,895.4562,0.5103096
895.9665,895.4562,0.5102662
895.9665,895.4562,0.5102519
895.9665,895.4563,0.5102283
895.9665,895.4563,0.5102156
895.9665,895.4563,0.5102095
895.9665,895.4563,0.5101687
895.9665,895.4563,0.5101561
895.9665,895.4564,0.5101202
895.9665,895.4564,0.5101099
895.9665,895.4564,0.5100815
895.9665,895.4564,0.5100645
895.9665,895.4565,0.5100499
895.9665,895.4565,0.5099954
895.9665,895.4565,0.5099873
895.9665,895.4565,0.5099649
895.9665,895.4566,0.5099448
895.9665,895.4566,0.5099286
895.9665,895.4566,0.5099252
895.9665,895.4566,0.5099237
895.9665,895.4566,0.509918
895.9665,895.4566,0.5098604
895.9665,895.4566,0.5098572
895.9665,895.4567,0.5098313
895.9665,895.4567,0.5098232
895.9665,895.4567,0.5098139
895.9665,895.4567,0.5097903
895.9665,895.4567,0.5097505
895.9665,895.4568,0.5097024
895.9665,895.4568,0.5096907
895.9665,895.4568,0.5096797
895.9665,895.4568,0.5096758
895.9665,895.4568,0.5096548
895.9665,895.4568,0.509654
895.9665,895.4569,0.5096425
895.9665,895.4569,0.509567
895.9665,895.457,0.509538
895.9665,895.457,0.5095188
895.9665,895.457,0.5095137
895.9665,895.457,0.5095055
895.9665,895.4571,0.5094452
895.9665,895.4571,0.5094264
895.9665,895.4571,0.5094237
895.9665,895.4571,0.5094026
895.9665,895.4571,0.5093785
895.9665,895.4571,0.5093573
895.9665,895.4572,0.509343
895.9665,895.4572,0.5093224
895.9665,895.4572,0.5093209
895.9665,895.4572,0.5093182
895.9665,895.4572,0.5093153
895.9665,895.4572,0.5093144
895.9665,895.4572,0.509269
895.9665,895.4572,0.5092625
895.9665,895.4573,0.5092277
895.9665,895.4573,0.509225
895.9665,895.4573,0.5092187
895.9665,895.4573,0.5092002
895.9665,895.4573,0.5091863
895.9665,895.4573,0.5091666
895.9665,895.4573,0.5091511
895.9665,895.4574,0.5091335
895.9665,895.4574,0.5091183
895.9665,895.4575,0.5090345
895.9665,895.4575,0.509001
895.9665,895.4575,0.5089845
895.9665,895.4576,0.5089102
895.9665,895.4576,0.5088852
895.9665,895.4576,0.5088664
895.9665,895.4577,0.5088266
895.9665,895.4577,0.5088027
895.9665,895.4577,0.5087508
895.9665,895.4577,0.5087506
895.9665,895.4578,0.5087421
895.9665,895.4579,0.5086421
895.9665,895.4579,0.5086355
895.9665,895.4579,0.5086101
895.9665,895.4579,0.5085911
895.9665,895.458,0.5085444
895.9665,895.458,0.5084975
895.9665,895.458,0.5084942
895.9665,895.4581,0.5084233
895.9665,895.4581,0.508383
895.9665,895.4581,0.508382
895.9665,895.4581,0.5083667
895.9665,895.4581,0.5083563
895.9665,895.4582,0.5083448
895.9665,895.4582,0.5083162
895.9665,895.4582,0.5082879
895.9665,895.4583,0.5081863
895.9665,895.4583,0.5081592
895.9665,895.4584,0.5080819
895.9665,895.4585,0.5080419
895.9665,895.4586,0.5078922
895.9665,895.4586,0.5078627
895.9665,895.4587,0.5078399
895.9665,895.4587,0.5078262
895.9665,895.4587,0.5078246
895.9665,895.4587,0.5077957
895.9665,895.4588,0.5077327
895.9665,895.4588,0.507684
895.9665,895.4589,0.5076154
895.9665,895.4589,0.5075731
895.9665,895.459,0.507509
895.9665,895.459,0.5074987
895.9665,895.4591,0.5074473
895.9665,895.4591,0.5074403
895.9665,895.4591,0.5073794
895.9665,895.4592,0.5073005
895.9665,895.4592,0.5072756
895.9665,895.4593,0.5072218
895.9665,895.4594,0.5071208
895.9665,895.4594,0.5070951
895.9665,895.4594,0.507068
895.9665,895.4595,0.5069862
895.9665,895.4595,0.5069849
895.9665,895.4596,0.5069138
895.9665,895.4596,0.5068813
895.9665,895.4596,0.5068598
895.9665,895.4597,0.5067582
895.9665,895.4599,0.5065981
895.9665,895.4599,0.506585
895.9665,895.46,0.5064756
895.9665,895.4601,0.5063649
895.9665,895.4602,0.5063201
895.9665,895.4602,0.5063058
895.9665,895.4602,0.506305
895.9665,895.4603,0.5062228
895.9665,895.4604,0.5061323
895.9665,895.4605,0.5060144
895.9665,895.4606,0.5059314
895.9665,895.4606,0.505859
895.9665,895.4607,0.5058454
895.9665,895.4607,0.5057874
895.9665,895.4608,0.5057328
895.9665,895.4608,0.5057147
895.9665,895.4608,0.5057022
895.9665,895.4609,0.50562
895.9665,895.4609,0.5056167
895.9665,895.4609,0.5055979
895.9665,895.4609,0.5055913
895.9665,895.4611,0.5054404
895.9665,895.4611,0.505386
895.9665,895.4611,0.5053731
895.9665,895.4612,0.5053273
895.9665,895.4612,0.505299
895.9665,895.4613,0.5052329
895.9665,895.4614,0.5051408
895.9665,895.4614,0.5050662
895.9665,895.4616,0.5049301
895.9665,895.4616,0.504903
895.9665,895.4617,0.5047569
895.9665,895.4618,0.5047326
895.9665,895.462,0.5044915
895.9665,895.4621,0.5044054
895.9665,895.4621,0.5043794
895.9665,895.4622,0.5043215
895.9665,895.4622,0.5042838
895.9665,895.4623,0.5042328
895.9665,895.4624,0.5041049
895.9665,895.4624,0.5040942
895.9665,895.4624,0.5040677
895.9665,895.4625,0.5039862
895.9665,895.4625,0.5039805
895.9665,895.4626,0.5038536
895.9665,895.4627,0.5038326
895.9665,895.4627,0.5038085
895.9665,895.4629,0.5036256
895.9665,895.463,0.5035374
895.9665,895.463,0.5034667
895.9665,895.4631,0.5034374
895.9665,895.4632,0.5033375
895.9665,895.4635,0.5029845
895.9665,895.4635,0.5029691
895.9665,895.4637,0.5028074
895.9665,895.4637,0.5027618
895.9665,895.4638,0.5027064
895.9665,895.4638,0.5026976
895.9665,895.4639,0.502599
895.9665,895.4641,0.502439
895.9665,895.4642,0.5022735
895.9665,895.4642,0.5022505
895.9665,895.4643,0.5021907
895.9665,895.4643,0.5021748
895.9665,895.4644,0.5020934
895.9665,895.4644,0.5020722
895.9665,895.4645,0.5020273
895.9665,895.4646,0.501943
895.9665,895.4648,0.5017054
895.9665,895.4648,0.5016703
895.9665,895.465,0.501522
895.9665,895.4651,0.5014015
895.9665,895.4654,0.5010945
895.9665,895.4656,0.5008877
895.9665,895.4658,0.5007192
895.9665,895.4659,0.5005972
895.9665,895.4659,0.5005966
895.9665,895.4659,0.5005965
895.9665,895.466,0.500452
895.9665,895.4662,0.5003281
895.9665,895.4662,0.5003056
895.9665,895.4665,0.500022
895.9665,895.4666,0.4999271
895.9665,895.4666,0.4998778
895.9665,895.4666,0.4998701
895.9665,895.4668,0.4997372
895.9665,895.4668,0.4997118
895.9665,895.4669,0.4996456
895.9665,895.4669,0.4996232
895.9665,895.4669,0.499585
895.9665,895.467,0.499512
895.9665,895.467,0.4995084
895.9665,895.4671,0.4993857
895.9665,895.4675,0.4989822
895.9665,895.4675,0.4989539
895.9665,895.4676,0.4989278
895.9665,895.4676,0.4989175
895.9665,895.4677,0.498824
895.9665,895.4677,0.4987791
895.9665,895.468,0.4985046
895.9665,895.468,0.4984854
895.9665,895.4681,0.4983617
895.9665,895.4682,0.4982977
895.9665,895.4684,0.4981228
895.9665,895.4684,0.4980959
895.9665,895.4685,0.498037
895.9665,895.4685,0.497993
895.9665,895.4685,0.4979884
895.9665,895.4685,0.497961
895.9665,895.4686,0.4979326
895.9665,895.4686,0.4979062
895.9665,895.4686,0.497877
895.9665,895.4687,0.497826
895.9665,895.4691,0.4973878
895.9665,895.4695,0.4970463
895.9665,895.4695,0.4969917
895.9665,895.4695,0.4969829
895.9665,895.4697,0.4968407
895.9665,895.4697,0.4967623
895.9665,895.4698,0.4966655
895.9665,895.4702,0.4963151
895.9665,895.4704,0.4961347
895.9665,895.4708,0.4957183
895.9665,895.4709,0.4956383
895.9665,895.4711,0.4954416
895.9665,895.4719,0.4946455
895.9665,895.472,0.494528
895.9665,895.4722,0.4943317
895.9665,895.4724,0.4940769
895.9665,895.4725,0.4939926
895.9665,895.4725,0.4939745
895.9665,895.4728,0.493653
895.9665,895.4731,0.4934268
895.9665,895.4732,0.4933328
895.9665,895.4736,0.4929184
895.9665,895.4741,0.4924078
895.9665,895.4756,0.4908738
895.9665,895.4762,0.4902816
895.9665,895.4771,0.4893735
895.9665,895.4772,0.4893297
895.9665,895.4775,0.4890473
895.9665,895.4776,0.4889238
895.9665,895.4778,0.4886841
895.9665,895.4779,0.4885631
895.9665,895.4779,0.4885508
895.9665,895.4782,0.4883428
895.9665,895.4782,0.4882826
895.9665,895.4784,0.488122
895.9665,895.4784,0.4881044
895.9665,895.4785,0.4879896
895.9665,895.4785,0.4879714
895.9665,895.4787,0.4877689
895.9665,895.479,0.487505
895.9665,895.4795,0.4870278
895.9665,895.4796,0.4869414
895.9665,895.4796,0.4868833
895.9665,895.4802,0.4862714
895.9665,895.4804,0.4861142
895.9665,895.4806,0.4859201
895.9665,895.4807,0.48579
895.9665,895.4811,0.4853863
895.9665,895.4812,0.4852894
895.9665,895.4813,0.4852454
895.9665,895.4813,0.4852135
895.9665,895.4813,0.485189
895.9665,895.4816,0.4848536
895.9665,895.4819,0.4845817
895.9665,895.4821,0.4844026
895.9665,895.4821,0.4843898
895.9665,895.4823,0.4842162
895.9665,895.4825,0.4840392
895.9665,895.4826,0.4839453
895.9665,895.4826,0.4838792
895.9665,895.4827,0.4838269
895.9665,895.4828,0.4837125
895.9665,895.4828,0.4836679
895.9665,895.4833,0.4832411
895.9665,895.4836,0.4829337
895.9665,895.4836,0.4828755
895.9665,895.4837,0.482778
895.9665,895.4839,0.4825957
895.9665,895.4842,0.4822871
895.9665,895.4844,0.4821046
895.9665,895.4846,0.4818614
895.9665,895.4847,0.4818074
895.9665,895.4847,0.4817901
895.9665,895.4847,0.4817546
895.9665,895.4848,0.481717
895.9665,895.4848,0.4816757
895.9665,895.4849,0.4816284
895.9665,895.4849,0.4815832
895.9665,895.485,0.4814556
895.9665,895.4851,0.4814133
895.9665,895.4852,0.4813019
895.9665,895.4853,0.481158
895.9665,895.4853,0.4811502
895.9665,895.4854,0.4810594
895.9665,895.4856,0.4808735
895.9665,895.4859,0.4806197
895.9665,895.4859,0.4805948
895.9665,895.486,0.4805152
895.9665,895.4861,0.4804314
895.9665,895.4862,0.4803218
895.9665,895.4863,0.4802404
895.9665,895.4863,0.4802204
895.9665,895.4863,0.4801604
895.9665,895.4866,0.4799203
895.9665,895.4867,0.4798168
895.9665,895.4867,0.4798029
895.9665,895.4868,0.479741
895.9665,895.4869,0.479603
895.9665,895.4869,0.479554
895.9665,895.4871,0.4794311
895.9665,895.4871,0.4793991
895.9665,895.4871,0.4793835
895.9665,895.4871,0.4793532
895.9665,895.4872,0.4793396
895.9665,895.4872,0.4792841
895.9665,895.4872,0.4792824
895.9665,895.4872,0.4792775
895.9665,895.4872,0.4792696
895.9665,895.4873,0.4792427
895.9665,895.4873,0.4791597
895.9665,895.4874,0.479067
895.9665,895.4875,0.4790168
895.9665,895.4875,0.4790129
895.9665,895.4875,0.478977
895.9665,895.4876,0.4788819
895.9665,895.4876,0.47888
895.9665,895.4876,0.4788624
895.9665,895.4877,0.4787578
895.9665,895.4878,0.4786773
895.9665,895.4878,0.4786701
895.9665,895.4878,0.4786663
895.9665,895.4879,0.4786408
895.9665,895.4879,0.4786192
895.9665,895.4879,0.4785818
895.9665,895.488,0.4785289
895.9665,895.488,0.4785247
895.9665,895.488,0.4785062
895.9665,895.488,0.4784953
895.9665,895.488,0.4784688
895.9665,895.4881,0.4784132
895.9665,895.4882,0.4783391
895.9665,895.4882,0.4783167
895.9665,895.4884,0.4781463
895.9665,895.4884,0.4781439
895.9665,895.4884,0.4781112
895.9665,895.4884,0.4780923
895.9665,895.4884,0.4780797
895.9665,895.4885,0.4779768
895.9665,895.4885,0.4779755
895.9665,895.4885,0.4779658
895.9665,895.4885,0.47795
895.9665,895.4886,0.4778749
895.9665,895.4886,0.4778584
895.9665,895.4887,0.4778002
895.9665,895.4888,0.4776808
895.9665,895.4888,0.4776733
895.9665,895.4888,0.4776574
895.9665,895.4889,0.4776398
895.9665,895.4889,0.4776331
895.9665,895.4889,0.4775704
895.9665,895.4889,0.4775679
895.9665,895.4889,0.4775528
895.9665,895.489,0.4774889
895.9665,895.4891,0.4774379
895.9665,895.4891,0.4774068
895.9665,895.4891,0.4774043
895.9665,895.4891,0.4774027
895.9665,895.4891,0.4773852
895.9665,895.4892,0.4773473
895.9665,895.4892,0.4773445
895.9665,895.4892,0.4773134
895.9665,895.4892,0.4773053
895.9665,895.4892,0.477265
895.9665,895.4893,0.477203
895.9665,895.4893,0.4771891
895.9665,895.4893,0.4771871
895.9665,895.4893,0.4771502
895.9665,895.4894,0.4771163
895.9665,895.4894,0.4771133
895.9665,895.4894,0.4771068
895.9665,895.4894,0.4770641
895.9665,895.4895,0.4770303
895.9665,895.4895,0.4770101
895.9665,895.4895,0.4770037
895.9665,895.4896,0.4769189
895.9665,895.4897,0.4768283
895.9665,895.4897,0.4767915
895.9665,895.4899,0.4766055
895.9665,895.4899,0.4765896
895.9665,895.4899,0.4765848
895.9665,895.4899,0.4765615
895.9665,895.4899,0.4765579
895.9665,895.49,0.4765066
895.9665,895.49,0.4764977
895.9665,895.49,0.4764915
895.9665,895.49,0.4764874
895.9665,895.4901,0.4764327
895.9665,895.4901,0.4764234
895.9665,895.4901,0.4763857
895.9665,895.4901,0.4763854
895.9665,895.4901,0.4763812
895.9665,895.4902,0.4763292
895.9665,895.4902,0.4763195
895.9665,895.4902,0.4763067
895.9665,895.4902,0.4763031
895.9665,895.4902,0.4762769
895.9665,895.4903,0.4762416
895.9665,895.4903,0.4762412
895.9665,895.4903,0.4762409
895.9665,895.4903,0.4762206
895.9665,895.4903,0.4761834
895.9665,895.4903,0.4761726
895.9665,895.4904,0.4761379
895.9665,895.4904,0.4761321
895.9665,895.4904,0.4760964
895.9665,895.4904,0.476094
895.9665,895.4904,0.4760731
895.9665,895.4904,0.4760573
895.9665,895.4905,0.476045
895.9665,895.4905,0.4760414
895.9665,895.4905,0.4760357
895.9665,895.4905,0.4759973
895.9665,895.4905,0.4759898
895.9665,895.4905,0.4759586
895.9665,895.4905,0.4759513
895.9665,895.4906,0.475866
895.9665,895.4907,0.4758149
895.9665,895.4907,0.475791
895.9665,895.4907,0.4757659
895.9665,895.4908,0.47575
895.9665,895.4908,0.4757357
895.9665,895.4908,0.4757144
895.9665,895.4908,0.4757109
895.9665,895.4908,0.4756899
895.9665,895.4909,0.4756491
895.9665,895.4909,0.4756226
895.9665,895.4909,0.4755911
895.9665,895.491,0.4755436
895.9665,895.491,0.4755276
895.9665,895.491,0.4755178
895.9665,895.491,0.4754899
895.9665,895.491,0.4754775
895.9665,895.491,0.4754768
895.9665,895.491,0.4754705
895.9665,895.491,0.4754604
895.9665,895.4911,0.4753895
895.9665,895.4911,0.4753842
895.9665,895.4911,0.4753558
895.9665,895.4911,0.4753502
895.9665,895.4912,0.4753348
895.9665,895.4912,0.4753327
895.9665,895.4912,0.4753164
895.9665,895.4912,0.4753072
895.9665,895.4912,0.4752965
895.9665,895.4912,0.4752522
895.9665,895.4913,0.4752322
895.9665,895.4913,0.475229
895.9665,895.4913,0.4752223
895.9665,895.4913,0.4752085
895.9665,895.4913,0.4752034
895.9665,895.4913,0.4751867
895.9665,895.4913,0.4751852
895.9665,895.4913,0.4751808
895.9665,895.4914,0.4751181
895.9665,895.4914,0.4750738
895.9665,895.4915,0.4750405
895.9665,895.4915,0.4750328
895.9665,895.4915,0.4750286
895.9665,895.4915,0.4750194
895.9665,895.4915,0.4749664
895.9665,895.4915,0.4749615
895.9665,895.4916,0.4749369
895.9665,895.4916,0.4749279
895.9665,895.4916,0.4749269
895.9665,895.4916,0.4749236
895.9665,895.4916,0.4749203
895.9665,895.4916,0.4749156
895.9665,895.4916,0.4749148
895.9665,895.4916,0.474914
895.9665,895.4916,0.4749132
895.9665,895.4916,0.4748809
895.9665,895.4916,0.4748786
895.9665,895.4916,0.474864
895.9665,895.4916,0.4748573
895.9665,895.4917,0.4748437
895.9665,895.4917,0.4747648
895.9665,895.4918,0.4747337
895.9665,895.4918,0.4747189
895.9665,895.4918,0.474716
895.9665,895.4918,0.4746865
895.9665,895.4919,0.4746298
895.9665,895.4919,0.4745654
895.9665,895.4919,0.4745508
895.9665,895.492,0.4745484
895.9665,895.492,0.4745217
895.9665,895.492,0.4745051
895.9665,895.492,0.4744959
895.9665,895.492,0.4744816
895.9665,895.4921,0.4744157
895.9665,895.4921,0.4744024
895.9665,895.4921,0.4743575
895.9665,895.4922,0.4743385
895.9665,895.4922,0.4743166
895.9665,895.4922,0.4743036
895.9665,895.4922,0.4742789
895.9665,895.4922,0.4742782
895.9665,895.4922,0.4742725
895.9665,895.4922,0.4742704
895.9665,895.4922,0.4742676
895.9665,895.4922,0.4742597
895.9665,895.4923,0.4742391
895.9665,895.4923,0.474236
895.9665,895.4923,0.4742298
895.9665,895.4923,0.4742267
895.9665,895.4923,0.4742173
895.9665,895.4923,0.4742072
895.9665,895.4923,0.4742037
895.9665,895.4923,0.4742013
895.9665,895.4923,0.4742003
895.9665,895.4923,0.4741955
895.9665,895.4923,0.4741803
895.9665,895.4923,0.4741634
895.9665,895.4923,0.4741527
895.9665,895.4923,0.4741514
895.9665,895.4924,0.4741397
895.9665,895.4924,0.4741313
895.9665,895.4924,0.4740916
895.9665,895.4924,0.4740902
895.9665,895.4924,0.4740643
895.9665,895.4924,0.4740559
895.9665,895.4924,0.474052
895.9665,895.4925,0.4740423
895.9665,895.4925,0.4740241
895.9665,895.4925,0.4740183
895.9665,895.4925,0.4740144
895.9665,895.4925,0.4740083
895.9665,895.4925,0.4739826
895.9665,895.4926,0.4739288
895.9665,895.4926,0.4739281
895.9665,895.4926,0.4739271
895.9665,895.4926,0.4739268
895.9665,895.4926,0.4739267
895.9665,895.4926,0.4739201
895.9665,895.4926,0.4739077
895.9665,895.4926,0.4739048
895.9665,895.4926,0.4738863
895.9665,895.4926,0.4738772
895.9665,895.4926,0.4738756
895.9665,895.4926,0.4738706
895.9665,895.4926,0.4738596
895.9665,895.4926,0.4738576
895.9665,895.4927,0.4738329
895.9665,895.4927,0.4738143
895.9665,895.4927,0.473802
895.9665,895.4927,0.4737906
895.9665,895.4927,0.4737871
895.9665,895.4928,0.4737452
895.9665,895.4928,0.4737028
895.9665,895.4928,0.4737011
895.9665,895.4928,0.4736993
895.9665,895.4928,0.4736975
895.9665,895.4928,0.4736878
895.9665,895.4928,0.4736665
895.9665,895.4928,0.4736546
895.9665,895.4929,0.4736471
895.9665,895.4929,0.4736234
895.9665,895.4929,0.4736095
895.9665,895.4929,0.4736079
895.9665,895.4929,0.473604
895.9665,895.4929,0.4735803
895.9665,895.4929,0.4735682
895.9665,895.4929,0.4735576
895.9665,895.4929,0.4735539
895.9665,895.493,0.473548
895.9665,895.493,0.4735422
895.9665,895.493,0.4735361
895.9665,895.493,0.473532
895.9665,895.493,0.4735235
895.9665,895.493,0.473513
895.9665,895.493,0.4735124
895.9665,895.493,0.4734893
895.9665,895.493,0.4734822
895.9665,895.493,0.4734601
895.9665,895.4931,0.4734343
895.9665,895.4931,0.4734114
895.9665,895.4931,0.4734084
895.9665,895.4931,0.4733938
895.9665,895.4931,0.4733919
895.9665,895.4931,0.4733727
895.9665,895.4931,0.4733706
895.9665,895.4931,0.4733687
895.9665,895.4931,0.4733639
895.9665,895.4931,0.4733607
895.9665,895.4931,0.4733566
895.9665,895.4931,0.4733563
895.9665,895.4931,0.4733531
895.9665,895.4932,0.4733468
895.9665,895.4932,0.473328
895.9665,895.4932,0.4733194
895.9665,895.4932,0.4732968
895.9665,895.4932,0.4732883
895.9665,895.4932,0.4732803
895.9665,895.4932,0.4732635
895.9665,895.4932,0.4732618
895.9665,895.4932,0.4732583
895.9665,895.4932,0.4732556
895.9665,895.4932,0.4732533
895.9665,895.4933,0.4732373
895.9665,895.4933,0.4732341
895.9665,895.4933,0.4732127
895.9665,895.4933,0.4731958
895.9665,895.4933,0.4731815
895.9665,895.4933,0.4731812
895.9665,895.4933,0.4731655
895.9665,895.4933,0.4731655
895.9665,895.4933,0.4731584
895.9665,895.4933,0.4731538
895.9665,895.4933,0.4731501
895.9665,895.4934,0.4731496
895.9665,895.4934,0.4731415
895.9665,895.4934,0.47312
895.9665,895.4934,0.4731167
895.9665,895.4934,0.4731139
895.9665,895.4934,0.4731136
895.9665,895.4934,0.4731068
895.9665,895.4934,0.4730956
895.9665,895.4934,0.4730899
895.9665,895.4934,0.4730727
895.9665,895.4934,0.473067
895.9665,895.4934,0.4730544
895.9665,895.4935,0.4730403
895.9665,895.4935,0.473038
895.9665,895.4935,0.47302
895.9665,895.4935,0.4730196
895.9665,895.4935,0.4730187
895.9665,895.4935,0.473013
895.9665,895.4935,0.4730096
895.9665,895.4935,0.4730093
895.9665,895.4935,0.472986
895.9665,895.4935,0.472973
895.9665,895.4935,0.4729597
895.9665,895.4935,0.4729589
895.9665,895.4935,0.4729575
895.9665,895.4935,0.4729501
895.9665,895.4936,0.4729462
895.9665,895.4936,0.4729413
895.9665,895.4936,0.4729368
895.9665,895.4936,0.4729256
895.9665,895.4936,0.4729157
895.9665,895.4936,0.4728986
895.9665,895.4936,0.4728929
895.9665,895.4936,0.4728886
895.9665,895.4936,0.4728764
895.9665,895.4936,0.4728682
895.9665,895.4936,0.4728635
895.9665,895.4937,0.4728485
895.9665,895.4937,0.4728363
895.9665,895.4937,0.4728352
895.9665,895.4937,0.4728301
895.9665,895.4937,0.4728226
895.9665,895.4937,0.4728225
895.9665,895.4937,0.4728164
895.9665,895.4937,0.4727679
895.9665,895.4937,0.4727615
895.9665,895.4937,0.4727609
895.9665,895.4937,0.4727516
895.9665,895.4937,0.4727515
895.9665,895.4937,0.4727513
895.9665,895.4938,0.4727415
895.9665,895.4938,0.4727234
895.9665,895.4938,0.4727222
895.9665,895.4938,0.4727155
895.9665,895.4938,0.4727137
895.9665,895.4938,0.4727131
895.9665,895.4938,0.4727007
895.9665,895.4938,0.4726923
895.9665,895.4938,0.4726787
895.9665,895.4938,0.4726766
895.9665,895.4938,0.4726648
895.9665,895.4938,0.4726507
895.9665,895.4939,0.4726406
895.9665,895.4939,0.4725742
895.9665,895.4939,0.4725733
895.9665,895.4939,0.4725731
895.9665,895.4939,0.4725701
895.9665,895.4939,0.4725667
895.9665,895.4939,0.4725644
895.9665,895.4939,0.472559
895.9665,895.4939,0.4725551
895.9665,895.4939,0.4725536
895.9665,895.4939,0.4725533
895.9665,895.4939,0.4725511
895.9665,895.494,0.4725446
895.9665,895.494,0.4725362
895.9665,895.494,0.4725188
895.9665,895.494,0.4725157
895.9665,895.494,0.4725116
895.9665,895.494,0.4725115
895.9665,895.494,0.4725075
895.9665,895.494,0.4725054
895.9665,895.494,0.4725025
895.9665,895.494,0.4725021
895.9665,895.494,0.4724965
895.9665,895.494,0.4724962
895.9665,895.494,0.472494
895.9665,895.494,0.4724926
895.9665,895.494,0.4724883
895.9665,895.494,0.4724677
895.9665,895.494,0.4724618
895.9665,895.494,0.4724594
895.9665,895.4941,0.4724444
895.9665,895.4941,0.4724401
895.9665,895.4941,0.4724213
895.9665,895.4941,0.4724198
895.9665,895.4941,0.472414
895.9665,895.4941,0.4723944
895.9665,895.4941,0.472387
895.9665,895.4941,0.4723832
895.9665,895.4941,0.4723822
895.9665,895.4941,0.4723806
895.9665,895.4941,0.4723786
895.9665,895.4941,0.4723676
895.9665,895.4941,0.4723628
895.9665,895.4941,0.4723535
895.9665,895.4941,0.4723508
895.9665,895.4942,0.4723389
895.9665,895.4942,0.4723351
895.9665,895.4942,0.4723334
895.9665,895.4942,0.4723329
895.9665,895.4942,0.47233
895.9665,895.4942,0.4723141
895.9665,895.4942,0.4723133
895.9665,895.4942,0.4722958
895.9665,895.4942,0.4722936
895.9665,895.4942,0.4722929
895.9665,895.4942,0.472283
895.9665,895.4942,0.4722696
895.9665,895.4942,0.4722673
895.9665,895.4942,0.4722659
895.9665,895.4942,0.4722501
895.9665,895.4943,0.4722423
895.9665,895.4943,0.4722134
895.9665,895.4943,0.4722132
895.9665,895.4943,0.47221
895.9665,895.4943,0.4722043
895.9665,895.4943,0.47219
895.9665,895.4943,0.472173
895.9665,895.4943,0.4721674
895.9665,895.4943,0.4721545
895.9665,895.4944,0.4721418
895.9665,895.4944,0.4721365
895.9665,895.4944,0.4721311
895.9665,895.4944,0.4721172
895.9665,895.4944,0.4721018
895.9665,895.4944,0.4720994
895.9665,895.4944,0.4720963
895.9665,895.4944,0.4720926
895.9665,895.4944,0.4720759
895.9665,895.4944,0.4720554
895.9665,895.4945,0.4720393
895.9665,895.4945,0.4720332
895.9665,895.4945,0.472018
895.9665,895.4945,0.4719806
895.9665,895.4945,0.4719674
895.9665,895.4945,0.4719643
895.9665,895.4945,0.4719609
895.9665,895.4946,0.4719268
895.9665,895.4946,0.4719264
895.9665,895.4946,0.4719259
895.9665,895.4946,0.4719238
895.9665,895.4946,0.4719171
895.9665,895.4946,0.4719149
895.9665,895.4946,0.4719
895.9665,895.4946,0.4718926
895.9665,895.4946,0.4718886
895.9665,895.4946,0.4718768
895.9665,895.4946,0.4718652
895.9665,895.4947,0.471846
895.9665,895.4947,0.4718451
895.9665,895.4947,0.4718397
895.9665,895.4947,0.4718375
895.9665,895.4947,0.471834
895.9665,895.4947,0.4718267
895.9665,895.4947,0.4718195
895.9665,895.4947,0.4718173
895.9665,895.4947,0.4718102
895.9665,895.4947,0.4718073
895.9665,895.4948,0.471746
895.9665,895.4948,0.4717362
895.9665,895.4948,0.4717238
895.9665,895.4948,0.4717235
895.9665,895.4948,0.4716833
895.9665,895.4948,0.4716771
895.9665,895.4948,0.4716719
895.9665,895.4949,0.471648
895.9665,895.4949,0.4716477
895.9665,895.4949,0.471635
895.9665,895.4949,0.4716274
895.9665,895.4949,0.4716161
895.9665,895.4949,0.4716158
895.9665,895.4949,0.4716079
895.9665,895.4949,0.4715989
895.9665,895.4949,0.4715922
895.9665,895.4949,0.4715828
895.9665,895.4949,0.471581
895.9665,895.4949,0.4715772
895.9665,895.4949,0.4715738
895.9665,895.4949,0.4715721
895.9665,895.4949,0.4715554
895.9665,895.495,0.4715314
895.9665,895.495,0.4715253
895.9665,895.495,0.4715231
895.9665,895.495,0.4715158
895.9665,895.495,0.4714911
895.9665,895.495,0.4714777
895.9665,895.495,0.4714749
895.9665,895.495,0.4714709
895.9665,895.495,0.4714706
895.9665,895.495,0.471461
895.9665,895.495,0.4714541
895.9665,895.495,0.471453
895.9665,895.4951,0.4714435
895.9665,895.4951,0.4714388
895.9665,895.4951,0.4714382
895.9665,895.4951,0.4714309
895.9665,895.4951,0.4714281
895.9665,895.4951,0.4713933
895.9665,895.4951,0.4713797
895.9665,895.4951,0.4713652
895.9665,895.4951,0.4713549
895.9665,895.4952,0.4713493
895.9665,895.4952,0.4713368
895.9665,895.4952,0.4713195
895.9665,895.4952,0.4713023
895.9665,895.4952,0.4712989
895.9665,895.4952,0.4712837
895.9665,895.4952,0.4712784
895.9665,895.4952,0.4712736
895.9665,895.4952,0.4712595
895.9665,895.4952,0.4712538
895.9665,895.4953,0.4712464
895.9665,895.4953,0.4712464
895.9665,895.4953,0.4712387
895.9665,895.4953,0.4712363
895.9665,895.4953,0.4712228
895.9665,895.4953,0.4712185
895.9665,895.4953,0.4712078
895.9665,895.4953,0.4712045
895.9665,895.4953,0.4711901
895.9665,895.4953,0.4711799
895.9665,895.4953,0.4711668
895.9665,895.4953,0.4711624
895.9665,895.4954,0.4711427
895.9665,895.4954,0.4711296
895.9665,895.4954,0.4711242
895.9665,895.4954,0.4711132
895.9665,895.4954,0.4710987
895.9665,895.4955,0.4710455
895.9665,895.4955,0.4710031
895.9665,895.4955,0.4709939
895.9665,895.4955,0.4709907
895.9665,895.4955,0.4709726
895.9665,895.4955,0.4709687
895.9665,895.4956,0.4709329
895.9665,895.4956,0.4708965
895.9665,895.4956,0.4708963
895.9665,895.4957,0.4708427
895.9665,895.4957,0.4708266
895.9665,895.4957,0.470822
895.9665,895.4957,0.4708194
895.9665,895.4957,0.4707724
895.9665,895.4957,0.4707625
895.9665,895.4957,0.4707585
895.9665,895.4957,0.4707578
895.9665,895.4958,0.4707459
895.9665,895.4958,0.4707363
895.9665,895.4958,0.4706952
895.9665,895.4958,0.4706882
895.9665,895.4958,0.4706816
895.9665,895.4958,0.470665
895.9665,895.4958,0.4706567
895.9665,895.4959,0.4706343
895.9665,895.4959,0.4706231
895.9665,895.4959,0.4706203
895.9665,895.4959,0.4706
895.9665,895.4959,0.470582
895.9665,895.496,0.4705284
895.9665,895.496,0.4705222
895.9665,895.496,0.4705166
895.9665,895.496,0.4705121
895.9665,895.496,0.4705119
895.9665,895.496,0.4704737
895.9665,895.4961,0.4703839
895.9665,895.4961,0.4703664
895.9665,895.4962,0.470275
895.9665,895.4962,0.4702648
895.9665,895.4963,0.4702236
895.9665,895.4963,0.4702202
895.9665,895.4963,0.4701786
895.9665,895.4964,0.4700941
895.9665,895.4964,0.4700745
895.9665,895.4964,0.4700647
895.9665,895.4964,0.4700618
895.9665,895.4965,0.4700359
895.9665,895.4965,0.4699925
895.9665,895.4966,0.4699419
895.9665,895.4966,0.4699302
895.9665,895.4966,0.4698736
895.9665,895.4967,0.4697662
895.9665,895.497,0.4694784
895.9665,895.4971,0.4693628
895.9665,895.4974,0.4691289
895.9665,895.4977,0.4688215
895.9665,895.4982,0.4682848
895.9665,895.4989,0.4675737
895.9665,895.4996,0.4668933
895.9665,895.5002,0.4663139
895.9665,895.5004,0.4661163
895.9665,895.5038,0.462744
895.9665,895.5076,0.4588781
895.9665,895.5557,0.4108105
895.9665,895.5558,0.4106686
895.9665,895.5824,0.3840864
895.9665,895.5963,0.3702006
895.9665,895.6148,0.3517133
895.9665,895.6363,0.3301539
895.9665,895.641,0.3254905
895.9665,895.6793,0.2872356
895.9665,895.7046,0.2619315
895.9665,895.7071,0.2594145
895.9665,895.7149,0.2516114
895.9665,895.7278,0.2386757
895.9665,895.7354,0.2310672
895.9665,895.7396,0.226882
895.9665,895.7419,0.2246043
895.9665,895.7425,0.2239659
895.9665,895.7428,0.2236566
895.9665,895.7431,0.2234421
895.9665,895.7433,0.2231962
895.9665,895.7434,0.223122
895.9665,895.7441,0.2224115
895.9665,895.7451,0.2214174
895.9665,895.7473,0.2191814
895.9665,895.7478,0.2186505
895.9665,895.7518,0.2146541
895.9665,895.7521,0.2144396
895.9665,895.7525,0.2140049
895.9665,895.7532,0.2132625
895.9665,895.7534,0.213128
895.9665,895.7538,0.2127249
895.9665,895.7539,0.2125549
895.9665,895.7543,0.2122051
895.9665,895.7546,0.2118563
895.9665,895.7551,0.2114178
895.9665,895.7575,0.2089592
895.9665,895.759,0.2074943
895.9665,895.7598,0.2067444
895.9665,895.7611,0.2053753
895.9665,895.7616,0.2048945
895.9665,895.7622,0.20431
895.9665,895.7626,0.2038606
895.9665,895.7629,0.2036189
895.9665,895.7638,0.2027411
895.9665,895.7644,0.2021063
895.9665,895.7645,0.2019903
895.9665,895.7647,0.2018355
895.9665,895.7655,0.2009761
895.9665,895.7659,0.2005636
895.9665,895.766,0.2005305
895.9665,895.766,0.200495
895.9665,895.7666,0.1999382
895.9665,895.7682,0.1983199
895.9665,895.7683,0.198163
895.9665,895.7685,0.197964
895.9665,895.7693,0.1971859
895.9665,895.7695,0.1969695
895.9665,895.7701,0.1964147
895.9665,895.7701,0.1963673
895.9665,895.7702,0.1962911
895.9665,895.7702,0.1962695
895.9665,895.7721,0.194419
895.9665,895.7724,0.1941203
895.9665,895.7728,0.1937243
895.9665,895.7737,0.1928399
895.9665,895.7741,0.1924257
895.9665,895.7752,0.1913245
895.9665,895.7754,0.191077
895.9665,895.7761,0.1904068
895.9665,895.7764,0.1901005
895.9665,895.7768,0.1896873
895.9665,895.7775,0.1890453
895.9665,895.779,0.1875385
895.9665,895.7794,0.1870555
895.9665,895.7796,0.1868735
895.9665,895.78,0.1865367
895.9665,895.7807,0.1858328
895.9665,895.7814,0.1850997
895.9665,895.783,0.183489
895.9665,895.7842,0.18228
895.9665,895.7879,0.1786485
895.9665,895.788,0.1785118
895.9665,895.7893,0.1771895
895.9665,895.79,0.1764574
895.9665,895.7933,0.1731727
895.9665,895.7946,0.1719176
895.9665,895.7961,0.1704259
895.9665,895.8011,0.1654475
895.9665,895.8021,0.1644091
895.9665,895.8038,0.1627414
895.9665,895.8121,0.15438
895.9665,895.8295,0.1370066
895.9665,896.0672,-0.1006908
895.9665,896.068,-0.1015066
895.9665,896.0685,-0.1019628
895.9665,896.0692,-0.1027464
895.9665,896.07,-0.1034577
895.9665,896.0709,-0.1044362
895.9665,896.0714,-0.104867
895.9665,896.0715,-0.105042
895.9665,896.0724,-0.1058891
895.9665,896.0729,-0.1064329
895.9665,896.0735,-0.1070041
895.9665,896.0735,-0.1070171
895.9665,896.0738,-0.1072966
895.9665,896.0739,-0.1073686
895.9665,896.0739,-0.1073797
895.9665,896.0742,-0.1076986
895.9665,896.0744,-0.1079282
895.9665,896.075,-0.1084808
895.9665,896.0757,-0.109238
895.9665,896.0761,-0.1096147
895.9665,896.077,-0.1105103
895.9665,896.0776,-0.1110507
895.9665,896.0777,-0.1112436
895.9665,896.0794,-0.1128694
895.9665,896.0795,-0.1129722
895.9665,896.0797,-0.113204
895.9665,896.0801,-0.1136459
895.9665,896.0803,-0.1138299
895.9665,896.0804,-0.1138844
895.9665,896.0813,-0.1148258
895.9665,896.0818,-0.1153251
895.9665,896.0822,-0.1157073
895.9665,896.0825,-0.1159769
895.9665,896.0832,-0.1167473
895.9665,896.084,-0.1174502
895.9665,896.0851,-0.1185814
895.9665,896.0852,-0.1186716
895.9665,896.0853,-0.1188223
895.9665,896.0856,-0.1190747
895.9665,896.0861,-0.1195737
895.9665,896.0867,-0.1201642
895.9665,896.0876,-0.1210529
895.9665,896.0876,-0.1211239
895.9665,896.0877,-0.1212122
895.9665,896.0882,-0.121696
895.9665,896.0885,-0.1219782
895.9665,896.0899,-0.1233511
895.9665,896.09,-0.1235106
895.9665,896.0903,-0.1237503
895.9665,896.0903,-0.1237762
895.9665,896.0903,-0.1238077
895.9665,896.0904,-0.1238737
895.9665,896.0904,-0.1238958
895.9665,896.0904,-0.123923
895.9665,896.091,-0.1244529
895.9665,896.0911,-0.1245683
895.9665,896.0912,-0.1246895
895.9665,896.0918,-0.1253347
895.9665,896.0919,-0.125362
895.9665,896.092,-0.1254663
895.9665,896.0925,-0.1259665
895.9665,896.0932,-0.1266583
895.9665,896.0932,-0.1266902
895.9665,896.0933,-0.1268461
895.9665,896.0936,-0.1271267
895.9665,896.0937,-0.1271743
895.9665,896.0938,-0.1272708
895.9665,896.0943,-0.1278192
895.9665,896.0943,-0.1278276
895.9665,896.0946,-0.1280696
895.9665,896.0946,-0.1281136
895.9665,896.0949,-0.1284262
895.9665,896.095,-0.1285041
895.9665,896.0953,-0.1288028
895.9665,896.0955,-0.1289733
895.9665,896.0956,-0.1290621
895.9665,896.0957,-0.1292101
895.9665,896.0958,-0.1292504
895.9665,896.0958,-0.1293107
895.9665,896.0959,-0.1293766
895.9665,896.096,-0.129535
895.9665,896.0962,-0.1297311
895.9665,896.0965,-0.1299592
895.9665,896.0965,-0.1299861
895.9665,896.0966,-0.1300811
895.9665,896.0966,-0.1300831
895.9665,896.0971,-0.1305705
895.9665,896.0976,-0.1311328
895.9665,896.0978,-0.1313199
895.9665,896.098,-0.1315002
895.9665,896.0983,-0.1317839
895.9665,896.0983,-0.1317992
895.9665,896.0985,-0.1320363
895.9665,896.0986,-0.1320808
895.9665,896.0989,-0.1324354
895.9665,896.099,-0.1324633
895.9665,896.0992,-0.1327224
895.9665,896.0993,-0.1328187
895.9665,896.0995,-0.1330294
895.9665,896.0996,-0.1331144
895.9665,896.0997,-0.1332227
895.9665,896.1002,-0.1337133
895.9665,896.1003,-0.1338197
895.9665,896.1005,-0.1340001
895.9665,896.1007,-0.1341851
895.9665,896.1007,-0.1342446
895.9665,896.1008,-0.1342505
895.9665,896.1008,-0.1343455
895.9665,896.1009,-0.1343545
895.9665,896.1009,-0.1343749
895.9665,896.1011,-0.1346237
895.9665,896.1013,-0.1347978
895.9665,896.1013,-0.1348029
895.9665,896.1013,-0.134831
895.9665,896.1014,-0.1349176
895.9665,896.1014,-0.1349184
895.9665,896.1015,-0.1349866
895.9665,896.1015,-0.1350374
895.9665,896.102,-0.1354604
895.9665,896.1021,-0.135567
895.9665,896.1022,-0.1356897
895.9665,896.1023,-0.1358473
895.9665,896.1026,-0.1361054
895.9665,896.1027,-0.1362421
895.9665,896.1028,-0.1362643
895.9665,896.1028,-0.1362782
895.9665,896.103,-0.1364889
895.9665,896.1031,-0.1366219
895.9665,896.1032,-0.1367054
895.9665,896.1033,-0.1367576
895.9665,896.1036,-0.1370648
895.9665,896.1037,-0.1371654
895.9665,896.1038,-0.137315
895.9665,896.1041,-0.1376368
895.9665,896.1045,-0.137995
895.9665,896.1046,-0.1380781
895.9665,896.105,-0.1384869
895.9665,896.1053,-0.1387582
895.9665,896.1056,-0.1391417
895.9665,896.1058,-0.1392634
895.9665,896.1059,-0.1394077
895.9665,896.1065,-0.1399677
895.9665,896.1065,-0.1399748
895.9665,896.1067,-0.1402244
895.9665,896.1079,-0.1413861
895.9665,896.1079,-0.1414453
895.9665,896.108,-0.141479
895.9665,896.1084,-0.1418561
895.9665,896.1085,-0.1419555
895.9665,896.1086,-0.1421459
895.9665,896.1087,-0.1422061
895.9665,896.1088,-0.1423028
895.9665,896.1089,-0.1424346
895.9665,896.1092,-0.1426865
895.9665,896.1093,-0.1427865
895.9665,896.1095,-0.1430401
895.9665,896.1098,-0.1433353
895.9665,896.1098,-0.1433436
895.9665,896.11,-0.1434502
895.9665,896.1104,-0.1438827
895.9665,896.1105,-0.1440176
895.9665,896.1116,-0.1451282
895.9665,896.1119,-0.1453778
895.9665,896.1119,-0.1454367
895.9665,896.1124,-0.145929
895.9665,896.1135,-0.1470252
895.9665,896.1137,-0.1471537
895.9665,896.1146,-0.1480926
895.9665,896.115,-0.1484977
895.9665,896.1155,-0.1489994
895.9665,896.116,-0.1495067
895.9665,896.1163,-0.1498314
895.9665,896.1166,-0.1500643
895.9665,896.1179,-0.1514028
895.9665,896.1215,-0.1549929
895.9665,896.122,-0.1555283
895.9665,896.1232,-0.1567022
895.9665,896.1267,-0.160166
895.9665,896.1379,-0.1714317
895.9665,896.1382,-0.1717493
895.9665,896.1426,-0.1761138
895.9665,896.1452,-0.1786538
895.9665,896.1462,-0.1796555
895.9665,896.1469,-0.180422
895.9665,896.1653,-0.1988426
895.9665,896.172,-0.2054623
895.9665,896.1861,-0.2195963
895.9665,896.2025,-0.2360315
895.9665,896.2042,-0.237658
895.9665,896.2222,-0.2556815
895.9665,896.2292,-0.2627141
895.9665,896.2337,-0.2672335
895.9665,896.2422,-0.275749
895.9665,896.2457,-0.2791883
895.9665,896.2467,-0.2802205
895.9665,896.2479,-0.281396
895.9665,896.2512,-0.2847043
895.9665,896.2534,-0.2868729
895.9665,896.2537,-0.2872318
895.9665,896.2546,-0.2881311
895.9665,896.257,-0.2904797
895.9665,896.2581,-0.2915905
895.9665,896.2593,-0.2928052
895.9665,896.2601,-0.2935734
895.9665,896.2629,-0.2963922
895.9665,896.2648,-0.2983218
895.9665,896.265,-0.2984784
895.9665,896.2655,-0.299014
895.9665,896.3958,-0.4293137
895.9665,896.4036,-0.4370926
895.9665,896.4302,-0.4637045
895.9665,896.4306,-0.4641326
895.9665,896.4387,-0.4721628
895.9665,896.4414,-0.4749244
895.9665,896.4415,-0.4750191
895.9665,896.4415,-0.475026
895.9665,896.4417,-0.4751988
895.9665,896.4423,-0.4758404
895.9665,896.4428,-0.4762805
895.9665,896.4434,-0.4768738
895.9665,896.445,-0.4784696
895.9665,896.4454,-0.4789203
895.9665,896.4455,-0.4790322
895.9665,896.4457,-0.4792439
895.9665,896.4467,-0.4802018
895.9665,896.4469,-0.4803614
895.9665,896.447,-0.4805087
895.9665,896.4475,-0.4810396
895.9665,896.4478,-0.4813006
895.9665,896.448,-0.4815062
895.9665,896.4481,-0.4815613
895.9665,896.4481,-0.4815657
895.9665,896.4482,-0.4817153
895.9665,896.4483,-0.4818003
895.9665,896.4483,-0.4818094
895.9665,896.4484,-0.4818595
895.9665,896.4486,-0.4821371
895.9665,896.4487,-0.4821645
895.9665,896.4488,-0.4822518
895.9665,896.4488,-0.4823243
895.9665,896.4488,-0.4823406
895.9665,896.4489,-0.4823943
895.9665,896.4489,-0.4824124
895.9665,896.449,-0.4825034
895.9665,896.4491,-0.4825815
895.9665,896.4491,-0.4825991
895.9665,896.4492,-0.4826627
895.9665,896.4494,-0.4829037
895.9665,896.4496,-0.4830778
895.9665,896.4496,-0.4831425
895.9665,896.4497,-0.4831624
895.9665,896.4497,-0.4832035
895.9665,896.4497,-0.4832071
895.9665,896.4498,-0.4833221
895.9665,896.4499,-0.4833633
895.9665,896.4499,-0.4834279
895.9665,896.45,-0.4835335
895.9665,896.45,-0.4835488
895.9665,896.4501,-0.4835525
895.9665,896.4501,-0.4835642
895.9665,896.4501,-0.4835899
895.9665,896.4501,-0.4836379
895.9665,896.4502,-0.4836515
895.9665,896.4502,-0.4836659
895.9665,896.4502,-0.4836909
895.9665,896.4502,-0.4837153
895.9665,896.4503,-0.483773
895.9665,896.4503,-0.4837942
895.9665,896.4504,-0.4839072
895.9665,896.4504,-0.4839243
895.9665,896.4505,-0.4839522
895.9665,896.4505,-0.4840099
895.9665,896.4506,-0.4841332
895.9665,896.4506,-0.4841465
895.9665,896.4507,-0.4841578
895.9665,896.4508,-0.4842919
895.9665,896.4509,-0.4843634
895.9665,896.4509,-0.484406
895.9665,896.4509,-0.4844301
895.9665,896.4511,-0.4845596
895.9665,896.4511,-0.4845709
895.9665,896.4511,-0.4845735
895.9665,896.4511,-0.4846145
895.9665,896.4512,-0.4847105
895.9665,896.4512,-0.4847134
895.9665,896.4513,-0.484752
895.9665,896.4513,-0.4847612
895.9665,896.4513,-0.484778
895.9665,896.4513,-0.4848146
895.9665,896.4513,-0.4848268
895.9665,896.4513,-0.484839
895.9665,896.4514,-0.4848518
895.9665,896.4514,-0.4848785
895.9665,896.4514,-0.4848789
895.9665,896.4514,-0.4849009
895.9665,896.4514,-0.4849013
895.9665,896.4515,-0.4849751
895.9665,896.4515,-0.484987
895.9665,896.4516,-0.4850624
895.9665,896.4516,-0.4851091
895.9665,896.4516,-0.4851102
895.9665,896.4516,-0.4851128
895.9665,896.4516,-0.4851458
895.9665,896.4517,-0.4851723
895.9665,896.4518,-0.4852595
895.9665,896.4518,-0.4852669
895.9665,896.4518,-0.4852951
895.9665,896.4518,-0.4853262
895.9665,896.4518,-0.485333
895.9665,896.4519,-0.4854063
895.9665,896.4519,-0.4854322
895.9665,896.4519,-0.4854457
895.9665,896.452,-0.4854903
895.9665,896.452,-0.485494
895.9665,896.452,-0.4855109
895.9665,896.452,-0.4855282
895.9665,896.4521,-0.4855614
895.9665,896.4521,-0.4855707
895.9665,896.4521,-0.4855785
895.9665,896.4521,-0.4855883
895.9665,896.4521,-0.4856206
895.9665,896.4521,-0.4856374
895.9665,896.4522,-0.4856955
895.9665,896.4522,-0.48571
895.9665,896.4522,-0.4857108
895.9665,896.4522,-0.4857112
895.9665,896.4522,-0.4857128
895.9665,896.4522,-0.4857161
895.9665,896.4522,-0.4857239
895.9665,896.4522,-0.4857277
895.9665,896.4523,-0.4857631
895.9665,896.4523,-0.4857904
895.9665,896.4524,-0.4858844
895.9665,896.4524,-0.4858851
895.9665,896.4525,-0.4859588
895.9665,896.4525,-0.486024
895.9665,896.4526,-0.4861328
895.9665,896.4526,-0.4861412
895.9665,896.4526,-0.486144
895.9665,896.4527,-0.4861517
895.9665,896.4527,-0.4861535
895.9665,896.4527,-0.4861591
895.9665,896.4527,-0.4861917
895.9665,896.4527,-0.4862142
895.9665,896.4527,-0.4862272
895.9665,896.4527,-0.4862389
895.9665,896.4528,-0.486278
895.9665,896.4528,-0.486279
895.9665,896.4528,-0.4862803
895.9665,896.4529,-0.4863544
895.9665,896.4529,-0.4863916
895.9665,896.4529,-0.486398
895.9665,896.4529,-0.4864162
895.9665,896.4529,-0.4864222
895.9665,896.4529,-0.486426
895.9665,896.4529,-0.4864374
895.9665,896.4529,-0.4864438
895.9665,896.453,-0.4864551
895.9665,896.453,-0.4864705
895.9665,896.453,-0.486489
895.9665,896.453,-0.4865105
895.9665,896.453,-0.4865133
895.9665,896.453,-0.4865276
895.9665,896.453,-0.486531
895.9665,896.453,-0.4865448
895.9665,896.4531,-0.4865582
895.9665,896.4531,-0.4865631
895.9665,896.4531,-0.4865816
895.9665,896.4531,-0.4866004
895.9665,896.4531,-0.486615
895.9665,896.4531,-0.4866373
895.9665,896.4531,-0.4866404
895.9665,896.4531,-0.4866407
895.9665,896.4531,-0.4866433
895.9665,896.4532,-0.4866799
895.9665,896.4532,-0.4866935
895.9665,896.4532,-0.4867247
895.9665,896.4532,-0.4867353
895.9665,896.4533,-0.4867694
895.9665,896.4533,-0.486795
895.9665,896.4533,-0.4867974
895.9665,896.4533,-0.4868077
895.9665,896.4533,-0.4868079
895.9665,896.4533,-0.4868309
895.9665,896.4533,-0.4868453
895.9665,896.4534,-0.4868528
895.9665,896.4534,-0.4868948
895.9665,896.4534,-0.4869004
895.9665,896.4534,-0.4869439
895.9665,896.4535,-0.4869517
895.9665,896.4535,-0.4869556
895.9665,896.4535,-0.4869658
895.9665,896.4535,-0.4869875
895.9665,896.4535,-0.4870123
895.9665,896.4536,-0.4870869
895.9665,896.4536,-0.4870902
895.9665,896.4536,-0.4870903
895.9665,896.4536,-0.4871288
895.9665,896.4537,-0.487166
895.9665,896.4537,-0.4871975
895.9665,896.4537,-0.4872156
895.9665,896.4537,-0.4872282
895.9665,896.4537,-0.4872358
895.9665,896.4537,-0.4872369
895.9665,896.4537,-0.4872439
895.9665,896.4538,-0.4872799
895.9665,896.4538,-0.4872843
895.9665,896.4538,-0.4872905
895.9665,896.4538,-0.487321
895.9665,896.4538,-0.4873251
895.9665,896.4538,-0.4873355
895.9665,896.4538,-0.4873425
895.9665,896.4539,-0.4873543
895.9665,896.4539,-0.4873558
895.9665,896.4539,-0.4873706
895.9665,896.4539,-0.4873723
895.9665,896.4539,-0.4873805
895.9665,896.4539,-0.4873816
895.9665,896.4539,-0.4874379
895.9665,896.4539,-0.4874401
895.9665,896.4539,-0.4874469
895.9665,896.454,-0.4874662
895.9665,896.454,-0.4874793
895.9665,896.454,-0.4874963
895.9665,896.454,-0.4875207
895.9665,896.454,-0.4875255
895.9665,896.454,-0.4875279
895.9665,896.454,-0.487529
895.9665,896.4541,-0.487551
895.9665,896.4541,-0.4875682
895.9665,896.4541,-0.4875783
895.9665,896.4541,-0.4875882
895.9665,896.4541,-0.4875959
895.9665,896.4541,-0.4876067
895.9665,896.4541,-0.4876069
895.9665,896.4541,-0.4876088
895.9665,896.4541,-0.4876143
895.9665,896.4541,-0.4876199
895.9665,896.4541,-0.4876232
895.9665,896.4541,-0.4876244
895.9665,896.4541,-0.4876286
895.9665,896.4541,-0.487635
895.9665,896.4541,-0.4876376
895.9665,896.4542,-0.4876547
895.9665,896.4542,-0.4876569
895.9665,896.4542,-0.4876752
895.9665,896.4542,-0.487706
895.9665,896.4542,-0.4877231
895.9665,896.4543,-0.487759
895.9665,896.4543,-0.487762
895.9665,896.4543,-0.487767
895.9665,896.4543,-0.4877919
895.9665,896.4543,-0.4878092
895.9665,896.4543,-0.4878221
895.9665,896.4543,-0.487835
895.9665,896.4543,-0.4878374
895.9665,896.4544,-0.4878529
895.9665,896.4544,-0.4878623
895.9665,896.4544,-0.48787
895.9665,896.4544,-0.4878757
895.9665,896.4544,-0.4878784
895.9665,896.4544,-0.4879289
895.9665,896.4544,-0.4879391
895.9665,896.4544,-0.4879488
895.9665,896.4545,-0.4879806
895.9665,896.4545,-0.4880124
895.9665,896.4545,-0.4880141
895.9665,896.4545,-0.488019
895.9665,896.4545,-0.4880205
895.9665,896.4545,-0.4880246
895.9665,896.4545,-0.4880322
895.9665,896.4545,-0.4880378
895.9665,896.4545,-0.4880379
895.9665,896.4545,-0.4880414
895.9665,896.4545,-0.4880418
895.9665,896.4545,-0.4880484
895.9665,896.4546,-0.4880528
895.9665,896.4546,-0.4880596
895.9665,896.4546,-0.4880698
895.9665,896.4546,-0.4880834
895.9665,896.4546,-0.4880947
895.9665,896.4546,-0.4881288
895.9665,896.4546,-0.4881298
895.9665,896.4546,-0.4881335
895.9665,896.4547,-0.4881631
895.9665,896.4547,-0.4882204
895.9665,896.4548,-0.4882529
895.9665,896.4548,-0.4882728
895.9665,896.4548,-0.4882853
895.9665,896.4548,-0.4882913
895.9665,896.4548,-0.4882922
895.9665,896.4548,-0.4883097
895.9665,896.4548,-0.4883125
895.9665,896.4548,-0.4883194
895.9665,896.4549,-0.4883625
895.9665,896.4549,-0.48838
895.9665,896.4549,-0.4883886
895.9665,896.4549,-0.4883898
895.9665,896.4549,-0.4883908
895.9665,896.4549,-0.4884046
895.9665,896.4549,-0.4884083
895.9665,896.4549,-0.4884086
895.9665,896.4549,-0.4884246
895.9665,896.4549,-0.4884309
895.9665,896.4549,-0.4884443
895.9665,896.455,-0.4884571
895.9665,896.455,-0.4885232
895.9665,896.4551,-0.4886037
895.9665,896.4551,-0.4886208
895.9665,896.4552,-0.4886529
895.9665,896.4552,-0.488672
895.9665,896.4552,-0.4886741
895.9665,896.4552,-0.4887004
895.9665,896.4552,-0.4887095
895.9665,896.4552,-0.4887241
895.9665,896.4553,-0.4887573
895.9665,896.4553,-0.4887786
895.9665,896.4553,-0.4887876
895.9665,896.4553,-0.4887886
895.9665,896.4553,-0.4887964
895.9665,896.4553,-0.4888163
895.9665,896.4553,-0.4888358
895.9665,896.4554,-0.4888571
895.9665,896.4554,-0.4888731
895.9665,896.4554,-0.4888759
895.9665,896.4554,-0.4888857
895.9665,896.4554,-0.4888965
895.9665,896.4554,-0.4889106
895.9665,896.4554,-0.4889107
895.9665,896.4554,-0.4889225
895.9665,896.4554,-0.4889285
895.9665,896.4554,-0.4889334
895.9665,896.4554,-0.4889358
895.9665,896.4555,-0.488964
895.9665,896.4555,-0.4889671
895.9665,896.4555,-0.4889711
895.9665,896.4555,-0.4889774
895.9665,896.4555,-0.4889857
895.9665,896.4555,-0.4889931
895.9665,896.4555,-0.4889992
895.9665,896.4555,-0.4890192
895.9665,896.4555,-0.4890297
895.9665,896.4555,-0.4890375
895.9665,896.4555,-0.489047
895.9665,896.4556,-0.4890531
895.9665,896.4556,-0.4890713
895.9665,896.4556,-0.4890831
895.9665,896.4556,-0.4890963
895.9665,896.4556,-0.4891019
895.9665,896.4556,-0.4891238
895.9665,896.4556,-0.4891282
895.9665,896.4556,-0.489139
895.9665,896.4557,-0.4891647
895.9665,896.4557,-0.4891648
895.9665,896.4557,-0.4891732
895.9665,896.4557,-0.4891795
895.9665,896.4557,-0.4891806
895.9665,896.4557,-0.489182
895.9665,896.4557,-0.4891824
895.9665,896.4557,-0.489198
895.9665,896.4557,-0.4892173
895.9665,896.4557,-0.4892303
895.9665,896.4558,-0.4892633
895.9665,896.4558,-0.4892971
895.9665,896.4558,-0.4893116
895.9665,896.4558,-0.4893169
895.9665,896.4558,-0.4893174
895.9665,896.4558,-0.4893197
895.9665,896.4558,-0.4893239
895.9665,896.4558,-0.4893296
895.9665,896.4558,-0.4893367
895.9665,896.4558,-0.4893423
895.9665,896.4558,-0.4893446
895.9665,896.4558,-0.4893463
895.9665,896.4559,-0.489383
895.9665,896.4559,-0.4893948
895.9665,896.4559,-0.4893983
895.9665,896.4559,-0.4893985
895.9665,896.4559,-0.4894047
895.9665,896.4559,-0.4894316
895.9665,896.4559,-0.4894372
895.9665,896.456,-0.4894615
895.9665,896.456,-0.4894637
895.9665,896.456,-0.4894938
895.9665,896.456,-0.4894971
895.9665,896.456,-0.4895226
895.9665,896.456,-0.4895271
895.9665,896.456,-0.4895432
895.9665,896.4561,-0.4895706
895.9665,896.4561,-0.4895961
895.9665,896.4561,-0.4896144
895.9665,896.4561,-0.4896148
895.9665,896.4561,-0.489632
895.9665,896.4562,-0.4896573
895.9665,896.4562,-0.4896735
895.9665,896.4562,-0.489674
895.9665,896.4562,-0.4896797
895.9665,896.4562,-0.4896898
895.9665,896.4562,-0.4896901
895.9665,896.4562,-0.4897242
895.9665,896.4562,-0.489728
895.9665,896.4563,-0.4898025
895.9665,896.4563,-0.4898174
895.9665,896.4563,-0.4898203
895.9665,896.4563,-0.4898241
895.9665,896.4563,-0.4898299
895.9665,896.4563,-0.4898408
895.9665,896.4564,-0.4898577
895.9665,896.4564,-0.489862
895.9665,896.4564,-0.4898664
895.9665,896.4564,-0.4898726
895.9665,896.4564,-0.4898848
895.9665,896.4564,-0.4899006
895.9665,896.4564,-0.4899074
895.9665,896.4564,-0.4899184
895.9665,896.4564,-0.4899188
895.9665,896.4564,-0.4899244
895.9665,896.4564,-0.4899371
895.9665,896.4564,-0.4899394
895.9665,896.4565,-0.4899583
895.9665,896.4565,-0.4899636
895.9665,896.4565,-0.4900126
895.9665,896.4565,-0.4900165
895.9665,896.4565,-0.4900268
895.9665,896.4565,-0.4900293
895.9665,896.4565,-0.4900315
895.9665,896.4565,-0.4900461
895.9665,896.4566,-0.4900593
895.9665,896.4566,-0.4900698
895.9665,896.4566,-0.490085
895.9665,896.4566,-0.4900921
895.9665,896.4566,-0.4900963
895.9665,896.4566,-0.4901033
895.9665,896.4566,-0.4901334
895.9665,896.4566,-0.490134
895.9665,896.4566,-0.490136
895.9665,896.4567,-0.4901608
895.9665,896.4567,-0.4901673
895.9665,896.4567,-0.4901677
895.9665,896.4567,-0.4901683
895.9665,896.4567,-0.4901806
895.9665,896.4567,-0.4901867
895.9665,896.4567,-0.4902056
895.9665,896.4567,-0.4902107
895.9665,896.4567,-0.4902343
895.9665,896.4567,-0.4902389
895.9665,896.4567,-0.490249
895.9665,896.4568,-0.490263
895.9665,896.4568,-0.4902633
895.9665,896.4568,-0.490266
895.9665,896.4568,-0.4902677
895.9665,896.4568,-0.4902787
895.9665,896.4568,-0.4902828
895.9665,896.4568,-0.4902962
895.9665,896.4568,-0.4903013
895.9665,896.4568,-0.4903204
895.9665,896.4568,-0.4903279
895.9665,896.4568,-0.4903309
895.9665,896.4568,-0.4903335
895.9665,896.4569,-0.4903645
895.9665,896.4569,-0.490366
895.9665,896.4569,-0.4903827
895.9665,896.4569,-0.4903853
895.9665,896.4569,-0.4903968
895.9665,896.4569,-0.4904133
895.9665,896.4569,-0.4904158
895.9665,896.4569,-0.4904303
895.9665,896.4569,-0.4904354
895.9665,896.4569,-0.4904399
895.9665,896.457,-0.4904595
895.9665,896.457,-0.4904703
895.9665,896.457,-0.4904773
895.9665,896.457,-0.4904958
895.9665,896.457,-0.4905017
895.9665,896.457,-0.4905155
895.9665,896.457,-0.4905209
895.9665,896.457,-0.4905248
895.9665,896.457,-0.4905296
895.9665,896.457,-0.4905325
895.9665,896.457,-0.4905347
895.9665,896.4571,-0.4905617
895.9665,896.4571,-0.4905698
895.9665,896.4571,-0.490572
895.9665,896.4571,-0.4905738
895.9665,896.4571,-0.490576
895.9665,896.4571,-0.4905833
895.9665,896.4571,-0.4905835
895.9665,896.4571,-0.4906105
895.9665,896.4571,-0.4906115
895.9665,896.4571,-0.4906195
895.9665,896.4571,-0.4906216
895.9665,896.4571,-0.490625
895.9665,896.4571,-0.4906332
895.9665,896.4571,-0.4906341
895.9665,896.4571,-0.4906473
895.9665,896.4572,-0.4906545
895.9665,896.4572,-0.4906696
895.9665,896.4572,-0.4906734
895.9665,896.4572,-0.4906952
895.9665,896.4572,-0.4907116
895.9665,896.4572,-0.4907127
895.9665,896.4572,-0.4907349
895.9665,896.4572,-0.4907495
895.9665,896.4573,-0.49075
895.9665,896.4573,-0.4907556
895.9665,896.4573,-0.4907602
895.9665,896.4573,-0.4907653
895.9665,896.4573,-0.4907706
895.9665,896.4573,-0.4907732
895.9665,896.4573,-0.4907759
895.9665,896.4573,-0.4907781
895.9665,896.4573,-0.4907845
895.9665,896.4573,-0.4907954
895.9665,896.4573,-0.4908001
895.9665,896.4573,-0.4908071
895.9665,896.4573,-0.4908107
895.9665,896.4573,-0.4908137
895.9665,896.4573,-0.4908312
895.9665,896.4573,-0.4908338
895.9665,896.4573,-0.4908439
895.9665,896.4574,-0.4908541
895.9665,896.4574,-0.4908742
895.9665,896.4574,-0.4908858
895.9665,896.4574,-0.4908895
895.9665,896.4574,-0.4908993
895.9665,896.4574,-0.4909017
895.9665,896.4574,-0.4909031
895.9665,896.4574,-0.4909108
895.9665,896.4574,-0.4909141
895.9665,896.4574,-0.4909181
895.9665,896.4574,-0.4909257
895.9665,896.4574,-0.4909264
895.9665,896.4574,-0.4909271
895.9665,896.4574,-0.4909303
895.9665,896.4574,-0.4909359
895.9665,896.4574,-0.4909404
895.9665,896.4574,-0.4909406
895.9665,896.4575,-0.4909636
895.9665,896.4575,-0.490979
895.9665,896.4575,-0.4909844
895.9665,896.4575,-0.4909869
895.9665,896.4575,-0.4909924
895.9665,896.4575,-0.490999
895.9665,896.4575,-0.4910045
895.9665,896.4575,-0.4910115
895.9665,896.4575,-0.4910191
895.9665,896.4575,-0.4910292
895.9665,896.4576,-0.4910536
895.9665,896.4576,-0.491054
895.9665,896.4576,-0.4910621
895.9665,896.4576,-0.4910625
895.9665,896.4576,-0.4910703
895.9665,896.4576,-0.4910768
895.9665,896.4576,-0.4910825
895.9665,896.4576,-0.4910828
895.9665,896.4576,-0.4910876
895.9665,896.4576,-0.4910884
895.9665,896.4576,-0.4910932
895.9665,896.4576,-0.4911123
895.9665,896.4576,-0.4911176
895.9665,896.4576,-0.4911343
895.9665,896.4576,-0.491145
895.9665,896.4576,-0.4911466
895.9665,896.4577,-0.4911501
895.9665,896.4577,-0.4911552
895.9665,896.4577,-0.4911654
895.9665,896.4577,-0.4911712
895.9665,896.4577,-0.491193
895.9665,896.4577,-0.4911992
895.9665,896.4577,-0.4912144
895.9665,896.4577,-0.4912158
895.9665,896.4577,-0.4912215
895.9665,896.4577,-0.491229
895.9665,896.4577,-0.4912394
895.9665,896.4577,-0.4912398
895.9665,896.4577,-0.4912451
895.9665,896.4577,-0.4912462
895.9665,896.4577,-0.4912471
895.9665,896.4578,-0.4912542
895.9665,896.4578,-0.4912562
895.9665,896.4578,-0.4912714
895.9665,896.4578,-0.4912946
895.9665,896.4578,-0.4913062
895.9665,896.4578,-0.4913068
895.9665,896.4578,-0.4913094
895.9665,896.4578,-0.4913114
895.9665,896.4578,-0.4913146
895.9665,896.4578,-0.4913156
895.9665,896.4578,-0.4913163
895.9665,896.4578,-0.4913292
895.9665,896.4578,-0.4913338
895.9665,896.4578,-0.4913474
895.9665,896.4579,-0.4913566
895.9665,896.4579,-0.4913611
895.9665,896.4579,-0.4913641
895.9665,896.4579,-0.4913644
895.9665,896.4579,-0.4913653
895.9665,896.4579,-0.4913754
895.9665,896.4579,-0.4913794
895.9665,896.4579,-0.4913864
895.9665,896.4579,-0.4913997
895.9665,896.4579,-0.491403
895.9665,896.4579,-0.4914228
895.9665,896.4579,-0.4914422
895.9665,896.458,-0.4914539
895.9665,896.458,-0.4914581
895.9665,896.458,-0.49147
895.9665,896.458,-0.4914707
895.9665,896.458,-0.4914711
895.9665,896.458,-0.4914765
895.9665,896.458,-0.4914786
895.9665,896.458,-0.4914907
895.9665,896.458,-0.4914973
895.9665,896.458,-0.491515
895.9665,896.458,-0.4915172
895.9665,896.458,-0.4915174
895.9665,896.458,-0.4915194
895.9665,896.458,-0.4915272
895.9665,896.458,-0.4915308
895.9665,896.458,-0.4915352
895.9665,896.458,-0.4915392
895.9665,896.458,-0.4915398
895.9665,896.458,-0.4915465
895.9665,896.4581,-0.4915508
895.9665,896.4581,-0.4915549
895.9665,896.4581,-0.4915594
895.9665,896.4581,-0.4915626
895.9665,896.4581,-0.4915678
895.9665,896.4581,-0.4915681
895.9665,896.4581,-0.4915689
895.9665,896.4581,-0.4915788
895.9665,896.4581,-0.4915811
895.9665,896.4581,-0.4915948
895.9665,896.4581,-0.4915948
895.9665,896.4581,-0.4915963
895.9665,896.4581,-0.4915969
895.9665,896.4581,-0.4916037
895.9665,896.4581,-0.4916048
895.9665,896.4581,-0.4916108
895.9665,896.4581,-0.4916126
895.9665,896.4581,-0.491615
895.9665,896.4581,-0.4916151
895.9665,896.4581,-0.4916202
895.9665,896.4581,-0.4916265
895.9665,896.4581,-0.4916274
895.9665,896.4581,-0.4916326
895.9665,896.4581,-0.4916329
895.9665,896.4581,-0.4916364
895.9665,896.4581,-0.4916395
895.9665,896.4581,-0.491641
895.9665,896.4582,-0.4916516
895.9665,896.4582,-0.4916538
895.9665,896.4582,-0.4916564
895.9665,896.4582,-0.4916624
895.9665,896.4582,-0.4916684
895.9665,896.4582,-0.4916722
895.9665,896.4582,-0.4916723
895.9665,896.4582,-0.4916727
895.9665,896.4582,-0.4916821
895.9665,896.4582,-0.491685
895.9665,896.4582,-0.4916883
895.9665,896.4582,-0.491693
895.9665,896.4582,-0.4917052
895.9665,896.4582,-0.4917336
895.9665,896.4582,-0.4917347
895.9665,896.4582,-0.4917363
895.9665,896.4582,-0.4917369
895.9665,896.4582,-0.4917378
895.9665,896.4582,-0.4917467
895.9665,896.4583,-0.4917504
895.9665,896.4583,-0.4917671
895.9665,896.4583,-0.4917778
895.9665,896.4583,-0.4917806
895.9665,896.4583,-0.4917807
895.9665,896.4583,-0.491781
895.9665,896.4583,-0.4917848
895.9665,896.4583,-0.4917886
895.9665,896.4583,-0.4917901
895.9665,896.4583,-0.4917912
895.9665,896.4583,-0.4917924
895.9665,896.4583,-0.4917954
895.9665,896.4583,-0.4918073
895.9665,896.4583,-0.4918144
895.9665,896.4583,-0.4918315
895.9665,896.4583,-0.4918424
895.9665,896.4583,-0.491848
895.9665,896.4583,-0.4918498
895.9665,896.4584,-0.491853
895.9665,896.4584,-0.4918579
895.9665,896.4584,-0.4918759
895.9665,896.4584,-0.4918819
895.9665,896.4584,-0.4918828
895.9665,896.4584,-0.4918855
895.9665,896.4584,-0.4918905
895.9665,896.4584,-0.4918923
895.9665,896.4584,-0.4918934
895.9665,896.4584,-0.4919021
895.9665,896.4584,-0.4919027
895.9665,896.4584,-0.4919037
895.9665,896.4584,-0.4919062
895.9665,896.4584,-0.491912
895.9665,896.4584,-0.4919149
895.9665,896.4584,-0.4919159
895.9665,896.4584,-0.4919212
895.9665,896.4584,-0.4919282
895.9665,896.4584,-0.4919334
895.9665,896.4585,-0.491952
895.9665,896.4585,-0.4919676
895.9665,896.4585,-0.4919696
895.9665,896.4585,-0.4919704
895.9665,896.4585,-0.4919712
895.9665,896.4585,-0.4919802
895.9665,896.4585,-0.4919829
895.9665,896.4585,-0.4919968
895.9665,896.4585,-0.4919969
895.9665,896.4585,-0.4920054
895.9665,896.4585,-0.4920072
895.9665,896.4585,-0.4920076
895.9665,896.4585,-0.4920174
895.9665,896.4585,-0.4920212
895.9665,896.4585,-0.4920255
895.9665,896.4585,-0.4920277
895.9665,896.4585,-0.4920374
895.9665,896.4585,-0.4920417
895.9665,896.4586,-0.492068
895.9665,896.4586,-0.4920683
895.9665,896.4586,-0.4920715
895.9665,896.4586,-0.492073
895.9665,896.4586,-0.4920742
895.9665,896.4586,-0.4920753
895.9665,896.4586,-0.4920865
895.9665,896.4586,-0.4920896
895.9665,896.4586,-0.4920934
895.9665,896.4586,-0.4921011
895.9665,896.4586,-0.4921068
895.9665,896.4586,-0.492118
895.9665,896.4586,-0.4921185
895.9665,896.4586,-0.4921211
895.9665,896.4586,-0.4921216
895.9665,896.4586,-0.4921281
895.9665,896.4586,-0.4921443
895.9665,896.4586,-0.4921446
895.9665,896.4586,-0.4921468
895.9665,896.4586,-0.4921478
895.9665,896.4586,-0.4921495
895.9665,896.4587,-0.4921573
895.9665,896.4587,-0.4921574
895.9665,896.4587,-0.4921609
895.9665,896.4587,-0.4921692
895.9665,896.4587,-0.4921712
895.9665,896.4587,-0.4921759
895.9665,896.4587,-0.492181
895.9665,896.4587,-0.4921919
895.9665,896.4587,-0.4922082
895.9665,896.4587,-0.4922104
895.9665,896.4587,-0.4922141
895.9665,896.4587,-0.4922187
895.9665,896.4587,-0.4922204
895.9665,896.4587,-0.4922221
895.9665,896.4587,-0.4922251
895.9665,896.4587,-0.4922263
895.9665,896.4587,-0.4922285
895.9665,896.4588,-0.492263
895.9665,896.4588,-0.4922678
895.9665,896.4588,-0.4922731
895.9665,896.4588,-0.4922809
895.9665,896.4588,-0.4923207
895.9665,896.4588,-0.4923439
895.9665,896.4589,-0.492354
895.9665,896.4589,-0.4923589
895.9665,896.4589,-0.4923689
895.9665,896.4589,-0.4923715
895.9665,896.4589,-0.4923902
895.9665,896.4589,-0.4923925
895.9665,896.4589,-0.4923964
895.9665,896.4589,-0.4923988
895.9665,896.4589,-0.492401
895.9665,896.4589,-0.4924086
895.9665,896.4589,-0.4924112
895.9665,896.4589,-0.4924113
895.9665,896.4589,-0.492413
895.9665,896.4589,-0.4924131
895.9665,896.4589,-0.4924166
895.9665,896.4589,-0.4924177
895.9665,896.4589,-0.4924209
895.9665,896.4589,-0.4924242
895.9665,896.4589,-0.4924264
895.9665,896.4589,-0.4924302
895.9665,896.4589,-0.4924326
895.9665,896.4589,-0.4924353
895.9665,896.459,-0.4924543
895.9665,896.459,-0.4924616
895.9665,896.459,-0.4924642
895.9665,896.459,-0.4924725
895.9665,896.459,-0.4924743
895.9665,896.459,-0.4924782
895.9665,896.459,-0.4924832
895.9665,896.459,-0.4924924
895.9665,896.459,-0.492493
895.9665,896.459,-0.4924931
895.9665,896.459,-0.4924937
895.9665,896.459,-0.4924948
895.9665,896.459,-0.4925077
895.9665,896.459,-0.4925096
895.9665,896.459,-0.4925109
895.9665,896.459,-0.4925169
895.9665,896.459,-0.4925222
895.9665,896.459,-0.4925272
895.9665,896.459,-0.4925361
895.9665,896.459,-0.4925362
895.9665,896.459,-0.4925363
895.9665,896.459,-0.4925367
895.9665,896.459,-0.4925498
895.9665,896.4591,-0.4925645
895.9665,896.4591,-0.4925956
895.9665,896.4591,-0.4925998
895.9665,896.4591,-0.4926242
895.9665,896.4591,-0.4926251
895.9665,896.4591,-0.4926295
895.9665,896.4591,-0.4926352
895.9665,896.4591,-0.4926448
895.9665,896.4592,-0.4926575
895.9665,896.4592,-0.4926587
895.9665,896.4592,-0.4926685
895.9665,896.4592,-0.4926757
895.9665,896.4592,-0.4926768
895.9665,896.4592,-0.4926958
895.9665,896.4592,-0.4926959
895.9665,896.4592,-0.4927012
895.9665,896.4592,-0.4927347
895.9665,896.4592,-0.4927435
895.9665,896.4593,-0.4927555
895.9665,896.4593,-0.4927609
895.9665,896.4593,-0.4927703
895.9665,896.4593,-0.4927799
895.9665,896.4593,-0.4927965
895.9665,896.4593,-0.4927975
895.9665,896.4593,-0.4928003
895.9665,896.4593,-0.4928121
895.9665,896.4593,-0.4928141
895.9665,896.4593,-0.4928203
895.9665,896.4593,-0.492829
895.9665,896.4593,-0.4928334
895.9665,896.4593,-0.492839
895.9665,896.4593,-0.4928429
895.9665,896.4594,-0.4928549
895.9665,896.4594,-0.4928783
895.9665,896.4594,-0.4928857
895.9665,896.4594,-0.4929045
895.9665,896.4594,-0.4929163
895.9665,896.4594,-0.492927
895.9665,896.4594,-0.492945
895.9665,896.4594,-0.4929455
895.9665,896.4594,-0.4929465
895.9665,896.4595,-0.4929618
895.9665,896.4595,-0.4929712
895.9665,896.4595,-0.49298
895.9665,896.4595,-0.4929924
895.9665,896.4595,-0.4929991
895.9665,896.4595,-0.4930018
895.9665,896.4595,-0.4930054
895.9665,896.4595,-0.4930442
895.9665,896.4596,-0.4930889
895.9665,896.4596,-0.4930898
895.9665,896.4596,-0.4930902
895.9665,896.4596,-0.4930945
895.9665,896.4596,-0.4930996
895.9665,896.4596,-0.4931127
895.9665,896.4596,-0.4931251
895.9665,896.4596,-0.4931303
895.9665,896.4596,-0.4931351
895.9665,896.4597,-0.4931714
895.9665,896.4597,-0.4931746
895.9665,896.4597,-0.4931806
895.9665,896.4597,-0.4931818
895.9665,896.4597,-0.4931975
895.9665,896.4597,-0.4931977
895.9665,896.4597,-0.4932062
895.9665,896.4597,-0.4932315
895.9665,896.4597,-0.4932481
895.9665,896.4598,-0.4932644
895.9665,896.4598,-0.4932744
895.9665,896.4598,-0.4932879
895.9665,896.4598,-0.4932945
895.9665,896.4598,-0.4932968
895.9665,896.4598,-0.4933157
895.9665,896.4598,-0.4933253
895.9665,896.4598,-0.4933493
895.9665,896.4599,-0.4933722
895.9665,896.4599,-0.4933788
895.9665,896.4599,-0.4934242
895.9665,896.4599,-0.4934286
895.9665,896.4599,-0.4934289
895.9665,896.46,-0.4934589
895.9665,896.46,-0.4934616
895.9665,896.46,-0.4934679
895.9665,896.46,-0.4934727
895.9665,896.46,-0.4934833
895.9665,896.46,-0.4934858
895.9665,896.46,-0.49349
895.9665,896.46,-0.493518
895.9665,896.46,-0.493524
895.9665,896.46,-0.4935266
895.9665,896.46,-0.4935473
895.9665,896.46,-0.4935473
895.9665,896.4601,-0.4935604
895.9665,896.4601,-0.4935638
895.9665,896.4601,-0.4936284
895.9665,896.4602,-0.4936652
895.9665,896.4602,-0.4936796
895.9665,896.4602,-0.4936926
895.9665,896.4602,-0.4937274
895.9665,896.4602,-0.4937335
895.9665,896.4602,-0.4937381
895.9665,896.4603,-0.4937778
895.9665,896.4603,-0.4937799
895.9665,896.4603,-0.4938099
895.9665,896.4603,-0.4938249
895.9665,896.4604,-0.4938653
895.9665,896.4604,-0.4938768
895.9665,896.4604,-0.49388
895.9665,896.4604,-0.4938824
895.9665,896.4604,-0.4939029
895.9665,896.4604,-0.493915
895.9665,896.4604,-0.4939459
895.9665,896.4605,-0.4939851
895.9665,896.4605,-0.4940161
895.9665,896.4605,-0.4940482
895.9665,896.4606,-0.4940525
895.9665,896.4606,-0.4941005
895.9665,896.4606,-0.4941006
895.9665,896.4606,-0.4941367
895.9665,896.4607,-0.4941618
895.9665,896.4608,-0.494257
895.9665,896.4608,-0.4942662
895.9665,896.4608,-0.4942777
895.9665,896.4608,-0.4943046
895.9665,896.4608,-0.4943167
895.9665,896.4608,-0.4943397
895.9665,896.4609,-0.4943555
895.9665,896.4609,-0.4943981
895.9665,896.4609,-0.4944062
895.9665,896.4609,-0.4944274
895.9665,896.461,-0.4944962
895.9665,896.461,-0.4945406
895.9665,896.461,-0.4945437
895.9665,896.461,-0.494546
895.9665,896.4611,-0.4945554
895.9665,896.4611,-0.4945613
895.9665,896.4611,-0.494643
895.9665,896.4612,-0.4946873
895.9665,896.4612,-0.4946963
895.9665,896.4612,-0.4947048
895.9665,896.4612,-0.4947326
895.9665,896.4612,-0.4947494
895.9665,896.4613,-0.4947699
895.9665,896.4613,-0.494804
895.9665,896.4614,-0.4949271
895.9665,896.4615,-0.4949718
895.9665,896.4615,-0.4950075
895.9665,896.4617,-0.495177
895.9665,896.4617,-0.4951896
895.9665,896.4617,-0.4951966
895.9665,896.4618,-0.4952547
895.9665,896.4618,-0.4952707
895.9665,896.4618,-0.4952787
895.9665,896.4618,-0.4953028
895.9665,896.4618,-0.4953316
895.9665,896.4619,-0.4953616
895.9665,896.462,-0.4954503
895.9665,896.462,-0.4954656
895.9665,896.462,-0.4954934
895.9665,896.462,-0.4955233
895.9665,896.4622,-0.4956679
895.9665,896.4622,-0.4957314
895.9665,896.4623,-0.4957972
895.9665,896.4623,-0.4958093
895.9665,896.4624,-0.4958754
895.9665,896.4624,-0.4959454
895.9665,896.4625,-0.4959867
895.9665,896.4625,-0.4960469
895.9665,896.4626,-0.4960705
895.9665,896.4626,-0.4960895
895.9665,896.4626,-0.4961115
895.9665,896.4626,-0.4961262
895.9665,896.4627,-0.4961995
895.9665,896.4627,-0.4962111
895.9665,896.4627,-0.4962128
895.9665,896.4627,-0.4962426
895.9665,896.4628,-0.4962511
895.9665,896.4628,-0.4963115
895.9665,896.4629,-0.4963545
895.9665,896.4629,-0.4963595
895.9665,896.4629,-0.4964025
895.9665,896.4629,-0.4964338
895.9665,896.463,-0.4964678
895.9665,896.463,-0.4964732
895.9665,896.463,-0.4965451
895.9665,896.4631,-0.4965503
895.9665,896.4632,-0.4966526
895.9665,896.4632,-0.4967
895.9665,896.4632,-0.4967146
895.9665,896.4632,-0.4967493
895.9665,896.4633,-0.4967812
895.9665,896.4633,-0.496844
895.9665,896.4633,-0.4968449
895.9665,896.4635,-0.4969896
895.9665,896.4635,-0.4970286
895.9665,896.4636,-0.4971245
895.9665,896.4637,-0.4971985
895.9665,896.4638,-0.497261
895.9665,896.4639,-0.4973883
895.9665,896.4639,-0.497432
895.9665,896.464,-0.4974751
895.9665,896.4642,-0.4976508
895.9665,896.4642,-0.497661
895.9665,896.4643,-0.4978019
895.9665,896.4643,-0.4978495
895.9665,896.4644,-0.4978986
895.9665,896.4644,-0.4979079
895.9665,896.4645,-0.4980077
895.9665,896.4646,-0.4980967
895.9665,896.4647,-0.4982046
895.9665,896.4648,-0.4982567
895.9665,896.4648,-0.4982986
895.9665,896.4649,-0.4984206
895.9665,896.465,-0.4984683
895.9665,896.465,-0.4985354
895.9665,896.4651,-0.4985748
895.9665,896.4651,-0.4985819
895.9665,896.4651,-0.4985953
895.9665,896.4651,-0.4985972
895.9665,896.4651,-0.4986076
895.9665,896.4651,-0.4986202
895.9665,896.4654,-0.4988756
895.9665,896.4654,-0.4989082
895.9665,896.4654,-0.498929
895.9665,896.4655,-0.4989532
895.9665,896.4656,-0.4990744
895.9665,896.4656,-0.4990949
895.9665,896.4656,-0.4991175
895.9665,896.4657,-0.4991649
895.9665,896.4657,-0.49924
895.9665,896.4658,-0.4993142
895.9665,896.4658,-0.4993231
895.9665,896.4659,-0.4993628
895.9665,896.466,-0.4994706
895.9665,896.4662,-0.4996888
895.9665,896.4662,-0.4997273
895.9665,896.4664,-0.4998707
895.9665,896.4665,-0.5000361
895.9665,896.4666,-0.5001234
895.9665,896.4666,-0.5001419
895.9665,896.4667,-0.500213
895.9665,896.4667,-0.500214
895.9665,896.4667,-0.5002382
895.9665,896.4667,-0.5002442
895.9665,896.4669,-0.5003608
895.9665,896.4669,-0.5003759
895.9665,896.4669,-0.5004072
895.9665,896.467,-0.5004849
895.9665,896.467,-0.5004851
895.9665,896.467,-0.5004954
895.9665,896.467,-0.500512
895.9665,896.4671,-0.5006289
895.9665,896.4673,-0.5007856
895.9665,896.4673,-0.5008027
895.9665,896.4673,-0.5008263
895.9665,896.4673,-0.5008426
895.9665,896.4674,-0.5008726
895.9665,896.4675,-0.5010249
895.9665,896.4676,-0.50106
895.9665,896.4676,-0.5010717
895.9665,896.4677,-0.5011608
895.9665,896.4677,-0.5012053
895.9665,896.4677,-0.5012316
895.9665,896.4678,-0.5012735
895.9665,896.4678,-0.501289
895.9665,896.4678,-0.5013437
895.9665,896.468,-0.5014866
895.9665,896.4682,-0.5016962
895.9665,896.4683,-0.5017503
895.9665,896.4683,-0.5017966
895.9665,896.4683,-0.5018496
895.9665,896.4685,-0.5019522
895.9665,896.4685,-0.5020355
895.9665,896.4686,-0.50207
895.9665,896.4686,-0.5021242
895.9665,896.4687,-0.5021984
895.9665,896.4688,-0.5022657
895.9665,896.4688,-0.5022847
895.9665,896.469,-0.5024678
895.9665,896.4691,-0.5026449
895.9665,896.4692,-0.5026964
895.9665,896.4694,-0.5028568
895.9665,896.4695,-0.5029963
895.9665,896.4695,-0.5030191
895.9665,896.4695,-0.5030331
895.9665,896.4696,-0.5030807
895.9665,896.4696,-0.5030962
895.9665,896.4696,-0.5031134
895.9665,896.4698,-0.5032595
895.9665,896.4698,-0.5032631
895.9665,896.4703,-0.5037729
895.9665,896.4703,-0.5037954
895.9665,896.4703,-0.5038397
895.9665,896.4704,-0.5038708
895.9665,896.4704,-0.5039189
895.9665,896.4705,-0.5039564
895.9665,896.4706,-0.5041072
895.9665,896.4706,-0.504125
895.9665,896.4707,-0.5042203
895.9665,896.4709,-0.5043563
895.9665,896.4709,-0.5043663
895.9665,896.4709,-0.5043768
895.9665,896.4709,-0.5043929
895.9665,896.4709,-0.5044079
895.9665,896.471,-0.5044889
895.9665,896.4711,-0.5045607
895.9665,896.4711,-0.5045654
895.9665,896.4711,-0.5046194
895.9665,896.4711,-0.5046482
895.9665,896.4714,-0.5049496
895.9665,896.4715,-0.5049716
895.9665,896.4715,-0.5050347
895.9665,896.4717,-0.5052056
895.9665,896.4718,-0.5053073
895.9665,896.4718,-0.5053178
895.9665,896.4721,-0.5055844
895.9665,896.4721,-0.5056365
895.9665,896.4721,-0.5056476
895.9665,896.4723,-0.5058106
895.9665,896.4725,-0.5060246
895.9665,896.4725,-0.5060263
895.9665,896.4726,-0.5061207
895.9665,896.4726,-0.5061341
895.9665,896.4727,-0.5062043
895.9665,896.4728,-0.5062512
895.9665,896.4728,-0.5063016
895.9665,896.4728,-0.5063363
895.9665,896.4729,-0.5064154
895.9665,896.4729,-0.5064184
895.9665,896.473,-0.5064573
895.9665,896.473,-0.5065254
895.9665,896.473,-0.5065361
895.9665,896.4731,-0.5065652
895.9665,896.4736,-0.5070882
895.9665,896.4736,-0.5071061
895.9665,896.4736,-0.5071376
895.9665,896.4737,-0.5072411
895.9665,896.4738,-0.5073478
895.9665,896.4739,-0.5074186
895.9665,896.4739,-0.5074396
895.9665,896.4741,-0.5075694
895.9665,896.4741,-0.5075707
895.9665,896.4742,-0.5076616
895.9665,896.4745,-0.507959
895.9665,896.4745,-0.5079618
895.9665,896.4748,-0.5082512
895.9665,896.4748,-0.508291
895.9665,896.4749,-0.5084354
895.9665,896.4751,-0.5085543
895.9665,896.4751,-0.5085891
895.9665,896.4751,-0.5086195
895.9665,896.4752,-0.5086556
895.9665,896.4752,-0.5086981
895.9665,896.4755,-0.5090181
895.9665,896.4755,-0.509045
895.9665,896.4759,-0.5093891
895.9665,896.476,-0.5094921
895.9665,896.476,-0.5094943
895.9665,896.4761,-0.5095924
895.9665,896.4761,-0.5096409
895.9665,896.4762,-0.5096591
895.9665,896.4762,-0.5096953
895.9665,896.4762,-0.5097247
895.9665,896.4763,-0.5097558
895.9665,896.4763,-0.5098386
895.9665,896.4764,-0.5098775
895.9665,896.4766,-0.510148
895.9665,896.4767,-0.51019
895.9665,896.4768,-0.5103138
895.9665,896.477,-0.5105486
895.9665,896.4771,-0.5105687
895.9665,896.4771,-0.5106487
895.9665,896.4772,-0.5106851
895.9665,896.4773,-0.5108023
895.9665,896.4776,-0.5111324
895.9665,896.4777,-0.5112207
895.9665,896.4777,-0.5112343
895.9665,896.478,-0.5114861
895.9665,896.4781,-0.5115645
895.9665,896.4783,-0.51176
895.9665,896.4785,-0.5119959
895.9665,896.4785,-0.5120062
895.9665,896.4785,-0.5120084
895.9665,896.4785,-0.5120231
895.9665,896.479,-0.5125424
895.9665,896.4795,-0.5130418
895.9665,896.4796,-0.5131186
895.9665,896.4797,-0.5131656
895.9665,896.4797,-0.513169
895.9665,896.4798,-0.5132633
895.9665,896.4799,-0.5134029
895.9665,896.4803,-0.51378
895.9665,896.4803,-0.5137943
895.9665,896.4806,-0.5140803
895.9665,896.4806,-0.5141186
895.9665,896.4806,-0.5141462
895.9665,896.4811,-0.5145599
895.9665,896.4811,-0.5146404
895.9665,896.4812,-0.5146643
895.9665,896.4816,-0.5150617
895.9665,896.4818,-0.5152664
895.9665,896.4818,-0.5152865
895.9665,896.4819,-0.5154135
895.9665,896.4821,-0.5156049
895.9665,896.4822,-0.5156873
895.9665,896.4823,-0.5157948
895.9665,896.4824,-0.5158505
895.9665,896.4824,-0.515946
895.9665,896.4825,-0.5159803
895.9665,896.4825,-0.5160187
895.9665,896.4827,-0.5161682
895.9665,896.4827,-0.5162243
895.9665,896.4829,-0.5163821
895.9665,896.4831,-0.516642
895.9665,896.4832,-0.516697
895.9665,896.4833,-0.5168079
895.9665,896.4833,-0.5168315
895.9665,896.4835,-0.5170131
895.9665,896.4835,-0.5170152
895.9665,896.4837,-0.5171561
895.9665,896.4837,-0.517166
895.9665,896.4837,-0.5171689
895.9665,896.4837,-0.5171817
895.9665,896.4837,-0.5172449
895.9665,896.4838,-0.5172949
895.9665,896.4838,-0.5173337
895.9665,896.4838,-0.5173352
895.9665,896.4839,-0.5173605
895.9665,896.484,-0.5174789
895.9665,896.4841,-0.5176121
895.9665,896.4843,-0.5178229
895.9665,896.4843,-0.5178247
895.9665,896.4845,-0.5179667
895.9665,896.4845,-0.518033
895.9665,896.4846,-0.5181393
895.9665,896.4848,-0.5183069
895.9665,896.4848,-0.5183171
895.9665,896.4849,-0.5184233
895.9665,896.485,-0.5185206
895.9665,896.4852,-0.5186869
895.9665,896.4853,-0.5187965
895.9665,896.4853,-0.5188291
895.9665,896.4855,-0.5190103
895.9665,896.4855,-0.5190374
895.9665,896.4858,-0.5192567
895.9665,896.4858,-0.5193085
895.9665,896.4858,-0.5193092
895.9665,896.4858,-0.519345
895.9665,896.4858,-0.5193494
895.9665,896.4859,-0.519359
895.9665,896.4859,-0.5194067
895.9665,896.4859,-0.5194207
895.9665,896.4859,-0.5194215
895.9665,896.4861,-0.5196379
895.9665,896.4862,-0.5196828
895.9665,896.4862,-0.5197486
895.9665,896.4863,-0.5197577
895.9665,896.4863,-0.5197615
895.9665,896.4863,-0.5197773
895.9665,896.4863,-0.5198107
895.9665,896.4864,-0.5199268
895.9665,896.4865,-0.5199661
895.9665,896.4865,-0.5200493
895.9665,896.4866,-0.520083
895.9665,896.4867,-0.5201574
895.9665,896.4867,-0.5201713
895.9665,896.4867,-0.5202464
895.9665,896.4868,-0.5202822
895.9665,896.4868,-0.5202877
895.9665,896.4869,-0.5203696
895.9665,896.487,-0.520455
895.9665,896.487,-0.5204667
895.9665,896.487,-0.5204717
895.9665,896.487,-0.5204756
895.9665,896.487,-0.5205129
895.9665,896.487,-0.5205454
895.9665,896.4871,-0.5205524
895.9665,896.4871,-0.5206019
895.9665,896.4871,-0.5206124
895.9665,896.4871,-0.5206144
895.9665,896.4871,-0.520634
895.9665,896.4871,-0.5206498
895.9665,896.4872,-0.520652
895.9665,896.4872,-0.5206675
895.9665,896.4872,-0.5206727
895.9665,896.4872,-0.5207101
895.9665,896.4872,-0.5207245
895.9665,896.4872,-0.5207471
895.9665,896.4873,-0.5207666
895.9665,896.4873,-0.5207911
895.9665,896.4874,-0.5208657
895.9665,896.4874,-0.5208845
895.9665,896.4874,-0.5209004
895.9665,896.4874,-0.5209382
895.9665,896.4874,-0.5209472
895.9665,896.4874,-0.5209476
895.9665,896.4874,-0.5209481
895.9665,896.4875,-0.5209709
895.9665,896.4875,-0.5210082
895.9665,896.4875,-0.5210385
895.9665,896.4875,-0.5210391
895.9665,896.4876,-0.5210583
895.9665,896.4876,-0.5210726
895.9665,896.4876,-0.5210885
895.9665,896.4876,-0.5210908
895.9665,896.4876,-0.5210909
895.9665,896.4876,-0.521103
895.9665,896.4876,-0.5211286
895.9665,896.4877,-0.521197
895.9665,896.4877,-0.5212273
895.9665,896.4877,-0.5212279
895.9665,896.4877,-0.5212414
895.9665,896.4878,-0.5212853
895.9665,896.4879,-0.5213589
895.9665,896.4879,-0.5213882
895.9665,896.4879,-0.5214252
895.9665,896.4879,-0.5214308
895.9665,896.4879,-0.5214339
895.9665,896.4879,-0.5214358
895.9665,896.488,-0.5215042
895.9665,896.488,-0.521514
895.9665,896.4881,-0.5215519
895.9665,896.4881,-0.5215614
895.9665,896.4881,-0.5216022
895.9665,896.4881,-0.5216165
895.9665,896.4881,-0.5216457
895.9665,896.4881,-0.5216499
895.9665,896.4882,-0.5216502
895.9665,896.4882,-0.5216543
895.9665,896.4882,-0.5216678
895.9665,896.4882,-0.5216715
895.9665,896.4882,-0.5216829
895.9665,896.4882,-0.5216952
895.9665,896.4882,-0.5217288
895.9665,896.4882,-0.5217388
895.9665,896.4883,-0.5217777
895.9665,896.4883,-0.5217853
895.9665,896.4883,-0.521832
895.9665,896.4884,-0.5218503
895.9665,896.4884,-0.5218531
895.9665,896.4884,-0.5218773
895.9665,896.4884,-0.5219158
895.9665,896.4884,-0.5219439
895.9665,896.4885,-0.5219509
895.9665,896.4885,-0.5219629
895.9665,896.4885,-0.5219809
895.9665,896.4885,-0.521981
895.9665,896.4885,-0.5220062
895.9665,896.4885,-0.5220209
895.9665,896.4885,-0.5220282
895.9665,896.4885,-0.5220451
895.9665,896.4886,-0.5220691
895.9665,896.4886,-0.5220816
895.9665,896.4886,-0.5221376
895.9665,896.4886,-0.5221459
895.9665,896.4887,-0.5221507
895.9665,896.4887,-0.522167
895.9665,896.4887,-0.522183
895.9665,896.4887,-0.5221831
895.9665,896.4887,-0.5221882
895.9665,896.4887,-0.5222402
895.9665,896.4888,-0.5222681
895.9665,896.4888,-0.5222895
895.9665,896.4888,-0.5222931
895.9665,896.4888,-0.5222935
895.9665,896.4888,-0.5223136
895.9665,896.4889,-0.522388
895.9665,896.4889,-0.5224031
895.9665,896.4889,-0.522448
895.9665,896.489,-0.5225192
895.9665,896.4891,-0.5225601
895.9665,896.4891,-0.522615
895.9665,896.4891,-0.5226286
895.9665,896.4892,-0.5226517
895.9665,896.4892,-0.5226616
895.9665,896.4892,-0.5227087
895.9665,896.4893,-0.5227566
895.9665,896.4893,-0.5227598
895.9665,896.4893,-0.5227752
895.9665,896.4893,-0.5227764
895.9665,896.4893,-0.5227772
895.9665,896.4893,-0.5228007
895.9665,896.4893,-0.5228191
895.9665,896.4893,-0.5228399
895.9665,896.4894,-0.5228984
895.9665,896.4895,-0.522973
895.9665,896.4895,-0.5230416
895.9665,896.4896,-0.5231386
895.9665,896.4897,-0.5231929
895.9665,896.4897,-0.5232026
895.9665,896.4898,-0.523267
895.9665,896.4898,-0.523279
895.9665,896.4898,-0.5233295
895.9665,896.4898,-0.5233334
895.9665,896.4899,-0.523381
895.9665,896.4899,-0.5234331
895.9665,896.49,-0.5234698
895.9665,896.49,-0.5234965
895.9665,896.4902,-0.5236666
895.9665,896.4902,-0.5236803
895.9665,896.4902,-0.5236839
895.9665,896.4902,-0.5237362
895.9665,896.4905,-0.5239934
895.9665,896.4906,-0.5240968
895.9665,896.4906,-0.5241189
895.9665,896.4906,-0.5241462
895.9665,896.4908,-0.5242827
895.9665,896.4908,-0.5243368
895.9665,896.4909,-0.5243868
895.9665,896.491,-0.524478
895.9665,896.4912,-0.5246792
895.9665,896.4912,-0.5247114
895.9665,896.4914,-0.5248934
895.9665,896.4915,-0.5249594
895.9665,896.4915,-0.525049
895.9665,896.4916,-0.525086
895.9665,896.4917,-0.52517
895.9665,896.4917,-0.5252286
895.9665,896.4918,-0.5252905
895.9665,896.4918,-0.5253167
895.9665,896.4919,-0.525431
895.9665,896.492,-0.5255018
895.9665,896.4921,-0.5255586
895.9665,896.4921,-0.5255818
895.9665,896.4921,-0.5255964
895.9665,896.4921,-0.5256128
895.9665,896.4923,-0.525767
895.9665,896.4924,-0.5259081
895.9665,896.4924,-0.5259355
895.9665,896.4925,-0.5259513
895.9665,896.4925,-0.5260265
895.9665,896.4926,-0.5261151
895.9665,896.4928,-0.526303
895.9665,896.4929,-0.5263876
895.9665,896.4929,-0.5264207
895.9665,896.493,-0.5264624
895.9665,896.493,-0.5264822
895.9665,896.4931,-0.5265806
895.9665,896.4931,-0.5265815
895.9665,896.4932,-0.5267303
895.9665,896.4933,-0.5267514
895.9665,896.4933,-0.5267743
895.9665,896.4933,-0.5268313
895.9665,896.4934,-0.5269418
895.9665,896.4935,-0.5269706
895.9665,896.4935,-0.5269974
895.9665,896.4935,-0.5269997
895.9665,896.4936,-0.5270719
895.9665,896.4936,-0.5270954
895.9665,896.4936,-0.5271239
895.9665,896.4937,-0.5271716
895.9665,896.4937,-0.5271983
895.9665,896.4937,-0.5272117
895.9665,896.4937,-0.5272308
895.9665,896.4937,-0.5272326
895.9665,896.4937,-0.5272393
895.9665,896.4938,-0.5273112
895.9665,896.4938,-0.5273259
895.9665,896.4939,-0.5273515
895.9665,896.4939,-0.5273581
895.9665,896.4939,-0.5273885
895.9665,896.4939,-0.5273991
895.9665,896.4939,-0.5274009
895.9665,896.4939,-0.5274171
895.9665,896.4939,-0.5274355
895.9665,896.4939,-0.5274466
895.9665,896.494,-0.5275067
895.9665,896.494,-0.527519
895.9665,896.494,-0.5275258
895.9665,896.494,-0.5275388
895.9665,896.4941,-0.5275816
895.9665,896.4941,-0.5276083
895.9665,896.4941,-0.5276381
895.9665,896.4941,-0.5276495
895.9665,896.4942,-0.5276779
895.9665,896.4942,-0.527695
895.9665,896.4942,-0.5277108
895.9665,896.4942,-0.5277247
895.9665,896.4942,-0.5277255
895.9665,896.4942,-0.5277333
895.9665,896.4942,-0.5277376
895.9665,896.4943,-0.5277709
895.9665,896.4943,-0.5277742
895.9665,896.4943,-0.5277872
895.9665,896.4943,-0.5278496
895.9665,896.4945,-0.52795
895.9665,896.4945,-0.5279593
895.9665,896.4945,-0.5279719
895.9665,896.4945,-0.5279991
895.9665,896.4945,-0.5280076
895.9665,896.4945,-0.5280084
895.9665,896.4945,-0.5280384
895.9665,896.4945,-0.5280461
895.9665,896.4946,-0.5281154
895.9665,896.4946,-0.5281277
895.9665,896.4946,-0.5281312
895.9665,896.4946,-0.5281322
895.9665,896.4947,-0.5281859
895.9665,896.4947,-0.5281932
895.9665,896.4947,-0.5282057
895.9665,896.4947,-0.528206
895.9665,896.4947,-0.5282214
895.9665,896.4947,-0.5282305
895.9665,896.4947,-0.5282384
895.9665,896.4948,-0.5282568
895.9665,896.4948,-0.5282577
895.9665,896.4948,-0.5282884
895.9665,896.4948,-0.5282977
895.9665,896.4948,-0.5283133
895.9665,896.4948,-0.52834
895.9665,896.4948,-0.5283453
895.9665,896.4949,-0.5283698
895.9665,896.4949,-0.5284057
895.9665,896.4949,-0.5284141
895.9665,896.4949,-0.5284147
895.9665,896.4949,-0.5284351
895.9665,896.4949,-0.52844
895.9665,896.495,-0.5284573
895.9665,896.495,-0.5284761
895.9665,896.495,-0.5284855
895.9665,896.495,-0.5285024
895.9665,896.495,-0.5285033
895.9665,896.495,-0.5285115
895.9665,896.495,-0.5285248
895.9665,896.4951,-0.5285555
895.9665,896.4951,-0.5285697
895.9665,896.4951,-0.5285753
895.9665,896.4951,-0.5285952
895.9665,896.4951,-0.5285984
895.9665,896.4951,-0.5286245
895.9665,896.4952,-0.5286511
895.9665,896.4952,-0.5286708
895.9665,896.4952,-0.528673
895.9665,896.4952,-0.5286814
895.9665,896.4952,-0.5287105
895.9665,896.4952,-0.5287156
895.9665,896.4953,-0.5287618
895.9665,896.4953,-0.5287796
895.9665,896.4953,-0.5287863
895.9665,896.4953,-0.5287904
895.9665,896.4953,-0.5287996
895.9665,896.4953,-0.5288017
895.9665,896.4953,-0.5288099
895.9665,896.4953,-0.5288104
895.9665,896.4953,-0.5288159
895.9665,896.4953,-0.5288282
895.9665,896.4953,-0.5288497
895.9665,896.4954,-0.5288508
895.9665,896.4954,-0.5288559
895.9665,896.4954,-0.5288568
895.9665,896.4954,-0.528874
895.9665,896.4954,-0.5288768
895.9665,896.4954,-0.528898
895.9665,896.4954,-0.5289196
895.9665,896.4954,-0.5289221
895.9665,896.4954,-0.5289249
895.9665,896.4954,-0.5289491
895.9665,896.4955,-0.5289607
895.9665,896.4955,-0.5289914
895.9665,896.4955,-0.5289962
895.9665,896.4955,-0.5290427
895.9665,896.4956,-0.5290571
895.9665,896.4956,-0.5290598
895.9665,896.4956,-0.5290835
895.9665,896.4956,-0.5290974
895.9665,896.4956,-0.5291118
895.9665,896.4956,-0.5291228
895.9665,896.4956,-0.5291232
895.9665,896.4956,-0.5291241
895.9665,896.4956,-0.5291307
895.9665,896.4956,-0.5291401
895.9665,896.4957,-0.529168
895.9665,896.4957,-0.5291842
895.9665,896.4957,-0.5291878
895.9665,896.4957,-0.5292054
895.9665,896.4957,-0.5292124
895.9665,896.4957,-0.5292152
895.9665,896.4957,-0.5292175
895.9665,896.4957,-0.5292196
895.9665,896.4957,-0.529232
895.9665,896.4957,-0.5292323
895.9665,896.4958,-0.5292511
895.9665,896.4958,-0.5292535
895.9665,896.4958,-0.5292657
895.9665,896.4958,-0.529276
895.9665,896.4958,-0.5292949
895.9665,896.4958,-0.5293086
895.9665,896.4958,-0.5293148
895.9665,896.4959,-0.5293512
895.9665,896.4959,-0.5293539
895.9665,896.4959,-0.529356
895.9665,896.4959,-0.5293758
895.9665,896.4959,-0.529378
895.9665,896.4959,-0.5293844
895.9665,896.4959,-0.5293904
895.9665,896.4959,-0.5293928
895.9665,896.4959,-0.5294273
895.9665,896.4959,-0.5294462
895.9665,896.496,-0.5294632
895.9665,896.496,-0.5294695
895.9665,896.496,-0.5294767
895.9665,896.496,-0.5294902
895.9665,896.496,-0.5295158
895.9665,896.496,-0.5295336
895.9665,896.496,-0.5295365
895.9665,896.496,-0.5295392
895.9665,896.496,-0.5295414
895.9665,896.4961,-0.5295509
895.9665,896.4961,-0.5295673
895.9665,896.4961,-0.5295788
895.9665,896.4961,-0.5296095
895.9665,896.4961,-0.5296266
895.9665,896.4961,-0.5296391
895.9665,896.4962,-0.5296527
895.9665,896.4962,-0.5296681
895.9665,896.4962,-0.5296817
895.9665,896.4962,-0.52969
895.9665,896.4962,-0.5297134
895.9665,896.4962,-0.5297136
895.9665,896.4962,-0.5297328
895.9665,896.4962,-0.5297413
895.9665,896.4962,-0.5297473
895.9665,896.4963,-0.5297574
895.9665,896.4963,-0.5297807
895.9665,896.4963,-0.5297824
895.9665,896.4963,-0.5297994
895.9665,896.4963,-0.5297996
895.9665,896.4963,-0.5298073
895.9665,896.4963,-0.5298177
895.9665,896.4963,-0.5298343
895.9665,896.4963,-0.5298419
895.9665,896.4964,-0.5298675
895.9665,896.4964,-0.5298803
895.9665,896.4964,-0.5298815
895.9665,896.4964,-0.5299033
895.9665,896.4964,-0.5299033
895.9665,896.4964,-0.5299126
895.9665,896.4964,-0.5299218
895.9665,896.4964,-0.5299266
895.9665,896.4964,-0.5299322
895.9665,896.4965,-0.5299717
895.9665,896.4965,-0.5299805
895.9665,896.4965,-0.5300094
895.9665,896.4965,-0.5300113
895.9665,896.4965,-0.5300246
895.9665,896.4965,-0.5300406
895.9665,896.4965,-0.5300447
895.9665,896.4966,-0.5300506
895.9665,896.4966,-0.530058
895.9665,896.4966,-0.5301099
895.9665,896.4966,-0.5301183
895.9665,896.4966,-0.5301253
895.9665,896.4966,-0.5301396
895.9665,896.4967,-0.5301599
895.9665,896.4967,-0.530165
895.9665,896.4967,-0.530176
895.9665,896.4967,-0.5301815
895.9665,896.4967,-0.5301835
895.9665,896.4967,-0.5302077
895.9665,896.4967,-0.5302267
895.9665,896.4967,-0.53023
895.9665,896.4968,-0.5302654
895.9665,896.4968,-0.5302729
895.9665,896.4968,-0.5302846
895.9665,896.4968,-0.5303412
895.9665,896.4968,-0.5303455
895.9665,896.4968,-0.530348
895.9665,896.4969,-0.5303568
895.9665,896.4969,-0.530366
895.9665,896.4969,-0.5303691
895.9665,896.4969,-0.5303909
895.9665,896.4969,-0.5303944
895.9665,896.497,-0.5304622
895.9665,896.497,-0.5305012
895.9665,896.497,-0.5305055
895.9665,896.497,-0.5305212
895.9665,896.497,-0.5305286
895.9665,896.497,-0.5305415
895.9665,896.497,-0.5305488
895.9665,896.497,-0.5305499
895.9665,896.4971,-0.5305513
895.9665,896.4971,-0.5305573
895.9665,896.4971,-0.5305823
895.9665,896.4971,-0.5305918
895.9665,896.4971,-0.5306039
895.9665,896.4971,-0.5306042
895.9665,896.4971,-0.5306185
895.9665,896.4971,-0.5306212
895.9665,896.4971,-0.5306236
895.9665,896.4971,-0.5306326
895.9665,896.4971,-0.5306362
895.9665,896.4972,-0.5306667
895.9665,896.4972,-0.5306697
895.9665,896.4972,-0.5306899
895.9665,896.4972,-0.5306905
895.9665,896.4972,-0.5306964
895.9665,896.4972,-0.5307049
895.9665,896.4972,-0.5307345
895.9665,896.4973,-0.5307713
895.9665,896.4973,-0.5307745
895.9665,896.4973,-0.5308052
895.9665,896.4973,-0.5308481
895.9665,896.4974,-0.5308539
895.9665,896.4974,-0.5308609
895.9665,896.4974,-0.53089
895.9665,896.4974,-0.5308979
895.9665,896.4974,-0.5309175
895.9665,896.4974,-0.5309208
895.9665,896.4974,-0.5309236
895.9665,896.4974,-0.5309451
895.9665,896.4974,-0.5309486
895.9665,896.4975,-0.5309502
895.9665,896.4975,-0.5309761
895.9665,896.4975,-0.5309863
895.9665,896.4975,-0.5309865
895.9665,896.4975,-0.5310112
895.9665,896.4975,-0.5310175
895.9665,896.4975,-0.5310292
895.9665,896.4975,-0.5310425
895.9665,896.4976,-0.5310762
895.9665,896.4976,-0.5310859
895.9665,896.4976,-0.5311058
895.9665,896.4976,-0.5311091
895.9665,896.4976,-0.5311258
895.9665,896.4977,-0.531161
895.9665,896.4977,-0.5311678
895.9665,896.4977,-0.5311776
895.9665,896.4977,-0.5311806
895.9665,896.4977,-0.531191
895.9665,896.4977,-0.5311935
895.9665,896.4977,-0.5312
895.9665,896.4977,-0.5312003
895.9665,896.4978,-0.5312579
895.9665,896.4978,-0.5312717
895.9665,896.4978,-0.5312979
895.9665,896.4978,-0.5313191
895.9665,896.4978,-0.5313251
895.9665,896.4978,-0.5313331
895.9665,896.4978,-0.5313348
895.9665,896.4978,-0.5313482
895.9665,896.4979,-0.5313705
895.9665,896.4979,-0.5313758
895.9665,896.4979,-0.531382
895.9665,896.4979,-0.5313998
895.9665,896.4979,-0.5314335
895.9665,896.4979,-0.5314405
895.9665,896.4979,-0.5314452
895.9665,896.498,-0.5315276
895.9665,896.498,-0.531537
895.9665,896.4981,-0.5315897
895.9665,896.4981,-0.5316208
895.9665,896.4981,-0.5316258
895.9665,896.4981,-0.5316272
895.9665,896.4982,-0.5316511
895.9665,896.4982,-0.5316641
895.9665,896.4982,-0.5316683
895.9665,896.4982,-0.5316889
895.9665,896.4983,-0.5317663
895.9665,896.4983,-0.5317846
895.9665,896.4984,-0.5318973
895.9665,896.4985,-0.5319721
895.9665,896.4985,-0.5320059
895.9665,896.4986,-0.5320583
895.9665,896.4986,-0.5320934
895.9665,896.4987,-0.5321813
895.9665,896.4988,-0.5322648
895.9665,896.4988,-0.5323467
895.9665,896.4988,-0.5323495
895.9665,896.4989,-0.5323725
895.9665,896.499,-0.5324718
895.9665,896.499,-0.5324924
895.9665,896.4991,-0.5325938
895.9665,896.4993,-0.5328163
895.9665,896.4996,-0.5330787
895.9665,896.5002,-0.5337476
895.9665,896.5004,-0.5338548
895.9665,896.5008,-0.5342561
895.9665,896.501,-0.5345244
895.9665,896.544,-0.5774522
895.9665,896.5678,-0.601298
895.9665,896.5698,-0.6032824
895.9665,896.5727,-0.606222
895.9665,896.5746,-0.6080709
895.9665,896.5762,-0.6097415
895.9665,896.5794,-0.6129463
895.9665,896.5815,-0.6150285
895.9665,896.5913,-0.6248156
895.9665,896.5941,-0.6276367
895.9665,896.5962,-0.6297166
895.9665,896.5984,-0.6319268
895.9665,896.6025,-0.6359849
895.9665,896.603,-0.6365008
895.9665,896.6034,-0.6368581
895.9665,896.6036,-0.6370764
895.9665,896.6037,-0.6371508
895.9665,896.6045,-0.6379774
895.9665,896.6059,-0.6393575
895.9665,896.6067,-0.6401756
895.9665,896.6067,-0.6402206
895.9665,896.6068,-0.6402757
895.9665,896.6083,-0.6418374
895.9665,896.6085,-0.6420114
895.9665,896.6086,-0.6420789
895.9665,896.6105,-0.6439871
895.9665,896.6105,-0.6439897
895.9665,896.6121,-0.6456373
895.9665,896.6199,-0.6533799
895.9665,896.6269,-0.6603521
895.9665,896.6427,-0.6761857
895.9665,896.6467,-0.6802043
895.9665,896.651,-0.6845298
895.9665,896.6519,-0.6854249
895.9665,896.6538,-0.687309
895.9665,896.6551,-0.688607
895.9665,896.6558,-0.6892913
895.9665,896.6577,-0.6911997
895.9665,896.6578,-0.6913345
895.9665,896.6578,-0.6913382
895.9665,896.6579,-0.6913559
895.9665,896.6589,-0.6924296
895.9665,896.6613,-0.6947863
895.9665,896.6623,-0.6958167
895.9665,896.6624,-0.6958972
895.9665,896.6625,-0.696003
895.9665,896.6625,-0.6960315
895.9665,896.6643,-0.6978304
895.9665,896.666,-0.6995265
895.9665,896.6666,-0.7001098
895.9665,896.668,-0.7014508
895.9665,896.6695,-0.7030447
895.9665,896.6739,-0.7073897
895.9665,896.6796,-0.7130995
895.9665,896.6808,-0.7143193
895.9665,896.6815,-0.7149973
895.9665,896.6844,-0.7178723
895.9665,896.6911,-0.7246355
895.9665,896.6918,-0.7252801
895.9665,896.6936,-0.7270659
895.9665,896.6939,-0.7274425
895.9665,896.7082,-0.7416507
895.9665,896.7312,-0.7646533
895.9665,896.7419,-0.7753768
895.9665,896.7431,-0.7766438
895.9665,896.7436,-0.7771374
895.9665,896.7437,-0.7771692
895.9665,896.7441,-0.7775632
895.9665,896.7443,-0.7778262
895.9665,896.7454,-0.7789045
895.9665,896.7458,-0.7793012
895.9665,896.7458,-0.7793072
895.9665,896.7474,-0.7809093
895.9665,896.748,-0.7814967
895.9665,896.7481,-0.781581
895.9665,896.7503,-0.7837797
895.9665,896.7506,-0.7841188
895.9665,896.7508,-0.7843148
895.9665,896.7509,-0.7844188
895.9665,896.7514,-0.7848558
895.9665,896.7516,-0.7850747
895.9665,896.7516,-0.785108
895.9665,896.7521,-0.7855526
895.9665,896.7524,-0.7859078
895.9665,896.7525,-0.7859675
895.9665,896.7527,-0.78619
895.9665,896.7529,-0.7863671
895.9665,896.7529,-0.7864084
895.9665,896.7531,-0.7865605
895.9665,896.7531,-0.7865891
895.9665,896.7533,-0.7868086
895.9665,896.7533,-0.7868195
895.9665,896.7535,-0.7869646
895.9665,896.7535,-0.7870067
895.9665,896.7535,-0.7870462
895.9665,896.7539,-0.7873513
895.9665,896.7539,-0.7874417
895.9665,896.754,-0.7874648
895.9665,896.7542,-0.7877068
895.9665,896.7543,-0.7878226
895.9665,896.7547,-0.7881928
895.9665,896.7548,-0.7882853
895.9665,896.7549,-0.7883616
895.9665,896.7549,-0.7884252
895.9665,896.7551,-0.7885643
895.9665,896.7551,-0.7885952
895.9665,896.7552,-0.7886656
895.9665,896.7553,-0.7887529
895.9665,896.7553,-0.7888231
895.9665,896.7554,-0.7888565
895.9665,896.7554,-0.7888717
895.9665,896.7555,-0.7890079
895.9665,896.7561,-0.7896014
895.9665,896.7561,-0.7896091
895.9665,896.7563,-0.7897794
895.9665,896.7564,-0.7898561
895.9665,896.7565,-0.7899728
895.9665,896.7566,-0.7901393
895.9665,896.7567,-0.7902464
895.9665,896.757,-0.7905016
895.9665,896.7572,-0.7906789
895.9665,896.7572,-0.7907375
895.9665,896.7573,-0.7907834
895.9665,896.7573,-0.7907974
895.9665,896.7573,-0.7908448
895.9665,896.7574,-0.79086
895.9665,896.7574,-0.7908635
895.9665,896.7575,-0.7910439
895.9665,896.7576,-0.7910746
895.9665,896.7576,-0.7910993
895.9665,896.7576,-0.7911057
895.9665,896.7578,-0.7912859
895.9665,896.7579,-0.7913723
895.9665,896.7579,-0.7913869
895.9665,896.7581,-0.7915677
895.9665,896.7581,-0.7916435
895.9665,896.7582,-0.791691
895.9665,896.7582,-0.7917047
895.9665,896.7582,-0.7917102
895.9665,896.7582,-0.7917255
895.9665,896.7583,-0.7917854
895.9665,896.7585,-0.7920428
895.9665,896.7586,-0.7921204
895.9665,896.7587,-0.7921748
895.9665,896.7587,-0.7921994
895.9665,896.7588,-0.7922814
895.9665,896.7588,-0.792282
895.9665,896.7589,-0.7923948
895.9665,896.759,-0.7924515
895.9665,896.759,-0.7925026
895.9665,896.7591,-0.7926048
895.9665,896.7592,-0.7926971
895.9665,896.7592,-0.7927118
895.9665,896.7595,-0.7930089
895.9665,896.7597,-0.7932195
895.9665,896.7598,-0.7933219
895.9665,896.7598,-0.7933281
895.9665,896.7599,-0.7933557
895.9665,896.7599,-0.7933747
895.9665,896.7599,-0.7933798
895.9665,896.76,-0.7934824
895.9665,896.7601,-0.7935643
895.9665,896.7601,-0.7935986
895.9665,896.7601,-0.7936199
895.9665,896.7603,-0.7937714
895.9665,896.7604,-0.7939289
895.9665,896.7606,-0.7941058
895.9665,896.7608,-0.7942701
895.9665,896.7609,-0.794375
895.9665,896.7609,-0.7943854
895.9665,896.7612,-0.7946621
895.9665,896.7612,-0.7946723
895.9665,896.7612,-0.7946733
895.9665,896.7613,-0.7947657
895.9665,896.7613,-0.7948122
895.9665,896.7613,-0.7948311
895.9665,896.7614,-0.7948954
895.9665,896.7614,-0.794913
895.9665,896.7615,-0.795014
895.9665,896.7616,-0.7951499
895.9665,896.7619,-0.7953626
895.9665,896.7625,-0.7959739
895.9665,896.7625,-0.7960088
895.9665,896.7627,-0.7961572
895.9665,896.7627,-0.7961901
895.9665,896.7628,-0.7963202
895.9665,896.7629,-0.7963939
895.9665,896.7632,-0.7967497
895.9665,896.7635,-0.7969517
895.9665,896.7635,-0.7970345
895.9665,896.7636,-0.797095
895.9665,896.7637,-0.7971653
895.9665,896.7637,-0.7971892
895.9665,896.7637,-0.7971994
895.9665,896.7637,-0.7972472
895.9665,896.7639,-0.7973972
895.9665,896.764,-0.7974584
895.9665,896.7644,-0.7978707
895.9665,896.7645,-0.7979831
895.9665,896.7646,-0.7981122
895.9665,896.7647,-0.7981688
895.9665,896.7649,-0.7983733
895.9665,896.765,-0.7985272
895.9665,896.7652,-0.7987377
895.9665,896.7654,-0.798947
895.9665,896.7655,-0.7990108
895.9665,896.7655,-0.799033
895.9665,896.7664,-0.7998654
895.9665,896.7664,-0.7999426
895.9665,896.7665,-0.7999804
895.9665,896.7666,-0.8000566
895.9665,896.7667,-0.8002053
895.9665,896.7668,-0.8002962
895.9665,896.7669,-0.8003887
895.9665,896.7671,-0.8006176
895.9665,896.7671,-0.8006185
895.9665,896.7674,-0.8008564
895.9665,896.7678,-0.8013065
895.9665,896.7681,-0.8015764
895.9665,896.7682,-0.8016513
895.9665,896.7682,-0.8017485
895.9665,896.7685,-0.8019803
895.9665,896.7686,-0.8021368
895.9665,896.7687,-0.8022275
895.9665,896.7688,-0.8022506
895.9665,896.7689,-0.8024168
895.9665,896.7708,-0.8043327
895.9665,896.7709,-0.8043881
895.9665,896.7711,-0.8046028
895.9665,896.7713,-0.8048108
895.9665,896.7715,-0.8050279
895.9665,896.7716,-0.805103
895.9665,896.7717,-0.8051788
895.9665,896.7717,-0.8052267
895.9665,896.7719,-0.8054354
895.9665,896.772,-0.8055271
895.9665,896.7723,-0.8058191
895.9665,896.7724,-0.8058602
895.9665,896.7724,-0.8059234
895.9665,896.7726,-0.8060995
895.9665,896.773,-0.8064834
895.9665,896.7736,-0.8071221
895.9665,896.7737,-0.807165
895.9665,896.7738,-0.807297
895.9665,896.774,-0.8074944
895.9665,896.7743,-0.8078081
895.9665,896.7744,-0.8079247
895.9665,896.7747,-0.8081951
895.9665,896.775,-0.8085095
895.9665,896.7757,-0.809174
895.9665,896.7761,-0.8096141
895.9665,896.7763,-0.809831
895.9665,896.7768,-0.8102509
895.9665,896.7771,-0.8105563
895.9665,896.7772,-0.8106967
895.9665,896.7774,-0.8108663
895.9665,896.7781,-0.8116132
895.9665,896.7787,-0.8121871
895.9665,896.7797,-0.8131548
895.9665,896.78,-0.8134561
895.9665,896.7804,-0.8139235
895.9665,896.7814,-0.8149298
895.9665,896.7816,-0.8151336
895.9665,896.7821,-0.815615
895.9665,896.7822,-0.8157153
895.9665,896.7828,-0.816274
895.9665,896.7845,-0.817968
895.9665,896.7863,-0.8198293
895.9665,896.7864,-0.8198788
895.9665,896.7871,-0.8206193
895.9665,896.7872,-0.820676
895.9665,896.7872,-0.8207225
895.9665,896.7896,-0.8230865
895.9665,896.7949,-0.8284078
895.9665,896.7975,-0.8309828
895.9665,896.826,-0.8595423
895.9665,896.8261,-0.8596339
895.9665,896.8267,-0.8602276
895.9665,896.8271,-0.8606304
895.9665,896.8274,-0.8608571
895.9665,896.8275,-0.8609949
895.9665,896.8284,-0.8618798
895.9665,896.8287,-0.8622436
895.9665,896.8308,-0.864281
895.9665,896.831,-0.8644901
895.9665,896.831,-0.8645386
895.9665,896.8317,-0.8651873
895.9665,896.8321,-0.865639
895.9665,896.8333,-0.8668077
895.9665,896.8342,-0.8676842
895.9665,896.8344,-0.8678855
895.9665,896.8359,-0.869428
895.9665,896.836,-0.869518
895.9665,896.8368,-0.8702763
895.9665,896.8389,-0.8723774
895.9665,896.8405,-0.8740199
895.9665,896.8442,-0.8777399
895.9665,896.8456,-0.8790525
895.9665,896.8492,-0.8826868
895.9665,896.8547,-0.8882266
895.9665,896.8575,-0.8910433
895.9665,896.8596,-0.8931089
895.9665,896.8598,-0.8932544
895.9665,896.8639,-0.8973969
895.9665,896.8646,-0.8981133
,,
