939.4606,5737,
Mascot_mz,MassHunter_mz,Difference
939.4606,938.5612,0.8994394
939.4606,938.5659,0.8946851
939.4606,938.5702,0.8904171
939.4606,938.5739,0.8866659
939.4606,938.575,0.8856323
939.4606,938.5906,0.8699779
939.4606,938.594,0.8666181
939.4606,938.6027,0.8578937
939.4606,938.6041,0.856534
939.4606,938.6097,0.850863
939.4606,938.6098,0.8508248
939.4606,938.6171,0.8435452
939.4606,938.6202,0.8404183
939.4606,938.6229,0.837681
939.4606,938.632,0.8286239
939.4606,938.632,0.8285785
939.4606,938.634,0.8266467
939.4606,938.6341,0.8265412
939.4606,938.6357,0.8248636
939.4606,938.6364,0.8241864
939.4606,938.6381,0.822518
939.4606,938.6383,0.82233
939.4606,938.6383,0.822292
939.4606,938.6387,0.8219301
939.4606,938.6414,0.8192494
939.4606,938.6425,0.8180605
939.4606,938.6442,0.8163864
939.4606,938.6443,0.8163128
939.4606,938.6446,0.8159787
939.4606,938.6447,0.8159395
939.4606,938.6448,0.8157997
939.4606,938.6449,0.8156537
939.4606,938.6463,0.8142593
939.4606,938.6465,0.8141291
939.4606,938.6465,0.8140685
939.4606,938.6473,0.8132567
939.4606,938.6483,0.8123446
939.4606,938.6487,0.8118616
939.4606,938.6492,0.8113811
939.4606,938.6497,0.8109479
939.4606,938.65,0.810576
939.4606,938.6507,0.8099134
939.4606,938.6513,0.809289
939.4606,938.6516,0.8090009
939.4606,938.6534,0.8071719
939.4606,938.6538,0.8067675
939.4606,938.6539,0.8066718
939.4606,938.6545,0.8061377
939.4606,938.6549,0.8056637
939.4606,938.6552,0.8054069
939.4606,938.6554,0.8052375
939.4606,938.6564,0.8042149
939.4606,938.6567,0.8038839
939.4606,938.6572,0.8034149
939.4606,938.6581,0.8025292
939.4606,938.6589,0.8016692
939.4606,938.6589,0.8016542
939.4606,938.66,0.8005617
939.4606,938.6605,0.8001102
939.4606,938.6606,0.8000229
939.4606,938.6607,0.7998733
939.4606,938.6652,0.795385
939.4606,938.6653,0.7953059
939.4606,938.6655,0.7951371
939.4606,938.6658,0.7948369
939.4606,938.6673,0.793269
939.4606,938.6683,0.7923209
939.4606,938.6686,0.7919661
939.4606,938.6688,0.7917822
939.4606,938.6696,0.7910345
939.4606,938.6697,0.7909332
939.4606,938.6708,0.7897795
939.4606,938.6712,0.7894004
939.4606,938.6719,0.7886649
939.4606,938.6721,0.788546
939.4606,938.6722,0.7884255
939.4606,938.6728,0.787804
939.4606,938.6731,0.7875292
939.4606,938.6736,0.7870059
939.4606,938.6736,0.7869745
939.4606,938.6737,0.7868864
939.4606,938.6743,0.7863222
939.4606,938.6747,0.7858732
939.4606,938.6757,0.7848673
939.4606,938.6758,0.7848064
939.4606,938.6761,0.7845479
939.4606,938.6761,0.7845292
939.4606,938.6762,0.7844169
939.4606,938.6762,0.7843665
939.4606,938.6767,0.7838996
939.4606,938.6769,0.7837018
939.4606,938.677,0.7836477
939.4606,938.677,0.783602
939.4606,938.6774,0.7831634
939.4606,938.6778,0.7827713
939.4606,938.6779,0.7826512
939.4606,938.678,0.7825703
939.4606,938.6783,0.7822584
939.4606,938.6785,0.7821373
939.4606,938.6787,0.7819141
939.4606,938.679,0.7816334
939.4606,938.6791,0.7815331
939.4606,938.6792,0.7813933
939.4606,938.6793,0.7812676
939.4606,938.6798,0.7808333
939.4606,938.6802,0.7803976
939.4606,938.6805,0.7801332
939.4606,938.6811,0.779542
939.4606,938.6815,0.7790725
939.4606,938.6821,0.778514
939.4606,938.6836,0.7769721
939.4606,938.6838,0.7768201
939.4606,938.684,0.7766275
939.4606,938.6842,0.7763799
939.4606,938.6844,0.7762446
939.4606,938.6844,0.7761596
939.4606,938.6848,0.7757603
939.4606,938.6851,0.7755346
939.4606,938.6872,0.7733926
939.4606,938.6872,0.7733887
939.4606,938.6877,0.7729428
939.4606,938.6879,0.7726715
939.4606,938.6881,0.7725474
939.4606,938.6884,0.7722203
939.4606,938.6889,0.7716705
939.4606,938.6911,0.7695446
939.4606,938.6912,0.7693972
939.4606,938.6918,0.7687622
939.4606,938.6928,0.767821
939.4606,938.6929,0.767719
939.4606,938.6944,0.7661705
939.4606,938.6946,0.7659537
939.4606,938.6951,0.765546
939.4606,938.6966,0.7640451
939.4606,938.6993,0.7613049
939.4606,938.7001,0.760456
939.4606,938.7012,0.7593799
939.4606,938.7163,0.7442807
939.4606,938.7577,0.7029308
939.4606,938.7677,0.6929084
939.4606,938.7683,0.6922854
939.4606,938.7692,0.6914014
939.4606,938.77,0.6905619
939.4606,938.7701,0.6904961
939.4606,938.7702,0.6904149
939.4606,938.7703,0.6902774
939.4606,938.7704,0.6902024
939.4606,938.7706,0.6900492
939.4606,938.7712,0.6893878
939.4606,938.7714,0.6892386
939.4606,938.7717,0.6888577
939.4606,938.7718,0.6887615
939.4606,938.7725,0.6881313
939.4606,938.7726,0.6879917
939.4606,938.7727,0.6878519
939.4606,938.7732,0.6873571
939.4606,938.7734,0.6872098
939.4606,938.7738,0.6867597
939.4606,938.7739,0.6866994
939.4606,938.7739,0.6866983
939.4606,938.7739,0.6866958
939.4606,938.774,0.6865667
939.4606,938.7742,0.6863961
939.4606,938.7747,0.6859027
939.4606,938.775,0.6855688
939.4606,938.7751,0.6855206
939.4606,938.7753,0.6853223
939.4606,938.7753,0.6852598
939.4606,938.7755,0.6851441
939.4606,938.7755,0.6851028
939.4606,938.7756,0.6849751
939.4606,938.7759,0.68473
939.4606,938.7759,0.6846575
939.4606,938.776,0.684613
939.4606,938.7761,0.6845419
939.4606,938.7761,0.6844534
939.4606,938.7763,0.6843247
939.4606,938.7763,0.6843187
939.4606,938.7763,0.6842594
939.4606,938.7764,0.6841963
939.4606,938.7765,0.6841068
939.4606,938.7765,0.6841025
939.4606,938.7765,0.6840632
939.4606,938.7766,0.684047
939.4606,938.7766,0.6840359
939.4606,938.7766,0.6840358
939.4606,938.7766,0.6840256
939.4606,938.7766,0.68401
939.4606,938.7768,0.6838441
939.4606,938.7769,0.6837373
939.4606,938.777,0.6835829
939.4606,938.777,0.683577
939.4606,938.7771,0.6835155
939.4606,938.7771,0.6835006
939.4606,938.7771,0.6834907
939.4606,938.7773,0.6833052
939.4606,938.7773,0.6832879
939.4606,938.7773,0.6832851
939.4606,938.7774,0.6832233
939.4606,938.7774,0.6832207
939.4606,938.7774,0.6832065
939.4606,938.7774,0.6831774
939.4606,938.7774,0.6831602
939.4606,938.7775,0.683128
939.4606,938.7775,0.6831008
939.4606,938.7776,0.6830475
939.4606,938.7776,0.6830373
939.4606,938.7776,0.6830333
939.4606,938.7776,0.682998
939.4606,938.7776,0.6829806
939.4606,938.7777,0.6828978
939.4606,938.7777,0.682891
939.4606,938.7777,0.6828551
939.4606,938.7777,0.6828511
939.4606,938.7779,0.6826949
939.4606,938.7779,0.6826736
939.4606,938.778,0.6826394
939.4606,938.778,0.6826058
939.4606,938.778,0.6825972
939.4606,938.7781,0.6825313
939.4606,938.7781,0.6825288
939.4606,938.7781,0.6825161
939.4606,938.7781,0.6825042
939.4606,938.7782,0.6824291
939.4606,938.7782,0.6823823
939.4606,938.7782,0.6823672
939.4606,938.7783,0.682323
939.4606,938.7783,0.6823188
939.4606,938.7783,0.6823165
939.4606,938.7783,0.6823154
939.4606,938.7783,0.6822554
939.4606,938.7784,0.6822202
939.4606,938.7784,0.682207
939.4606,938.7784,0.6821958
939.4606,938.7784,0.6821809
939.4606,938.7784,0.6821783
939.4606,938.7785,0.6821334
939.4606,938.7785,0.6821222
939.4606,938.7785,0.6820901
939.4606,938.7785,0.6820827
939.4606,938.7785,0.6820815
939.4606,938.7785,0.6820797
939.4606,938.7786,0.6820442
939.4606,938.7786,0.6820139
939.4606,938.7786,0.6820065
939.4606,938.7786,0.6819712
939.4606,938.7787,0.6819134
939.4606,938.7787,0.681898
939.4606,938.7787,0.6818833
939.4606,938.7787,0.6818666
939.4606,938.7788,0.6818346
939.4606,938.7788,0.6817914
939.4606,938.7788,0.6817644
939.4606,938.7788,0.6817608
939.4606,938.7789,0.6817377
939.4606,938.7789,0.6817373
939.4606,938.7789,0.681737
939.4606,938.7789,0.6816969
939.4606,938.7789,0.6816956
939.4606,938.7789,0.6816941
939.4606,938.779,0.6815929
939.4606,938.779,0.6815729
939.4606,938.779,0.6815593
939.4606,938.779,0.681559
939.4606,938.7791,0.6815064
939.4606,938.7791,0.6814909
939.4606,938.7791,0.6814741
939.4606,938.7791,0.681458
939.4606,938.7792,0.6814292
939.4606,938.7792,0.6814249
939.4606,938.7792,0.6814203
939.4606,938.7792,0.6813737
939.4606,938.7792,0.6813506
939.4606,938.7793,0.6813209
939.4606,938.7793,0.6813179
939.4606,938.7793,0.6813121
939.4606,938.7793,0.6812932
939.4606,938.7793,0.6812921
939.4606,938.7793,0.6812914
939.4606,938.7793,0.6812743
939.4606,938.7793,0.6812689
939.4606,938.7793,0.6812526
939.4606,938.7794,0.6812375
939.4606,938.7794,0.6812291
939.4606,938.7794,0.6811857
939.4606,938.7794,0.6811586
939.4606,938.7795,0.6811485
939.4606,938.7795,0.6811379
939.4606,938.7795,0.6811349
939.4606,938.7795,0.6811185
939.4606,938.7795,0.6811082
939.4606,938.7795,0.6811024
939.4606,938.7795,0.6810683
939.4606,938.7796,0.6810164
939.4606,938.7796,0.6809808
939.4606,938.7796,0.6809643
939.4606,938.7796,0.6809545
939.4606,938.7797,0.6809464
939.4606,938.7797,0.6809306
939.4606,938.7797,0.6809178
939.4606,938.7797,0.6809011
939.4606,938.7797,0.6808778
939.4606,938.7797,0.6808597
939.4606,938.7798,0.6808079
939.4606,938.7798,0.6807742
939.4606,938.7799,0.6807492
939.4606,938.7799,0.6807396
939.4606,938.7799,0.6807231
939.4606,938.7799,0.6806987
939.4606,938.7799,0.6806974
939.4606,938.7799,0.6806957
939.4606,938.7799,0.680687
939.4606,938.7799,0.68068
939.4606,938.78,0.6806452
939.4606,938.78,0.6806378
939.4606,938.78,0.6806258
939.4606,938.78,0.680596
939.4606,938.78,0.6805601
939.4606,938.78,0.6805571
939.4606,938.7801,0.6805309
939.4606,938.7801,0.6805104
939.4606,938.7801,0.6804839
939.4606,938.7801,0.6804734
939.4606,938.7801,0.6804591
939.4606,938.7802,0.6804269
939.4606,938.7802,0.6804154
939.4606,938.7802,0.6804075
939.4606,938.7802,0.6803807
939.4606,938.7802,0.680363
939.4606,938.7802,0.680356
939.4606,938.7802,0.680354
939.4606,938.7803,0.6803415
939.4606,938.7803,0.6803136
939.4606,938.7803,0.6803087
939.4606,938.7803,0.6802935
939.4606,938.7803,0.6802844
939.4606,938.7803,0.6802765
939.4606,938.7803,0.6802742
939.4606,938.7803,0.6802717
939.4606,938.7803,0.6802693
939.4606,938.7803,0.6802668
939.4606,938.7804,0.680216
939.4606,938.7804,0.6801691
939.4606,938.7804,0.6801631
939.4606,938.7804,0.6801596
939.4606,938.7805,0.680143
939.4606,938.7805,0.6801294
939.4606,938.7805,0.6801114
939.4606,938.7805,0.6801062
939.4606,938.7805,0.6800987
939.4606,938.7805,0.6800961
939.4606,938.7805,0.6800848
939.4606,938.7805,0.6800847
939.4606,938.7805,0.6800701
939.4606,938.7806,0.680039
939.4606,938.7806,0.6800341
939.4606,938.7806,0.6800067
939.4606,938.7806,0.6800063
939.4606,938.7806,0.6799841
939.4606,938.7806,0.6799731
939.4606,938.7806,0.6799701
939.4606,938.7806,0.6799693
939.4606,938.7806,0.6799554
939.4606,938.7806,0.6799525
939.4606,938.7807,0.6799262
939.4606,938.7807,0.6799028
939.4606,938.7807,0.6798696
939.4606,938.7807,0.679862
939.4606,938.7807,0.6798608
939.4606,938.7808,0.6798329
939.4606,938.7808,0.6798323
939.4606,938.7808,0.6798063
939.4606,938.7808,0.6797684
939.4606,938.7808,0.6797557
939.4606,938.7809,0.6797406
939.4606,938.7809,0.6797276
939.4606,938.7809,0.6796802
939.4606,938.7809,0.6796536
939.4606,938.781,0.679624
939.4606,938.781,0.6796226
939.4606,938.781,0.6796111
939.4606,938.781,0.6795924
939.4606,938.781,0.6795532
939.4606,938.7811,0.6795473
939.4606,938.7811,0.6795089
939.4606,938.7811,0.6794911
939.4606,938.7811,0.6794856
939.4606,938.7811,0.679485
939.4606,938.7811,0.6794789
939.4606,938.7811,0.6794769
939.4606,938.7811,0.6794678
939.4606,938.7811,0.6794668
939.4606,938.7812,0.6794373
939.4606,938.7812,0.6794267
939.4606,938.7812,0.6794258
939.4606,938.7812,0.6794221
939.4606,938.7812,0.6794199
939.4606,938.7812,0.6794169
939.4606,938.7812,0.6794164
939.4606,938.7812,0.6793875
939.4606,938.7812,0.6793664
939.4606,938.7812,0.6793586
939.4606,938.7812,0.6793566
939.4606,938.7813,0.6793356
939.4606,938.7813,0.6793055
939.4606,938.7813,0.6793023
939.4606,938.7813,0.6792821
939.4606,938.7813,0.6792759
939.4606,938.7813,0.6792665
939.4606,938.7814,0.6792447
939.4606,938.7814,0.6792439
939.4606,938.7814,0.6792353
939.4606,938.7814,0.679229
939.4606,938.7814,0.6792115
939.4606,938.7814,0.6792067
939.4606,938.7814,0.6791898
939.4606,938.7814,0.6791806
939.4606,938.7814,0.6791755
939.4606,938.7814,0.679169
939.4606,938.7814,0.6791653
939.4606,938.7814,0.6791591
939.4606,938.7815,0.6791487
939.4606,938.7815,0.6791237
939.4606,938.7815,0.6791113
939.4606,938.7815,0.6791074
939.4606,938.7815,0.6791047
939.4606,938.7815,0.6791037
939.4606,938.7815,0.6790864
939.4606,938.7815,0.6790773
939.4606,938.7815,0.6790602
939.4606,938.7816,0.6790452
939.4606,938.7816,0.6790409
939.4606,938.7816,0.679023
939.4606,938.7816,0.6789858
939.4606,938.7817,0.6789471
939.4606,938.7817,0.6789396
939.4606,938.7817,0.6789035
939.4606,938.7817,0.6788987
939.4606,938.7817,0.6788799
939.4606,938.7817,0.6788745
939.4606,938.7817,0.6788664
939.4606,938.7817,0.6788651
939.4606,938.7817,0.6788644
939.4606,938.7817,0.6788613
939.4606,938.7818,0.6788481
939.4606,938.7818,0.6788393
939.4606,938.7818,0.678839
939.4606,938.7818,0.6788286
939.4606,938.7818,0.6788232
939.4606,938.7818,0.6788096
939.4606,938.7818,0.6787981
939.4606,938.7818,0.6787915
939.4606,938.7818,0.6787795
939.4606,938.7818,0.6787769
939.4606,938.7818,0.6787731
939.4606,938.7818,0.6787574
939.4606,938.7818,0.6787552
939.4606,938.7819,0.6787447
939.4606,938.7819,0.6787246
939.4606,938.7819,0.6787108
939.4606,938.7819,0.6787089
939.4606,938.7819,0.6787024
939.4606,938.7819,0.6786963
939.4606,938.7819,0.6786955
939.4606,938.7819,0.6786951
939.4606,938.7819,0.6786835
939.4606,938.7819,0.6786703
939.4606,938.7819,0.6786521
939.4606,938.7819,0.6786517
939.4606,938.782,0.6786472
939.4606,938.782,0.6786459
939.4606,938.782,0.6786455
939.4606,938.782,0.6786365
939.4606,938.782,0.6786288
939.4606,938.782,0.6786074
939.4606,938.782,0.6785888
939.4606,938.782,0.6785559
939.4606,938.782,0.6785501
939.4606,938.7821,0.6785491
939.4606,938.7821,0.6785371
939.4606,938.7821,0.678516
939.4606,938.7821,0.6785026
939.4606,938.7821,0.6785002
939.4606,938.7821,0.6784748
939.4606,938.7821,0.6784652
939.4606,938.7821,0.6784554
939.4606,938.7822,0.6784499
939.4606,938.7822,0.6784487
939.4606,938.7822,0.6784461
939.4606,938.7822,0.6784202
939.4606,938.7822,0.6784149
939.4606,938.7822,0.6783935
939.4606,938.7822,0.6783872
939.4606,938.7822,0.6783869
939.4606,938.7822,0.6783546
939.4606,938.7823,0.6783476
939.4606,938.7823,0.678328
939.4606,938.7823,0.6783068
939.4606,938.7823,0.67829
939.4606,938.7823,0.6782721
939.4606,938.7823,0.6782627
939.4606,938.7823,0.678256
939.4606,938.7824,0.6782383
939.4606,938.7824,0.6782317
939.4606,938.7824,0.6782193
939.4606,938.7824,0.6782128
939.4606,938.7824,0.6781965
939.4606,938.7824,0.6781963
939.4606,938.7824,0.6781864
939.4606,938.7824,0.6781751
939.4606,938.7824,0.6781701
939.4606,938.7824,0.6781689
939.4606,938.7824,0.6781601
939.4606,938.7825,0.6781472
939.4606,938.7825,0.6781373
939.4606,938.7825,0.6781259
939.4606,938.7825,0.678113
939.4606,938.7825,0.6781042
939.4606,938.7825,0.6781022
939.4606,938.7825,0.6781008
939.4606,938.7825,0.6780722
939.4606,938.7825,0.6780716
939.4606,938.7825,0.6780581
939.4606,938.7826,0.6780187
939.4606,938.7826,0.678015
939.4606,938.7826,0.6780135
939.4606,938.7826,0.6780127
939.4606,938.7826,0.6780037
939.4606,938.7826,0.6779994
939.4606,938.7826,0.6779976
939.4606,938.7826,0.6779845
939.4606,938.7826,0.6779808
939.4606,938.7826,0.6779755
939.4606,938.7826,0.6779536
939.4606,938.7827,0.677945
939.4606,938.7827,0.6779428
939.4606,938.7827,0.6779356
939.4606,938.7827,0.6779294
939.4606,938.7827,0.6779184
939.4606,938.7827,0.6779087
939.4606,938.7827,0.6778948
939.4606,938.7827,0.6778904
939.4606,938.7827,0.6778846
939.4606,938.7827,0.6778804
939.4606,938.7827,0.6778684
939.4606,938.7827,0.6778658
939.4606,938.7827,0.6778578
939.4606,938.7828,0.6778466
939.4606,938.7828,0.6778351
939.4606,938.7828,0.677813
939.4606,938.7828,0.6777868
939.4606,938.7828,0.6777727
939.4606,938.7828,0.6777717
939.4606,938.7828,0.6777618
939.4606,938.7828,0.6777577
939.4606,938.7829,0.6777498
939.4606,938.7829,0.677749
939.4606,938.7829,0.6777322
939.4606,938.7829,0.6777223
939.4606,938.7829,0.6777196
939.4606,938.7829,0.6777149
939.4606,938.7829,0.6777043
939.4606,938.7829,0.6777001
939.4606,938.7829,0.6776808
939.4606,938.7829,0.6776702
939.4606,938.7829,0.6776654
939.4606,938.783,0.6776198
939.4606,938.783,0.6776124
939.4606,938.783,0.6776085
939.4606,938.783,0.677596
939.4606,938.783,0.6775669
939.4606,938.783,0.6775529
939.4606,938.7831,0.6775348
939.4606,938.7831,0.6775011
939.4606,938.7831,0.677498
939.4606,938.7831,0.6774934
939.4606,938.7831,0.6774921
939.4606,938.7831,0.6774913
939.4606,938.7831,0.6774888
939.4606,938.7831,0.6774847
939.4606,938.7831,0.6774785
939.4606,938.7831,0.677475
939.4606,938.7831,0.6774631
939.4606,938.7832,0.6774301
939.4606,938.7832,0.677419
939.4606,938.7832,0.677412
939.4606,938.7832,0.677408
939.4606,938.7832,0.6773656
939.4606,938.7832,0.6773607
939.4606,938.7832,0.6773584
939.4606,938.7832,0.6773549
939.4606,938.7833,0.6773472
939.4606,938.7833,0.6773364
939.4606,938.7833,0.6773193
939.4606,938.7833,0.6772778
939.4606,938.7834,0.677248
939.4606,938.7834,0.6772392
939.4606,938.7834,0.6771958
939.4606,938.7834,0.6771912
939.4606,938.7834,0.6771884
939.4606,938.7834,0.6771703
939.4606,938.7834,0.6771611
939.4606,938.7834,0.6771558
939.4606,938.7835,0.6771433
939.4606,938.7835,0.6771244
939.4606,938.7835,0.6771188
939.4606,938.7835,0.6771064
939.4606,938.7835,0.6770813
939.4606,938.7835,0.6770779
939.4606,938.7835,0.6770521
939.4606,938.7836,0.6770495
939.4606,938.7836,0.6770334
939.4606,938.7836,0.6770246
939.4606,938.7836,0.6770179
939.4606,938.7836,0.6769994
939.4606,938.7836,0.6769991
939.4606,938.7836,0.6769934
939.4606,938.7836,0.6769809
939.4606,938.7836,0.6769676
939.4606,938.7836,0.6769611
939.4606,938.7837,0.6769287
939.4606,938.7837,0.6769246
939.4606,938.7837,0.6769033
939.4606,938.7837,0.6768968
939.4606,938.7837,0.6768873
939.4606,938.7838,0.6768388
939.4606,938.7838,0.6768265
939.4606,938.7838,0.676815
939.4606,938.7838,0.6768084
939.4606,938.7838,0.6768071
939.4606,938.7838,0.6767965
939.4606,938.7838,0.6767931
939.4606,938.7838,0.6767914
939.4606,938.7838,0.6767539
939.4606,938.7838,0.6767523
939.4606,938.7839,0.6767394
939.4606,938.7839,0.6767363
939.4606,938.7839,0.6767134
939.4606,938.7839,0.6767065
939.4606,938.7839,0.6766944
939.4606,938.7839,0.6766886
939.4606,938.7839,0.6766578
939.4606,938.784,0.6766494
939.4606,938.784,0.6766484
939.4606,938.784,0.6766384
939.4606,938.784,0.6766193
939.4606,938.784,0.6765977
939.4606,938.784,0.6765874
939.4606,938.784,0.6765868
939.4606,938.784,0.6765851
939.4606,938.784,0.6765707
939.4606,938.784,0.6765634
939.4606,938.784,0.6765615
939.4606,938.784,0.6765508
939.4606,938.7841,0.676523
939.4606,938.7841,0.6765158
939.4606,938.7841,0.6765052
939.4606,938.7841,0.6765017
939.4606,938.7841,0.6764971
939.4606,938.7841,0.6764935
939.4606,938.7841,0.676485
939.4606,938.7841,0.6764695
939.4606,938.7841,0.6764566
939.4606,938.7841,0.6764528
939.4606,938.7842,0.6764414
939.4606,938.7842,0.6764162
939.4606,938.7842,0.6764066
939.4606,938.7842,0.6763922
939.4606,938.7842,0.6763888
939.4606,938.7842,0.676371
939.4606,938.7842,0.6763596
939.4606,938.7842,0.6763558
939.4606,938.7843,0.6763421
939.4606,938.7843,0.6763346
939.4606,938.7843,0.6763045
939.4606,938.7843,0.6762893
939.4606,938.7843,0.6762829
939.4606,938.7844,0.6762447
939.4606,938.7844,0.6762398
939.4606,938.7844,0.6762383
939.4606,938.7844,0.6762279
939.4606,938.7844,0.6761867
939.4606,938.7844,0.6761645
939.4606,938.7845,0.6761351
939.4606,938.7845,0.6761319
939.4606,938.7845,0.6761319
939.4606,938.7845,0.6761316
939.4606,938.7845,0.6761126
939.4606,938.7845,0.676112
939.4606,938.7845,0.6761056
939.4606,938.7845,0.6760978
939.4606,938.7845,0.6760925
939.4606,938.7845,0.6760638
939.4606,938.7845,0.6760565
939.4606,938.7846,0.6760464
939.4606,938.7846,0.6760435
939.4606,938.7846,0.6760368
939.4606,938.7846,0.6760325
939.4606,938.7846,0.67603
939.4606,938.7846,0.6760291
939.4606,938.7846,0.6760161
939.4606,938.7846,0.6760134
939.4606,938.7846,0.6760078
939.4606,938.7846,0.6759782
939.4606,938.7846,0.6759758
939.4606,938.7846,0.675972
939.4606,938.7847,0.6759419
939.4606,938.7847,0.6759369
939.4606,938.7847,0.6759332
939.4606,938.7847,0.6759242
939.4606,938.7847,0.6759208
939.4606,938.7847,0.6759004
939.4606,938.7847,0.6758994
939.4606,938.7847,0.6758802
939.4606,938.7847,0.6758663
939.4606,938.7847,0.675853
939.4606,938.7848,0.6758356
939.4606,938.7848,0.675819
939.4606,938.7848,0.6757936
939.4606,938.7848,0.6757816
939.4606,938.7848,0.6757598
939.4606,938.7849,0.6756805
939.4606,938.7849,0.6756666
939.4606,938.7849,0.6756555
939.4606,938.7849,0.675652
939.4606,938.785,0.6756244
939.4606,938.785,0.6756221
939.4606,938.785,0.675617
939.4606,938.785,0.6756115
939.4606,938.785,0.6756007
939.4606,938.785,0.6755967
939.4606,938.785,0.6755831
939.4606,938.785,0.6755545
939.4606,938.7851,0.6755406
939.4606,938.7851,0.6755134
939.4606,938.7851,0.6755046
939.4606,938.7851,0.6754587
939.4606,938.7852,0.6754499
939.4606,938.7852,0.6754438
939.4606,938.7852,0.6754132
939.4606,938.7852,0.6753841
939.4606,938.7852,0.6753653
939.4606,938.7852,0.6753546
939.4606,938.7853,0.675346
939.4606,938.7853,0.6753298
939.4606,938.7853,0.6753193
939.4606,938.7853,0.6753051
939.4606,938.7853,0.6752711
939.4606,938.7853,0.6752651
939.4606,938.7853,0.6752608
939.4606,938.7853,0.6752504
939.4606,938.7854,0.6752277
939.4606,938.7854,0.6752106
939.4606,938.7854,0.6752031
939.4606,938.7854,0.6751951
939.4606,938.7854,0.6751777
939.4606,938.7854,0.6751687
939.4606,938.7854,0.6751565
939.4606,938.7855,0.6751412
939.4606,938.7855,0.6751358
939.4606,938.7855,0.6750763
939.4606,938.7856,0.675043
939.4606,938.7856,0.67502
939.4606,938.7856,0.6750089
939.4606,938.7856,0.6749832
939.4606,938.7857,0.6749439
939.4606,938.7857,0.6749181
939.4606,938.7857,0.6748846
939.4606,938.7857,0.6748836
939.4606,938.7857,0.6748755
939.4606,938.7857,0.6748588
939.4606,938.7858,0.6748282
939.4606,938.7858,0.6748166
939.4606,938.7858,0.6748113
939.4606,938.7858,0.6748082
939.4606,938.7858,0.6747767
939.4606,938.7858,0.6747724
939.4606,938.7858,0.6747638
939.4606,938.7859,0.6747135
939.4606,938.7859,0.6747024
939.4606,938.7859,0.6746984
939.4606,938.7859,0.6746697
939.4606,938.7859,0.6746684
939.4606,938.786,0.6746126
939.4606,938.786,0.674586
939.4606,938.786,0.6745697
939.4606,938.786,0.6745694
939.4606,938.786,0.6745564
939.4606,938.786,0.6745556
939.4606,938.7861,0.6744847
939.4606,938.7861,0.6744789
939.4606,938.7862,0.6744492
939.4606,938.7862,0.6744458
939.4606,938.7862,0.6744381
939.4606,938.7862,0.674433
939.4606,938.7862,0.6744252
939.4606,938.7862,0.6744137
939.4606,938.7862,0.6743918
939.4606,938.7863,0.6743274
939.4606,938.7863,0.6742679
939.4606,938.7863,0.6742594
939.4606,938.7864,0.6742358
939.4606,938.7864,0.6742279
939.4606,938.7864,0.6742223
939.4606,938.7864,0.6741928
939.4606,938.7864,0.6741508
939.4606,938.7865,0.6741183
939.4606,938.7865,0.6741007
939.4606,938.7865,0.6740901
939.4606,938.7865,0.6740546
939.4606,938.7866,0.6740376
939.4606,938.7866,0.674017
939.4606,938.7866,0.6739992
939.4606,938.7866,0.6739811
939.4606,938.7866,0.6739685
939.4606,938.7867,0.6739168
939.4606,938.7867,0.6739049
939.4606,938.7867,0.6739001
939.4606,938.7869,0.6737331
939.4606,938.7869,0.6736955
939.4606,938.787,0.6736377
939.4606,938.787,0.6736158
939.4606,938.787,0.6735911
939.4606,938.787,0.6735598
939.4606,938.7871,0.6735292
939.4606,938.7871,0.6735159
939.4606,938.7871,0.6735092
939.4606,938.7871,0.6734944
939.4606,938.7871,0.673486
939.4606,938.7871,0.6734504
939.4606,938.7872,0.6733819
939.4606,938.7873,0.673325
939.4606,938.7873,0.6733125
939.4606,938.7873,0.6732671
939.4606,938.7874,0.6731627
939.4606,938.7875,0.6731291
939.4606,938.7875,0.6731215
939.4606,938.7875,0.6730931
939.4606,938.7875,0.6730752
939.4606,938.7876,0.6730459
939.4606,938.7876,0.6730385
939.4606,938.7876,0.6730381
939.4606,938.7876,0.6730036
939.4606,938.7876,0.6729602
939.4606,938.7877,0.6729263
939.4606,938.7877,0.672905
939.4606,938.7878,0.6728173
939.4606,938.7878,0.6727806
939.4606,938.7878,0.6727534
939.4606,938.7879,0.6726613
939.4606,938.788,0.6726186
939.4606,938.788,0.6726067
939.4606,938.788,0.6725695
939.4606,938.788,0.6725585
939.4606,938.788,0.6725527
939.4606,938.7881,0.6725102
939.4606,938.7881,0.6724608
939.4606,938.7881,0.6724503
939.4606,938.7882,0.672392
939.4606,938.7882,0.6723679
939.4606,938.7883,0.6723311
939.4606,938.7884,0.6722314
939.4606,938.7885,0.6721346
939.4606,938.7885,0.6720662
939.4606,938.7887,0.6718619
939.4606,938.7888,0.671847
939.4606,938.7888,0.671814
939.4606,938.7888,0.6718125
939.4606,938.7888,0.6717563
939.4606,938.7889,0.6716706
939.4606,938.789,0.6716094
939.4606,938.789,0.6716009
939.4606,938.789,0.671593
939.4606,938.7891,0.6715038
939.4606,938.7891,0.6714985
939.4606,938.7892,0.6714285
939.4606,938.7893,0.6712861
939.4606,938.7894,0.6711989
939.4606,938.7894,0.6711722
939.4606,938.7894,0.6711575
939.4606,938.7895,0.671139
939.4606,938.7896,0.6710421
939.4606,938.7896,0.6709721
939.4606,938.7896,0.6709716
939.4606,938.7897,0.670905
939.4606,938.7898,0.6708245
939.4606,938.7899,0.670739
939.4606,938.7901,0.6705273
939.4606,938.7902,0.6703501
939.4606,938.7904,0.6702477
939.4606,938.7906,0.670046
939.4606,938.7906,0.6700116
939.4606,938.7908,0.6698453
939.4606,938.7908,0.6698034
939.4606,938.7908,0.6697528
939.4606,938.7909,0.6697274
939.4606,938.7909,0.6696732
939.4606,938.7914,0.6691794
939.4606,938.7914,0.6691692
939.4606,938.7916,0.668986
939.4606,938.7918,0.6688371
939.4606,938.7918,0.6688236
939.4606,938.7918,0.6687744
939.4606,938.792,0.6686195
939.4606,938.792,0.6686046
939.4606,938.792,0.66859
939.4606,938.7921,0.6684679
939.4606,938.7922,0.6683797
939.4606,938.7923,0.6683294
939.4606,938.7923,0.6682913
939.4606,938.7924,0.6681909
939.4606,938.7926,0.6679898
939.4606,938.7927,0.6679191
939.4606,938.7928,0.667829
939.4606,938.7928,0.6677621
939.4606,938.793,0.6676315
939.4606,938.793,0.6675761
939.4606,938.7931,0.6674569
939.4606,938.7932,0.6674478
939.4606,938.7934,0.6671897
939.4606,938.7935,0.6671258
939.4606,938.7937,0.6669387
939.4606,938.7937,0.6668785
939.4606,938.7939,0.6666793
939.4606,938.794,0.6666056
939.4606,938.7941,0.6664795
939.4606,938.7944,0.6662145
939.4606,938.7946,0.6660497
939.4606,938.7949,0.6656621
939.4606,938.795,0.6655776
939.4606,938.795,0.6655632
939.4606,938.7953,0.6652794
939.4606,938.7954,0.6652489
939.4606,938.7955,0.6650934
939.4606,938.796,0.664644
939.4606,938.7961,0.664486
939.4606,938.7966,0.6639974
939.4606,938.7968,0.663844
939.4606,938.7975,0.6631125
939.4606,938.7976,0.6630125
939.4606,938.7977,0.6628914
939.4606,938.7977,0.6628596
939.4606,938.7978,0.6628204
939.4606,938.7979,0.6626878
939.4606,938.7982,0.6624433
939.4606,938.7984,0.6622405
939.4606,938.7988,0.6618188
939.4606,938.7988,0.6618012
939.4606,938.7989,0.6617163
939.4606,938.7993,0.6613142
939.4606,938.7994,0.6612273
939.4606,938.7994,0.6611604
939.4606,938.7995,0.661093
939.4606,938.7996,0.6610144
939.4606,938.8007,0.6598688
939.4606,938.8009,0.6596793
939.4606,938.8011,0.6595487
939.4606,938.8012,0.6593526
939.4606,938.8013,0.6592679
939.4606,938.8013,0.6592519
939.4606,938.8015,0.6591129
939.4606,938.8018,0.658824
939.4606,938.8025,0.6581468
939.4606,938.8027,0.6579313
939.4606,938.803,0.6576303
939.4606,938.8031,0.65751
939.4606,938.8032,0.6573802
939.4606,938.8036,0.6570496
939.4606,938.8041,0.6565115
939.4606,938.8044,0.6562061
939.4606,938.8046,0.6560484
939.4606,938.8046,0.6560267
939.4606,938.8046,0.65602
939.4606,938.8051,0.6555287
939.4606,938.8051,0.655472
939.4606,938.8054,0.6552451
939.4606,938.8061,0.6544835
939.4606,938.8066,0.6539911
939.4606,938.8069,0.6537266
939.4606,938.8071,0.6534643
939.4606,938.8074,0.6532477
939.4606,938.808,0.6526022
939.4606,938.8081,0.6525365
939.4606,938.8083,0.6522978
939.4606,938.8084,0.6522177
939.4606,938.8084,0.6522086
939.4606,938.8088,0.6517741
939.4606,938.8092,0.6513927
939.4606,938.8093,0.6512569
939.4606,938.8094,0.6512103
939.4606,938.8094,0.65116
939.4606,938.8094,0.6511589
939.4606,938.8099,0.6506928
939.4606,938.8102,0.6504128
939.4606,938.8102,0.6503984
939.4606,938.8103,0.6503002
939.4606,938.8105,0.6500971
939.4606,938.8107,0.6498989
939.4606,938.8109,0.649708
939.4606,938.8109,0.649693
939.4606,938.8109,0.649675
939.4606,938.8112,0.649421
939.4606,938.8113,0.649323
939.4606,938.8113,0.6492782
939.4606,938.8117,0.6488909
939.4606,938.8118,0.6487511
939.4606,938.812,0.6485568
939.4606,938.8121,0.6485204
939.4606,938.8121,0.6484919
939.4606,938.8123,0.6483441
939.4606,938.8123,0.648309
939.4606,938.8124,0.6481971
939.4606,938.8125,0.6480778
939.4606,938.8125,0.6480682
939.4606,938.8125,0.6480638
939.4606,938.8126,0.6479661
939.4606,938.8127,0.6479166
939.4606,938.8131,0.6475093
939.4606,938.8131,0.6474831
939.4606,938.8131,0.6474568
939.4606,938.8132,0.6473881
939.4606,938.8133,0.6473255
939.4606,938.8133,0.6472649
939.4606,938.8133,0.647255
939.4606,938.8134,0.6472326
939.4606,938.8137,0.6468952
939.4606,938.8139,0.6466972
939.4606,938.8141,0.6464511
939.4606,938.8142,0.6463522
939.4606,938.8143,0.6462986
939.4606,938.8146,0.6459948
939.4606,938.8149,0.6457015
939.4606,938.8151,0.6455463
939.4606,938.8152,0.6453942
939.4606,938.8153,0.6452603
939.4606,938.8154,0.6452354
939.4606,938.8163,0.6443429
939.4606,938.8164,0.6442323
939.4606,938.8164,0.6441746
939.4606,938.8164,0.6441549
939.4606,938.8165,0.6440712
939.4606,938.8167,0.6439198
939.4606,938.8169,0.643747
939.4606,938.8173,0.6433392
939.4606,938.8173,0.6433377
939.4606,938.8175,0.6431367
939.4606,938.8175,0.6430542
939.4606,938.8176,0.6429726
939.4606,938.8185,0.6420851
939.4606,938.8185,0.6420849
939.4606,938.8187,0.6419192
939.4606,938.8189,0.6416925
939.4606,938.819,0.6415866
939.4606,938.8191,0.6414619
939.4606,938.8192,0.6413917
939.4606,938.8193,0.6412766
939.4606,938.8193,0.6412541
939.4606,938.8195,0.6410868
939.4606,938.8214,0.6391608
939.4606,938.8217,0.6389052
939.4606,938.8221,0.6384875
939.4606,938.8256,0.6350246
939.4606,938.8266,0.6339681
939.4606,938.8331,0.6275359
939.4606,938.8551,0.6054875
939.4606,938.8589,0.6016797
939.4606,938.8602,0.6003925
939.4606,938.8613,0.5993365
939.4606,938.8614,0.5992479
939.4606,938.8631,0.5975404
939.4606,938.8633,0.5973467
939.4606,938.864,0.596625
939.4606,938.8646,0.5959596
939.4606,938.8647,0.5958541
939.4606,938.8665,0.5941268
939.4606,938.8669,0.593708
939.4606,938.867,0.5935792
939.4606,938.8675,0.5930929
939.4606,938.8681,0.5924825
939.4606,938.8687,0.5918965
939.4606,938.8689,0.5916539
939.4606,938.8691,0.5914913
939.4606,938.8692,0.59143
939.4606,938.8692,0.5914118
939.4606,938.8702,0.5903653
939.4606,938.8702,0.5903645
939.4606,938.8705,0.5901466
939.4606,938.8705,0.5900856
939.4606,938.8715,0.5890955
939.4606,938.8717,0.5889422
939.4606,938.8719,0.5887351
939.4606,938.8721,0.5885498
939.4606,938.8722,0.588381
939.4606,938.8728,0.5878133
939.4606,938.8733,0.5872519
939.4606,938.8734,0.5872183
939.4606,938.8739,0.5866542
939.4606,938.8761,0.5844544
939.4606,938.8765,0.5841106
939.4606,938.877,0.5835835
939.4606,938.8771,0.5835491
939.4606,938.8771,0.5835292
939.4606,938.8773,0.5832711
939.4606,938.8774,0.5831949
939.4606,938.8775,0.5831357
939.4606,938.8792,0.5814071
939.4606,938.8792,0.5813746
939.4606,938.8793,0.5813465
939.4606,938.8793,0.5812893
939.4606,938.8795,0.5811315
939.4606,938.8797,0.5808501
939.4606,938.8799,0.5806515
939.4606,938.8809,0.5796539
939.4606,938.881,0.5796007
939.4606,938.8812,0.5793639
939.4606,938.8816,0.5790006
939.4606,938.8817,0.5788871
939.4606,938.882,0.5785671
939.4606,938.8825,0.5780916
939.4606,938.8834,0.5772017
939.4606,938.8838,0.5767903
939.4606,938.8839,0.5767268
939.4606,938.885,0.5756049
939.4606,938.8857,0.5748583
939.4606,938.8876,0.5729765
939.4606,938.8878,0.5728347
939.4606,938.8884,0.572212
939.4606,938.8884,0.5721931
939.4606,938.889,0.5716259
939.4606,938.8907,0.5698835
939.4606,938.894,0.5666123
939.4606,938.8982,0.5623976
939.4606,938.8987,0.5619403
939.4606,938.901,0.559602
939.4606,938.905,0.5555838
939.4606,938.9079,0.5527018
939.4606,938.9117,0.5489365
939.4606,938.9246,0.5360331
939.4606,938.9277,0.5328783
939.4606,938.9307,0.5298702
939.4606,938.9313,0.5292945
939.4606,938.9322,0.5284455
939.4606,938.9324,0.5281616
939.4606,938.933,0.5275658
939.4606,938.9333,0.5272882
939.4606,938.9347,0.5259355
939.4606,938.9351,0.525548
939.4606,938.9353,0.5253135
939.4606,938.9357,0.5249432
939.4606,938.9368,0.5237871
939.4606,938.9377,0.52294
939.4606,938.9378,0.5227929
939.4606,938.9381,0.5224652
939.4606,938.9386,0.5220315
939.4606,938.94,0.5205775
939.4606,938.9408,0.5198088
939.4606,938.9422,0.5184309
939.4606,938.9425,0.5180647
939.4606,938.9426,0.5179529
939.4606,938.9431,0.5174705
939.4606,938.9433,0.5172523
939.4606,938.9439,0.5167288
939.4606,938.9442,0.5163862
939.4606,938.9442,0.5163609
939.4606,938.9443,0.5163221
939.4606,938.9448,0.5157866
939.4606,938.9451,0.5154809
939.4606,938.9451,0.5154607
939.4606,938.9452,0.5153797
939.4606,938.9454,0.5151652
939.4606,938.9457,0.5148963
939.4606,938.9459,0.5146624
939.4606,938.9461,0.5145044
939.4606,938.9464,0.5142073
939.4606,938.9465,0.5141198
939.4606,938.9467,0.5138634
939.4606,938.9468,0.5138256
939.4606,938.9471,0.5135385
939.4606,938.9471,0.5134537
939.4606,938.9474,0.5131918
939.4606,938.9474,0.5131609
939.4606,938.9475,0.5130508
939.4606,938.9477,0.5129401
939.4606,938.9478,0.5128285
939.4606,938.9478,0.5127663
939.4606,938.9481,0.5124822
939.4606,938.9482,0.5124395
939.4606,938.9482,0.5124297
939.4606,938.9484,0.5121788
939.4606,938.9485,0.5120955
939.4606,938.9486,0.5120151
939.4606,938.9486,0.512015
939.4606,938.9489,0.5117396
939.4606,938.9489,0.5116885
939.4606,938.949,0.5116236
939.4606,938.9492,0.5114291
939.4606,938.9493,0.5112518
939.4606,938.9494,0.5112497
939.4606,938.9494,0.5111746
939.4606,938.9494,0.5111515
939.4606,938.9495,0.5111095
939.4606,938.9495,0.5111016
939.4606,938.9495,0.5110801
939.4606,938.9496,0.5110271
939.4606,938.9496,0.5110119
939.4606,938.9496,0.510961
939.4606,938.9498,0.5108456
939.4606,938.9498,0.5108345
939.4606,938.9499,0.5106842
939.4606,938.9499,0.5106795
939.4606,938.9499,0.51065
939.4606,938.95,0.5106056
939.4606,938.9503,0.5103281
939.4606,938.9503,0.5102915
939.4606,938.9503,0.5102897
939.4606,938.9503,0.5102574
939.4606,938.9503,0.5102548
939.4606,938.9504,0.5101523
939.4606,938.9505,0.5101139
939.4606,938.9505,0.5100773
939.4606,938.9506,0.5100319
939.4606,938.9507,0.5098908
939.4606,938.9507,0.5098771
939.4606,938.9508,0.5098376
939.4606,938.9508,0.5098208
939.4606,938.9508,0.5098149
939.4606,938.9508,0.5098013
939.4606,938.9508,0.5097514
939.4606,938.9509,0.5097201
939.4606,938.9509,0.5097155
939.4606,938.951,0.5096
939.4606,938.9511,0.5095421
939.4606,938.9512,0.50943
939.4606,938.9513,0.5093304
939.4606,938.9515,0.5091477
939.4606,938.9515,0.5091085
939.4606,938.9515,0.5091008
939.4606,938.9517,0.508946
939.4606,938.9517,0.5089187
939.4606,938.9518,0.5087598
939.4606,938.9518,0.5087575
939.4606,938.9519,0.5087496
939.4606,938.9519,0.5086956
939.4606,938.952,0.5085676
939.4606,938.952,0.5085596
939.4606,938.9521,0.5085321
939.4606,938.9522,0.5084154
939.4606,938.9523,0.5083345
939.4606,938.9523,0.5083334
939.4606,938.9523,0.5083143
939.4606,938.9523,0.5082802
939.4606,938.9523,0.5082718
939.4606,938.9523,0.5082568
939.4606,938.9524,0.5082329
939.4606,938.9524,0.5082297
939.4606,938.9524,0.5082086
939.4606,938.9524,0.5081954
939.4606,938.9524,0.5081576
939.4606,938.9525,0.5081043
939.4606,938.9525,0.5081025
939.4606,938.9526,0.508019
939.4606,938.9526,0.5080043
939.4606,938.9527,0.5079193
939.4606,938.9527,0.5078871
939.4606,938.9528,0.5078279
939.4606,938.9529,0.5077087
939.4606,938.9529,0.5077024
939.4606,938.9529,0.5076868
939.4606,938.9529,0.5076861
939.4606,938.9529,0.5076861
939.4606,938.9529,0.5076781
939.4606,938.953,0.5075865
939.4606,938.953,0.5075722
939.4606,938.9531,0.5075475
939.4606,938.9531,0.507508
939.4606,938.9531,0.5075017
939.4606,938.9532,0.5074457
939.4606,938.9532,0.5074311
939.4606,938.9532,0.5074146
939.4606,938.9533,0.5072909
939.4606,938.9533,0.5072518
939.4606,938.9534,0.507231
939.4606,938.9534,0.5072171
939.4606,938.9534,0.5072077
939.4606,938.9534,0.5071996
939.4606,938.9534,0.507174
939.4606,938.9535,0.5071059
939.4606,938.9535,0.5070884
939.4606,938.9535,0.5070734
939.4606,938.9535,0.5070704
939.4606,938.9535,0.5070584
939.4606,938.9536,0.5070409
939.4606,938.9536,0.5069996
939.4606,938.9536,0.5069951
939.4606,938.9536,0.506987
939.4606,938.9536,0.5069764
939.4606,938.9536,0.5069745
939.4606,938.9537,0.5069349
939.4606,938.9537,0.5069169
939.4606,938.9537,0.5068963
939.4606,938.9537,0.5068786
939.4606,938.9537,0.506872
939.4606,938.9538,0.5068079
939.4606,938.9538,0.5068021
939.4606,938.9538,0.5067778
939.4606,938.9538,0.506773
939.4606,938.9538,0.5067693
939.4606,938.9538,0.5067665
939.4606,938.9538,0.5067529
939.4606,938.9539,0.506733
939.4606,938.9539,0.5067159
939.4606,938.9539,0.5066996
939.4606,938.9539,0.5066519
939.4606,938.954,0.5066155
939.4606,938.954,0.5065956
939.4606,938.954,0.5065791
939.4606,938.954,0.5065789
939.4606,938.954,0.5065686
939.4606,938.9541,0.5065442
939.4606,938.9541,0.5065438
939.4606,938.9541,0.5065118
939.4606,938.9541,0.506493
939.4606,938.9541,0.5064778
939.4606,938.9541,0.5064512
939.4606,938.9542,0.5064095
939.4606,938.9542,0.5064077
939.4606,938.9542,0.5063835
939.4606,938.9542,0.5063775
939.4606,938.9543,0.5063165
939.4606,938.9543,0.5063133
939.4606,938.9543,0.5063119
939.4606,938.9543,0.5062593
939.4606,938.9544,0.5062296
939.4606,938.9544,0.506217
939.4606,938.9544,0.5062
939.4606,938.9545,0.5061371
939.4606,938.9545,0.5060981
939.4606,938.9545,0.5060875
939.4606,938.9545,0.5060729
939.4606,938.9545,0.5060727
939.4606,938.9545,0.5060548
939.4606,938.9546,0.5060174
939.4606,938.9546,0.5060083
939.4606,938.9546,0.5060044
939.4606,938.9547,0.5059486
939.4606,938.9547,0.5059446
939.4606,938.9547,0.505943
939.4606,938.9547,0.5059121
939.4606,938.9547,0.5059097
939.4606,938.9547,0.5059036
939.4606,938.9547,0.5058742
939.4606,938.9547,0.5058664
939.4606,938.9547,0.5058511
939.4606,938.9548,0.5058396
939.4606,938.9548,0.5058258
939.4606,938.9548,0.5057991
939.4606,938.9549,0.5057415
939.4606,938.9549,0.5056764
939.4606,938.9549,0.5056556
939.4606,938.955,0.505648
939.4606,938.955,0.5056423
939.4606,938.955,0.5055597
939.4606,938.9551,0.5055219
939.4606,938.9551,0.5055026
939.4606,938.9551,0.5054517
939.4606,938.9552,0.5054471
939.4606,938.9552,0.5054256
939.4606,938.9552,0.5053789
939.4606,938.9553,0.5053224
939.4606,938.9553,0.5052987
939.4606,938.9554,0.5051938
939.4606,938.9554,0.5051796
939.4606,938.9554,0.5051715
939.4606,938.9554,0.505161
939.4606,938.9554,0.5051526
939.4606,938.9555,0.5051318
939.4606,938.9555,0.5051199
939.4606,938.9555,0.5051159
939.4606,938.9555,0.5051084
939.4606,938.9555,0.505097
939.4606,938.9555,0.5050703
939.4606,938.9556,0.5050455
939.4606,938.9556,0.5050327
939.4606,938.9556,0.5050145
939.4606,938.9556,0.5049765
939.4606,938.9557,0.5049444
939.4606,938.9557,0.5049243
939.4606,938.9557,0.5048576
939.4606,938.9558,0.5048448
939.4606,938.9558,0.5048357
939.4606,938.9558,0.5048153
939.4606,938.9558,0.5047689
939.4606,938.9558,0.5047528
939.4606,938.9559,0.5047354
939.4606,938.9559,0.5047229
939.4606,938.9559,0.5046684
939.4606,938.9559,0.5046584
939.4606,938.956,0.5046453
939.4606,938.956,0.5046438
939.4606,938.956,0.5046104
939.4606,938.956,0.5045867
939.4606,938.9561,0.5045316
939.4606,938.9561,0.5045253
939.4606,938.9561,0.5045083
939.4606,938.9561,0.5044925
939.4606,938.9561,0.5044593
939.4606,938.9563,0.5043005
939.4606,938.9564,0.5042013
939.4606,938.9565,0.5041033
939.4606,938.9565,0.5041
939.4606,938.9566,0.5040419
939.4606,938.9567,0.5039242
939.4606,938.9567,0.5038771
939.4606,938.9567,0.5038599
939.4606,938.9568,0.5038085
939.4606,938.9568,0.503807
939.4606,938.9568,0.5037886
939.4606,938.9569,0.5037402
939.4606,938.9569,0.503655
939.4606,938.9569,0.5036505
939.4606,938.957,0.5036378
939.4606,938.957,0.5036149
939.4606,938.957,0.5035699
939.4606,938.9571,0.5034983
939.4606,938.9572,0.5033958
939.4606,938.9573,0.5032958
939.4606,938.9574,0.5032488
939.4606,938.9574,0.5032405
939.4606,938.9574,0.5032343
939.4606,938.9574,0.5031554
939.4606,938.9576,0.5029538
939.4606,938.9577,0.5029473
939.4606,938.9577,0.5029
939.4606,938.9579,0.5026838
939.4606,938.9579,0.5026712
939.4606,938.958,0.5025998
939.4606,938.958,0.5025882
939.4606,938.958,0.5025769
939.4606,938.9583,0.5023421
939.4606,938.9583,0.5022867
939.4606,938.9584,0.5022048
939.4606,938.9585,0.5020691
939.4606,938.9586,0.5019895
939.4606,938.9586,0.5019878
939.4606,938.9586,0.5019519
939.4606,938.9587,0.5018996
939.4606,938.9588,0.5017957
939.4606,938.9588,0.5017949
939.4606,938.9588,0.5017524
939.4606,938.9589,0.5017093
939.4606,938.9589,0.5016995
939.4606,938.9589,0.5016951
939.4606,938.9589,0.501679
939.4606,938.9589,0.5016617
939.4606,938.9591,0.5014981
939.4606,938.9591,0.5014964
939.4606,938.9592,0.501397
939.4606,938.9592,0.5013598
939.4606,938.9593,0.5013089
939.4606,938.9593,0.5012863
939.4606,938.9593,0.5012777
939.4606,938.9596,0.5010473
939.4606,938.9596,0.5010143
939.4606,938.9597,0.5009065
939.4606,938.9598,0.5008259
939.4606,938.9599,0.5007288
939.4606,938.96,0.5006343
939.4606,938.9601,0.5004556
939.4606,938.9603,0.5002914
939.4606,938.9607,0.4999209
939.4606,938.9608,0.4998188
939.4606,938.961,0.4995797
939.4606,938.9614,0.4991936
939.4606,938.9617,0.4989076
939.4606,938.9619,0.4987076
939.4606,938.962,0.4986206
939.4606,938.9621,0.4985021
939.4606,938.9623,0.4983417
939.4606,938.9623,0.4983123
939.4606,938.9624,0.4981569
939.4606,938.9626,0.4980409
939.4606,938.9627,0.4979283
939.4606,938.9628,0.4977828
939.4606,938.9631,0.4974571
939.4606,938.9632,0.4974271
939.4606,938.9634,0.4971784
939.4606,938.9636,0.4970233
939.4606,938.9636,0.4970232
939.4606,938.9638,0.496825
939.4606,938.964,0.4966202
939.4606,938.9642,0.4964155
939.4606,938.9643,0.4963305
939.4606,938.9646,0.4959512
939.4606,938.965,0.4956488
939.4606,938.9652,0.4954164
939.4606,938.9654,0.4952211
939.4606,938.9654,0.495152
939.4606,938.9655,0.4951325
939.4606,938.9656,0.4950495
939.4606,938.9657,0.4948632
939.4606,938.9658,0.4947859
939.4606,938.9666,0.4939548
939.4606,938.9669,0.4936539
939.4606,938.9672,0.4934223
939.4606,938.9673,0.4932944
939.4606,938.9675,0.4931347
939.4606,938.9676,0.4930217
939.4606,938.9677,0.4929281
939.4606,938.9677,0.4929061
939.4606,938.9678,0.4928425
939.4606,938.968,0.4926265
939.4606,938.968,0.4925571
939.4606,938.9681,0.4925316
939.4606,938.9683,0.4923191
939.4606,938.9687,0.4918903
939.4606,938.9691,0.4914787
939.4606,938.9693,0.4912515
939.4606,938.9696,0.4910068
939.4606,938.9698,0.4907699
939.4606,938.97,0.4905772
939.4606,938.9704,0.4901911
939.4606,938.9704,0.490188
939.4606,938.9709,0.4897153
939.4606,938.971,0.4896062
939.4606,938.9715,0.4891322
939.4606,938.9719,0.4886926
939.4606,938.9723,0.4882728
939.4606,938.9728,0.4877616
939.4606,938.9731,0.4874844
939.4606,938.9737,0.4868837
939.4606,938.9738,0.4868338
939.4606,938.9748,0.485789
939.4606,938.9756,0.4850239
939.4606,938.9758,0.4848298
939.4606,938.9758,0.4847892
939.4606,938.9765,0.4841043
939.4606,938.9773,0.4832686
939.4606,938.9774,0.4831762
939.4606,938.9777,0.4829004
939.4606,938.9784,0.4821754
939.4606,938.9795,0.4810967
939.4606,938.9798,0.4808466
939.4606,938.98,0.4805555
939.4606,938.9802,0.480441
939.4606,938.9818,0.4788241
939.4606,938.982,0.4786001
939.4606,938.9827,0.47795
939.4606,938.983,0.4775656
939.4606,938.9836,0.4770269
939.4606,938.9858,0.4748249
939.4606,938.99,0.4706059
939.4606,938.9921,0.4684787
939.4606,938.9922,0.4684195
939.4606,938.9941,0.466512
939.4606,938.9943,0.4663495
939.4606,938.9945,0.4660708
939.4606,938.9946,0.4660132
939.4606,938.9948,0.4658023
939.4606,938.9952,0.465367
939.4606,938.9953,0.4653429
939.4606,938.9955,0.4650963
939.4606,938.997,0.4636293
939.4606,938.9975,0.4631331
939.4606,938.9976,0.4630309
939.4606,938.998,0.4626287
939.4606,938.998,0.4626174
939.4606,938.9981,0.4625472
939.4606,938.9983,0.4622845
939.4606,938.9987,0.4618846
939.4606,938.9987,0.4618628
939.4606,938.9988,0.4618275
939.4606,938.9989,0.4617173
939.4606,938.9989,0.461658
939.4606,938.9992,0.4614489
939.4606,938.9992,0.4614292
939.4606,938.9992,0.4613794
939.4606,938.9994,0.4611946
939.4606,938.9994,0.4611934
939.4606,938.9995,0.461115
939.4606,938.9996,0.4610311
939.4606,938.9996,0.4609645
939.4606,938.9997,0.4609476
939.4606,938.9997,0.4609242
939.4606,938.9999,0.4607466
939.4606,938.9999,0.4606919
939.4606,939.0004,0.4601766
939.4606,939.0005,0.4601065
939.4606,939.0006,0.4599624
939.4606,939.0007,0.459924
939.4606,939.0009,0.459668
939.4606,939.001,0.4596092
939.4606,939.001,0.4595811
939.4606,939.0012,0.4594195
939.4606,939.0013,0.4593428
939.4606,939.0013,0.4593224
939.4606,939.0015,0.4591397
939.4606,939.0015,0.4591369
939.4606,939.0015,0.4590966
939.4606,939.0017,0.4589207
939.4606,939.0018,0.4588352
939.4606,939.0018,0.4588097
939.4606,939.002,0.4586056
939.4606,939.002,0.4585841
939.4606,939.0023,0.458346
939.4606,939.0023,0.4583246
939.4606,939.0023,0.4583096
939.4606,939.0026,0.4579584
939.4606,939.0029,0.4576746
939.4606,939.003,0.457648
939.4606,939.0031,0.4575201
939.4606,939.0036,0.4570421
939.4606,939.0036,0.4569741
939.4606,939.0036,0.4569662
939.4606,939.0039,0.45667
939.4606,939.0039,0.456662
939.4606,939.004,0.4566228
939.4606,939.0042,0.4563813
939.4606,939.0044,0.4562384
939.4606,939.0047,0.4558546
939.4606,939.0051,0.4554646
939.4606,939.0051,0.455456
939.4606,939.0057,0.4549262
939.4606,939.0057,0.4548636
939.4606,939.0058,0.4548311
939.4606,939.0061,0.45446
939.4606,939.0063,0.4543008
939.4606,939.0063,0.4542537
939.4606,939.0072,0.4534311
939.4606,939.0072,0.4533656
939.4606,939.0073,0.4532887
939.4606,939.0078,0.4527694
939.4606,939.0083,0.4523469
939.4606,939.0094,0.4511788
939.4606,939.0103,0.4503369
939.4606,939.0122,0.4483959
939.4606,939.0342,0.4263736
939.4606,939.0971,0.363507
939.4606,939.0987,0.3618641
939.4606,939.0991,0.3614854
939.4606,939.1016,0.358952
939.4606,939.1021,0.3585463
939.4606,939.1021,0.3584723
939.4606,939.1027,0.3578811
939.4606,939.1029,0.3577056
939.4606,939.1051,0.3554602
939.4606,939.1056,0.3550176
939.4606,939.1057,0.354876
939.4606,939.1058,0.3548056
939.4606,939.1061,0.3545431
939.4606,939.1064,0.3542064
939.4606,939.1065,0.3541161
939.4606,939.1069,0.3536922
939.4606,939.1071,0.3535256
939.4606,939.1071,0.3534551
939.4606,939.1074,0.3531995
939.4606,939.1077,0.3528817
939.4606,939.1078,0.3528324
939.4606,939.1079,0.3527244
939.4606,939.108,0.352597
939.4606,939.108,0.3525935
939.4606,939.1083,0.3522986
939.4606,939.1084,0.3522488
939.4606,939.1085,0.3521373
939.4606,939.1085,0.3521322
939.4606,939.1085,0.3521256
939.4606,939.1086,0.3520305
939.4606,939.1087,0.3519209
939.4606,939.1087,0.3519036
939.4606,939.1087,0.3519016
939.4606,939.1088,0.3518315
939.4606,939.1088,0.3517687
939.4606,939.1088,0.3517608
939.4606,939.1089,0.3517413
939.4606,939.1089,0.3517325
939.4606,939.1089,0.3516662
939.4606,939.109,0.3515739
939.4606,939.1091,0.3515443
939.4606,939.1092,0.3513866
939.4606,939.1093,0.3512882
939.4606,939.1096,0.3510231
939.4606,939.1097,0.3508721
939.4606,939.1098,0.3507744
939.4606,939.1098,0.350766
939.4606,939.1099,0.3506947
939.4606,939.11,0.3506366
939.4606,939.11,0.3505675
939.4606,939.1101,0.3505246
939.4606,939.1102,0.3503791
939.4606,939.1102,0.3503719
939.4606,939.1102,0.3503631
939.4606,939.1102,0.3503559
939.4606,939.1103,0.3502725
939.4606,939.1104,0.3502309
939.4606,939.1104,0.3502191
939.4606,939.1104,0.3502001
939.4606,939.1104,0.3501975
939.4606,939.1104,0.3501562
939.4606,939.1104,0.3501517
939.4606,939.1105,0.3501271
939.4606,939.1105,0.3500933
939.4606,939.1106,0.3500313
939.4606,939.1106,0.3500119
939.4606,939.1106,0.3499813
939.4606,939.1106,0.34998
939.4606,939.1106,0.3499747
939.4606,939.1107,0.3499395
939.4606,939.1107,0.349934
939.4606,939.1107,0.3499264
939.4606,939.1107,0.3499038
939.4606,939.1107,0.3498846
939.4606,939.1108,0.3498444
939.4606,939.1108,0.3498142
939.4606,939.1109,0.3497092
939.4606,939.1109,0.3497081
939.4606,939.1109,0.3497067
939.4606,939.1109,0.3496892
939.4606,939.1109,0.3496838
939.4606,939.1109,0.3496601
939.4606,939.1109,0.3496552
939.4606,939.111,0.3496169
939.4606,939.111,0.3496098
939.4606,939.111,0.3495906
939.4606,939.111,0.3495753
939.4606,939.1111,0.3495271
939.4606,939.1111,0.3494704
939.4606,939.1112,0.3494308
939.4606,939.1112,0.349427
939.4606,939.1112,0.3493794
939.4606,939.1113,0.3492711
939.4606,939.1113,0.3492632
939.4606,939.1114,0.3492415
939.4606,939.1116,0.3490367
939.4606,939.1116,0.3490228
939.4606,939.1117,0.3489499
939.4606,939.1117,0.3489225
939.4606,939.1117,0.3488779
939.4606,939.1118,0.3488045
939.4606,939.1118,0.348801
939.4606,939.1118,0.3487932
939.4606,939.1118,0.3487931
939.4606,939.1119,0.3487419
939.4606,939.1119,0.348739
939.4606,939.1119,0.3487312
939.4606,939.1119,0.3487131
939.4606,939.1119,0.3487096
939.4606,939.1119,0.3486936
939.4606,939.1119,0.3486701
939.4606,939.112,0.3486446
939.4606,939.112,0.3486434
939.4606,939.112,0.348631
939.4606,939.112,0.3485889
939.4606,939.112,0.3485634
939.4606,939.112,0.3485588
939.4606,939.1121,0.3485344
939.4606,939.1121,0.348525
939.4606,939.1121,0.3485122
939.4606,939.1121,0.3484991
939.4606,939.1121,0.3484951
939.4606,939.1121,0.3484692
939.4606,939.1121,0.3484586
939.4606,939.1122,0.3484497
939.4606,939.1122,0.3484387
939.4606,939.1122,0.3484367
939.4606,939.1122,0.3484301
939.4606,939.1122,0.3484075
939.4606,939.1122,0.3484042
939.4606,939.1122,0.3483533
939.4606,939.1123,0.3483082
939.4606,939.1123,0.3482846
939.4606,939.1123,0.3482557
939.4606,939.1124,0.3482154
939.4606,939.1124,0.3481991
939.4606,939.1124,0.3481572
939.4606,939.1125,0.348133
939.4606,939.1125,0.3481262
939.4606,939.1125,0.3481094
939.4606,939.1125,0.3480591
939.4606,939.1126,0.3480464
939.4606,939.1126,0.34804
939.4606,939.1126,0.3480388
939.4606,939.1126,0.3480019
939.4606,939.1126,0.3479983
939.4606,939.1126,0.3479828
939.4606,939.1126,0.3479795
939.4606,939.1126,0.3479703
939.4606,939.1127,0.347943
939.4606,939.1127,0.3478938
939.4606,939.1127,0.3478842
939.4606,939.1127,0.3478743
939.4606,939.1128,0.3478408
939.4606,939.1128,0.3478214
939.4606,939.1128,0.3478124
939.4606,939.1128,0.3477973
939.4606,939.1128,0.3477694
939.4606,939.1128,0.3477573
939.4606,939.1129,0.3477489
939.4606,939.1129,0.3477324
939.4606,939.1129,0.3477324
939.4606,939.1129,0.3477133
939.4606,939.1129,0.347689
939.4606,939.1129,0.3476754
939.4606,939.1129,0.3476583
939.4606,939.113,0.3476481
939.4606,939.113,0.3476152
939.4606,939.113,0.3476124
939.4606,939.113,0.3475992
939.4606,939.113,0.3475946
939.4606,939.113,0.3475905
939.4606,939.113,0.347554
939.4606,939.1131,0.3475427
939.4606,939.1131,0.3475335
939.4606,939.1131,0.3475263
939.4606,939.1131,0.3475186
939.4606,939.1131,0.3474823
939.4606,939.1131,0.347464
939.4606,939.1131,0.3474639
939.4606,939.1131,0.3474569
939.4606,939.1132,0.3474227
939.4606,939.1132,0.3474218
939.4606,939.1132,0.3473924
939.4606,939.1132,0.3473877
939.4606,939.1132,0.3473729
939.4606,939.1132,0.3473523
939.4606,939.1133,0.3473328
939.4606,939.1133,0.3473291
939.4606,939.1133,0.347318
939.4606,939.1133,0.3472832
939.4606,939.1133,0.3472765
939.4606,939.1133,0.3472597
939.4606,939.1134,0.3472438
939.4606,939.1134,0.3472314
939.4606,939.1134,0.3472257
939.4606,939.1134,0.3472066
939.4606,939.1134,0.3472052
939.4606,939.1134,0.3472013
939.4606,939.1134,0.3472003
939.4606,939.1134,0.3471954
939.4606,939.1134,0.3471882
939.4606,939.1134,0.3471878
939.4606,939.1135,0.3471427
939.4606,939.1135,0.3471316
939.4606,939.1135,0.3471188
939.4606,939.1135,0.3471049
939.4606,939.1135,0.3470748
939.4606,939.1135,0.3470631
939.4606,939.1136,0.3470441
939.4606,939.1136,0.3470272
939.4606,939.1136,0.3470024
939.4606,939.1136,0.3469965
939.4606,939.1136,0.3469892
939.4606,939.1136,0.3469872
939.4606,939.1136,0.346976
939.4606,939.1136,0.3469698
939.4606,939.1137,0.3469436
939.4606,939.1137,0.3469241
939.4606,939.1137,0.3469125
939.4606,939.1137,0.3468828
939.4606,939.1137,0.3468824
939.4606,939.1137,0.3468666
939.4606,939.1137,0.3468633
939.4606,939.1138,0.3468366
939.4606,939.1138,0.3467829
939.4606,939.1138,0.3467773
939.4606,939.1139,0.346746
939.4606,939.1139,0.3467283
939.4606,939.1139,0.3467074
939.4606,939.1139,0.3466862
939.4606,939.1139,0.3466858
939.4606,939.1139,0.3466791
939.4606,939.1139,0.3466746
939.4606,939.1139,0.3466603
939.4606,939.114,0.3466389
939.4606,939.114,0.3466369
939.4606,939.114,0.3466203
939.4606,939.114,0.3466107
939.4606,939.114,0.3466086
939.4606,939.114,0.3465634
939.4606,939.1141,0.3465268
939.4606,939.1141,0.3464822
939.4606,939.1141,0.34648
939.4606,939.1141,0.3464751
939.4606,939.1141,0.3464705
939.4606,939.1142,0.3464471
939.4606,939.1142,0.346429
939.4606,939.1142,0.3464214
939.4606,939.1142,0.3464164
939.4606,939.1142,0.3464146
939.4606,939.1142,0.3464046
939.4606,939.1142,0.3463913
939.4606,939.1142,0.3463868
939.4606,939.1142,0.3463847
939.4606,939.1142,0.3463676
939.4606,939.1142,0.3463565
939.4606,939.1143,0.3463488
939.4606,939.1143,0.3463453
939.4606,939.1143,0.3463259
939.4606,939.1143,0.3463248
939.4606,939.1143,0.3463232
939.4606,939.1143,0.3463129
939.4606,939.1143,0.3463067
939.4606,939.1143,0.3462868
939.4606,939.1143,0.3462794
939.4606,939.1143,0.3462711
939.4606,939.1143,0.3462707
939.4606,939.1143,0.3462622
939.4606,939.1144,0.3462386
939.4606,939.1144,0.3461846
939.4606,939.1144,0.34618
939.4606,939.1144,0.3461793
939.4606,939.1144,0.346173
939.4606,939.1144,0.3461692
939.4606,939.1145,0.346138
939.4606,939.1145,0.3461348
939.4606,939.1145,0.346122
939.4606,939.1145,0.3461136
939.4606,939.1145,0.3461111
939.4606,939.1145,0.3460968
939.4606,939.1145,0.3460966
939.4606,939.1145,0.3460747
939.4606,939.1145,0.3460704
939.4606,939.1145,0.3460642
939.4606,939.1145,0.3460637
939.4606,939.1145,0.3460589
939.4606,939.1146,0.3460312
939.4606,939.1146,0.3460228
939.4606,939.1146,0.346012
939.4606,939.1146,0.345986
939.4606,939.1146,0.3459734
939.4606,939.1147,0.3459434
939.4606,939.1147,0.3459402
939.4606,939.1147,0.3459299
939.4606,939.1147,0.3459099
939.4606,939.1147,0.345907
939.4606,939.1147,0.3458935
939.4606,939.1147,0.3458873
939.4606,939.1147,0.345872
939.4606,939.1147,0.3458695
939.4606,939.1147,0.3458634
939.4606,939.1147,0.3458631
939.4606,939.1147,0.3458629
939.4606,939.1147,0.3458566
939.4606,939.1147,0.3458512
939.4606,939.1147,0.3458511
939.4606,939.1148,0.3458482
939.4606,939.1148,0.3458434
939.4606,939.1148,0.3458398
939.4606,939.1148,0.3458141
939.4606,939.1148,0.3457844
939.4606,939.1148,0.3457793
939.4606,939.1148,0.3457762
939.4606,939.1148,0.3457619
939.4606,939.1148,0.3457593
939.4606,939.1148,0.3457592
939.4606,939.1148,0.3457515
939.4606,939.1149,0.3457373
939.4606,939.1149,0.3457356
939.4606,939.1149,0.345735
939.4606,939.1149,0.3457281
939.4606,939.1149,0.3457233
939.4606,939.1149,0.3457167
939.4606,939.1149,0.345715
939.4606,939.1149,0.3456926
939.4606,939.1149,0.3456801
939.4606,939.1149,0.3456772
939.4606,939.1149,0.3456722
939.4606,939.1149,0.3456719
939.4606,939.115,0.3456487
939.4606,939.115,0.3456368
939.4606,939.115,0.3456323
939.4606,939.115,0.3455969
939.4606,939.115,0.3455831
939.4606,939.115,0.3455816
939.4606,939.115,0.3455714
939.4606,939.115,0.34557
939.4606,939.115,0.3455679
939.4606,939.1151,0.3455494
939.4606,939.1151,0.3455492
939.4606,939.1151,0.3455226
939.4606,939.1151,0.3455173
939.4606,939.1151,0.3455141
939.4606,939.1151,0.3455046
939.4606,939.1151,0.3454889
939.4606,939.1151,0.3454805
939.4606,939.1151,0.3454532
939.4606,939.1151,0.3454504
939.4606,939.1151,0.3454501
939.4606,939.1152,0.3454483
939.4606,939.1152,0.3453846
939.4606,939.1152,0.3453828
939.4606,939.1152,0.3453801
939.4606,939.1152,0.34538
939.4606,939.1152,0.3453754
939.4606,939.1152,0.3453713
939.4606,939.1152,0.3453518
939.4606,939.1153,0.3453467
939.4606,939.1153,0.3453405
939.4606,939.1153,0.345338
939.4606,939.1153,0.3453275
939.4606,939.1153,0.345325
939.4606,939.1153,0.3453205
939.4606,939.1153,0.345305
939.4606,939.1153,0.3452996
939.4606,939.1153,0.3452792
939.4606,939.1153,0.3452762
939.4606,939.1153,0.3452728
939.4606,939.1153,0.345269
939.4606,939.1153,0.3452628
939.4606,939.1153,0.3452558
939.4606,939.1154,0.345248
939.4606,939.1154,0.3452178
939.4606,939.1154,0.345213
939.4606,939.1154,0.3452123
939.4606,939.1154,0.345212
939.4606,939.1154,0.3452011
939.4606,939.1154,0.3451862
939.4606,939.1154,0.3451849
939.4606,939.1154,0.3451807
939.4606,939.1154,0.3451797
939.4606,939.1154,0.3451738
939.4606,939.1154,0.3451703
939.4606,939.1154,0.3451619
939.4606,939.1154,0.3451592
939.4606,939.1154,0.3451566
939.4606,939.1154,0.3451532
939.4606,939.1155,0.3451372
939.4606,939.1155,0.3451272
939.4606,939.1155,0.3451233
939.4606,939.1155,0.3451118
939.4606,939.1155,0.3451087
939.4606,939.1155,0.3450811
939.4606,939.1155,0.3450716
939.4606,939.1155,0.3450542
939.4606,939.1156,0.3450475
939.4606,939.1156,0.3450401
939.4606,939.1156,0.3450368
939.4606,939.1156,0.3450338
939.4606,939.1156,0.3450331
939.4606,939.1156,0.3450263
939.4606,939.1156,0.3450237
939.4606,939.1156,0.3450186
939.4606,939.1156,0.3450138
939.4606,939.1156,0.3449981
939.4606,939.1156,0.3449946
939.4606,939.1156,0.3449893
939.4606,939.1156,0.3449779
939.4606,939.1156,0.3449743
939.4606,939.1156,0.3449714
939.4606,939.1156,0.3449592
939.4606,939.1156,0.3449569
939.4606,939.1156,0.3449543
939.4606,939.1156,0.3449509
939.4606,939.1157,0.3449235
939.4606,939.1157,0.3449217
939.4606,939.1157,0.3449201
939.4606,939.1157,0.3449146
939.4606,939.1157,0.3449135
939.4606,939.1157,0.3449111
939.4606,939.1157,0.3449091
939.4606,939.1157,0.3449025
939.4606,939.1157,0.3448756
939.4606,939.1157,0.3448658
939.4606,939.1158,0.3448431
939.4606,939.1158,0.3448418
939.4606,939.1158,0.3448369
939.4606,939.1158,0.3448353
939.4606,939.1158,0.3448295
939.4606,939.1158,0.3448247
939.4606,939.1158,0.3448245
939.4606,939.1158,0.3448195
939.4606,939.1158,0.344783
939.4606,939.1158,0.3447813
939.4606,939.1158,0.3447602
939.4606,939.1158,0.3447562
939.4606,939.1158,0.344755
939.4606,939.1158,0.3447548
939.4606,939.1158,0.3447537
939.4606,939.1159,0.3447468
939.4606,939.1159,0.3447433
939.4606,939.1159,0.344742
939.4606,939.1159,0.3447373
939.4606,939.1159,0.3447373
939.4606,939.1159,0.3447353
939.4606,939.1159,0.3447205
939.4606,939.1159,0.3446861
939.4606,939.1159,0.3446847
939.4606,939.1159,0.3446802
939.4606,939.1159,0.344677
939.4606,939.1159,0.3446722
939.4606,939.1159,0.344671
939.4606,939.116,0.3446467
939.4606,939.116,0.3446454
939.4606,939.116,0.3446448
939.4606,939.116,0.3446362
939.4606,939.116,0.3446349
939.4606,939.116,0.3446258
939.4606,939.116,0.344621
939.4606,939.116,0.3446136
939.4606,939.116,0.3446037
939.4606,939.116,0.3446005
939.4606,939.116,0.3445978
939.4606,939.116,0.3445856
939.4606,939.116,0.3445814
939.4606,939.116,0.3445807
939.4606,939.116,0.3445789
939.4606,939.116,0.3445672
939.4606,939.116,0.3445588
939.4606,939.1161,0.3445413
939.4606,939.1161,0.3445341
939.4606,939.1161,0.344528
939.4606,939.1161,0.3445097
939.4606,939.1161,0.3445046
939.4606,939.1162,0.3444313
939.4606,939.1162,0.3444254
939.4606,939.1162,0.3444216
939.4606,939.1162,0.344419
939.4606,939.1162,0.3444104
939.4606,939.1162,0.3444031
939.4606,939.1162,0.3443861
939.4606,939.1163,0.344347
939.4606,939.1163,0.3443196
939.4606,939.1163,0.3443112
939.4606,939.1163,0.3443089
939.4606,939.1163,0.3442951
939.4606,939.1163,0.3442592
939.4606,939.1163,0.3442571
939.4606,939.1164,0.3442492
939.4606,939.1164,0.3442454
939.4606,939.1164,0.3442399
939.4606,939.1164,0.344238
939.4606,939.1164,0.3442376
939.4606,939.1164,0.3442116
939.4606,939.1164,0.3442063
939.4606,939.1164,0.3441926
939.4606,939.1164,0.3441786
939.4606,939.1164,0.3441744
939.4606,939.1164,0.3441618
939.4606,939.1164,0.3441583
939.4606,939.1164,0.3441519
939.4606,939.1165,0.3441439
939.4606,939.1165,0.3441432
939.4606,939.1165,0.3441307
939.4606,939.1165,0.3441146
939.4606,939.1165,0.3441024
939.4606,939.1165,0.3441014
939.4606,939.1165,0.3440895
939.4606,939.1165,0.3440878
939.4606,939.1165,0.3440655
939.4606,939.1165,0.3440621
939.4606,939.1166,0.3440302
939.4606,939.1166,0.3440298
939.4606,939.1166,0.3440172
939.4606,939.1166,0.3439902
939.4606,939.1166,0.3439898
939.4606,939.1166,0.3439885
939.4606,939.1166,0.3439878
939.4606,939.1166,0.3439862
939.4606,939.1166,0.3439831
939.4606,939.1167,0.3439413
939.4606,939.1167,0.3439406
939.4606,939.1167,0.3439271
939.4606,939.1167,0.3439223
939.4606,939.1167,0.3439147
939.4606,939.1167,0.343866
939.4606,939.1168,0.3438482
939.4606,939.1168,0.3438381
939.4606,939.1168,0.3438236
939.4606,939.1168,0.3438071
939.4606,939.1168,0.343798
939.4606,939.1168,0.3437846
939.4606,939.1168,0.3437595
939.4606,939.1169,0.3437439
939.4606,939.1169,0.3437185
939.4606,939.1169,0.343703
939.4606,939.1169,0.3436967
939.4606,939.1169,0.3436896
939.4606,939.1169,0.3436883
939.4606,939.1169,0.3436865
939.4606,939.1169,0.3436772
939.4606,939.117,0.3436387
939.4606,939.117,0.3436184
939.4606,939.117,0.3435883
939.4606,939.117,0.3435714
939.4606,939.117,0.3435644
939.4606,939.117,0.3435536
939.4606,939.1171,0.3435338
939.4606,939.1171,0.3435273
939.4606,939.1171,0.3435126
939.4606,939.1171,0.3434911
939.4606,939.1171,0.3434758
939.4606,939.1171,0.3434645
939.4606,939.1171,0.3434513
939.4606,939.1172,0.343417
939.4606,939.1172,0.3434126
939.4606,939.1172,0.3434014
939.4606,939.1172,0.343394
939.4606,939.1172,0.3433748
939.4606,939.1172,0.3433702
939.4606,939.1172,0.3433654
939.4606,939.1172,0.343354
939.4606,939.1173,0.3433403
939.4606,939.1173,0.3433374
939.4606,939.1173,0.3433185
939.4606,939.1173,0.3433097
939.4606,939.1173,0.3432973
939.4606,939.1174,0.3432486
939.4606,939.1174,0.3432341
939.4606,939.1174,0.3432042
939.4606,939.1174,0.3431957
939.4606,939.1174,0.3431939
939.4606,939.1174,0.3431915
939.4606,939.1174,0.3431898
939.4606,939.1174,0.3431724
939.4606,939.1174,0.3431706
939.4606,939.1174,0.3431627
939.4606,939.1174,0.3431597
939.4606,939.1174,0.3431577
939.4606,939.1174,0.3431553
939.4606,939.1175,0.3430565
939.4606,939.1176,0.3430393
939.4606,939.1176,0.3430349
939.4606,939.1176,0.3430311
939.4606,939.1176,0.3430298
939.4606,939.1176,0.3430208
939.4606,939.1176,0.3430093
939.4606,939.1176,0.3430078
939.4606,939.1176,0.3430016
939.4606,939.1176,0.3429956
939.4606,939.1176,0.3429902
939.4606,939.1176,0.3429806
939.4606,939.1176,0.3429799
939.4606,939.1176,0.3429775
939.4606,939.1176,0.34297
939.4606,939.1177,0.3429119
939.4606,939.1177,0.3429115
939.4606,939.1177,0.3428958
939.4606,939.1177,0.3428741
939.4606,939.1177,0.3428715
939.4606,939.1177,0.3428687
939.4606,939.1178,0.3428493
939.4606,939.1178,0.3428386
939.4606,939.1178,0.3428339
939.4606,939.1178,0.3428264
939.4606,939.1178,0.3428264
939.4606,939.1178,0.3427985
939.4606,939.1178,0.3427863
939.4606,939.1178,0.3427763
939.4606,939.1178,0.3427703
939.4606,939.1179,0.3427466
939.4606,939.1179,0.3427418
939.4606,939.1179,0.3427353
939.4606,939.1179,0.3426844
939.4606,939.118,0.3426148
939.4606,939.118,0.3425939
939.4606,939.118,0.3425573
939.4606,939.1181,0.3425194
939.4606,939.1181,0.3425092
939.4606,939.1181,0.3424729
939.4606,939.1181,0.3424641
939.4606,939.1182,0.3424364
939.4606,939.1182,0.3424103
939.4606,939.1182,0.3423973
939.4606,939.1182,0.3423742
939.4606,939.1182,0.3423715
939.4606,939.1183,0.342328
939.4606,939.1183,0.3423257
939.4606,939.1183,0.34232
939.4606,939.1183,0.3423109
939.4606,939.1183,0.3422531
939.4606,939.1184,0.3422399
939.4606,939.1184,0.342227
939.4606,939.1184,0.342208
939.4606,939.1184,0.3422063
939.4606,939.1184,0.3421933
939.4606,939.1184,0.3421886
939.4606,939.1184,0.3421839
939.4606,939.1184,0.3421823
939.4606,939.1184,0.3421771
939.4606,939.1184,0.3421687
939.4606,939.1185,0.3421171
939.4606,939.1185,0.3420629
939.4606,939.1186,0.3420493
939.4606,939.1186,0.3420363
939.4606,939.1186,0.3420334
939.4606,939.1186,0.3420275
939.4606,939.1186,0.3419996
939.4606,939.1186,0.3419839
939.4606,939.1186,0.3419803
939.4606,939.1187,0.3419463
939.4606,939.1187,0.3419431
939.4606,939.1187,0.3419409
939.4606,939.1187,0.3419379
939.4606,939.1187,0.3419292
939.4606,939.1187,0.3419183
939.4606,939.1187,0.3418765
939.4606,939.1187,0.341876
939.4606,939.1188,0.3418456
939.4606,939.1188,0.3418352
939.4606,939.1188,0.3418225
939.4606,939.1188,0.3417947
939.4606,939.1188,0.3417689
939.4606,939.1188,0.3417515
939.4606,939.1189,0.341709
939.4606,939.1189,0.3416859
939.4606,939.1189,0.3416723
939.4606,939.1189,0.3416573
939.4606,939.119,0.3416326
939.4606,939.119,0.3416132
939.4606,939.119,0.3416109
939.4606,939.119,0.3416069
939.4606,939.119,0.3416069
939.4606,939.119,0.341596
939.4606,939.119,0.3415699
939.4606,939.119,0.3415698
939.4606,939.1191,0.3415249
939.4606,939.1191,0.3415236
939.4606,939.1191,0.3415073
939.4606,939.1191,0.3414922
939.4606,939.1191,0.3414621
939.4606,939.1192,0.3414473
939.4606,939.1192,0.3414353
939.4606,939.1192,0.3414235
939.4606,939.1192,0.3414006
939.4606,939.1192,0.3413976
939.4606,939.1192,0.3413875
939.4606,939.1192,0.3413597
939.4606,939.1193,0.3413289
939.4606,939.1193,0.3412669
939.4606,939.1194,0.3412462
939.4606,939.1194,0.3412009
939.4606,939.1194,0.3411979
939.4606,939.1194,0.3411703
939.4606,939.1194,0.3411598
939.4606,939.1195,0.3411232
939.4606,939.1195,0.3410763
939.4606,939.1196,0.3410298
939.4606,939.1196,0.3410288
939.4606,939.1196,0.3410234
939.4606,939.1196,0.340998
939.4606,939.1197,0.3409378
939.4606,939.1197,0.3409043
939.4606,939.1198,0.3408434
939.4606,939.1198,0.3407688
939.4606,939.1198,0.3407599
939.4606,939.1199,0.3407437
939.4606,939.1199,0.3407286
939.4606,939.1199,0.3407152
939.4606,939.1199,0.3406827
939.4606,939.1199,0.340664
939.4606,939.12,0.3405984
939.4606,939.12,0.3405908
939.4606,939.12,0.3405766
939.4606,939.1201,0.3405056
939.4606,939.1202,0.3404042
939.4606,939.1202,0.3403799
939.4606,939.1203,0.3403212
939.4606,939.1203,0.3402698
939.4606,939.1204,0.3402479
939.4606,939.1204,0.3402437
939.4606,939.1204,0.3402052
939.4606,939.1205,0.3401007
939.4606,939.1205,0.3400932
939.4606,939.1205,0.3400773
939.4606,939.1206,0.3399978
939.4606,939.1207,0.3399118
939.4606,939.1207,0.3398661
939.4606,939.1207,0.3398638
939.4606,939.1207,0.3398554
939.4606,939.1208,0.339839
939.4606,939.1208,0.3398169
939.4606,939.1208,0.3398109
939.4606,939.1208,0.3397755
939.4606,939.1209,0.339706
939.4606,939.1209,0.3397059
939.4606,939.1209,0.3396928
939.4606,939.121,0.3396454
939.4606,939.121,0.3396399
939.4606,939.121,0.3395715
939.4606,939.1213,0.339328
939.4606,939.1214,0.3392159
939.4606,939.1214,0.3391964
939.4606,939.1215,0.3391183
939.4606,939.1215,0.3390524
939.4606,939.1216,0.3389977
939.4606,939.1216,0.3389889
939.4606,939.1217,0.3389127
939.4606,939.1217,0.3388897
939.4606,939.1218,0.3388453
939.4606,939.1218,0.3388292
939.4606,939.1218,0.3388137
939.4606,939.1218,0.3387885
939.4606,939.1219,0.338735
939.4606,939.1219,0.3387217
939.4606,939.1219,0.3386876
939.4606,939.1219,0.3386574
939.4606,939.122,0.3386268
939.4606,939.122,0.3385805
939.4606,939.1221,0.3384999
939.4606,939.1222,0.3384367
939.4606,939.1222,0.3384252
939.4606,939.1222,0.3383615
939.4606,939.1223,0.3383418
939.4606,939.1224,0.3381977
939.4606,939.1224,0.3381578
939.4606,939.1225,0.3381382
939.4606,939.1227,0.3379066
939.4606,939.1228,0.3377867
939.4606,939.123,0.3376449
939.4606,939.1231,0.3375039
939.4606,939.1232,0.3374206
939.4606,939.1232,0.337416
939.4606,939.1233,0.33734
939.4606,939.1233,0.3373349
939.4606,939.1233,0.3372638
939.4606,939.1234,0.3371584
939.4606,939.1235,0.3371058
939.4606,939.1236,0.3369868
939.4606,939.1239,0.3367323
939.4606,939.1241,0.3364944
939.4606,939.1241,0.3364716
939.4606,939.1244,0.336209
939.4606,939.1244,0.3361877
939.4606,939.1244,0.3361636
939.4606,939.1245,0.3361049
939.4606,939.1245,0.3360814
939.4606,939.1246,0.3360284
939.4606,939.1247,0.3358775
939.4606,939.1248,0.3358317
939.4606,939.1248,0.3358045
939.4606,939.1248,0.3357887
939.4606,939.125,0.335621
939.4606,939.125,0.335617
939.4606,939.125,0.3355835
939.4606,939.1251,0.3355068
939.4606,939.1251,0.3355031
939.4606,939.1253,0.3353077
939.4606,939.1253,0.3352703
939.4606,939.1254,0.3351928
939.4606,939.1254,0.3351812
939.4606,939.1255,0.3350973
939.4606,939.1257,0.3349357
939.4606,939.1258,0.334782
939.4606,939.1258,0.3347616
939.4606,939.1259,0.3346823
939.4606,939.1261,0.3344616
939.4606,939.1262,0.3344395
939.4606,939.1262,0.334416
939.4606,939.1263,0.334268
939.4606,939.1264,0.3342128
939.4606,939.1264,0.3341976
939.4606,939.1265,0.3340932
939.4606,939.1266,0.3340488
939.4606,939.1266,0.3340448
939.4606,939.1267,0.3338565
939.4606,939.127,0.3335528
939.4606,939.1271,0.3334666
939.4606,939.1272,0.3333977
939.4606,939.1272,0.3333785
939.4606,939.1272,0.3333675
939.4606,939.1275,0.3331041
939.4606,939.1277,0.3328674
939.4606,939.1278,0.3328382
939.4606,939.1278,0.332759
939.4606,939.1278,0.3327522
939.4606,939.128,0.3325797
939.4606,939.1281,0.3325353
939.4606,939.1281,0.3325272
939.4606,939.1284,0.3321803
939.4606,939.1285,0.3320933
939.4606,939.1287,0.3319282
939.4606,939.1287,0.3319214
939.4606,939.1289,0.3316521
939.4606,939.129,0.3316308
939.4606,939.129,0.331602
939.4606,939.1296,0.3309804
939.4606,939.1298,0.3307809
939.4606,939.13,0.3306093
939.4606,939.13,0.3305891
939.4606,939.13,0.3305524
939.4606,939.1301,0.3304603
939.4606,939.1303,0.3303035
939.4606,939.1304,0.3301707
939.4606,939.1305,0.330082
939.4606,939.1306,0.3300329
939.4606,939.1308,0.3298002
939.4606,939.1309,0.329718
939.4606,939.1314,0.3292475
939.4606,939.1315,0.3291165
939.4606,939.1317,0.3289359
939.4606,939.1318,0.3287698
939.4606,939.132,0.3285673
939.4606,939.1321,0.3284998
939.4606,939.1322,0.3283926
939.4606,939.1325,0.3280518
939.4606,939.1328,0.3278008
939.4606,939.133,0.3276271
939.4606,939.133,0.3275799
939.4606,939.1332,0.3274211
939.4606,939.1339,0.32675
939.4606,939.134,0.3266198
939.4606,939.1341,0.3265472
939.4606,939.1342,0.3263717
939.4606,939.1345,0.326099
939.4606,939.1349,0.3256708
939.4606,939.1353,0.3253234
939.4606,939.1353,0.3252922
939.4606,939.1354,0.3252157
939.4606,939.1355,0.3251488
939.4606,939.1357,0.3249409
939.4606,939.1359,0.3247152
939.4606,939.1359,0.3246956
939.4606,939.1361,0.3244819
939.4606,939.1365,0.3241329
939.4606,939.1367,0.3239164
939.4606,939.1367,0.3239043
939.4606,939.1372,0.323429
939.4606,939.1383,0.3223464
939.4606,939.1386,0.321979
939.4606,939.1389,0.3217344
939.4606,939.1397,0.3208556
939.4606,939.1412,0.3193965
939.4606,939.1413,0.3193334
939.4606,939.1418,0.3187752
939.4606,939.1421,0.3185352
939.4606,939.1428,0.3177987
939.4606,939.1433,0.3172623
939.4606,939.1434,0.3172172
939.4606,939.1435,0.3171208
939.4606,939.1435,0.3171042
939.4606,939.1435,0.3170686
939.4606,939.1436,0.3170487
939.4606,939.1436,0.3169869
939.4606,939.1443,0.3162596
939.4606,939.1444,0.3162346
939.4606,939.1444,0.3161786
939.4606,939.1448,0.3157952
939.4606,939.1448,0.3157624
939.4606,939.145,0.315645
939.4606,939.145,0.3155882
939.4606,939.1451,0.3155477
939.4606,939.1451,0.3155331
939.4606,939.1451,0.3155047
939.4606,939.1454,0.3151842
939.4606,939.1455,0.3150867
939.4606,939.1457,0.3148715
939.4606,939.146,0.3146289
939.4606,939.1461,0.3144836
939.4606,939.1462,0.3144205
939.4606,939.1462,0.3143546
939.4606,939.1463,0.3143154
939.4606,939.1464,0.3142321
939.4606,939.1467,0.3138894
939.4606,939.1469,0.3137348
939.4606,939.147,0.3136086
939.4606,939.1471,0.3134844
939.4606,939.1473,0.3132791
939.4606,939.1475,0.3131203
939.4606,939.1476,0.313039
939.4606,939.1479,0.3126913
939.4606,939.1483,0.3123034
939.4606,939.1483,0.312283
939.4606,939.1488,0.3117502
939.4606,939.1489,0.311724
939.4606,939.149,0.3116341
939.4606,939.1495,0.3110792
939.4606,939.1497,0.3109153
939.4606,939.1497,0.3108835
939.4606,939.1498,0.3107727
939.4606,939.15,0.3105565
939.4606,939.1502,0.3104162
939.4606,939.1504,0.3101512
939.4606,939.1505,0.3101058
939.4606,939.1505,0.310101
939.4606,939.1506,0.3100191
939.4606,939.1506,0.3100133
939.4606,939.1506,0.3099523
939.4606,939.1508,0.3098324
939.4606,939.151,0.3096067
939.4606,939.1511,0.3095237
939.4606,939.1511,0.3094564
939.4606,939.1514,0.3092467
939.4606,939.1514,0.3092029
939.4606,939.1516,0.3089958
939.4606,939.1516,0.3089617
939.4606,939.1517,0.308903
939.4606,939.152,0.3086129
939.4606,939.1521,0.3085276
939.4606,939.1529,0.3076733
939.4606,939.1532,0.3073633
939.4606,939.1534,0.3071964
939.4606,939.1536,0.3069834
939.4606,939.1536,0.306981
939.4606,939.1538,0.3068051
939.4606,939.1538,0.3067509
939.4606,939.1542,0.3063928
939.4606,939.1544,0.3062447
939.4606,939.1545,0.3061028
939.4606,939.1545,0.3060578
939.4606,939.1551,0.3054901
939.4606,939.1553,0.3053204
939.4606,939.1559,0.3047465
939.4606,939.1568,0.3037743
939.4606,939.1579,0.3027137
939.4606,939.1587,0.3019467
939.4606,939.1683,0.2922778
939.4606,939.1722,0.288374
939.4606,939.1797,0.2809052
939.4606,939.1937,0.2669098
939.4606,939.1969,0.263749
939.4606,939.2074,0.2532082
939.4606,939.2075,0.2530925
939.4606,939.2124,0.2482376
939.4606,939.216,0.2446244
939.4606,939.2169,0.2437037
939.4606,939.2428,0.2177811
939.4606,939.2442,0.21643
939.4606,939.252,0.2085953
939.4606,939.2525,0.2081147
939.4606,939.2571,0.2035129
939.4606,939.2574,0.2032177
939.4606,939.2581,0.2025121
939.4606,939.2582,0.2024302
939.4606,939.2583,0.2023306
939.4606,939.2586,0.2019765
939.4606,939.2594,0.2011992
939.4606,939.2599,0.200722
939.4606,939.2604,0.2002408
939.4606,939.2615,0.199112
939.4606,939.2616,0.1989579
939.4606,939.2617,0.198942
939.4606,939.2633,0.1973019
939.4606,939.2633,0.1972953
939.4606,939.2648,0.1957718
939.4606,939.2648,0.1957572
939.4606,939.2653,0.195306
939.4606,939.2662,0.1944246
939.4606,939.2664,0.1942437
939.4606,939.2666,0.1939737
939.4606,939.2679,0.1927026
939.4606,939.2679,0.1926682
939.4606,939.268,0.1926382
939.4606,939.2684,0.1921774
939.4606,939.2689,0.1917066
939.4606,939.269,0.1916188
939.4606,939.2696,0.1910301
939.4606,939.2697,0.1909193
939.4606,939.2699,0.190705
939.4606,939.2701,0.1904995
939.4606,939.2704,0.1901882
939.4606,939.2707,0.1899343
939.4606,939.271,0.1896019
939.4606,939.2717,0.1889341
939.4606,939.2717,0.1888614
939.4606,939.272,0.1885732
939.4606,939.2722,0.1883945
939.4606,939.2723,0.1882683
939.4606,939.273,0.1875854
939.4606,939.2733,0.1872732
939.4606,939.2736,0.1869742
939.4606,939.274,0.1865735
939.4606,939.275,0.1856268
939.4606,939.2751,0.1854903
939.4606,939.2752,0.1853893
939.4606,939.2755,0.1851414
939.4606,939.2757,0.1848721
939.4606,939.2758,0.1847854
939.4606,939.2758,0.1847749
939.4606,939.2758,0.1847562
939.4606,939.2759,0.1846538
939.4606,939.2762,0.1843533
939.4606,939.2764,0.1841904
939.4606,939.2765,0.1840576
939.4606,939.2766,0.1840288
939.4606,939.2769,0.1836704
939.4606,939.277,0.1836018
939.4606,939.277,0.1835992
939.4606,939.277,0.1835976
939.4606,939.277,0.1835779
939.4606,939.2773,0.1832726
939.4606,939.2773,0.1832523
939.4606,939.2777,0.1828509
939.4606,939.2778,0.182761
939.4606,939.2784,0.1821978
939.4606,939.2785,0.1820632
939.4606,939.2787,0.1819376
939.4606,939.2792,0.1814405
939.4606,939.2793,0.1812535
939.4606,939.2795,0.1810714
939.4606,939.2796,0.1809657
939.4606,939.2801,0.1804827
939.4606,939.2801,0.1804503
939.4606,939.2805,0.1801125
939.4606,939.2809,0.1797438
939.4606,939.2809,0.1796743
939.4606,939.281,0.1796164
939.4606,939.2812,0.1793632
939.4606,939.2815,0.1791228
939.4606,939.2816,0.1789754
939.4606,939.2817,0.1788857
939.4606,939.2817,0.1788637
939.4606,939.2819,0.1787236
939.4606,939.2822,0.1783745
939.4606,939.2826,0.1779894
939.4606,939.2827,0.1778932
939.4606,939.2829,0.177698
939.4606,939.2831,0.1775001
939.4606,939.2835,0.1771279
939.4606,939.2835,0.1771185
939.4606,939.2835,0.1770785
939.4606,939.2836,0.1770298
939.4606,939.2838,0.1768321
939.4606,939.2838,0.1768071
939.4606,939.2838,0.176781
939.4606,939.2839,0.176737
939.4606,939.2841,0.1765157
939.4606,939.2843,0.1763469
939.4606,939.2843,0.1763062
939.4606,939.2846,0.1759897
939.4606,939.2848,0.1758177
939.4606,939.2848,0.1758132
939.4606,939.2849,0.1756744
939.4606,939.2852,0.1754346
939.4606,939.286,0.1746142
939.4606,939.2861,0.1745214
939.4606,939.2862,0.174369
939.4606,939.2862,0.1743608
939.4606,939.2866,0.1740111
939.4606,939.2869,0.1736777
939.4606,939.287,0.1735955
939.4606,939.2872,0.1733821
939.4606,939.2872,0.173376
939.4606,939.2875,0.173084
939.4606,939.2876,0.1729663
939.4606,939.2877,0.17289
939.4606,939.2879,0.1727066
939.4606,939.2883,0.1723208
939.4606,939.2889,0.1717022
939.4606,939.2892,0.1713521
939.4606,939.2893,0.1712958
939.4606,939.2895,0.1710531
939.4606,939.2898,0.1708311
939.4606,939.29,0.1706212
939.4606,939.2903,0.170347
939.4606,939.2906,0.1699709
939.4606,939.2908,0.1698176
939.4606,939.2912,0.1694258
939.4606,939.2913,0.1692948
939.4606,939.2913,0.1692554
939.4606,939.2916,0.1690276
939.4606,939.2917,0.1689088
939.4606,939.292,0.1685625
939.4606,939.2921,0.1684717
939.4606,939.2923,0.1683486
939.4606,939.2924,0.1681796
939.4606,939.2925,0.168131
939.4606,939.2926,0.1679651
939.4606,939.2928,0.1678392
939.4606,939.2931,0.1675144
939.4606,939.2936,0.1669587
939.4606,939.294,0.1666367
939.4606,939.294,0.1665551
939.4606,939.2946,0.1659901
939.4606,939.2947,0.165887
939.4606,939.2949,0.1657168
939.4606,939.2953,0.1652935
939.4606,939.2962,0.1644431
939.4606,939.2962,0.1643887
939.4606,939.2975,0.1631447
939.4606,939.2981,0.1624602
939.4606,939.2982,0.1624451
939.4606,939.2988,0.1618452
939.4606,939.2994,0.1612435
939.4606,939.2999,0.1607182
939.4606,939.3003,0.1603375
939.4606,939.3004,0.1601558
939.4606,939.3011,0.1594697
939.4606,939.3012,0.1593646
939.4606,939.3021,0.1585154
939.4606,939.3025,0.1581015
939.4606,939.3026,0.1579557
939.4606,939.3028,0.1578273
939.4606,939.3039,0.1567143
939.4606,939.3054,0.1552438
939.4606,939.3054,0.1552387
939.4606,939.3077,0.1528505
939.4606,939.3079,0.1526552
939.4606,939.3083,0.1522652
939.4606,939.3084,0.1522013
939.4606,939.3098,0.1507516
939.4606,939.3099,0.1507453
939.4606,939.3102,0.1503684
939.4606,939.3107,0.1498577
939.4606,939.3116,0.148969
939.4606,939.3121,0.1484938
939.4606,939.3123,0.1483181
939.4606,939.314,0.1465569
939.4606,939.3146,0.1460105
939.4606,939.3189,0.1417099
939.4606,939.3189,0.141677
939.4606,939.57,-0.109433
939.4606,939.5712,-0.1105828
939.4606,939.5756,-0.1150481
939.4606,939.5862,-0.1255565
939.4606,939.5863,-0.125732
939.4606,939.5867,-0.1260722
939.4606,939.5875,-0.1268524
939.4606,939.5882,-0.1276344
939.4606,939.5883,-0.1276766
939.4606,939.5887,-0.1280607
939.4606,939.5899,-0.1292914
939.4606,939.5904,-0.1297895
939.4606,939.5904,-0.1298461
939.4606,939.5909,-0.130274
939.4606,939.592,-0.1314225
939.4606,939.5922,-0.1315682
939.4606,939.5928,-0.1322266
939.4606,939.5929,-0.1323337
939.4606,939.5933,-0.1326631
939.4606,939.5934,-0.1328311
939.4606,939.5938,-0.1332251
939.4606,939.5941,-0.1334821
939.4606,939.5941,-0.1334912
939.4606,939.5943,-0.1336541
939.4606,939.5948,-0.1341873
939.4606,939.5954,-0.1347632
939.4606,939.5954,-0.1347702
939.4606,939.5956,-0.1349893
939.4606,939.5959,-0.1352909
939.4606,939.5962,-0.1355825
939.4606,939.5963,-0.1356875
939.4606,939.5966,-0.1360065
939.4606,939.5969,-0.136269
939.4606,939.597,-0.1363703
939.4606,939.5972,-0.1365969
939.4606,939.5972,-0.136643
939.4606,939.5973,-0.1366648
939.4606,939.5974,-0.1368339
939.4606,939.5974,-0.13684
939.4606,939.5976,-0.1370195
939.4606,939.5981,-0.1375097
939.4606,939.5983,-0.1376791
939.4606,939.5986,-0.1379621
939.4606,939.5987,-0.1380883
939.4606,939.5987,-0.1381289
939.4606,939.5989,-0.1382746
939.4606,939.5989,-0.1382908
939.4606,939.599,-0.1383775
939.4606,939.599,-0.1383858
939.4606,939.599,-0.1384253
939.4606,939.5991,-0.138549
939.4606,939.5994,-0.1388059
939.4606,939.5995,-0.1389468
939.4606,939.5996,-0.1390068
939.4606,939.5996,-0.1390087
939.4606,939.5999,-0.1392589
939.4606,939.6006,-0.1399556
939.4606,939.6008,-0.1401778
939.4606,939.6008,-0.1402035
939.4606,939.6008,-0.1402149
939.4606,939.6009,-0.1402867
939.4606,939.6009,-0.1403241
939.4606,939.6018,-0.1412201
939.4606,939.602,-0.1414408
939.4606,939.6042,-0.1435542
939.4606,939.6048,-0.1442361
939.4606,939.6065,-0.1459195
939.4606,939.6066,-0.1459996
939.4606,939.6085,-0.147934
939.4606,939.6112,-0.1505855
939.4606,939.62,-0.1593834
939.4606,939.6416,-0.1810278
939.4606,939.643,-0.1824033
939.4606,939.6481,-0.1875404
939.4606,939.6593,-0.198663
939.4606,939.664,-0.2033586
939.4606,939.664,-0.203364
939.4606,939.666,-0.2054493
939.4606,939.6695,-0.208911
939.4606,939.6702,-0.2095693
939.4606,939.6708,-0.2101896
939.4606,939.6719,-0.2113001
939.4606,939.6724,-0.21175
939.4606,939.6726,-0.2119905
939.4606,939.6737,-0.2131179
939.4606,939.675,-0.2143567
939.4606,939.6756,-0.2149915
939.4606,939.6764,-0.2157954
939.4606,939.6765,-0.2158761
939.4606,939.6769,-0.2163072
939.4606,939.677,-0.2163846
939.4606,939.6772,-0.2166303
939.4606,939.6772,-0.2166379
939.4606,939.6774,-0.2167822
939.4606,939.6775,-0.2169433
939.4606,939.678,-0.2173806
939.4606,939.6784,-0.2177733
939.4606,939.6785,-0.2178641
939.4606,939.6785,-0.2178686
939.4606,939.6786,-0.2179937
939.4606,939.6788,-0.2181717
939.4606,939.6788,-0.2182172
939.4606,939.679,-0.2184162
939.4606,939.6793,-0.2187187
939.4606,939.6794,-0.2187583
939.4606,939.6798,-0.2192457
939.4606,939.68,-0.2194193
939.4606,939.6805,-0.2199444
939.4606,939.6811,-0.2204582
939.4606,939.6811,-0.2205132
939.4606,939.6815,-0.2209064
939.4606,939.6817,-0.2211272
939.4606,939.6818,-0.2211972
939.4606,939.6822,-0.2215628
939.4606,939.6824,-0.2217935
939.4606,939.6826,-0.222
939.4606,939.6827,-0.2221453
939.4606,939.6831,-0.222453
939.4606,939.6835,-0.2228503
939.4606,939.6836,-0.2229798
939.4606,939.6837,-0.2230902
939.4606,939.6838,-0.2231712
939.4606,939.684,-0.2234057
939.4606,939.684,-0.2234066
939.4606,939.6846,-0.2239692
939.4606,939.6846,-0.2240382
939.4606,939.6847,-0.2240506
939.4606,939.6848,-0.2241817
939.4606,939.6848,-0.2242209
939.4606,939.685,-0.224382
939.4606,939.6851,-0.2245097
939.4606,939.6856,-0.2249872
939.4606,939.6859,-0.2252587
939.4606,939.6859,-0.2252994
939.4606,939.6878,-0.2271865
939.4606,939.6881,-0.2275497
939.4606,939.6884,-0.2277806
939.4606,939.6884,-0.2277829
939.4606,939.6894,-0.2288222
939.4606,939.6896,-0.2290062
939.4606,939.6901,-0.2295377
939.4606,939.6902,-0.2295868
939.4606,939.6906,-0.2299999
939.4606,939.691,-0.2304153
939.4606,939.6912,-0.2305502
939.4606,939.6914,-0.2307729
939.4606,939.6927,-0.2320598
939.4606,939.6934,-0.2327529
939.4606,939.6943,-0.233668
939.4606,939.6959,-0.2352962
939.4606,939.6971,-0.2364685
939.4606,939.6971,-0.2364893
939.4606,939.6973,-0.2367495
939.4606,939.6985,-0.2378674
939.4606,939.7318,-0.2711608
939.4606,939.7629,-0.3023385
939.4606,939.7637,-0.3031431
939.4606,939.7656,-0.3049647
939.4606,939.766,-0.3054478
939.4606,939.768,-0.3073989
939.4606,939.7701,-0.3094517
939.4606,939.7702,-0.3096439
939.4606,939.7707,-0.3100664
939.4606,939.7707,-0.3100924
939.4606,939.7712,-0.3106477
939.4606,939.7713,-0.3106995
939.4606,939.7714,-0.3108458
939.4606,939.7719,-0.3112569
939.4606,939.7719,-0.3112965
939.4606,939.7721,-0.3114968
939.4606,939.7724,-0.3117591
939.4606,939.7728,-0.3122378
939.4606,939.7735,-0.31292
939.4606,939.774,-0.3133647
939.4606,939.7741,-0.3134681
939.4606,939.7744,-0.3137741
939.4606,939.7744,-0.313836
939.4606,939.7746,-0.3139881
939.4606,939.7746,-0.3140069
939.4606,939.7748,-0.3141619
939.4606,939.7751,-0.3145015
939.4606,939.7752,-0.314557
939.4606,939.7752,-0.3146111
939.4606,939.7752,-0.314625
939.4606,939.7754,-0.3148424
939.4606,939.7754,-0.3148472
939.4606,939.7755,-0.3148731
939.4606,939.7756,-0.3149711
939.4606,939.7756,-0.3149783
939.4606,939.7756,-0.3149932
939.4606,939.7759,-0.3153189
939.4606,939.7759,-0.3153354
939.4606,939.776,-0.3153551
939.4606,939.776,-0.3153556
939.4606,939.776,-0.315382
939.4606,939.7761,-0.3155078
939.4606,939.7761,-0.3155137
939.4606,939.7762,-0.3156147
939.4606,939.7763,-0.3157166
939.4606,939.7764,-0.3158327
939.4606,939.7765,-0.3158699
939.4606,939.7766,-0.3159877
939.4606,939.7766,-0.3160254
939.4606,939.7767,-0.3161252
939.4606,939.7768,-0.3161962
939.4606,939.7768,-0.3162094
939.4606,939.7768,-0.3162475
939.4606,939.7769,-0.3163035
939.4606,939.7769,-0.3163188
939.4606,939.7769,-0.3163367
939.4606,939.777,-0.3163535
939.4606,939.777,-0.3163538
939.4606,939.777,-0.3163895
939.4606,939.777,-0.3164089
939.4606,939.7771,-0.316468
939.4606,939.7772,-0.3165595
939.4606,939.7772,-0.3165746
939.4606,939.7772,-0.3165902
939.4606,939.7772,-0.3166029
939.4606,939.7773,-0.3167308
939.4606,939.7774,-0.3168254
939.4606,939.7774,-0.3168416
939.4606,939.7774,-0.3168489
939.4606,939.7775,-0.3168503
939.4606,939.7775,-0.3168573
939.4606,939.7775,-0.3168742
939.4606,939.7775,-0.3169346
939.4606,939.7776,-0.3169903
939.4606,939.7776,-0.3169977
939.4606,939.7777,-0.3171082
939.4606,939.7777,-0.3171249
939.4606,939.7779,-0.3172543
939.4606,939.7779,-0.3172656
939.4606,939.7779,-0.3173032
939.4606,939.7779,-0.3173123
939.4606,939.7779,-0.3173236
939.4606,939.7779,-0.3173376
939.4606,939.778,-0.3173779
939.4606,939.778,-0.3173842
939.4606,939.778,-0.3173902
939.4606,939.778,-0.3174028
939.4606,939.778,-0.3174066
939.4606,939.778,-0.3174245
939.4606,939.778,-0.3174325
939.4606,939.778,-0.3174381
939.4606,939.7781,-0.3174558
939.4606,939.7781,-0.3174628
939.4606,939.7782,-0.3175517
939.4606,939.7782,-0.3175692
939.4606,939.7782,-0.3176425
939.4606,939.7783,-0.3177171
939.4606,939.7783,-0.3177311
939.4606,939.7783,-0.3177473
939.4606,939.7784,-0.3177724
939.4606,939.7784,-0.3177923
939.4606,939.7785,-0.3179013
939.4606,939.7785,-0.3179047
939.4606,939.7785,-0.3179152
939.4606,939.7785,-0.3179177
939.4606,939.7785,-0.3179206
939.4606,939.7785,-0.3179487
939.4606,939.7786,-0.3179513
939.4606,939.7786,-0.3179855
939.4606,939.7786,-0.3179863
939.4606,939.7786,-0.3180129
939.4606,939.7786,-0.3180136
939.4606,939.7786,-0.3180437
939.4606,939.7787,-0.3180675
939.4606,939.7787,-0.3180746
939.4606,939.7787,-0.3180766
939.4606,939.7787,-0.3181002
939.4606,939.7787,-0.3181261
939.4606,939.7788,-0.3181826
939.4606,939.7788,-0.318187
939.4606,939.7788,-0.3181918
939.4606,939.7788,-0.3181927
939.4606,939.7788,-0.318204
939.4606,939.7788,-0.318248
939.4606,939.7789,-0.3182542
939.4606,939.7789,-0.3182668
939.4606,939.7789,-0.3182717
939.4606,939.7789,-0.3182741
939.4606,939.7789,-0.3182774
939.4606,939.7789,-0.3183013
939.4606,939.7789,-0.3183077
939.4606,939.7789,-0.3183286
939.4606,939.7789,-0.3183401
939.4606,939.7789,-0.3183474
939.4606,939.7789,-0.3183474
939.4606,939.779,-0.3183682
939.4606,939.779,-0.3183918
939.4606,939.779,-0.318428
939.4606,939.7791,-0.3184604
939.4606,939.7791,-0.3184861
939.4606,939.7791,-0.3185181
939.4606,939.7791,-0.3185252
939.4606,939.7791,-0.3185418
939.4606,939.7792,-0.318572
939.4606,939.7792,-0.3186067
939.4606,939.7792,-0.3186253
939.4606,939.7792,-0.318633
939.4606,939.7792,-0.3186343
939.4606,939.7792,-0.318635
939.4606,939.7792,-0.3186401
939.4606,939.7792,-0.3186458
939.4606,939.7793,-0.3186779
939.4606,939.7793,-0.3186805
939.4606,939.7793,-0.318689
939.4606,939.7793,-0.3186949
939.4606,939.7793,-0.3187113
939.4606,939.7794,-0.3187604
939.4606,939.7794,-0.3187629
939.4606,939.7794,-0.3187733
939.4606,939.7794,-0.3187956
939.4606,939.7795,-0.3188518
939.4606,939.7795,-0.3188682
939.4606,939.7795,-0.3188972
939.4606,939.7795,-0.318904
939.4606,939.7795,-0.3189316
939.4606,939.7795,-0.3189442
939.4606,939.7795,-0.3189459
939.4606,939.7796,-0.3189502
939.4606,939.7796,-0.3189735
939.4606,939.7796,-0.3189975
939.4606,939.7797,-0.3190626
939.4606,939.7797,-0.3191022
939.4606,939.7797,-0.3191134
939.4606,939.7797,-0.3191222
939.4606,939.7797,-0.3191228
939.4606,939.7797,-0.3191486
939.4606,939.7798,-0.3191575
939.4606,939.7798,-0.31916
939.4606,939.7798,-0.3191632
939.4606,939.7798,-0.3191658
939.4606,939.7798,-0.3191673
939.4606,939.7798,-0.3191746
939.4606,939.7798,-0.3191775
939.4606,939.7798,-0.3192485
939.4606,939.7799,-0.3192851
939.4606,939.7799,-0.3193009
939.4606,939.7799,-0.3193055
939.4606,939.7799,-0.3193105
939.4606,939.7799,-0.3193189
939.4606,939.7799,-0.3193305
939.4606,939.7799,-0.3193373
939.4606,939.7799,-0.3193405
939.4606,939.78,-0.3193609
939.4606,939.78,-0.3193683
939.4606,939.78,-0.3193691
939.4606,939.78,-0.3194048
939.4606,939.78,-0.3194101
939.4606,939.78,-0.319429
939.4606,939.7801,-0.3194555
939.4606,939.7801,-0.319461
939.4606,939.7801,-0.3194941
939.4606,939.7801,-0.3194978
939.4606,939.7801,-0.3195134
939.4606,939.7801,-0.3195409
939.4606,939.7802,-0.3195511
939.4606,939.7802,-0.3195564
939.4606,939.7802,-0.3195628
939.4606,939.7802,-0.3196177
939.4606,939.7802,-0.3196217
939.4606,939.7802,-0.3196329
939.4606,939.7802,-0.3196378
939.4606,939.7802,-0.3196476
939.4606,939.7803,-0.3196503
939.4606,939.7803,-0.3196626
939.4606,939.7803,-0.3196856
939.4606,939.7803,-0.3196873
939.4606,939.7803,-0.3197115
939.4606,939.7803,-0.3197196
939.4606,939.7803,-0.3197495
939.4606,939.7804,-0.3197632
939.4606,939.7804,-0.3197688
939.4606,939.7804,-0.3197833
939.4606,939.7804,-0.3197868
939.4606,939.7804,-0.3198016
939.4606,939.7804,-0.3198069
939.4606,939.7804,-0.3198391
939.4606,939.7805,-0.3198561
939.4606,939.7805,-0.31987
939.4606,939.7805,-0.3198721
939.4606,939.7805,-0.3198902
939.4606,939.7806,-0.3199643
939.4606,939.7806,-0.3199822
939.4606,939.7806,-0.3199872
939.4606,939.7806,-0.3199921
939.4606,939.7806,-0.319993
939.4606,939.7806,-0.3200072
939.4606,939.7806,-0.3200225
939.4606,939.7807,-0.3200694
939.4606,939.7807,-0.32007
939.4606,939.7807,-0.3200752
939.4606,939.7807,-0.3200871
939.4606,939.7807,-0.3200883
939.4606,939.7807,-0.320112
939.4606,939.7807,-0.3201294
939.4606,939.7807,-0.320139
939.4606,939.7808,-0.3201741
939.4606,939.7808,-0.320208
939.4606,939.7808,-0.3202114
939.4606,939.7808,-0.320223
939.4606,939.7808,-0.3202402
939.4606,939.7808,-0.3202452
939.4606,939.7809,-0.3202598
939.4606,939.7809,-0.3202603
939.4606,939.7809,-0.3202621
939.4606,939.7809,-0.3202689
939.4606,939.7809,-0.3202779
939.4606,939.7809,-0.3202785
939.4606,939.7809,-0.3202929
939.4606,939.7809,-0.3203007
939.4606,939.7809,-0.3203261
939.4606,939.7809,-0.3203428
939.4606,939.781,-0.3203504
939.4606,939.781,-0.3203557
939.4606,939.781,-0.3203686
939.4606,939.781,-0.3203733
939.4606,939.781,-0.3203734
939.4606,939.781,-0.3203771
939.4606,939.781,-0.3203934
939.4606,939.781,-0.3204036
939.4606,939.781,-0.3204131
939.4606,939.781,-0.3204166
939.4606,939.781,-0.3204183
939.4606,939.781,-0.320423
939.4606,939.781,-0.3204244
939.4606,939.781,-0.3204342
939.4606,939.781,-0.3204377
939.4606,939.7811,-0.3204752
939.4606,939.7811,-0.3205286
939.4606,939.7811,-0.3205423
939.4606,939.7811,-0.3205453
939.4606,939.7812,-0.3205626
939.4606,939.7812,-0.3205652
939.4606,939.7812,-0.3205906
939.4606,939.7812,-0.3206097
939.4606,939.7812,-0.3206102
939.4606,939.7812,-0.3206147
939.4606,939.7812,-0.3206208
939.4606,939.7813,-0.320652
939.4606,939.7813,-0.3206813
939.4606,939.7813,-0.3207165
939.4606,939.7813,-0.3207185
939.4606,939.7813,-0.3207334
939.4606,939.7813,-0.3207427
939.4606,939.7813,-0.320747
939.4606,939.7813,-0.3207492
939.4606,939.7814,-0.3207551
939.4606,939.7814,-0.3207612
939.4606,939.7814,-0.3207651
939.4606,939.7814,-0.320768
939.4606,939.7814,-0.3207741
939.4606,939.7814,-0.3207932
939.4606,939.7814,-0.3208151
939.4606,939.7814,-0.3208198
939.4606,939.7814,-0.3208225
939.4606,939.7814,-0.3208253
939.4606,939.7814,-0.3208272
939.4606,939.7814,-0.3208485
939.4606,939.7815,-0.32087
939.4606,939.7815,-0.3208725
939.4606,939.7815,-0.3208775
939.4606,939.7815,-0.320883
939.4606,939.7815,-0.3209113
939.4606,939.7815,-0.3209136
939.4606,939.7815,-0.3209215
939.4606,939.7815,-0.3209232
939.4606,939.7815,-0.3209449
939.4606,939.7815,-0.320947
939.4606,939.7816,-0.3209594
939.4606,939.7816,-0.3209622
939.4606,939.7816,-0.3209685
939.4606,939.7816,-0.3209769
939.4606,939.7816,-0.320993
939.4606,939.7816,-0.3209977
939.4606,939.7816,-0.3209991
939.4606,939.7816,-0.3210038
939.4606,939.7816,-0.3210103
939.4606,939.7816,-0.3210148
939.4606,939.7816,-0.3210277
939.4606,939.7817,-0.3210529
939.4606,939.7817,-0.3210617
939.4606,939.7817,-0.3210928
939.4606,939.7817,-0.3211182
939.4606,939.7817,-0.32112
939.4606,939.7817,-0.3211438
939.4606,939.7817,-0.3211481
939.4606,939.7818,-0.3211643
939.4606,939.7818,-0.3211709
939.4606,939.7818,-0.3211712
939.4606,939.7818,-0.3211807
939.4606,939.7818,-0.3211822
939.4606,939.7818,-0.3211838
939.4606,939.7818,-0.3211901
939.4606,939.7818,-0.3211956
939.4606,939.7818,-0.321206
939.4606,939.7818,-0.3212075
939.4606,939.7818,-0.3212154
939.4606,939.7818,-0.3212271
939.4606,939.7818,-0.3212469
939.4606,939.7819,-0.3212604
939.4606,939.7819,-0.321263
939.4606,939.7819,-0.3212641
939.4606,939.7819,-0.3212658
939.4606,939.7819,-0.3212666
939.4606,939.7819,-0.3212681
939.4606,939.7819,-0.3212811
939.4606,939.7819,-0.321295
939.4606,939.7819,-0.3213009
939.4606,939.7819,-0.3213128
939.4606,939.7819,-0.3213134
939.4606,939.7819,-0.3213373
939.4606,939.7819,-0.3213418
939.4606,939.7819,-0.3213462
939.4606,939.782,-0.3213561
939.4606,939.782,-0.3213692
939.4606,939.782,-0.3213716
939.4606,939.782,-0.3213766
939.4606,939.782,-0.3213774
939.4606,939.782,-0.3213834
939.4606,939.782,-0.3213851
939.4606,939.782,-0.3213899
939.4606,939.782,-0.3213904
939.4606,939.782,-0.3213923
939.4606,939.782,-0.3213942
939.4606,939.782,-0.3214218
939.4606,939.782,-0.3214237
939.4606,939.782,-0.3214304
939.4606,939.7821,-0.3214631
939.4606,939.7821,-0.3214696
939.4606,939.7821,-0.3214826
939.4606,939.7821,-0.3215125
939.4606,939.7821,-0.3215145
939.4606,939.7821,-0.3215152
939.4606,939.7821,-0.3215208
939.4606,939.7821,-0.3215269
939.4606,939.7821,-0.3215328
939.4606,939.7822,-0.3215572
939.4606,939.7822,-0.3215676
939.4606,939.7822,-0.3215719
939.4606,939.7822,-0.3215858
939.4606,939.7822,-0.3215873
939.4606,939.7822,-0.3215913
939.4606,939.7822,-0.3215977
939.4606,939.7822,-0.3215986
939.4606,939.7822,-0.3216116
939.4606,939.7822,-0.3216183
939.4606,939.7822,-0.3216193
939.4606,939.7822,-0.3216199
939.4606,939.7822,-0.3216363
939.4606,939.7822,-0.3216374
939.4606,939.7822,-0.3216376
939.4606,939.7822,-0.3216466
939.4606,939.7823,-0.3216683
939.4606,939.7823,-0.3216731
939.4606,939.7823,-0.3216814
939.4606,939.7823,-0.3216822
939.4606,939.7823,-0.3216839
939.4606,939.7823,-0.3216959
939.4606,939.7823,-0.3216987
939.4606,939.7823,-0.3217235
939.4606,939.7823,-0.3217236
939.4606,939.7823,-0.3217298
939.4606,939.7823,-0.3217316
939.4606,939.7823,-0.321732
939.4606,939.7823,-0.3217339
939.4606,939.7823,-0.3217401
939.4606,939.7823,-0.3217433
939.4606,939.7823,-0.3217485
939.4606,939.7824,-0.3217568
939.4606,939.7824,-0.3217643
939.4606,939.7824,-0.3217693
939.4606,939.7824,-0.3217748
939.4606,939.7824,-0.3217829
939.4606,939.7824,-0.3217894
939.4606,939.7824,-0.3217931
939.4606,939.7824,-0.3218008
939.4606,939.7824,-0.321803
939.4606,939.7824,-0.3218154
939.4606,939.7824,-0.3218248
939.4606,939.7824,-0.3218397
939.4606,939.7824,-0.3218416
939.4606,939.7824,-0.321845
939.4606,939.7825,-0.3218535
939.4606,939.7825,-0.3218593
939.4606,939.7825,-0.3218611
939.4606,939.7825,-0.3218633
939.4606,939.7825,-0.3218737
939.4606,939.7825,-0.3218747
939.4606,939.7825,-0.3218788
939.4606,939.7825,-0.32188
939.4606,939.7825,-0.3218814
939.4606,939.7825,-0.3218828
939.4606,939.7825,-0.3218847
939.4606,939.7825,-0.3218864
939.4606,939.7825,-0.3218953
939.4606,939.7825,-0.3218967
939.4606,939.7825,-0.3218996
939.4606,939.7825,-0.3219031
939.4606,939.7825,-0.321908
939.4606,939.7825,-0.3219128
939.4606,939.7825,-0.3219138
939.4606,939.7825,-0.3219255
939.4606,939.7825,-0.3219359
939.4606,939.7826,-0.3219502
939.4606,939.7826,-0.321955
939.4606,939.7826,-0.321957
939.4606,939.7826,-0.3219596
939.4606,939.7826,-0.3219693
939.4606,939.7826,-0.3219725
939.4606,939.7826,-0.3219785
939.4606,939.7826,-0.3220041
939.4606,939.7826,-0.3220045
939.4606,939.7826,-0.3220075
939.4606,939.7826,-0.3220099
939.4606,939.7826,-0.3220146
939.4606,939.7826,-0.3220168
939.4606,939.7826,-0.3220221
939.4606,939.7826,-0.3220223
939.4606,939.7826,-0.3220371
939.4606,939.7826,-0.3220381
939.4606,939.7826,-0.3220425
939.4606,939.7827,-0.3220615
939.4606,939.7827,-0.3220635
939.4606,939.7827,-0.3220649
939.4606,939.7827,-0.3220734
939.4606,939.7827,-0.3220775
939.4606,939.7827,-0.3220778
939.4606,939.7827,-0.3220798
939.4606,939.7827,-0.322082
939.4606,939.7827,-0.3220914
939.4606,939.7827,-0.322095
939.4606,939.7827,-0.3221045
939.4606,939.7827,-0.3221191
939.4606,939.7827,-0.3221208
939.4606,939.7827,-0.3221274
939.4606,939.7827,-0.3221465
939.4606,939.7827,-0.3221472
939.4606,939.7828,-0.3221521
939.4606,939.7828,-0.3221676
939.4606,939.7828,-0.3221692
939.4606,939.7828,-0.3221845
939.4606,939.7828,-0.3221856
939.4606,939.7828,-0.3221921
939.4606,939.7828,-0.3221945
939.4606,939.7828,-0.3221973
939.4606,939.7828,-0.3222012
939.4606,939.7828,-0.3222016
939.4606,939.7828,-0.3222105
939.4606,939.7828,-0.3222137
939.4606,939.7828,-0.322221
939.4606,939.7828,-0.3222258
939.4606,939.7828,-0.322228
939.4606,939.7828,-0.32223
939.4606,939.7828,-0.3222303
939.4606,939.7828,-0.3222305
939.4606,939.7828,-0.322236
939.4606,939.7828,-0.3222369
939.4606,939.7828,-0.322247
939.4606,939.7829,-0.3222548
939.4606,939.7829,-0.3222624
939.4606,939.7829,-0.3222636
939.4606,939.7829,-0.3222651
939.4606,939.7829,-0.322273
939.4606,939.7829,-0.3222739
939.4606,939.7829,-0.3222894
939.4606,939.7829,-0.3222968
939.4606,939.7829,-0.3222972
939.4606,939.7829,-0.3223302
939.4606,939.7829,-0.3223459
939.4606,939.783,-0.3223539
939.4606,939.783,-0.3223554
939.4606,939.783,-0.3223572
939.4606,939.783,-0.3223605
939.4606,939.783,-0.3223664
939.4606,939.783,-0.3223671
939.4606,939.783,-0.3223707
939.4606,939.783,-0.3223722
939.4606,939.783,-0.3223828
939.4606,939.783,-0.3223857
939.4606,939.783,-0.3223969
939.4606,939.783,-0.3223982
939.4606,939.783,-0.3224003
939.4606,939.783,-0.3224084
939.4606,939.783,-0.3224122
939.4606,939.783,-0.3224183
939.4606,939.783,-0.322419
939.4606,939.783,-0.3224303
939.4606,939.783,-0.3224409
939.4606,939.783,-0.3224456
939.4606,939.783,-0.3224481
939.4606,939.7831,-0.3224566
939.4606,939.7831,-0.3224639
939.4606,939.7831,-0.3224697
939.4606,939.7831,-0.3224779
939.4606,939.7831,-0.3224825
939.4606,939.7831,-0.3224896
939.4606,939.7831,-0.32249
939.4606,939.7831,-0.3224949
939.4606,939.7831,-0.3224991
939.4606,939.7831,-0.3225008
939.4606,939.7831,-0.322501
939.4606,939.7831,-0.322503
939.4606,939.7831,-0.3225163
939.4606,939.7831,-0.3225207
939.4606,939.7831,-0.3225246
939.4606,939.7831,-0.3225391
939.4606,939.7831,-0.3225437
939.4606,939.7831,-0.3225438
939.4606,939.7831,-0.3225442
939.4606,939.7831,-0.3225448
939.4606,939.7831,-0.3225471
939.4606,939.7832,-0.3225578
939.4606,939.7832,-0.3225647
939.4606,939.7832,-0.3225654
939.4606,939.7832,-0.3225907
939.4606,939.7832,-0.3225988
939.4606,939.7832,-0.3226038
939.4606,939.7832,-0.3226082
939.4606,939.7832,-0.3226104
939.4606,939.7832,-0.3226108
939.4606,939.7832,-0.3226138
939.4606,939.7832,-0.3226146
939.4606,939.7832,-0.3226151
939.4606,939.7832,-0.322627
939.4606,939.7832,-0.3226273
939.4606,939.7832,-0.3226285
939.4606,939.7832,-0.3226372
939.4606,939.7832,-0.3226468
939.4606,939.7832,-0.3226472
939.4606,939.7832,-0.3226492
939.4606,939.7832,-0.3226499
939.4606,939.7833,-0.3226626
939.4606,939.7833,-0.3226771
939.4606,939.7833,-0.3226819
939.4606,939.7833,-0.322695
939.4606,939.7833,-0.322695
939.4606,939.7833,-0.322696
939.4606,939.7833,-0.3226997
939.4606,939.7833,-0.3227023
939.4606,939.7833,-0.3227032
939.4606,939.7833,-0.322704
939.4606,939.7833,-0.3227068
939.4606,939.7833,-0.3227091
939.4606,939.7833,-0.3227102
939.4606,939.7833,-0.3227108
939.4606,939.7833,-0.3227116
939.4606,939.7833,-0.3227152
939.4606,939.7833,-0.322727
939.4606,939.7833,-0.3227281
939.4606,939.7833,-0.3227349
939.4606,939.7833,-0.3227352
939.4606,939.7833,-0.3227413
939.4606,939.7833,-0.3227421
939.4606,939.7833,-0.3227487
939.4606,939.7834,-0.3227536
939.4606,939.7834,-0.322769
939.4606,939.7834,-0.3227808
939.4606,939.7834,-0.3227822
939.4606,939.7834,-0.3227825
939.4606,939.7834,-0.3227847
939.4606,939.7834,-0.3227875
939.4606,939.7834,-0.3227875
939.4606,939.7834,-0.3227945
939.4606,939.7834,-0.3228031
939.4606,939.7834,-0.3228136
939.4606,939.7834,-0.3228308
939.4606,939.7834,-0.3228342
939.4606,939.7834,-0.3228448
939.4606,939.7835,-0.3228625
939.4606,939.7835,-0.3228709
939.4606,939.7835,-0.3228741
939.4606,939.7835,-0.3228757
939.4606,939.7835,-0.3228773
939.4606,939.7835,-0.3228847
939.4606,939.7835,-0.3228856
939.4606,939.7835,-0.3228874
939.4606,939.7835,-0.3228938
939.4606,939.7835,-0.3228944
939.4606,939.7835,-0.3228975
939.4606,939.7835,-0.322898
939.4606,939.7835,-0.3229017
939.4606,939.7835,-0.3229188
939.4606,939.7835,-0.322929
939.4606,939.7835,-0.3229322
939.4606,939.7835,-0.3229362
939.4606,939.7835,-0.3229389
939.4606,939.7835,-0.3229423
939.4606,939.7835,-0.3229462
939.4606,939.7836,-0.3229502
939.4606,939.7836,-0.3229521
939.4606,939.7836,-0.3229525
939.4606,939.7836,-0.3229563
939.4606,939.7836,-0.3229674
939.4606,939.7836,-0.3229684
939.4606,939.7836,-0.3229701
939.4606,939.7836,-0.3229821
939.4606,939.7836,-0.3229945
939.4606,939.7836,-0.3229945
939.4606,939.7836,-0.3229995
939.4606,939.7836,-0.3230006
939.4606,939.7836,-0.3230014
939.4606,939.7836,-0.3230098
939.4606,939.7836,-0.3230115
939.4606,939.7836,-0.3230138
939.4606,939.7836,-0.3230176
939.4606,939.7836,-0.3230317
939.4606,939.7836,-0.3230412
939.4606,939.7836,-0.3230476
939.4606,939.7837,-0.3230929
939.4606,939.7837,-0.3230942
939.4606,939.7837,-0.3230984
939.4606,939.7837,-0.3231017
939.4606,939.7837,-0.3231051
939.4606,939.7837,-0.323119
939.4606,939.7837,-0.323127
939.4606,939.7837,-0.3231299
939.4606,939.7837,-0.3231326
939.4606,939.7837,-0.3231327
939.4606,939.7837,-0.3231335
939.4606,939.7837,-0.3231395
939.4606,939.7837,-0.3231447
939.4606,939.7838,-0.3231543
939.4606,939.7838,-0.3231544
939.4606,939.7838,-0.3231616
939.4606,939.7838,-0.3231643
939.4606,939.7838,-0.3231652
939.4606,939.7838,-0.3231786
939.4606,939.7838,-0.32318
939.4606,939.7838,-0.3231807
939.4606,939.7838,-0.3231934
939.4606,939.7838,-0.323196
939.4606,939.7838,-0.3232179
939.4606,939.7838,-0.3232207
939.4606,939.7838,-0.3232233
939.4606,939.7838,-0.3232305
939.4606,939.7838,-0.3232431
939.4606,939.7838,-0.3232486
939.4606,939.7839,-0.3232565
939.4606,939.7839,-0.3232609
939.4606,939.7839,-0.3232621
939.4606,939.7839,-0.3232662
939.4606,939.7839,-0.3232742
939.4606,939.7839,-0.3232793
939.4606,939.7839,-0.3232801
939.4606,939.7839,-0.3232802
939.4606,939.7839,-0.3232806
939.4606,939.7839,-0.3232824
939.4606,939.7839,-0.3232832
939.4606,939.7839,-0.3233135
939.4606,939.7839,-0.32332
939.4606,939.7839,-0.3233242
939.4606,939.7839,-0.3233244
939.4606,939.7839,-0.3233353
939.4606,939.7839,-0.3233375
939.4606,939.7839,-0.3233439
939.4606,939.7839,-0.3233452
939.4606,939.7839,-0.3233467
939.4606,939.7839,-0.3233487
939.4606,939.784,-0.3233699
939.4606,939.784,-0.3233732
939.4606,939.784,-0.3233764
939.4606,939.784,-0.3233782
939.4606,939.784,-0.3233838
939.4606,939.784,-0.3233903
939.4606,939.784,-0.3234022
939.4606,939.784,-0.3234072
939.4606,939.784,-0.3234179
939.4606,939.784,-0.3234186
939.4606,939.784,-0.3234373
939.4606,939.784,-0.3234455
939.4606,939.7841,-0.3234552
939.4606,939.7841,-0.3234572
939.4606,939.7841,-0.3234589
939.4606,939.7841,-0.3234629
939.4606,939.7841,-0.3234737
939.4606,939.7841,-0.3234807
939.4606,939.7841,-0.3234813
939.4606,939.7841,-0.3234853
939.4606,939.7841,-0.323486
939.4606,939.7841,-0.3234875
939.4606,939.7841,-0.3234982
939.4606,939.7841,-0.3235046
939.4606,939.7841,-0.3235109
939.4606,939.7841,-0.3235184
939.4606,939.7841,-0.3235299
939.4606,939.7841,-0.3235373
939.4606,939.7841,-0.3235418
939.4606,939.7842,-0.3235507
939.4606,939.7842,-0.3235597
939.4606,939.7842,-0.3235669
939.4606,939.7842,-0.3235778
939.4606,939.7842,-0.3235842
939.4606,939.7842,-0.3235932
939.4606,939.7842,-0.3235957
939.4606,939.7842,-0.3236108
939.4606,939.7842,-0.3236129
939.4606,939.7842,-0.3236134
939.4606,939.7842,-0.3236197
939.4606,939.7842,-0.323622
939.4606,939.7842,-0.3236318
939.4606,939.7842,-0.3236352
939.4606,939.7842,-0.3236416
939.4606,939.7843,-0.3236655
939.4606,939.7843,-0.3236701
939.4606,939.7843,-0.3236788
939.4606,939.7843,-0.3237039
939.4606,939.7843,-0.3237084
939.4606,939.7844,-0.3237519
939.4606,939.7844,-0.3237634
939.4606,939.7844,-0.3237773
939.4606,939.7844,-0.3237862
939.4606,939.7844,-0.3237899
939.4606,939.7844,-0.3237971
939.4606,939.7844,-0.3238034
939.4606,939.7844,-0.3238118
939.4606,939.7844,-0.3238123
939.4606,939.7844,-0.3238136
939.4606,939.7844,-0.3238148
939.4606,939.7844,-0.3238245
939.4606,939.7844,-0.323833
939.4606,939.7844,-0.3238339
939.4606,939.7845,-0.3238569
939.4606,939.7845,-0.3238578
939.4606,939.7845,-0.3238694
939.4606,939.7845,-0.3238778
939.4606,939.7845,-0.3238835
939.4606,939.7845,-0.3238933
939.4606,939.7845,-0.3239166
939.4606,939.7845,-0.3239242
939.4606,939.7845,-0.3239244
939.4606,939.7845,-0.3239461
939.4606,939.7845,-0.3239464
939.4606,939.7846,-0.3239554
939.4606,939.7846,-0.3239759
939.4606,939.7846,-0.323989
939.4606,939.7846,-0.3239924
939.4606,939.7846,-0.3239997
939.4606,939.7846,-0.3240034
939.4606,939.7846,-0.3240241
939.4606,939.7846,-0.3240401
939.4606,939.7846,-0.3240404
939.4606,939.7846,-0.3240453
939.4606,939.7847,-0.3240531
939.4606,939.7847,-0.3240778
939.4606,939.7847,-0.3240788
939.4606,939.7847,-0.3240842
939.4606,939.7847,-0.3241205
939.4606,939.7847,-0.3241217
939.4606,939.7847,-0.3241263
939.4606,939.7847,-0.3241404
939.4606,939.7847,-0.3241433
939.4606,939.7848,-0.3241504
939.4606,939.7848,-0.3241664
939.4606,939.7848,-0.3241711
939.4606,939.7848,-0.3241836
939.4606,939.7848,-0.3241909
939.4606,939.7848,-0.3241926
939.4606,939.7848,-0.3241989
939.4606,939.7848,-0.324202
939.4606,939.7848,-0.3242108
939.4606,939.7849,-0.3242588
939.4606,939.7849,-0.3242615
939.4606,939.7849,-0.3242896
939.4606,939.7849,-0.3242899
939.4606,939.7849,-0.3243133
939.4606,939.7849,-0.3243145
939.4606,939.7849,-0.324315
939.4606,939.7849,-0.3243358
939.4606,939.7849,-0.324342
939.4606,939.785,-0.3243581
939.4606,939.785,-0.324362
939.4606,939.785,-0.3243645
939.4606,939.785,-0.3243719
939.4606,939.785,-0.3244033
939.4606,939.7851,-0.3244653
939.4606,939.7851,-0.3244789
939.4606,939.7851,-0.3244836
939.4606,939.7851,-0.3244913
939.4606,939.7851,-0.3244915
939.4606,939.7851,-0.3245205
939.4606,939.7851,-0.3245338
939.4606,939.7851,-0.3245353
939.4606,939.7852,-0.3245837
939.4606,939.7852,-0.3246173
939.4606,939.7852,-0.3246182
939.4606,939.7852,-0.3246207
939.4606,939.7853,-0.3247273
939.4606,939.7853,-0.3247379
939.4606,939.7853,-0.3247407
939.4606,939.7854,-0.324773
939.4606,939.7854,-0.3247975
939.4606,939.7854,-0.3248241
939.4606,939.7854,-0.3248345
939.4606,939.7855,-0.3248536
939.4606,939.7855,-0.3248542
939.4606,939.7855,-0.3248643
939.4606,939.7855,-0.3249063
939.4606,939.7855,-0.3249259
939.4606,939.7855,-0.3249297
939.4606,939.7856,-0.3249671
939.4606,939.7856,-0.3250125
939.4606,939.7857,-0.3250681
939.4606,939.7857,-0.3250957
939.4606,939.7857,-0.3250986
939.4606,939.7857,-0.3251124
939.4606,939.7858,-0.325183
939.4606,939.7858,-0.3251973
939.4606,939.7859,-0.3252768
939.4606,939.7859,-0.3253041
939.4606,939.7859,-0.3253411
939.4606,939.786,-0.3253559
939.4606,939.786,-0.3253674
939.4606,939.786,-0.3254152
939.4606,939.7861,-0.3254727
939.4606,939.7861,-0.3255045
939.4606,939.7861,-0.3255079
939.4606,939.7861,-0.3255094
939.4606,939.7861,-0.3255262
939.4606,939.7861,-0.3255323
939.4606,939.7861,-0.3255341
939.4606,939.7862,-0.3255509
939.4606,939.7862,-0.3255607
939.4606,939.7862,-0.3255933
939.4606,939.7862,-0.3256379
939.4606,939.7863,-0.325665
939.4606,939.7863,-0.3256782
939.4606,939.7863,-0.3256813
939.4606,939.7863,-0.325693
939.4606,939.7863,-0.3257239
939.4606,939.7863,-0.3257387
939.4606,939.7864,-0.3257608
939.4606,939.7864,-0.3257651
939.4606,939.7864,-0.32577
939.4606,939.7864,-0.3257747
939.4606,939.7864,-0.3257926
939.4606,939.7864,-0.3258428
939.4606,939.7865,-0.3258893
939.4606,939.7865,-0.3259457
939.4606,939.7866,-0.3259693
939.4606,939.7866,-0.3259916
939.4606,939.7869,-0.3262949
939.4606,939.7869,-0.3263477
939.4606,939.787,-0.3263735
939.4606,939.787,-0.3264071
939.4606,939.7871,-0.3265143
939.4606,939.7872,-0.3266055
939.4606,939.7872,-0.3266271
939.4606,939.7873,-0.3266906
939.4606,939.7873,-0.3267028
939.4606,939.7873,-0.3267056
939.4606,939.7873,-0.3267146
939.4606,939.7873,-0.3267251
939.4606,939.7874,-0.3267619
939.4606,939.7874,-0.3267643
939.4606,939.7874,-0.326765
939.4606,939.7874,-0.3267819
939.4606,939.7874,-0.326794
939.4606,939.7874,-0.3268126
939.4606,939.7875,-0.3268532
939.4606,939.7876,-0.3270163
939.4606,939.7877,-0.3270649
939.4606,939.7877,-0.3271378
939.4606,939.7878,-0.3271764
939.4606,939.7878,-0.3271848
939.4606,939.7878,-0.3271976
939.4606,939.7878,-0.3272328
939.4606,939.7879,-0.3272725
939.4606,939.788,-0.3273548
939.4606,939.788,-0.3273628
939.4606,939.788,-0.3274274
939.4606,939.788,-0.3274311
939.4606,939.7881,-0.327462
939.4606,939.7883,-0.3276722
939.4606,939.7884,-0.3278003
939.4606,939.7885,-0.3279247
939.4606,939.7885,-0.327942
939.4606,939.7886,-0.3280317
939.4606,939.7887,-0.3281426
939.4606,939.7888,-0.3281718
939.4606,939.7889,-0.3282993
939.4606,939.7889,-0.3283274
939.4606,939.789,-0.328395
939.4606,939.7891,-0.3284554
939.4606,939.7891,-0.3285174
939.4606,939.7892,-0.3285577
939.4606,939.7893,-0.3286614
939.4606,939.7893,-0.3287303
939.4606,939.7894,-0.3288075
939.4606,939.7895,-0.3288818
939.4606,939.7896,-0.329021
939.4606,939.7901,-0.3294701
939.4606,939.7901,-0.3294853
939.4606,939.7901,-0.3294894
939.4606,939.7901,-0.3295182
939.4606,939.7901,-0.3295467
939.4606,939.7902,-0.3295888
939.4606,939.7904,-0.3298301
939.4606,939.7906,-0.3299997
939.4606,939.7908,-0.3302155
939.4606,939.7908,-0.3302214
939.4606,939.7909,-0.3302619
939.4606,939.7909,-0.3302745
939.4606,939.7909,-0.3303214
939.4606,939.7909,-0.3303263
939.4606,939.791,-0.3304204
939.4606,939.7911,-0.3304873
939.4606,939.7915,-0.3308563
939.4606,939.7915,-0.3308688
939.4606,939.7915,-0.3309296
939.4606,939.7915,-0.3309461
939.4606,939.792,-0.3313764
939.4606,939.792,-0.3314419
939.4606,939.7923,-0.3316805
939.4606,939.7924,-0.3318358
939.4606,939.7926,-0.3319584
939.4606,939.7927,-0.3320636
939.4606,939.7929,-0.3323447
939.4606,939.7932,-0.3326082
939.4606,939.7937,-0.3331335
939.4606,939.794,-0.3334484
939.4606,939.7941,-0.333501
939.4606,939.7943,-0.3337124
939.4606,939.7943,-0.3337477
939.4606,939.7945,-0.3338914
939.4606,939.7947,-0.334113
939.4606,939.7948,-0.3342061
939.4606,939.7949,-0.3343273
939.4606,939.7951,-0.3345296
939.4606,939.7952,-0.334583
939.4606,939.7954,-0.3347609
939.4606,939.7956,-0.3350201
939.4606,939.7964,-0.3357954
939.4606,939.7964,-0.3358318
939.4606,939.7966,-0.3360256
939.4606,939.7968,-0.3361742
939.4606,939.797,-0.3364342
939.4606,939.7971,-0.336485
939.4606,939.7983,-0.3377323
939.4606,939.7985,-0.3378815
939.4606,939.7986,-0.3380333
939.4606,939.799,-0.3383565
939.4606,939.799,-0.3383939
939.4606,939.7993,-0.3386885
939.4606,939.7993,-0.3386923
939.4606,939.7994,-0.3388062
939.4606,939.8003,-0.3396692
939.4606,939.8009,-0.3403001
939.4606,939.8011,-0.340485
939.4606,939.8016,-0.3409613
939.4606,939.8018,-0.3412191
939.4606,939.8019,-0.3413297
939.4606,939.8022,-0.3415933
939.4606,939.8023,-0.3417397
939.4606,939.8025,-0.3418941
939.4606,939.8031,-0.3424624
939.4606,939.8031,-0.342502
939.4606,939.8034,-0.342818
939.4606,939.8038,-0.3431839
939.4606,939.8042,-0.3436371
939.4606,939.8048,-0.3442195
939.4606,939.8076,-0.3470012
939.4606,939.8096,-0.3489933
939.4606,939.8099,-0.3492551
939.4606,939.8099,-0.3492625
939.4606,939.8102,-0.3496266
939.4606,939.8103,-0.3497238
939.4606,939.8104,-0.3497827
939.4606,939.8107,-0.3501129
939.4606,939.8108,-0.3502294
939.4606,939.8108,-0.3502312
939.4606,939.811,-0.3503858
939.4606,939.8111,-0.3505374
939.4606,939.8115,-0.3509045
939.4606,939.8118,-0.3512073
939.4606,939.8121,-0.3514905
939.4606,939.8122,-0.3515918
939.4606,939.8126,-0.3519832
939.4606,939.8128,-0.3522097
939.4606,939.813,-0.3523714
939.4606,939.8133,-0.352653
939.4606,939.8134,-0.3527517
939.4606,939.8135,-0.3528889
939.4606,939.8138,-0.3531761
939.4606,939.8143,-0.3536902
939.4606,939.8149,-0.3542771
939.4606,939.815,-0.3543922
939.4606,939.8152,-0.3545917
939.4606,939.8153,-0.354703
939.4606,939.816,-0.3554071
939.4606,939.8163,-0.3556997
939.4606,939.8164,-0.355848
939.4606,939.8165,-0.355864
939.4606,939.8166,-0.3559844
939.4606,939.8167,-0.3560895
939.4606,939.8172,-0.3566495
939.4606,939.8173,-0.3567354
939.4606,939.8175,-0.3569257
939.4606,939.8176,-0.3569639
939.4606,939.8177,-0.3570792
939.4606,939.8181,-0.3575025
939.4606,939.8181,-0.3575109
939.4606,939.8191,-0.3584972
939.4606,939.8193,-0.3586612
939.4606,939.8195,-0.3588717
939.4606,939.8196,-0.3589953
939.4606,939.8196,-0.3590243
939.4606,939.8208,-0.3601683
939.4606,939.8209,-0.360306
939.4606,939.8209,-0.3603077
939.4606,939.8209,-0.3603443
939.4606,939.8214,-0.360822
939.4606,939.8216,-0.3609634
939.4606,939.8218,-0.3611501
939.4606,939.822,-0.3614238
939.4606,939.8226,-0.3619591
939.4606,939.8237,-0.3631283
939.4606,939.8246,-0.364037
939.4606,939.8247,-0.3640964
939.4606,939.8249,-0.3642852
939.4606,939.8249,-0.3643445
939.4606,939.8257,-0.3651006
939.4606,939.8264,-0.365768
939.4606,939.8267,-0.366079
939.4606,939.8286,-0.3679797
939.4606,939.8307,-0.3700764
939.4606,939.8467,-0.3860583
939.4606,939.8494,-0.388842
939.4606,939.8501,-0.3894999
939.4606,939.8533,-0.3927307
939.4606,939.856,-0.3953739
939.4606,939.8573,-0.3967499
939.4606,939.8662,-0.405579
939.4606,939.8663,-0.405671
939.4606,939.8681,-0.4075363
939.4606,939.8692,-0.4085976
939.4606,939.8718,-0.4111777
939.4606,939.873,-0.4123504
939.4606,939.874,-0.4133509
939.4606,939.8741,-0.413485
939.4606,939.8742,-0.4135967
939.4606,939.8747,-0.414126
939.4606,939.8749,-0.4143052
939.4606,939.8751,-0.414549
939.4606,939.8756,-0.4149941
939.4606,939.8757,-0.4150945
939.4606,939.8758,-0.4151817
939.4606,939.8758,-0.4152495
939.4606,939.876,-0.4154054
939.4606,939.8761,-0.4154664
939.4606,939.8764,-0.4157897
939.4606,939.8768,-0.4162071
939.4606,939.8769,-0.4163461
939.4606,939.877,-0.4163913
939.4606,939.8772,-0.4165902
939.4606,939.8773,-0.4166517
939.4606,939.8773,-0.4166867
939.4606,939.8782,-0.4176398
939.4606,939.8783,-0.4177001
939.4606,939.8785,-0.4179295
939.4606,939.8793,-0.4187429
939.4606,939.8794,-0.418761
939.4606,939.8794,-0.4188059
939.4606,939.8797,-0.4191493
939.4606,939.8798,-0.4191705
939.4606,939.88,-0.4193802
939.4606,939.8801,-0.4195226
939.4606,939.8801,-0.4195494
939.4606,939.8805,-0.4199295
939.4606,939.8807,-0.4200501
939.4606,939.8807,-0.4200524
939.4606,939.8809,-0.4202619
939.4606,939.8813,-0.4207013
939.4606,939.8814,-0.4207935
939.4606,939.8814,-0.4208308
939.4606,939.8818,-0.4211761
939.4606,939.8819,-0.4212699
939.4606,939.8821,-0.4214847
939.4606,939.8824,-0.4218075
939.4606,939.8827,-0.4220552
939.4606,939.883,-0.4223564
939.4606,939.883,-0.4224116
939.4606,939.883,-0.4224444
939.4606,939.8831,-0.4224534
939.4606,939.8833,-0.4226652
939.4606,939.8834,-0.4227728
939.4606,939.8835,-0.422872
939.4606,939.8836,-0.4230151
939.4606,939.8837,-0.423096
939.4606,939.8846,-0.424036
939.4606,939.8847,-0.4240636
939.4606,939.8847,-0.4241327
939.4606,939.8855,-0.4249393
939.4606,939.8855,-0.4249404
939.4606,939.8857,-0.4251398
939.4606,939.8859,-0.4252606
939.4606,939.8864,-0.4258073
939.4606,939.8869,-0.4262882
939.4606,939.8869,-0.4263005
939.4606,939.8875,-0.4268984
939.4606,939.8882,-0.4275557
939.4606,939.8882,-0.4275959
939.4606,939.8889,-0.4283088
939.4606,939.8898,-0.4291667
939.4606,939.8901,-0.4295375
939.4606,939.8906,-0.4300353
939.4606,939.891,-0.4303506
939.4606,939.8912,-0.4305662
939.4606,939.8914,-0.4307732
939.4606,939.8914,-0.430779
939.4606,939.8915,-0.4309453
939.4606,939.8918,-0.4311699
939.4606,939.8919,-0.431331
939.4606,939.8932,-0.4326384
939.4606,939.8943,-0.4336585
939.4606,939.8954,-0.4347885
939.4606,939.8962,-0.4355874
939.4606,939.8968,-0.4361689
939.4606,939.8981,-0.4374699
939.4606,939.8981,-0.4375075
939.4606,939.8985,-0.4379175
939.4606,939.8987,-0.4381003
939.4606,939.901,-0.440407
939.4606,939.9054,-0.4448394
939.4606,939.9056,-0.4450145
939.4606,939.906,-0.4454435
939.4606,939.9094,-0.4488419
939.4606,939.9102,-0.4496327
939.4606,939.9189,-0.4583226
939.4606,939.9198,-0.4592397
939.4606,939.9202,-0.4595594
939.4606,939.9212,-0.4605607
939.4606,939.9218,-0.4612232
939.4606,939.9219,-0.4613491
939.4606,939.9223,-0.4616545
939.4606,939.9224,-0.4617771
939.4606,939.9261,-0.4654709
939.4606,939.9283,-0.4676514
939.4606,939.9287,-0.4680971
939.4606,939.9294,-0.4687761
939.4606,939.9299,-0.4692715
939.4606,939.9303,-0.4697393
939.4606,939.9304,-0.4697588
939.4606,939.9305,-0.4699106
939.4606,939.9308,-0.4701976
939.4606,939.9313,-0.4707339
939.4606,939.9318,-0.4711639
939.4606,939.9318,-0.4712426
939.4606,939.9318,-0.4712489
939.4606,939.9327,-0.4721087
939.4606,939.9328,-0.4721667
939.4606,939.9328,-0.4721735
939.4606,939.9338,-0.4732115
939.4606,939.9343,-0.4736612
939.4606,939.9346,-0.4740278
939.4606,939.935,-0.4744363
939.4606,939.9358,-0.4752225
939.4606,939.9362,-0.475626
939.4606,939.9364,-0.4758318
939.4606,939.9366,-0.4760242
939.4606,939.9378,-0.477175
939.4606,939.9379,-0.477303
939.4606,939.938,-0.4774339
939.4606,939.9381,-0.477466
939.4606,939.9384,-0.4777697
939.4606,939.9385,-0.4779328
939.4606,939.9387,-0.4780949
939.4606,939.9389,-0.4782531
939.4606,939.9389,-0.4783094
939.4606,939.9392,-0.478648
939.4606,939.9392,-0.4786498
939.4606,939.9393,-0.4787049
939.4606,939.9393,-0.4787383
939.4606,939.9395,-0.478871
939.4606,939.9395,-0.4788714
939.4606,939.9395,-0.4788813
939.4606,939.9397,-0.4791377
939.4606,939.9399,-0.4793449
939.4606,939.94,-0.4793563
939.4606,939.94,-0.4793684
939.4606,939.9401,-0.4794693
939.4606,939.9402,-0.4796309
939.4606,939.9404,-0.4797602
939.4606,939.9404,-0.4797727
939.4606,939.9411,-0.4805455
939.4606,939.9418,-0.4811741
939.4606,939.9422,-0.4816403
939.4606,939.9425,-0.4818508
939.4606,939.9425,-0.4818546
939.4606,939.9425,-0.4819211
939.4606,939.9428,-0.4821948
939.4606,939.9428,-0.482227
939.4606,939.9431,-0.4825078
939.4606,939.9433,-0.4827457
939.4606,939.9433,-0.4827459
939.4606,939.9445,-0.4839242
939.4606,939.9445,-0.483925
939.4606,939.945,-0.4844095
939.4606,939.9451,-0.4844508
939.4606,939.9452,-0.4845574
939.4606,939.9455,-0.4849498
939.4606,939.9458,-0.4851673
939.4606,939.9458,-0.4852397
939.4606,939.9463,-0.4856988
939.4606,939.9464,-0.4858012
939.4606,939.9466,-0.485996
939.4606,939.9468,-0.4862047
939.4606,939.9472,-0.4865598
939.4606,939.9474,-0.4868119
939.4606,939.9475,-0.4868597
939.4606,939.9475,-0.4868904
939.4606,939.9475,-0.4869376
939.4606,939.9477,-0.4871019
939.4606,939.9478,-0.4872227
939.4606,939.948,-0.4873591
939.4606,939.948,-0.4873894
939.4606,939.948,-0.4874334
939.4606,939.9481,-0.4874677
939.4606,939.9481,-0.4875404
939.4606,939.9482,-0.487593
939.4606,939.9485,-0.4879151
939.4606,939.9489,-0.488251
939.4606,939.9492,-0.4885878
939.4606,939.9492,-0.4886268
939.4606,939.9495,-0.4888642
939.4606,939.9495,-0.4889146
939.4606,939.9496,-0.489008
939.4606,939.9498,-0.4892205
939.4606,939.9499,-0.4892684
939.4606,939.9501,-0.4894696
939.4606,939.9502,-0.4896248
939.4606,939.9505,-0.4898555
939.4606,939.9506,-0.4900274
939.4606,939.9507,-0.4901116
939.4606,939.9508,-0.4901577
939.4606,939.9509,-0.4903193
939.4606,939.951,-0.4903796
939.4606,939.951,-0.4904109
939.4606,939.9511,-0.4904644
939.4606,939.9511,-0.4905001
939.4606,939.9511,-0.4905016
939.4606,939.9511,-0.4905306
939.4606,939.9511,-0.4905321
939.4606,939.9512,-0.4905837
939.4606,939.9512,-0.4905971
939.4606,939.9513,-0.490659
939.4606,939.9513,-0.4906756
939.4606,939.9514,-0.4907789
939.4606,939.9515,-0.4909185
939.4606,939.9516,-0.4910032
939.4606,939.9518,-0.4911587
939.4606,939.9518,-0.4912155
939.4606,939.9518,-0.4912165
939.4606,939.9519,-0.49133
939.4606,939.9521,-0.4915304
939.4606,939.9522,-0.4915808
939.4606,939.9524,-0.4918174
939.4606,939.9525,-0.4918676
939.4606,939.9526,-0.4919987
939.4606,939.9528,-0.4921545
939.4606,939.9528,-0.4921984
939.4606,939.9529,-0.4923371
939.4606,939.9529,-0.492343
939.4606,939.9529,-0.4923485
939.4606,939.9531,-0.4925479
939.4606,939.9532,-0.4926121
939.4606,939.9533,-0.4926826
939.4606,939.9535,-0.4929461
939.4606,939.9536,-0.4929994
939.4606,939.9537,-0.4930681
939.4606,939.9538,-0.4931598
939.4606,939.9538,-0.4932287
939.4606,939.9539,-0.4933252
939.4606,939.9539,-0.4933457
939.4606,939.9541,-0.4934532
939.4606,939.9541,-0.4934587
939.4606,939.9542,-0.4935791
939.4606,939.9542,-0.4936013
939.4606,939.9543,-0.4936559
939.4606,939.9543,-0.4936821
939.4606,939.9543,-0.4937048
939.4606,939.9544,-0.4937836
939.4606,939.9544,-0.4937921
939.4606,939.9546,-0.4940036
939.4606,939.9546,-0.4940383
939.4606,939.9547,-0.4940959
939.4606,939.9548,-0.4941862
939.4606,939.9548,-0.494244
939.4606,939.9549,-0.4942573
939.4606,939.9549,-0.4942703
939.4606,939.9549,-0.4942919
939.4606,939.955,-0.4943852
939.4606,939.955,-0.4944299
939.4606,939.955,-0.4944377
939.4606,939.955,-0.4944461
939.4606,939.9551,-0.4944604
939.4606,939.9551,-0.4944961
939.4606,939.9552,-0.4945866
939.4606,939.9552,-0.4946303
939.4606,939.9552,-0.4946497
939.4606,939.9553,-0.4946892
939.4606,939.9553,-0.4947276
939.4606,939.9554,-0.4947733
939.4606,939.9554,-0.4947942
939.4606,939.9555,-0.4948689
939.4606,939.9555,-0.4949474
939.4606,939.9556,-0.494961
939.4606,939.9556,-0.494963
939.4606,939.9556,-0.4949696
939.4606,939.9556,-0.4950218
939.4606,939.9557,-0.4950725
939.4606,939.9557,-0.495119
939.4606,939.9559,-0.4952752
939.4606,939.956,-0.4954351
939.4606,939.9561,-0.4954987
939.4606,939.9562,-0.495596
939.4606,939.9562,-0.4956072
939.4606,939.9562,-0.4956295
939.4606,939.9562,-0.4956368
939.4606,939.9564,-0.4958065
939.4606,939.9564,-0.4958287
939.4606,939.9564,-0.4958344
939.4606,939.9565,-0.4958627
939.4606,939.9565,-0.4959378
939.4606,939.9566,-0.4960181
939.4606,939.9567,-0.4960657
939.4606,939.9568,-0.4962043
939.4606,939.9568,-0.4962381
939.4606,939.9569,-0.4962757
939.4606,939.9569,-0.4963401
939.4606,939.957,-0.4963862
939.4606,939.9573,-0.4967331
939.4606,939.9573,-0.496749
939.4606,939.9575,-0.4968558
939.4606,939.9575,-0.4969343
939.4606,939.9576,-0.4969721
939.4606,939.9576,-0.4969763
939.4606,939.9576,-0.4969845
939.4606,939.9576,-0.4970133
939.4606,939.9576,-0.4970269
939.4606,939.9577,-0.4971454
939.4606,939.9578,-0.497155
939.4606,939.9578,-0.4971561
939.4606,939.9578,-0.4972249
939.4606,939.9579,-0.497325
939.4606,939.958,-0.4974454
939.4606,939.9581,-0.4975308
939.4606,939.9582,-0.497591
939.4606,939.9583,-0.4976882
939.4606,939.9583,-0.4977367
939.4606,939.9585,-0.4979037
939.4606,939.9589,-0.498274
939.4606,939.9593,-0.4987492
939.4606,939.9594,-0.4987601
939.4606,939.9599,-0.4992599
939.4606,939.9601,-0.4994945
939.4606,939.9602,-0.4996216
939.4606,939.9603,-0.4996535
939.4606,939.9605,-0.4999368
939.4606,939.9606,-0.5000416
939.4606,939.9612,-0.5006152
939.4606,939.9615,-0.5009419
939.4606,939.9618,-0.5012089
939.4606,939.9625,-0.5018666
939.4606,939.9628,-0.5022016
939.4606,939.9633,-0.5027483
939.4606,939.9635,-0.502903
939.4606,939.964,-0.5033604
939.4606,939.9642,-0.5036082
939.4606,939.9651,-0.5045137
939.4606,939.9654,-0.5048407
939.4606,939.9661,-0.5054831
939.4606,939.9666,-0.5059685
939.4606,939.9672,-0.5066113
939.4606,939.9672,-0.5066319
939.4606,939.969,-0.5083641
939.4606,939.9698,-0.5091833
939.4606,939.9711,-0.5105313
939.4606,939.9712,-0.510633
939.4606,939.9713,-0.5107149
939.4606,939.9714,-0.5108325
939.4606,939.9719,-0.5112645
939.4606,939.9726,-0.5120489
939.4606,939.9727,-0.5121148
939.4606,939.973,-0.5124082
939.4606,939.9738,-0.5132185
939.4606,939.974,-0.5134019
939.4606,939.9755,-0.5149361
939.4606,939.9757,-0.5150513
939.4606,939.9761,-0.5155048
939.4606,939.9761,-0.5155484
939.4606,939.9763,-0.5157346
939.4606,939.9777,-0.5170673
939.4606,939.978,-0.5174356
939.4606,939.9781,-0.5174628
939.4606,939.9788,-0.518186
939.4606,939.9788,-0.5182201
939.4606,939.9791,-0.5185307
939.4606,939.9799,-0.5193068
939.4606,939.9801,-0.5194915
939.4606,939.9808,-0.5202227
939.4606,939.9826,-0.5219592
939.4606,939.985,-0.5243533
939.4606,939.9877,-0.5271143
939.4606,939.9926,-0.532019
939.4606,939.9939,-0.5332821
939.4606,939.9946,-0.5339852
939.4606,939.9948,-0.5341817
939.4606,939.9966,-0.5360498
939.4606,940.002,-0.541378
939.4606,940.0063,-0.5457352
939.4606,940.0078,-0.5472431
939.4606,940.0152,-0.5545929
939.4606,940.0156,-0.5550288
939.4606,940.0193,-0.5587002
939.4606,940.0194,-0.5587976
939.4606,940.0214,-0.5608337
939.4606,940.0223,-0.561745
939.4606,940.023,-0.562407
939.4606,940.0238,-0.5632333
939.4606,940.0248,-0.5641829
939.4606,940.0253,-0.5646876
939.4606,940.0253,-0.5646969
939.4606,940.0263,-0.5656798
939.4606,940.0266,-0.5660348
939.4606,940.031,-0.5703891
939.4606,940.0338,-0.573231
939.4606,940.0407,-0.5801283
939.4606,940.0955,-0.6348517
939.4606,940.0972,-0.6365575
939.4606,940.0992,-0.6386393
939.4606,940.1004,-0.6398108
939.4606,940.1016,-0.6410202
939.4606,940.1027,-0.6421282
939.4606,940.1033,-0.6427073
939.4606,940.1034,-0.6428088
939.4606,940.1034,-0.6428324
939.4606,940.1043,-0.6436627
939.4606,940.1046,-0.643986
939.4606,940.1046,-0.6440172
939.4606,940.1048,-0.644169
939.4606,940.1048,-0.644213
939.4606,940.1049,-0.6442965
939.4606,940.1051,-0.6444878
939.4606,940.1053,-0.6447278
939.4606,940.1055,-0.6449318
939.4606,940.1056,-0.6450124
939.4606,940.1057,-0.6450592
939.4606,940.1058,-0.6451621
939.4606,940.1058,-0.6451841
939.4606,940.1058,-0.6452353
939.4606,940.106,-0.6454265
939.4606,940.1061,-0.6455429
939.4606,940.1062,-0.6455716
939.4606,940.1062,-0.6456368
939.4606,940.1063,-0.6456621
939.4606,940.1063,-0.6457061
939.4606,940.1063,-0.6457177
939.4606,940.1065,-0.6458877
939.4606,940.1066,-0.6460095
939.4606,940.1067,-0.6460813
939.4606,940.1069,-0.6463117
939.4606,940.107,-0.6464077
939.4606,940.1071,-0.6465307
939.4606,940.1072,-0.6466412
939.4606,940.1074,-0.6467552
939.4606,940.1074,-0.6468163
939.4606,940.1075,-0.6468682
939.4606,940.1076,-0.6469904
939.4606,940.1077,-0.647055
939.4606,940.1077,-0.647142
939.4606,940.1078,-0.6471919
939.4606,940.108,-0.6474353
939.4606,940.1083,-0.6476821
939.4606,940.1083,-0.6476906
939.4606,940.1083,-0.6477227
939.4606,940.1084,-0.6478462
939.4606,940.1085,-0.647874
939.4606,940.1085,-0.6478833
939.4606,940.1086,-0.6479988
939.4606,940.1086,-0.648026
939.4606,940.1087,-0.6481499
939.4606,940.1088,-0.648201
939.4606,940.1089,-0.6482521
939.4606,940.1089,-0.6482849
939.4606,940.1089,-0.6483402
939.4606,940.1089,-0.6483423
939.4606,940.109,-0.648378
939.4606,940.1092,-0.6486318
939.4606,940.1092,-0.6486359
939.4606,940.1092,-0.6486446
939.4606,940.1093,-0.6486651
939.4606,940.1093,-0.6486666
939.4606,940.1093,-0.6487056
939.4606,940.1093,-0.6487146
939.4606,940.1094,-0.6488151
939.4606,940.1095,-0.6488674
939.4606,940.1095,-0.6488792
939.4606,940.1095,-0.6489017
939.4606,940.1095,-0.6489296
939.4606,940.1096,-0.6489598
939.4606,940.1096,-0.6489803
939.4606,940.1096,-0.6490087
939.4606,940.1096,-0.6490431
939.4606,940.1097,-0.6490674
939.4606,940.1097,-0.6490778
939.4606,940.1097,-0.6491166
939.4606,940.1097,-0.6491475
939.4606,940.1098,-0.6491598
939.4606,940.1099,-0.6492604
939.4606,940.11,-0.649383
939.4606,940.11,-0.6494098
939.4606,940.1101,-0.6494506
939.4606,940.1101,-0.6494953
939.4606,940.1101,-0.6495054
939.4606,940.1102,-0.6495538
939.4606,940.1102,-0.6496076
939.4606,940.1102,-0.6496133
939.4606,940.1102,-0.6496218
939.4606,940.1103,-0.64969
939.4606,940.1103,-0.6497016
939.4606,940.1104,-0.6497528
939.4606,940.1104,-0.6497624
939.4606,940.1104,-0.6497729
939.4606,940.1104,-0.6497764
939.4606,940.1104,-0.6498204
939.4606,940.1104,-0.6498457
939.4606,940.1105,-0.6498984
939.4606,940.1105,-0.6499309
939.4606,940.1105,-0.6499465
939.4606,940.1106,-0.6499765
939.4606,940.1106,-0.6499838
939.4606,940.1106,-0.6499883
939.4606,940.1106,-0.6499898
939.4606,940.1106,-0.6500043
939.4606,940.1106,-0.6500066
939.4606,940.1107,-0.6500749
939.4606,940.1107,-0.6500907
939.4606,940.1107,-0.6501144
939.4606,940.1108,-0.6501631
939.4606,940.1108,-0.6501855
939.4606,940.1108,-0.6502495
939.4606,940.1109,-0.6502592
939.4606,940.1109,-0.6502605
939.4606,940.1109,-0.6502835
939.4606,940.1109,-0.6502903
939.4606,940.111,-0.6503645
939.4606,940.111,-0.6504389
939.4606,940.111,-0.6504471
939.4606,940.1111,-0.6504821
939.4606,940.1111,-0.6505043
939.4606,940.1111,-0.6505127
939.4606,940.1111,-0.6505382
939.4606,940.1112,-0.6505862
939.4606,940.1112,-0.6506187
939.4606,940.1113,-0.6506598
939.4606,940.1113,-0.650691
939.4606,940.1113,-0.6507186
939.4606,940.1113,-0.6507319
939.4606,940.1114,-0.6507507
939.4606,940.1114,-0.6507853
939.4606,940.1114,-0.6507964
939.4606,940.1115,-0.6508547
939.4606,940.1115,-0.650913
939.4606,940.1115,-0.6509158
939.4606,940.1115,-0.650916
939.4606,940.1116,-0.6509764
939.4606,940.1116,-0.6510149
939.4606,940.1117,-0.6510593
939.4606,940.1117,-0.6510784
939.4606,940.1118,-0.6511762
939.4606,940.1118,-0.6512177
939.4606,940.1119,-0.6513065
939.4606,940.1119,-0.6513124
939.4606,940.1119,-0.6513133
939.4606,940.1119,-0.6513274
939.4606,940.1119,-0.6513281
939.4606,940.1119,-0.6513303
939.4606,940.1119,-0.6513356
939.4606,940.112,-0.6513739
939.4606,940.112,-0.6513808
939.4606,940.112,-0.6513853
939.4606,940.112,-0.6513942
939.4606,940.1121,-0.6514625
939.4606,940.1121,-0.6514642
939.4606,940.1122,-0.6515567
939.4606,940.1122,-0.6515658
939.4606,940.1122,-0.6515689
939.4606,940.1122,-0.6515729
939.4606,940.1122,-0.6515901
939.4606,940.1122,-0.6516314
939.4606,940.1123,-0.6516562
939.4606,940.1123,-0.6517002
939.4606,940.1123,-0.6517052
939.4606,940.1123,-0.6517199
939.4606,940.1123,-0.6517253
939.4606,940.1123,-0.65173
939.4606,940.1123,-0.6517486
939.4606,940.1124,-0.6517617
939.4606,940.1124,-0.6517905
939.4606,940.1124,-0.6517934
939.4606,940.1124,-0.6518141
939.4606,940.1124,-0.6518164
939.4606,940.1124,-0.651817
939.4606,940.1124,-0.6518248
939.4606,940.1125,-0.6518608
939.4606,940.1125,-0.6518735
939.4606,940.1125,-0.6519367
939.4606,940.1126,-0.6519677
939.4606,940.1126,-0.6519753
939.4606,940.1126,-0.6520262
939.4606,940.1126,-0.6520267
939.4606,940.1126,-0.6520333
939.4606,940.1127,-0.6520606
939.4606,940.1127,-0.6520966
939.4606,940.1127,-0.6521059
939.4606,940.1127,-0.6521066
939.4606,940.1127,-0.6521259
939.4606,940.1127,-0.6521437
939.4606,940.1127,-0.6521456
939.4606,940.1128,-0.6521557
939.4606,940.1128,-0.6521664
939.4606,940.1128,-0.6521851
939.4606,940.1128,-0.652206
939.4606,940.1128,-0.652216
939.4606,940.1128,-0.6522314
939.4606,940.1128,-0.6522451
939.4606,940.1129,-0.652265
939.4606,940.1129,-0.652265
939.4606,940.1129,-0.6522689
939.4606,940.1129,-0.6522862
939.4606,940.1129,-0.6523229
939.4606,940.1129,-0.6523374
939.4606,940.113,-0.6523601
939.4606,940.113,-0.652361
939.4606,940.113,-0.6523696
939.4606,940.113,-0.6523748
939.4606,940.113,-0.6523988
939.4606,940.1131,-0.6524546
939.4606,940.1131,-0.6524927
939.4606,940.1132,-0.652556
939.4606,940.1132,-0.6525726
939.4606,940.1132,-0.6525746
939.4606,940.1132,-0.6525933
939.4606,940.1132,-0.6526044
939.4606,940.1132,-0.6526165
939.4606,940.1132,-0.6526286
939.4606,940.1132,-0.652636
939.4606,940.1132,-0.6526375
939.4606,940.1133,-0.6526615
939.4606,940.1133,-0.6526654
939.4606,940.1133,-0.6527142
939.4606,940.1133,-0.6527374
939.4606,940.1134,-0.6527919
939.4606,940.1134,-0.6528217
939.4606,940.1134,-0.652831
939.4606,940.1135,-0.6528575
939.4606,940.1135,-0.6528683
939.4606,940.1135,-0.6528883
939.4606,940.1135,-0.6529032
939.4606,940.1135,-0.6529044
939.4606,940.1135,-0.6529086
939.4606,940.1135,-0.6529174
939.4606,940.1136,-0.6529517
939.4606,940.1136,-0.6529581
939.4606,940.1136,-0.6529839
939.4606,940.1136,-0.6529917
939.4606,940.1136,-0.6530033
939.4606,940.1136,-0.653025
939.4606,940.1137,-0.6530544
939.4606,940.1137,-0.6530875
939.4606,940.1137,-0.6531022
939.4606,940.1137,-0.6531284
939.4606,940.1137,-0.6531288
939.4606,940.1138,-0.653163
939.4606,940.1138,-0.6531754
939.4606,940.1138,-0.6532015
939.4606,940.1138,-0.6532097
939.4606,940.1138,-0.6532426
939.4606,940.1138,-0.6532435
939.4606,940.1139,-0.6532576
939.4606,940.1139,-0.6532599
939.4606,940.1139,-0.6532613
939.4606,940.1139,-0.6532748
939.4606,940.1139,-0.6532821
939.4606,940.1139,-0.6533094
939.4606,940.1139,-0.6533137
939.4606,940.1139,-0.653322
939.4606,940.1139,-0.6533429
939.4606,940.114,-0.6533777
939.4606,940.114,-0.6533966
939.4606,940.114,-0.6533967
939.4606,940.1141,-0.6534673
939.4606,940.1141,-0.6534699
939.4606,940.1141,-0.6534706
939.4606,940.1141,-0.6534737
939.4606,940.1141,-0.6534844
939.4606,940.1141,-0.6534925
939.4606,940.1141,-0.6534976
939.4606,940.1141,-0.6535156
939.4606,940.1141,-0.6535354
939.4606,940.1141,-0.6535411
939.4606,940.1142,-0.6535546
939.4606,940.1142,-0.6535554
939.4606,940.1142,-0.6535622
939.4606,940.1142,-0.6535636
939.4606,940.1142,-0.6535663
939.4606,940.1142,-0.6535688
939.4606,940.1142,-0.6535822
939.4606,940.1142,-0.6536269
939.4606,940.1143,-0.6536858
939.4606,940.1143,-0.6536926
939.4606,940.1143,-0.6536992
939.4606,940.1143,-0.6537004
939.4606,940.1143,-0.6537063
939.4606,940.1143,-0.6537155
939.4606,940.1144,-0.6537863
939.4606,940.1144,-0.6537868
939.4606,940.1144,-0.6537909
939.4606,940.1144,-0.6538077
939.4606,940.1144,-0.6538126
939.4606,940.1144,-0.6538233
939.4606,940.1144,-0.6538292
939.4606,940.1145,-0.6538697
939.4606,940.1145,-0.653882
939.4606,940.1145,-0.6538936
939.4606,940.1145,-0.6539061
939.4606,940.1145,-0.6539318
939.4606,940.1145,-0.6539323
939.4606,940.1145,-0.6539454
939.4606,940.1146,-0.6539621
939.4606,940.1146,-0.6539648
939.4606,940.1146,-0.653969
939.4606,940.1146,-0.6539739
939.4606,940.1146,-0.6540099
939.4606,940.1146,-0.6540308
939.4606,940.1146,-0.6540385
939.4606,940.1146,-0.6540458
939.4606,940.1146,-0.6540472
939.4606,940.1147,-0.6540542
939.4606,940.1147,-0.6540751
939.4606,940.1147,-0.654092
939.4606,940.1147,-0.6541
939.4606,940.1147,-0.6541116
939.4606,940.1147,-0.6541125
939.4606,940.1147,-0.6541467
939.4606,940.1148,-0.6541599
939.4606,940.1148,-0.6542124
939.4606,940.1148,-0.6542375
939.4606,940.1148,-0.6542443
939.4606,940.1148,-0.6542467
939.4606,940.1149,-0.6542571
939.4606,940.1149,-0.654258
939.4606,940.1149,-0.6542662
939.4606,940.1149,-0.6542765
939.4606,940.1149,-0.6543001
939.4606,940.1149,-0.6543075
939.4606,940.1149,-0.6543295
939.4606,940.1149,-0.6543374
939.4606,940.1149,-0.6543439
939.4606,940.1149,-0.6543468
939.4606,940.1149,-0.6543499
939.4606,940.115,-0.6543523
939.4606,940.115,-0.6543541
939.4606,940.115,-0.654355
939.4606,940.115,-0.6543631
939.4606,940.115,-0.6543957
939.4606,940.115,-0.6543975
939.4606,940.115,-0.6543985
939.4606,940.115,-0.6544027
939.4606,940.115,-0.6544039
939.4606,940.115,-0.6544068
939.4606,940.115,-0.6544152
939.4606,940.115,-0.6544268
939.4606,940.115,-0.6544301
939.4606,940.115,-0.6544348
939.4606,940.115,-0.6544367
939.4606,940.115,-0.6544387
939.4606,940.1151,-0.6544524
939.4606,940.1151,-0.6544533
939.4606,940.1151,-0.6544837
939.4606,940.1151,-0.6544852
939.4606,940.1151,-0.6544909
939.4606,940.1151,-0.6544956
939.4606,940.1151,-0.6544966
939.4606,940.1151,-0.6545041
939.4606,940.1151,-0.654505
939.4606,940.1151,-0.6545162
939.4606,940.1151,-0.6545164
939.4606,940.1151,-0.6545327
939.4606,940.1151,-0.6545397
939.4606,940.1152,-0.6545818
939.4606,940.1152,-0.6545993
939.4606,940.1152,-0.6546124
939.4606,940.1152,-0.6546165
939.4606,940.1152,-0.6546176
939.4606,940.1152,-0.6546255
939.4606,940.1152,-0.6546291
939.4606,940.1152,-0.6546317
939.4606,940.1152,-0.654637
939.4606,940.1153,-0.6546509
939.4606,940.1153,-0.6546532
939.4606,940.1153,-0.6546598
939.4606,940.1153,-0.6546724
939.4606,940.1153,-0.6546762
939.4606,940.1153,-0.6546926
939.4606,940.1153,-0.6547131
939.4606,940.1153,-0.6547157
939.4606,940.1153,-0.6547352
939.4606,940.1153,-0.6547371
939.4606,940.1153,-0.6547379
939.4606,940.1153,-0.654745
939.4606,940.1153,-0.6547469
939.4606,940.1154,-0.6547556
939.4606,940.1154,-0.6547573
939.4606,940.1154,-0.6547603
939.4606,940.1154,-0.654776
939.4606,940.1154,-0.6547763
939.4606,940.1154,-0.6547817
939.4606,940.1154,-0.6548023
939.4606,940.1154,-0.6548097
939.4606,940.1154,-0.6548339
939.4606,940.1154,-0.654849
939.4606,940.1154,-0.6548497
939.4606,940.1155,-0.6548522
939.4606,940.1155,-0.6548692
939.4606,940.1155,-0.6548694
939.4606,940.1155,-0.6548711
939.4606,940.1155,-0.6548721
939.4606,940.1155,-0.6548946
939.4606,940.1155,-0.6548979
939.4606,940.1155,-0.6549037
939.4606,940.1155,-0.6549066
939.4606,940.1155,-0.6549082
939.4606,940.1155,-0.6549118
939.4606,940.1155,-0.6549153
939.4606,940.1155,-0.6549213
939.4606,940.1155,-0.6549274
939.4606,940.1155,-0.6549456
939.4606,940.1156,-0.6549501
939.4606,940.1156,-0.6549552
939.4606,940.1156,-0.6549643
939.4606,940.1156,-0.6549676
939.4606,940.1156,-0.6549836
939.4606,940.1156,-0.6549864
939.4606,940.1156,-0.6549971
939.4606,940.1156,-0.6550018
939.4606,940.1156,-0.6550081
939.4606,940.1156,-0.6550102
939.4606,940.1156,-0.6550156
939.4606,940.1156,-0.6550173
939.4606,940.1156,-0.6550348
939.4606,940.1156,-0.6550412
939.4606,940.1156,-0.6550455
939.4606,940.1156,-0.6550485
939.4606,940.1156,-0.6550494
939.4606,940.1157,-0.6550507
939.4606,940.1157,-0.6550647
939.4606,940.1157,-0.6550754
939.4606,940.1157,-0.6550755
939.4606,940.1157,-0.6550813
939.4606,940.1157,-0.6550814
939.4606,940.1157,-0.6550827
939.4606,940.1157,-0.6551171
939.4606,940.1157,-0.6551266
939.4606,940.1157,-0.6551324
939.4606,940.1158,-0.6551522
939.4606,940.1158,-0.655157
939.4606,940.1158,-0.6551621
939.4606,940.1158,-0.6551751
939.4606,940.1158,-0.6551804
939.4606,940.1158,-0.6551967
939.4606,940.1158,-0.6552162
939.4606,940.1158,-0.6552176
939.4606,940.1158,-0.6552248
939.4606,940.1158,-0.6552257
939.4606,940.1158,-0.6552287
939.4606,940.1158,-0.655238
939.4606,940.1158,-0.6552438
939.4606,940.1159,-0.6552501
939.4606,940.1159,-0.6552519
939.4606,940.1159,-0.6552589
939.4606,940.1159,-0.6552598
939.4606,940.1159,-0.6552661
939.4606,940.1159,-0.6552825
939.4606,940.1159,-0.6552877
939.4606,940.1159,-0.6552954
939.4606,940.1159,-0.655296
939.4606,940.1159,-0.6553153
939.4606,940.1159,-0.6553184
939.4606,940.1159,-0.655332
939.4606,940.1159,-0.655332
939.4606,940.1159,-0.6553337
939.4606,940.1159,-0.6553444
939.4606,940.116,-0.655365
939.4606,940.116,-0.6553719
939.4606,940.116,-0.6553723
939.4606,940.116,-0.6553748
939.4606,940.116,-0.6553808
939.4606,940.116,-0.655385
939.4606,940.116,-0.6553876
939.4606,940.116,-0.6553914
939.4606,940.116,-0.6553934
939.4606,940.116,-0.6553944
939.4606,940.116,-0.6553997
939.4606,940.116,-0.6554073
939.4606,940.116,-0.6554081
939.4606,940.116,-0.6554167
939.4606,940.116,-0.6554168
939.4606,940.116,-0.6554213
939.4606,940.116,-0.6554234
939.4606,940.116,-0.6554354
939.4606,940.116,-0.6554377
939.4606,940.1161,-0.6554577
939.4606,940.1161,-0.6554888
939.4606,940.1161,-0.6554931
939.4606,940.1161,-0.6554946
939.4606,940.1161,-0.6554982
939.4606,940.1161,-0.6554988
939.4606,940.1161,-0.6554999
939.4606,940.1161,-0.655504
939.4606,940.1161,-0.6555117
939.4606,940.1161,-0.6555191
939.4606,940.1161,-0.6555371
939.4606,940.1161,-0.6555406
939.4606,940.1161,-0.6555417
939.4606,940.1162,-0.6555683
939.4606,940.1162,-0.6555762
939.4606,940.1162,-0.6555878
939.4606,940.1162,-0.6556015
939.4606,940.1162,-0.6556185
939.4606,940.1162,-0.6556275
939.4606,940.1162,-0.6556309
939.4606,940.1162,-0.6556373
939.4606,940.1162,-0.6556496
939.4606,940.1162,-0.6556496
939.4606,940.1163,-0.6556564
939.4606,940.1163,-0.6556712
939.4606,940.1163,-0.6556806
939.4606,940.1163,-0.6556908
939.4606,940.1163,-0.6556999
939.4606,940.1163,-0.6557027
939.4606,940.1163,-0.6557053
939.4606,940.1163,-0.6557063
939.4606,940.1163,-0.6557072
939.4606,940.1163,-0.6557119
939.4606,940.1163,-0.6557145
939.4606,940.1163,-0.6557199
939.4606,940.1163,-0.6557228
939.4606,940.1163,-0.6557357
939.4606,940.1163,-0.6557364
939.4606,940.1163,-0.6557404
939.4606,940.1163,-0.6557468
939.4606,940.1164,-0.6557504
939.4606,940.1164,-0.6557611
939.4606,940.1164,-0.6557627
939.4606,940.1164,-0.6557672
939.4606,940.1164,-0.6557736
939.4606,940.1164,-0.6557843
939.4606,940.1164,-0.65579
939.4606,940.1164,-0.6557939
939.4606,940.1164,-0.6557952
939.4606,940.1164,-0.6557953
939.4606,940.1164,-0.6557999
939.4606,940.1164,-0.6558028
939.4606,940.1164,-0.6558175
939.4606,940.1164,-0.6558241
939.4606,940.1164,-0.6558346
939.4606,940.1164,-0.6558471
939.4606,940.1165,-0.6558653
939.4606,940.1165,-0.6558658
939.4606,940.1165,-0.6558738
939.4606,940.1165,-0.655879
939.4606,940.1165,-0.6558792
939.4606,940.1165,-0.6558824
939.4606,940.1165,-0.6558826
939.4606,940.1165,-0.6558831
939.4606,940.1165,-0.6558849
939.4606,940.1165,-0.6558891
939.4606,940.1165,-0.655898
939.4606,940.1165,-0.6558991
939.4606,940.1165,-0.6559036
939.4606,940.1165,-0.6559084
939.4606,940.1165,-0.655916
939.4606,940.1165,-0.6559169
939.4606,940.1165,-0.6559204
939.4606,940.1166,-0.6559539
939.4606,940.1166,-0.655969
939.4606,940.1166,-0.6559803
939.4606,940.1166,-0.6559916
939.4606,940.1166,-0.6560004
939.4606,940.1166,-0.6560073
939.4606,940.1166,-0.6560083
939.4606,940.1166,-0.6560136
939.4606,940.1166,-0.6560165
939.4606,940.1166,-0.6560205
939.4606,940.1166,-0.6560238
939.4606,940.1166,-0.6560257
939.4606,940.1166,-0.6560425
939.4606,940.1166,-0.6560433
939.4606,940.1166,-0.6560437
939.4606,940.1166,-0.6560468
939.4606,940.1167,-0.6560608
939.4606,940.1167,-0.6560643
939.4606,940.1167,-0.6560696
939.4606,940.1167,-0.6560716
939.4606,940.1167,-0.6560742
939.4606,940.1167,-0.6560838
939.4606,940.1167,-0.6560846
939.4606,940.1167,-0.656086
939.4606,940.1167,-0.656093
939.4606,940.1167,-0.6560955
939.4606,940.1167,-0.6561066
939.4606,940.1167,-0.6561163
939.4606,940.1167,-0.6561298
939.4606,940.1167,-0.6561373
939.4606,940.1168,-0.6561791
939.4606,940.1168,-0.6561857
939.4606,940.1168,-0.6561876
939.4606,940.1168,-0.6561996
939.4606,940.1168,-0.6562007
939.4606,940.1168,-0.6562011
939.4606,940.1168,-0.6562046
939.4606,940.1168,-0.6562222
939.4606,940.1168,-0.6562255
939.4606,940.1168,-0.6562302
939.4606,940.1168,-0.6562373
939.4606,940.1168,-0.6562419
939.4606,940.1169,-0.6562591
939.4606,940.1169,-0.6562597
939.4606,940.1169,-0.6562662
939.4606,940.1169,-0.6562678
939.4606,940.1169,-0.656276
939.4606,940.1169,-0.6562763
939.4606,940.1169,-0.6562821
939.4606,940.1169,-0.6562914
939.4606,940.1169,-0.656292
939.4606,940.1169,-0.6563071
939.4606,940.1169,-0.6563136
939.4606,940.1169,-0.6563281
939.4606,940.1169,-0.6563425
939.4606,940.1169,-0.6563444
939.4606,940.117,-0.6563607
939.4606,940.117,-0.6563777
939.4606,940.117,-0.6563808
939.4606,940.117,-0.6563813
939.4606,940.117,-0.6563854
939.4606,940.117,-0.6563943
939.4606,940.117,-0.6564044
939.4606,940.117,-0.6564246
939.4606,940.117,-0.6564264
939.4606,940.117,-0.6564311
939.4606,940.117,-0.6564406
939.4606,940.117,-0.6564482
939.4606,940.117,-0.6564486
939.4606,940.1171,-0.6564669
939.4606,940.1171,-0.6564821
939.4606,940.1171,-0.6564863
939.4606,940.1171,-0.6564931
939.4606,940.1171,-0.6565123
939.4606,940.1171,-0.6565138
939.4606,940.1171,-0.6565168
939.4606,940.1171,-0.6565191
939.4606,940.1171,-0.6565403
939.4606,940.1172,-0.6565598
939.4606,940.1172,-0.6565615
939.4606,940.1172,-0.6565625
939.4606,940.1172,-0.6565838
939.4606,940.1172,-0.656584
939.4606,940.1172,-0.6565852
939.4606,940.1172,-0.6565871
939.4606,940.1172,-0.6565961
939.4606,940.1172,-0.6566021
939.4606,940.1172,-0.6566119
939.4606,940.1172,-0.6566143
939.4606,940.1172,-0.6566155
939.4606,940.1172,-0.6566163
939.4606,940.1172,-0.6566284
939.4606,940.1172,-0.6566397
939.4606,940.1172,-0.6566416
939.4606,940.1172,-0.6566423
939.4606,940.1173,-0.6566587
939.4606,940.1173,-0.6566624
939.4606,940.1173,-0.6566629
939.4606,940.1173,-0.656663
939.4606,940.1173,-0.6566709
939.4606,940.1173,-0.6566737
939.4606,940.1173,-0.6566874
939.4606,940.1173,-0.6566926
939.4606,940.1173,-0.6566943
939.4606,940.1173,-0.6566974
939.4606,940.1173,-0.6567025
939.4606,940.1173,-0.6567048
939.4606,940.1173,-0.6567131
939.4606,940.1173,-0.6567177
939.4606,940.1173,-0.656726
939.4606,940.1173,-0.6567292
939.4606,940.1173,-0.6567335
939.4606,940.1173,-0.6567358
939.4606,940.1173,-0.6567359
939.4606,940.1173,-0.6567367
939.4606,940.1173,-0.6567379
939.4606,940.1174,-0.6567515
939.4606,940.1174,-0.6567522
939.4606,940.1174,-0.6567525
939.4606,940.1174,-0.6567604
939.4606,940.1174,-0.6567761
939.4606,940.1174,-0.6567771
939.4606,940.1174,-0.6567942
939.4606,940.1174,-0.6567955
939.4606,940.1174,-0.6568029
939.4606,940.1174,-0.6568042
939.4606,940.1174,-0.6568071
939.4606,940.1174,-0.6568106
939.4606,940.1174,-0.6568125
939.4606,940.1174,-0.6568213
939.4606,940.1174,-0.6568287
939.4606,940.1174,-0.6568291
939.4606,940.1174,-0.6568308
939.4606,940.1174,-0.6568324
939.4606,940.1174,-0.6568376
939.4606,940.1174,-0.6568473
939.4606,940.1175,-0.6568504
939.4606,940.1175,-0.6568533
939.4606,940.1175,-0.6568553
939.4606,940.1175,-0.656867
939.4606,940.1175,-0.6568702
939.4606,940.1175,-0.6568798
939.4606,940.1175,-0.6568813
939.4606,940.1175,-0.6568829
939.4606,940.1175,-0.6568844
939.4606,940.1175,-0.6568933
939.4606,940.1175,-0.6569093
939.4606,940.1175,-0.6569173
939.4606,940.1175,-0.6569189
939.4606,940.1175,-0.6569195
939.4606,940.1175,-0.6569248
939.4606,940.1175,-0.6569382
939.4606,940.1175,-0.656945
939.4606,940.1176,-0.6569618
939.4606,940.1176,-0.6569665
939.4606,940.1176,-0.6569953
939.4606,940.1176,-0.6570057
939.4606,940.1176,-0.6570098
939.4606,940.1176,-0.657018
939.4606,940.1176,-0.6570337
939.4606,940.1177,-0.6570518
939.4606,940.1177,-0.6570545
939.4606,940.1177,-0.6570724
939.4606,940.1177,-0.6570803
939.4606,940.1177,-0.6570856
939.4606,940.1177,-0.6570905
939.4606,940.1177,-0.657139
939.4606,940.1177,-0.6571467
939.4606,940.1177,-0.6571489
939.4606,940.1178,-0.6571542
939.4606,940.1178,-0.6571621
939.4606,940.1178,-0.6571821
939.4606,940.1178,-0.6571832
939.4606,940.1178,-0.6571897
939.4606,940.1178,-0.6571898
939.4606,940.1178,-0.6572139
939.4606,940.1178,-0.6572211
939.4606,940.1178,-0.6572311
939.4606,940.1178,-0.6572373
939.4606,940.1178,-0.6572466
939.4606,940.1179,-0.6572583
939.4606,940.1179,-0.6572596
939.4606,940.1179,-0.6572745
939.4606,940.1179,-0.6572756
939.4606,940.1179,-0.6572907
939.4606,940.1179,-0.6573117
939.4606,940.1179,-0.657333
939.4606,940.1179,-0.6573358
939.4606,940.1179,-0.6573441
939.4606,940.118,-0.6573509
939.4606,940.118,-0.6573597
939.4606,940.118,-0.6573664
939.4606,940.118,-0.6573756
939.4606,940.118,-0.6573761
939.4606,940.118,-0.6573808
939.4606,940.118,-0.6573921
939.4606,940.118,-0.6574177
939.4606,940.118,-0.6574203
939.4606,940.118,-0.6574303
939.4606,940.118,-0.6574344
939.4606,940.118,-0.6574391
939.4606,940.1181,-0.6574565
939.4606,940.1181,-0.6574786
939.4606,940.1181,-0.6574831
939.4606,940.1181,-0.6574961
939.4606,940.1181,-0.6575005
939.4606,940.1181,-0.6575022
939.4606,940.1181,-0.6575163
939.4606,940.1181,-0.6575254
939.4606,940.1181,-0.657532
939.4606,940.1182,-0.6576175
939.4606,940.1182,-0.6576296
939.4606,940.1183,-0.6576515
939.4606,940.1183,-0.6576657
939.4606,940.1183,-0.6576813
939.4606,940.1183,-0.6577143
939.4606,940.1183,-0.6577199
939.4606,940.1183,-0.6577242
939.4606,940.1184,-0.6577704
939.4606,940.1184,-0.6577884
939.4606,940.1184,-0.6577979
939.4606,940.1184,-0.657798
939.4606,940.1184,-0.6578189
939.4606,940.1184,-0.6578366
939.4606,940.1184,-0.6578414
939.4606,940.1184,-0.6578446
939.4606,940.1184,-0.6578493
939.4606,940.1185,-0.6578538
939.4606,940.1185,-0.6578774
939.4606,940.1185,-0.6578853
939.4606,940.1185,-0.6579026
939.4606,940.1185,-0.6579028
939.4606,940.1185,-0.6579061
939.4606,940.1185,-0.6579084
939.4606,940.1185,-0.6579163
939.4606,940.1186,-0.6579616
939.4606,940.1186,-0.6579761
939.4606,940.1186,-0.6579922
939.4606,940.1186,-0.6579932
939.4606,940.1186,-0.6580047
939.4606,940.1186,-0.6580141
939.4606,940.1186,-0.658042
939.4606,940.1186,-0.6580431
939.4606,940.1186,-0.6580491
939.4606,940.1187,-0.6580551
939.4606,940.1187,-0.6580553
939.4606,940.1187,-0.6580653
939.4606,940.1187,-0.6580789
939.4606,940.1187,-0.6580885
939.4606,940.1187,-0.6580894
939.4606,940.1187,-0.6581049
939.4606,940.1188,-0.6581898
939.4606,940.1188,-0.6582171
939.4606,940.1188,-0.6582327
939.4606,940.1188,-0.6582351
939.4606,940.1188,-0.6582387
939.4606,940.1189,-0.6582673
939.4606,940.1189,-0.6582753
939.4606,940.1189,-0.6582957
939.4606,940.1189,-0.6583246
939.4606,940.119,-0.6583513
939.4606,940.119,-0.6583549
939.4606,940.119,-0.6583773
939.4606,940.119,-0.658417
939.4606,940.1191,-0.6585014
939.4606,940.1192,-0.6585818
939.4606,940.1192,-0.6586087
939.4606,940.1193,-0.6586607
939.4606,940.1193,-0.6586682
939.4606,940.1193,-0.6586935
939.4606,940.1193,-0.6587082
939.4606,940.1194,-0.6587606
939.4606,940.1194,-0.6587972
939.4606,940.1194,-0.6588473
939.4606,940.1195,-0.6588564
939.4606,940.1195,-0.6588984
939.4606,940.1195,-0.6589
939.4606,940.1195,-0.6589142
939.4606,940.1195,-0.6589316
939.4606,940.1195,-0.6589473
939.4606,940.1195,-0.6589485
939.4606,940.1196,-0.6589923
939.4606,940.1196,-0.6589941
939.4606,940.1196,-0.6590316
939.4606,940.1197,-0.6590905
939.4606,940.1197,-0.6591193
939.4606,940.1197,-0.6591214
939.4606,940.1198,-0.6591575
939.4606,940.1198,-0.6591716
939.4606,940.1198,-0.6592126
939.4606,940.1198,-0.6592346
939.4606,940.1199,-0.6592638
939.4606,940.1199,-0.6592715
939.4606,940.1199,-0.6593266
939.4606,940.12,-0.6593559
939.4606,940.12,-0.6593647
939.4606,940.12,-0.6593947
939.4606,940.12,-0.6594241
939.4606,940.1201,-0.6594541
939.4606,940.1201,-0.6594543
939.4606,940.1201,-0.6594598
939.4606,940.1201,-0.659476
939.4606,940.1201,-0.6595415
939.4606,940.1201,-0.6595435
939.4606,940.1202,-0.6595982
939.4606,940.1202,-0.6596357
939.4606,940.1203,-0.6596999
939.4606,940.1203,-0.6597348
939.4606,940.1205,-0.6599373
939.4606,940.1206,-0.6600367
939.4606,940.1207,-0.6600543
939.4606,940.1208,-0.660178
939.4606,940.1209,-0.6602853
939.4606,940.121,-0.6603541
939.4606,940.121,-0.6603696
939.4606,940.1211,-0.6605333
939.4606,940.1212,-0.6606015
939.4606,940.1213,-0.6606738
939.4606,940.1213,-0.6607166
939.4606,940.1213,-0.6607301
939.4606,940.1215,-0.6609069
939.4606,940.1216,-0.6609704
939.4606,940.1218,-0.6612082
939.4606,940.1218,-0.661225
939.4606,940.1219,-0.6613168
939.4606,940.1219,-0.6613186
939.4606,940.122,-0.6613666
939.4606,940.122,-0.6614113
939.4606,940.1221,-0.6615438
939.4606,940.1222,-0.6615589
939.4606,940.1222,-0.6616376
939.4606,940.1225,-0.6618797
939.4606,940.1225,-0.6619496
939.4606,940.1226,-0.6620322
939.4606,940.1229,-0.6622979
939.4606,940.1231,-0.6624638
939.4606,940.1231,-0.6624844
939.4606,940.1232,-0.6625646
939.4606,940.1232,-0.6625824
939.4606,940.1232,-0.6625852
939.4606,940.1234,-0.6628243
939.4606,940.1234,-0.6628447
939.4606,940.1235,-0.6628546
939.4606,940.1235,-0.6628598
939.4606,940.1237,-0.6630705
939.4606,940.124,-0.6633931
939.4606,940.1243,-0.6636753
939.4606,940.1245,-0.66386
939.4606,940.1245,-0.6638687
939.4606,940.1247,-0.6640702
939.4606,940.1251,-0.6644651
939.4606,940.1252,-0.6646128
939.4606,940.1253,-0.6647482
939.4606,940.1255,-0.6649
939.4606,940.1255,-0.6649076
939.4606,940.1257,-0.6651181
939.4606,940.1261,-0.6654597
939.4606,940.1263,-0.6657186
939.4606,940.1265,-0.6658798
939.4606,940.1265,-0.6659438
939.4606,940.1268,-0.6661549
939.4606,940.1269,-0.666263
939.4606,940.127,-0.6664475
939.4606,940.1272,-0.6666426
939.4606,940.1274,-0.6667975
939.4606,940.1278,-0.6671996
939.4606,940.1282,-0.6675501
939.4606,940.1285,-0.6678788
939.4606,940.1289,-0.668317
939.4606,940.1291,-0.6684919
939.4606,940.1292,-0.6685689
939.4606,940.1295,-0.6688871
939.4606,940.1296,-0.6690174
939.4606,940.1297,-0.6691374
939.4606,940.1299,-0.6692583
939.4606,940.1301,-0.6695481
939.4606,940.1302,-0.6695912
939.4606,940.1304,-0.6698007
939.4606,940.1305,-0.6699446
939.4606,940.1309,-0.6703284
939.4606,940.1312,-0.6706305
939.4606,940.1315,-0.670918
939.4606,940.1315,-0.6709428
939.4606,940.1321,-0.6715056
939.4606,940.1322,-0.6715747
939.4606,940.1323,-0.671742
939.4606,940.1332,-0.6726329
939.4606,940.1337,-0.6730923
939.4606,940.1342,-0.6736132
939.4606,940.1343,-0.6736682
939.4606,940.1343,-0.6737249
939.4606,940.1346,-0.6739628
939.4606,940.1363,-0.6756859
939.4606,940.1367,-0.6761239
939.4606,940.1371,-0.6764627
939.4606,940.1372,-0.6765773
939.4606,940.1386,-0.6780339
939.4606,940.1395,-0.6788872
939.4606,940.1408,-0.6801781
939.4606,940.141,-0.6804045
939.4606,940.1411,-0.6805386
939.4606,940.1432,-0.6826155
939.4606,940.1438,-0.683192
939.4606,940.1459,-0.6853251
939.4606,940.1468,-0.6862322
939.4606,940.1478,-0.6872481
939.4606,940.1507,-0.6901122
939.4606,940.1514,-0.6908168
939.4606,940.1515,-0.6909238
939.4606,940.153,-0.6923585
939.4606,940.1537,-0.6930615
939.4606,940.1546,-0.6940357
939.4606,940.1559,-0.6952809
939.4606,940.156,-0.6953984
939.4606,940.1561,-0.6955076
939.4606,940.1562,-0.695591
939.4606,940.1566,-0.6959618
939.4606,940.1568,-0.6962203
939.4606,940.1572,-0.6966346
939.4606,940.1583,-0.6976622
939.4606,940.1584,-0.6978098
939.4606,940.1588,-0.6982377
939.4606,940.1597,-0.6990842
939.4606,940.167,-0.7063919
939.4606,940.1679,-0.7072661
939.4606,940.1694,-0.708758
939.4606,940.1713,-0.7106541
939.4606,940.1785,-0.7178662
939.4606,940.1875,-0.7269023
939.4606,940.2105,-0.7498986
939.4606,940.2119,-0.7513011
939.4606,940.2175,-0.7568786
939.4606,940.2204,-0.7598378
939.4606,940.2216,-0.7609946
939.4606,940.2225,-0.7619032
939.4606,940.2246,-0.7640047
939.4606,940.2269,-0.7662506
939.4606,940.2274,-0.7668445
939.4606,940.2287,-0.7680886
939.4606,940.2345,-0.7738521
939.4606,940.2364,-0.7757897
939.4606,940.2381,-0.7775343
939.4606,940.2415,-0.7809417
939.4606,940.2424,-0.7817637
939.4606,940.2433,-0.7826836
939.4606,940.2445,-0.7838641
939.4606,940.245,-0.7843918
939.4606,940.2455,-0.78489
939.4606,940.2462,-0.7855518
939.4606,940.247,-0.7864207
939.4606,940.2492,-0.7885584
939.4606,940.2492,-0.7886238
939.4606,940.2503,-0.7896567
939.4606,940.2511,-0.7904759
939.4606,940.2512,-0.7905978
939.4606,940.2516,-0.7909688
939.4606,940.253,-0.7923878
939.4606,940.2533,-0.7927443
939.4606,940.2541,-0.7935024
939.4606,940.2546,-0.7940216
939.4606,940.2549,-0.7942725
939.4606,940.2553,-0.7946989
939.4606,940.2555,-0.7948902
939.4606,940.2579,-0.7973194
939.4606,940.2585,-0.7978799
939.4606,940.2599,-0.7992939
939.4606,940.2619,-0.8013263
939.4606,940.2622,-0.8016373
939.4606,940.2623,-0.8016559
939.4606,940.2625,-0.8018858
939.4606,940.2628,-0.8021772
939.4606,940.2628,-0.8022282
939.4606,940.2628,-0.8022456
939.4606,940.2628,-0.8022495
939.4606,940.2634,-0.802785
939.4606,940.2635,-0.8028842
939.4606,940.2638,-0.8031779
939.4606,940.264,-0.8034042
939.4606,940.2645,-0.8039176
939.4606,940.2648,-0.8042335
939.4606,940.2649,-0.8042972
939.4606,940.2654,-0.8047573
939.4606,940.2654,-0.8047691
939.4606,940.2654,-0.8048478
939.4606,940.2655,-0.8048917
939.4606,940.2656,-0.8049651
939.4606,940.2657,-0.805124
939.4606,940.2659,-0.8053201
939.4606,940.2659,-0.8053485
939.4606,940.2661,-0.8054561
939.4606,940.2666,-0.8059873
939.4606,940.2667,-0.8061498
939.4606,940.2669,-0.8063331
939.4606,940.267,-0.8064184
939.4606,940.2671,-0.8065467
939.4606,940.2672,-0.8065533
939.4606,940.2672,-0.8065588
939.4606,940.2672,-0.8066073
939.4606,940.2676,-0.8069743
939.4606,940.2676,-0.8070229
939.4606,940.2678,-0.8072485
939.4606,940.268,-0.8074272
939.4606,940.2681,-0.8075121
939.4606,940.2682,-0.8076128
939.4606,940.2684,-0.80778
939.4606,940.2685,-0.8078786
939.4606,940.2686,-0.8079933
939.4606,940.2688,-0.8082196
939.4606,940.2689,-0.8083294
939.4606,940.2694,-0.8087607
939.4606,940.2694,-0.8087659
939.4606,940.2694,-0.8088125
939.4606,940.2694,-0.8088418
939.4606,940.2695,-0.8088656
939.4606,940.2695,-0.8089455
939.4606,940.2697,-0.8091318
939.4606,940.2699,-0.8093409
939.4606,940.2701,-0.8094748
939.4606,940.2701,-0.8095359
939.4606,940.2702,-0.8095916
939.4606,940.2703,-0.8096626
939.4606,940.2706,-0.8099712
939.4606,940.2706,-0.8100031
939.4606,940.2706,-0.8100238
939.4606,940.2707,-0.8101222
939.4606,940.2709,-0.8103075
939.4606,940.2709,-0.810332
939.4606,940.2711,-0.8104533
939.4606,940.2712,-0.8105678
939.4606,940.2712,-0.8106457
939.4606,940.2714,-0.8108064
939.4606,940.2715,-0.8108553
939.4606,940.2716,-0.8109742
939.4606,940.2716,-0.8109854
939.4606,940.2717,-0.8110701
939.4606,940.2721,-0.8114965
939.4606,940.2721,-0.811549
939.4606,940.2722,-0.8116095
939.4606,940.2725,-0.8119143
939.4606,940.2726,-0.8120194
939.4606,940.2726,-0.8120335
939.4606,940.2727,-0.8121153
939.4606,940.2728,-0.8121876
939.4606,940.2729,-0.8123475
939.4606,940.273,-0.8123605
939.4606,940.2731,-0.8125012
939.4606,940.2732,-0.812588
939.4606,940.2733,-0.8127393
939.4606,940.2734,-0.8127853
939.4606,940.2735,-0.8128671
939.4606,940.2735,-0.8129165
939.4606,940.2737,-0.8130631
939.4606,940.2737,-0.8131434
939.4606,940.274,-0.8134371
939.4606,940.274,-0.8134468
939.4606,940.2741,-0.8134837
939.4606,940.2743,-0.8137349
939.4606,940.2744,-0.8137557
939.4606,940.2744,-0.8137592
939.4606,940.2744,-0.8138321
939.4606,940.2744,-0.813845
939.4606,940.2746,-0.8139786
939.4606,940.2746,-0.8140191
939.4606,940.2747,-0.8140686
939.4606,940.2753,-0.8146727
939.4606,940.2753,-0.8147062
939.4606,940.2754,-0.8147787
939.4606,940.2756,-0.8150041
939.4606,940.276,-0.8153505
939.4606,940.276,-0.8153653
939.4606,940.2761,-0.8154934
939.4606,940.2762,-0.815555
939.4606,940.2762,-0.8156149
939.4606,940.2764,-0.8157736
939.4606,940.2765,-0.8158884
939.4606,940.2766,-0.8159689
939.4606,940.2766,-0.816018
939.4606,940.2767,-0.8161028
939.4606,940.2767,-0.8161344
939.4606,940.2769,-0.8163092
939.4606,940.277,-0.8163574
939.4606,940.277,-0.8163851
939.4606,940.277,-0.8164444
939.4606,940.2771,-0.8165175
939.4606,940.2772,-0.8165683
939.4606,940.2775,-0.8169075
939.4606,940.2775,-0.8169423
939.4606,940.2776,-0.8169525
939.4606,940.2776,-0.8169757
939.4606,940.2777,-0.8170848
939.4606,940.2777,-0.8171157
939.4606,940.2777,-0.8171196
939.4606,940.2781,-0.8174753
939.4606,940.2782,-0.8175629
939.4606,940.2782,-0.8176243
939.4606,940.2782,-0.8176457
939.4606,940.2783,-0.8177254
939.4606,940.2784,-0.8178466
939.4606,940.2785,-0.817926
939.4606,940.2785,-0.8179432
939.4606,940.2787,-0.8180681
939.4606,940.2788,-0.8181514
939.4606,940.2788,-0.8181843
939.4606,940.2789,-0.8182972
939.4606,940.279,-0.8183743
939.4606,940.2791,-0.8184649
939.4606,940.2791,-0.818485
939.4606,940.2791,-0.8185282
939.4606,940.2791,-0.8185426
939.4606,940.2792,-0.8185659
939.4606,940.2792,-0.8185671
939.4606,940.2792,-0.8186102
939.4606,940.2793,-0.8186654
939.4606,940.2794,-0.8188486
939.4606,940.2795,-0.8188799
939.4606,940.2795,-0.8189204
939.4606,940.2795,-0.8189214
939.4606,940.2795,-0.8189277
939.4606,940.2799,-0.8193132
939.4606,940.28,-0.8193654
939.4606,940.28,-0.8193914
939.4606,940.2801,-0.8194527
939.4606,940.2801,-0.8194916
939.4606,940.2803,-0.8196794
939.4606,940.2804,-0.8197742
939.4606,940.2804,-0.8198454
939.4606,940.2805,-0.8198918
939.4606,940.2807,-0.8200504
939.4606,940.2808,-0.8202146
939.4606,940.2809,-0.8202967
939.4606,940.281,-0.8203917
939.4606,940.2811,-0.8204795
939.4606,940.2811,-0.8205353
939.4606,940.2812,-0.8206436
939.4606,940.2813,-0.8206675
939.4606,940.2813,-0.8206972
939.4606,940.2814,-0.8207892
939.4606,940.2814,-0.8208097
939.4606,940.2814,-0.8208236
939.4606,940.2817,-0.8211308
939.4606,940.2817,-0.8211482
939.4606,940.2818,-0.821221
939.4606,940.2819,-0.8213411
939.4606,940.2823,-0.8217195
939.4606,940.2824,-0.8218199
939.4606,940.2826,-0.8219764
939.4606,940.2828,-0.8222011
939.4606,940.2829,-0.8222659
939.4606,940.283,-0.8224182
939.4606,940.283,-0.8224444
939.4606,940.2831,-0.8224902
939.4606,940.2831,-0.8225429
939.4606,940.2833,-0.8227343
939.4606,940.2835,-0.8228537
939.4606,940.2835,-0.822887
939.4606,940.2837,-0.8231381
939.4606,940.2838,-0.8232298
939.4606,940.2838,-0.8232483
939.4606,940.284,-0.8234075
939.4606,940.284,-0.8234413
939.4606,940.2841,-0.8234596
939.4606,940.2844,-0.8237753
939.4606,940.2844,-0.8237926
939.4606,940.2844,-0.8238479
939.4606,940.2845,-0.8238852
939.4606,940.2847,-0.8240725
939.4606,940.2848,-0.8242296
939.4606,940.2849,-0.8243043
939.4606,940.285,-0.8243927
939.4606,940.2851,-0.8244983
939.4606,940.2852,-0.8245899
939.4606,940.2852,-0.8245963
939.4606,940.2858,-0.8251618
939.4606,940.286,-0.8253716
939.4606,940.2861,-0.8254692
939.4606,940.2865,-0.8258846
939.4606,940.2865,-0.825916
939.4606,940.2865,-0.8259183
939.4606,940.2865,-0.8259184
939.4606,940.2866,-0.8260384
939.4606,940.2868,-0.8262313
939.4606,940.287,-0.8264261
939.4606,940.2876,-0.8270225
939.4606,940.2877,-0.8270641
939.4606,940.2878,-0.8272358
939.4606,940.2881,-0.8274983
939.4606,940.2881,-0.8275228
939.4606,940.2881,-0.8275266
939.4606,940.2882,-0.8275773
939.4606,940.2885,-0.8279109
939.4606,940.2887,-0.828114
939.4606,940.2887,-0.8281308
939.4606,940.289,-0.8284235
939.4606,940.2892,-0.8285552
939.4606,940.2892,-0.8285963
939.4606,940.2893,-0.8286729
939.4606,940.2895,-0.8288907
939.4606,940.29,-0.8294349
939.4606,940.2901,-0.8294738
939.4606,940.2901,-0.8295378
939.4606,940.2907,-0.830119
939.4606,940.2908,-0.8301523
939.4606,940.2915,-0.8309018
939.4606,940.2917,-0.8311008
939.4606,940.2918,-0.831185
939.4606,940.2921,-0.8314601
939.4606,940.2923,-0.8316509
939.4606,940.2924,-0.8318326
939.4606,940.2929,-0.8323266
939.4606,940.2933,-0.8327006
939.4606,940.2936,-0.8329618
939.4606,940.2937,-0.83314
939.4606,940.2941,-0.8335052
939.4606,940.2949,-0.8343068
939.4606,940.295,-0.8344334
939.4606,940.2953,-0.8346752
939.4606,940.2957,-0.8350545
939.4606,940.2957,-0.8350627
939.4606,940.2959,-0.83533
939.4606,940.296,-0.8354349
939.4606,940.2961,-0.8354892
939.4606,940.2964,-0.8358082
939.4606,940.2965,-0.8358965
939.4606,940.2967,-0.8360853
939.4606,940.2977,-0.8370595
939.4606,940.2993,-0.8386941
939.4606,940.2999,-0.8392824
939.4606,940.3011,-0.8404965
939.4606,940.3028,-0.8421544
939.4606,940.3045,-0.843903
939.4606,940.3079,-0.8472905
939.4606,940.3084,-0.8477644
939.4606,940.3085,-0.8479013
939.4606,940.3088,-0.8482249
939.4606,940.3099,-0.8493388
939.4606,940.3106,-0.8500388
939.4606,940.3112,-0.8506045
939.4606,940.3116,-0.8509727
939.4606,940.3118,-0.8511553
939.4606,940.3127,-0.8520662
939.4606,940.3131,-0.852544
939.4606,940.314,-0.8534147
939.4606,940.3148,-0.8542441
939.4606,940.3168,-0.8561684
939.4606,940.317,-0.8564284
939.4606,940.3174,-0.8567951
939.4606,940.3181,-0.8575055
939.4606,940.3208,-0.8601871
939.4606,940.3318,-0.871218
939.4606,940.3328,-0.8722166
939.4606,940.3417,-0.881068
,,
