959.8628,10543,
Mascot_mz,MassHunter_mz,Difference
959.8628,958.9631,0.899675
959.8628,958.9644,0.8983922
959.8628,958.9645,0.8982971
959.8628,958.9652,0.8976
959.8628,958.9663,0.8965264
959.8628,958.9664,0.8963955
959.8628,958.9677,0.8951281
959.8628,958.9682,0.8946162
959.8628,958.9686,0.8942389
959.8628,958.9687,0.894083
959.8628,958.9698,0.892976
959.8628,958.9707,0.892069
959.8628,958.971,0.8917884
959.8628,958.9712,0.8915562
959.8628,958.9715,0.8913313
959.8628,958.9716,0.8911869
959.8628,958.9717,0.8911497
959.8628,958.9721,0.8907236
959.8628,958.9722,0.890631
959.8628,958.9728,0.8899871
959.8628,958.973,0.8898062
959.8628,958.9735,0.8892987
959.8628,958.9738,0.8889617
959.8628,958.974,0.8887797
959.8628,958.9744,0.8883758
959.8628,958.9745,0.8883415
959.8628,958.9746,0.8881915
959.8628,958.9747,0.8880883
959.8628,958.9747,0.8880765
959.8628,958.9749,0.8878768
959.8628,958.9753,0.8874686
959.8628,958.9755,0.8873396
959.8628,958.9759,0.8869025
959.8628,958.9759,0.886857
959.8628,958.9761,0.8866814
959.8628,958.9765,0.8862877
959.8628,958.9767,0.8861232
959.8628,958.9769,0.8859234
959.8628,958.9772,0.885636
959.8628,958.9774,0.8854311
959.8628,958.9775,0.8852546
959.8628,958.9776,0.8852201
959.8628,958.9776,0.8851719
959.8628,958.9779,0.8849279
959.8628,958.9779,0.8849114
959.8628,958.9783,0.8844648
959.8628,958.9786,0.8842083
959.8628,958.9786,0.8842078
959.8628,958.9786,0.8841554
959.8628,958.9787,0.8841433
959.8628,958.979,0.8837848
959.8628,958.9793,0.883549
959.8628,958.9793,0.8835079
959.8628,958.9794,0.8834258
959.8628,958.9794,0.8833841
959.8628,958.9795,0.8833366
959.8628,958.9795,0.883292
959.8628,958.9799,0.8829187
959.8628,958.98,0.8827977
959.8628,958.9801,0.882701
959.8628,958.9801,0.8826631
959.8628,958.9801,0.8826508
959.8628,958.9804,0.8824109
959.8628,958.9804,0.8823971
959.8628,958.9804,0.8823543
959.8628,958.9805,0.8822695
959.8628,958.9808,0.882034
959.8628,958.9809,0.8819476
959.8628,958.9811,0.8817427
959.8628,958.9814,0.8814477
959.8628,958.9815,0.881316
959.8628,958.9816,0.8812085
959.8628,958.9816,0.8811661
959.8628,958.9817,0.8811228
959.8628,958.9818,0.8810427
959.8628,958.9821,0.8807424
959.8628,958.9821,0.8806535
959.8628,958.9822,0.8805547
959.8628,958.9825,0.8802604
959.8628,958.9826,0.8801937
959.8628,958.9828,0.880043
959.8628,958.9829,0.8798942
959.8628,958.983,0.8797777
959.8628,958.9831,0.8796623
959.8628,958.9832,0.8795775
959.8628,958.9832,0.8795593
959.8628,958.9838,0.8790369
959.8628,958.9838,0.8790295
959.8628,958.984,0.8788319
959.8628,958.984,0.8787531
959.8628,958.9841,0.8787465
959.8628,958.9841,0.8786648
959.8628,958.9841,0.8786548
959.8628,958.9844,0.8783988
959.8628,958.9845,0.8782627
959.8628,958.9846,0.8781807
959.8628,958.985,0.8777955
959.8628,958.9851,0.8776823
959.8628,958.9852,0.8776316
959.8628,958.9852,0.8775932
959.8628,958.9854,0.8773699
959.8628,958.9856,0.8772461
959.8628,958.9856,0.8772422
959.8628,958.9856,0.877216
959.8628,958.9857,0.8770916
959.8628,958.9858,0.8770445
959.8628,958.9858,0.8770026
959.8628,958.9862,0.8765514
959.8628,958.9864,0.8763733
959.8628,958.9865,0.876297
959.8628,958.9866,0.8762431
959.8628,958.9867,0.8761166
959.8628,958.9867,0.8760687
959.8628,958.9868,0.8759757
959.8628,958.9869,0.8758579
959.8628,958.987,0.8758482
959.8628,958.987,0.8757988
959.8628,958.987,0.8757648
959.8628,958.9872,0.8756417
959.8628,958.9872,0.8755693
959.8628,958.9874,0.8754216
959.8628,958.9876,0.875198
959.8628,958.9878,0.8750352
959.8628,958.9879,0.874887
959.8628,958.988,0.8748474
959.8628,958.9881,0.8746647
959.8628,958.9882,0.8745748
959.8628,958.9885,0.8743223
959.8628,958.989,0.873808
959.8628,958.9891,0.8737029
959.8628,958.9891,0.8737006
959.8628,958.9891,0.8736861
959.8628,958.9894,0.8733806
959.8628,958.9894,0.8733792
959.8628,958.9895,0.8733263
959.8628,958.9899,0.8729142
959.8628,958.9901,0.8727151
959.8628,958.9903,0.8724579
959.8628,958.9904,0.8723628
959.8628,958.9905,0.8723193
959.8628,958.9907,0.8720837
959.8628,958.9909,0.8719132
959.8628,958.991,0.8718191
959.8628,958.9911,0.8716578
959.8628,958.9912,0.8716137
959.8628,958.9912,0.8716054
959.8628,958.9912,0.8715858
959.8628,958.9913,0.8714851
959.8628,958.9915,0.8712823
959.8628,958.9917,0.8710892
959.8628,958.9917,0.8710532
959.8628,958.9918,0.8709777
959.8628,958.9918,0.8709714
959.8628,958.9919,0.8708717
959.8628,958.992,0.8708231
959.8628,958.9921,0.8706982
959.8628,958.9921,0.8706644
959.8628,958.9922,0.8706202
959.8628,958.9922,0.8706103
959.8628,958.9923,0.8705267
959.8628,958.9926,0.8702041
959.8628,958.9927,0.8700943
959.8628,958.9927,0.8700508
959.8628,958.9928,0.8699941
959.8628,958.9929,0.869888
959.8628,958.993,0.8697807
959.8628,958.993,0.8697608
959.8628,958.9931,0.8697304
959.8628,958.9931,0.8697138
959.8628,958.9931,0.8696697
959.8628,958.9932,0.8695718
959.8628,958.9933,0.8695401
959.8628,958.9933,0.8695343
959.8628,958.9933,0.869529
959.8628,958.9933,0.8694695
959.8628,958.9934,0.8694394
959.8628,958.9934,0.8694008
959.8628,958.9934,0.8693525
959.8628,958.9935,0.8693492
959.8628,958.9935,0.8693066
959.8628,958.9935,0.8693065
959.8628,958.9937,0.869125
959.8628,958.9938,0.8690082
959.8628,958.9939,0.8688613
959.8628,958.994,0.8688113
959.8628,958.994,0.8687711
959.8628,958.994,0.8687627
959.8628,958.994,0.8687514
959.8628,958.9941,0.8687093
959.8628,958.9941,0.868707
959.8628,958.9941,0.868698
959.8628,958.9942,0.8686291
959.8628,958.9942,0.8686214
959.8628,958.9942,0.8686055
959.8628,958.9942,0.8686029
959.8628,958.9943,0.8685249
959.8628,958.9943,0.8685182
959.8628,958.9943,0.8684673
959.8628,958.9944,0.8684286
959.8628,958.9944,0.8683574
959.8628,958.9945,0.8682645
959.8628,958.9945,0.8682524
959.8628,958.9946,0.8682347
959.8628,958.9946,0.8682283
959.8628,958.9947,0.868129
959.8628,958.9947,0.8681024
959.8628,958.9947,0.8681002
959.8628,958.9948,0.868019
959.8628,958.9948,0.8679867
959.8628,958.9948,0.8679546
959.8628,958.9949,0.8679274
959.8628,958.9949,0.867927
959.8628,958.995,0.8678299
959.8628,958.9951,0.8677238
959.8628,958.9951,0.8676855
959.8628,958.9951,0.8676542
959.8628,958.9952,0.867566
959.8628,958.9952,0.8675638
959.8628,958.9953,0.8675202
959.8628,958.9953,0.867465
959.8628,958.9954,0.8674348
959.8628,958.9954,0.8673604
959.8628,958.9955,0.8673433
959.8628,958.9956,0.8672238
959.8628,958.9956,0.8672067
959.8628,958.9957,0.8671423
959.8628,958.9957,0.8671223
959.8628,958.9957,0.8670987
959.8628,958.9958,0.8670331
959.8628,958.9958,0.867004
959.8628,958.9958,0.8669836
959.8628,958.996,0.8667757
959.8628,958.9961,0.8666578
959.8628,958.9967,0.8661168
959.8628,958.9968,0.8660463
959.8628,958.9968,0.8659695
959.8628,958.9969,0.8658867
959.8628,958.997,0.8657681
959.8628,958.9971,0.8657271
959.8628,958.9972,0.8656325
959.8628,958.9972,0.8656214
959.8628,958.9974,0.8654499
959.8628,958.9974,0.8653962
959.8628,958.9977,0.8651087
959.8628,958.9977,0.8650948
959.8628,958.9978,0.8650015
959.8628,958.9979,0.8648995
959.8628,958.9981,0.8647406
959.8628,958.9983,0.8645395
959.8628,958.9991,0.863748
959.8628,958.9992,0.8636205
959.8628,958.9998,0.8630006
959.8628,958.9999,0.8629225
959.8628,959.002,0.8607506
959.8628,959.0026,0.8601831
959.8628,959.0659,0.7969204
959.8628,959.0801,0.7826801
959.8628,959.0817,0.7811374
959.8628,959.084,0.7788461
959.8628,959.0852,0.7776396
959.8628,959.0854,0.7773917
959.8628,959.0861,0.7766724
959.8628,959.0869,0.7759453
959.8628,959.087,0.7758242
959.8628,959.0873,0.7755078
959.8628,959.0875,0.7752868
959.8628,959.0887,0.7740565
959.8628,959.0892,0.7735966
959.8628,959.0906,0.7721546
959.8628,959.0908,0.7719835
959.8628,959.0911,0.7717321
959.8628,959.0915,0.7712786
959.8628,959.0922,0.7705729
959.8628,959.0939,0.7688708
959.8628,959.0942,0.7685819
959.8628,959.0953,0.7675403
959.8628,959.0956,0.7671509
959.8628,959.0957,0.7670897
959.8628,959.096,0.7667942
959.8628,959.0963,0.7664742
959.8628,959.0966,0.7662024
959.8628,959.0966,0.7661573
959.8628,959.0967,0.7661226
959.8628,959.0972,0.7655526
959.8628,959.0974,0.7654043
959.8628,959.0976,0.7652132
959.8628,959.0977,0.7651134
959.8628,959.0977,0.7650873
959.8628,959.0983,0.7645053
959.8628,959.0984,0.7644217
959.8628,959.0985,0.764273
959.8628,959.0987,0.7640736
959.8628,959.0989,0.7639145
959.8628,959.0989,0.763878
959.8628,959.0991,0.7637389
959.8628,959.0992,0.7635759
959.8628,959.0994,0.7633869
959.8628,959.1003,0.7625218
959.8628,959.1007,0.7620604
959.8628,959.1008,0.7619829
959.8628,959.101,0.7617909
959.8628,959.1011,0.7616614
959.8628,959.1012,0.7615975
959.8628,959.1013,0.7615329
959.8628,959.1013,0.7615304
959.8628,959.1014,0.7614476
959.8628,959.1014,0.7614159
959.8628,959.1014,0.7613989
959.8628,959.1016,0.7612394
959.8628,959.1016,0.7612264
959.8628,959.1016,0.7612231
959.8628,959.1016,0.7612052
959.8628,959.1016,0.7611749
959.8628,959.1016,0.7611621
959.8628,959.1017,0.7611191
959.8628,959.1017,0.7611003
959.8628,959.1017,0.761098
959.8628,959.1017,0.7610882
959.8628,959.1018,0.7610247
959.8628,959.1018,0.7609747
959.8628,959.1019,0.7609404
959.8628,959.1019,0.7609063
959.8628,959.1022,0.760641
959.8628,959.1022,0.760634
959.8628,959.1024,0.7604494
959.8628,959.1025,0.7603159
959.8628,959.1025,0.7603024
959.8628,959.1026,0.7602358
959.8628,959.1027,0.760063
959.8628,959.1028,0.7600119
959.8628,959.1028,0.7599997
959.8628,959.1028,0.759995
959.8628,959.1028,0.7599816
959.8628,959.1029,0.7598537
959.8628,959.1029,0.7598515
959.8628,959.1031,0.7597243
959.8628,959.1031,0.7597126
959.8628,959.1032,0.7596333
959.8628,959.1033,0.7595147
959.8628,959.1033,0.759474
959.8628,959.1034,0.7594474
959.8628,959.1034,0.7594097
959.8628,959.1035,0.7592589
959.8628,959.1037,0.7591258
959.8628,959.1038,0.7589537
959.8628,959.104,0.75879
959.8628,959.1041,0.758749
959.8628,959.1041,0.7587376
959.8628,959.1042,0.7585843
959.8628,959.1043,0.7585293
959.8628,959.1043,0.7585055
959.8628,959.1043,0.7584874
959.8628,959.1044,0.7584345
959.8628,959.1044,0.7583781
959.8628,959.1045,0.7583271
959.8628,959.1046,0.758205
959.8628,959.1047,0.7581284
959.8628,959.1048,0.7579732
959.8628,959.1049,0.7579352
959.8628,959.1049,0.7579276
959.8628,959.1049,0.7579081
959.8628,959.1049,0.7578657
959.8628,959.105,0.7578398
959.8628,959.105,0.7578136
959.8628,959.1051,0.7577414
959.8628,959.1051,0.7576555
959.8628,959.1052,0.7575946
959.8628,959.1054,0.7574208
959.8628,959.1054,0.7573551
959.8628,959.1055,0.757306
959.8628,959.1058,0.7569772
959.8628,959.1058,0.7569634
959.8628,959.1058,0.7569536
959.8628,959.1059,0.7569343
959.8628,959.1059,0.7568837
959.8628,959.106,0.7568386
959.8628,959.106,0.7568362
959.8628,959.1061,0.7567353
959.8628,959.1062,0.7565677
959.8628,959.1063,0.7565322
959.8628,959.1064,0.7564483
959.8628,959.1064,0.7564061
959.8628,959.1064,0.75637
959.8628,959.1064,0.7563599
959.8628,959.1065,0.7563111
959.8628,959.1065,0.7562763
959.8628,959.1066,0.7561718
959.8628,959.1067,0.7560961
959.8628,959.1068,0.756036
959.8628,959.1068,0.7559995
959.8628,959.1069,0.7558885
959.8628,959.107,0.7557762
959.8628,959.1071,0.7557204
959.8628,959.1071,0.7557052
959.8628,959.1072,0.7556226
959.8628,959.1072,0.7555671
959.8628,959.1072,0.755556
959.8628,959.1073,0.7554577
959.8628,959.1073,0.7554565
959.8628,959.1074,0.755353
959.8628,959.1075,0.7553478
959.8628,959.1075,0.7552965
959.8628,959.1077,0.7551498
959.8628,959.1077,0.7550949
959.8628,959.1078,0.7550449
959.8628,959.1078,0.7550407
959.8628,959.1078,0.7550128
959.8628,959.1078,0.7549767
959.8628,959.1081,0.7547198
959.8628,959.1082,0.7546407
959.8628,959.1082,0.7546129
959.8628,959.1082,0.7545863
959.8628,959.1083,0.7545291
959.8628,959.1083,0.7544843
959.8628,959.1084,0.7544256
959.8628,959.1084,0.7544
959.8628,959.1084,0.7543814
959.8628,959.1084,0.7543541
959.8628,959.1087,0.7540951
959.8628,959.1087,0.7540903
959.8628,959.1087,0.7540841
959.8628,959.1087,0.7540638
959.8628,959.1088,0.7540232
959.8628,959.1088,0.7540025
959.8628,959.1088,0.7539905
959.8628,959.1089,0.7538663
959.8628,959.1089,0.7538642
959.8628,959.109,0.7538499
959.8628,959.109,0.7538491
959.8628,959.109,0.753802
959.8628,959.109,0.7537662
959.8628,959.1091,0.7537171
959.8628,959.1092,0.7535614
959.8628,959.1092,0.7535506
959.8628,959.1093,0.7535362
959.8628,959.1094,0.753424
959.8628,959.1095,0.7533115
959.8628,959.1096,0.7531642
959.8628,959.1097,0.7531488
959.8628,959.1097,0.7530674
959.8628,959.1099,0.752907
959.8628,959.1102,0.7526252
959.8628,959.1102,0.7525745
959.8628,959.1103,0.752527
959.8628,959.1103,0.7524829
959.8628,959.1103,0.7524706
959.8628,959.1104,0.7524365
959.8628,959.1104,0.7523921
959.8628,959.1105,0.7523284
959.8628,959.1106,0.7522192
959.8628,959.1106,0.7522065
959.8628,959.1106,0.7521895
959.8628,959.1107,0.7521319
959.8628,959.1107,0.7520798
959.8628,959.1107,0.7520607
959.8628,959.1108,0.7520362
959.8628,959.1109,0.7519167
959.8628,959.1109,0.7518525
959.8628,959.111,0.7518085
959.8628,959.1111,0.7517433
959.8628,959.1111,0.7517285
959.8628,959.1111,0.7516991
959.8628,959.1112,0.7516025
959.8628,959.1112,0.7516011
959.8628,959.1112,0.7515581
959.8628,959.1113,0.751478
959.8628,959.1114,0.751433
959.8628,959.1114,0.7514106
959.8628,959.1115,0.7512599
959.8628,959.1116,0.7512298
959.8628,959.1116,0.751157
959.8628,959.1117,0.751077
959.8628,959.1118,0.7510262
959.8628,959.1118,0.7510251
959.8628,959.1123,0.7504871
959.8628,959.1126,0.7501817
959.8628,959.1127,0.7500835
959.8628,959.1127,0.7500779
959.8628,959.1127,0.7500595
959.8628,959.1127,0.7500553
959.8628,959.1129,0.7498563
959.8628,959.1129,0.7498514
959.8628,959.113,0.7498416
959.8628,959.1131,0.7496876
959.8628,959.1132,0.7496381
959.8628,959.1132,0.7495815
959.8628,959.1133,0.7495036
959.8628,959.1133,0.7494692
959.8628,959.1135,0.749318
959.8628,959.1135,0.7492517
959.8628,959.1136,0.7492349
959.8628,959.1136,0.7491884
959.8628,959.1137,0.749144
959.8628,959.1137,0.7490746
959.8628,959.1137,0.7490526
959.8628,959.1138,0.748974
959.8628,959.114,0.7488304
959.8628,959.114,0.7488183
959.8628,959.114,0.7487523
959.8628,959.1141,0.748692
959.8628,959.1141,0.7486847
959.8628,959.1143,0.7484879
959.8628,959.1144,0.7484166
959.8628,959.1145,0.7483497
959.8628,959.1145,0.7482819
959.8628,959.1147,0.7481123
959.8628,959.1148,0.7480003
959.8628,959.1149,0.7479034
959.8628,959.1149,0.7478718
959.8628,959.1149,0.7478536
959.8628,959.115,0.7478013
959.8628,959.1151,0.7477073
959.8628,959.1151,0.7476676
959.8628,959.1152,0.7476453
959.8628,959.1152,0.7476092
959.8628,959.1153,0.7474961
959.8628,959.1153,0.7474724
959.8628,959.1154,0.7474378
959.8628,959.1154,0.7474217
959.8628,959.1155,0.7472634
959.8628,959.1156,0.747231
959.8628,959.1156,0.7471722
959.8628,959.1157,0.7471026
959.8628,959.1158,0.7470306
959.8628,959.1159,0.7469403
959.8628,959.1159,0.746856
959.8628,959.116,0.746828
959.8628,959.116,0.7468159
959.8628,959.1162,0.7465805
959.8628,959.1162,0.7465671
959.8628,959.1163,0.7465396
959.8628,959.1163,0.7465389
959.8628,959.1163,0.7465303
959.8628,959.1163,0.7465258
959.8628,959.1163,0.7465061
959.8628,959.1165,0.7463468
959.8628,959.1165,0.7462864
959.8628,959.1165,0.7462584
959.8628,959.1167,0.746147
959.8628,959.1167,0.7461104
959.8628,959.1167,0.7460964
959.8628,959.1167,0.7460885
959.8628,959.1167,0.746056
959.8628,959.1168,0.7460045
959.8628,959.1169,0.7459322
959.8628,959.1171,0.7457443
959.8628,959.1171,0.7456617
959.8628,959.1173,0.7455336
959.8628,959.1174,0.7453638
959.8628,959.1175,0.7453049
959.8628,959.1175,0.7452892
959.8628,959.1176,0.7451618
959.8628,959.1177,0.7451306
959.8628,959.1177,0.7450921
959.8628,959.1179,0.7448794
959.8628,959.118,0.744844
959.8628,959.118,0.744841
959.8628,959.118,0.7448199
959.8628,959.1181,0.7447226
959.8628,959.1181,0.7446814
959.8628,959.1182,0.7446081
959.8628,959.1183,0.7444534
959.8628,959.1186,0.7441633
959.8628,959.1189,0.7439467
959.8628,959.119,0.7438252
959.8628,959.1191,0.7437459
959.8628,959.1193,0.7435167
959.8628,959.1193,0.7435159
959.8628,959.1194,0.743431
959.8628,959.1194,0.7434122
959.8628,959.1195,0.7432666
959.8628,959.1196,0.743214
959.8628,959.1197,0.7430822
959.8628,959.1197,0.7430541
959.8628,959.1199,0.7429489
959.8628,959.12,0.7427643
959.8628,959.1201,0.742729
959.8628,959.1201,0.7426712
959.8628,959.1202,0.7425645
959.8628,959.1203,0.7425269
959.8628,959.1204,0.7423912
959.8628,959.1207,0.7420515
959.8628,959.121,0.7418488
959.8628,959.121,0.7418185
959.8628,959.121,0.7418107
959.8628,959.121,0.7418091
959.8628,959.1212,0.741649
959.8628,959.1212,0.741621
959.8628,959.1212,0.7416141
959.8628,959.1213,0.7415278
959.8628,959.1221,0.740701
959.8628,959.1221,0.7406848
959.8628,959.1223,0.7405056
959.8628,959.1223,0.7404632
959.8628,959.1224,0.7403717
959.8628,959.1225,0.7402878
959.8628,959.123,0.7397987
959.8628,959.1231,0.7397275
959.8628,959.1233,0.7395349
959.8628,959.1235,0.7393064
959.8628,959.1235,0.739296
959.8628,959.1237,0.7390907
959.8628,959.1238,0.7390331
959.8628,959.124,0.7388455
959.8628,959.1242,0.7385863
959.8628,959.1243,0.7384889
959.8628,959.1245,0.7383313
959.8628,959.1245,0.7382518
959.8628,959.1249,0.7378954
959.8628,959.125,0.7377737
959.8628,959.1251,0.7376726
959.8628,959.1254,0.7374464
959.8628,959.1258,0.7370477
959.8628,959.1263,0.7365125
959.8628,959.1263,0.7364627
959.8628,959.1264,0.7363617
959.8628,959.1265,0.7363099
959.8628,959.1267,0.7360856
959.8628,959.127,0.7358359
959.8628,959.1272,0.7356269
959.8628,959.1272,0.7355945
959.8628,959.1274,0.735438
959.8628,959.1274,0.7354167
959.8628,959.128,0.7348088
959.8628,959.1281,0.7346585
959.8628,959.1286,0.7342442
959.8628,959.1286,0.7342298
959.8628,959.1289,0.7339403
959.8628,959.1292,0.7335694
959.8628,959.1299,0.732938
959.8628,959.1299,0.7328569
959.8628,959.1301,0.732693
959.8628,959.1303,0.7324785
959.8628,959.1305,0.7323403
959.8628,959.1305,0.732293
959.8628,959.1307,0.7321132
959.8628,959.1311,0.7317303
959.8628,959.1311,0.7316555
959.8628,959.1314,0.7314048
959.8628,959.1317,0.7310599
959.8628,959.132,0.7308421
959.8628,959.132,0.7307916
959.8628,959.1325,0.7303362
959.8628,959.1326,0.7302417
959.8628,959.1326,0.730172
959.8628,959.1327,0.7300936
959.8628,959.1332,0.7295583
959.8628,959.1333,0.7295373
959.8628,959.1334,0.7294055
959.8628,959.134,0.7288392
959.8628,959.1341,0.7286632
959.8628,959.1358,0.7270135
959.8628,959.1362,0.7265942
959.8628,959.1371,0.725687
959.8628,959.1372,0.7256076
959.8628,959.1375,0.7252612
959.8628,959.1402,0.7225636
959.8628,959.1412,0.7216289
959.8628,959.1416,0.72124
959.8628,959.1418,0.7210214
959.8628,959.1424,0.7203527
959.8628,959.1432,0.719565
959.8628,959.1437,0.7190757
959.8628,959.1449,0.7178924
959.8628,959.1459,0.7168625
959.8628,959.1481,0.7147072
959.8628,959.1485,0.7143298
959.8628,959.1486,0.7141785
959.8628,959.1491,0.7136945
959.8628,959.1502,0.7126013
959.8628,959.1524,0.7103834
959.8628,959.1529,0.7098706
959.8628,959.1539,0.7088514
959.8628,959.1553,0.7075285
959.8628,959.1556,0.7072477
959.8628,959.1556,0.7072023
959.8628,959.1561,0.7067454
959.8628,959.1571,0.7057473
959.8628,959.158,0.7048338
959.8628,959.1585,0.7043465
959.8628,959.1594,0.7034319
959.8628,959.1601,0.7027137
959.8628,959.1602,0.7026423
959.8628,959.1603,0.7025051
959.8628,959.1603,0.7024633
959.8628,959.1605,0.7023434
959.8628,959.161,0.7018442
959.8628,959.1611,0.7017068
959.8628,959.1612,0.7015995
959.8628,959.1612,0.7015633
959.8628,959.1614,0.7013877
959.8628,959.1621,0.7007422
959.8628,959.1621,0.7007162
959.8628,959.1623,0.7004552
959.8628,959.1626,0.7002024
959.8628,959.1627,0.700073
959.8628,959.1628,0.7000376
959.8628,959.1628,0.6999692
959.8628,959.1629,0.6999469
959.8628,959.163,0.6998069
959.8628,959.163,0.6997845
959.8628,959.1631,0.6996544
959.8628,959.1633,0.6995313
959.8628,959.1634,0.6994494
959.8628,959.1635,0.6993409
959.8628,959.1636,0.6991601
959.8628,959.1639,0.6989126
959.8628,959.1639,0.6988595
959.8628,959.1639,0.6988509
959.8628,959.164,0.6988031
959.8628,959.164,0.6987949
959.8628,959.1642,0.6986383
959.8628,959.1642,0.6985609
959.8628,959.1643,0.6985437
959.8628,959.1644,0.6984498
959.8628,959.1644,0.6984091
959.8628,959.1644,0.6983649
959.8628,959.1645,0.6983184
959.8628,959.1645,0.69828
959.8628,959.1646,0.6981517
959.8628,959.1647,0.6981253
959.8628,959.1647,0.6980756
959.8628,959.1648,0.6979642
959.8628,959.1649,0.6979271
959.8628,959.1649,0.6979181
959.8628,959.1649,0.6978527
959.8628,959.165,0.6978007
959.8628,959.1651,0.6976542
959.8628,959.1652,0.6976171
959.8628,959.1652,0.697556
959.8628,959.1653,0.6975045
959.8628,959.1654,0.6973963
959.8628,959.1654,0.6973945
959.8628,959.1655,0.6972872
959.8628,959.1656,0.6972369
959.8628,959.1656,0.6972187
959.8628,959.1656,0.6971975
959.8628,959.1656,0.6971924
959.8628,959.1657,0.697145
959.8628,959.1657,0.6971174
959.8628,959.1657,0.6970739
959.8628,959.1658,0.6970198
959.8628,959.1658,0.6969827
959.8628,959.1659,0.6969437
959.8628,959.1659,0.6969296
959.8628,959.1661,0.6967028
959.8628,959.1661,0.6966647
959.8628,959.1662,0.696645
959.8628,959.1662,0.6966342
959.8628,959.1662,0.6966317
959.8628,959.1662,0.6966188
959.8628,959.1662,0.6965731
959.8628,959.1662,0.6965565
959.8628,959.1663,0.6965031
959.8628,959.1663,0.6964663
959.8628,959.1664,0.6964424
959.8628,959.1664,0.6963724
959.8628,959.1664,0.696366
959.8628,959.1666,0.6962168
959.8628,959.1666,0.6962044
959.8628,959.1667,0.6961487
959.8628,959.1667,0.6961392
959.8628,959.1667,0.6960697
959.8628,959.1668,0.6960023
959.8628,959.1668,0.6959682
959.8628,959.1669,0.6959049
959.8628,959.1669,0.6958889
959.8628,959.1669,0.6958689
959.8628,959.1669,0.6958599
959.8628,959.167,0.695825
959.8628,959.1671,0.6957357
959.8628,959.1671,0.695716
959.8628,959.1671,0.6957018
959.8628,959.1671,0.6956847
959.8628,959.1672,0.695643
959.8628,959.1672,0.6956414
959.8628,959.1672,0.6956315
959.8628,959.1672,0.6956153
959.8628,959.1672,0.695608
959.8628,959.1672,0.6956002
959.8628,959.1672,0.6955968
959.8628,959.1672,0.6955866
959.8628,959.1673,0.6955134
959.8628,959.1673,0.6954939
959.8628,959.1674,0.6954469
959.8628,959.1674,0.6953564
959.8628,959.1675,0.6953259
959.8628,959.1675,0.6953224
959.8628,959.1675,0.6952752
959.8628,959.1675,0.6952503
959.8628,959.1676,0.6952479
959.8628,959.1676,0.6952276
959.8628,959.1676,0.6951768
959.8628,959.1677,0.6951012
959.8628,959.1677,0.6950649
959.8628,959.1677,0.6950644
959.8628,959.1678,0.694972
959.8628,959.1679,0.6948923
959.8628,959.1679,0.6948837
959.8628,959.168,0.6947642
959.8628,959.168,0.6947609
959.8628,959.1681,0.6947165
959.8628,959.1682,0.6946325
959.8628,959.1682,0.694629
959.8628,959.1682,0.694628
959.8628,959.1682,0.6945931
959.8628,959.1682,0.6945692
959.8628,959.1682,0.694569
959.8628,959.1682,0.6945593
959.8628,959.1682,0.6945552
959.8628,959.1683,0.6945397
959.8628,959.1684,0.6944426
959.8628,959.1684,0.6944418
959.8628,959.1684,0.6944234
959.8628,959.1684,0.6944108
959.8628,959.1684,0.6943928
959.8628,959.1684,0.6943857
959.8628,959.1684,0.6943603
959.8628,959.1685,0.6943433
959.8628,959.1685,0.6943338
959.8628,959.1685,0.6942714
959.8628,959.1685,0.6942677
959.8628,959.1686,0.6942132
959.8628,959.1686,0.6942073
959.8628,959.1686,0.6941942
959.8628,959.1686,0.6941824
959.8628,959.1687,0.6941184
959.8628,959.1687,0.6941143
959.8628,959.1687,0.6940631
959.8628,959.1687,0.6940541
959.8628,959.1688,0.6940299
959.8628,959.1688,0.6940231
959.8628,959.1688,0.6940028
959.8628,959.1688,0.693999
959.8628,959.1688,0.6939553
959.8628,959.1689,0.6939432
959.8628,959.1689,0.6938963
959.8628,959.169,0.6938343
959.8628,959.169,0.6938189
959.8628,959.169,0.6937988
959.8628,959.169,0.6937984
959.8628,959.169,0.6937639
959.8628,959.169,0.6937566
959.8628,959.169,0.6937542
959.8628,959.1691,0.6937482
959.8628,959.1691,0.6937366
959.8628,959.1691,0.6936941
959.8628,959.1691,0.6936851
959.8628,959.1692,0.6936306
959.8628,959.1692,0.6935755
959.8628,959.1692,0.6935627
959.8628,959.1692,0.6935579
959.8628,959.1692,0.6935515
959.8628,959.1693,0.6934925
959.8628,959.1693,0.6934777
959.8628,959.1693,0.6934674
959.8628,959.1694,0.6933749
959.8628,959.1695,0.6933491
959.8628,959.1695,0.6933461
959.8628,959.1695,0.693332
959.8628,959.1695,0.6933266
959.8628,959.1695,0.6933127
959.8628,959.1695,0.6933028
959.8628,959.1695,0.6932669
959.8628,959.1696,0.693217
959.8628,959.1696,0.6931891
959.8628,959.1696,0.6931668
959.8628,959.1696,0.6931552
959.8628,959.1697,0.6930899
959.8628,959.1697,0.6930823
959.8628,959.1697,0.6930741
959.8628,959.1698,0.6929821
959.8628,959.1698,0.6929737
959.8628,959.1698,0.6929507
959.8628,959.1699,0.6929067
959.8628,959.1699,0.6928808
959.8628,959.1699,0.6928513
959.8628,959.17,0.6928058
959.8628,959.17,0.6927977
959.8628,959.17,0.6927639
959.8628,959.1701,0.6927326
959.8628,959.1701,0.6926986
959.8628,959.1702,0.6926472
959.8628,959.1702,0.6926227
959.8628,959.1702,0.6925817
959.8628,959.1702,0.6925601
959.8628,959.1703,0.6925383
959.8628,959.1703,0.6925378
959.8628,959.1703,0.6925269
959.8628,959.1703,0.6924606
959.8628,959.1704,0.6923692
959.8628,959.1704,0.692366
959.8628,959.1704,0.6923604
959.8628,959.1705,0.6923269
959.8628,959.1706,0.692231
959.8628,959.1706,0.6921649
959.8628,959.1707,0.6921348
959.8628,959.1707,0.6920939
959.8628,959.1707,0.6920827
959.8628,959.1707,0.6920753
959.8628,959.1707,0.6920665
959.8628,959.1707,0.6920647
959.8628,959.1708,0.6920414
959.8628,959.1708,0.6920027
959.8628,959.1709,0.6919164
959.8628,959.1709,0.6918821
959.8628,959.1709,0.6918634
959.8628,959.1709,0.6918548
959.8628,959.171,0.6918165
959.8628,959.171,0.6918013
959.8628,959.171,0.6917758
959.8628,959.1712,0.6916466
959.8628,959.1712,0.6916356
959.8628,959.1712,0.6916052
959.8628,959.1713,0.691547
959.8628,959.1713,0.6915161
959.8628,959.1713,0.6915062
959.8628,959.1713,0.691486
959.8628,959.1714,0.6913843
959.8628,959.1714,0.6913788
959.8628,959.1715,0.6913412
959.8628,959.1715,0.691335
959.8628,959.1715,0.6913253
959.8628,959.1715,0.6912762
959.8628,959.1716,0.6912464
959.8628,959.1716,0.6912313
959.8628,959.1716,0.6912085
959.8628,959.1717,0.6911483
959.8628,959.1717,0.6911074
959.8628,959.1717,0.6911072
959.8628,959.1718,0.6910453
959.8628,959.1718,0.6910332
959.8628,959.1718,0.6910141
959.8628,959.1718,0.6909869
959.8628,959.1718,0.6909771
959.8628,959.1718,0.690958
959.8628,959.1719,0.6909482
959.8628,959.1719,0.6908845
959.8628,959.172,0.6908379
959.8628,959.172,0.6908252
959.8628,959.172,0.690786
959.8628,959.172,0.6907734
959.8628,959.172,0.6907594
959.8628,959.1721,0.6906553
959.8628,959.1722,0.6906097
959.8628,959.1723,0.6905125
959.8628,959.1723,0.6905038
959.8628,959.1723,0.6904819
959.8628,959.1724,0.6904334
959.8628,959.1724,0.6904234
959.8628,959.1724,0.6904174
959.8628,959.1724,0.690392
959.8628,959.1725,0.6903451
959.8628,959.1725,0.6903321
959.8628,959.1725,0.6902848
959.8628,959.1726,0.6902308
959.8628,959.1726,0.6902237
959.8628,959.1726,0.6902201
959.8628,959.1726,0.6902095
959.8628,959.1726,0.6901668
959.8628,959.1727,0.6900832
959.8628,959.1727,0.6900677
959.8628,959.1727,0.6900619
959.8628,959.1728,0.6899755
959.8628,959.1728,0.6899606
959.8628,959.1729,0.6899321
959.8628,959.1729,0.689893
959.8628,959.1729,0.6898888
959.8628,959.1729,0.6898788
959.8628,959.173,0.6897936
959.8628,959.173,0.6897895
959.8628,959.173,0.6897763
959.8628,959.1731,0.6897286
959.8628,959.1731,0.6896945
959.8628,959.1731,0.6896554
959.8628,959.1732,0.6896321
959.8628,959.1732,0.6896282
959.8628,959.1732,0.689568
959.8628,959.1735,0.6893395
959.8628,959.1735,0.6893202
959.8628,959.1735,0.6892726
959.8628,959.1736,0.6892496
959.8628,959.1736,0.6892429
959.8628,959.1736,0.6892163
959.8628,959.1738,0.6890401
959.8628,959.1738,0.6890163
959.8628,959.1738,0.6890112
959.8628,959.1739,0.6889282
959.8628,959.1739,0.6889251
959.8628,959.1739,0.6889072
959.8628,959.174,0.6888023
959.8628,959.1741,0.6887465
959.8628,959.1741,0.6886501
959.8628,959.1742,0.6885836
959.8628,959.1742,0.6885833
959.8628,959.1742,0.6885542
959.8628,959.1743,0.6885174
959.8628,959.1743,0.6884965
959.8628,959.1743,0.6884867
959.8628,959.1743,0.6884646
959.8628,959.1744,0.68842
959.8628,959.1744,0.6884156
959.8628,959.1744,0.6883645
959.8628,959.1747,0.6881026
959.8628,959.1747,0.6880608
959.8628,959.1748,0.6880382
959.8628,959.1748,0.6880104
959.8628,959.1748,0.6879941
959.8628,959.1749,0.6879479
959.8628,959.1749,0.6878881
959.8628,959.1749,0.687865
959.8628,959.175,0.6877803
959.8628,959.175,0.6877648
959.8628,959.1751,0.6877346
959.8628,959.1751,0.6876755
959.8628,959.1752,0.6876147
959.8628,959.1752,0.6875973
959.8628,959.1752,0.6875664
959.8628,959.1752,0.687561
959.8628,959.1752,0.6875568
959.8628,959.1755,0.6873484
959.8628,959.1755,0.687346
959.8628,959.1755,0.6873131
959.8628,959.1755,0.6873011
959.8628,959.1755,0.6872532
959.8628,959.1756,0.6872121
959.8628,959.1757,0.6871498
959.8628,959.1757,0.68711
959.8628,959.1757,0.6870882
959.8628,959.1757,0.6870668
959.8628,959.1758,0.6870226
959.8628,959.1758,0.6869772
959.8628,959.1758,0.686954
959.8628,959.1759,0.6869436
959.8628,959.1759,0.6869071
959.8628,959.1759,0.6868703
959.8628,959.176,0.6868422
959.8628,959.176,0.6867904
959.8628,959.1761,0.6866838
959.8628,959.1761,0.6866673
959.8628,959.1762,0.6866483
959.8628,959.1762,0.6866248
959.8628,959.1762,0.686561
959.8628,959.1762,0.6865556
959.8628,959.1764,0.6864041
959.8628,959.1764,0.6863644
959.8628,959.1765,0.686316
959.8628,959.1765,0.6863005
959.8628,959.1765,0.6862524
959.8628,959.1765,0.6862509
959.8628,959.1766,0.6862145
959.8628,959.1766,0.6862027
959.8628,959.1766,0.6861962
959.8628,959.1766,0.6861926
959.8628,959.1766,0.6861919
959.8628,959.1767,0.686098
959.8628,959.1767,0.6860648
959.8628,959.1769,0.6859387
959.8628,959.1769,0.6859207
959.8628,959.1769,0.6859159
959.8628,959.1769,0.6859119
959.8628,959.1769,0.6858882
959.8628,959.1769,0.685859
959.8628,959.177,0.6858113
959.8628,959.177,0.6857646
959.8628,959.177,0.6857559
959.8628,959.1771,0.6856512
959.8628,959.1772,0.6856057
959.8628,959.1772,0.6855918
959.8628,959.1772,0.6855864
959.8628,959.1772,0.6855823
959.8628,959.1772,0.6855731
959.8628,959.1773,0.6855494
959.8628,959.1774,0.6853866
959.8628,959.1774,0.6853717
959.8628,959.1775,0.6853309
959.8628,959.1775,0.6853154
959.8628,959.1775,0.6852849
959.8628,959.1775,0.6852602
959.8628,959.1776,0.6852316
959.8628,959.1776,0.6852098
959.8628,959.1776,0.6851661
959.8628,959.1777,0.6850958
959.8628,959.1778,0.6850376
959.8628,959.1778,0.6850272
959.8628,959.1778,0.6850041
959.8628,959.1778,0.6849932
959.8628,959.1778,0.6849892
959.8628,959.1778,0.6849791
959.8628,959.1779,0.6848883
959.8628,959.1779,0.6848572
959.8628,959.1779,0.6848513
959.8628,959.178,0.6847988
959.8628,959.1781,0.6847252
959.8628,959.1781,0.6847041
959.8628,959.1781,0.6846588
959.8628,959.1781,0.684657
959.8628,959.1782,0.6846379
959.8628,959.1782,0.6845836
959.8628,959.1782,0.6845704
959.8628,959.1782,0.6845562
959.8628,959.1783,0.684544
959.8628,959.1783,0.6845335
959.8628,959.1783,0.6845302
959.8628,959.1783,0.6845223
959.8628,959.1783,0.6845085
959.8628,959.1783,0.6844809
959.8628,959.1783,0.6844681
959.8628,959.1783,0.6844521
959.8628,959.1784,0.6844166
959.8628,959.1784,0.6843784
959.8628,959.1785,0.6843309
959.8628,959.1785,0.6843238
959.8628,959.1785,0.6843029
959.8628,959.1785,0.6842973
959.8628,959.1785,0.6842789
959.8628,959.1786,0.6842411
959.8628,959.1786,0.6842001
959.8628,959.1787,0.684126
959.8628,959.1787,0.6841078
959.8628,959.1787,0.6840874
959.8628,959.1787,0.6840597
959.8628,959.1788,0.6840094
959.8628,959.1789,0.6839234
959.8628,959.1789,0.6839206
959.8628,959.179,0.6837528
959.8628,959.1791,0.6837123
959.8628,959.1791,0.6836947
959.8628,959.1791,0.6836737
959.8628,959.1791,0.6836581
959.8628,959.1792,0.6835956
959.8628,959.1792,0.6835767
959.8628,959.1792,0.6835545
959.8628,959.1793,0.6835455
959.8628,959.1794,0.6834342
959.8628,959.1794,0.6834173
959.8628,959.1794,0.6833756
959.8628,959.1795,0.683269
959.8628,959.1796,0.6832394
959.8628,959.1796,0.6832323
959.8628,959.1796,0.6832247
959.8628,959.1796,0.6832168
959.8628,959.1796,0.6832125
959.8628,959.1796,0.6831763
959.8628,959.1797,0.6830844
959.8628,959.1797,0.6830835
959.8628,959.1797,0.6830615
959.8628,959.1799,0.6828535
959.8628,959.18,0.6827983
959.8628,959.18,0.6827959
959.8628,959.18,0.6827722
959.8628,959.1801,0.6827259
959.8628,959.1801,0.6826772
959.8628,959.1801,0.682677
959.8628,959.1802,0.6826035
959.8628,959.1802,0.6825875
959.8628,959.1802,0.6825574
959.8628,959.1803,0.6825311
959.8628,959.1803,0.682515
959.8628,959.1804,0.6823559
959.8628,959.1805,0.6823304
959.8628,959.1806,0.6822465
959.8628,959.1807,0.6821337
959.8628,959.1807,0.6821219
959.8628,959.1809,0.6819336
959.8628,959.181,0.6817954
959.8628,959.1811,0.6817348
959.8628,959.1812,0.6816293
959.8628,959.1812,0.6815599
959.8628,959.1814,0.6814141
959.8628,959.1814,0.6814026
959.8628,959.1816,0.6811784
959.8628,959.1818,0.6810452
959.8628,959.1819,0.6809336
959.8628,959.1822,0.6806054
959.8628,959.1822,0.6805991
959.8628,959.1822,0.6805844
959.8628,959.1822,0.6805516
959.8628,959.1823,0.6804531
959.8628,959.1825,0.6803466
959.8628,959.1825,0.6803366
959.8628,959.1825,0.6803259
959.8628,959.1831,0.6796943
959.8628,959.1837,0.6790891
959.8628,959.1838,0.6790424
959.8628,959.1838,0.6789635
959.8628,959.184,0.6788467
959.8628,959.187,0.6758125
959.8628,959.212,0.6507736
959.8628,959.2189,0.6438834
959.8628,959.2221,0.64066
959.8628,959.2339,0.6288503
959.8628,959.2348,0.6280002
959.8628,959.236,0.626765
959.8628,959.2369,0.6259359
959.8628,959.238,0.6247963
959.8628,959.2383,0.6244569
959.8628,959.2396,0.6231562
959.8628,959.2406,0.6222472
959.8628,959.2415,0.6212772
959.8628,959.2424,0.6204098
959.8628,959.2444,0.6183979
959.8628,959.2445,0.6183396
959.8628,959.2445,0.6182971
959.8628,959.2455,0.6173182
959.8628,959.2456,0.6172197
959.8628,959.2457,0.6171025
959.8628,959.246,0.616762
959.8628,959.2473,0.615465
959.8628,959.2478,0.6149906
959.8628,959.2478,0.6149548
959.8628,959.2479,0.6148763
959.8628,959.2491,0.6136604
959.8628,959.2496,0.6132308
959.8628,959.25,0.6127912
959.8628,959.2502,0.6125705
959.8628,959.2505,0.6122861
959.8628,959.2512,0.6115898
959.8628,959.2518,0.6109926
959.8628,959.2521,0.6107336
959.8628,959.2522,0.610596
959.8628,959.2527,0.6100644
959.8628,959.2531,0.609689
959.8628,959.2536,0.6091993
959.8628,959.2537,0.6091146
959.8628,959.2539,0.6088576
959.8628,959.2556,0.6071831
959.8628,959.2558,0.6069521
959.8628,959.2559,0.6068728
959.8628,959.256,0.6068159
959.8628,959.2561,0.6066769
959.8628,959.2566,0.6061656
959.8628,959.2579,0.6048773
959.8628,959.2583,0.604529
959.8628,959.2587,0.6040877
959.8628,959.2588,0.6040081
959.8628,959.2589,0.6038756
959.8628,959.2592,0.6035911
959.8628,959.2594,0.6034038
959.8628,959.2594,0.6033725
959.8628,959.2608,0.6019789
959.8628,959.2609,0.6019111
959.8628,959.2615,0.6012729
959.8628,959.263,0.5998343
959.8628,959.2635,0.5993233
959.8628,959.2651,0.5977382
959.8628,959.2655,0.597326
959.8628,959.2662,0.5965527
959.8628,959.2666,0.5962157
959.8628,959.2686,0.5942056
959.8628,959.2718,0.5910218
959.8628,959.2721,0.5906906
959.8628,959.2746,0.5882271
959.8628,959.2754,0.5873646
959.8628,959.2768,0.5859747
959.8628,959.2776,0.5851989
959.8628,959.2789,0.5838901
959.8628,959.2793,0.5835065
959.8628,959.2804,0.5823677
959.8628,959.2805,0.582324
959.8628,959.2807,0.5820882
959.8628,959.2819,0.5808534
959.8628,959.2821,0.5806929
959.8628,959.2853,0.5774554
959.8628,959.2897,0.5730773
959.8628,959.2912,0.5716144
959.8628,959.2943,0.568547
959.8628,959.2955,0.5672858
959.8628,959.2966,0.5661909
959.8628,959.2972,0.5656073
959.8628,959.2979,0.564932
959.8628,959.3014,0.561404
959.8628,959.3014,0.5613633
959.8628,959.3055,0.5572663
959.8628,959.3096,0.5531572
959.8628,959.3104,0.5523976
959.8628,959.3109,0.5519109
959.8628,959.313,0.5497617
959.8628,959.3138,0.5489737
959.8628,959.3221,0.5407164
959.8628,959.4142,0.4486326
959.8628,959.4175,0.4452598
959.8628,959.4195,0.443288
959.8628,959.4203,0.4424576
959.8628,959.4216,0.4411865
959.8628,959.4231,0.4396706
959.8628,959.4237,0.439115
959.8628,959.4238,0.4389917
959.8628,959.4245,0.4383095
959.8628,959.4247,0.438131
959.8628,959.425,0.4377877
959.8628,959.4251,0.4377328
959.8628,959.4251,0.4377194
959.8628,959.4257,0.4371145
959.8628,959.4259,0.4369361
959.8628,959.4259,0.4369213
959.8628,959.426,0.4367658
959.8628,959.4263,0.4365251
959.8628,959.4264,0.436401
959.8628,959.4265,0.4363482
959.8628,959.4266,0.4362112
959.8628,959.4266,0.4361522
959.8628,959.4268,0.4360317
959.8628,959.4268,0.4359779
959.8628,959.4272,0.4356284
959.8628,959.4273,0.435475
959.8628,959.4276,0.4351771
959.8628,959.4276,0.4351667
959.8628,959.4279,0.434881
959.8628,959.428,0.4348255
959.8628,959.428,0.4347942
959.8628,959.4281,0.4347442
959.8628,959.4282,0.4346107
959.8628,959.4284,0.4344345
959.8628,959.4289,0.4339058
959.8628,959.429,0.4337946
959.8628,959.4291,0.4337218
959.8628,959.4291,0.4336727
959.8628,959.4291,0.4336604
959.8628,959.4293,0.4335208
959.8628,959.4293,0.4334693
959.8628,959.4294,0.4334038
959.8628,959.4296,0.433207
959.8628,959.4296,0.4331768
959.8628,959.4297,0.4331227
959.8628,959.4297,0.4330853
959.8628,959.4298,0.4330097
959.8628,959.4298,0.4329894
959.8628,959.43,0.4328181
959.8628,959.4303,0.4325109
959.8628,959.4303,0.4324855
959.8628,959.4304,0.4323513
959.8628,959.4305,0.4323377
959.8628,959.4306,0.432175
959.8628,959.4306,0.4321581
959.8628,959.4307,0.432141
959.8628,959.4309,0.4319248
959.8628,959.4309,0.4319028
959.8628,959.4309,0.4319003
959.8628,959.4309,0.4318924
959.8628,959.431,0.4318446
959.8628,959.431,0.4318408
959.8628,959.431,0.4317756
959.8628,959.4311,0.4317259
959.8628,959.4312,0.4315637
959.8628,959.4313,0.4315243
959.8628,959.4313,0.4314813
959.8628,959.4313,0.4314618
959.8628,959.4314,0.4314176
959.8628,959.4314,0.4314114
959.8628,959.4314,0.4313843
959.8628,959.4315,0.4313165
959.8628,959.4315,0.4312885
959.8628,959.4315,0.4312506
959.8628,959.4316,0.4312475
959.8628,959.4316,0.4312456
959.8628,959.4316,0.4311751
959.8628,959.4318,0.4309938
959.8628,959.4318,0.4309561
959.8628,959.432,0.4308028
959.8628,959.432,0.4307846
959.8628,959.4321,0.4307489
959.8628,959.4321,0.4307089
959.8628,959.4323,0.4305049
959.8628,959.4323,0.4304541
959.8628,959.4324,0.4304098
959.8628,959.4325,0.4303473
959.8628,959.4325,0.4303404
959.8628,959.4326,0.430244
959.8628,959.4327,0.4301242
959.8628,959.4327,0.4301133
959.8628,959.4327,0.4300772
959.8628,959.4327,0.4300698
959.8628,959.4328,0.4299795
959.8628,959.4329,0.4299233
959.8628,959.4329,0.4299066
959.8628,959.4329,0.4299023
959.8628,959.4329,0.4298683
959.8628,959.4329,0.4298519
959.8628,959.433,0.4298196
959.8628,959.433,0.4297884
959.8628,959.433,0.4297603
959.8628,959.4331,0.4296617
959.8628,959.4332,0.4296106
959.8628,959.4332,0.4296066
959.8628,959.4332,0.4295701
959.8628,959.4332,0.4295619
959.8628,959.4333,0.429517
959.8628,959.4333,0.4294755
959.8628,959.4333,0.4294741
959.8628,959.4334,0.4294226
959.8628,959.4334,0.4294038
959.8628,959.4334,0.429396
959.8628,959.4334,0.4293515
959.8628,959.4336,0.4292304
959.8628,959.4336,0.4291722
959.8628,959.4337,0.4291148
959.8628,959.4337,0.4290697
959.8628,959.4338,0.4289928
959.8628,959.4338,0.4289688
959.8628,959.4339,0.4289318
959.8628,959.4339,0.428914
959.8628,959.434,0.4288333
959.8628,959.434,0.4287505
959.8628,959.4341,0.4287168
959.8628,959.4341,0.4287007
959.8628,959.4341,0.4286995
959.8628,959.4342,0.4285976
959.8628,959.4342,0.4285604
959.8628,959.4343,0.4285369
959.8628,959.4343,0.4285223
959.8628,959.4344,0.4284476
959.8628,959.4345,0.4283352
959.8628,959.4346,0.4281701
959.8628,959.4346,0.4281661
959.8628,959.4347,0.4281369
959.8628,959.4347,0.4281185
959.8628,959.4349,0.427906
959.8628,959.4349,0.4278785
959.8628,959.435,0.427763
959.8628,959.4351,0.4277466
959.8628,959.4351,0.4277186
959.8628,959.4351,0.4277085
959.8628,959.4352,0.4276172
959.8628,959.4352,0.4275961
959.8628,959.4352,0.4275829
959.8628,959.4352,0.4275732
959.8628,959.4353,0.4275304
959.8628,959.4353,0.4275261
959.8628,959.4353,0.4274606
959.8628,959.4354,0.4274496
959.8628,959.4354,0.4274069
959.8628,959.4354,0.4274021
959.8628,959.4354,0.4273958
959.8628,959.4354,0.4273886
959.8628,959.4354,0.4273719
959.8628,959.4355,0.4273204
959.8628,959.4355,0.4273021
959.8628,959.4355,0.4272648
959.8628,959.4355,0.427257
959.8628,959.4356,0.427235
959.8628,959.4356,0.4271751
959.8628,959.4358,0.426981
959.8628,959.4359,0.4268817
959.8628,959.4359,0.4268749
959.8628,959.436,0.4268339
959.8628,959.436,0.4267663
959.8628,959.436,0.4267527
959.8628,959.4361,0.4267134
959.8628,959.4362,0.4266322
959.8628,959.4362,0.4266245
959.8628,959.4362,0.4265996
959.8628,959.4363,0.4264969
959.8628,959.4364,0.4264193
959.8628,959.4364,0.4263789
959.8628,959.4365,0.4263289
959.8628,959.4365,0.4262689
959.8628,959.4366,0.4261871
959.8628,959.4367,0.4261263
959.8628,959.4367,0.4260756
959.8628,959.4367,0.4260707
959.8628,959.4368,0.4260352
959.8628,959.4368,0.4259866
959.8628,959.4368,0.4259549
959.8628,959.4371,0.425651
959.8628,959.4373,0.4254964
959.8628,959.4373,0.4254805
959.8628,959.4379,0.42494
959.8628,959.438,0.4247689
959.8628,959.438,0.4247524
959.8628,959.4382,0.4245942
959.8628,959.4385,0.4243215
959.8628,959.4385,0.4242797
959.8628,959.4387,0.4241245
959.8628,959.4389,0.4238668
959.8628,959.439,0.4237551
959.8628,959.4391,0.4236857
959.8628,959.4391,0.4236545
959.8628,959.4392,0.4235916
959.8628,959.4398,0.4230401
959.8628,959.4398,0.4229772
959.8628,959.4399,0.4229058
959.8628,959.4399,0.4228665
959.8628,959.4402,0.4226051
959.8628,959.4408,0.4220495
959.8628,959.4409,0.4219092
959.8628,959.441,0.4217716
959.8628,959.441,0.4217703
959.8628,959.441,0.4217603
959.8628,959.4412,0.4216286
959.8628,959.4413,0.4215267
959.8628,959.4414,0.4214461
959.8628,959.4416,0.4212062
959.8628,959.4416,0.4212033
959.8628,959.4417,0.4211461
959.8628,959.4417,0.4211459
959.8628,959.4421,0.4206897
959.8628,959.4423,0.4205228
959.8628,959.4424,0.4204054
959.8628,959.4426,0.4202303
959.8628,959.4426,0.4201612
959.8628,959.4427,0.4201137
959.8628,959.4427,0.4201083
959.8628,959.4429,0.4199434
959.8628,959.4429,0.4198617
959.8628,959.443,0.419754
959.8628,959.4433,0.4195263
959.8628,959.4435,0.4192594
959.8628,959.4436,0.4191952
959.8628,959.4437,0.4190939
959.8628,959.4439,0.4189133
959.8628,959.4439,0.4189055
959.8628,959.4439,0.4188546
959.8628,959.4441,0.4187019
959.8628,959.4444,0.4184001
959.8628,959.4445,0.4182742
959.8628,959.4445,0.4182726
959.8628,959.4445,0.4182616
959.8628,959.4446,0.4181669
959.8628,959.4447,0.418142
959.8628,959.4448,0.4179833
959.8628,959.4448,0.4179762
959.8628,959.4449,0.4178512
959.8628,959.445,0.417809
959.8628,959.445,0.4178057
959.8628,959.4451,0.4177153
959.8628,959.4454,0.4173561
959.8628,959.4455,0.4173197
959.8628,959.4456,0.4172429
959.8628,959.4458,0.4169938
959.8628,959.4463,0.4165181
959.8628,959.4464,0.4163512
959.8628,959.4465,0.4162782
959.8628,959.4466,0.4161768
959.8628,959.4467,0.4160705
959.8628,959.4468,0.416037
959.8628,959.4468,0.4159896
959.8628,959.4468,0.4159699
959.8628,959.4469,0.4159368
959.8628,959.4469,0.4158828
959.8628,959.4473,0.4154545
959.8628,959.4474,0.4154223
959.8628,959.4474,0.4153532
959.8628,959.4475,0.4153009
959.8628,959.4475,0.4153002
959.8628,959.4475,0.4152934
959.8628,959.4477,0.4151473
959.8628,959.4483,0.4145296
959.8628,959.4484,0.4143568
959.8628,959.4486,0.4142357
959.8628,959.4493,0.4135335
959.8628,959.4493,0.4134732
959.8628,959.4494,0.4133761
959.8628,959.4495,0.4132739
959.8628,959.4495,0.4132609
959.8628,959.4495,0.4132569
959.8628,959.4497,0.4130925
959.8628,959.4498,0.4130033
959.8628,959.4499,0.4128522
959.8628,959.4502,0.4125976
959.8628,959.4504,0.4124402
959.8628,959.4504,0.412425
959.8628,959.451,0.4118018
959.8628,959.451,0.4118012
959.8628,959.4511,0.4116659
959.8628,959.4511,0.4116521
959.8628,959.4512,0.4116325
959.8628,959.4512,0.4116323
959.8628,959.4513,0.4114861
959.8628,959.4513,0.4114506
959.8628,959.4514,0.4113738
959.8628,959.4515,0.4112903
959.8628,959.4517,0.411131
959.8628,959.4518,0.410959
959.8628,959.452,0.4108135
959.8628,959.4521,0.4106869
959.8628,959.4522,0.4106185
959.8628,959.4525,0.4103182
959.8628,959.4525,0.4102882
959.8628,959.4526,0.4101685
959.8628,959.4527,0.4100926
959.8628,959.4528,0.4100459
959.8628,959.4529,0.4099413
959.8628,959.4532,0.4096008
959.8628,959.4532,0.4095794
959.8628,959.4533,0.4095425
959.8628,959.4535,0.4092954
959.8628,959.454,0.4087733
959.8628,959.4543,0.408541
959.8628,959.4543,0.4085108
959.8628,959.4547,0.4081479
959.8628,959.4547,0.4080865
959.8628,959.4549,0.4078846
959.8628,959.455,0.4078372
959.8628,959.4552,0.4076354
959.8628,959.4552,0.4076148
959.8628,959.4554,0.4074164
959.8628,959.4554,0.4073835
959.8628,959.4555,0.4072873
959.8628,959.4555,0.4072775
959.8628,959.4559,0.4069318
959.8628,959.4561,0.4067352
959.8628,959.4561,0.4066657
959.8628,959.4562,0.4066
959.8628,959.4564,0.4064115
959.8628,959.4565,0.4063358
959.8628,959.4567,0.4061083
959.8628,959.4568,0.4060256
959.8628,959.4568,0.4059685
959.8628,959.4569,0.4059016
959.8628,959.457,0.4057955
959.8628,959.4572,0.4056346
959.8628,959.4572,0.4056208
959.8628,959.4575,0.405348
959.8628,959.4576,0.4051622
959.8628,959.4577,0.4051341
959.8628,959.4579,0.404885
959.8628,959.4579,0.4048637
959.8628,959.4581,0.4047484
959.8628,959.4583,0.4044692
959.8628,959.4585,0.4042716
959.8628,959.4586,0.4042227
959.8628,959.4588,0.4040181
959.8628,959.4589,0.4038546
959.8628,959.459,0.4038262
959.8628,959.4591,0.4036753
959.8628,959.4592,0.4036176
959.8628,959.4593,0.4034909
959.8628,959.4595,0.403294
959.8628,959.4598,0.4030269
959.8628,959.4598,0.402966
959.8628,959.4599,0.4028848
959.8628,959.46,0.4027809
959.8628,959.4602,0.402638
959.8628,959.4604,0.4024106
959.8628,959.4605,0.4023312
959.8628,959.4605,0.4022956
959.8628,959.4605,0.4022885
959.8628,959.4606,0.4021643
959.8628,959.4607,0.4020796
959.8628,959.4607,0.4020735
959.8628,959.4608,0.4019575
959.8628,959.4609,0.4018679
959.8628,959.461,0.4017671
959.8628,959.4611,0.4017124
959.8628,959.4612,0.4015821
959.8628,959.4613,0.4015102
959.8628,959.4617,0.4011497
959.8628,959.4618,0.4010129
959.8628,959.4619,0.4009089
959.8628,959.4619,0.4008749
959.8628,959.462,0.4008276
959.8628,959.462,0.4007953
959.8628,959.4621,0.4007082
959.8628,959.4621,0.4007017
959.8628,959.4621,0.4006613
959.8628,959.4621,0.400658
959.8628,959.4622,0.4006007
959.8628,959.4622,0.4005862
959.8628,959.4622,0.400564
959.8628,959.4622,0.4005548
959.8628,959.4623,0.4005394
959.8628,959.4624,0.4004001
959.8628,959.4625,0.4003358
959.8628,959.4625,0.4003302
959.8628,959.4625,0.4002602
959.8628,959.4626,0.4002392
959.8628,959.4626,0.4002364
959.8628,959.4627,0.4001357
959.8628,959.4627,0.4001323
959.8628,959.4627,0.4001206
959.8628,959.4628,0.4000425
959.8628,959.4629,0.3998986
959.8628,959.4629,0.3998595
959.8628,959.4632,0.3995703
959.8628,959.4633,0.3995383
959.8628,959.4633,0.3995242
959.8628,959.4633,0.3994572
959.8628,959.4635,0.3992861
959.8628,959.4636,0.399198
959.8628,959.4637,0.399102
959.8628,959.4637,0.3990679
959.8628,959.4638,0.3990298
959.8628,959.464,0.3987761
959.8628,959.4641,0.3987195
959.8628,959.4641,0.3987021
959.8628,959.4642,0.3986156
959.8628,959.4643,0.3984988
959.8628,959.4644,0.3983645
959.8628,959.4645,0.3983317
959.8628,959.4645,0.3983303
959.8628,959.4645,0.3983075
959.8628,959.4645,0.398297
959.8628,959.4648,0.3980242
959.8628,959.4648,0.3980167
959.8628,959.4649,0.3979161
959.8628,959.4651,0.397743
959.8628,959.4651,0.3977315
959.8628,959.4653,0.3974741
959.8628,959.4654,0.3974286
959.8628,959.4654,0.3973501
959.8628,959.4655,0.3973374
959.8628,959.4655,0.3973287
959.8628,959.4655,0.3972752
959.8628,959.4656,0.3971942
959.8628,959.4656,0.3971866
959.8628,959.4657,0.3971483
959.8628,959.4657,0.3971005
959.8628,959.4657,0.3970558
959.8628,959.4659,0.3969179
959.8628,959.4659,0.396866
959.8628,959.4659,0.3968543
959.8628,959.4661,0.3967396
959.8628,959.4661,0.3967392
959.8628,959.4661,0.3967004
959.8628,959.4661,0.396687
959.8628,959.4661,0.3966513
959.8628,959.4662,0.3966078
959.8628,959.4664,0.3964133
959.8628,959.4665,0.3963443
959.8628,959.4665,0.3962942
959.8628,959.4667,0.3960926
959.8628,959.4668,0.3960365
959.8628,959.4668,0.396035
959.8628,959.4668,0.3959773
959.8628,959.4669,0.395947
959.8628,959.4669,0.3959407
959.8628,959.4669,0.395881
959.8628,959.467,0.3958104
959.8628,959.4671,0.3956661
959.8628,959.4673,0.395514
959.8628,959.4674,0.3954381
959.8628,959.4674,0.395376
959.8628,959.4674,0.395358
959.8628,959.4675,0.3953466
959.8628,959.4675,0.3953154
959.8628,959.4676,0.395177
959.8628,959.4677,0.3950754
959.8628,959.4677,0.3950696
959.8628,959.4678,0.3949872
959.8628,959.4679,0.3948889
959.8628,959.4679,0.394874
959.8628,959.468,0.3947681
959.8628,959.4681,0.3947356
959.8628,959.4682,0.3946304
959.8628,959.4682,0.3946164
959.8628,959.4683,0.3945392
959.8628,959.4683,0.3944842
959.8628,959.4683,0.3944826
959.8628,959.4685,0.3943214
959.8628,959.4685,0.3943212
959.8628,959.4685,0.3943147
959.8628,959.4686,0.394164
959.8628,959.4687,0.3941457
959.8628,959.4687,0.3940542
959.8628,959.4688,0.3939986
959.8628,959.469,0.393839
959.8628,959.469,0.393822
959.8628,959.469,0.3937501
959.8628,959.4691,0.3937304
959.8628,959.4692,0.3936414
959.8628,959.4692,0.3936307
959.8628,959.4693,0.3935026
959.8628,959.4693,0.3934581
959.8628,959.4693,0.3934524
959.8628,959.4694,0.3934414
959.8628,959.4694,0.3933858
959.8628,959.4695,0.3932976
959.8628,959.4695,0.3932639
959.8628,959.4696,0.3932272
959.8628,959.4696,0.3931962
959.8628,959.4699,0.3929497
959.8628,959.4699,0.392949
959.8628,959.4699,0.3929019
959.8628,959.4699,0.3928969
959.8628,959.47,0.3928277
959.8628,959.47,0.3927763
959.8628,959.4701,0.3927371
959.8628,959.4701,0.3926829
959.8628,959.4702,0.3926088
959.8628,959.4702,0.3925614
959.8628,959.4703,0.3925411
959.8628,959.4703,0.3924526
959.8628,959.4704,0.3924485
959.8628,959.4704,0.3923819
959.8628,959.4704,0.3923719
959.8628,959.4705,0.392344
959.8628,959.4705,0.3922795
959.8628,959.4706,0.39223
959.8628,959.4706,0.3922116
959.8628,959.4706,0.3921942
959.8628,959.4706,0.3921638
959.8628,959.4707,0.3920551
959.8628,959.4708,0.3920486
959.8628,959.4708,0.3919631
959.8628,959.4709,0.391896
959.8628,959.4709,0.3918616
959.8628,959.4709,0.3918575
959.8628,959.471,0.3918306
959.8628,959.471,0.3918294
959.8628,959.4711,0.3916636
959.8628,959.4711,0.3916616
959.8628,959.4713,0.3915408
959.8628,959.4713,0.3915307
959.8628,959.4713,0.3914901
959.8628,959.4713,0.391456
959.8628,959.4714,0.3913583
959.8628,959.4715,0.3913414
959.8628,959.4716,0.391199
959.8628,959.4716,0.3911892
959.8628,959.4717,0.3911298
959.8628,959.4717,0.3911093
959.8628,959.4717,0.3911069
959.8628,959.4717,0.391106
959.8628,959.4717,0.3910975
959.8628,959.4718,0.3910104
959.8628,959.4718,0.3909846
959.8628,959.4718,0.3909597
959.8628,959.4719,0.3908523
959.8628,959.472,0.3907851
959.8628,959.4721,0.39074
959.8628,959.4722,0.3906427
959.8628,959.4723,0.3905373
959.8628,959.4723,0.3905336
959.8628,959.4723,0.3904892
959.8628,959.4724,0.3904346
959.8628,959.4724,0.3904136
959.8628,959.4725,0.390347
959.8628,959.4725,0.3903141
959.8628,959.4726,0.3902199
959.8628,959.4726,0.3901686
959.8628,959.4727,0.3900871
959.8628,959.4727,0.3900646
959.8628,959.4728,0.3899725
959.8628,959.4728,0.3899695
959.8628,959.4729,0.3898801
959.8628,959.473,0.3898135
959.8628,959.4732,0.389632
959.8628,959.4732,0.3895558
959.8628,959.4734,0.3894026
959.8628,959.4736,0.3891752
959.8628,959.4737,0.3891306
959.8628,959.4737,0.3891298
959.8628,959.4737,0.389095
959.8628,959.4738,0.3890455
959.8628,959.4738,0.389044
959.8628,959.4738,0.3890298
959.8628,959.4741,0.3887335
959.8628,959.4742,0.3885797
959.8628,959.4742,0.3885649
959.8628,959.4743,0.3885101
959.8628,959.4743,0.3884922
959.8628,959.4743,0.3884815
959.8628,959.4745,0.3882875
959.8628,959.4746,0.3882304
959.8628,959.4746,0.3882178
959.8628,959.4746,0.3882104
959.8628,959.4746,0.3881545
959.8628,959.4747,0.3880646
959.8628,959.4748,0.388041
959.8628,959.475,0.3878075
959.8628,959.475,0.3878016
959.8628,959.475,0.3877723
959.8628,959.4752,0.3876475
959.8628,959.4752,0.3875916
959.8628,959.4753,0.387502
959.8628,959.4753,0.3874512
959.8628,959.4754,0.3874208
959.8628,959.4754,0.387391
959.8628,959.4754,0.3873695
959.8628,959.4755,0.3873172
959.8628,959.4756,0.3871639
959.8628,959.4757,0.3871262
959.8628,959.4758,0.3870065
959.8628,959.4759,0.3869462
959.8628,959.4759,0.3868554
959.8628,959.476,0.3868199
959.8628,959.476,0.3868138
959.8628,959.476,0.3867744
959.8628,959.4761,0.3867496
959.8628,959.4761,0.3866503
959.8628,959.4763,0.3865371
959.8628,959.4763,0.3865323
959.8628,959.4763,0.3865258
959.8628,959.4763,0.386503
959.8628,959.4764,0.386422
959.8628,959.4765,0.3863209
959.8628,959.4766,0.3862107
959.8628,959.4766,0.3861631
959.8628,959.4768,0.3860348
959.8628,959.4769,0.3858803
959.8628,959.4769,0.3858683
959.8628,959.477,0.3857581
959.8628,959.4772,0.3856154
959.8628,959.4772,0.3855518
959.8628,959.4774,0.3853776
959.8628,959.4774,0.3853543
959.8628,959.4775,0.3852591
959.8628,959.4776,0.3851532
959.8628,959.4777,0.385093
959.8628,959.4778,0.385029
959.8628,959.4778,0.385028
959.8628,959.4778,0.384955
959.8628,959.4779,0.3849407
959.8628,959.4779,0.3848807
959.8628,959.4779,0.3848642
959.8628,959.4779,0.3848614
959.8628,959.478,0.3848041
959.8628,959.4781,0.3847015
959.8628,959.4781,0.3846718
959.8628,959.4782,0.3846377
959.8628,959.4783,0.3845322
959.8628,959.4783,0.3845288
959.8628,959.4785,0.3843295
959.8628,959.4785,0.3843153
959.8628,959.4785,0.3843052
959.8628,959.4785,0.3842594
959.8628,959.4786,0.38422
959.8628,959.4786,0.3841692
959.8628,959.4789,0.3839321
959.8628,959.4789,0.3839061
959.8628,959.479,0.3837938
959.8628,959.4791,0.3836678
959.8628,959.4791,0.3836539
959.8628,959.4793,0.3835296
959.8628,959.4794,0.3834379
959.8628,959.4794,0.3834274
959.8628,959.4794,0.3834029
959.8628,959.4796,0.383202
959.8628,959.4797,0.3831376
959.8628,959.4797,0.3830836
959.8628,959.4798,0.3830327
959.8628,959.4799,0.3829378
959.8628,959.4799,0.3828906
959.8628,959.48,0.3828207
959.8628,959.48,0.3827709
959.8628,959.4802,0.3826428
959.8628,959.4803,0.3825375
959.8628,959.4805,0.3822577
959.8628,959.4806,0.3821536
959.8628,959.4807,0.3821319
959.8628,959.4807,0.3820533
959.8628,959.4808,0.3820018
959.8628,959.4809,0.3819422
959.8628,959.4809,0.3819131
959.8628,959.4809,0.3818521
959.8628,959.481,0.3818038
959.8628,959.481,0.3817983
959.8628,959.4811,0.3817253
959.8628,959.4811,0.3816847
959.8628,959.4812,0.3816294
959.8628,959.4812,0.3816036
959.8628,959.4812,0.3815875
959.8628,959.4817,0.3811495
959.8628,959.4817,0.3811349
959.8628,959.4817,0.381123
959.8628,959.4817,0.3810604
959.8628,959.4818,0.3809963
959.8628,959.4819,0.380888
959.8628,959.4823,0.3805189
959.8628,959.4823,0.3804812
959.8628,959.4824,0.3803734
959.8628,959.4824,0.3803517
959.8628,959.4824,0.3803517
959.8628,959.4824,0.3803508
959.8628,959.4825,0.3803071
959.8628,959.4825,0.3802726
959.8628,959.4826,0.3802321
959.8628,959.4826,0.3802021
959.8628,959.4828,0.3799704
959.8628,959.4829,0.3799008
959.8628,959.483,0.3798099
959.8628,959.483,0.3798033
959.8628,959.4831,0.3796866
959.8628,959.4833,0.3794951
959.8628,959.4836,0.379214
959.8628,959.4838,0.3790372
959.8628,959.4838,0.3790138
959.8628,959.4839,0.3788647
959.8628,959.484,0.3787645
959.8628,959.4841,0.3787349
959.8628,959.4843,0.3784719
959.8628,959.4844,0.3783841
959.8628,959.4844,0.3783566
959.8628,959.4845,0.3783318
959.8628,959.4845,0.3783107
959.8628,959.4845,0.3782795
959.8628,959.4848,0.3780472
959.8628,959.485,0.3777801
959.8628,959.485,0.3777638
959.8628,959.4852,0.3775515
959.8628,959.4853,0.3774647
959.8628,959.4855,0.3773255
959.8628,959.4856,0.3772145
959.8628,959.4856,0.377177
959.8628,959.4856,0.3771664
959.8628,959.4856,0.3771571
959.8628,959.4859,0.3769402
959.8628,959.4859,0.3769187
959.8628,959.4859,0.3768716
959.8628,959.486,0.3767575
959.8628,959.4862,0.376647
959.8628,959.4862,0.3765582
959.8628,959.4864,0.3764292
959.8628,959.4867,0.3760771
959.8628,959.4869,0.3758591
959.8628,959.487,0.3757831
959.8628,959.487,0.3757727
959.8628,959.4871,0.3757243
959.8628,959.4872,0.3756048
959.8628,959.4873,0.3755459
959.8628,959.4873,0.3754674
959.8628,959.4874,0.3754462
959.8628,959.4874,0.3754156
959.8628,959.4875,0.3752811
959.8628,959.4876,0.3752221
959.8628,959.4876,0.3752177
959.8628,959.4876,0.3751821
959.8628,959.4876,0.3751608
959.8628,959.4877,0.3751025
959.8628,959.4879,0.3749331
959.8628,959.4879,0.3749262
959.8628,959.488,0.3748213
959.8628,959.4883,0.3745464
959.8628,959.4883,0.3745259
959.8628,959.4884,0.3743668
959.8628,959.4885,0.3743257
959.8628,959.4886,0.3742299
959.8628,959.4887,0.3741307
959.8628,959.4887,0.3741232
959.8628,959.4889,0.3739243
959.8628,959.4889,0.3739156
959.8628,959.4889,0.3738622
959.8628,959.489,0.3737808
959.8628,959.4893,0.3734649
959.8628,959.4894,0.3733618
959.8628,959.4895,0.3733393
959.8628,959.4895,0.3732911
959.8628,959.4899,0.3729452
959.8628,959.49,0.3728156
959.8628,959.4902,0.3726423
959.8628,959.4904,0.372409
959.8628,959.4904,0.3723869
959.8628,959.4906,0.37224
959.8628,959.4906,0.3722264
959.8628,959.4906,0.372176
959.8628,959.4909,0.3718785
959.8628,959.4911,0.3716726
959.8628,959.4912,0.371634
959.8628,959.4912,0.3716339
959.8628,959.4912,0.3715632
959.8628,959.4912,0.3715624
959.8628,959.4913,0.3714867
959.8628,959.4913,0.3714648
959.8628,959.4915,0.3712979
959.8628,959.4917,0.3711455
959.8628,959.4917,0.3710772
959.8628,959.4917,0.3710636
959.8628,959.4919,0.3708811
959.8628,959.4921,0.370732
959.8628,959.4921,0.3707093
959.8628,959.4924,0.370427
959.8628,959.4925,0.3702728
959.8628,959.4926,0.3702167
959.8628,959.4926,0.3701893
959.8628,959.4926,0.3701778
959.8628,959.4927,0.3701305
959.8628,959.4928,0.3699524
959.8628,959.4929,0.3698728
959.8628,959.493,0.3698164
959.8628,959.493,0.3697756
959.8628,959.4931,0.3697249
959.8628,959.4931,0.3696627
959.8628,959.4931,0.3696503
959.8628,959.4932,0.3696271
959.8628,959.4932,0.3695704
959.8628,959.4933,0.3695174
959.8628,959.4933,0.3694842
959.8628,959.4933,0.3694572
959.8628,959.4934,0.369427
959.8628,959.4935,0.3693308
959.8628,959.4935,0.3692682
959.8628,959.4937,0.3691165
959.8628,959.4937,0.3690865
959.8628,959.4938,0.3689551
959.8628,959.4939,0.3688576
959.8628,959.494,0.3688044
959.8628,959.494,0.3687707
959.8628,959.494,0.3687512
959.8628,959.4941,0.3687392
959.8628,959.4941,0.3686985
959.8628,959.4941,0.3686593
959.8628,959.4942,0.3686007
959.8628,959.4942,0.3685651
959.8628,959.4943,0.3685406
959.8628,959.4943,0.3685333
959.8628,959.4945,0.3682971
959.8628,959.4945,0.3682899
959.8628,959.4946,0.3682099
959.8628,959.4947,0.3681363
959.8628,959.4947,0.3680775
959.8628,959.4947,0.3680638
959.8628,959.4948,0.3680262
959.8628,959.4948,0.3679719
959.8628,959.4949,0.3679153
959.8628,959.4949,0.3678963
959.8628,959.4949,0.3678832
959.8628,959.4949,0.3678576
959.8628,959.495,0.3678487
959.8628,959.495,0.3678011
959.8628,959.495,0.3677931
959.8628,959.495,0.3677655
959.8628,959.495,0.3677558
959.8628,959.4951,0.367743
959.8628,959.4951,0.3677413
959.8628,959.4951,0.3677201
959.8628,959.4952,0.3676065
959.8628,959.4953,0.3675297
959.8628,959.4953,0.3675157
959.8628,959.4953,0.3674672
959.8628,959.4953,0.3674516
959.8628,959.4954,0.3674405
959.8628,959.4955,0.3672855
959.8628,959.4956,0.367215
959.8628,959.4956,0.3671643
959.8628,959.4956,0.3671605
959.8628,959.4957,0.3671222
959.8628,959.4957,0.367083
959.8628,959.4958,0.3670301
959.8628,959.4958,0.366995
959.8628,959.4959,0.3668813
959.8628,959.4959,0.3668793
959.8628,959.496,0.3668205
959.8628,959.496,0.3668083
959.8628,959.4961,0.3666751
959.8628,959.4962,0.3666293
959.8628,959.4962,0.3666111
959.8628,959.4962,0.366603
959.8628,959.4962,0.3665903
959.8628,959.4963,0.3665488
959.8628,959.4963,0.3665256
959.8628,959.4963,0.3665243
959.8628,959.4963,0.3664897
959.8628,959.4964,0.3664468
959.8628,959.4964,0.366412
959.8628,959.4964,0.3663585
959.8628,959.4965,0.3663193
959.8628,959.4965,0.3662803
959.8628,959.4965,0.3662796
959.8628,959.4965,0.3662702
959.8628,959.4966,0.3662491
959.8628,959.4966,0.366241
959.8628,959.4966,0.3661521
959.8628,959.4967,0.3661312
959.8628,959.4967,0.3661015
959.8628,959.4968,0.3660143
959.8628,959.4968,0.3660001
959.8628,959.4968,0.3659811
959.8628,959.4968,0.3659571
959.8628,959.4969,0.3659398
959.8628,959.4969,0.3659295
959.8628,959.4969,0.3659272
959.8628,959.4969,0.3658525
959.8628,959.497,0.3658289
959.8628,959.4971,0.3657233
959.8628,959.4972,0.3655861
959.8628,959.4972,0.3655843
959.8628,959.4972,0.3655516
959.8628,959.4973,0.3654963
959.8628,959.4973,0.3654889
959.8628,959.4973,0.3654787
959.8628,959.4973,0.3654719
959.8628,959.4973,0.3654542
959.8628,959.4974,0.3654193
959.8628,959.4974,0.3653997
959.8628,959.4974,0.3653576
959.8628,959.4975,0.3653265
959.8628,959.4975,0.3652975
959.8628,959.4976,0.3652467
959.8628,959.4976,0.3652119
959.8628,959.4976,0.3651601
959.8628,959.4977,0.3651296
959.8628,959.4977,0.3650915
959.8628,959.4977,0.3650568
959.8628,959.4977,0.3650543
959.8628,959.4978,0.3649599
959.8628,959.4978,0.3649546
959.8628,959.4979,0.3649315
959.8628,959.4979,0.36488
959.8628,959.4982,0.364645
959.8628,959.4982,0.3646402
959.8628,959.4982,0.3646134
959.8628,959.4982,0.3645972
959.8628,959.4982,0.3645939
959.8628,959.4983,0.3645302
959.8628,959.4983,0.3645285
959.8628,959.4983,0.3645
959.8628,959.4983,0.3644828
959.8628,959.4983,0.3644541
959.8628,959.4984,0.3644445
959.8628,959.4984,0.3644248
959.8628,959.4984,0.3643864
959.8628,959.4984,0.3643634
959.8628,959.4985,0.364349
959.8628,959.4985,0.3643475
959.8628,959.4985,0.3643444
959.8628,959.4985,0.3643144
959.8628,959.4985,0.3643038
959.8628,959.4986,0.364215
959.8628,959.4986,0.3642073
959.8628,959.4986,0.3641876
959.8628,959.4986,0.364177
959.8628,959.4987,0.364139
959.8628,959.4987,0.3641053
959.8628,959.4987,0.3640917
959.8628,959.4987,0.3640558
959.8628,959.4988,0.3640414
959.8628,959.4988,0.3640227
959.8628,959.4988,0.3640109
959.8628,959.4988,0.3639942
959.8628,959.4988,0.3639616
959.8628,959.4988,0.3639596
959.8628,959.499,0.3638254
959.8628,959.499,0.3638012
959.8628,959.499,0.3637956
959.8628,959.499,0.3637731
959.8628,959.499,0.3637667
959.8628,959.4991,0.3637405
959.8628,959.4991,0.3636743
959.8628,959.4991,0.3636731
959.8628,959.4991,0.3636675
959.8628,959.4991,0.3636618
959.8628,959.4992,0.36365
959.8628,959.4992,0.3636183
959.8628,959.4992,0.3636164
959.8628,959.4992,0.363575
959.8628,959.4993,0.3634922
959.8628,959.4993,0.3634695
959.8628,959.4994,0.3634327
959.8628,959.4994,0.363399
959.8628,959.4994,0.363387
959.8628,959.4995,0.3633434
959.8628,959.4995,0.3633402
959.8628,959.4995,0.3633377
959.8628,959.4995,0.3633187
959.8628,959.4995,0.3633166
959.8628,959.4995,0.3632872
959.8628,959.4995,0.3632762
959.8628,959.4995,0.3632712
959.8628,959.4995,0.3632643
959.8628,959.4995,0.3632637
959.8628,959.4996,0.363237
959.8628,959.4996,0.3632357
959.8628,959.4996,0.363235
959.8628,959.4996,0.3632281
959.8628,959.4996,0.3632232
959.8628,959.4996,0.3632027
959.8628,959.4996,0.3631928
959.8628,959.4996,0.3631833
959.8628,959.4997,0.3630856
959.8628,959.4997,0.3630681
959.8628,959.4997,0.3630574
959.8628,959.4997,0.3630537
959.8628,959.4997,0.3630526
959.8628,959.4997,0.3630512
959.8628,959.4998,0.3630271
959.8628,959.4998,0.363009
959.8628,959.4998,0.3630046
959.8628,959.4998,0.363001
959.8628,959.4998,0.3629896
959.8628,959.4998,0.3629599
959.8628,959.4999,0.3628558
959.8628,959.5,0.3628225
959.8628,959.5,0.3627977
959.8628,959.5,0.3627555
959.8628,959.5,0.3627511
959.8628,959.5001,0.3627387
959.8628,959.5001,0.3627365
959.8628,959.5001,0.3627161
959.8628,959.5002,0.3626438
959.8628,959.5002,0.3626409
959.8628,959.5002,0.3626386
959.8628,959.5002,0.3626317
959.8628,959.5002,0.3626265
959.8628,959.5002,0.3626208
959.8628,959.5002,0.3625966
959.8628,959.5002,0.3625665
959.8628,959.5003,0.3625225
959.8628,959.5003,0.3625136
959.8628,959.5003,0.3624932
959.8628,959.5003,0.3624866
959.8628,959.5003,0.3624714
959.8628,959.5004,0.3624486
959.8628,959.5004,0.3624306
959.8628,959.5004,0.3624295
959.8628,959.5004,0.3624209
959.8628,959.5004,0.3624171
959.8628,959.5004,0.3623935
959.8628,959.5004,0.3623697
959.8628,959.5005,0.3623447
959.8628,959.5005,0.3623173
959.8628,959.5005,0.3623137
959.8628,959.5005,0.3622958
959.8628,959.5005,0.3622858
959.8628,959.5005,0.3622764
959.8628,959.5005,0.3622663
959.8628,959.5005,0.3622504
959.8628,959.5006,0.3622491
959.8628,959.5006,0.3622355
959.8628,959.5006,0.3622225
959.8628,959.5006,0.3622155
959.8628,959.5006,0.3622135
959.8628,959.5006,0.3621953
959.8628,959.5006,0.3621648
959.8628,959.5007,0.3621497
959.8628,959.5007,0.362137
959.8628,959.5007,0.3621032
959.8628,959.5007,0.3620996
959.8628,959.5007,0.3620978
959.8628,959.5007,0.3620608
959.8628,959.5007,0.3620606
959.8628,959.5007,0.3620547
959.8628,959.5008,0.3620485
959.8628,959.5008,0.3620125
959.8628,959.5008,0.3619979
959.8628,959.5008,0.3619922
959.8628,959.5008,0.3619547
959.8628,959.5009,0.3619473
959.8628,959.5009,0.3619234
959.8628,959.5009,0.3618935
959.8628,959.5009,0.3618654
959.8628,959.501,0.3618453
959.8628,959.501,0.3618358
959.8628,959.501,0.3618223
959.8628,959.5011,0.36174
959.8628,959.5011,0.3617328
959.8628,959.5011,0.3617234
959.8628,959.5011,0.3617144
959.8628,959.5011,0.361707
959.8628,959.5011,0.3616998
959.8628,959.5011,0.3616628
959.8628,959.5012,0.3616143
959.8628,959.5012,0.3616088
959.8628,959.5012,0.3615847
959.8628,959.5012,0.3615834
959.8628,959.5012,0.3615756
959.8628,959.5012,0.3615645
959.8628,959.5013,0.3615015
959.8628,959.5013,0.3614816
959.8628,959.5014,0.3614434
959.8628,959.5014,0.3614318
959.8628,959.5014,0.3614155
959.8628,959.5014,0.3613895
959.8628,959.5014,0.36137
959.8628,959.5015,0.361342
959.8628,959.5015,0.3613407
959.8628,959.5015,0.3613259
959.8628,959.5015,0.3612614
959.8628,959.5015,0.3612599
959.8628,959.5016,0.3611696
959.8628,959.5017,0.3610756
959.8628,959.5018,0.361028
959.8628,959.5018,0.3609955
959.8628,959.5018,0.3609809
959.8628,959.5019,0.3609301
959.8628,959.5019,0.3609278
959.8628,959.5019,0.3609154
959.8628,959.5019,0.360906
959.8628,959.5019,0.3608853
959.8628,959.5019,0.3608672
959.8628,959.502,0.3608289
959.8628,959.502,0.3608222
959.8628,959.502,0.3608019
959.8628,959.502,0.3607703
959.8628,959.5021,0.3607216
959.8628,959.5021,0.3607093
959.8628,959.5021,0.3606745
959.8628,959.5021,0.3606672
959.8628,959.5021,0.3606607
959.8628,959.5021,0.3606572
959.8628,959.5022,0.3606349
959.8628,959.5022,0.3606301
959.8628,959.5022,0.3606009
959.8628,959.5022,0.3605846
959.8628,959.5022,0.3605843
959.8628,959.5022,0.3605786
959.8628,959.5023,0.3605423
959.8628,959.5023,0.3605329
959.8628,959.5023,0.3604865
959.8628,959.5023,0.3604614
959.8628,959.5024,0.3604394
959.8628,959.5024,0.3604083
959.8628,959.5024,0.360405
959.8628,959.5024,0.3604013
959.8628,959.5024,0.3603978
959.8628,959.5024,0.3603899
959.8628,959.5024,0.3603699
959.8628,959.5024,0.3603607
959.8628,959.5025,0.3603111
959.8628,959.5025,0.3603099
959.8628,959.5025,0.3603035
959.8628,959.5026,0.3602494
959.8628,959.5026,0.3601903
959.8628,959.5026,0.360186
959.8628,959.5026,0.3601715
959.8628,959.5026,0.360165
959.8628,959.5026,0.3601613
959.8628,959.5026,0.3601557
959.8628,959.5026,0.3601504
959.8628,959.5027,0.3601429
959.8628,959.5027,0.360124
959.8628,959.5027,0.3600909
959.8628,959.5027,0.3600557
959.8628,959.5028,0.3600114
959.8628,959.5028,0.3599991
959.8628,959.5028,0.3599944
959.8628,959.5028,0.3599876
959.8628,959.5029,0.3599298
959.8628,959.5029,0.3599235
959.8628,959.5029,0.3599175
959.8628,959.5029,0.3598969
959.8628,959.5029,0.359882
959.8628,959.503,0.3598366
959.8628,959.503,0.3597593
959.8628,959.503,0.3597564
959.8628,959.5031,0.3597328
959.8628,959.5031,0.3597115
959.8628,959.5031,0.3596877
959.8628,959.5031,0.3596614
959.8628,959.5031,0.3596601
959.8628,959.5032,0.3596487
959.8628,959.5032,0.3596304
959.8628,959.5032,0.3595804
959.8628,959.5032,0.3595618
959.8628,959.5033,0.3594764
959.8628,959.5033,0.3594711
959.8628,959.5033,0.3594683
959.8628,959.5034,0.359448
959.8628,959.5034,0.3593801
959.8628,959.5034,0.3593801
959.8628,959.5034,0.3593758
959.8628,959.5034,0.3593645
959.8628,959.5035,0.3593255
959.8628,959.5035,0.3592857
959.8628,959.5035,0.359276
959.8628,959.5035,0.3592607
959.8628,959.5035,0.359257
959.8628,959.5035,0.3592538
959.8628,959.5036,0.3592441
959.8628,959.5036,0.3592405
959.8628,959.5036,0.3591987
959.8628,959.5037,0.3591376
959.8628,959.5037,0.3591366
959.8628,959.5037,0.3591246
959.8628,959.5037,0.3591188
959.8628,959.5037,0.3591011
959.8628,959.5037,0.3590845
959.8628,959.5038,0.3590103
959.8628,959.5038,0.3589937
959.8628,959.5038,0.3589905
959.8628,959.5038,0.3589757
959.8628,959.5038,0.3589729
959.8628,959.5038,0.3589727
959.8628,959.5039,0.3589386
959.8628,959.5039,0.3589383
959.8628,959.5039,0.3589379
959.8628,959.5039,0.3589214
959.8628,959.5039,0.3589113
959.8628,959.5039,0.3589034
959.8628,959.5039,0.3589014
959.8628,959.5039,0.3588951
959.8628,959.5039,0.3588929
959.8628,959.5039,0.3588928
959.8628,959.504,0.3588282
959.8628,959.504,0.3588196
959.8628,959.504,0.3588041
959.8628,959.504,0.3587999
959.8628,959.504,0.3587655
959.8628,959.504,0.3587653
959.8628,959.504,0.3587615
959.8628,959.504,0.3587612
959.8628,959.5041,0.3587462
959.8628,959.5041,0.3587109
959.8628,959.5041,0.358708
959.8628,959.5041,0.3586995
959.8628,959.5041,0.3586833
959.8628,959.5042,0.3586303
959.8628,959.5042,0.3586204
959.8628,959.5042,0.3585563
959.8628,959.5043,0.3585063
959.8628,959.5043,0.3584945
959.8628,959.5043,0.3584918
959.8628,959.5043,0.3584808
959.8628,959.5043,0.3584663
959.8628,959.5044,0.3584098
959.8628,959.5044,0.358386
959.8628,959.5044,0.3583845
959.8628,959.5045,0.3582978
959.8628,959.5045,0.3582802
959.8628,959.5045,0.3582509
959.8628,959.5046,0.3582347
959.8628,959.5046,0.3581752
959.8628,959.5047,0.3581288
959.8628,959.5047,0.3581194
959.8628,959.5048,0.3580485
959.8628,959.5048,0.3579504
959.8628,959.5049,0.3579341
959.8628,959.5049,0.3579163
959.8628,959.5049,0.3578511
959.8628,959.505,0.357845
959.8628,959.505,0.357844
959.8628,959.505,0.3578036
959.8628,959.5051,0.3577379
959.8628,959.5051,0.3576584
959.8628,959.5052,0.3576355
959.8628,959.5052,0.3575547
959.8628,959.5053,0.3575405
959.8628,959.5053,0.3574939
959.8628,959.5053,0.3574802
959.8628,959.5054,0.357443
959.8628,959.5054,0.3574247
959.8628,959.5054,0.3573701
959.8628,959.5055,0.3573235
959.8628,959.5055,0.3572827
959.8628,959.5055,0.3572524
959.8628,959.5056,0.3572065
959.8628,959.5057,0.3571374
959.8628,959.5057,0.3571283
959.8628,959.5057,0.3571086
959.8628,959.5057,0.3570533
959.8628,959.5058,0.3569766
959.8628,959.5059,0.3569291
959.8628,959.5059,0.3569055
959.8628,959.5059,0.3568735
959.8628,959.506,0.35676
959.8628,959.5061,0.3567387
959.8628,959.5061,0.3566612
959.8628,959.5062,0.3566213
959.8628,959.5062,0.3566167
959.8628,959.5063,0.3564681
959.8628,959.5064,0.3564368
959.8628,959.5064,0.3564198
959.8628,959.5064,0.3563964
959.8628,959.5065,0.3563326
959.8628,959.5065,0.3563256
959.8628,959.5065,0.3563056
959.8628,959.5066,0.3562357
959.8628,959.5066,0.3561894
959.8628,959.5067,0.3560538
959.8628,959.5067,0.3560503
959.8628,959.5068,0.3559663
959.8628,959.5069,0.3558652
959.8628,959.5069,0.3558562
959.8628,959.507,0.3558377
959.8628,959.507,0.35576
959.8628,959.5071,0.3557309
959.8628,959.5071,0.3556814
959.8628,959.5071,0.3556612
959.8628,959.5072,0.3556048
959.8628,959.5072,0.3555723
959.8628,959.5073,0.3555157
959.8628,959.5073,0.3554803
959.8628,959.5073,0.3554629
959.8628,959.5074,0.3554038
959.8628,959.5076,0.3551611
959.8628,959.5078,0.3550367
959.8628,959.5078,0.3550233
959.8628,959.508,0.3547673
959.8628,959.508,0.3547617
959.8628,959.5081,0.3546747
959.8628,959.5083,0.354525
959.8628,959.5084,0.354361
959.8628,959.5085,0.3543267
959.8628,959.5085,0.3542872
959.8628,959.5086,0.3542382
959.8628,959.5086,0.3542257
959.8628,959.5086,0.3541562
959.8628,959.5086,0.3541557
959.8628,959.5087,0.3541017
959.8628,959.5087,0.3540916
959.8628,959.5087,0.3540814
959.8628,959.5087,0.3540661
959.8628,959.5087,0.3540612
959.8628,959.5088,0.3539778
959.8628,959.5088,0.3539665
959.8628,959.5089,0.353862
959.8628,959.509,0.3537587
959.8628,959.5091,0.3537022
959.8628,959.5091,0.3536668
959.8628,959.5091,0.3536588
959.8628,959.5093,0.3535339
959.8628,959.5094,0.3534389
959.8628,959.5095,0.3533101
959.8628,959.5095,0.3532781
959.8628,959.5096,0.3532289
959.8628,959.5096,0.3531535
959.8628,959.5097,0.3530684
959.8628,959.5097,0.3530601
959.8628,959.5098,0.3530218
959.8628,959.5098,0.3529974
959.8628,959.5098,0.3529827
959.8628,959.5099,0.3528708
959.8628,959.51,0.3528234
959.8628,959.51,0.3527727
959.8628,959.5101,0.3527479
959.8628,959.5101,0.3526726
959.8628,959.5102,0.3526023
959.8628,959.5103,0.3525118
959.8628,959.5103,0.3524989
959.8628,959.5103,0.3524822
959.8628,959.5103,0.3524649
959.8628,959.5104,0.3524397
959.8628,959.5104,0.3524272
959.8628,959.5104,0.3524238
959.8628,959.5104,0.3524205
959.8628,959.5104,0.3524084
959.8628,959.5105,0.3523313
959.8628,959.5105,0.352304
959.8628,959.5105,0.3522554
959.8628,959.5106,0.3521654
959.8628,959.5107,0.3521439
959.8628,959.5107,0.3521112
959.8628,959.5107,0.3521033
959.8628,959.5107,0.3520781
959.8628,959.5107,0.3520517
959.8628,959.5108,0.3519702
959.8628,959.5109,0.3518841
959.8628,959.5111,0.3517003
959.8628,959.5111,0.3516902
959.8628,959.5112,0.3516202
959.8628,959.5112,0.3516187
959.8628,959.5112,0.351604
959.8628,959.5112,0.3515744
959.8628,959.5112,0.3515709
959.8628,959.5113,0.3515232
959.8628,959.5113,0.3514577
959.8628,959.5114,0.3514151
959.8628,959.5115,0.3513158
959.8628,959.5116,0.3512275
959.8628,959.5118,0.3510468
959.8628,959.5118,0.350996
959.8628,959.5119,0.3509404
959.8628,959.5119,0.3509048
959.8628,959.5119,0.3508829
959.8628,959.5119,0.3508541
959.8628,959.512,0.3508233
959.8628,959.5121,0.3507396
959.8628,959.5121,0.3507267
959.8628,959.5121,0.350703
959.8628,959.5121,0.3506709
959.8628,959.5122,0.3506236
959.8628,959.5122,0.3506222
959.8628,959.5123,0.3505458
959.8628,959.5123,0.3505322
959.8628,959.5123,0.3504613
959.8628,959.5123,0.3504562
959.8628,959.5124,0.3503812
959.8628,959.5124,0.3503658
959.8628,959.5124,0.350363
959.8628,959.5125,0.3503371
959.8628,959.5125,0.3503142
959.8628,959.5125,0.3502869
959.8628,959.5125,0.3502574
959.8628,959.5126,0.3501605
959.8628,959.5127,0.3500878
959.8628,959.5128,0.3499804
959.8628,959.5129,0.3499217
959.8628,959.5129,0.3499109
959.8628,959.5129,0.3499088
959.8628,959.5129,0.3498786
959.8628,959.5129,0.3498769
959.8628,959.513,0.3498139
959.8628,959.513,0.3498083
959.8628,959.5131,0.3497156
959.8628,959.5132,0.3495868
959.8628,959.5132,0.3495735
959.8628,959.5133,0.3495299
959.8628,959.5133,0.3494568
959.8628,959.5134,0.3494439
959.8628,959.5134,0.3494192
959.8628,959.5134,0.3494106
959.8628,959.5135,0.3493213
959.8628,959.5135,0.3493149
959.8628,959.5135,0.3492584
959.8628,959.5136,0.3491911
959.8628,959.5137,0.3490515
959.8628,959.5138,0.3489841
959.8628,959.5139,0.3489325
959.8628,959.514,0.3487643
959.8628,959.5142,0.3486458
959.8628,959.5143,0.3485456
959.8628,959.5143,0.3484526
959.8628,959.5146,0.3482019
959.8628,959.515,0.3478121
959.8628,959.5151,0.3477192
959.8628,959.5153,0.3474688
959.8628,959.5155,0.3472868
959.8628,959.5157,0.3471155
959.8628,959.5176,0.3451644
959.8628,959.5184,0.3444414
959.8628,959.5204,0.3424406
959.8628,959.5211,0.3417187
959.8628,959.5213,0.3415217
959.8628,959.5226,0.3401568
959.8628,959.527,0.3358332
959.8628,959.5278,0.3350346
959.8628,959.5281,0.3347381
959.8628,959.5283,0.3345093
959.8628,959.529,0.3338003
959.8628,959.5293,0.3335493
959.8628,959.5296,0.3332485
959.8628,959.5306,0.3321821
959.8628,959.5308,0.3319624
959.8628,959.5312,0.331643
959.8628,959.5312,0.3316153
959.8628,959.5312,0.3315556
959.8628,959.5314,0.3314001
959.8628,959.5314,0.3313648
959.8628,959.5319,0.330867
959.8628,959.5322,0.330578
959.8628,959.5324,0.3304331
959.8628,959.5328,0.3299816
959.8628,959.5333,0.3295143
959.8628,959.5333,0.329463
959.8628,959.5339,0.3289258
959.8628,959.5343,0.3285485
959.8628,959.5366,0.326239
959.8628,959.5386,0.324167
959.8628,959.539,0.323839
959.8628,959.5391,0.3236983
959.8628,959.5393,0.3235361
959.8628,959.5395,0.3233121
959.8628,959.5396,0.3232176
959.8628,959.5396,0.3231932
959.8628,959.5399,0.3228977
959.8628,959.5401,0.3226872
959.8628,959.5402,0.3226352
959.8628,959.5403,0.3225055
959.8628,959.5403,0.3224967
959.8628,959.5404,0.3223816
959.8628,959.5406,0.3222153
959.8628,959.5408,0.3219931
959.8628,959.541,0.3218441
959.8628,959.5411,0.3216853
959.8628,959.5413,0.3215227
959.8628,959.5414,0.3213621
959.8628,959.5417,0.3210741
959.8628,959.5418,0.3210375
959.8628,959.5418,0.3209871
959.8628,959.5418,0.3209621
959.8628,959.542,0.3208439
959.8628,959.5421,0.3206824
959.8628,959.5421,0.3206605
959.8628,959.5422,0.3206033
959.8628,959.5422,0.3205687
959.8628,959.5424,0.3203912
959.8628,959.5424,0.3203845
959.8628,959.5428,0.3200158
959.8628,959.5431,0.3196608
959.8628,959.5432,0.3195828
959.8628,959.5437,0.3190547
959.8628,959.5443,0.3184852
959.8628,959.5459,0.3169403
959.8628,959.591,0.2718022
959.8628,959.616,0.2467819
959.8628,959.6214,0.2414343
959.8628,959.6369,0.2258745
959.8628,959.6424,0.2203852
959.8628,959.6427,0.2201436
959.8628,959.6435,0.2193464
959.8628,959.6442,0.218646
959.8628,959.6445,0.2183448
959.8628,959.6461,0.2167162
959.8628,959.6464,0.2164156
959.8628,959.6464,0.216368
959.8628,959.6468,0.2160053
959.8628,959.6469,0.2159093
959.8628,959.6474,0.2153598
959.8628,959.6477,0.2150632
959.8628,959.6484,0.2143508
959.8628,959.6486,0.2142245
959.8628,959.6486,0.2142161
959.8628,959.6486,0.2141611
959.8628,959.6491,0.21366
959.8628,959.6493,0.2134526
959.8628,959.6497,0.2130537
959.8628,959.6499,0.2128803
959.8628,959.6502,0.2126149
959.8628,959.6503,0.2125482
959.8628,959.6507,0.2121015
959.8628,959.6514,0.2114303
959.8628,959.6518,0.2110285
959.8628,959.6523,0.2105293
959.8628,959.6529,0.2099277
959.8628,959.6532,0.2096058
959.8628,959.6534,0.2093532
959.8628,959.654,0.2087652
959.8628,959.6541,0.2087275
959.8628,959.6541,0.208708
959.8628,959.6546,0.2082444
959.8628,959.6548,0.2080119
959.8628,959.655,0.207776
959.8628,959.6552,0.2076415
959.8628,959.6554,0.207378
959.8628,959.6559,0.2069326
959.8628,959.6562,0.2065548
959.8628,959.6563,0.2065452
959.8628,959.6576,0.2051924
959.8628,959.6579,0.2048738
959.8628,959.6579,0.2048544
959.8628,959.659,0.2037673
959.8628,959.6598,0.2029596
959.8628,959.6617,0.2010725
959.8628,959.662,0.200752
959.8628,959.6628,0.1999817
959.8628,959.6651,0.1977488
959.8628,959.6678,0.195004
959.8628,959.6697,0.1930898
959.8628,959.6697,0.1930549
959.8628,959.676,0.1867838
959.8628,959.679,0.1838443
959.8628,959.6809,0.1819114
959.8628,959.6812,0.1816331
959.8628,959.6838,0.1790386
959.8628,959.6875,0.1752556
959.8628,959.6891,0.1737059
959.8628,959.6904,0.1724248
959.8628,959.6989,0.163947
959.8628,959.7089,0.1539428
959.8628,959.7135,0.1493398
959.8628,959.7191,0.1437495
959.8628,959.7216,0.1411763
959.8628,959.737,0.1258481
959.8628,959.7394,0.1233515
959.8628,959.7461,0.1167209
959.8628,959.7467,0.116146
959.8628,959.7468,0.1159904
959.8628,959.7477,0.1151083
959.8628,959.7486,0.114214
959.8628,959.7488,0.1139561
959.8628,959.7491,0.1136776
959.8628,959.7506,0.1121835
959.8628,959.7508,0.1120447
959.8628,959.7509,0.1119423
959.8628,959.7515,0.111317
959.8628,959.7517,0.1111158
959.8628,959.7525,0.1103104
959.8628,959.7533,0.1094827
959.8628,959.7539,0.1089169
959.8628,959.754,0.108767
959.8628,959.7545,0.1082577
959.8628,959.7546,0.1082254
959.8628,959.7549,0.1078694
959.8628,959.7552,0.1076098
959.8628,959.7554,0.1073677
959.8628,959.7558,0.1070267
959.8628,959.7558,0.1070129
959.8628,959.7565,0.1062659
959.8628,959.7568,0.1059717
959.8628,959.757,0.1057944
959.8628,959.7575,0.1053353
959.8628,959.7576,0.1052181
959.8628,959.7578,0.1050238
959.8628,959.7579,0.1049404
959.8628,959.758,0.1047562
959.8628,959.7582,0.1046325
959.8628,959.7582,0.1045785
959.8628,959.7583,0.1045022
959.8628,959.7585,0.1042539
959.8628,959.7586,0.1041723
959.8628,959.7587,0.1041302
959.8628,959.7587,0.1040794
959.8628,959.7588,0.1040326
959.8628,959.7588,0.103967
959.8628,959.7588,0.1039653
959.8628,959.7589,0.1038824
959.8628,959.7589,0.1038696
959.8628,959.7594,0.1033974
959.8628,959.7599,0.1029463
959.8628,959.7602,0.1026327
959.8628,959.7605,0.1023473
959.8628,959.7605,0.1023205
959.8628,959.7607,0.1021117
959.8628,959.7609,0.1018545
959.8628,959.7617,0.101141
959.8628,959.7618,0.1009981
959.8628,959.7618,0.1009838
959.8628,959.762,0.1008354
959.8628,959.7623,0.1005091
959.8628,959.7624,0.100417
959.8628,959.7627,0.1000707
959.8628,959.9628,-0.1000008
959.8628,959.9628,-0.1000017
959.8628,959.9628,-0.1000047
959.8628,959.9628,-0.1000059
959.8628,959.9628,-0.1000063
959.8628,959.9628,-0.1000065
959.8628,959.9628,-0.1000089
959.8628,959.9628,-0.1000104
959.8628,959.9628,-0.1000129
959.8628,959.9628,-0.1000139
959.8628,959.9628,-0.1000176
959.8628,959.9628,-0.1000181
959.8628,959.9628,-0.1000183
959.8628,959.9628,-0.100019
959.8628,959.9628,-0.1000195
959.8628,959.9628,-0.1000213
959.8628,959.9628,-0.1000254
959.8628,959.9628,-0.1000288
959.8628,959.9628,-0.1000288
959.8628,959.9628,-0.1000296
959.8628,959.9628,-0.1000314
959.8628,959.9628,-0.1000379
959.8628,959.9628,-0.100039
959.8628,959.9628,-0.1000393
959.8628,959.9628,-0.1000427
959.8628,959.9628,-0.1000436
959.8628,959.9628,-0.1000446
959.8628,959.9628,-0.1000449
959.8628,959.9628,-0.1000478
959.8628,959.9628,-0.1000481
959.8628,959.9629,-0.1000514
959.8628,959.9629,-0.1000537
959.8628,959.9629,-0.1000598
959.8628,959.9629,-0.1000618
959.8628,959.9629,-0.1000649
959.8628,959.9629,-0.1000656
959.8628,959.9629,-0.1000683
959.8628,959.9629,-0.1000684
959.8628,959.9629,-0.1000719
959.8628,959.9629,-0.1000757
959.8628,959.9629,-0.1000759
959.8628,959.9629,-0.100076
959.8628,959.9629,-0.1000773
959.8628,959.9629,-0.1000809
959.8628,959.9629,-0.1000834
959.8628,959.9629,-0.1000844
959.8628,959.9629,-0.1000852
959.8628,959.9629,-0.1000866
959.8628,959.9629,-0.1000884
959.8628,959.9629,-0.1000889
959.8628,959.9629,-0.1000955
959.8628,959.9629,-0.1000959
959.8628,959.9629,-0.1000969
959.8628,959.9629,-0.1000978
959.8628,959.9629,-0.1000989
959.8628,959.9629,-0.1001001
959.8628,959.9629,-0.1001008
959.8628,959.9629,-0.1001025
959.8628,959.9629,-0.1001027
959.8628,959.9629,-0.1001047
959.8628,959.9629,-0.1001058
959.8628,959.9629,-0.1001063
959.8628,959.9629,-0.100107
959.8628,959.9629,-0.1001073
959.8628,959.9629,-0.1001085
959.8628,959.9629,-0.1001118
959.8628,959.9629,-0.1001119
959.8628,959.9629,-0.1001125
959.8628,959.9629,-0.1001178
959.8628,959.9629,-0.100119
959.8628,959.9629,-0.1001245
959.8628,959.9629,-0.1001255
959.8628,959.9629,-0.1001256
959.8628,959.9629,-0.1001284
959.8628,959.9629,-0.1001321
959.8628,959.9629,-0.1001323
959.8628,959.9629,-0.1001328
959.8628,959.9629,-0.1001367
959.8628,959.9629,-0.1001378
959.8628,959.9629,-0.1001392
959.8628,959.9629,-0.100143
959.8628,959.9629,-0.100143
959.8628,959.9629,-0.1001445
959.8628,959.9629,-0.1001455
959.8628,959.9629,-0.1001463
959.8628,959.9629,-0.1001467
959.8628,959.9629,-0.1001498
959.8628,959.963,-0.1001508
959.8628,959.963,-0.1001544
959.8628,959.963,-0.100156
959.8628,959.963,-0.1001579
959.8628,959.963,-0.1001587
959.8628,959.963,-0.1001604
959.8628,959.963,-0.100161
959.8628,959.963,-0.1001622
959.8628,959.963,-0.1001644
959.8628,959.963,-0.1001686
959.8628,959.963,-0.1001704
959.8628,959.963,-0.1001718
959.8628,959.963,-0.1001751
959.8628,959.963,-0.1001753
959.8628,959.963,-0.1001765
959.8628,959.963,-0.1001778
959.8628,959.963,-0.1001784
959.8628,959.963,-0.1001813
959.8628,959.963,-0.1001813
959.8628,959.963,-0.1001834
959.8628,959.963,-0.1001861
959.8628,959.963,-0.1001871
959.8628,959.963,-0.1001886
959.8628,959.963,-0.1001888
959.8628,959.963,-0.100189
959.8628,959.963,-0.1001904
959.8628,959.963,-0.1001907
959.8628,959.963,-0.1001932
959.8628,959.963,-0.1001934
959.8628,959.963,-0.1001943
959.8628,959.963,-0.1001964
959.8628,959.963,-0.1001967
959.8628,959.963,-0.1001968
959.8628,959.963,-0.1001973
959.8628,959.963,-0.1002001
959.8628,959.963,-0.1002031
959.8628,959.963,-0.1002043
959.8628,959.963,-0.1002098
959.8628,959.963,-0.1002118
959.8628,959.963,-0.1002143
959.8628,959.963,-0.1002152
959.8628,959.963,-0.1002153
959.8628,959.963,-0.1002165
959.8628,959.963,-0.100217
959.8628,959.963,-0.1002184
959.8628,959.963,-0.1002189
959.8628,959.963,-0.1002192
959.8628,959.963,-0.1002212
959.8628,959.963,-0.1002244
959.8628,959.963,-0.1002264
959.8628,959.963,-0.1002302
959.8628,959.963,-0.1002319
959.8628,959.963,-0.1002347
959.8628,959.963,-0.1002351
959.8628,959.963,-0.1002384
959.8628,959.963,-0.1002406
959.8628,959.963,-0.1002406
959.8628,959.963,-0.1002435
959.8628,959.963,-0.1002435
959.8628,959.963,-0.1002455
959.8628,959.963,-0.1002457
959.8628,959.963,-0.1002459
959.8628,959.963,-0.1002463
959.8628,959.963,-0.1002469
959.8628,959.9631,-0.1002525
959.8628,959.9631,-0.1002526
959.8628,959.9631,-0.1002527
959.8628,959.9631,-0.1002535
959.8628,959.9631,-0.1002574
959.8628,959.9631,-0.1002579
959.8628,959.9631,-0.1002609
959.8628,959.9631,-0.1002612
959.8628,959.9631,-0.1002613
959.8628,959.9631,-0.1002647
959.8628,959.9631,-0.100265
959.8628,959.9631,-0.1002653
959.8628,959.9631,-0.100267
959.8628,959.9631,-0.1002676
959.8628,959.9631,-0.1002685
959.8628,959.9631,-0.1002688
959.8628,959.9631,-0.1002703
959.8628,959.9631,-0.1002708
959.8628,959.9631,-0.1002711
959.8628,959.9631,-0.1002716
959.8628,959.9631,-0.1002729
959.8628,959.9631,-0.1002743
959.8628,959.9631,-0.1002752
959.8628,959.9631,-0.1002766
959.8628,959.9631,-0.1002785
959.8628,959.9631,-0.1002805
959.8628,959.9631,-0.1002824
959.8628,959.9631,-0.1002897
959.8628,959.9631,-0.1002906
959.8628,959.9631,-0.1002911
959.8628,959.9631,-0.1002943
959.8628,959.9631,-0.1003003
959.8628,959.9631,-0.1003007
959.8628,959.9631,-0.1003011
959.8628,959.9631,-0.1003014
959.8628,959.9631,-0.1003021
959.8628,959.9631,-0.1003031
959.8628,959.9631,-0.1003042
959.8628,959.9631,-0.1003069
959.8628,959.9631,-0.1003085
959.8628,959.9631,-0.1003092
959.8628,959.9631,-0.1003101
959.8628,959.9631,-0.1003106
959.8628,959.9631,-0.1003111
959.8628,959.9631,-0.1003125
959.8628,959.9631,-0.1003129
959.8628,959.9631,-0.1003132
959.8628,959.9631,-0.1003171
959.8628,959.9631,-0.1003171
959.8628,959.9631,-0.1003199
959.8628,959.9631,-0.1003233
959.8628,959.9631,-0.100324
959.8628,959.9631,-0.1003269
959.8628,959.9631,-0.100328
959.8628,959.9631,-0.1003304
959.8628,959.9631,-0.100331
959.8628,959.9631,-0.1003313
959.8628,959.9631,-0.1003329
959.8628,959.9631,-0.100333
959.8628,959.9631,-0.1003335
959.8628,959.9631,-0.1003339
959.8628,959.9631,-0.1003341
959.8628,959.9631,-0.100335
959.8628,959.9631,-0.1003361
959.8628,959.9631,-0.1003373
959.8628,959.9631,-0.1003405
959.8628,959.9631,-0.100344
959.8628,959.9631,-0.1003467
959.8628,959.9632,-0.1003522
959.8628,959.9632,-0.1003525
959.8628,959.9632,-0.1003535
959.8628,959.9632,-0.1003538
959.8628,959.9632,-0.100354
959.8628,959.9632,-0.1003543
959.8628,959.9632,-0.1003547
959.8628,959.9632,-0.1003549
959.8628,959.9632,-0.1003571
959.8628,959.9632,-0.1003579
959.8628,959.9632,-0.10036
959.8628,959.9632,-0.1003604
959.8628,959.9632,-0.1003618
959.8628,959.9632,-0.1003621
959.8628,959.9632,-0.1003626
959.8628,959.9632,-0.1003628
959.8628,959.9632,-0.1003643
959.8628,959.9632,-0.1003645
959.8628,959.9632,-0.1003653
959.8628,959.9632,-0.1003657
959.8628,959.9632,-0.1003685
959.8628,959.9632,-0.1003708
959.8628,959.9632,-0.1003715
959.8628,959.9632,-0.1003733
959.8628,959.9632,-0.1003766
959.8628,959.9632,-0.1003789
959.8628,959.9632,-0.1003794
959.8628,959.9632,-0.1003796
959.8628,959.9632,-0.1003818
959.8628,959.9632,-0.1003857
959.8628,959.9632,-0.1003865
959.8628,959.9632,-0.100388
959.8628,959.9632,-0.1003883
959.8628,959.9632,-0.1003888
959.8628,959.9632,-0.1003898
959.8628,959.9632,-0.1003904
959.8628,959.9632,-0.1003907
959.8628,959.9632,-0.1003912
959.8628,959.9632,-0.100393
959.8628,959.9632,-0.1003932
959.8628,959.9632,-0.1003946
959.8628,959.9632,-0.100396
959.8628,959.9632,-0.1003964
959.8628,959.9632,-0.1004009
959.8628,959.9632,-0.1004019
959.8628,959.9632,-0.1004052
959.8628,959.9632,-0.1004065
959.8628,959.9632,-0.1004075
959.8628,959.9632,-0.1004087
959.8628,959.9632,-0.1004107
959.8628,959.9632,-0.1004135
959.8628,959.9632,-0.1004142
959.8628,959.9632,-0.1004158
959.8628,959.9632,-0.1004158
959.8628,959.9632,-0.1004164
959.8628,959.9632,-0.1004175
959.8628,959.9632,-0.1004183
959.8628,959.9632,-0.1004207
959.8628,959.9632,-0.1004223
959.8628,959.9632,-0.1004232
959.8628,959.9632,-0.1004248
959.8628,959.9632,-0.1004252
959.8628,959.9632,-0.1004259
959.8628,959.9632,-0.1004262
959.8628,959.9632,-0.1004268
959.8628,959.9632,-0.1004273
959.8628,959.9632,-0.1004339
959.8628,959.9632,-0.1004366
959.8628,959.9632,-0.1004409
959.8628,959.9632,-0.1004441
959.8628,959.9632,-0.1004475
959.8628,959.9632,-0.1004484
959.8628,959.9632,-0.1004491
959.8628,959.9632,-0.1004493
959.8628,959.9633,-0.1004507
959.8628,959.9633,-0.100451
959.8628,959.9633,-0.1004516
959.8628,959.9633,-0.1004529
959.8628,959.9633,-0.1004538
959.8628,959.9633,-0.100457
959.8628,959.9633,-0.1004578
959.8628,959.9633,-0.1004589
959.8628,959.9633,-0.1004591
959.8628,959.9633,-0.1004595
959.8628,959.9633,-0.1004619
959.8628,959.9633,-0.1004636
959.8628,959.9633,-0.1004657
959.8628,959.9633,-0.1004671
959.8628,959.9633,-0.1004712
959.8628,959.9633,-0.1004723
959.8628,959.9633,-0.1004739
959.8628,959.9633,-0.100477
959.8628,959.9633,-0.1004785
959.8628,959.9633,-0.1004786
959.8628,959.9633,-0.1004791
959.8628,959.9633,-0.1004791
959.8628,959.9633,-0.1004795
959.8628,959.9633,-0.1004801
959.8628,959.9633,-0.1004807
959.8628,959.9633,-0.1004825
959.8628,959.9633,-0.1004861
959.8628,959.9633,-0.1004867
959.8628,959.9633,-0.1004892
959.8628,959.9633,-0.1004899
959.8628,959.9633,-0.1004912
959.8628,959.9633,-0.1004931
959.8628,959.9633,-0.1004944
959.8628,959.9633,-0.1004965
959.8628,959.9633,-0.1004969
959.8628,959.9633,-0.1005017
959.8628,959.9633,-0.1005028
959.8628,959.9633,-0.1005029
959.8628,959.9633,-0.1005031
959.8628,959.9633,-0.100504
959.8628,959.9633,-0.1005047
959.8628,959.9633,-0.1005056
959.8628,959.9633,-0.1005064
959.8628,959.9633,-0.1005068
959.8628,959.9633,-0.1005094
959.8628,959.9633,-0.1005096
959.8628,959.9633,-0.1005103
959.8628,959.9633,-0.1005107
959.8628,959.9633,-0.1005117
959.8628,959.9633,-0.1005123
959.8628,959.9633,-0.1005143
959.8628,959.9633,-0.1005144
959.8628,959.9633,-0.1005159
959.8628,959.9633,-0.1005161
959.8628,959.9633,-0.1005161
959.8628,959.9633,-0.1005191
959.8628,959.9633,-0.1005209
959.8628,959.9633,-0.1005222
959.8628,959.9633,-0.1005223
959.8628,959.9633,-0.1005265
959.8628,959.9633,-0.1005289
959.8628,959.9633,-0.100529
959.8628,959.9633,-0.1005336
959.8628,959.9633,-0.1005353
959.8628,959.9633,-0.1005362
959.8628,959.9633,-0.1005362
959.8628,959.9633,-0.1005369
959.8628,959.9633,-0.100537
959.8628,959.9633,-0.1005371
959.8628,959.9633,-0.1005383
959.8628,959.9633,-0.1005391
959.8628,959.9633,-0.1005392
959.8628,959.9633,-0.1005405
959.8628,959.9633,-0.1005429
959.8628,959.9633,-0.1005438
959.8628,959.9633,-0.1005447
959.8628,959.9633,-0.1005468
959.8628,959.9633,-0.1005473
959.8628,959.9633,-0.1005485
959.8628,959.9633,-0.1005486
959.8628,959.9633,-0.1005493
959.8628,959.9633,-0.1005495
959.8628,959.9634,-0.1005507
959.8628,959.9634,-0.1005507
959.8628,959.9634,-0.1005512
959.8628,959.9634,-0.1005525
959.8628,959.9634,-0.1005526
959.8628,959.9634,-0.1005548
959.8628,959.9634,-0.1005556
959.8628,959.9634,-0.1005571
959.8628,959.9634,-0.1005573
959.8628,959.9634,-0.1005626
959.8628,959.9634,-0.1005636
959.8628,959.9634,-0.1005636
959.8628,959.9634,-0.1005658
959.8628,959.9634,-0.1005658
959.8628,959.9634,-0.1005671
959.8628,959.9634,-0.1005676
959.8628,959.9634,-0.1005686
959.8628,959.9634,-0.1005698
959.8628,959.9634,-0.1005715
959.8628,959.9634,-0.1005717
959.8628,959.9634,-0.1005732
959.8628,959.9634,-0.1005768
959.8628,959.9634,-0.1005792
959.8628,959.9634,-0.1005811
959.8628,959.9634,-0.1005817
959.8628,959.9634,-0.100584
959.8628,959.9634,-0.1005848
959.8628,959.9634,-0.1005854
959.8628,959.9634,-0.1005854
959.8628,959.9634,-0.1005857
959.8628,959.9634,-0.1005883
959.8628,959.9634,-0.1005909
959.8628,959.9634,-0.1005928
959.8628,959.9634,-0.1005947
959.8628,959.9634,-0.1005966
959.8628,959.9634,-0.1005988
959.8628,959.9634,-0.1006001
959.8628,959.9634,-0.1006001
959.8628,959.9634,-0.1006007
959.8628,959.9634,-0.100601
959.8628,959.9634,-0.1006036
959.8628,959.9634,-0.1006044
959.8628,959.9634,-0.1006047
959.8628,959.9634,-0.1006056
959.8628,959.9634,-0.1006068
959.8628,959.9634,-0.1006081
959.8628,959.9634,-0.100609
959.8628,959.9634,-0.1006096
959.8628,959.9634,-0.10061
959.8628,959.9634,-0.100611
959.8628,959.9634,-0.1006121
959.8628,959.9634,-0.100613
959.8628,959.9634,-0.1006139
959.8628,959.9634,-0.1006148
959.8628,959.9634,-0.100615
959.8628,959.9634,-0.1006151
959.8628,959.9634,-0.1006154
959.8628,959.9634,-0.1006165
959.8628,959.9634,-0.1006174
959.8628,959.9634,-0.1006182
959.8628,959.9634,-0.1006201
959.8628,959.9634,-0.1006209
959.8628,959.9634,-0.1006217
959.8628,959.9634,-0.1006255
959.8628,959.9634,-0.1006265
959.8628,959.9634,-0.100628
959.8628,959.9634,-0.1006285
959.8628,959.9634,-0.1006297
959.8628,959.9634,-0.1006298
959.8628,959.9634,-0.1006307
959.8628,959.9634,-0.1006332
959.8628,959.9634,-0.1006341
959.8628,959.9634,-0.1006346
959.8628,959.9634,-0.1006358
959.8628,959.9634,-0.1006372
959.8628,959.9634,-0.1006377
959.8628,959.9634,-0.1006384
959.8628,959.9634,-0.1006405
959.8628,959.9634,-0.100641
959.8628,959.9634,-0.1006418
959.8628,959.9634,-0.1006433
959.8628,959.9634,-0.1006438
959.8628,959.9634,-0.1006438
959.8628,959.9634,-0.1006451
959.8628,959.9634,-0.1006458
959.8628,959.9634,-0.1006477
959.8628,959.9634,-0.1006487
959.8628,959.9634,-0.1006488
959.8628,959.9634,-0.10065
959.8628,959.9635,-0.1006511
959.8628,959.9635,-0.1006525
959.8628,959.9635,-0.1006551
959.8628,959.9635,-0.1006561
959.8628,959.9635,-0.1006566
959.8628,959.9635,-0.1006575
959.8628,959.9635,-0.1006588
959.8628,959.9635,-0.1006596
959.8628,959.9635,-0.1006616
959.8628,959.9635,-0.1006631
959.8628,959.9635,-0.1006638
959.8628,959.9635,-0.1006659
959.8628,959.9635,-0.1006664
959.8628,959.9635,-0.1006679
959.8628,959.9635,-0.1006683
959.8628,959.9635,-0.1006689
959.8628,959.9635,-0.1006691
959.8628,959.9635,-0.1006702
959.8628,959.9635,-0.1006708
959.8628,959.9635,-0.1006716
959.8628,959.9635,-0.1006729
959.8628,959.9635,-0.1006744
959.8628,959.9635,-0.1006749
959.8628,959.9635,-0.1006751
959.8628,959.9635,-0.1006784
959.8628,959.9635,-0.100679
959.8628,959.9635,-0.1006802
959.8628,959.9635,-0.1006818
959.8628,959.9635,-0.1006846
959.8628,959.9635,-0.100686
959.8628,959.9635,-0.1006863
959.8628,959.9635,-0.1006876
959.8628,959.9635,-0.1006876
959.8628,959.9635,-0.1006876
959.8628,959.9635,-0.100689
959.8628,959.9635,-0.1006895
959.8628,959.9635,-0.1006903
959.8628,959.9635,-0.1006908
959.8628,959.9635,-0.1006945
959.8628,959.9635,-0.1006992
959.8628,959.9635,-0.1006995
959.8628,959.9635,-0.1006997
959.8628,959.9635,-0.1006999
959.8628,959.9635,-0.1007011
959.8628,959.9635,-0.1007021
959.8628,959.9635,-0.1007043
959.8628,959.9635,-0.1007043
959.8628,959.9635,-0.1007044
959.8628,959.9635,-0.1007048
959.8628,959.9635,-0.1007055
959.8628,959.9635,-0.1007101
959.8628,959.9635,-0.1007102
959.8628,959.9635,-0.1007137
959.8628,959.9635,-0.1007139
959.8628,959.9635,-0.1007155
959.8628,959.9635,-0.100717
959.8628,959.9635,-0.100717
959.8628,959.9635,-0.1007183
959.8628,959.9635,-0.1007206
959.8628,959.9635,-0.1007219
959.8628,959.9635,-0.1007228
959.8628,959.9635,-0.1007285
959.8628,959.9635,-0.1007295
959.8628,959.9635,-0.1007298
959.8628,959.9635,-0.1007298
959.8628,959.9635,-0.1007304
959.8628,959.9635,-0.1007305
959.8628,959.9635,-0.1007319
959.8628,959.9635,-0.1007321
959.8628,959.9635,-0.1007341
959.8628,959.9635,-0.1007342
959.8628,959.9635,-0.1007343
959.8628,959.9635,-0.100735
959.8628,959.9635,-0.1007378
959.8628,959.9635,-0.1007382
959.8628,959.9635,-0.1007397
959.8628,959.9635,-0.1007413
959.8628,959.9635,-0.1007415
959.8628,959.9635,-0.1007436
959.8628,959.9635,-0.1007443
959.8628,959.9635,-0.1007453
959.8628,959.9635,-0.1007457
959.8628,959.9635,-0.1007464
959.8628,959.9635,-0.1007467
959.8628,959.9635,-0.1007484
959.8628,959.9635,-0.1007487
959.8628,959.9636,-0.1007522
959.8628,959.9636,-0.1007531
959.8628,959.9636,-0.1007533
959.8628,959.9636,-0.1007548
959.8628,959.9636,-0.1007559
959.8628,959.9636,-0.1007562
959.8628,959.9636,-0.1007563
959.8628,959.9636,-0.1007565
959.8628,959.9636,-0.1007577
959.8628,959.9636,-0.1007599
959.8628,959.9636,-0.1007599
959.8628,959.9636,-0.1007606
959.8628,959.9636,-0.1007619
959.8628,959.9636,-0.1007643
959.8628,959.9636,-0.1007653
959.8628,959.9636,-0.1007656
959.8628,959.9636,-0.1007656
959.8628,959.9636,-0.1007661
959.8628,959.9636,-0.1007667
959.8628,959.9636,-0.1007686
959.8628,959.9636,-0.1007694
959.8628,959.9636,-0.1007696
959.8628,959.9636,-0.1007702
959.8628,959.9636,-0.1007714
959.8628,959.9636,-0.100772
959.8628,959.9636,-0.100772
959.8628,959.9636,-0.100773
959.8628,959.9636,-0.1007752
959.8628,959.9636,-0.1007777
959.8628,959.9636,-0.1007808
959.8628,959.9636,-0.1007811
959.8628,959.9636,-0.1007836
959.8628,959.9636,-0.1007856
959.8628,959.9636,-0.1007858
959.8628,959.9636,-0.1007859
959.8628,959.9636,-0.1007878
959.8628,959.9636,-0.1007903
959.8628,959.9636,-0.1007913
959.8628,959.9636,-0.1007965
959.8628,959.9636,-0.1007967
959.8628,959.9636,-0.1007981
959.8628,959.9636,-0.1008024
959.8628,959.9636,-0.1008024
959.8628,959.9636,-0.100803
959.8628,959.9636,-0.1008039
959.8628,959.9636,-0.1008046
959.8628,959.9636,-0.100805
959.8628,959.9636,-0.1008059
959.8628,959.9636,-0.1008063
959.8628,959.9636,-0.100807
959.8628,959.9636,-0.1008077
959.8628,959.9636,-0.1008078
959.8628,959.9636,-0.1008098
959.8628,959.9636,-0.1008114
959.8628,959.9636,-0.1008123
959.8628,959.9636,-0.1008132
959.8628,959.9636,-0.1008156
959.8628,959.9636,-0.1008161
959.8628,959.9636,-0.1008194
959.8628,959.9636,-0.1008198
959.8628,959.9636,-0.1008199
959.8628,959.9636,-0.1008235
959.8628,959.9636,-0.1008274
959.8628,959.9636,-0.1008288
959.8628,959.9636,-0.1008288
959.8628,959.9636,-0.1008291
959.8628,959.9636,-0.1008293
959.8628,959.9636,-0.1008293
959.8628,959.9636,-0.1008313
959.8628,959.9636,-0.1008323
959.8628,959.9636,-0.1008323
959.8628,959.9636,-0.1008335
959.8628,959.9636,-0.1008359
959.8628,959.9636,-0.1008376
959.8628,959.9636,-0.1008385
959.8628,959.9636,-0.1008392
959.8628,959.9636,-0.1008392
959.8628,959.9636,-0.1008398
959.8628,959.9636,-0.1008398
959.8628,959.9636,-0.1008402
959.8628,959.9636,-0.1008405
959.8628,959.9636,-0.1008407
959.8628,959.9636,-0.1008411
959.8628,959.9636,-0.1008413
959.8628,959.9636,-0.1008416
959.8628,959.9636,-0.100842
959.8628,959.9636,-0.1008449
959.8628,959.9636,-0.1008456
959.8628,959.9636,-0.1008461
959.8628,959.9636,-0.1008476
959.8628,959.9636,-0.1008477
959.8628,959.9636,-0.1008487
959.8628,959.9637,-0.1008504
959.8628,959.9637,-0.1008522
959.8628,959.9637,-0.1008561
959.8628,959.9637,-0.1008576
959.8628,959.9637,-0.1008582
959.8628,959.9637,-0.1008597
959.8628,959.9637,-0.1008602
959.8628,959.9637,-0.1008608
959.8628,959.9637,-0.1008611
959.8628,959.9637,-0.1008624
959.8628,959.9637,-0.1008662
959.8628,959.9637,-0.100867
959.8628,959.9637,-0.1008686
959.8628,959.9637,-0.1008703
959.8628,959.9637,-0.1008733
959.8628,959.9637,-0.1008757
959.8628,959.9637,-0.100877
959.8628,959.9637,-0.1008777
959.8628,959.9637,-0.1008779
959.8628,959.9637,-0.100878
959.8628,959.9637,-0.1008793
959.8628,959.9637,-0.1008802
959.8628,959.9637,-0.1008805
959.8628,959.9637,-0.1008806
959.8628,959.9637,-0.1008809
959.8628,959.9637,-0.1008817
959.8628,959.9637,-0.1008827
959.8628,959.9637,-0.1008834
959.8628,959.9637,-0.1008842
959.8628,959.9637,-0.1008866
959.8628,959.9637,-0.1008872
959.8628,959.9637,-0.1008875
959.8628,959.9637,-0.1008974
959.8628,959.9637,-0.1008996
959.8628,959.9637,-0.1008996
959.8628,959.9637,-0.1009006
959.8628,959.9637,-0.1009007
959.8628,959.9637,-0.1009019
959.8628,959.9637,-0.1009065
959.8628,959.9637,-0.100908
959.8628,959.9637,-0.1009096
959.8628,959.9637,-0.10091
959.8628,959.9637,-0.1009103
959.8628,959.9637,-0.1009135
959.8628,959.9637,-0.1009136
959.8628,959.9637,-0.1009138
959.8628,959.9637,-0.1009147
959.8628,959.9637,-0.1009152
959.8628,959.9637,-0.1009153
959.8628,959.9637,-0.1009155
959.8628,959.9637,-0.1009172
959.8628,959.9637,-0.1009172
959.8628,959.9637,-0.1009192
959.8628,959.9637,-0.1009229
959.8628,959.9637,-0.1009244
959.8628,959.9637,-0.1009249
959.8628,959.9637,-0.1009278
959.8628,959.9637,-0.1009285
959.8628,959.9637,-0.1009295
959.8628,959.9637,-0.1009295
959.8628,959.9637,-0.10093
959.8628,959.9637,-0.1009329
959.8628,959.9637,-0.1009336
959.8628,959.9637,-0.1009348
959.8628,959.9637,-0.1009357
959.8628,959.9637,-0.1009377
959.8628,959.9637,-0.1009387
959.8628,959.9637,-0.1009387
959.8628,959.9637,-0.1009388
959.8628,959.9637,-0.100939
959.8628,959.9637,-0.1009421
959.8628,959.9637,-0.1009431
959.8628,959.9637,-0.1009478
959.8628,959.9637,-0.1009488
959.8628,959.9637,-0.1009494
959.8628,959.9637,-0.1009499
959.8628,959.9638,-0.1009501
959.8628,959.9638,-0.1009501
959.8628,959.9638,-0.1009507
959.8628,959.9638,-0.1009507
959.8628,959.9638,-0.1009512
959.8628,959.9638,-0.1009517
959.8628,959.9638,-0.1009521
959.8628,959.9638,-0.1009537
959.8628,959.9638,-0.1009539
959.8628,959.9638,-0.1009541
959.8628,959.9638,-0.1009543
959.8628,959.9638,-0.1009554
959.8628,959.9638,-0.1009561
959.8628,959.9638,-0.1009569
959.8628,959.9638,-0.100958
959.8628,959.9638,-0.1009583
959.8628,959.9638,-0.1009585
959.8628,959.9638,-0.1009586
959.8628,959.9638,-0.1009598
959.8628,959.9638,-0.1009599
959.8628,959.9638,-0.100961
959.8628,959.9638,-0.1009616
959.8628,959.9638,-0.1009643
959.8628,959.9638,-0.1009663
959.8628,959.9638,-0.1009671
959.8628,959.9638,-0.1009672
959.8628,959.9638,-0.1009691
959.8628,959.9638,-0.1009713
959.8628,959.9638,-0.1009743
959.8628,959.9638,-0.1009775
959.8628,959.9638,-0.1009797
959.8628,959.9638,-0.1009798
959.8628,959.9638,-0.1009799
959.8628,959.9638,-0.1009799
959.8628,959.9638,-0.1009814
959.8628,959.9638,-0.1009816
959.8628,959.9638,-0.1009866
959.8628,959.9638,-0.1009882
959.8628,959.9638,-0.1009888
959.8628,959.9638,-0.1009896
959.8628,959.9638,-0.1009909
959.8628,959.9638,-0.1009935
959.8628,959.9638,-0.1009937
959.8628,959.9638,-0.1009943
959.8628,959.9638,-0.1009954
959.8628,959.9638,-0.1009962
959.8628,959.9638,-0.1009968
959.8628,959.9638,-0.1009975
959.8628,959.9638,-0.100999
959.8628,959.9638,-0.1010002
959.8628,959.9638,-0.1010002
959.8628,959.9638,-0.1010007
959.8628,959.9638,-0.1010016
959.8628,959.9638,-0.1010025
959.8628,959.9638,-0.1010034
959.8628,959.9638,-0.1010035
959.8628,959.9638,-0.1010042
959.8628,959.9638,-0.1010057
959.8628,959.9638,-0.1010058
959.8628,959.9638,-0.1010079
959.8628,959.9638,-0.1010093
959.8628,959.9638,-0.1010099
959.8628,959.9638,-0.101011
959.8628,959.9638,-0.1010144
959.8628,959.9638,-0.1010147
959.8628,959.9638,-0.1010153
959.8628,959.9638,-0.1010159
959.8628,959.9638,-0.101016
959.8628,959.9638,-0.1010166
959.8628,959.9638,-0.1010172
959.8628,959.9638,-0.1010215
959.8628,959.9638,-0.1010218
959.8628,959.9638,-0.1010219
959.8628,959.9638,-0.1010221
959.8628,959.9638,-0.1010296
959.8628,959.9638,-0.1010298
959.8628,959.9638,-0.1010305
959.8628,959.9638,-0.1010321
959.8628,959.9638,-0.1010328
959.8628,959.9638,-0.1010341
959.8628,959.9638,-0.1010345
959.8628,959.9638,-0.1010347
959.8628,959.9638,-0.101036
959.8628,959.9638,-0.1010362
959.8628,959.9638,-0.1010394
959.8628,959.9638,-0.1010401
959.8628,959.9638,-0.1010428
959.8628,959.9638,-0.1010433
959.8628,959.9638,-0.1010465
959.8628,959.9638,-0.1010469
959.8628,959.9638,-0.1010477
959.8628,959.9638,-0.1010487
959.8628,959.9638,-0.1010494
959.8628,959.9639,-0.1010501
959.8628,959.9639,-0.1010524
959.8628,959.9639,-0.1010526
959.8628,959.9639,-0.1010547
959.8628,959.9639,-0.1010548
959.8628,959.9639,-0.1010554
959.8628,959.9639,-0.1010571
959.8628,959.9639,-0.1010591
959.8628,959.9639,-0.1010638
959.8628,959.9639,-0.1010651
959.8628,959.9639,-0.1010665
959.8628,959.9639,-0.101067
959.8628,959.9639,-0.1010673
959.8628,959.9639,-0.1010694
959.8628,959.9639,-0.1010708
959.8628,959.9639,-0.1010714
959.8628,959.9639,-0.1010747
959.8628,959.9639,-0.1010749
959.8628,959.9639,-0.1010773
959.8628,959.9639,-0.1010774
959.8628,959.9639,-0.1010783
959.8628,959.9639,-0.1010795
959.8628,959.9639,-0.1010799
959.8628,959.9639,-0.1010801
959.8628,959.9639,-0.1010805
959.8628,959.9639,-0.1010812
959.8628,959.9639,-0.1010822
959.8628,959.9639,-0.1010836
959.8628,959.9639,-0.1010838
959.8628,959.9639,-0.1010843
959.8628,959.9639,-0.1010844
959.8628,959.9639,-0.1010853
959.8628,959.9639,-0.1010857
959.8628,959.9639,-0.101086
959.8628,959.9639,-0.1010885
959.8628,959.9639,-0.1010886
959.8628,959.9639,-0.1010905
959.8628,959.9639,-0.1010912
959.8628,959.9639,-0.1010922
959.8628,959.9639,-0.1010925
959.8628,959.9639,-0.1010931
959.8628,959.9639,-0.1010943
959.8628,959.9639,-0.1010947
959.8628,959.9639,-0.1010953
959.8628,959.9639,-0.1010957
959.8628,959.9639,-0.1010959
959.8628,959.9639,-0.1010962
959.8628,959.9639,-0.1010971
959.8628,959.9639,-0.1010972
959.8628,959.9639,-0.1010999
959.8628,959.9639,-0.1011007
959.8628,959.9639,-0.1011007
959.8628,959.9639,-0.1011014
959.8628,959.9639,-0.1011015
959.8628,959.9639,-0.1011017
959.8628,959.9639,-0.1011019
959.8628,959.9639,-0.1011024
959.8628,959.9639,-0.1011028
959.8628,959.9639,-0.1011043
959.8628,959.9639,-0.1011043
959.8628,959.9639,-0.1011066
959.8628,959.9639,-0.1011068
959.8628,959.9639,-0.1011098
959.8628,959.9639,-0.1011124
959.8628,959.9639,-0.1011134
959.8628,959.9639,-0.1011135
959.8628,959.9639,-0.1011137
959.8628,959.9639,-0.1011166
959.8628,959.9639,-0.1011167
959.8628,959.9639,-0.1011169
959.8628,959.9639,-0.1011175
959.8628,959.9639,-0.1011182
959.8628,959.9639,-0.1011194
959.8628,959.9639,-0.10112
959.8628,959.9639,-0.1011204
959.8628,959.9639,-0.1011224
959.8628,959.9639,-0.1011224
959.8628,959.9639,-0.1011227
959.8628,959.9639,-0.1011241
959.8628,959.9639,-0.1011249
959.8628,959.9639,-0.101125
959.8628,959.9639,-0.1011253
959.8628,959.9639,-0.1011269
959.8628,959.9639,-0.1011288
959.8628,959.9639,-0.1011289
959.8628,959.9639,-0.1011305
959.8628,959.9639,-0.1011322
959.8628,959.9639,-0.1011332
959.8628,959.9639,-0.1011343
959.8628,959.9639,-0.1011394
959.8628,959.9639,-0.1011402
959.8628,959.9639,-0.1011412
959.8628,959.9639,-0.1011412
959.8628,959.9639,-0.1011416
959.8628,959.9639,-0.1011419
959.8628,959.9639,-0.101142
959.8628,959.9639,-0.1011421
959.8628,959.9639,-0.1011422
959.8628,959.9639,-0.1011428
959.8628,959.9639,-0.1011456
959.8628,959.9639,-0.1011457
959.8628,959.9639,-0.1011474
959.8628,959.9639,-0.1011477
959.8628,959.9639,-0.1011479
959.8628,959.9639,-0.1011491
959.8628,959.964,-0.1011501
959.8628,959.964,-0.1011506
959.8628,959.964,-0.1011515
959.8628,959.964,-0.1011524
959.8628,959.964,-0.101153
959.8628,959.964,-0.1011531
959.8628,959.964,-0.1011546
959.8628,959.964,-0.1011551
959.8628,959.964,-0.1011554
959.8628,959.964,-0.1011563
959.8628,959.964,-0.1011574
959.8628,959.964,-0.1011583
959.8628,959.964,-0.10116
959.8628,959.964,-0.1011611
959.8628,959.964,-0.1011622
959.8628,959.964,-0.1011626
959.8628,959.964,-0.1011629
959.8628,959.964,-0.1011638
959.8628,959.964,-0.1011644
959.8628,959.964,-0.101166
959.8628,959.964,-0.1011662
959.8628,959.964,-0.1011666
959.8628,959.964,-0.1011674
959.8628,959.964,-0.1011675
959.8628,959.964,-0.1011677
959.8628,959.964,-0.101168
959.8628,959.964,-0.101168
959.8628,959.964,-0.1011683
959.8628,959.964,-0.1011684
959.8628,959.964,-0.1011714
959.8628,959.964,-0.1011715
959.8628,959.964,-0.101173
959.8628,959.964,-0.1011743
959.8628,959.964,-0.1011772
959.8628,959.964,-0.1011786
959.8628,959.964,-0.1011796
959.8628,959.964,-0.1011807
959.8628,959.964,-0.1011825
959.8628,959.964,-0.1011834
959.8628,959.964,-0.1011834
959.8628,959.964,-0.1011844
959.8628,959.964,-0.1011845
959.8628,959.964,-0.1011848
959.8628,959.964,-0.1011849
959.8628,959.964,-0.1011853
959.8628,959.964,-0.1011857
959.8628,959.964,-0.1011861
959.8628,959.964,-0.1011872
959.8628,959.964,-0.1011874
959.8628,959.964,-0.101188
959.8628,959.964,-0.101191
959.8628,959.964,-0.1011925
959.8628,959.964,-0.1011943
959.8628,959.964,-0.1011949
959.8628,959.964,-0.1011959
959.8628,959.964,-0.1011966
959.8628,959.964,-0.1011969
959.8628,959.964,-0.1011989
959.8628,959.964,-0.1011996
959.8628,959.964,-0.1012011
959.8628,959.964,-0.1012026
959.8628,959.964,-0.1012034
959.8628,959.964,-0.1012065
959.8628,959.964,-0.1012079
959.8628,959.964,-0.1012081
959.8628,959.964,-0.1012083
959.8628,959.964,-0.1012087
959.8628,959.964,-0.1012093
959.8628,959.964,-0.1012098
959.8628,959.964,-0.1012099
959.8628,959.964,-0.1012105
959.8628,959.964,-0.1012106
959.8628,959.964,-0.1012112
959.8628,959.964,-0.1012125
959.8628,959.964,-0.1012126
959.8628,959.964,-0.1012144
959.8628,959.964,-0.1012176
959.8628,959.964,-0.1012194
959.8628,959.964,-0.1012196
959.8628,959.964,-0.1012198
959.8628,959.964,-0.1012198
959.8628,959.964,-0.1012201
959.8628,959.964,-0.1012217
959.8628,959.964,-0.1012225
959.8628,959.964,-0.1012229
959.8628,959.964,-0.1012231
959.8628,959.964,-0.1012237
959.8628,959.964,-0.1012237
959.8628,959.964,-0.1012241
959.8628,959.964,-0.1012271
959.8628,959.964,-0.1012274
959.8628,959.964,-0.1012284
959.8628,959.964,-0.1012288
959.8628,959.964,-0.1012289
959.8628,959.964,-0.1012301
959.8628,959.964,-0.1012301
959.8628,959.964,-0.1012315
959.8628,959.964,-0.1012338
959.8628,959.964,-0.1012355
959.8628,959.964,-0.1012359
959.8628,959.964,-0.1012359
959.8628,959.964,-0.101236
959.8628,959.964,-0.1012362
959.8628,959.964,-0.1012397
959.8628,959.964,-0.1012399
959.8628,959.964,-0.1012403
959.8628,959.964,-0.1012407
959.8628,959.964,-0.1012409
959.8628,959.964,-0.1012434
959.8628,959.964,-0.1012438
959.8628,959.964,-0.1012443
959.8628,959.964,-0.1012451
959.8628,959.964,-0.1012452
959.8628,959.964,-0.1012456
959.8628,959.964,-0.1012456
959.8628,959.964,-0.1012478
959.8628,959.964,-0.1012495
959.8628,959.9641,-0.1012519
959.8628,959.9641,-0.1012524
959.8628,959.9641,-0.1012536
959.8628,959.9641,-0.1012553
959.8628,959.9641,-0.1012569
959.8628,959.9641,-0.1012573
959.8628,959.9641,-0.1012603
959.8628,959.9641,-0.101261
959.8628,959.9641,-0.1012626
959.8628,959.9641,-0.101264
959.8628,959.9641,-0.1012656
959.8628,959.9641,-0.1012662
959.8628,959.9641,-0.1012671
959.8628,959.9641,-0.1012678
959.8628,959.9641,-0.1012681
959.8628,959.9641,-0.101269
959.8628,959.9641,-0.101269
959.8628,959.9641,-0.1012696
959.8628,959.9641,-0.10127
959.8628,959.9641,-0.1012707
959.8628,959.9641,-0.1012718
959.8628,959.9641,-0.1012721
959.8628,959.9641,-0.1012738
959.8628,959.9641,-0.1012744
959.8628,959.9641,-0.1012746
959.8628,959.9641,-0.1012748
959.8628,959.9641,-0.1012748
959.8628,959.9641,-0.1012751
959.8628,959.9641,-0.1012755
959.8628,959.9641,-0.1012764
959.8628,959.9641,-0.1012767
959.8628,959.9641,-0.1012776
959.8628,959.9641,-0.1012779
959.8628,959.9641,-0.1012783
959.8628,959.9641,-0.1012787
959.8628,959.9641,-0.1012787
959.8628,959.9641,-0.1012799
959.8628,959.9641,-0.1012807
959.8628,959.9641,-0.1012831
959.8628,959.9641,-0.1012847
959.8628,959.9641,-0.1012851
959.8628,959.9641,-0.1012852
959.8628,959.9641,-0.1012876
959.8628,959.9641,-0.1012894
959.8628,959.9641,-0.1012896
959.8628,959.9641,-0.1012913
959.8628,959.9641,-0.101292
959.8628,959.9641,-0.1012921
959.8628,959.9641,-0.1012928
959.8628,959.9641,-0.1012941
959.8628,959.9641,-0.1012942
959.8628,959.9641,-0.1012959
959.8628,959.9641,-0.1012973
959.8628,959.9641,-0.1012982
959.8628,959.9641,-0.1012985
959.8628,959.9641,-0.1012994
959.8628,959.9641,-0.1013004
959.8628,959.9641,-0.1013013
959.8628,959.9641,-0.1013032
959.8628,959.9641,-0.1013041
959.8628,959.9641,-0.1013041
959.8628,959.9641,-0.1013042
959.8628,959.9641,-0.1013042
959.8628,959.9641,-0.1013047
959.8628,959.9641,-0.1013052
959.8628,959.9641,-0.1013112
959.8628,959.9641,-0.1013113
959.8628,959.9641,-0.1013127
959.8628,959.9641,-0.1013137
959.8628,959.9641,-0.1013155
959.8628,959.9641,-0.1013167
959.8628,959.9641,-0.1013169
959.8628,959.9641,-0.1013175
959.8628,959.9641,-0.1013183
959.8628,959.9641,-0.1013186
959.8628,959.9641,-0.1013187
959.8628,959.9641,-0.1013194
959.8628,959.9641,-0.1013214
959.8628,959.9641,-0.101324
959.8628,959.9641,-0.1013244
959.8628,959.9641,-0.1013245
959.8628,959.9641,-0.1013245
959.8628,959.9641,-0.1013247
959.8628,959.9641,-0.1013274
959.8628,959.9641,-0.1013281
959.8628,959.9641,-0.1013283
959.8628,959.9641,-0.1013299
959.8628,959.9641,-0.1013303
959.8628,959.9641,-0.1013311
959.8628,959.9641,-0.1013319
959.8628,959.9641,-0.101333
959.8628,959.9641,-0.1013336
959.8628,959.9641,-0.1013339
959.8628,959.9641,-0.101334
959.8628,959.9641,-0.1013366
959.8628,959.9641,-0.1013399
959.8628,959.9641,-0.1013407
959.8628,959.9641,-0.101341
959.8628,959.9641,-0.1013413
959.8628,959.9641,-0.1013421
959.8628,959.9641,-0.1013428
959.8628,959.9641,-0.1013433
959.8628,959.9641,-0.1013444
959.8628,959.9641,-0.1013447
959.8628,959.9641,-0.1013453
959.8628,959.9641,-0.1013478
959.8628,959.9641,-0.1013488
959.8628,959.9642,-0.1013506
959.8628,959.9642,-0.1013521
959.8628,959.9642,-0.1013527
959.8628,959.9642,-0.1013538
959.8628,959.9642,-0.1013547
959.8628,959.9642,-0.1013555
959.8628,959.9642,-0.1013578
959.8628,959.9642,-0.1013585
959.8628,959.9642,-0.1013604
959.8628,959.9642,-0.1013609
959.8628,959.9642,-0.1013619
959.8628,959.9642,-0.101362
959.8628,959.9642,-0.1013626
959.8628,959.9642,-0.1013634
959.8628,959.9642,-0.1013646
959.8628,959.9642,-0.1013663
959.8628,959.9642,-0.1013675
959.8628,959.9642,-0.1013678
959.8628,959.9642,-0.101371
959.8628,959.9642,-0.1013719
959.8628,959.9642,-0.1013734
959.8628,959.9642,-0.101374
959.8628,959.9642,-0.1013743
959.8628,959.9642,-0.1013758
959.8628,959.9642,-0.1013769
959.8628,959.9642,-0.1013785
959.8628,959.9642,-0.1013809
959.8628,959.9642,-0.101381
959.8628,959.9642,-0.1013819
959.8628,959.9642,-0.101383
959.8628,959.9642,-0.101384
959.8628,959.9642,-0.1013844
959.8628,959.9642,-0.1013848
959.8628,959.9642,-0.1013858
959.8628,959.9642,-0.1013872
959.8628,959.9642,-0.1013877
959.8628,959.9642,-0.1013884
959.8628,959.9642,-0.1013901
959.8628,959.9642,-0.1013923
959.8628,959.9642,-0.1013926
959.8628,959.9642,-0.1013927
959.8628,959.9642,-0.1013942
959.8628,959.9642,-0.1013944
959.8628,959.9642,-0.101395
959.8628,959.9642,-0.1013972
959.8628,959.9642,-0.1013978
959.8628,959.9642,-0.1013989
959.8628,959.9642,-0.1014
959.8628,959.9642,-0.1014032
959.8628,959.9642,-0.1014033
959.8628,959.9642,-0.1014038
959.8628,959.9642,-0.1014041
959.8628,959.9642,-0.1014059
959.8628,959.9642,-0.101406
959.8628,959.9642,-0.1014063
959.8628,959.9642,-0.1014068
959.8628,959.9642,-0.1014076
959.8628,959.9642,-0.1014076
959.8628,959.9642,-0.1014077
959.8628,959.9642,-0.1014078
959.8628,959.9642,-0.1014099
959.8628,959.9642,-0.1014122
959.8628,959.9642,-0.1014125
959.8628,959.9642,-0.101413
959.8628,959.9642,-0.1014141
959.8628,959.9642,-0.1014149
959.8628,959.9642,-0.101417
959.8628,959.9642,-0.1014176
959.8628,959.9642,-0.1014205
959.8628,959.9642,-0.1014207
959.8628,959.9642,-0.1014214
959.8628,959.9642,-0.1014221
959.8628,959.9642,-0.101423
959.8628,959.9642,-0.1014236
959.8628,959.9642,-0.1014236
959.8628,959.9642,-0.101427
959.8628,959.9642,-0.101427
959.8628,959.9642,-0.1014273
959.8628,959.9642,-0.1014293
959.8628,959.9642,-0.1014304
959.8628,959.9642,-0.1014336
959.8628,959.9642,-0.1014353
959.8628,959.9642,-0.101436
959.8628,959.9642,-0.1014362
959.8628,959.9642,-0.1014367
959.8628,959.9642,-0.1014383
959.8628,959.9642,-0.1014393
959.8628,959.9642,-0.1014433
959.8628,959.9642,-0.1014436
959.8628,959.9642,-0.101444
959.8628,959.9642,-0.1014442
959.8628,959.9642,-0.1014447
959.8628,959.9642,-0.1014448
959.8628,959.9642,-0.1014451
959.8628,959.9642,-0.1014469
959.8628,959.9642,-0.1014469
959.8628,959.9642,-0.1014478
959.8628,959.9642,-0.101449
959.8628,959.9642,-0.1014497
959.8628,959.9642,-0.1014499
959.8628,959.9643,-0.10145
959.8628,959.9643,-0.1014502
959.8628,959.9643,-0.101451
959.8628,959.9643,-0.101452
959.8628,959.9643,-0.1014521
959.8628,959.9643,-0.1014533
959.8628,959.9643,-0.1014543
959.8628,959.9643,-0.1014554
959.8628,959.9643,-0.1014557
959.8628,959.9643,-0.1014562
959.8628,959.9643,-0.1014575
959.8628,959.9643,-0.1014584
959.8628,959.9643,-0.1014586
959.8628,959.9643,-0.1014593
959.8628,959.9643,-0.1014599
959.8628,959.9643,-0.1014603
959.8628,959.9643,-0.1014616
959.8628,959.9643,-0.1014617
959.8628,959.9643,-0.1014619
959.8628,959.9643,-0.1014634
959.8628,959.9643,-0.1014637
959.8628,959.9643,-0.1014656
959.8628,959.9643,-0.1014665
959.8628,959.9643,-0.1014667
959.8628,959.9643,-0.1014668
959.8628,959.9643,-0.1014684
959.8628,959.9643,-0.1014712
959.8628,959.9643,-0.1014717
959.8628,959.9643,-0.1014764
959.8628,959.9643,-0.1014769
959.8628,959.9643,-0.1014779
959.8628,959.9643,-0.1014791
959.8628,959.9643,-0.1014792
959.8628,959.9643,-0.1014792
959.8628,959.9643,-0.1014797
959.8628,959.9643,-0.1014828
959.8628,959.9643,-0.1014844
959.8628,959.9643,-0.1014866
959.8628,959.9643,-0.101487
959.8628,959.9643,-0.1014884
959.8628,959.9643,-0.1014905
959.8628,959.9643,-0.101491
959.8628,959.9643,-0.1014915
959.8628,959.9643,-0.1014915
959.8628,959.9643,-0.1014916
959.8628,959.9643,-0.1014918
959.8628,959.9643,-0.1014933
959.8628,959.9643,-0.1014934
959.8628,959.9643,-0.1014941
959.8628,959.9643,-0.1014941
959.8628,959.9643,-0.1014952
959.8628,959.9643,-0.1014969
959.8628,959.9643,-0.101497
959.8628,959.9643,-0.1014971
959.8628,959.9643,-0.1014977
959.8628,959.9643,-0.1014983
959.8628,959.9643,-0.1014985
959.8628,959.9643,-0.1014993
959.8628,959.9643,-0.1014998
959.8628,959.9643,-0.1015012
959.8628,959.9643,-0.1015048
959.8628,959.9643,-0.1015056
959.8628,959.9643,-0.1015063
959.8628,959.9643,-0.1015073
959.8628,959.9643,-0.1015078
959.8628,959.9643,-0.101508
959.8628,959.9643,-0.1015082
959.8628,959.9643,-0.1015085
959.8628,959.9643,-0.101509
959.8628,959.9643,-0.1015098
959.8628,959.9643,-0.1015114
959.8628,959.9643,-0.1015121
959.8628,959.9643,-0.1015131
959.8628,959.9643,-0.1015133
959.8628,959.9643,-0.1015136
959.8628,959.9643,-0.1015138
959.8628,959.9643,-0.1015138
959.8628,959.9643,-0.1015144
959.8628,959.9643,-0.1015144
959.8628,959.9643,-0.1015163
959.8628,959.9643,-0.1015166
959.8628,959.9643,-0.1015169
959.8628,959.9643,-0.1015177
959.8628,959.9643,-0.1015178
959.8628,959.9643,-0.1015181
959.8628,959.9643,-0.1015189
959.8628,959.9643,-0.1015205
959.8628,959.9643,-0.1015215
959.8628,959.9643,-0.1015216
959.8628,959.9643,-0.1015232
959.8628,959.9643,-0.1015247
959.8628,959.9643,-0.1015248
959.8628,959.9643,-0.1015259
959.8628,959.9643,-0.1015259
959.8628,959.9643,-0.1015284
959.8628,959.9643,-0.1015288
959.8628,959.9643,-0.1015303
959.8628,959.9643,-0.1015308
959.8628,959.9643,-0.1015312
959.8628,959.9643,-0.1015314
959.8628,959.9643,-0.1015324
959.8628,959.9643,-0.1015329
959.8628,959.9643,-0.1015358
959.8628,959.9643,-0.101536
959.8628,959.9643,-0.101537
959.8628,959.9643,-0.1015375
959.8628,959.9643,-0.1015377
959.8628,959.9643,-0.1015383
959.8628,959.9643,-0.1015384
959.8628,959.9643,-0.1015415
959.8628,959.9643,-0.1015417
959.8628,959.9643,-0.1015417
959.8628,959.9643,-0.1015457
959.8628,959.9643,-0.1015462
959.8628,959.9643,-0.1015488
959.8628,959.9644,-0.10155
959.8628,959.9644,-0.10155
959.8628,959.9644,-0.1015506
959.8628,959.9644,-0.1015521
959.8628,959.9644,-0.1015534
959.8628,959.9644,-0.1015539
959.8628,959.9644,-0.101554
959.8628,959.9644,-0.1015541
959.8628,959.9644,-0.1015548
959.8628,959.9644,-0.1015554
959.8628,959.9644,-0.1015557
959.8628,959.9644,-0.101556
959.8628,959.9644,-0.1015568
959.8628,959.9644,-0.1015573
959.8628,959.9644,-0.1015585
959.8628,959.9644,-0.1015592
959.8628,959.9644,-0.1015595
959.8628,959.9644,-0.10156
959.8628,959.9644,-0.1015611
959.8628,959.9644,-0.1015622
959.8628,959.9644,-0.1015642
959.8628,959.9644,-0.1015644
959.8628,959.9644,-0.1015646
959.8628,959.9644,-0.1015675
959.8628,959.9644,-0.1015684
959.8628,959.9644,-0.1015723
959.8628,959.9644,-0.1015725
959.8628,959.9644,-0.1015741
959.8628,959.9644,-0.1015744
959.8628,959.9644,-0.1015747
959.8628,959.9644,-0.1015751
959.8628,959.9644,-0.1015753
959.8628,959.9644,-0.1015756
959.8628,959.9644,-0.1015758
959.8628,959.9644,-0.1015759
959.8628,959.9644,-0.101577
959.8628,959.9644,-0.1015785
959.8628,959.9644,-0.1015787
959.8628,959.9644,-0.1015788
959.8628,959.9644,-0.1015794
959.8628,959.9644,-0.1015821
959.8628,959.9644,-0.1015833
959.8628,959.9644,-0.1015834
959.8628,959.9644,-0.1015844
959.8628,959.9644,-0.101585
959.8628,959.9644,-0.1015852
959.8628,959.9644,-0.1015867
959.8628,959.9644,-0.1015874
959.8628,959.9644,-0.1015886
959.8628,959.9644,-0.1015903
959.8628,959.9644,-0.1015904
959.8628,959.9644,-0.1015911
959.8628,959.9644,-0.1015916
959.8628,959.9644,-0.1015939
959.8628,959.9644,-0.1015941
959.8628,959.9644,-0.1015942
959.8628,959.9644,-0.1015945
959.8628,959.9644,-0.1015962
959.8628,959.9644,-0.1015995
959.8628,959.9644,-0.1016013
959.8628,959.9644,-0.1016038
959.8628,959.9644,-0.1016042
959.8628,959.9644,-0.1016042
959.8628,959.9644,-0.1016043
959.8628,959.9644,-0.1016053
959.8628,959.9644,-0.1016056
959.8628,959.9644,-0.1016062
959.8628,959.9644,-0.1016063
959.8628,959.9644,-0.1016084
959.8628,959.9644,-0.1016086
959.8628,959.9644,-0.1016091
959.8628,959.9644,-0.1016105
959.8628,959.9644,-0.1016157
959.8628,959.9644,-0.1016159
959.8628,959.9644,-0.101616
959.8628,959.9644,-0.1016164
959.8628,959.9644,-0.101617
959.8628,959.9644,-0.1016204
959.8628,959.9644,-0.101621
959.8628,959.9644,-0.1016232
959.8628,959.9644,-0.1016247
959.8628,959.9644,-0.1016249
959.8628,959.9644,-0.101625
959.8628,959.9644,-0.1016265
959.8628,959.9644,-0.1016278
959.8628,959.9644,-0.1016279
959.8628,959.9644,-0.1016284
959.8628,959.9644,-0.1016293
959.8628,959.9644,-0.1016296
959.8628,959.9644,-0.101631
959.8628,959.9644,-0.1016324
959.8628,959.9644,-0.1016343
959.8628,959.9644,-0.1016352
959.8628,959.9644,-0.1016371
959.8628,959.9644,-0.1016372
959.8628,959.9644,-0.1016374
959.8628,959.9644,-0.1016392
959.8628,959.9644,-0.1016402
959.8628,959.9644,-0.1016422
959.8628,959.9644,-0.101643
959.8628,959.9644,-0.1016446
959.8628,959.9644,-0.1016448
959.8628,959.9644,-0.1016464
959.8628,959.9644,-0.1016469
959.8628,959.9644,-0.1016473
959.8628,959.9645,-0.1016502
959.8628,959.9645,-0.1016515
959.8628,959.9645,-0.1016516
959.8628,959.9645,-0.1016522
959.8628,959.9645,-0.1016538
959.8628,959.9645,-0.1016577
959.8628,959.9645,-0.1016587
959.8628,959.9645,-0.1016591
959.8628,959.9645,-0.1016594
959.8628,959.9645,-0.1016595
959.8628,959.9645,-0.1016604
959.8628,959.9645,-0.1016606
959.8628,959.9645,-0.1016609
959.8628,959.9645,-0.1016616
959.8628,959.9645,-0.1016617
959.8628,959.9645,-0.1016634
959.8628,959.9645,-0.1016646
959.8628,959.9645,-0.1016652
959.8628,959.9645,-0.1016655
959.8628,959.9645,-0.1016677
959.8628,959.9645,-0.1016688
959.8628,959.9645,-0.1016694
959.8628,959.9645,-0.1016708
959.8628,959.9645,-0.1016717
959.8628,959.9645,-0.1016728
959.8628,959.9645,-0.1016729
959.8628,959.9645,-0.101674
959.8628,959.9645,-0.1016766
959.8628,959.9645,-0.1016766
959.8628,959.9645,-0.1016776
959.8628,959.9645,-0.1016812
959.8628,959.9645,-0.1016813
959.8628,959.9645,-0.1016814
959.8628,959.9645,-0.1016822
959.8628,959.9645,-0.1016843
959.8628,959.9645,-0.1016848
959.8628,959.9645,-0.1016849
959.8628,959.9645,-0.1016862
959.8628,959.9645,-0.1016875
959.8628,959.9645,-0.1016894
959.8628,959.9645,-0.1016909
959.8628,959.9645,-0.101691
959.8628,959.9645,-0.1016937
959.8628,959.9645,-0.1016944
959.8628,959.9645,-0.1016961
959.8628,959.9645,-0.1016968
959.8628,959.9645,-0.1016989
959.8628,959.9645,-0.1017014
959.8628,959.9645,-0.1017018
959.8628,959.9645,-0.1017019
959.8628,959.9645,-0.1017038
959.8628,959.9645,-0.1017063
959.8628,959.9645,-0.1017073
959.8628,959.9645,-0.101708
959.8628,959.9645,-0.101708
959.8628,959.9645,-0.1017084
959.8628,959.9645,-0.1017089
959.8628,959.9645,-0.1017093
959.8628,959.9645,-0.1017096
959.8628,959.9645,-0.1017104
959.8628,959.9645,-0.1017113
959.8628,959.9645,-0.1017118
959.8628,959.9645,-0.1017132
959.8628,959.9645,-0.1017132
959.8628,959.9645,-0.1017136
959.8628,959.9645,-0.1017137
959.8628,959.9645,-0.1017138
959.8628,959.9645,-0.101715
959.8628,959.9645,-0.1017157
959.8628,959.9645,-0.1017166
959.8628,959.9645,-0.1017184
959.8628,959.9645,-0.1017189
959.8628,959.9645,-0.1017253
959.8628,959.9645,-0.1017276
959.8628,959.9645,-0.1017306
959.8628,959.9645,-0.101733
959.8628,959.9645,-0.1017331
959.8628,959.9645,-0.1017336
959.8628,959.9645,-0.1017337
959.8628,959.9645,-0.1017345
959.8628,959.9645,-0.1017352
959.8628,959.9645,-0.1017355
959.8628,959.9645,-0.1017362
959.8628,959.9645,-0.1017372
959.8628,959.9645,-0.1017376
959.8628,959.9645,-0.101739
959.8628,959.9645,-0.1017405
959.8628,959.9645,-0.1017407
959.8628,959.9645,-0.1017412
959.8628,959.9645,-0.1017418
959.8628,959.9645,-0.101743
959.8628,959.9645,-0.1017438
959.8628,959.9645,-0.1017455
959.8628,959.9645,-0.1017461
959.8628,959.9645,-0.1017461
959.8628,959.9645,-0.1017467
959.8628,959.9645,-0.1017483
959.8628,959.9645,-0.1017496
959.8628,959.9646,-0.1017509
959.8628,959.9646,-0.1017543
959.8628,959.9646,-0.1017571
959.8628,959.9646,-0.1017572
959.8628,959.9646,-0.1017574
959.8628,959.9646,-0.1017576
959.8628,959.9646,-0.1017576
959.8628,959.9646,-0.1017584
959.8628,959.9646,-0.1017591
959.8628,959.9646,-0.10176
959.8628,959.9646,-0.1017602
959.8628,959.9646,-0.1017616
959.8628,959.9646,-0.1017619
959.8628,959.9646,-0.1017629
959.8628,959.9646,-0.1017635
959.8628,959.9646,-0.1017642
959.8628,959.9646,-0.1017643
959.8628,959.9646,-0.1017646
959.8628,959.9646,-0.1017654
959.8628,959.9646,-0.1017688
959.8628,959.9646,-0.1017714
959.8628,959.9646,-0.1017728
959.8628,959.9646,-0.1017744
959.8628,959.9646,-0.1017745
959.8628,959.9646,-0.1017749
959.8628,959.9646,-0.1017754
959.8628,959.9646,-0.1017791
959.8628,959.9646,-0.1017815
959.8628,959.9646,-0.1017821
959.8628,959.9646,-0.1017825
959.8628,959.9646,-0.1017828
959.8628,959.9646,-0.1017854
959.8628,959.9646,-0.101786
959.8628,959.9646,-0.1017861
959.8628,959.9646,-0.1017867
959.8628,959.9646,-0.1017874
959.8628,959.9646,-0.1017895
959.8628,959.9646,-0.1017895
959.8628,959.9646,-0.101793
959.8628,959.9646,-0.1017932
959.8628,959.9646,-0.1017932
959.8628,959.9646,-0.1017934
959.8628,959.9646,-0.1017953
959.8628,959.9646,-0.1017971
959.8628,959.9646,-0.1017974
959.8628,959.9646,-0.1018005
959.8628,959.9646,-0.101801
959.8628,959.9646,-0.1018042
959.8628,959.9646,-0.1018045
959.8628,959.9646,-0.1018049
959.8628,959.9646,-0.1018056
959.8628,959.9646,-0.1018065
959.8628,959.9646,-0.1018096
959.8628,959.9646,-0.1018101
959.8628,959.9646,-0.1018113
959.8628,959.9646,-0.1018121
959.8628,959.9646,-0.1018124
959.8628,959.9646,-0.1018125
959.8628,959.9646,-0.1018131
959.8628,959.9646,-0.1018147
959.8628,959.9646,-0.1018153
959.8628,959.9646,-0.1018155
959.8628,959.9646,-0.1018171
959.8628,959.9646,-0.1018173
959.8628,959.9646,-0.1018179
959.8628,959.9646,-0.1018203
959.8628,959.9646,-0.101821
959.8628,959.9646,-0.1018221
959.8628,959.9646,-0.1018221
959.8628,959.9646,-0.101823
959.8628,959.9646,-0.1018233
959.8628,959.9646,-0.1018237
959.8628,959.9646,-0.1018251
959.8628,959.9646,-0.1018254
959.8628,959.9646,-0.1018258
959.8628,959.9646,-0.1018261
959.8628,959.9646,-0.1018281
959.8628,959.9646,-0.1018287
959.8628,959.9646,-0.1018301
959.8628,959.9646,-0.1018314
959.8628,959.9646,-0.1018335
959.8628,959.9646,-0.1018335
959.8628,959.9646,-0.1018336
959.8628,959.9646,-0.1018353
959.8628,959.9646,-0.1018364
959.8628,959.9646,-0.1018376
959.8628,959.9646,-0.1018383
959.8628,959.9646,-0.101842
959.8628,959.9646,-0.1018421
959.8628,959.9646,-0.1018425
959.8628,959.9646,-0.1018427
959.8628,959.9646,-0.1018431
959.8628,959.9646,-0.1018443
959.8628,959.9646,-0.1018467
959.8628,959.9646,-0.1018474
959.8628,959.9646,-0.1018487
959.8628,959.9646,-0.1018491
959.8628,959.9646,-0.1018491
959.8628,959.9646,-0.1018497
959.8628,959.9646,-0.1018499
959.8628,959.9646,-0.1018499
959.8628,959.9647,-0.10185
959.8628,959.9647,-0.1018509
959.8628,959.9647,-0.101851
959.8628,959.9647,-0.1018513
959.8628,959.9647,-0.1018515
959.8628,959.9647,-0.1018525
959.8628,959.9647,-0.1018532
959.8628,959.9647,-0.1018539
959.8628,959.9647,-0.101854
959.8628,959.9647,-0.101857
959.8628,959.9647,-0.1018587
959.8628,959.9647,-0.1018589
959.8628,959.9647,-0.1018597
959.8628,959.9647,-0.1018597
959.8628,959.9647,-0.1018603
959.8628,959.9647,-0.1018624
959.8628,959.9647,-0.1018635
959.8628,959.9647,-0.1018635
959.8628,959.9647,-0.101864
959.8628,959.9647,-0.1018642
959.8628,959.9647,-0.1018642
959.8628,959.9647,-0.1018653
959.8628,959.9647,-0.1018666
959.8628,959.9647,-0.1018667
959.8628,959.9647,-0.1018673
959.8628,959.9647,-0.1018693
959.8628,959.9647,-0.1018703
959.8628,959.9647,-0.101872
959.8628,959.9647,-0.1018743
959.8628,959.9647,-0.1018754
959.8628,959.9647,-0.1018773
959.8628,959.9647,-0.10188
959.8628,959.9647,-0.1018815
959.8628,959.9647,-0.1018818
959.8628,959.9647,-0.1018828
959.8628,959.9647,-0.1018848
959.8628,959.9647,-0.1018857
959.8628,959.9647,-0.1018882
959.8628,959.9647,-0.1018899
959.8628,959.9647,-0.1018911
959.8628,959.9647,-0.1018918
959.8628,959.9647,-0.1018918
959.8628,959.9647,-0.1018919
959.8628,959.9647,-0.1018919
959.8628,959.9647,-0.1018944
959.8628,959.9647,-0.1018946
959.8628,959.9647,-0.1018947
959.8628,959.9647,-0.1018948
959.8628,959.9647,-0.101895
959.8628,959.9647,-0.1018961
959.8628,959.9647,-0.1018964
959.8628,959.9647,-0.1018973
959.8628,959.9647,-0.1018994
959.8628,959.9647,-0.1018996
959.8628,959.9647,-0.101901
959.8628,959.9647,-0.1019014
959.8628,959.9647,-0.101904
959.8628,959.9647,-0.1019045
959.8628,959.9647,-0.1019047
959.8628,959.9647,-0.1019048
959.8628,959.9647,-0.1019051
959.8628,959.9647,-0.1019062
959.8628,959.9647,-0.1019074
959.8628,959.9647,-0.1019076
959.8628,959.9647,-0.1019078
959.8628,959.9647,-0.101909
959.8628,959.9647,-0.1019109
959.8628,959.9647,-0.1019123
959.8628,959.9647,-0.1019126
959.8628,959.9647,-0.101913
959.8628,959.9647,-0.101914
959.8628,959.9647,-0.1019176
959.8628,959.9647,-0.1019179
959.8628,959.9647,-0.1019181
959.8628,959.9647,-0.1019213
959.8628,959.9647,-0.1019214
959.8628,959.9647,-0.1019219
959.8628,959.9647,-0.1019222
959.8628,959.9647,-0.1019225
959.8628,959.9647,-0.1019245
959.8628,959.9647,-0.1019246
959.8628,959.9647,-0.1019251
959.8628,959.9647,-0.1019287
959.8628,959.9647,-0.1019302
959.8628,959.9647,-0.101931
959.8628,959.9647,-0.1019311
959.8628,959.9647,-0.1019325
959.8628,959.9647,-0.1019326
959.8628,959.9647,-0.1019337
959.8628,959.9647,-0.1019374
959.8628,959.9647,-0.1019374
959.8628,959.9647,-0.1019382
959.8628,959.9647,-0.1019387
959.8628,959.9647,-0.1019392
959.8628,959.9647,-0.1019395
959.8628,959.9647,-0.1019406
959.8628,959.9647,-0.1019412
959.8628,959.9647,-0.1019416
959.8628,959.9647,-0.1019418
959.8628,959.9647,-0.1019432
959.8628,959.9647,-0.1019441
959.8628,959.9647,-0.101947
959.8628,959.9647,-0.1019483
959.8628,959.9648,-0.10195
959.8628,959.9648,-0.1019506
959.8628,959.9648,-0.101951
959.8628,959.9648,-0.1019516
959.8628,959.9648,-0.1019523
959.8628,959.9648,-0.1019531
959.8628,959.9648,-0.101954
959.8628,959.9648,-0.1019552
959.8628,959.9648,-0.101956
959.8628,959.9648,-0.1019571
959.8628,959.9648,-0.1019606
959.8628,959.9648,-0.1019617
959.8628,959.9648,-0.1019618
959.8628,959.9648,-0.1019638
959.8628,959.9648,-0.1019644
959.8628,959.9648,-0.1019646
959.8628,959.9648,-0.101967
959.8628,959.9648,-0.1019671
959.8628,959.9648,-0.1019676
959.8628,959.9648,-0.101968
959.8628,959.9648,-0.1019686
959.8628,959.9648,-0.101969
959.8628,959.9648,-0.1019703
959.8628,959.9648,-0.1019705
959.8628,959.9648,-0.101972
959.8628,959.9648,-0.1019726
959.8628,959.9648,-0.1019738
959.8628,959.9648,-0.1019742
959.8628,959.9648,-0.1019747
959.8628,959.9648,-0.1019757
959.8628,959.9648,-0.1019763
959.8628,959.9648,-0.1019785
959.8628,959.9648,-0.1019793
959.8628,959.9648,-0.1019798
959.8628,959.9648,-0.1019814
959.8628,959.9648,-0.1019855
959.8628,959.9648,-0.1019861
959.8628,959.9648,-0.1019862
959.8628,959.9648,-0.1019874
959.8628,959.9648,-0.1019889
959.8628,959.9648,-0.1019907
959.8628,959.9648,-0.1019912
959.8628,959.9648,-0.1019921
959.8628,959.9648,-0.1019924
959.8628,959.9648,-0.1019927
959.8628,959.9648,-0.1019929
959.8628,959.9648,-0.101995
959.8628,959.9648,-0.1019967
959.8628,959.9648,-0.1019975
959.8628,959.9648,-0.1019985
959.8628,959.9648,-0.1020009
959.8628,959.9648,-0.1020013
959.8628,959.9648,-0.1020016
959.8628,959.9648,-0.1020032
959.8628,959.9648,-0.1020034
959.8628,959.9648,-0.1020043
959.8628,959.9648,-0.1020054
959.8628,959.9648,-0.1020083
959.8628,959.9648,-0.1020087
959.8628,959.9648,-0.1020089
959.8628,959.9648,-0.1020091
959.8628,959.9648,-0.1020092
959.8628,959.9648,-0.1020104
959.8628,959.9648,-0.1020106
959.8628,959.9648,-0.1020112
959.8628,959.9648,-0.1020122
959.8628,959.9648,-0.1020124
959.8628,959.9648,-0.1020153
959.8628,959.9648,-0.1020157
959.8628,959.9648,-0.1020165
959.8628,959.9648,-0.1020167
959.8628,959.9648,-0.102017
959.8628,959.9648,-0.1020178
959.8628,959.9648,-0.102018
959.8628,959.9648,-0.1020185
959.8628,959.9648,-0.1020188
959.8628,959.9648,-0.1020203
959.8628,959.9648,-0.1020234
959.8628,959.9648,-0.1020241
959.8628,959.9648,-0.1020264
959.8628,959.9648,-0.102029
959.8628,959.9648,-0.1020305
959.8628,959.9648,-0.1020324
959.8628,959.9648,-0.1020327
959.8628,959.9648,-0.1020331
959.8628,959.9648,-0.102035
959.8628,959.9648,-0.1020357
959.8628,959.9648,-0.1020368
959.8628,959.9648,-0.1020374
959.8628,959.9648,-0.1020379
959.8628,959.9648,-0.1020391
959.8628,959.9648,-0.1020408
959.8628,959.9648,-0.102044
959.8628,959.9648,-0.1020447
959.8628,959.9648,-0.102045
959.8628,959.9648,-0.1020456
959.8628,959.9648,-0.1020469
959.8628,959.9648,-0.1020474
959.8628,959.9649,-0.1020504
959.8628,959.9649,-0.102051
959.8628,959.9649,-0.102052
959.8628,959.9649,-0.102054
959.8628,959.9649,-0.1020553
959.8628,959.9649,-0.1020564
959.8628,959.9649,-0.1020607
959.8628,959.9649,-0.1020615
959.8628,959.9649,-0.1020623
959.8628,959.9649,-0.1020627
959.8628,959.9649,-0.1020642
959.8628,959.9649,-0.1020667
959.8628,959.9649,-0.1020674
959.8628,959.9649,-0.1020699
959.8628,959.9649,-0.1020709
959.8628,959.9649,-0.1020714
959.8628,959.9649,-0.1020727
959.8628,959.9649,-0.102074
959.8628,959.9649,-0.1020749
959.8628,959.9649,-0.1020757
959.8628,959.9649,-0.102076
959.8628,959.9649,-0.1020761
959.8628,959.9649,-0.1020762
959.8628,959.9649,-0.102077
959.8628,959.9649,-0.1020778
959.8628,959.9649,-0.1020808
959.8628,959.9649,-0.1020811
959.8628,959.9649,-0.1020827
959.8628,959.9649,-0.1020835
959.8628,959.9649,-0.1020848
959.8628,959.9649,-0.102086
959.8628,959.9649,-0.1020869
959.8628,959.9649,-0.1020872
959.8628,959.9649,-0.1020875
959.8628,959.9649,-0.1020894
959.8628,959.9649,-0.1020895
959.8628,959.9649,-0.1020896
959.8628,959.9649,-0.102091
959.8628,959.9649,-0.1020922
959.8628,959.9649,-0.1020954
959.8628,959.9649,-0.1020955
959.8628,959.9649,-0.1020955
959.8628,959.9649,-0.102096
959.8628,959.9649,-0.1020963
959.8628,959.9649,-0.1020967
959.8628,959.9649,-0.1020971
959.8628,959.9649,-0.1020981
959.8628,959.9649,-0.1021019
959.8628,959.9649,-0.1021053
959.8628,959.9649,-0.1021063
959.8628,959.9649,-0.1021074
959.8628,959.9649,-0.1021075
959.8628,959.9649,-0.1021081
959.8628,959.9649,-0.1021092
959.8628,959.9649,-0.1021103
959.8628,959.9649,-0.1021117
959.8628,959.9649,-0.1021121
959.8628,959.9649,-0.1021132
959.8628,959.9649,-0.1021137
959.8628,959.9649,-0.1021139
959.8628,959.9649,-0.1021145
959.8628,959.9649,-0.1021175
959.8628,959.9649,-0.1021195
959.8628,959.9649,-0.1021198
959.8628,959.9649,-0.1021203
959.8628,959.9649,-0.1021216
959.8628,959.9649,-0.1021222
959.8628,959.9649,-0.1021232
959.8628,959.9649,-0.1021245
959.8628,959.9649,-0.1021248
959.8628,959.9649,-0.1021267
959.8628,959.9649,-0.1021279
959.8628,959.9649,-0.1021301
959.8628,959.9649,-0.1021302
959.8628,959.9649,-0.1021304
959.8628,959.9649,-0.102131
959.8628,959.9649,-0.1021316
959.8628,959.9649,-0.1021316
959.8628,959.9649,-0.1021333
959.8628,959.9649,-0.1021341
959.8628,959.9649,-0.1021356
959.8628,959.9649,-0.1021358
959.8628,959.9649,-0.1021368
959.8628,959.9649,-0.102139
959.8628,959.9649,-0.1021391
959.8628,959.9649,-0.1021404
959.8628,959.9649,-0.1021405
959.8628,959.9649,-0.1021421
959.8628,959.9649,-0.1021422
959.8628,959.9649,-0.1021448
959.8628,959.9649,-0.1021448
959.8628,959.9649,-0.1021456
959.8628,959.9649,-0.1021479
959.8628,959.9649,-0.1021485
959.8628,959.9649,-0.1021486
959.8628,959.9649,-0.1021491
959.8628,959.9649,-0.1021491
959.8628,959.9649,-0.1021494
959.8628,959.965,-0.10215
959.8628,959.965,-0.1021523
959.8628,959.965,-0.1021528
959.8628,959.965,-0.1021534
959.8628,959.965,-0.1021546
959.8628,959.965,-0.1021552
959.8628,959.965,-0.1021553
959.8628,959.965,-0.1021554
959.8628,959.965,-0.1021561
959.8628,959.965,-0.1021562
959.8628,959.965,-0.1021577
959.8628,959.965,-0.1021588
959.8628,959.965,-0.10216
959.8628,959.965,-0.1021659
959.8628,959.965,-0.102166
959.8628,959.965,-0.1021662
959.8628,959.965,-0.1021673
959.8628,959.965,-0.1021688
959.8628,959.965,-0.1021693
959.8628,959.965,-0.1021709
959.8628,959.965,-0.1021716
959.8628,959.965,-0.1021725
959.8628,959.965,-0.1021733
959.8628,959.965,-0.1021745
959.8628,959.965,-0.1021753
959.8628,959.965,-0.1021765
959.8628,959.965,-0.1021771
959.8628,959.965,-0.1021785
959.8628,959.965,-0.1021787
959.8628,959.965,-0.10218
959.8628,959.965,-0.1021802
959.8628,959.965,-0.1021806
959.8628,959.965,-0.1021808
959.8628,959.965,-0.1021815
959.8628,959.965,-0.1021843
959.8628,959.965,-0.1021849
959.8628,959.965,-0.1021857
959.8628,959.965,-0.1021864
959.8628,959.965,-0.1021879
959.8628,959.965,-0.1021887
959.8628,959.965,-0.1021904
959.8628,959.965,-0.102191
959.8628,959.965,-0.1021929
959.8628,959.965,-0.1021954
959.8628,959.965,-0.1021979
959.8628,959.965,-0.1021979
959.8628,959.965,-0.1021988
959.8628,959.965,-0.1021999
959.8628,959.965,-0.1022011
959.8628,959.965,-0.1022014
959.8628,959.965,-0.1022018
959.8628,959.965,-0.1022036
959.8628,959.965,-0.1022037
959.8628,959.965,-0.1022039
959.8628,959.965,-0.1022043
959.8628,959.965,-0.1022045
959.8628,959.965,-0.102206
959.8628,959.965,-0.1022062
959.8628,959.965,-0.1022066
959.8628,959.965,-0.1022067
959.8628,959.965,-0.1022069
959.8628,959.965,-0.1022072
959.8628,959.965,-0.1022086
959.8628,959.965,-0.102209
959.8628,959.965,-0.1022101
959.8628,959.965,-0.1022106
959.8628,959.965,-0.1022121
959.8628,959.965,-0.1022128
959.8628,959.965,-0.1022159
959.8628,959.965,-0.1022161
959.8628,959.965,-0.1022168
959.8628,959.965,-0.1022172
959.8628,959.965,-0.1022176
959.8628,959.965,-0.102218
959.8628,959.965,-0.1022197
959.8628,959.965,-0.1022228
959.8628,959.965,-0.1022242
959.8628,959.965,-0.1022245
959.8628,959.965,-0.1022258
959.8628,959.965,-0.1022262
959.8628,959.965,-0.1022276
959.8628,959.965,-0.1022291
959.8628,959.965,-0.1022305
959.8628,959.965,-0.1022306
959.8628,959.965,-0.1022306
959.8628,959.965,-0.102231
959.8628,959.965,-0.1022318
959.8628,959.965,-0.102232
959.8628,959.965,-0.1022323
959.8628,959.965,-0.1022335
959.8628,959.965,-0.1022336
959.8628,959.965,-0.102234
959.8628,959.965,-0.1022357
959.8628,959.965,-0.1022365
959.8628,959.965,-0.1022369
959.8628,959.965,-0.1022385
959.8628,959.965,-0.1022388
959.8628,959.965,-0.102239
959.8628,959.965,-0.1022405
959.8628,959.965,-0.1022405
959.8628,959.965,-0.1022424
959.8628,959.965,-0.1022433
959.8628,959.965,-0.1022436
959.8628,959.965,-0.1022436
959.8628,959.965,-0.1022437
959.8628,959.965,-0.102244
959.8628,959.965,-0.102245
959.8628,959.965,-0.1022457
959.8628,959.965,-0.1022474
959.8628,959.9651,-0.1022501
959.8628,959.9651,-0.1022504
959.8628,959.9651,-0.1022529
959.8628,959.9651,-0.102253
959.8628,959.9651,-0.1022545
959.8628,959.9651,-0.1022561
959.8628,959.9651,-0.1022562
959.8628,959.9651,-0.1022606
959.8628,959.9651,-0.102261
959.8628,959.9651,-0.1022621
959.8628,959.9651,-0.1022628
959.8628,959.9651,-0.1022629
959.8628,959.9651,-0.1022641
959.8628,959.9651,-0.1022651
959.8628,959.9651,-0.1022658
959.8628,959.9651,-0.1022689
959.8628,959.9651,-0.1022698
959.8628,959.9651,-0.1022734
959.8628,959.9651,-0.1022737
959.8628,959.9651,-0.1022741
959.8628,959.9651,-0.1022767
959.8628,959.9651,-0.1022783
959.8628,959.9651,-0.1022783
959.8628,959.9651,-0.1022804
959.8628,959.9651,-0.1022833
959.8628,959.9651,-0.1022846
959.8628,959.9651,-0.1022855
959.8628,959.9651,-0.1022896
959.8628,959.9651,-0.1022902
959.8628,959.9651,-0.1022909
959.8628,959.9651,-0.1022909
959.8628,959.9651,-0.1022912
959.8628,959.9651,-0.1022918
959.8628,959.9651,-0.1022921
959.8628,959.9651,-0.1022927
959.8628,959.9651,-0.1022938
959.8628,959.9651,-0.1022939
959.8628,959.9651,-0.1022945
959.8628,959.9651,-0.1022957
959.8628,959.9651,-0.102298
959.8628,959.9651,-0.1022982
959.8628,959.9651,-0.1022998
959.8628,959.9651,-0.1023
959.8628,959.9651,-0.1023004
959.8628,959.9651,-0.1023007
959.8628,959.9651,-0.1023012
959.8628,959.9651,-0.1023019
959.8628,959.9651,-0.1023034
959.8628,959.9651,-0.1023042
959.8628,959.9651,-0.1023044
959.8628,959.9651,-0.1023048
959.8628,959.9651,-0.1023059
959.8628,959.9651,-0.1023062
959.8628,959.9651,-0.1023064
959.8628,959.9651,-0.102307
959.8628,959.9651,-0.1023093
959.8628,959.9651,-0.1023099
959.8628,959.9651,-0.1023123
959.8628,959.9651,-0.1023137
959.8628,959.9651,-0.1023182
959.8628,959.9651,-0.1023191
959.8628,959.9651,-0.1023194
959.8628,959.9651,-0.1023194
959.8628,959.9651,-0.1023197
959.8628,959.9651,-0.1023207
959.8628,959.9651,-0.1023208
959.8628,959.9651,-0.1023224
959.8628,959.9651,-0.1023241
959.8628,959.9651,-0.1023241
959.8628,959.9651,-0.1023242
959.8628,959.9651,-0.1023243
959.8628,959.9651,-0.1023283
959.8628,959.9651,-0.1023298
959.8628,959.9651,-0.1023302
959.8628,959.9651,-0.102332
959.8628,959.9651,-0.1023326
959.8628,959.9651,-0.102335
959.8628,959.9651,-0.1023357
959.8628,959.9651,-0.1023359
959.8628,959.9651,-0.102339
959.8628,959.9651,-0.1023423
959.8628,959.9651,-0.1023467
959.8628,959.9651,-0.1023477
959.8628,959.9651,-0.102348
959.8628,959.9651,-0.1023483
959.8628,959.9651,-0.1023487
959.8628,959.9651,-0.1023493
959.8628,959.9651,-0.1023498
959.8628,959.9652,-0.1023507
959.8628,959.9652,-0.1023513
959.8628,959.9652,-0.1023521
959.8628,959.9652,-0.1023531
959.8628,959.9652,-0.1023533
959.8628,959.9652,-0.1023553
959.8628,959.9652,-0.1023555
959.8628,959.9652,-0.1023573
959.8628,959.9652,-0.1023591
959.8628,959.9652,-0.1023621
959.8628,959.9652,-0.1023625
959.8628,959.9652,-0.1023633
959.8628,959.9652,-0.1023642
959.8628,959.9652,-0.1023659
959.8628,959.9652,-0.102369
959.8628,959.9652,-0.1023691
959.8628,959.9652,-0.1023697
959.8628,959.9652,-0.1023701
959.8628,959.9652,-0.1023701
959.8628,959.9652,-0.1023701
959.8628,959.9652,-0.1023709
959.8628,959.9652,-0.1023728
959.8628,959.9652,-0.1023732
959.8628,959.9652,-0.1023743
959.8628,959.9652,-0.1023758
959.8628,959.9652,-0.1023766
959.8628,959.9652,-0.1023767
959.8628,959.9652,-0.1023776
959.8628,959.9652,-0.1023782
959.8628,959.9652,-0.1023801
959.8628,959.9652,-0.1023808
959.8628,959.9652,-0.1023809
959.8628,959.9652,-0.1023825
959.8628,959.9652,-0.1023833
959.8628,959.9652,-0.1023849
959.8628,959.9652,-0.1023851
959.8628,959.9652,-0.1023857
959.8628,959.9652,-0.1023864
959.8628,959.9652,-0.1023865
959.8628,959.9652,-0.1023876
959.8628,959.9652,-0.102388
959.8628,959.9652,-0.1023906
959.8628,959.9652,-0.102391
959.8628,959.9652,-0.1023925
959.8628,959.9652,-0.1023937
959.8628,959.9652,-0.1023952
959.8628,959.9652,-0.102396
959.8628,959.9652,-0.1023979
959.8628,959.9652,-0.1023999
959.8628,959.9652,-0.1024017
959.8628,959.9652,-0.1024022
959.8628,959.9652,-0.1024022
959.8628,959.9652,-0.1024029
959.8628,959.9652,-0.1024036
959.8628,959.9652,-0.1024053
959.8628,959.9652,-0.1024058
959.8628,959.9652,-0.1024058
959.8628,959.9652,-0.1024059
959.8628,959.9652,-0.1024064
959.8628,959.9652,-0.1024066
959.8628,959.9652,-0.1024074
959.8628,959.9652,-0.1024077
959.8628,959.9652,-0.1024078
959.8628,959.9652,-0.102408
959.8628,959.9652,-0.1024087
959.8628,959.9652,-0.1024096
959.8628,959.9652,-0.1024108
959.8628,959.9652,-0.1024111
959.8628,959.9652,-0.1024129
959.8628,959.9652,-0.1024142
959.8628,959.9652,-0.1024146
959.8628,959.9652,-0.1024156
959.8628,959.9652,-0.1024174
959.8628,959.9652,-0.1024175
959.8628,959.9652,-0.1024187
959.8628,959.9652,-0.1024205
959.8628,959.9652,-0.1024211
959.8628,959.9652,-0.1024226
959.8628,959.9652,-0.1024231
959.8628,959.9652,-0.1024249
959.8628,959.9652,-0.1024264
959.8628,959.9652,-0.1024266
959.8628,959.9652,-0.1024274
959.8628,959.9652,-0.1024279
959.8628,959.9652,-0.1024302
959.8628,959.9652,-0.1024304
959.8628,959.9652,-0.1024305
959.8628,959.9652,-0.1024307
959.8628,959.9652,-0.1024309
959.8628,959.9652,-0.1024314
959.8628,959.9652,-0.1024332
959.8628,959.9652,-0.1024334
959.8628,959.9652,-0.1024351
959.8628,959.9652,-0.1024353
959.8628,959.9652,-0.1024361
959.8628,959.9652,-0.1024377
959.8628,959.9652,-0.1024396
959.8628,959.9652,-0.1024414
959.8628,959.9652,-0.1024414
959.8628,959.9652,-0.1024416
959.8628,959.9652,-0.1024417
959.8628,959.9652,-0.1024428
959.8628,959.9652,-0.1024447
959.8628,959.9652,-0.1024451
959.8628,959.9652,-0.1024453
959.8628,959.9652,-0.1024469
959.8628,959.9652,-0.102447
959.8628,959.9652,-0.1024475
959.8628,959.9652,-0.1024477
959.8628,959.9652,-0.1024486
959.8628,959.9653,-0.1024502
959.8628,959.9653,-0.1024525
959.8628,959.9653,-0.1024537
959.8628,959.9653,-0.1024556
959.8628,959.9653,-0.1024562
959.8628,959.9653,-0.1024574
959.8628,959.9653,-0.102458
959.8628,959.9653,-0.1024582
959.8628,959.9653,-0.1024585
959.8628,959.9653,-0.1024589
959.8628,959.9653,-0.1024597
959.8628,959.9653,-0.1024622
959.8628,959.9653,-0.1024629
959.8628,959.9653,-0.1024633
959.8628,959.9653,-0.1024639
959.8628,959.9653,-0.1024665
959.8628,959.9653,-0.1024668
959.8628,959.9653,-0.1024676
959.8628,959.9653,-0.10247
959.8628,959.9653,-0.1024704
959.8628,959.9653,-0.1024705
959.8628,959.9653,-0.1024708
959.8628,959.9653,-0.1024727
959.8628,959.9653,-0.1024782
959.8628,959.9653,-0.1024804
959.8628,959.9653,-0.1024814
959.8628,959.9653,-0.1024819
959.8628,959.9653,-0.1024819
959.8628,959.9653,-0.1024825
959.8628,959.9653,-0.1024841
959.8628,959.9653,-0.1024845
959.8628,959.9653,-0.1024865
959.8628,959.9653,-0.1024867
959.8628,959.9653,-0.1024878
959.8628,959.9653,-0.1024903
959.8628,959.9653,-0.1024906
959.8628,959.9653,-0.1024916
959.8628,959.9653,-0.1024919
959.8628,959.9653,-0.1024922
959.8628,959.9653,-0.1024934
959.8628,959.9653,-0.102495
959.8628,959.9653,-0.102495
959.8628,959.9653,-0.1024979
959.8628,959.9653,-0.1024997
959.8628,959.9653,-0.102502
959.8628,959.9653,-0.1025041
959.8628,959.9653,-0.1025047
959.8628,959.9653,-0.1025052
959.8628,959.9653,-0.1025052
959.8628,959.9653,-0.1025066
959.8628,959.9653,-0.102507
959.8628,959.9653,-0.1025077
959.8628,959.9653,-0.102508
959.8628,959.9653,-0.1025097
959.8628,959.9653,-0.1025098
959.8628,959.9653,-0.1025116
959.8628,959.9653,-0.1025119
959.8628,959.9653,-0.1025123
959.8628,959.9653,-0.1025134
959.8628,959.9653,-0.1025145
959.8628,959.9653,-0.1025147
959.8628,959.9653,-0.1025148
959.8628,959.9653,-0.1025151
959.8628,959.9653,-0.1025155
959.8628,959.9653,-0.1025163
959.8628,959.9653,-0.1025165
959.8628,959.9653,-0.1025165
959.8628,959.9653,-0.1025185
959.8628,959.9653,-0.1025185
959.8628,959.9653,-0.1025187
959.8628,959.9653,-0.1025231
959.8628,959.9653,-0.1025243
959.8628,959.9653,-0.1025247
959.8628,959.9653,-0.102526
959.8628,959.9653,-0.1025263
959.8628,959.9653,-0.1025266
959.8628,959.9653,-0.1025272
959.8628,959.9653,-0.1025274
959.8628,959.9653,-0.1025286
959.8628,959.9653,-0.1025291
959.8628,959.9653,-0.1025293
959.8628,959.9653,-0.1025309
959.8628,959.9653,-0.1025331
959.8628,959.9653,-0.1025336
959.8628,959.9653,-0.1025338
959.8628,959.9653,-0.102536
959.8628,959.9653,-0.1025419
959.8628,959.9653,-0.1025424
959.8628,959.9653,-0.1025434
959.8628,959.9653,-0.1025444
959.8628,959.9653,-0.1025444
959.8628,959.9653,-0.1025458
959.8628,959.9653,-0.1025483
959.8628,959.9653,-0.1025484
959.8628,959.9653,-0.1025489
959.8628,959.9654,-0.1025512
959.8628,959.9654,-0.102553
959.8628,959.9654,-0.102554
959.8628,959.9654,-0.1025562
959.8628,959.9654,-0.1025567
959.8628,959.9654,-0.1025578
959.8628,959.9654,-0.102558
959.8628,959.9654,-0.1025597
959.8628,959.9654,-0.1025603
959.8628,959.9654,-0.1025634
959.8628,959.9654,-0.1025636
959.8628,959.9654,-0.1025637
959.8628,959.9654,-0.1025643
959.8628,959.9654,-0.1025645
959.8628,959.9654,-0.1025649
959.8628,959.9654,-0.1025656
959.8628,959.9654,-0.1025663
959.8628,959.9654,-0.1025689
959.8628,959.9654,-0.1025708
959.8628,959.9654,-0.1025726
959.8628,959.9654,-0.1025741
959.8628,959.9654,-0.1025742
959.8628,959.9654,-0.1025744
959.8628,959.9654,-0.102575
959.8628,959.9654,-0.1025762
959.8628,959.9654,-0.1025787
959.8628,959.9654,-0.1025799
959.8628,959.9654,-0.1025809
959.8628,959.9654,-0.1025814
959.8628,959.9654,-0.1025831
959.8628,959.9654,-0.1025835
959.8628,959.9654,-0.102584
959.8628,959.9654,-0.1025844
959.8628,959.9654,-0.102587
959.8628,959.9654,-0.1025888
959.8628,959.9654,-0.1025888
959.8628,959.9654,-0.1025919
959.8628,959.9654,-0.1025929
959.8628,959.9654,-0.1025934
959.8628,959.9654,-0.1025936
959.8628,959.9654,-0.1026005
959.8628,959.9654,-0.1026022
959.8628,959.9654,-0.1026024
959.8628,959.9654,-0.1026068
959.8628,959.9654,-0.1026083
959.8628,959.9654,-0.1026098
959.8628,959.9654,-0.1026108
959.8628,959.9654,-0.1026117
959.8628,959.9654,-0.1026122
959.8628,959.9654,-0.1026125
959.8628,959.9654,-0.1026125
959.8628,959.9654,-0.1026128
959.8628,959.9654,-0.1026138
959.8628,959.9654,-0.102616
959.8628,959.9654,-0.1026163
959.8628,959.9654,-0.102621
959.8628,959.9654,-0.1026233
959.8628,959.9654,-0.102624
959.8628,959.9654,-0.1026256
959.8628,959.9654,-0.1026265
959.8628,959.9654,-0.1026278
959.8628,959.9654,-0.102631
959.8628,959.9654,-0.102631
959.8628,959.9654,-0.102632
959.8628,959.9654,-0.1026321
959.8628,959.9654,-0.102635
959.8628,959.9654,-0.1026352
959.8628,959.9654,-0.1026361
959.8628,959.9654,-0.1026369
959.8628,959.9654,-0.1026392
959.8628,959.9654,-0.1026408
959.8628,959.9654,-0.1026411
959.8628,959.9654,-0.1026418
959.8628,959.9654,-0.1026432
959.8628,959.9654,-0.1026435
959.8628,959.9654,-0.1026435
959.8628,959.9654,-0.1026459
959.8628,959.9654,-0.102646
959.8628,959.9654,-0.1026488
959.8628,959.9654,-0.1026492
959.8628,959.9654,-0.1026492
959.8628,959.9655,-0.1026503
959.8628,959.9655,-0.1026519
959.8628,959.9655,-0.1026524
959.8628,959.9655,-0.1026532
959.8628,959.9655,-0.1026539
959.8628,959.9655,-0.1026553
959.8628,959.9655,-0.1026558
959.8628,959.9655,-0.102658
959.8628,959.9655,-0.102658
959.8628,959.9655,-0.1026584
959.8628,959.9655,-0.1026586
959.8628,959.9655,-0.102661
959.8628,959.9655,-0.1026611
959.8628,959.9655,-0.1026614
959.8628,959.9655,-0.1026615
959.8628,959.9655,-0.1026615
959.8628,959.9655,-0.1026617
959.8628,959.9655,-0.1026618
959.8628,959.9655,-0.1026652
959.8628,959.9655,-0.1026655
959.8628,959.9655,-0.1026678
959.8628,959.9655,-0.102668
959.8628,959.9655,-0.1026684
959.8628,959.9655,-0.1026685
959.8628,959.9655,-0.1026707
959.8628,959.9655,-0.1026714
959.8628,959.9655,-0.1026718
959.8628,959.9655,-0.102672
959.8628,959.9655,-0.1026736
959.8628,959.9655,-0.1026736
959.8628,959.9655,-0.1026741
959.8628,959.9655,-0.1026767
959.8628,959.9655,-0.1026801
959.8628,959.9655,-0.1026809
959.8628,959.9655,-0.1026818
959.8628,959.9655,-0.1026853
959.8628,959.9655,-0.1026853
959.8628,959.9655,-0.1026858
959.8628,959.9655,-0.1026881
959.8628,959.9655,-0.1026933
959.8628,959.9655,-0.1026979
959.8628,959.9655,-0.1026984
959.8628,959.9655,-0.1027028
959.8628,959.9655,-0.1027061
959.8628,959.9655,-0.102707
959.8628,959.9655,-0.1027082
959.8628,959.9655,-0.1027088
959.8628,959.9655,-0.1027095
959.8628,959.9655,-0.1027102
959.8628,959.9655,-0.1027106
959.8628,959.9655,-0.1027114
959.8628,959.9655,-0.102713
959.8628,959.9655,-0.1027147
959.8628,959.9655,-0.1027147
959.8628,959.9655,-0.1027153
959.8628,959.9655,-0.1027154
959.8628,959.9655,-0.1027161
959.8628,959.9655,-0.1027162
959.8628,959.9655,-0.1027167
959.8628,959.9655,-0.1027168
959.8628,959.9655,-0.1027174
959.8628,959.9655,-0.1027175
959.8628,959.9655,-0.1027193
959.8628,959.9655,-0.1027224
959.8628,959.9655,-0.1027232
959.8628,959.9655,-0.1027244
959.8628,959.9655,-0.1027268
959.8628,959.9655,-0.1027303
959.8628,959.9655,-0.1027305
959.8628,959.9655,-0.1027306
959.8628,959.9655,-0.1027324
959.8628,959.9655,-0.1027326
959.8628,959.9655,-0.102733
959.8628,959.9655,-0.1027333
959.8628,959.9655,-0.1027337
959.8628,959.9655,-0.102734
959.8628,959.9655,-0.1027351
959.8628,959.9655,-0.1027385
959.8628,959.9655,-0.1027391
959.8628,959.9655,-0.1027396
959.8628,959.9655,-0.1027399
959.8628,959.9655,-0.1027399
959.8628,959.9655,-0.1027402
959.8628,959.9655,-0.1027451
959.8628,959.9655,-0.1027487
959.8628,959.9655,-0.102749
959.8628,959.9655,-0.1027494
959.8628,959.9655,-0.1027497
959.8628,959.9655,-0.1027499
959.8628,959.9656,-0.1027509
959.8628,959.9656,-0.1027528
959.8628,959.9656,-0.1027538
959.8628,959.9656,-0.1027551
959.8628,959.9656,-0.1027563
959.8628,959.9656,-0.1027565
959.8628,959.9656,-0.102758
959.8628,959.9656,-0.1027592
959.8628,959.9656,-0.1027612
959.8628,959.9656,-0.1027613
959.8628,959.9656,-0.102762
959.8628,959.9656,-0.102762
959.8628,959.9656,-0.1027643
959.8628,959.9656,-0.1027646
959.8628,959.9656,-0.1027658
959.8628,959.9656,-0.102767
959.8628,959.9656,-0.1027677
959.8628,959.9656,-0.102769
959.8628,959.9656,-0.1027696
959.8628,959.9656,-0.1027705
959.8628,959.9656,-0.1027718
959.8628,959.9656,-0.1027731
959.8628,959.9656,-0.1027743
959.8628,959.9656,-0.102775
959.8628,959.9656,-0.1027752
959.8628,959.9656,-0.102777
959.8628,959.9656,-0.1027771
959.8628,959.9656,-0.1027782
959.8628,959.9656,-0.1027805
959.8628,959.9656,-0.1027809
959.8628,959.9656,-0.102781
959.8628,959.9656,-0.102782
959.8628,959.9656,-0.1027825
959.8628,959.9656,-0.1027837
959.8628,959.9656,-0.1027858
959.8628,959.9656,-0.1027891
959.8628,959.9656,-0.1027903
959.8628,959.9656,-0.1027907
959.8628,959.9656,-0.1027908
959.8628,959.9656,-0.1027909
959.8628,959.9656,-0.1027918
959.8628,959.9656,-0.1027918
959.8628,959.9656,-0.1027921
959.8628,959.9656,-0.1027966
959.8628,959.9656,-0.1027969
959.8628,959.9656,-0.1027971
959.8628,959.9656,-0.1027989
959.8628,959.9656,-0.1027991
959.8628,959.9656,-0.1028037
959.8628,959.9656,-0.1028056
959.8628,959.9656,-0.102806
959.8628,959.9656,-0.1028061
959.8628,959.9656,-0.102807
959.8628,959.9656,-0.1028077
959.8628,959.9656,-0.102808
959.8628,959.9656,-0.1028081
959.8628,959.9656,-0.1028106
959.8628,959.9656,-0.102811
959.8628,959.9656,-0.1028126
959.8628,959.9656,-0.1028134
959.8628,959.9656,-0.1028137
959.8628,959.9656,-0.102814
959.8628,959.9656,-0.102815
959.8628,959.9656,-0.1028156
959.8628,959.9656,-0.1028173
959.8628,959.9656,-0.1028186
959.8628,959.9656,-0.1028196
959.8628,959.9656,-0.1028214
959.8628,959.9656,-0.1028226
959.8628,959.9656,-0.1028231
959.8628,959.9656,-0.1028234
959.8628,959.9656,-0.1028276
959.8628,959.9656,-0.1028288
959.8628,959.9656,-0.1028315
959.8628,959.9656,-0.1028329
959.8628,959.9656,-0.1028334
959.8628,959.9656,-0.1028348
959.8628,959.9656,-0.1028348
959.8628,959.9656,-0.1028369
959.8628,959.9656,-0.1028421
959.8628,959.9656,-0.1028483
959.8628,959.9656,-0.1028495
959.8628,959.9657,-0.1028523
959.8628,959.9657,-0.1028545
959.8628,959.9657,-0.102857
959.8628,959.9657,-0.1028574
959.8628,959.9657,-0.1028608
959.8628,959.9657,-0.1028612
959.8628,959.9657,-0.1028616
959.8628,959.9657,-0.1028619
959.8628,959.9657,-0.1028623
959.8628,959.9657,-0.1028641
959.8628,959.9657,-0.102865
959.8628,959.9657,-0.1028652
959.8628,959.9657,-0.102866
959.8628,959.9657,-0.102868
959.8628,959.9657,-0.1028684
959.8628,959.9657,-0.1028686
959.8628,959.9657,-0.1028696
959.8628,959.9657,-0.1028705
959.8628,959.9657,-0.1028713
959.8628,959.9657,-0.102873
959.8628,959.9657,-0.1028756
959.8628,959.9657,-0.1028766
959.8628,959.9657,-0.1028768
959.8628,959.9657,-0.1028774
959.8628,959.9657,-0.1028829
959.8628,959.9657,-0.1028866
959.8628,959.9657,-0.1028883
959.8628,959.9657,-0.1028886
959.8628,959.9657,-0.1028909
959.8628,959.9657,-0.1028918
959.8628,959.9657,-0.1028919
959.8628,959.9657,-0.1028924
959.8628,959.9657,-0.1028926
959.8628,959.9657,-0.1028935
959.8628,959.9657,-0.1028972
959.8628,959.9657,-0.1029003
959.8628,959.9657,-0.1029008
959.8628,959.9657,-0.1029019
959.8628,959.9657,-0.1029023
959.8628,959.9657,-0.1029041
959.8628,959.9657,-0.1029049
959.8628,959.9657,-0.1029062
959.8628,959.9657,-0.1029069
959.8628,959.9657,-0.1029107
959.8628,959.9657,-0.1029137
959.8628,959.9657,-0.1029148
959.8628,959.9657,-0.1029158
959.8628,959.9657,-0.1029177
959.8628,959.9657,-0.1029197
959.8628,959.9657,-0.1029203
959.8628,959.9657,-0.102921
959.8628,959.9657,-0.1029231
959.8628,959.9657,-0.1029241
959.8628,959.9657,-0.1029248
959.8628,959.9657,-0.1029271
959.8628,959.9657,-0.1029287
959.8628,959.9657,-0.1029297
959.8628,959.9657,-0.1029328
959.8628,959.9657,-0.1029335
959.8628,959.9657,-0.1029338
959.8628,959.9657,-0.1029339
959.8628,959.9657,-0.1029371
959.8628,959.9657,-0.1029381
959.8628,959.9657,-0.1029388
959.8628,959.9657,-0.1029409
959.8628,959.9657,-0.1029415
959.8628,959.9657,-0.102944
959.8628,959.9657,-0.1029444
959.8628,959.9657,-0.1029458
959.8628,959.9657,-0.1029475
959.8628,959.9657,-0.1029481
959.8628,959.9657,-0.1029483
959.8628,959.9657,-0.1029492
959.8628,959.9657,-0.1029494
959.8628,959.9658,-0.1029524
959.8628,959.9658,-0.1029531
959.8628,959.9658,-0.1029531
959.8628,959.9658,-0.102954
959.8628,959.9658,-0.1029566
959.8628,959.9658,-0.1029567
959.8628,959.9658,-0.1029581
959.8628,959.9658,-0.102959
959.8628,959.9658,-0.1029592
959.8628,959.9658,-0.1029622
959.8628,959.9658,-0.1029663
959.8628,959.9658,-0.1029667
959.8628,959.9658,-0.1029671
959.8628,959.9658,-0.1029673
959.8628,959.9658,-0.102968
959.8628,959.9658,-0.1029689
959.8628,959.9658,-0.1029693
959.8628,959.9658,-0.1029697
959.8628,959.9658,-0.1029699
959.8628,959.9658,-0.1029703
959.8628,959.9658,-0.1029717
959.8628,959.9658,-0.1029729
959.8628,959.9658,-0.1029752
959.8628,959.9658,-0.1029755
959.8628,959.9658,-0.1029775
959.8628,959.9658,-0.1029785
959.8628,959.9658,-0.1029786
959.8628,959.9658,-0.1029787
959.8628,959.9658,-0.1029793
959.8628,959.9658,-0.1029803
959.8628,959.9658,-0.1029808
959.8628,959.9658,-0.1029822
959.8628,959.9658,-0.1029903
959.8628,959.9658,-0.1029912
959.8628,959.9658,-0.1029914
959.8628,959.9658,-0.1029927
959.8628,959.9658,-0.1029947
959.8628,959.9658,-0.1029967
959.8628,959.9658,-0.102997
959.8628,959.9658,-0.1029998
959.8628,959.9658,-0.1030012
959.8628,959.9658,-0.1030034
959.8628,959.9658,-0.1030037
959.8628,959.9658,-0.1030078
959.8628,959.9658,-0.1030078
959.8628,959.9658,-0.1030091
959.8628,959.9658,-0.1030148
959.8628,959.9658,-0.1030158
959.8628,959.9658,-0.1030209
959.8628,959.9658,-0.103021
959.8628,959.9658,-0.1030228
959.8628,959.9658,-0.1030233
959.8628,959.9658,-0.1030244
959.8628,959.9658,-0.1030251
959.8628,959.9658,-0.1030255
959.8628,959.9658,-0.1030256
959.8628,959.9658,-0.1030259
959.8628,959.9658,-0.1030261
959.8628,959.9658,-0.1030287
959.8628,959.9658,-0.1030299
959.8628,959.9658,-0.103031
959.8628,959.9658,-0.1030321
959.8628,959.9658,-0.1030322
959.8628,959.9658,-0.1030356
959.8628,959.9658,-0.103041
959.8628,959.9658,-0.1030414
959.8628,959.9658,-0.103042
959.8628,959.9658,-0.1030426
959.8628,959.9658,-0.1030431
959.8628,959.9658,-0.1030468
959.8628,959.9658,-0.103048
959.8628,959.9658,-0.1030483
959.8628,959.9658,-0.1030488
959.8628,959.9659,-0.1030519
959.8628,959.9659,-0.1030519
959.8628,959.9659,-0.1030568
959.8628,959.9659,-0.1030578
959.8628,959.9659,-0.1030586
959.8628,959.9659,-0.1030613
959.8628,959.9659,-0.1030616
959.8628,959.9659,-0.1030638
959.8628,959.9659,-0.103066
959.8628,959.9659,-0.1030675
959.8628,959.9659,-0.1030681
959.8628,959.9659,-0.1030692
959.8628,959.9659,-0.1030698
959.8628,959.9659,-0.1030728
959.8628,959.9659,-0.1030743
959.8628,959.9659,-0.1030748
959.8628,959.9659,-0.1030753
959.8628,959.9659,-0.1030808
959.8628,959.9659,-0.1030827
959.8628,959.9659,-0.1030869
959.8628,959.9659,-0.1030875
959.8628,959.9659,-0.1030881
959.8628,959.9659,-0.1030886
959.8628,959.9659,-0.103089
959.8628,959.9659,-0.1030891
959.8628,959.9659,-0.1030908
959.8628,959.9659,-0.1030931
959.8628,959.9659,-0.1030964
959.8628,959.9659,-0.1030977
959.8628,959.9659,-0.1030978
959.8628,959.9659,-0.1030979
959.8628,959.9659,-0.103098
959.8628,959.9659,-0.103098
959.8628,959.9659,-0.1031008
959.8628,959.9659,-0.1031023
959.8628,959.9659,-0.1031032
959.8628,959.9659,-0.1031038
959.8628,959.9659,-0.1031053
959.8628,959.9659,-0.1031065
959.8628,959.9659,-0.1031067
959.8628,959.9659,-0.1031081
959.8628,959.9659,-0.1031112
959.8628,959.9659,-0.1031116
959.8628,959.9659,-0.1031124
959.8628,959.9659,-0.1031125
959.8628,959.9659,-0.1031128
959.8628,959.9659,-0.1031129
959.8628,959.9659,-0.1031133
959.8628,959.9659,-0.1031149
959.8628,959.9659,-0.1031165
959.8628,959.9659,-0.1031182
959.8628,959.9659,-0.1031188
959.8628,959.9659,-0.1031217
959.8628,959.9659,-0.1031224
959.8628,959.9659,-0.103123
959.8628,959.9659,-0.1031236
959.8628,959.9659,-0.1031238
959.8628,959.9659,-0.1031253
959.8628,959.9659,-0.1031272
959.8628,959.9659,-0.1031281
959.8628,959.9659,-0.1031298
959.8628,959.9659,-0.1031298
959.8628,959.9659,-0.1031347
959.8628,959.9659,-0.1031357
959.8628,959.9659,-0.1031357
959.8628,959.9659,-0.1031374
959.8628,959.9659,-0.1031379
959.8628,959.9659,-0.1031382
959.8628,959.9659,-0.1031392
959.8628,959.9659,-0.1031396
959.8628,959.9659,-0.1031396
959.8628,959.9659,-0.1031402
959.8628,959.9659,-0.1031442
959.8628,959.9659,-0.1031465
959.8628,959.9659,-0.1031471
959.8628,959.966,-0.103151
959.8628,959.966,-0.1031515
959.8628,959.966,-0.1031518
959.8628,959.966,-0.103152
959.8628,959.966,-0.1031534
959.8628,959.966,-0.1031574
959.8628,959.966,-0.1031575
959.8628,959.966,-0.1031587
959.8628,959.966,-0.1031606
959.8628,959.966,-0.1031615
959.8628,959.966,-0.1031638
959.8628,959.966,-0.1031656
959.8628,959.966,-0.103166
959.8628,959.966,-0.103167
959.8628,959.966,-0.1031685
959.8628,959.966,-0.1031712
959.8628,959.966,-0.1031726
959.8628,959.966,-0.1031775
959.8628,959.966,-0.103184
959.8628,959.966,-0.1031848
959.8628,959.966,-0.103187
959.8628,959.966,-0.1031871
959.8628,959.966,-0.1031873
959.8628,959.966,-0.1031898
959.8628,959.966,-0.1031909
959.8628,959.966,-0.1031914
959.8628,959.966,-0.1031928
959.8628,959.966,-0.1031929
959.8628,959.966,-0.1031956
959.8628,959.966,-0.1031958
959.8628,959.966,-0.1031976
959.8628,959.966,-0.1031984
959.8628,959.966,-0.1031993
959.8628,959.966,-0.1032002
959.8628,959.966,-0.1032002
959.8628,959.966,-0.1032027
959.8628,959.966,-0.1032028
959.8628,959.966,-0.1032029
959.8628,959.966,-0.1032036
959.8628,959.966,-0.1032038
959.8628,959.966,-0.1032044
959.8628,959.966,-0.1032061
959.8628,959.966,-0.1032068
959.8628,959.966,-0.103207
959.8628,959.966,-0.1032079
959.8628,959.966,-0.1032081
959.8628,959.966,-0.1032086
959.8628,959.966,-0.1032096
959.8628,959.966,-0.1032136
959.8628,959.966,-0.1032144
959.8628,959.966,-0.1032145
959.8628,959.966,-0.1032177
959.8628,959.966,-0.1032178
959.8628,959.966,-0.1032178
959.8628,959.966,-0.1032187
959.8628,959.966,-0.1032192
959.8628,959.966,-0.10322
959.8628,959.966,-0.1032209
959.8628,959.966,-0.1032212
959.8628,959.966,-0.1032241
959.8628,959.966,-0.1032256
959.8628,959.966,-0.1032258
959.8628,959.966,-0.1032262
959.8628,959.966,-0.103229
959.8628,959.966,-0.1032312
959.8628,959.966,-0.1032333
959.8628,959.966,-0.1032367
959.8628,959.966,-0.103238
959.8628,959.966,-0.1032389
959.8628,959.966,-0.1032391
959.8628,959.966,-0.1032437
959.8628,959.966,-0.1032478
959.8628,959.966,-0.1032479
959.8628,959.966,-0.1032487
959.8628,959.966,-0.1032499
959.8628,959.9661,-0.1032501
959.8628,959.9661,-0.1032517
959.8628,959.9661,-0.1032546
959.8628,959.9661,-0.1032547
959.8628,959.9661,-0.1032566
959.8628,959.9661,-0.1032573
959.8628,959.9661,-0.1032583
959.8628,959.9661,-0.1032606
959.8628,959.9661,-0.1032614
959.8628,959.9661,-0.103262
959.8628,959.9661,-0.1032635
959.8628,959.9661,-0.103264
959.8628,959.9661,-0.1032679
959.8628,959.9661,-0.103268
959.8628,959.9661,-0.1032718
959.8628,959.9661,-0.103272
959.8628,959.9661,-0.1032721
959.8628,959.9661,-0.1032724
959.8628,959.9661,-0.1032741
959.8628,959.9661,-0.1032769
959.8628,959.9661,-0.1032776
959.8628,959.9661,-0.1032793
959.8628,959.9661,-0.1032815
959.8628,959.9661,-0.103284
959.8628,959.9661,-0.1032854
959.8628,959.9661,-0.1032897
959.8628,959.9661,-0.1032899
959.8628,959.9661,-0.10329
959.8628,959.9661,-0.1032918
959.8628,959.9661,-0.1032928
959.8628,959.9661,-0.1032928
959.8628,959.9661,-0.1032934
959.8628,959.9661,-0.1032954
959.8628,959.9661,-0.1032964
959.8628,959.9661,-0.1032977
959.8628,959.9661,-0.1032978
959.8628,959.9661,-0.1032978
959.8628,959.9661,-0.103298
959.8628,959.9661,-0.1032983
959.8628,959.9661,-0.1033005
959.8628,959.9661,-0.1033032
959.8628,959.9661,-0.1033068
959.8628,959.9661,-0.103309
959.8628,959.9661,-0.1033133
959.8628,959.9661,-0.1033143
959.8628,959.9661,-0.1033163
959.8628,959.9661,-0.1033179
959.8628,959.9661,-0.1033212
959.8628,959.9661,-0.1033216
959.8628,959.9661,-0.1033222
959.8628,959.9661,-0.1033225
959.8628,959.9661,-0.1033238
959.8628,959.9661,-0.1033241
959.8628,959.9661,-0.103328
959.8628,959.9661,-0.1033291
959.8628,959.9661,-0.1033297
959.8628,959.9661,-0.1033301
959.8628,959.9661,-0.1033359
959.8628,959.9661,-0.1033415
959.8628,959.9661,-0.1033429
959.8628,959.9661,-0.1033455
959.8628,959.9661,-0.1033467
959.8628,959.9661,-0.1033469
959.8628,959.9661,-0.1033495
959.8628,959.9661,-0.1033498
959.8628,959.9662,-0.1033503
959.8628,959.9662,-0.1033509
959.8628,959.9662,-0.1033521
959.8628,959.9662,-0.1033526
959.8628,959.9662,-0.1033549
959.8628,959.9662,-0.1033562
959.8628,959.9662,-0.1033649
959.8628,959.9662,-0.1033672
959.8628,959.9662,-0.1033702
959.8628,959.9662,-0.1033708
959.8628,959.9662,-0.1033719
959.8628,959.9662,-0.103372
959.8628,959.9662,-0.1033751
959.8628,959.9662,-0.1033773
959.8628,959.9662,-0.1033791
959.8628,959.9662,-0.1033794
959.8628,959.9662,-0.1033798
959.8628,959.9662,-0.103381
959.8628,959.9662,-0.1033819
959.8628,959.9662,-0.1033839
959.8628,959.9662,-0.1033852
959.8628,959.9662,-0.1033859
959.8628,959.9662,-0.1033898
959.8628,959.9662,-0.1033899
959.8628,959.9662,-0.1033926
959.8628,959.9662,-0.1033941
959.8628,959.9662,-0.1033947
959.8628,959.9662,-0.1033964
959.8628,959.9662,-0.103398
959.8628,959.9662,-0.1033981
959.8628,959.9662,-0.1034
959.8628,959.9662,-0.1034007
959.8628,959.9662,-0.103401
959.8628,959.9662,-0.1034023
959.8628,959.9662,-0.1034028
959.8628,959.9662,-0.1034058
959.8628,959.9662,-0.1034084
959.8628,959.9662,-0.1034092
959.8628,959.9662,-0.1034103
959.8628,959.9662,-0.1034117
959.8628,959.9662,-0.1034177
959.8628,959.9662,-0.1034225
959.8628,959.9662,-0.1034236
959.8628,959.9662,-0.103428
959.8628,959.9662,-0.1034301
959.8628,959.9662,-0.1034331
959.8628,959.9662,-0.1034382
959.8628,959.9662,-0.1034389
959.8628,959.9662,-0.103439
959.8628,959.9662,-0.1034455
959.8628,959.9662,-0.1034457
959.8628,959.9662,-0.1034462
959.8628,959.9662,-0.1034466
959.8628,959.9662,-0.1034468
959.8628,959.9662,-0.1034471
959.8628,959.9663,-0.1034514
959.8628,959.9663,-0.1034518
959.8628,959.9663,-0.1034524
959.8628,959.9663,-0.1034545
959.8628,959.9663,-0.1034569
959.8628,959.9663,-0.1034573
959.8628,959.9663,-0.1034601
959.8628,959.9663,-0.1034618
959.8628,959.9663,-0.1034648
959.8628,959.9663,-0.1034689
959.8628,959.9663,-0.1034696
959.8628,959.9663,-0.1034725
959.8628,959.9663,-0.1034745
959.8628,959.9663,-0.1034758
959.8628,959.9663,-0.1034774
959.8628,959.9663,-0.1034778
959.8628,959.9663,-0.1034904
959.8628,959.9663,-0.103491
959.8628,959.9663,-0.1034924
959.8628,959.9663,-0.1034938
959.8628,959.9663,-0.1034951
959.8628,959.9663,-0.1034969
959.8628,959.9663,-0.1034972
959.8628,959.9663,-0.1035008
959.8628,959.9663,-0.1035012
959.8628,959.9663,-0.103503
959.8628,959.9663,-0.1035074
959.8628,959.9663,-0.1035096
959.8628,959.9663,-0.1035151
959.8628,959.9663,-0.1035155
959.8628,959.9663,-0.1035165
959.8628,959.9663,-0.1035181
959.8628,959.9663,-0.1035185
959.8628,959.9663,-0.1035203
959.8628,959.9663,-0.1035215
959.8628,959.9663,-0.1035216
959.8628,959.9663,-0.1035245
959.8628,959.9663,-0.1035253
959.8628,959.9663,-0.103526
959.8628,959.9663,-0.1035264
959.8628,959.9663,-0.1035283
959.8628,959.9663,-0.1035292
959.8628,959.9663,-0.1035299
959.8628,959.9663,-0.1035329
959.8628,959.9663,-0.1035331
959.8628,959.9663,-0.1035331
959.8628,959.9663,-0.1035335
959.8628,959.9663,-0.1035352
959.8628,959.9663,-0.10354
959.8628,959.9663,-0.1035422
959.8628,959.9663,-0.103543
959.8628,959.9663,-0.1035441
959.8628,959.9663,-0.1035461
959.8628,959.9663,-0.1035478
959.8628,959.9663,-0.1035488
959.8628,959.9664,-0.10355
959.8628,959.9664,-0.1035502
959.8628,959.9664,-0.1035503
959.8628,959.9664,-0.1035536
959.8628,959.9664,-0.1035557
959.8628,959.9664,-0.1035575
959.8628,959.9664,-0.1035576
959.8628,959.9664,-0.1035598
959.8628,959.9664,-0.103561
959.8628,959.9664,-0.1035661
959.8628,959.9664,-0.1035671
959.8628,959.9664,-0.1035693
959.8628,959.9664,-0.1035698
959.8628,959.9664,-0.1035701
959.8628,959.9664,-0.1035708
959.8628,959.9664,-0.1035801
959.8628,959.9664,-0.1035815
959.8628,959.9664,-0.1035832
959.8628,959.9664,-0.1035855
959.8628,959.9664,-0.1035875
959.8628,959.9664,-0.1035926
959.8628,959.9664,-0.1035931
959.8628,959.9664,-0.1035941
959.8628,959.9664,-0.1035951
959.8628,959.9664,-0.1035954
959.8628,959.9664,-0.1035958
959.8628,959.9664,-0.1035974
959.8628,959.9664,-0.1035979
959.8628,959.9664,-0.1036026
959.8628,959.9664,-0.1036029
959.8628,959.9664,-0.103608
959.8628,959.9664,-0.1036086
959.8628,959.9664,-0.1036091
959.8628,959.9664,-0.1036124
959.8628,959.9664,-0.1036127
959.8628,959.9664,-0.1036157
959.8628,959.9664,-0.1036183
959.8628,959.9664,-0.1036224
959.8628,959.9664,-0.1036259
959.8628,959.9664,-0.1036263
959.8628,959.9664,-0.1036359
959.8628,959.9664,-0.1036361
959.8628,959.9664,-0.1036386
959.8628,959.9664,-0.1036411
959.8628,959.9664,-0.1036461
959.8628,959.9664,-0.1036483
959.8628,959.9665,-0.1036515
959.8628,959.9665,-0.1036558
959.8628,959.9665,-0.1036597
959.8628,959.9665,-0.1036616
959.8628,959.9665,-0.1036617
959.8628,959.9665,-0.103662
959.8628,959.9665,-0.1036646
959.8628,959.9665,-0.1036659
959.8628,959.9665,-0.1036677
959.8628,959.9665,-0.1036738
959.8628,959.9665,-0.1036756
959.8628,959.9665,-0.103676
959.8628,959.9665,-0.1036771
959.8628,959.9665,-0.1036848
959.8628,959.9665,-0.1036862
959.8628,959.9665,-0.1036871
959.8628,959.9665,-0.103692
959.8628,959.9665,-0.1036924
959.8628,959.9665,-0.1036926
959.8628,959.9665,-0.1036972
959.8628,959.9665,-0.1037017
959.8628,959.9665,-0.1037032
959.8628,959.9665,-0.1037032
959.8628,959.9665,-0.1037033
959.8628,959.9665,-0.1037082
959.8628,959.9665,-0.1037123
959.8628,959.9665,-0.1037125
959.8628,959.9665,-0.1037142
959.8628,959.9665,-0.1037149
959.8628,959.9665,-0.1037168
959.8628,959.9665,-0.1037264
959.8628,959.9665,-0.1037341
959.8628,959.9665,-0.1037382
959.8628,959.9665,-0.1037421
959.8628,959.9665,-0.1037422
959.8628,959.9665,-0.1037441
959.8628,959.9666,-0.1037513
959.8628,959.9666,-0.1037531
959.8628,959.9666,-0.103759
959.8628,959.9666,-0.1037603
959.8628,959.9666,-0.1037619
959.8628,959.9666,-0.1037634
959.8628,959.9666,-0.1037659
959.8628,959.9666,-0.1037669
959.8628,959.9666,-0.1037673
959.8628,959.9666,-0.1037681
959.8628,959.9666,-0.1037687
959.8628,959.9666,-0.1037687
959.8628,959.9666,-0.1037691
959.8628,959.9666,-0.1037705
959.8628,959.9666,-0.1037723
959.8628,959.9666,-0.1037748
959.8628,959.9666,-0.1037774
959.8628,959.9666,-0.1037774
959.8628,959.9666,-0.1037776
959.8628,959.9666,-0.103783
959.8628,959.9666,-0.1037842
959.8628,959.9666,-0.1037875
959.8628,959.9666,-0.103796
959.8628,959.9666,-0.1037983
959.8628,959.9666,-0.1038034
959.8628,959.9666,-0.1038061
959.8628,959.9666,-0.1038153
959.8628,959.9666,-0.1038184
959.8628,959.9666,-0.1038185
959.8628,959.9666,-0.1038219
959.8628,959.9666,-0.1038251
959.8628,959.9666,-0.1038274
959.8628,959.9666,-0.1038311
959.8628,959.9666,-0.1038312
959.8628,959.9666,-0.1038316
959.8628,959.9666,-0.1038337
959.8628,959.9666,-0.1038378
959.8628,959.9666,-0.1038426
959.8628,959.9666,-0.1038448
959.8628,959.9666,-0.1038469
959.8628,959.9666,-0.1038478
959.8628,959.9666,-0.1038493
959.8628,959.9667,-0.1038545
959.8628,959.9667,-0.1038546
959.8628,959.9667,-0.1038552
959.8628,959.9667,-0.1038581
959.8628,959.9667,-0.1038591
959.8628,959.9667,-0.1038734
959.8628,959.9667,-0.1038761
959.8628,959.9667,-0.1038772
959.8628,959.9667,-0.1038789
959.8628,959.9667,-0.1038819
959.8628,959.9667,-0.1038942
959.8628,959.9667,-0.1038965
959.8628,959.9667,-0.1038976
959.8628,959.9667,-0.103901
959.8628,959.9667,-0.1039019
959.8628,959.9667,-0.1039031
959.8628,959.9667,-0.1039056
959.8628,959.9667,-0.1039068
959.8628,959.9667,-0.1039117
959.8628,959.9667,-0.1039134
959.8628,959.9667,-0.1039163
959.8628,959.9667,-0.1039193
959.8628,959.9667,-0.1039265
959.8628,959.9667,-0.1039286
959.8628,959.9667,-0.1039305
959.8628,959.9667,-0.1039316
959.8628,959.9667,-0.1039323
959.8628,959.9667,-0.1039334
959.8628,959.9667,-0.1039371
959.8628,959.9667,-0.1039373
959.8628,959.9667,-0.1039381
959.8628,959.9667,-0.1039389
959.8628,959.9667,-0.1039423
959.8628,959.9667,-0.1039429
959.8628,959.9667,-0.103943
959.8628,959.9667,-0.1039464
959.8628,959.9667,-0.1039495
959.8628,959.9668,-0.1039533
959.8628,959.9668,-0.1039541
959.8628,959.9668,-0.103955
959.8628,959.9668,-0.103962
959.8628,959.9668,-0.1039635
959.8628,959.9668,-0.1039668
959.8628,959.9668,-0.1039709
959.8628,959.9668,-0.1039743
959.8628,959.9668,-0.1039752
959.8628,959.9668,-0.1039755
959.8628,959.9668,-0.1039755
959.8628,959.9668,-0.1039778
959.8628,959.9668,-0.1039781
959.8628,959.9668,-0.1039781
959.8628,959.9668,-0.103986
959.8628,959.9668,-0.1039865
959.8628,959.9668,-0.103993
959.8628,959.9668,-0.1039946
959.8628,959.9668,-0.1039985
959.8628,959.9668,-0.1040013
959.8628,959.9668,-0.1040032
959.8628,959.9668,-0.1040046
959.8628,959.9668,-0.1040081
959.8628,959.9668,-0.1040101
959.8628,959.9668,-0.1040191
959.8628,959.9668,-0.1040223
959.8628,959.9668,-0.1040229
959.8628,959.9668,-0.1040259
959.8628,959.9668,-0.1040307
959.8628,959.9668,-0.1040326
959.8628,959.9668,-0.1040338
959.8628,959.9668,-0.1040344
959.8628,959.9668,-0.104037
959.8628,959.9668,-0.1040381
959.8628,959.9668,-0.1040388
959.8628,959.9668,-0.1040396
959.8628,959.9668,-0.104044
959.8628,959.9668,-0.1040448
959.8628,959.9668,-0.1040458
959.8628,959.9668,-0.1040483
959.8628,959.9669,-0.104054
959.8628,959.9669,-0.104054
959.8628,959.9669,-0.1040544
959.8628,959.9669,-0.1040551
959.8628,959.9669,-0.1040617
959.8628,959.9669,-0.104064
959.8628,959.9669,-0.1040675
959.8628,959.9669,-0.1040704
959.8628,959.9669,-0.1040768
959.8628,959.9669,-0.1040783
959.8628,959.9669,-0.1040789
959.8628,959.9669,-0.1040803
959.8628,959.9669,-0.1040826
959.8628,959.9669,-0.1040827
959.8628,959.9669,-0.1040899
959.8628,959.9669,-0.1040942
959.8628,959.9669,-0.1040977
959.8628,959.9669,-0.1041021
959.8628,959.9669,-0.1041026
959.8628,959.9669,-0.1041137
959.8628,959.9669,-0.1041208
959.8628,959.9669,-0.1041211
959.8628,959.9669,-0.1041223
959.8628,959.9669,-0.1041227
959.8628,959.9669,-0.1041262
959.8628,959.9669,-0.1041292
959.8628,959.9669,-0.104132
959.8628,959.9669,-0.1041336
959.8628,959.9669,-0.1041361
959.8628,959.9669,-0.1041362
959.8628,959.9669,-0.1041377
959.8628,959.9669,-0.104138
959.8628,959.9669,-0.1041464
959.8628,959.967,-0.1041516
959.8628,959.967,-0.1041523
959.8628,959.967,-0.1041647
959.8628,959.967,-0.1041675
959.8628,959.967,-0.1041679
959.8628,959.967,-0.1041707
959.8628,959.967,-0.1041713
959.8628,959.967,-0.1041746
959.8628,959.967,-0.1041769
959.8628,959.967,-0.1041805
959.8628,959.967,-0.1041853
959.8628,959.967,-0.1041909
959.8628,959.967,-0.1041953
959.8628,959.967,-0.1041966
959.8628,959.967,-0.1041992
959.8628,959.967,-0.1042018
959.8628,959.967,-0.1042072
959.8628,959.967,-0.1042099
959.8628,959.967,-0.1042121
959.8628,959.967,-0.1042146
959.8628,959.967,-0.1042247
959.8628,959.967,-0.1042263
959.8628,959.967,-0.1042277
959.8628,959.967,-0.1042331
959.8628,959.967,-0.1042341
959.8628,959.967,-0.1042351
959.8628,959.967,-0.1042366
959.8628,959.967,-0.1042455
959.8628,959.9671,-0.1042503
959.8628,959.9671,-0.1042509
959.8628,959.9671,-0.1042543
959.8628,959.9671,-0.1042557
959.8628,959.9671,-0.1042561
959.8628,959.9671,-0.1042613
959.8628,959.9671,-0.1042627
959.8628,959.9671,-0.1042628
959.8628,959.9671,-0.104267
959.8628,959.9671,-0.1042706
959.8628,959.9671,-0.1042746
959.8628,959.9671,-0.1042758
959.8628,959.9671,-0.1042822
959.8628,959.9671,-0.1042833
959.8628,959.9671,-0.104286
959.8628,959.9671,-0.1042865
959.8628,959.9671,-0.1042877
959.8628,959.9671,-0.1042895
959.8628,959.9671,-0.1042948
959.8628,959.9671,-0.1042986
959.8628,959.9671,-0.1043016
959.8628,959.9671,-0.1043043
959.8628,959.9671,-0.1043165
959.8628,959.9671,-0.1043245
959.8628,959.9671,-0.1043253
959.8628,959.9671,-0.1043358
959.8628,959.9671,-0.1043408
959.8628,959.9671,-0.1043457
959.8628,959.9672,-0.1043529
959.8628,959.9672,-0.1043542
959.8628,959.9672,-0.1043573
959.8628,959.9672,-0.1043583
959.8628,959.9672,-0.1043702
959.8628,959.9672,-0.1043712
959.8628,959.9672,-0.1043742
959.8628,959.9672,-0.1043799
959.8628,959.9672,-0.1043801
959.8628,959.9672,-0.1043879
959.8628,959.9672,-0.1043931
959.8628,959.9672,-0.1043958
959.8628,959.9672,-0.1044008
959.8628,959.9672,-0.104401
959.8628,959.9672,-0.1044113
959.8628,959.9672,-0.1044251
959.8628,959.9672,-0.1044256
959.8628,959.9672,-0.1044257
959.8628,959.9672,-0.1044296
959.8628,959.9672,-0.1044304
959.8628,959.9672,-0.104435
959.8628,959.9672,-0.1044398
959.8628,959.9672,-0.1044398
959.8628,959.9672,-0.1044409
959.8628,959.9672,-0.1044419
959.8628,959.9672,-0.1044429
959.8628,959.9672,-0.1044433
959.8628,959.9672,-0.1044492
959.8628,959.9673,-0.1044624
959.8628,959.9673,-0.1044664
959.8628,959.9673,-0.1044673
959.8628,959.9673,-0.1044682
959.8628,959.9673,-0.1044724
959.8628,959.9673,-0.1044805
959.8628,959.9673,-0.1044867
959.8628,959.9673,-0.104487
959.8628,959.9673,-0.1044973
959.8628,959.9673,-0.1045024
959.8628,959.9673,-0.1045041
959.8628,959.9673,-0.1045071
959.8628,959.9673,-0.1045106
959.8628,959.9673,-0.1045109
959.8628,959.9673,-0.1045326
959.8628,959.9673,-0.1045327
959.8628,959.9673,-0.1045355
959.8628,959.9673,-0.1045425
959.8628,959.9673,-0.1045458
959.8628,959.9674,-0.1045536
959.8628,959.9674,-0.1045536
959.8628,959.9674,-0.1045705
959.8628,959.9674,-0.1045759
959.8628,959.9674,-0.1045836
959.8628,959.9674,-0.1045861
959.8628,959.9674,-0.1045869
959.8628,959.9674,-0.1045898
959.8628,959.9674,-0.10459
959.8628,959.9674,-0.1045908
959.8628,959.9674,-0.104594
959.8628,959.9674,-0.1045941
959.8628,959.9674,-0.1045945
959.8628,959.9674,-0.1045951
959.8628,959.9674,-0.1046006
959.8628,959.9674,-0.1046151
959.8628,959.9674,-0.1046161
959.8628,959.9674,-0.1046344
959.8628,959.9674,-0.1046374
959.8628,959.9674,-0.1046419
959.8628,959.9674,-0.1046461
959.8628,959.9674,-0.1046468
959.8628,959.9674,-0.1046478
959.8628,959.9674,-0.1046486
959.8628,959.9675,-0.1046518
959.8628,959.9675,-0.1046523
959.8628,959.9675,-0.104659
959.8628,959.9675,-0.1046613
959.8628,959.9675,-0.1046664
959.8628,959.9675,-0.1046688
959.8628,959.9675,-0.1046689
959.8628,959.9675,-0.1046726
959.8628,959.9675,-0.1046788
959.8628,959.9675,-0.1046835
959.8628,959.9675,-0.1046898
959.8628,959.9675,-0.1046948
959.8628,959.9675,-0.1046979
959.8628,959.9675,-0.104705
959.8628,959.9675,-0.1047061
959.8628,959.9675,-0.1047065
959.8628,959.9675,-0.1047076
959.8628,959.9675,-0.1047175
959.8628,959.9675,-0.1047197
959.8628,959.9675,-0.1047216
959.8628,959.9675,-0.1047226
959.8628,959.9675,-0.1047266
959.8628,959.9675,-0.1047277
959.8628,959.9675,-0.1047279
959.8628,959.9675,-0.1047297
959.8628,959.9675,-0.1047309
959.8628,959.9675,-0.1047319
959.8628,959.9675,-0.1047336
959.8628,959.9675,-0.1047431
959.8628,959.9675,-0.1047486
959.8628,959.9675,-0.1047491
959.8628,959.9676,-0.1047538
959.8628,959.9676,-0.104754
959.8628,959.9676,-0.1047703
959.8628,959.9676,-0.1047729
959.8628,959.9676,-0.1047767
959.8628,959.9676,-0.1047839
959.8628,959.9676,-0.1047926
959.8628,959.9676,-0.1047934
959.8628,959.9676,-0.1047942
959.8628,959.9676,-0.1047969
959.8628,959.9676,-0.1047969
959.8628,959.9676,-0.1048179
959.8628,959.9676,-0.1048241
959.8628,959.9676,-0.1048284
959.8628,959.9676,-0.104829
959.8628,959.9676,-0.1048335
959.8628,959.9676,-0.1048403
959.8628,959.9676,-0.1048466
959.8628,959.9676,-0.1048495
959.8628,959.9677,-0.1048686
959.8628,959.9677,-0.1048731
959.8628,959.9677,-0.1048749
959.8628,959.9677,-0.1048765
959.8628,959.9677,-0.1048769
959.8628,959.9677,-0.1048775
959.8628,959.9677,-0.1048856
959.8628,959.9677,-0.1048867
959.8628,959.9677,-0.1048873
959.8628,959.9677,-0.1048891
959.8628,959.9677,-0.1048932
959.8628,959.9677,-0.1049011
959.8628,959.9677,-0.1049176
959.8628,959.9677,-0.1049209
959.8628,959.9677,-0.1049349
959.8628,959.9677,-0.1049454
959.8628,959.9678,-0.1049516
959.8628,959.9678,-0.1049539
959.8628,959.9678,-0.1049839
959.8628,959.9678,-0.1049855
959.8628,959.9678,-0.105
959.8628,959.9678,-0.1050054
959.8628,959.9678,-0.1050086
959.8628,959.9678,-0.1050139
959.8628,959.9678,-0.1050181
959.8628,959.9678,-0.1050204
959.8628,959.9678,-0.1050307
959.8628,959.9678,-0.1050376
959.8628,959.9678,-0.1050449
959.8628,959.9678,-0.1050495
959.8628,959.9678,-0.1050498
959.8628,959.9679,-0.1050546
959.8628,959.9679,-0.10506
959.8628,959.9679,-0.1050682
959.8628,959.9679,-0.1050827
959.8628,959.9679,-0.1050851
959.8628,959.9679,-0.1050908
959.8628,959.9679,-0.1051307
959.8628,959.968,-0.1051582
959.8628,959.968,-0.1051845
959.8628,959.968,-0.1051919
959.8628,959.968,-0.105194
959.8628,959.968,-0.1051944
959.8628,959.968,-0.1052094
959.8628,959.968,-0.1052238
959.8628,959.968,-0.1052423
959.8628,959.968,-0.1052446
959.8628,959.9681,-0.105265
959.8628,959.9681,-0.1052739
959.8628,959.9681,-0.1052807
959.8628,959.9681,-0.105288
959.8628,959.9681,-0.1053026
959.8628,959.9681,-0.1053057
959.8628,959.9681,-0.105315
959.8628,959.9681,-0.105315
959.8628,959.9681,-0.105321
959.8628,959.9681,-0.1053244
959.8628,959.9681,-0.1053289
959.8628,959.9681,-0.1053333
959.8628,959.9681,-0.1053338
959.8628,959.9681,-0.1053339
959.8628,959.9682,-0.1053526
959.8628,959.9682,-0.1053536
959.8628,959.9682,-0.1053997
959.8628,959.9682,-0.1054055
959.8628,959.9682,-0.1054224
959.8628,959.9682,-0.105441
959.8628,959.9683,-0.1054546
959.8628,959.9683,-0.1054571
959.8628,959.9683,-0.105477
959.8628,959.9683,-0.1054908
959.8628,959.9683,-0.1054925
959.8628,959.9683,-0.1054927
959.8628,959.9683,-0.105511
959.8628,959.9683,-0.1055261
959.8628,959.9683,-0.105528
959.8628,959.9683,-0.1055343
959.8628,959.9683,-0.1055409
959.8628,959.9683,-0.1055458
959.8628,959.9684,-0.1055509
959.8628,959.9684,-0.1055595
959.8628,959.9684,-0.1055842
959.8628,959.9684,-0.1056015
959.8628,959.9684,-0.1056021
959.8628,959.9684,-0.1056163
959.8628,959.9684,-0.1056243
959.8628,959.9684,-0.1056355
959.8628,959.9684,-0.1056443
959.8628,959.9685,-0.105696
959.8628,959.9685,-0.1056977
959.8628,959.9685,-0.1057137
959.8628,959.9685,-0.1057411
959.8628,959.9686,-0.1057536
959.8628,959.9686,-0.1057622
959.8628,959.9686,-0.1057812
959.8628,959.9686,-0.1058093
959.8628,959.9686,-0.105815
959.8628,959.9686,-0.1058393
959.8628,959.9687,-0.1058584
959.8628,959.9687,-0.1058597
959.8628,959.9687,-0.1058841
959.8628,959.9687,-0.1058912
959.8628,959.9687,-0.1059059
959.8628,959.9687,-0.1059121
959.8628,959.9687,-0.1059276
959.8628,959.9688,-0.105993
959.8628,959.9688,-0.1059965
959.8628,959.9688,-0.1060466
959.8628,959.9688,-0.106048
959.8628,959.9689,-0.1060628
959.8628,959.9689,-0.1060683
959.8628,959.9689,-0.1060987
959.8628,959.9689,-0.1061054
959.8628,959.9689,-0.1061113
959.8628,959.9689,-0.1061244
959.8628,959.9689,-0.1061274
959.8628,959.9689,-0.1061353
959.8628,959.969,-0.1061627
959.8628,959.969,-0.1061673
959.8628,959.969,-0.1061757
959.8628,959.969,-0.1061845
959.8628,959.969,-0.1061971
959.8628,959.969,-0.1062373
959.8628,959.969,-0.1062428
959.8628,959.9691,-0.1062672
959.8628,959.9691,-0.1062858
959.8628,959.9691,-0.1063073
959.8628,959.9691,-0.1063339
959.8628,959.9692,-0.1063836
959.8628,959.9692,-0.1063871
959.8628,959.9692,-0.1064074
959.8628,959.9694,-0.1065873
959.8628,959.9694,-0.1066071
959.8628,959.9694,-0.1066118
959.8628,959.9695,-0.1066528
959.8628,959.9695,-0.1066675
959.8628,959.9695,-0.1066971
959.8628,959.9695,-0.1067214
959.8628,959.9695,-0.1067409
959.8628,959.9696,-0.1067511
959.8628,959.9696,-0.1067742
959.8628,959.9696,-0.1067787
959.8628,959.9696,-0.1068001
959.8628,959.9698,-0.1069546
959.8628,959.9698,-0.1069811
959.8628,959.9698,-0.1070015
959.8628,959.9698,-0.1070431
959.8628,959.9698,-0.1070457
959.8628,959.97,-0.1071694
959.8628,959.97,-0.1072279
959.8628,959.9702,-0.1073679
959.8628,959.9702,-0.1073922
959.8628,959.9702,-0.1074254
959.8628,959.9703,-0.1074563
959.8628,959.9703,-0.1074689
959.8628,959.9703,-0.1074961
959.8628,959.9703,-0.1075055
959.8628,959.9703,-0.1075199
959.8628,959.9704,-0.1075622
959.8628,959.9704,-0.1076446
959.8628,959.9706,-0.1077762
959.8628,959.9707,-0.1078785
959.8628,959.9708,-0.1079664
959.8628,959.9708,-0.108016
959.8628,959.9708,-0.108034
959.8628,959.9709,-0.1080821
959.8628,959.9709,-0.1080964
959.8628,959.9709,-0.1081038
959.8628,959.971,-0.1081652
959.8628,959.9711,-0.10827
959.8628,959.9711,-0.108312
959.8628,959.9712,-0.1084283
959.8628,959.9713,-0.1085363
959.8628,959.9713,-0.1085418
959.8628,959.9715,-0.1087033
959.8628,959.9715,-0.1087048
959.8628,959.9715,-0.1087213
959.8628,959.9715,-0.1087337
959.8628,959.9717,-0.1088826
959.8628,959.9718,-0.108963
959.8628,959.9719,-0.1090672
959.8628,959.9719,-0.1091102
959.8628,959.972,-0.1091705
959.8628,959.9721,-0.1093357
959.8628,959.9722,-0.1093895
959.8628,959.9722,-0.1094334
959.8628,959.9723,-0.1094513
959.8628,959.9723,-0.1094781
959.8628,959.9723,-0.1095302
959.8628,959.9726,-0.1097505
959.8628,959.9726,-0.1098364
959.8628,959.9727,-0.1099042
959.8628,959.9728,-0.1100458
959.8628,959.9729,-0.1100807
959.8628,959.9729,-0.1100979
959.8628,959.9729,-0.1101176
959.8628,959.973,-0.1102065
959.8628,959.973,-0.1102124
959.8628,959.973,-0.110235
959.8628,959.9733,-0.1104577
959.8628,959.9733,-0.1105086
959.8628,959.9733,-0.1105281
959.8628,959.9733,-0.1105487
959.8628,959.9734,-0.1106244
959.8628,959.9734,-0.1106484
959.8628,959.9736,-0.1108426
959.8628,959.9739,-0.111098
959.8628,959.9739,-0.1111033
959.8628,959.974,-0.1111516
959.8628,959.974,-0.1111826
959.8628,959.974,-0.1112103
959.8628,959.974,-0.1112416
959.8628,959.9741,-0.1112872
959.8628,959.9741,-0.111337
959.8628,959.9742,-0.1114162
959.8628,959.9743,-0.1114938
959.8628,959.9743,-0.1115023
959.8628,959.9744,-0.1116008
959.8628,959.9745,-0.1117269
959.8628,959.9746,-0.1118115
959.8628,959.9747,-0.1118893
959.8628,959.9748,-0.1120113
959.8628,959.9748,-0.1120142
959.8628,959.9751,-0.1122935
959.8628,959.9752,-0.1124092
959.8628,959.9754,-0.1125915
959.8628,959.9754,-0.1126434
959.8628,959.9755,-0.1126613
959.8628,959.9755,-0.1126709
959.8628,959.9755,-0.112714
959.8628,959.9756,-0.112818
959.8628,959.9757,-0.1128958
959.8628,959.9758,-0.1130005
959.8628,959.9758,-0.1130135
959.8628,959.9759,-0.1131156
959.8628,959.9759,-0.113134
959.8628,959.976,-0.1132139
959.8628,959.976,-0.1132411
959.8628,959.9761,-0.113259
959.8628,959.9763,-0.1134707
959.8628,959.9763,-0.1134933
959.8628,959.9763,-0.1135352
959.8628,959.9764,-0.1135616
959.8628,959.9764,-0.1135916
959.8628,959.9765,-0.113692
959.8628,959.9767,-0.1138527
959.8628,959.9767,-0.1139076
959.8628,959.9768,-0.1140292
959.8628,959.9769,-0.1141035
959.8628,959.9769,-0.1141114
959.8628,959.977,-0.1141603
959.8628,959.977,-0.1141652
959.8628,959.977,-0.1142201
959.8628,959.977,-0.1142267
959.8628,959.9771,-0.1143206
959.8628,959.9772,-0.1144061
959.8628,959.9772,-0.1144194
959.8628,959.9773,-0.1144728
959.8628,959.9773,-0.1145272
959.8628,959.9774,-0.1145895
959.8628,959.9775,-0.1146953
959.8628,959.9776,-0.1148132
959.8628,959.9777,-0.1148599
959.8628,959.9777,-0.1148719
959.8628,959.9777,-0.1148802
959.8628,959.9777,-0.114921
959.8628,959.9777,-0.1149288
959.8628,959.9778,-0.1149886
959.8628,959.9778,-0.1149926
959.8628,959.9779,-0.1151144
959.8628,959.9781,-0.1152996
959.8628,959.9781,-0.1153489
959.8628,959.9782,-0.1153571
959.8628,959.9782,-0.1153869
959.8628,959.9782,-0.1153899
959.8628,959.9782,-0.1154052
959.8628,959.9782,-0.115406
959.8628,959.9782,-0.1154259
959.8628,959.9782,-0.1154396
959.8628,959.9783,-0.1154593
959.8628,959.9783,-0.1155021
959.8628,959.9784,-0.1156044
959.8628,959.9784,-0.1156264
959.8628,959.9784,-0.1156405
959.8628,959.9785,-0.1157295
959.8628,959.9786,-0.1157521
959.8628,959.9786,-0.1158288
959.8628,959.9787,-0.1159473
959.8628,959.9787,-0.1159489
959.8628,959.9788,-0.1159562
959.8628,959.9788,-0.1159956
959.8628,959.9788,-0.1160343
959.8628,959.9789,-0.1160515
959.8628,959.9789,-0.1161074
959.8628,959.979,-0.1161682
959.8628,959.979,-0.116219
959.8628,959.9791,-0.1163206
959.8628,959.9793,-0.1164649
959.8628,959.9793,-0.1164694
959.8628,959.9793,-0.1164766
959.8628,959.9793,-0.1165296
959.8628,959.9794,-0.1166204
959.8628,959.9795,-0.1166727
959.8628,959.9795,-0.1166869
959.8628,959.9796,-0.1167522
959.8628,959.9797,-0.116933
959.8628,959.9798,-0.1169906
959.8628,959.9798,-0.1169985
959.8628,959.98,-0.1171552
959.8628,959.98,-0.1171631
959.8628,959.98,-0.1171802
959.8628,959.98,-0.1172134
959.8628,959.9802,-0.1173994
959.8628,959.9802,-0.117423
959.8628,959.9803,-0.1174826
959.8628,959.9805,-0.117672
959.8628,959.9805,-0.1177024
959.8628,959.9807,-0.1178518
959.8628,959.9808,-0.1179576
959.8628,959.9808,-0.1179639
959.8628,959.9808,-0.1180038
959.8628,959.9808,-0.1180082
959.8628,959.9808,-0.1180334
959.8628,959.9809,-0.1180608
959.8628,959.9809,-0.118097
959.8628,959.9809,-0.1181243
959.8628,959.9809,-0.1181244
959.8628,959.981,-0.118161
959.8628,959.981,-0.1181851
959.8628,959.981,-0.1182458
959.8628,959.9811,-0.1182584
959.8628,959.9811,-0.1182883
959.8628,959.9812,-0.118355
959.8628,959.9812,-0.1183643
959.8628,959.9812,-0.1184102
959.8628,959.9813,-0.1184543
959.8628,959.9813,-0.1184614
959.8628,959.9814,-0.1185813
959.8628,959.9814,-0.1186163
959.8628,959.9815,-0.1187091
959.8628,959.9816,-0.1187756
959.8628,959.9816,-0.1188358
959.8628,959.9817,-0.1188823
959.8628,959.9817,-0.1189124
959.8628,959.9817,-0.1189213
959.8628,959.9817,-0.1189292
959.8628,959.9817,-0.1189428
959.8628,959.9818,-0.1189784
959.8628,959.982,-0.1192125
959.8628,959.982,-0.1192225
959.8628,959.982,-0.1192311
959.8628,959.9821,-0.1192673
959.8628,959.9821,-0.1192951
959.8628,959.9821,-0.119322
959.8628,959.9822,-0.1194143
959.8628,959.9823,-0.1195428
959.8628,959.9823,-0.1195452
959.8628,959.9824,-0.1196327
959.8628,959.9825,-0.1196989
959.8628,959.9825,-0.1197249
959.8628,959.9827,-0.1198688
959.8628,959.9827,-0.1198763
959.8628,959.9827,-0.1198827
959.8628,959.9827,-0.1199024
959.8628,959.9827,-0.1199039
959.8628,959.9827,-0.1199461
959.8628,959.983,-0.1201521
959.8628,959.983,-0.1201675
959.8628,959.983,-0.1201835
959.8628,959.9831,-0.1202594
959.8628,959.9831,-0.1202717
959.8628,959.9832,-0.120441
959.8628,959.9833,-0.1204606
959.8628,959.9833,-0.1205106
959.8628,959.9833,-0.1205111
959.8628,959.9834,-0.1206464
959.8628,959.9835,-0.1207345
959.8628,959.9835,-0.1207388
959.8628,959.9835,-0.1207408
959.8628,959.9836,-0.120759
959.8628,959.9836,-0.1208374
959.8628,959.9837,-0.1208828
959.8628,959.9837,-0.1209278
959.8628,959.9838,-0.1210227
959.8628,959.9838,-0.1210485
959.8628,959.9839,-0.1210593
959.8628,959.9839,-0.1210667
959.8628,959.9839,-0.1211065
959.8628,959.984,-0.1211586
959.8628,959.984,-0.1211752
959.8628,959.984,-0.1211909
959.8628,959.9841,-0.1213465
959.8628,959.9842,-0.1213956
959.8628,959.9842,-0.1214196
959.8628,959.9843,-0.1214563
959.8628,959.9844,-0.1215995
959.8628,959.9844,-0.121615
959.8628,959.9844,-0.1216201
959.8628,959.9845,-0.121673
959.8628,959.9845,-0.1216739
959.8628,959.9845,-0.1217266
959.8628,959.9845,-0.121729
959.8628,959.9846,-0.1218271
959.8628,959.9847,-0.1218664
959.8628,959.9847,-0.1218842
959.8628,959.9848,-0.121958
959.8628,959.9848,-0.1220084
959.8628,959.9849,-0.1220996
959.8628,959.9849,-0.1221142
959.8628,959.9849,-0.1221256
959.8628,959.9849,-0.1221399
959.8628,959.985,-0.1221974
959.8628,959.985,-0.1222045
959.8628,959.9851,-0.122275
959.8628,959.9851,-0.1223251
959.8628,959.9852,-0.1223567
959.8628,959.9853,-0.122521
959.8628,959.9853,-0.1225244
959.8628,959.9854,-0.1226188
959.8628,959.9854,-0.1226457
959.8628,959.9855,-0.1226522
959.8628,959.9855,-0.122689
959.8628,959.9855,-0.1227356
959.8628,959.9855,-0.1227429
959.8628,959.9856,-0.1228052
959.8628,959.9856,-0.1228125
959.8628,959.9857,-0.1228882
959.8628,959.9857,-0.1228975
959.8628,959.9858,-0.1229534
959.8628,959.9858,-0.1230056
959.8628,959.9859,-0.1230547
959.8628,959.986,-0.1231567
959.8628,959.986,-0.1232066
959.8628,959.986,-0.123219
959.8628,959.986,-0.1232357
959.8628,959.986,-0.1232419
959.8628,959.9861,-0.1233042
959.8628,959.9862,-0.1233507
959.8628,959.9862,-0.1233778
959.8628,959.9862,-0.1233958
959.8628,959.9862,-0.1234137
959.8628,959.9863,-0.1234684
959.8628,959.9863,-0.1234784
959.8628,959.9864,-0.1235886
959.8628,959.9864,-0.1236173
959.8628,959.9864,-0.1236289
959.8628,959.9865,-0.1237044
959.8628,959.9866,-0.1237536
959.8628,959.9866,-0.1237833
959.8628,959.9867,-0.123907
959.8628,959.9867,-0.1239102
959.8628,959.9868,-0.123997
959.8628,959.9868,-0.1240332
959.8628,959.9869,-0.1240716
959.8628,959.9871,-0.1242519
959.8628,959.9871,-0.1243256
959.8628,959.9871,-0.1243274
959.8628,959.9871,-0.1243383
959.8628,959.9872,-0.1243812
959.8628,959.9873,-0.1244559
959.8628,959.9873,-0.1244861
959.8628,959.9875,-0.1247047
959.8628,959.9876,-0.1248102
959.8628,959.9876,-0.1248357
959.8628,959.9879,-0.1250592
959.8628,959.9879,-0.1251018
959.8628,959.9879,-0.125123
959.8628,959.988,-0.1252139
959.8628,959.9881,-0.1253076
959.8628,959.9881,-0.1253144
959.8628,959.9882,-0.1253799
959.8628,959.9883,-0.1254744
959.8628,959.9886,-0.1258204
959.8628,959.9886,-0.1258473
959.8628,959.9887,-0.1259159
959.8628,959.9888,-0.1259524
959.8628,959.9888,-0.125979
959.8628,959.9889,-0.1260553
959.8628,959.9889,-0.1261052
959.8628,959.989,-0.1261699
959.8628,959.9892,-0.1264091
959.8628,959.9893,-0.1264931
959.8628,959.9893,-0.1264955
959.8628,959.9895,-0.1266642
959.8628,959.9895,-0.1267358
959.8628,959.9896,-0.1267502
959.8628,959.9896,-0.1267587
959.8628,959.9897,-0.1269247
959.8628,959.9898,-0.1269947
959.8628,959.9899,-0.1271419
959.8628,959.9901,-0.1273278
959.8628,959.9902,-0.127354
959.8628,959.9902,-0.1274296
959.8628,959.9903,-0.1274725
959.8628,959.9903,-0.1275014
959.8628,959.9903,-0.1275326
959.8628,959.9904,-0.1275776
959.8628,959.9905,-0.1276511
959.8628,959.9906,-0.1277636
959.8628,959.9907,-0.1278665
959.8628,959.9908,-0.1279875
959.8628,959.9909,-0.1281476
959.8628,959.991,-0.1281595
959.8628,959.991,-0.1281878
959.8628,959.9911,-0.1282681
959.8628,959.9911,-0.1283345
959.8628,959.9914,-0.1286092
959.8628,959.9914,-0.1286242
959.8628,959.9914,-0.1286493
959.8628,959.9916,-0.1288101
959.8628,959.9917,-0.1289023
959.8628,959.9918,-0.1290154
959.8628,959.992,-0.1291737
959.8628,959.9922,-0.1294442
959.8628,959.9923,-0.1295154
959.8628,959.9924,-0.1296009
959.8628,959.9924,-0.1296158
959.8628,959.9925,-0.1296577
959.8628,959.9926,-0.1298355
959.8628,959.9928,-0.1300119
959.8628,959.9928,-0.130048
959.8628,959.9929,-0.1301045
959.8628,959.993,-0.1301644
959.8628,959.993,-0.1301894
959.8628,959.9931,-0.1303417
959.8628,959.9933,-0.1304939
959.8628,959.9934,-0.130574
959.8628,959.9937,-0.1308689
959.8628,959.9937,-0.1308869
959.8628,959.9938,-0.1309713
959.8628,959.9938,-0.1310109
959.8628,959.9938,-0.1310137
959.8628,959.9939,-0.1311015
959.8628,959.994,-0.1312354
959.8628,959.9942,-0.1314022
959.8628,959.9942,-0.131416
959.8628,959.9942,-0.131441
959.8628,959.9943,-0.1315438
959.8628,959.9945,-0.1317195
959.8628,959.9946,-0.1317681
959.8628,959.9948,-0.1319825
959.8628,959.9948,-0.1320492
959.8628,959.995,-0.1321682
959.8628,959.995,-0.1321746
959.8628,959.995,-0.1322137
959.8628,959.995,-0.1322419
959.8628,959.9951,-0.1323497
959.8628,959.9952,-0.132423
959.8628,959.9953,-0.132468
959.8628,959.9955,-0.1326929
959.8628,959.9955,-0.1327475
959.8628,959.9956,-0.1328312
959.8628,959.9958,-0.1330214
959.8628,959.9958,-0.1330366
959.8628,959.9959,-0.1330602
959.8628,959.996,-0.1332498
959.8628,959.9961,-0.133309
959.8628,959.9962,-0.133355
959.8628,959.9966,-0.1337684
959.8628,959.9968,-0.1339581
959.8628,959.9968,-0.134032
959.8628,959.9968,-0.1340352
959.8628,959.997,-0.1341884
959.8628,959.997,-0.1342113
959.8628,959.9972,-0.1343947
959.8628,959.9974,-0.1346274
959.8628,959.9974,-0.1346366
959.8628,959.9975,-0.1346698
959.8628,959.9976,-0.1348446
959.8628,959.9977,-0.1348644
959.8628,959.9978,-0.1350423
959.8628,959.9979,-0.1350646
959.8628,959.9979,-0.1351076
959.8628,959.9979,-0.1351081
959.8628,959.9979,-0.1351469
959.8628,959.998,-0.1352077
959.8628,959.9981,-0.1353144
959.8628,959.9982,-0.1353648
959.8628,959.9984,-0.1355641
959.8628,959.9984,-0.1355996
959.8628,959.9986,-0.1358478
959.8628,959.9987,-0.1358543
959.8628,959.9988,-0.1359909
959.8628,959.9989,-0.1361017
959.8628,959.9989,-0.1361179
959.8628,959.9989,-0.1361293
959.8628,959.999,-0.1362168
959.8628,959.999,-0.136245
959.8628,959.9991,-0.1363288
959.8628,959.9991,-0.1363397
959.8628,959.9992,-0.1363755
959.8628,959.9992,-0.1363989
959.8628,959.9993,-0.1364535
959.8628,959.9993,-0.1364937
959.8628,959.9993,-0.1365314
959.8628,959.9994,-0.1366291
959.8628,959.9997,-0.1368521
959.8628,959.9997,-0.1368532
959.8628,959.9998,-0.1369875
959.8628,960,-0.1372255
959.8628,960.0001,-0.1372989
959.8628,960.0001,-0.137306
959.8628,960.0002,-0.1374236
959.8628,960.0002,-0.1374411
959.8628,960.0004,-0.1375522
959.8628,960.0005,-0.1376912
959.8628,960.0005,-0.1377046
959.8628,960.0006,-0.1378007
959.8628,960.0007,-0.1378539
959.8628,960.0007,-0.1379238
959.8628,960.0008,-0.1380044
959.8628,960.0008,-0.1380074
959.8628,960.0009,-0.1380874
959.8628,960.0009,-0.138115
959.8628,960.0011,-0.1382646
959.8628,960.0012,-0.1384402
959.8628,960.0014,-0.1385737
959.8628,960.0015,-0.1386802
959.8628,960.0016,-0.1387989
959.8628,960.0016,-0.1388166
959.8628,960.0016,-0.1388239
959.8628,960.0017,-0.138861
959.8628,960.0017,-0.1388651
959.8628,960.0017,-0.1389294
959.8628,960.0018,-0.1389555
959.8628,960.0018,-0.138976
959.8628,960.0019,-0.1390708
959.8628,960.0019,-0.1391002
959.8628,960.002,-0.1391717
959.8628,960.002,-0.139188
959.8628,960.002,-0.1392
959.8628,960.0021,-0.1392743
959.8628,960.0021,-0.1393171
959.8628,960.0022,-0.139361
959.8628,960.0022,-0.1393613
959.8628,960.0022,-0.1393909
959.8628,960.0022,-0.1393974
959.8628,960.0023,-0.1394555
959.8628,960.0023,-0.1394728
959.8628,960.0023,-0.1394811
959.8628,960.0024,-0.1395982
959.8628,960.0025,-0.1396596
959.8628,960.0025,-0.1396774
959.8628,960.0025,-0.1396828
959.8628,960.0025,-0.139722
959.8628,960.0025,-0.1397255
959.8628,960.0026,-0.139751
959.8628,960.0026,-0.1398248
959.8628,960.0026,-0.1398268
959.8628,960.0026,-0.1398332
959.8628,960.0026,-0.1398429
959.8628,960.0027,-0.1398832
959.8628,960.0027,-0.1399116
959.8628,960.0027,-0.1399182
959.8628,960.0027,-0.139927
959.8628,960.0027,-0.1399406
959.8628,960.0028,-0.1400218
959.8628,960.003,-0.1401589
959.8628,960.0032,-0.1403638
959.8628,960.0032,-0.1404204
959.8628,960.0032,-0.140443
959.8628,960.0033,-0.1404731
959.8628,960.0033,-0.1404986
959.8628,960.0035,-0.1407144
959.8628,960.0035,-0.1407428
959.8628,960.0036,-0.1407596
959.8628,960.0037,-0.1409273
959.8628,960.0038,-0.1409552
959.8628,960.0038,-0.1409651
959.8628,960.0038,-0.1409876
959.8628,960.0038,-0.140998
959.8628,960.0038,-0.1409997
959.8628,960.0038,-0.1410439
959.8628,960.0039,-0.1410861
959.8628,960.0039,-0.1410917
959.8628,960.0039,-0.1410963
959.8628,960.0039,-0.1411213
959.8628,960.004,-0.1411838
959.8628,960.004,-0.1411993
959.8628,960.0042,-0.1413795
959.8628,960.0043,-0.1414562
959.8628,960.0044,-0.141628
959.8628,960.0046,-0.1417574
959.8628,960.0046,-0.1417681
959.8628,960.0046,-0.1417856
959.8628,960.0046,-0.1418489
959.8628,960.0047,-0.1418605
959.8628,960.0048,-0.141996
959.8628,960.0048,-0.1420121
959.8628,960.0049,-0.1421454
959.8628,960.0051,-0.1423318
959.8628,960.0053,-0.1425168
959.8628,960.0068,-0.1439548
959.8628,960.0069,-0.1441242
959.8628,960.007,-0.1441739
959.8628,960.0076,-0.1448498
959.8628,960.0077,-0.1448645
959.8628,960.0084,-0.1455951
959.8628,960.0089,-0.1460727
959.8628,960.0092,-0.1463839
959.8628,960.0104,-0.1475869
959.8628,960.0108,-0.1480394
959.8628,960.0798,-0.2170348
959.8628,960.0845,-0.2216952
959.8628,960.0847,-0.2219093
959.8628,960.0894,-0.226579
959.8628,960.0904,-0.2276191
959.8628,960.091,-0.22819
959.8628,960.0914,-0.2285932
959.8628,960.0916,-0.2287636
959.8628,960.0917,-0.2288644
959.8628,960.0928,-0.2299769
959.8628,960.093,-0.2301924
959.8628,960.0933,-0.2304989
959.8628,960.0935,-0.2306904
959.8628,960.0936,-0.2307757
959.8628,960.0941,-0.2312526
959.8628,960.0948,-0.231982
959.8628,960.0954,-0.2325818
959.8628,960.0956,-0.2328225
959.8628,960.0959,-0.2330919
959.8628,960.0961,-0.2332582
959.8628,960.0962,-0.23336
959.8628,960.0962,-0.2333752
959.8628,960.0963,-0.233485
959.8628,960.0963,-0.233515
959.8628,960.0965,-0.233716
959.8628,960.0966,-0.2337708
959.8628,960.0967,-0.2338957
959.8628,960.0969,-0.2341098
959.8628,960.0971,-0.2342611
959.8628,960.0974,-0.2346062
959.8628,960.0974,-0.2346175
959.8628,960.0976,-0.234815
959.8628,960.0978,-0.2349573
959.8628,960.0984,-0.2356138
959.8628,960.0989,-0.2361269
959.8628,960.0991,-0.2362559
959.8628,960.0991,-0.2363251
959.8628,960.0992,-0.2364277
959.8628,960.0993,-0.2365437
959.8628,960.0994,-0.2365623
959.8628,960.0994,-0.2365727
959.8628,960.0999,-0.2371141
959.8628,960.1001,-0.2373462
959.8628,960.1002,-0.237445
959.8628,960.1003,-0.237497
959.8628,960.1003,-0.2375452
959.8628,960.1006,-0.2378321
959.8628,960.1009,-0.238108
959.8628,960.101,-0.2381849
959.8628,960.1011,-0.2383389
959.8628,960.1012,-0.238372
959.8628,960.1013,-0.2384704
959.8628,960.1015,-0.2387014
959.8628,960.1016,-0.2388157
959.8628,960.1016,-0.2388491
959.8628,960.1017,-0.2388767
959.8628,960.1024,-0.2395911
959.8628,960.1025,-0.2396941
959.8628,960.1026,-0.2397515
959.8628,960.1026,-0.2397988
959.8628,960.1028,-0.2400376
959.8628,960.1031,-0.2402998
959.8628,960.1031,-0.2403405
959.8628,960.1032,-0.2404358
959.8628,960.1035,-0.2406733
959.8628,960.1036,-0.2408027
959.8628,960.1036,-0.2408354
959.8628,960.1038,-0.240975
959.8628,960.1039,-0.2411365
959.8628,960.1042,-0.241368
959.8628,960.1042,-0.2413783
959.8628,960.1042,-0.2414191
959.8628,960.1044,-0.2416474
959.8628,960.1045,-0.2416867
959.8628,960.1045,-0.2417449
959.8628,960.1046,-0.2417515
959.8628,960.1047,-0.2418748
959.8628,960.1049,-0.2420824
959.8628,960.1051,-0.2422945
959.8628,960.1052,-0.2424238
959.8628,960.1053,-0.242464
959.8628,960.1053,-0.2425101
959.8628,960.1053,-0.2425344
959.8628,960.1054,-0.2425617
959.8628,960.1054,-0.242608
959.8628,960.1055,-0.2427076
959.8628,960.1056,-0.2428119
959.8628,960.1058,-0.242966
959.8628,960.1058,-0.2429681
959.8628,960.1058,-0.2430018
959.8628,960.1059,-0.2430966
959.8628,960.1062,-0.2433993
959.8628,960.1064,-0.243609
959.8628,960.1065,-0.2436565
959.8628,960.1065,-0.2437238
959.8628,960.1066,-0.2437501
959.8628,960.1067,-0.2438663
959.8628,960.1067,-0.2439408
959.8628,960.1068,-0.2440017
959.8628,960.107,-0.2441661
959.8628,960.1072,-0.2443966
959.8628,960.1075,-0.2447317
959.8628,960.1075,-0.2447389
959.8628,960.1076,-0.2448075
959.8628,960.1077,-0.2448679
959.8628,960.1078,-0.2449802
959.8628,960.1078,-0.2450109
959.8628,960.108,-0.2451918
959.8628,960.108,-0.2452173
959.8628,960.1081,-0.2453053
959.8628,960.1083,-0.2455429
959.8628,960.1085,-0.2456873
959.8628,960.1086,-0.2458043
959.8628,960.1086,-0.2458068
959.8628,960.1086,-0.2458091
959.8628,960.1089,-0.2460764
959.8628,960.109,-0.2462308
959.8628,960.1094,-0.2466123
959.8628,960.1095,-0.2466519
959.8628,960.1096,-0.246803
959.8628,960.1096,-0.2468236
959.8628,960.1096,-0.2468357
959.8628,960.1097,-0.2468631
959.8628,960.1099,-0.2470729
959.8628,960.1102,-0.2473834
959.8628,960.1103,-0.2475449
959.8628,960.1105,-0.2476624
959.8628,960.1105,-0.2477249
959.8628,960.1106,-0.247772
959.8628,960.1106,-0.2478489
959.8628,960.1107,-0.2479147
959.8628,960.1107,-0.2479428
959.8628,960.1108,-0.2480457
959.8628,960.1109,-0.2481001
959.8628,960.1111,-0.2482669
959.8628,960.1113,-0.248542
959.8628,960.1114,-0.2485792
959.8628,960.1114,-0.2486128
959.8628,960.1115,-0.2487158
959.8628,960.1116,-0.2487705
959.8628,960.1117,-0.2488745
959.8628,960.1118,-0.2490303
959.8628,960.1121,-0.2493339
959.8628,960.1122,-0.2494049
959.8628,960.1122,-0.2494322
959.8628,960.1123,-0.249485
959.8628,960.1124,-0.2496158
959.8628,960.1126,-0.2497905
959.8628,960.1129,-0.2501153
959.8628,960.113,-0.2502132
959.8628,960.1132,-0.2503558
959.8628,960.1132,-0.2504136
959.8628,960.1133,-0.2505336
959.8628,960.1133,-0.250548
959.8628,960.1137,-0.2509393
959.8628,960.1139,-0.2510533
959.8628,960.1139,-0.2511376
959.8628,960.1141,-0.251275
959.8628,960.1142,-0.251445
959.8628,960.1143,-0.2514619
959.8628,960.1144,-0.2516351
959.8628,960.1145,-0.2516581
959.8628,960.1145,-0.2516875
959.8628,960.1146,-0.2517629
959.8628,960.1147,-0.2518892
959.8628,960.1149,-0.2520576
959.8628,960.115,-0.2521744
959.8628,960.1155,-0.2526775
959.8628,960.1155,-0.2526815
959.8628,960.1155,-0.2526844
959.8628,960.1156,-0.2527803
959.8628,960.1156,-0.2528293
959.8628,960.1157,-0.252866
959.8628,960.1157,-0.2528949
959.8628,960.1159,-0.2531008
959.8628,960.1164,-0.2536293
959.8628,960.1166,-0.2537771
959.8628,960.1166,-0.2537986
959.8628,960.1167,-0.2538906
959.8628,960.1167,-0.2539158
959.8628,960.1168,-0.2539774
959.8628,960.117,-0.2542029
959.8628,960.1171,-0.2543067
959.8628,960.1171,-0.2543353
959.8628,960.1172,-0.2543694
959.8628,960.1177,-0.2548668
959.8628,960.1177,-0.2549467
959.8628,960.1177,-0.2549493
959.8628,960.1178,-0.2549782
959.8628,960.1179,-0.2551161
959.8628,960.1182,-0.2553643
959.8628,960.1182,-0.2554428
959.8628,960.1183,-0.2554666
959.8628,960.1184,-0.2556041
959.8628,960.1184,-0.2556061
959.8628,960.1186,-0.2557538
959.8628,960.1187,-0.2559414
959.8628,960.1189,-0.2560705
959.8628,960.119,-0.2561674
959.8628,960.1191,-0.2562774
959.8628,960.1194,-0.2565757
959.8628,960.1195,-0.2567081
959.8628,960.1196,-0.2567796
959.8628,960.1203,-0.2574995
959.8628,960.1203,-0.257542
959.8628,960.1207,-0.2578622
959.8628,960.1209,-0.2581342
959.8628,960.1215,-0.2586577
959.8628,960.1218,-0.2590178
959.8628,960.122,-0.2592154
959.8628,960.1222,-0.2593663
959.8628,960.1222,-0.2593788
959.8628,960.1222,-0.2594129
959.8628,960.1225,-0.2596635
959.8628,960.1225,-0.2596811
959.8628,960.123,-0.2602133
959.8628,960.1233,-0.2605119
959.8628,960.1235,-0.2606793
959.8628,960.1235,-0.2607349
959.8628,960.1236,-0.2608243
959.8628,960.1238,-0.2609618
959.8628,960.1238,-0.2609924
959.8628,960.124,-0.2612434
959.8628,960.1243,-0.2614519
959.8628,960.1244,-0.2615803
959.8628,960.1244,-0.2616222
959.8628,960.1246,-0.2618146
959.8628,960.1247,-0.2618556
959.8628,960.1248,-0.2620011
959.8628,960.1248,-0.2620037
959.8628,960.1249,-0.2620502
959.8628,960.1255,-0.262683
959.8628,960.1256,-0.262758
959.8628,960.1259,-0.2630875
959.8628,960.1266,-0.2637587
959.8628,960.1266,-0.2637644
959.8628,960.1269,-0.2641009
959.8628,960.1271,-0.2642794
959.8628,960.1271,-0.2642904
959.8628,960.1271,-0.2643118
959.8628,960.1274,-0.264574
959.8628,960.1277,-0.2648609
959.8628,960.1277,-0.2648672
959.8628,960.1277,-0.2649377
959.8628,960.1279,-0.265116
959.8628,960.1279,-0.2651394
959.8628,960.128,-0.2652294
959.8628,960.128,-0.2652385
959.8628,960.1292,-0.2664196
959.8628,960.1293,-0.2664517
959.8628,960.1299,-0.2671361
959.8628,960.1301,-0.2672831
959.8628,960.1302,-0.2673573
959.8628,960.1307,-0.2678916
959.8628,960.131,-0.2682398
959.8628,960.1313,-0.2685027
959.8628,960.1318,-0.2689899
959.8628,960.1321,-0.269256
959.8628,960.1322,-0.2694428
959.8628,960.133,-0.2702449
959.8628,960.1332,-0.2703934
959.8628,960.1335,-0.2707085
959.8628,960.1336,-0.2707745
959.8628,960.1338,-0.2709967
959.8628,960.134,-0.2711693
959.8628,960.1347,-0.2718791
959.8628,960.1355,-0.272734
959.8628,960.1356,-0.272755
959.8628,960.1359,-0.273067
959.8628,960.1362,-0.2733858
959.8628,960.1372,-0.2743616
959.8628,960.1374,-0.2745523
959.8628,960.1375,-0.2746866
959.8628,960.1376,-0.274791
959.8628,960.1376,-0.2748379
959.8628,960.1378,-0.2749506
959.8628,960.1386,-0.2757694
959.8628,960.1386,-0.2757916
959.8628,960.1387,-0.2759115
959.8628,960.1391,-0.2762643
959.8628,960.1391,-0.276315
959.8628,960.1392,-0.276376
959.8628,960.1395,-0.2766943
959.8628,960.1397,-0.2769028
959.8628,960.1398,-0.2769915
959.8628,960.1398,-0.2769946
959.8628,960.1398,-0.2770141
959.8628,960.1399,-0.277113
959.8628,960.1399,-0.2771277
959.8628,960.14,-0.2771556
959.8628,960.14,-0.2772336
959.8628,960.14,-0.2772478
959.8628,960.1401,-0.2773385
959.8628,960.1402,-0.277415
959.8628,960.1404,-0.2775955
959.8628,960.1407,-0.2778886
959.8628,960.141,-0.2782107
959.8628,960.141,-0.2782474
959.8628,960.1415,-0.2786702
959.8628,960.1417,-0.2789208
959.8628,960.1421,-0.2792502
959.8628,960.1426,-0.2798042
959.8628,960.143,-0.2801739
959.8628,960.1438,-0.2809749
959.8628,960.1439,-0.2810617
959.8628,960.1439,-0.2811241
959.8628,960.1441,-0.2813002
959.8628,960.1446,-0.2818055
959.8628,960.1451,-0.2823368
959.8628,960.1453,-0.2825003
959.8628,960.1456,-0.2828189
959.8628,960.146,-0.2831924
959.8628,960.1464,-0.2835861
959.8628,960.1475,-0.2847075
959.8628,960.148,-0.2852046
959.8628,960.1485,-0.2857275
959.8628,960.1487,-0.2858515
959.8628,960.1504,-0.2875978
959.8628,960.1505,-0.2876684
959.8628,960.1507,-0.2879451
959.8628,960.1508,-0.2880063
959.8628,960.1514,-0.2885722
959.8628,960.1516,-0.2887759
959.8628,960.1517,-0.2888745
959.8628,960.1529,-0.2901151
959.8628,960.1529,-0.2901255
959.8628,960.154,-0.2911883
959.8628,960.1543,-0.2914996
959.8628,960.1547,-0.2919416
959.8628,960.1554,-0.2926059
959.8628,960.1559,-0.2931222
959.8628,960.1571,-0.2942847
959.8628,960.1573,-0.294467
959.8628,960.1588,-0.2960031
959.8628,960.1589,-0.2960832
959.8628,960.1601,-0.2973399
959.8628,960.162,-0.2992406
959.8628,960.1623,-0.2994531
959.8628,960.1624,-0.2996098
959.8628,960.1626,-0.2998198
959.8628,960.1632,-0.3003769
959.8628,960.1635,-0.3007266
959.8628,960.1636,-0.3007726
959.8628,960.1639,-0.3010973
959.8628,960.164,-0.3012196
959.8628,960.1641,-0.3013245
959.8628,960.1642,-0.3014144
959.8628,960.1653,-0.3025074
959.8628,960.1657,-0.3029215
959.8628,960.1658,-0.3029621
959.8628,960.1659,-0.3031021
959.8628,960.1661,-0.3033241
959.8628,960.1662,-0.3034466
959.8628,960.1664,-0.3035851
959.8628,960.1664,-0.3036433
959.8628,960.1665,-0.3037448
959.8628,960.1667,-0.3039432
959.8628,960.1669,-0.3040724
959.8628,960.1672,-0.3044219
959.8628,960.1673,-0.3045205
959.8628,960.168,-0.3052223
959.8628,960.1691,-0.3063459
959.8628,960.1694,-0.3066431
959.8628,960.1697,-0.3068516
959.8628,960.1697,-0.3069242
959.8628,960.1698,-0.3069609
959.8628,960.1698,-0.3069777
959.8628,960.1698,-0.3069967
959.8628,960.1699,-0.3071323
959.8628,960.17,-0.3071803
959.8628,960.1702,-0.3073557
959.8628,960.1703,-0.3074809
959.8628,960.1703,-0.3074876
959.8628,960.1709,-0.3080828
959.8628,960.1711,-0.3082628
959.8628,960.1719,-0.3090634
959.8628,960.1722,-0.3094293
959.8628,960.1725,-0.3096909
959.8628,960.1725,-0.3097142
959.8628,960.1725,-0.3097441
959.8628,960.1726,-0.3097637
959.8628,960.1726,-0.3097827
959.8628,960.1726,-0.3098169
959.8628,960.1727,-0.3098517
959.8628,960.1727,-0.30988
959.8628,960.1727,-0.309903
959.8628,960.1731,-0.3102935
959.8628,960.1731,-0.3103385
959.8628,960.1732,-0.3103662
959.8628,960.1732,-0.3104473
959.8628,960.1733,-0.3105462
959.8628,960.1737,-0.3109301
959.8628,960.1737,-0.3109336
959.8628,960.1738,-0.310983
959.8628,960.1738,-0.3109915
959.8628,960.1739,-0.3110822
959.8628,960.1739,-0.3111185
959.8628,960.1741,-0.3112534
959.8628,960.1742,-0.3114176
959.8628,960.1743,-0.3115304
959.8628,960.1744,-0.3116361
959.8628,960.1745,-0.3116767
959.8628,960.1745,-0.3116991
959.8628,960.1747,-0.3118927
959.8628,960.1747,-0.3119016
959.8628,960.1747,-0.3119168
959.8628,960.1749,-0.3120759
959.8628,960.1749,-0.3120802
959.8628,960.1749,-0.3120927
959.8628,960.1751,-0.3123471
959.8628,960.1752,-0.312353
959.8628,960.1752,-0.3123813
959.8628,960.1752,-0.3123935
959.8628,960.1752,-0.3124341
959.8628,960.1752,-0.312437
959.8628,960.1753,-0.3125249
959.8628,960.1754,-0.3125985
959.8628,960.1754,-0.312641
959.8628,960.1755,-0.3127006
959.8628,960.1755,-0.3127109
959.8628,960.1756,-0.3128048
959.8628,960.1757,-0.3129208
959.8628,960.1758,-0.3130246
959.8628,960.1758,-0.313043
959.8628,960.1758,-0.3130496
959.8628,960.1759,-0.3130554
959.8628,960.1759,-0.3130993
959.8628,960.1759,-0.3131121
959.8628,960.1759,-0.3131439
959.8628,960.176,-0.313188
959.8628,960.176,-0.3131968
959.8628,960.1761,-0.3133054
959.8628,960.1761,-0.3133083
959.8628,960.1761,-0.3133389
959.8628,960.1761,-0.3133465
959.8628,960.1762,-0.3133578
959.8628,960.1763,-0.3134596
959.8628,960.1763,-0.313469
959.8628,960.1763,-0.313496
959.8628,960.1763,-0.3135241
959.8628,960.1763,-0.3135442
959.8628,960.1765,-0.3136546
959.8628,960.1765,-0.3136775
959.8628,960.1765,-0.3137125
959.8628,960.1765,-0.3137192
959.8628,960.1765,-0.3137495
959.8628,960.1766,-0.3137661
959.8628,960.1766,-0.3138272
959.8628,960.1767,-0.3138675
959.8628,960.1767,-0.3138677
959.8628,960.1767,-0.3139337
959.8628,960.1767,-0.3139428
959.8628,960.1768,-0.3139515
959.8628,960.1768,-0.3139706
959.8628,960.1768,-0.3139738
959.8628,960.1768,-0.3140449
959.8628,960.1769,-0.3140622
959.8628,960.1769,-0.3141338
959.8628,960.1769,-0.3141396
959.8628,960.177,-0.3141536
959.8628,960.177,-0.3141543
959.8628,960.177,-0.3141555
959.8628,960.177,-0.3141589
959.8628,960.177,-0.3142148
959.8628,960.177,-0.3142208
959.8628,960.177,-0.3142278
959.8628,960.177,-0.3142287
959.8628,960.177,-0.3142472
959.8628,960.1771,-0.3142809
959.8628,960.1771,-0.3142845
959.8628,960.1771,-0.3142858
959.8628,960.1771,-0.3142877
959.8628,960.1771,-0.3143059
959.8628,960.1771,-0.314323
959.8628,960.1772,-0.314376
959.8628,960.1772,-0.314395
959.8628,960.1773,-0.3144882
959.8628,960.1773,-0.3144944
959.8628,960.1773,-0.3145044
959.8628,960.1773,-0.3145319
959.8628,960.1773,-0.314541
959.8628,960.1773,-0.3145492
959.8628,960.1776,-0.3147604
959.8628,960.1776,-0.3147672
959.8628,960.1776,-0.3148029
959.8628,960.1776,-0.3148191
959.8628,960.1776,-0.3148214
959.8628,960.1776,-0.3148403
959.8628,960.1777,-0.3148518
959.8628,960.1777,-0.3148918
959.8628,960.1777,-0.3149254
959.8628,960.1778,-0.3149817
959.8628,960.1779,-0.315064
959.8628,960.1779,-0.3150692
959.8628,960.1779,-0.3150777
959.8628,960.1779,-0.3150997
959.8628,960.1779,-0.3151069
959.8628,960.1779,-0.3151114
959.8628,960.1779,-0.3151156
959.8628,960.178,-0.3151538
959.8628,960.178,-0.3151628
959.8628,960.178,-0.3151639
959.8628,960.178,-0.3151849
959.8628,960.178,-0.3151981
959.8628,960.178,-0.31521
959.8628,960.178,-0.3152186
959.8628,960.178,-0.3152198
959.8628,960.178,-0.3152463
959.8628,960.1781,-0.3152563
959.8628,960.1781,-0.3152816
959.8628,960.1781,-0.3152963
959.8628,960.1781,-0.3153285
959.8628,960.1782,-0.3153537
959.8628,960.1782,-0.3153915
959.8628,960.1782,-0.3154294
959.8628,960.1782,-0.3154342
959.8628,960.1783,-0.3154525
959.8628,960.1783,-0.3154529
959.8628,960.1783,-0.3154923
959.8628,960.1783,-0.3154986
959.8628,960.1783,-0.3154989
959.8628,960.1784,-0.3155724
959.8628,960.1784,-0.3155891
959.8628,960.1784,-0.3156178
959.8628,960.1784,-0.3156402
959.8628,960.1785,-0.3156598
959.8628,960.1785,-0.3156735
959.8628,960.1785,-0.3156748
959.8628,960.1785,-0.315708
959.8628,960.1785,-0.3157162
959.8628,960.1786,-0.3157531
959.8628,960.1786,-0.3157816
959.8628,960.1786,-0.315783
959.8628,960.1786,-0.3158166
959.8628,960.1786,-0.3158314
959.8628,960.1786,-0.3158481
959.8628,960.1787,-0.3158866
959.8628,960.1787,-0.3159252
959.8628,960.1787,-0.3159303
959.8628,960.1787,-0.3159329
959.8628,960.1787,-0.3159423
959.8628,960.1788,-0.3159739
959.8628,960.1788,-0.3159775
959.8628,960.1788,-0.3159949
959.8628,960.1788,-0.3159993
959.8628,960.1788,-0.3160392
959.8628,960.1789,-0.3160798
959.8628,960.1789,-0.3160971
959.8628,960.1789,-0.3161124
959.8628,960.1789,-0.3161203
959.8628,960.1789,-0.3161313
959.8628,960.1789,-0.3161392
959.8628,960.179,-0.3161576
959.8628,960.179,-0.3161736
959.8628,960.179,-0.3161923
959.8628,960.179,-0.3162477
959.8628,960.1791,-0.3162506
959.8628,960.1791,-0.316254
959.8628,960.1791,-0.3162541
959.8628,960.1791,-0.3162664
959.8628,960.1791,-0.3162672
959.8628,960.1791,-0.3162754
959.8628,960.1791,-0.31628
959.8628,960.1791,-0.3162837
959.8628,960.1791,-0.3162887
959.8628,960.1791,-0.3162976
959.8628,960.1791,-0.3163041
959.8628,960.1791,-0.3163477
959.8628,960.1792,-0.3163655
959.8628,960.1792,-0.3163964
959.8628,960.1792,-0.3164008
959.8628,960.1792,-0.3164024
959.8628,960.1792,-0.3164082
959.8628,960.1792,-0.316414
959.8628,960.1792,-0.3164279
959.8628,960.1792,-0.3164309
959.8628,960.1792,-0.316435
959.8628,960.1793,-0.3164615
959.8628,960.1793,-0.3164679
959.8628,960.1793,-0.3164864
959.8628,960.1793,-0.3165173
959.8628,960.1793,-0.3165273
959.8628,960.1793,-0.3165326
959.8628,960.1793,-0.3165495
959.8628,960.1794,-0.3165678
959.8628,960.1794,-0.3165736
959.8628,960.1794,-0.3166059
959.8628,960.1794,-0.3166113
959.8628,960.1794,-0.3166237
959.8628,960.1794,-0.3166238
959.8628,960.1794,-0.3166281
959.8628,960.1795,-0.316677
959.8628,960.1795,-0.3166959
959.8628,960.1795,-0.3167038
959.8628,960.1795,-0.3167352
959.8628,960.1795,-0.3167433
959.8628,960.1796,-0.3167835
959.8628,960.1796,-0.3167987
959.8628,960.1796,-0.3168016
959.8628,960.1796,-0.3168234
959.8628,960.1796,-0.3168343
959.8628,960.1797,-0.3168509
959.8628,960.1797,-0.3168559
959.8628,960.1797,-0.3168839
959.8628,960.1797,-0.3168911
959.8628,960.1797,-0.3169029
959.8628,960.1797,-0.3169061
959.8628,960.1797,-0.3169285
959.8628,960.1797,-0.3169309
959.8628,960.1797,-0.3169379
959.8628,960.1798,-0.3169733
959.8628,960.1799,-0.3170653
959.8628,960.1799,-0.3170719
959.8628,960.1799,-0.3170743
959.8628,960.1799,-0.3170833
959.8628,960.1799,-0.3170927
959.8628,960.1799,-0.3170968
959.8628,960.1799,-0.3171225
959.8628,960.1799,-0.3171262
959.8628,960.1799,-0.3171428
959.8628,960.18,-0.3171553
959.8628,960.18,-0.3171705
959.8628,960.18,-0.3171902
959.8628,960.18,-0.317193
959.8628,960.18,-0.3171942
959.8628,960.18,-0.3171951
959.8628,960.18,-0.3172264
959.8628,960.18,-0.3172268
959.8628,960.18,-0.3172347
959.8628,960.18,-0.3172395
959.8628,960.1801,-0.3172553
959.8628,960.1801,-0.3172627
959.8628,960.1801,-0.3172629
959.8628,960.1801,-0.3172735
959.8628,960.1801,-0.3172803
959.8628,960.1801,-0.3172879
959.8628,960.1801,-0.3173093
959.8628,960.1801,-0.3173123
959.8628,960.1801,-0.3173222
959.8628,960.1801,-0.3173243
959.8628,960.1801,-0.3173289
959.8628,960.1801,-0.3173348
959.8628,960.1801,-0.3173354
959.8628,960.1802,-0.3173527
959.8628,960.1802,-0.3173552
959.8628,960.1802,-0.3173731
959.8628,960.1802,-0.3174342
959.8628,960.1802,-0.3174402
959.8628,960.1803,-0.3174616
959.8628,960.1803,-0.3174643
959.8628,960.1803,-0.31747
959.8628,960.1803,-0.317512
959.8628,960.1803,-0.3175381
959.8628,960.1803,-0.3175404
959.8628,960.1804,-0.3175525
959.8628,960.1804,-0.3175559
959.8628,960.1804,-0.3175811
959.8628,960.1804,-0.3175848
959.8628,960.1804,-0.3175888
959.8628,960.1804,-0.3175903
959.8628,960.1804,-0.3175955
959.8628,960.1804,-0.3176007
959.8628,960.1804,-0.3176015
959.8628,960.1804,-0.3176025
959.8628,960.1804,-0.3176413
959.8628,960.1805,-0.3176528
959.8628,960.1805,-0.3176572
959.8628,960.1805,-0.317689
959.8628,960.1805,-0.3176893
959.8628,960.1805,-0.3177076
959.8628,960.1805,-0.317714
959.8628,960.1805,-0.3177175
959.8628,960.1805,-0.317722
959.8628,960.1805,-0.3177329
959.8628,960.1805,-0.3177448
959.8628,960.1806,-0.3177567
959.8628,960.1806,-0.3177682
959.8628,960.1806,-0.3177713
959.8628,960.1806,-0.3177761
959.8628,960.1806,-0.3177794
959.8628,960.1806,-0.3177826
959.8628,960.1806,-0.317802
959.8628,960.1806,-0.3178153
959.8628,960.1807,-0.317858
959.8628,960.1807,-0.3178896
959.8628,960.1807,-0.3179293
959.8628,960.1807,-0.317938
959.8628,960.1807,-0.3179411
959.8628,960.1807,-0.3179435
959.8628,960.1808,-0.3179609
959.8628,960.1808,-0.3179708
959.8628,960.1808,-0.3179744
959.8628,960.1808,-0.3179949
959.8628,960.1808,-0.3179998
959.8628,960.1808,-0.3180039
959.8628,960.1808,-0.3180073
959.8628,960.1808,-0.3180255
959.8628,960.1808,-0.3180348
959.8628,960.1808,-0.318038
959.8628,960.1809,-0.3180642
959.8628,960.1809,-0.3180665
959.8628,960.1809,-0.3180944
959.8628,960.1809,-0.3181038
959.8628,960.1809,-0.318141
959.8628,960.1809,-0.3181424
959.8628,960.181,-0.3181501
959.8628,960.181,-0.3181653
959.8628,960.181,-0.3181701
959.8628,960.181,-0.3181719
959.8628,960.181,-0.3181846
959.8628,960.181,-0.3181849
959.8628,960.181,-0.3181919
959.8628,960.181,-0.318197
959.8628,960.181,-0.3182061
959.8628,960.181,-0.3182298
959.8628,960.181,-0.318235
959.8628,960.181,-0.3182363
959.8628,960.181,-0.3182431
959.8628,960.1811,-0.318274
959.8628,960.1811,-0.3182744
959.8628,960.1811,-0.3183024
959.8628,960.1811,-0.3183068
959.8628,960.1811,-0.3183112
959.8628,960.1811,-0.3183167
959.8628,960.1811,-0.3183281
959.8628,960.1812,-0.3183718
959.8628,960.1812,-0.3183946
959.8628,960.1812,-0.3184021
959.8628,960.1812,-0.3184295
959.8628,960.1813,-0.3184515
959.8628,960.1813,-0.318479
959.8628,960.1813,-0.3184835
959.8628,960.1813,-0.3184872
959.8628,960.1813,-0.3185063
959.8628,960.1813,-0.318512
959.8628,960.1813,-0.3185236
959.8628,960.1813,-0.3185381
959.8628,960.1814,-0.3185674
959.8628,960.1814,-0.3185899
959.8628,960.1814,-0.318598
959.8628,960.1814,-0.3186118
959.8628,960.1814,-0.3186127
959.8628,960.1814,-0.3186131
959.8628,960.1814,-0.3186452
959.8628,960.1814,-0.3186482
959.8628,960.1815,-0.3186504
959.8628,960.1815,-0.318653
959.8628,960.1815,-0.3186538
959.8628,960.1815,-0.3186658
959.8628,960.1815,-0.3186742
959.8628,960.1815,-0.3187005
959.8628,960.1815,-0.3187011
959.8628,960.1815,-0.3187039
959.8628,960.1815,-0.318715
959.8628,960.1815,-0.3187248
959.8628,960.1815,-0.318732
959.8628,960.1816,-0.3187582
959.8628,960.1816,-0.318775
959.8628,960.1816,-0.3187847
959.8628,960.1816,-0.3187917
959.8628,960.1816,-0.3187967
959.8628,960.1816,-0.3188004
959.8628,960.1816,-0.3188118
959.8628,960.1816,-0.3188134
959.8628,960.1816,-0.3188367
959.8628,960.1817,-0.3188561
959.8628,960.1817,-0.3188615
959.8628,960.1817,-0.3188638
959.8628,960.1817,-0.3188698
959.8628,960.1817,-0.3188745
959.8628,960.1817,-0.3188767
959.8628,960.1817,-0.3188903
959.8628,960.1817,-0.3189165
959.8628,960.1817,-0.3189239
959.8628,960.1817,-0.318941
959.8628,960.1817,-0.318943
959.8628,960.1817,-0.3189477
959.8628,960.1818,-0.3189796
959.8628,960.1818,-0.3189803
959.8628,960.1818,-0.3189874
959.8628,960.1818,-0.3189877
959.8628,960.1818,-0.318996
959.8628,960.1818,-0.319
959.8628,960.1818,-0.3190059
959.8628,960.1818,-0.3190096
959.8628,960.1818,-0.3190238
959.8628,960.1819,-0.3190637
959.8628,960.1819,-0.3190694
959.8628,960.1819,-0.3190867
959.8628,960.1819,-0.3190987
959.8628,960.1819,-0.3191115
959.8628,960.1819,-0.3191209
959.8628,960.1819,-0.319131
959.8628,960.1819,-0.3191368
959.8628,960.182,-0.3191586
959.8628,960.182,-0.3191611
959.8628,960.182,-0.319166
959.8628,960.182,-0.31917
959.8628,960.182,-0.3191811
959.8628,960.182,-0.3191953
959.8628,960.182,-0.3191965
959.8628,960.182,-0.3192004
959.8628,960.182,-0.3192276
959.8628,960.182,-0.3192345
959.8628,960.182,-0.3192492
959.8628,960.1821,-0.3192654
959.8628,960.1821,-0.3192808
959.8628,960.1821,-0.3192923
959.8628,960.1821,-0.3193076
959.8628,960.1821,-0.319326
959.8628,960.1821,-0.3193388
959.8628,960.1821,-0.3193391
959.8628,960.1821,-0.3193483
959.8628,960.1822,-0.3193543
959.8628,960.1822,-0.3193577
959.8628,960.1822,-0.3193706
959.8628,960.1822,-0.3193803
959.8628,960.1822,-0.319385
959.8628,960.1822,-0.3194028
959.8628,960.1822,-0.3194038
959.8628,960.1822,-0.3194062
959.8628,960.1822,-0.3194074
959.8628,960.1822,-0.3194087
959.8628,960.1822,-0.3194159
959.8628,960.1822,-0.3194194
959.8628,960.1822,-0.31942
959.8628,960.1823,-0.3194671
959.8628,960.1823,-0.3194783
959.8628,960.1823,-0.3194952
959.8628,960.1823,-0.3195027
959.8628,960.1824,-0.3195579
959.8628,960.1824,-0.3195604
959.8628,960.1824,-0.3195874
959.8628,960.1824,-0.3195876
959.8628,960.1824,-0.3196186
959.8628,960.1824,-0.3196269
959.8628,960.1824,-0.3196346
959.8628,960.1824,-0.3196457
959.8628,960.1825,-0.319652
959.8628,960.1825,-0.3196574
959.8628,960.1825,-0.3196789
959.8628,960.1825,-0.319685
959.8628,960.1825,-0.3196928
959.8628,960.1825,-0.3197357
959.8628,960.1826,-0.3197539
959.8628,960.1826,-0.3197712
959.8628,960.1826,-0.3197889
959.8628,960.1826,-0.3198034
959.8628,960.1826,-0.3198094
959.8628,960.1826,-0.3198096
959.8628,960.1826,-0.3198125
959.8628,960.1826,-0.319823
959.8628,960.1826,-0.3198313
959.8628,960.1826,-0.3198327
959.8628,960.1826,-0.3198356
959.8628,960.1826,-0.319839
959.8628,960.1826,-0.319846
959.8628,960.1827,-0.3198774
959.8628,960.1827,-0.3198816
959.8628,960.1827,-0.3198849
959.8628,960.1827,-0.3198954
959.8628,960.1827,-0.3198963
959.8628,960.1827,-0.3199011
959.8628,960.1827,-0.3199102
959.8628,960.1827,-0.3199166
959.8628,960.1827,-0.3199276
959.8628,960.1827,-0.3199304
959.8628,960.1827,-0.3199367
959.8628,960.1827,-0.319942
959.8628,960.1828,-0.3199646
959.8628,960.1828,-0.3199681
959.8628,960.1828,-0.3199711
959.8628,960.1828,-0.3199765
959.8628,960.1828,-0.3199809
959.8628,960.1828,-0.3199897
959.8628,960.1828,-0.3199899
959.8628,960.1828,-0.3199928
959.8628,960.1828,-0.3200014
959.8628,960.1828,-0.3200024
959.8628,960.1828,-0.3200107
959.8628,960.1828,-0.3200276
959.8628,960.1828,-0.3200408
959.8628,960.1828,-0.3200487
959.8628,960.1829,-0.3200517
959.8628,960.1829,-0.3200651
959.8628,960.1829,-0.3200784
959.8628,960.1829,-0.3200819
959.8628,960.1829,-0.3201016
959.8628,960.1829,-0.3201104
959.8628,960.1829,-0.3201107
959.8628,960.1829,-0.3201137
959.8628,960.1829,-0.3201398
959.8628,960.1829,-0.3201419
959.8628,960.1829,-0.3201442
959.8628,960.1829,-0.3201484
959.8628,960.183,-0.3201571
959.8628,960.183,-0.3201588
959.8628,960.183,-0.320177
959.8628,960.183,-0.3201798
959.8628,960.183,-0.3201823
959.8628,960.183,-0.3201846
959.8628,960.183,-0.3201997
959.8628,960.183,-0.3202015
959.8628,960.183,-0.3202045
959.8628,960.183,-0.3202065
959.8628,960.183,-0.3202161
959.8628,960.183,-0.3202315
959.8628,960.1831,-0.3202693
959.8628,960.1831,-0.3202704
959.8628,960.1831,-0.3202754
959.8628,960.1831,-0.3202874
959.8628,960.1831,-0.3202974
959.8628,960.1831,-0.3203035
959.8628,960.1831,-0.3203056
959.8628,960.1831,-0.3203088
959.8628,960.1831,-0.3203195
959.8628,960.1831,-0.3203222
959.8628,960.1831,-0.3203329
959.8628,960.1831,-0.3203442
959.8628,960.1831,-0.320346
959.8628,960.1832,-0.320362
959.8628,960.1832,-0.3203644
959.8628,960.1832,-0.3203724
959.8628,960.1832,-0.3203952
959.8628,960.1832,-0.3204027
959.8628,960.1832,-0.3204076
959.8628,960.1832,-0.3204158
959.8628,960.1832,-0.320418
959.8628,960.1832,-0.3204358
959.8628,960.1832,-0.3204457
959.8628,960.1832,-0.3204462
959.8628,960.1833,-0.3204504
959.8628,960.1833,-0.3204516
959.8628,960.1833,-0.320453
959.8628,960.1833,-0.320454
959.8628,960.1833,-0.3204674
959.8628,960.1833,-0.320473
959.8628,960.1833,-0.3204745
959.8628,960.1833,-0.3204954
959.8628,960.1833,-0.3204969
959.8628,960.1833,-0.320497
959.8628,960.1833,-0.3205086
959.8628,960.1833,-0.3205181
959.8628,960.1833,-0.3205189
959.8628,960.1833,-0.3205366
959.8628,960.1833,-0.3205488
959.8628,960.1833,-0.3205488
959.8628,960.1834,-0.3205636
959.8628,960.1834,-0.3206154
959.8628,960.1834,-0.320619
959.8628,960.1834,-0.3206229
959.8628,960.1834,-0.3206453
959.8628,960.1834,-0.3206459
959.8628,960.1834,-0.32065
959.8628,960.1835,-0.3206525
959.8628,960.1835,-0.3206538
959.8628,960.1835,-0.3206929
959.8628,960.1835,-0.3207064
959.8628,960.1835,-0.3207099
959.8628,960.1835,-0.3207155
959.8628,960.1835,-0.3207249
959.8628,960.1835,-0.3207474
959.8628,960.1836,-0.3207759
959.8628,960.1836,-0.3207762
959.8628,960.1836,-0.320782
959.8628,960.1836,-0.3207835
959.8628,960.1836,-0.3207877
959.8628,960.1836,-0.3208064
959.8628,960.1836,-0.3208192
959.8628,960.1836,-0.3208278
959.8628,960.1837,-0.3208573
959.8628,960.1837,-0.3208822
959.8628,960.1837,-0.3208911
959.8628,960.1837,-0.3208934
959.8628,960.1837,-0.3208966
959.8628,960.1837,-0.3208988
959.8628,960.1837,-0.3209152
959.8628,960.1837,-0.3209186
959.8628,960.1837,-0.3209288
959.8628,960.1837,-0.3209293
959.8628,960.1837,-0.3209328
959.8628,960.1837,-0.3209427
959.8628,960.1837,-0.3209473
959.8628,960.1838,-0.320966
959.8628,960.1838,-0.3209696
959.8628,960.1838,-0.3209741
959.8628,960.1838,-0.3209743
959.8628,960.1838,-0.3209802
959.8628,960.1838,-0.3210005
959.8628,960.1838,-0.3210012
959.8628,960.1838,-0.3210093
959.8628,960.1838,-0.3210294
959.8628,960.1838,-0.3210442
959.8628,960.1839,-0.3210607
959.8628,960.1839,-0.3210662
959.8628,960.1839,-0.3210702
959.8628,960.1839,-0.3210718
959.8628,960.1839,-0.3210961
959.8628,960.1839,-0.3210962
959.8628,960.1839,-0.3211131
959.8628,960.1839,-0.3211157
959.8628,960.1839,-0.3211307
959.8628,960.184,-0.3211661
959.8628,960.184,-0.3211717
959.8628,960.184,-0.3211741
959.8628,960.184,-0.3211934
959.8628,960.184,-0.3211999
959.8628,960.184,-0.3212287
959.8628,960.184,-0.32123
959.8628,960.184,-0.3212407
959.8628,960.184,-0.3212444
959.8628,960.184,-0.321248
959.8628,960.184,-0.3212484
959.8628,960.1841,-0.3212575
959.8628,960.1841,-0.3212823
959.8628,960.1841,-0.3212994
959.8628,960.1841,-0.3213038
959.8628,960.1841,-0.3213148
959.8628,960.1841,-0.321322
959.8628,960.1841,-0.3213334
959.8628,960.1841,-0.3213345
959.8628,960.1841,-0.3213351
959.8628,960.1842,-0.3213589
959.8628,960.1842,-0.3213699
959.8628,960.1842,-0.3213769
959.8628,960.1842,-0.3213832
959.8628,960.1842,-0.3213861
959.8628,960.1842,-0.3214043
959.8628,960.1842,-0.3214072
959.8628,960.1842,-0.321437
959.8628,960.1843,-0.3214579
959.8628,960.1843,-0.3214586
959.8628,960.1843,-0.3214852
959.8628,960.1843,-0.3214866
959.8628,960.1843,-0.3214887
959.8628,960.1843,-0.3215036
959.8628,960.1843,-0.3215205
959.8628,960.1843,-0.3215222
959.8628,960.1843,-0.3215313
959.8628,960.1843,-0.3215329
959.8628,960.1843,-0.3215332
959.8628,960.1843,-0.3215484
959.8628,960.1844,-0.321568
959.8628,960.1844,-0.3215744
959.8628,960.1844,-0.3215898
959.8628,960.1844,-0.3215906
959.8628,960.1844,-0.3215988
959.8628,960.1844,-0.3216
959.8628,960.1844,-0.321606
959.8628,960.1844,-0.3216279
959.8628,960.1844,-0.3216407
959.8628,960.1845,-0.3216688
959.8628,960.1845,-0.3216827
959.8628,960.1845,-0.321684
959.8628,960.1845,-0.3216846
959.8628,960.1845,-0.3216859
959.8628,960.1845,-0.321688
959.8628,960.1845,-0.3216973
959.8628,960.1845,-0.321698
959.8628,960.1845,-0.3217052
959.8628,960.1845,-0.3217066
959.8628,960.1845,-0.3217077
959.8628,960.1845,-0.3217284
959.8628,960.1845,-0.321739
959.8628,960.1846,-0.3217506
959.8628,960.1846,-0.3217603
959.8628,960.1846,-0.3217699
959.8628,960.1846,-0.3217727
959.8628,960.1846,-0.3217798
959.8628,960.1846,-0.3217814
959.8628,960.1846,-0.3217815
959.8628,960.1846,-0.3218121
959.8628,960.1846,-0.3218129
959.8628,960.1846,-0.3218272
959.8628,960.1846,-0.3218315
959.8628,960.1846,-0.3218444
959.8628,960.1847,-0.3218637
959.8628,960.1847,-0.3218811
959.8628,960.1847,-0.3218995
959.8628,960.1847,-0.3219149
959.8628,960.1847,-0.3219184
959.8628,960.1847,-0.321925
959.8628,960.1847,-0.3219313
959.8628,960.1847,-0.3219321
959.8628,960.1847,-0.3219355
959.8628,960.1847,-0.3219398
959.8628,960.1848,-0.3219537
959.8628,960.1848,-0.3219558
959.8628,960.1848,-0.3219761
959.8628,960.1848,-0.3219819
959.8628,960.1848,-0.3219914
959.8628,960.1848,-0.3219921
959.8628,960.1848,-0.3220287
959.8628,960.1848,-0.3220393
959.8628,960.1848,-0.3220396
959.8628,960.1848,-0.3220475
959.8628,960.1849,-0.3220706
959.8628,960.1849,-0.3220709
959.8628,960.1849,-0.3220786
959.8628,960.1849,-0.322093
959.8628,960.1849,-0.3221053
959.8628,960.1849,-0.322118
959.8628,960.1849,-0.3221221
959.8628,960.1849,-0.3221231
959.8628,960.1849,-0.32213
959.8628,960.1849,-0.3221314
959.8628,960.1849,-0.3221397
959.8628,960.1849,-0.3221482
959.8628,960.185,-0.3221544
959.8628,960.185,-0.3221569
959.8628,960.185,-0.3221634
959.8628,960.185,-0.322202
959.8628,960.185,-0.3222075
959.8628,960.185,-0.3222113
959.8628,960.185,-0.3222213
959.8628,960.185,-0.3222246
959.8628,960.185,-0.3222249
959.8628,960.185,-0.3222264
959.8628,960.185,-0.3222268
959.8628,960.185,-0.3222409
959.8628,960.185,-0.322241
959.8628,960.185,-0.3222454
959.8628,960.1851,-0.3222592
959.8628,960.1851,-0.3222622
959.8628,960.1851,-0.3222725
959.8628,960.1851,-0.3222857
959.8628,960.1851,-0.3222873
959.8628,960.1851,-0.3222888
959.8628,960.1851,-0.3223072
959.8628,960.1851,-0.322316
959.8628,960.1851,-0.3223294
959.8628,960.1851,-0.3223419
959.8628,960.1852,-0.3223612
959.8628,960.1852,-0.322364
959.8628,960.1852,-0.3223671
959.8628,960.1852,-0.3223781
959.8628,960.1852,-0.3223841
959.8628,960.1852,-0.3223863
959.8628,960.1852,-0.3224001
959.8628,960.1852,-0.3224058
959.8628,960.1852,-0.3224079
959.8628,960.1852,-0.3224107
959.8628,960.1852,-0.3224119
959.8628,960.1852,-0.3224179
959.8628,960.1852,-0.3224193
959.8628,960.1852,-0.3224319
959.8628,960.1852,-0.3224321
959.8628,960.1852,-0.3224398
959.8628,960.1852,-0.3224414
959.8628,960.1852,-0.3224435
959.8628,960.1852,-0.322447
959.8628,960.1853,-0.3224519
959.8628,960.1853,-0.3224715
959.8628,960.1853,-0.322495
959.8628,960.1853,-0.3224963
959.8628,960.1853,-0.3225044
959.8628,960.1853,-0.3225199
959.8628,960.1853,-0.3225228
959.8628,960.1853,-0.322523
959.8628,960.1853,-0.3225377
959.8628,960.1853,-0.3225406
959.8628,960.1853,-0.3225423
959.8628,960.1854,-0.3225549
959.8628,960.1854,-0.3225582
959.8628,960.1854,-0.3225775
959.8628,960.1854,-0.3225919
959.8628,960.1854,-0.3226093
959.8628,960.1854,-0.3226147
959.8628,960.1854,-0.3226162
959.8628,960.1854,-0.3226343
959.8628,960.1854,-0.3226345
959.8628,960.1854,-0.3226412
959.8628,960.1854,-0.3226496
959.8628,960.1855,-0.3226504
959.8628,960.1855,-0.3226604
959.8628,960.1855,-0.3226849
959.8628,960.1855,-0.3226861
959.8628,960.1855,-0.3226874
959.8628,960.1855,-0.3227092
959.8628,960.1855,-0.322711
959.8628,960.1855,-0.3227291
959.8628,960.1855,-0.3227311
959.8628,960.1855,-0.3227489
959.8628,960.1856,-0.3227726
959.8628,960.1856,-0.3227767
959.8628,960.1856,-0.3227772
959.8628,960.1856,-0.322784
959.8628,960.1856,-0.3227913
959.8628,960.1856,-0.3227915
959.8628,960.1856,-0.3228081
959.8628,960.1856,-0.3228221
959.8628,960.1856,-0.3228293
959.8628,960.1856,-0.3228338
959.8628,960.1856,-0.3228424
959.8628,960.1856,-0.3228428
959.8628,960.1857,-0.3228537
959.8628,960.1857,-0.3228609
959.8628,960.1857,-0.3228613
959.8628,960.1857,-0.3228678
959.8628,960.1857,-0.3228803
959.8628,960.1857,-0.3228879
959.8628,960.1857,-0.3229154
959.8628,960.1857,-0.322916
959.8628,960.1857,-0.3229161
959.8628,960.1857,-0.3229247
959.8628,960.1857,-0.3229275
959.8628,960.1857,-0.3229441
959.8628,960.1857,-0.3229498
959.8628,960.1858,-0.3229916
959.8628,960.1858,-0.323017
959.8628,960.1858,-0.3230396
959.8628,960.1859,-0.3230604
959.8628,960.1859,-0.3230839
959.8628,960.1859,-0.3230886
959.8628,960.1859,-0.3230894
959.8628,960.1859,-0.3230904
959.8628,960.1859,-0.3230917
959.8628,960.1859,-0.3231034
959.8628,960.1859,-0.3231038
959.8628,960.1859,-0.3231058
959.8628,960.1859,-0.3231268
959.8628,960.1859,-0.3231382
959.8628,960.186,-0.3231564
959.8628,960.186,-0.3231591
959.8628,960.186,-0.3231739
959.8628,960.186,-0.3231857
959.8628,960.186,-0.3231995
959.8628,960.186,-0.3232192
959.8628,960.186,-0.3232306
959.8628,960.186,-0.3232364
959.8628,960.186,-0.3232401
959.8628,960.1861,-0.3232528
959.8628,960.1861,-0.3232953
959.8628,960.1861,-0.3232993
959.8628,960.1861,-0.3233011
959.8628,960.1861,-0.323303
959.8628,960.1861,-0.3233096
959.8628,960.1861,-0.3233135
959.8628,960.1861,-0.3233271
959.8628,960.1861,-0.3233392
959.8628,960.1861,-0.3233414
959.8628,960.1862,-0.3233695
959.8628,960.1862,-0.3233884
959.8628,960.1862,-0.3234133
959.8628,960.1862,-0.3234332
959.8628,960.1863,-0.3234554
959.8628,960.1863,-0.3234641
959.8628,960.1863,-0.3234704
959.8628,960.1863,-0.3234709
959.8628,960.1863,-0.3235185
959.8628,960.1864,-0.323554
959.8628,960.1864,-0.3235602
959.8628,960.1864,-0.323561
959.8628,960.1864,-0.3235634
959.8628,960.1864,-0.3235766
959.8628,960.1864,-0.3235823
959.8628,960.1864,-0.3235893
959.8628,960.1864,-0.3235951
959.8628,960.1864,-0.3235953
959.8628,960.1864,-0.323601
959.8628,960.1864,-0.323609
959.8628,960.1864,-0.3236102
959.8628,960.1864,-0.3236185
959.8628,960.1864,-0.3236257
959.8628,960.1864,-0.3236272
959.8628,960.1864,-0.3236276
959.8628,960.1864,-0.3236308
959.8628,960.1864,-0.3236322
959.8628,960.1864,-0.3236388
959.8628,960.1864,-0.3236492
959.8628,960.1865,-0.3236548
959.8628,960.1865,-0.3236582
959.8628,960.1865,-0.3236611
959.8628,960.1865,-0.3236715
959.8628,960.1865,-0.3236956
959.8628,960.1865,-0.3237028
959.8628,960.1865,-0.3237304
959.8628,960.1865,-0.3237365
959.8628,960.1866,-0.3237537
959.8628,960.1866,-0.3237786
959.8628,960.1866,-0.3237867
959.8628,960.1866,-0.3238059
959.8628,960.1866,-0.3238067
959.8628,960.1866,-0.3238318
959.8628,960.1866,-0.3238447
959.8628,960.1867,-0.3238596
959.8628,960.1867,-0.3238643
959.8628,960.1867,-0.3238943
959.8628,960.1867,-0.3238976
959.8628,960.1867,-0.32392
959.8628,960.1867,-0.3239201
959.8628,960.1867,-0.3239401
959.8628,960.1867,-0.323946
959.8628,960.1868,-0.3239615
959.8628,960.1868,-0.3239893
959.8628,960.1868,-0.323996
959.8628,960.1868,-0.3240093
959.8628,960.1868,-0.3240213
959.8628,960.1868,-0.3240376
959.8628,960.1868,-0.324047
959.8628,960.1869,-0.3240557
959.8628,960.1869,-0.3240629
959.8628,960.1869,-0.3240636
959.8628,960.1869,-0.324075
959.8628,960.1869,-0.3241003
959.8628,960.1869,-0.3241055
959.8628,960.1869,-0.3241312
959.8628,960.1869,-0.3241319
959.8628,960.1869,-0.3241326
959.8628,960.1869,-0.3241382
959.8628,960.1869,-0.3241451
959.8628,960.187,-0.3241534
959.8628,960.187,-0.324154
959.8628,960.187,-0.3241631
959.8628,960.187,-0.3241639
959.8628,960.187,-0.3241706
959.8628,960.187,-0.3241795
959.8628,960.187,-0.3241868
959.8628,960.187,-0.3241966
959.8628,960.187,-0.3241966
959.8628,960.187,-0.3242192
959.8628,960.1871,-0.3242503
959.8628,960.1871,-0.3242537
959.8628,960.1871,-0.3242709
959.8628,960.1871,-0.3242921
959.8628,960.1871,-0.3242926
959.8628,960.1871,-0.3243012
959.8628,960.1871,-0.3243161
959.8628,960.1871,-0.324328
959.8628,960.1871,-0.3243288
959.8628,960.1871,-0.3243302
959.8628,960.1871,-0.3243344
959.8628,960.1871,-0.3243371
959.8628,960.1871,-0.3243407
959.8628,960.1871,-0.3243444
959.8628,960.1871,-0.3243455
959.8628,960.1872,-0.3243533
959.8628,960.1872,-0.3243697
959.8628,960.1872,-0.3243873
959.8628,960.1872,-0.3244157
959.8628,960.1872,-0.3244189
959.8628,960.1872,-0.3244308
959.8628,960.1872,-0.3244364
959.8628,960.1872,-0.3244373
959.8628,960.1872,-0.324444
959.8628,960.1873,-0.3244538
959.8628,960.1873,-0.3244589
959.8628,960.1873,-0.324461
959.8628,960.1873,-0.3244695
959.8628,960.1873,-0.3244775
959.8628,960.1873,-0.3244787
959.8628,960.1873,-0.3244852
959.8628,960.1873,-0.3245104
959.8628,960.1873,-0.3245125
959.8628,960.1873,-0.3245146
959.8628,960.1873,-0.3245196
959.8628,960.1873,-0.3245248
959.8628,960.1873,-0.3245276
959.8628,960.1873,-0.3245334
959.8628,960.1874,-0.3245691
959.8628,960.1874,-0.3245778
959.8628,960.1874,-0.3245914
959.8628,960.1874,-0.3245919
959.8628,960.1874,-0.3245942
959.8628,960.1874,-0.3246035
959.8628,960.1874,-0.3246037
959.8628,960.1874,-0.3246211
959.8628,960.1874,-0.3246331
959.8628,960.1874,-0.3246376
959.8628,960.1874,-0.3246379
959.8628,960.1874,-0.3246489
959.8628,960.1875,-0.3246565
959.8628,960.1875,-0.3246572
959.8628,960.1875,-0.3246592
959.8628,960.1875,-0.3246683
959.8628,960.1875,-0.3246816
959.8628,960.1875,-0.3246837
959.8628,960.1875,-0.3246896
959.8628,960.1875,-0.3247373
959.8628,960.1875,-0.3247469
959.8628,960.1875,-0.3247482
959.8628,960.1876,-0.3247606
959.8628,960.1876,-0.3247843
959.8628,960.1876,-0.3248207
959.8628,960.1876,-0.3248337
959.8628,960.1877,-0.3248752
959.8628,960.1877,-0.3248865
959.8628,960.1877,-0.3248987
959.8628,960.1877,-0.3249101
959.8628,960.1877,-0.3249131
959.8628,960.1877,-0.3249211
959.8628,960.1878,-0.3249698
959.8628,960.1878,-0.3250128
959.8628,960.1878,-0.3250342
959.8628,960.1879,-0.325081
959.8628,960.1879,-0.3251092
959.8628,960.1879,-0.3251144
959.8628,960.1879,-0.3251228
959.8628,960.1879,-0.3251365
959.8628,960.188,-0.325163
959.8628,960.188,-0.3251649
959.8628,960.188,-0.3251695
959.8628,960.188,-0.3251718
959.8628,960.188,-0.3251849
959.8628,960.188,-0.3251876
959.8628,960.188,-0.3252014
959.8628,960.188,-0.3252091
959.8628,960.1881,-0.3252602
959.8628,960.1881,-0.3252819
959.8628,960.1881,-0.3252957
959.8628,960.1881,-0.3252977
959.8628,960.1881,-0.3253187
959.8628,960.1881,-0.3253208
959.8628,960.1881,-0.3253319
959.8628,960.1881,-0.3253412
959.8628,960.1881,-0.3253469
959.8628,960.1882,-0.3253692
959.8628,960.1882,-0.3253751
959.8628,960.1882,-0.3253915
959.8628,960.1882,-0.3254256
959.8628,960.1882,-0.3254268
959.8628,960.1883,-0.3254884
959.8628,960.1883,-0.3254898
959.8628,960.1883,-0.3255043
959.8628,960.1884,-0.3255538
959.8628,960.1884,-0.3255665
959.8628,960.1884,-0.3255859
959.8628,960.1884,-0.3255889
959.8628,960.1884,-0.3255945
959.8628,960.1884,-0.3256015
959.8628,960.1884,-0.32564
959.8628,960.1885,-0.3256513
959.8628,960.1885,-0.3256801
959.8628,960.1885,-0.3257113
959.8628,960.1885,-0.3257482
959.8628,960.1886,-0.325806
959.8628,960.1886,-0.3258244
959.8628,960.1886,-0.3258407
959.8628,960.1886,-0.3258414
959.8628,960.1886,-0.3258474
959.8628,960.1887,-0.325874
959.8628,960.1888,-0.3259676
959.8628,960.1888,-0.325991
959.8628,960.1888,-0.3260157
959.8628,960.1888,-0.32602
959.8628,960.1889,-0.3260636
959.8628,960.1889,-0.3260894
959.8628,960.189,-0.3262186
959.8628,960.1891,-0.3262682
959.8628,960.1891,-0.3263172
959.8628,960.1892,-0.3264158
959.8628,960.1892,-0.326443
959.8628,960.1893,-0.3265472
959.8628,960.1894,-0.3266225
959.8628,960.1895,-0.3266801
959.8628,960.1895,-0.3266945
959.8628,960.1896,-0.3268288
959.8628,960.1897,-0.326945
959.8628,960.1899,-0.3270739
959.8628,960.19,-0.3271762
959.8628,960.19,-0.3272003
959.8628,960.19,-0.327206
959.8628,960.1901,-0.3273082
959.8628,960.1902,-0.3273664
959.8628,960.1902,-0.3274483
959.8628,960.1903,-0.3274585
959.8628,960.1903,-0.3275379
959.8628,960.1906,-0.3277643
959.8628,960.1907,-0.3279018
959.8628,960.1911,-0.3282528
959.8628,960.1913,-0.3284916
959.8628,960.1913,-0.328494
959.8628,960.1916,-0.328846
959.8628,960.1917,-0.3289011
959.8628,960.1919,-0.3291003
959.8628,960.192,-0.3291913
959.8628,960.1929,-0.3301141
959.8628,960.193,-0.3302057
959.8628,960.1931,-0.3303259
959.8628,960.1934,-0.3306317
959.8628,960.1939,-0.3310643
959.8628,960.194,-0.3312448
959.8628,960.1944,-0.3315894
959.8628,960.1948,-0.3319587
959.8628,960.1948,-0.331999
959.8628,960.1955,-0.33266
959.8628,960.1964,-0.3335596
959.8628,960.1965,-0.3337007
959.8628,960.1972,-0.3344201
959.8628,960.1998,-0.3369938
959.8628,960.2024,-0.3395854
959.8628,960.2027,-0.3398836
959.8628,960.2046,-0.3417954
959.8628,960.2048,-0.3420286
959.8628,960.2069,-0.3441166
959.8628,960.2267,-0.3639178
959.8628,960.2283,-0.3654585
959.8628,960.2284,-0.3655616
959.8628,960.2297,-0.3669181
959.8628,960.2337,-0.3709482
959.8628,960.234,-0.3711637
959.8628,960.2355,-0.3726965
959.8628,960.2364,-0.3736186
959.8628,960.2369,-0.3741145
959.8628,960.2373,-0.3744666
959.8628,960.2385,-0.3757359
959.8628,960.2389,-0.3760913
959.8628,960.2389,-0.376123
959.8628,960.2393,-0.376532
959.8628,960.2398,-0.3770042
959.8628,960.2406,-0.3778357
959.8628,960.241,-0.3782209
959.8628,960.2413,-0.3784863
959.8628,960.2414,-0.3786045
959.8628,960.2417,-0.3788543
959.8628,960.2419,-0.37911
959.8628,960.2423,-0.3794867
959.8628,960.2423,-0.3794945
959.8628,960.2431,-0.3802968
959.8628,960.2432,-0.3804447
959.8628,960.2435,-0.3806764
959.8628,960.2439,-0.3810703
959.8628,960.244,-0.3811669
959.8628,960.2447,-0.3818536
959.8628,960.2454,-0.3826256
959.8628,960.2456,-0.3827653
959.8628,960.2461,-0.3832896
959.8628,960.2463,-0.3834839
959.8628,960.2463,-0.3835006
959.8628,960.2473,-0.3845244
959.8628,960.2479,-0.3851456
959.8628,960.2487,-0.3858697
959.8628,960.249,-0.3861582
959.8628,960.249,-0.3862148
959.8628,960.249,-0.3862208
959.8628,960.2493,-0.3864835
959.8628,960.2494,-0.3866298
959.8628,960.25,-0.387216
959.8628,960.25,-0.3872395
959.8628,960.2502,-0.3873783
959.8628,960.2504,-0.3876338
959.8628,960.2506,-0.3878409
959.8628,960.2507,-0.3878924
959.8628,960.2513,-0.3884977
959.8628,960.2515,-0.3887127
959.8628,960.2515,-0.3887187
959.8628,960.2516,-0.3887616
959.8628,960.2519,-0.3890622
959.8628,960.2519,-0.3891216
959.8628,960.2521,-0.389307
959.8628,960.2522,-0.389405
959.8628,960.2522,-0.3894436
959.8628,960.2522,-0.3894441
959.8628,960.2525,-0.3896741
959.8628,960.2526,-0.3897988
959.8628,960.2528,-0.3899734
959.8628,960.2531,-0.3902831
959.8628,960.2534,-0.3906397
959.8628,960.2535,-0.3906566
959.8628,960.2537,-0.3908866
959.8628,960.2539,-0.391115
959.8628,960.2543,-0.3915408
959.8628,960.2546,-0.3917924
959.8628,960.2547,-0.3918911
959.8628,960.2548,-0.3919994
959.8628,960.2548,-0.3920088
959.8628,960.2554,-0.3925777
959.8628,960.2554,-0.3926472
959.8628,960.2558,-0.3930402
959.8628,960.2562,-0.3933505
959.8628,960.2562,-0.3934439
959.8628,960.2566,-0.3938034
959.8628,960.2571,-0.3943173
959.8628,960.2572,-0.3943984
959.8628,960.2573,-0.3944829
959.8628,960.2583,-0.395515
959.8628,960.2587,-0.395854
959.8628,960.2587,-0.3958925
959.8628,960.2589,-0.3960868
959.8628,960.259,-0.3962458
959.8628,960.2596,-0.396805
959.8628,960.2598,-0.3969816
959.8628,960.26,-0.3971816
959.8628,960.2607,-0.3979397
959.8628,960.261,-0.3982372
959.8628,960.2613,-0.3984834
959.8628,960.2616,-0.3988391
959.8628,960.2618,-0.3990435
959.8628,960.2619,-0.3990991
959.8628,960.2621,-0.3993262
959.8628,960.2622,-0.3993524
959.8628,960.2626,-0.3998098
959.8628,960.263,-0.4001634
959.8628,960.2643,-0.4014733
959.8628,960.2644,-0.4015501
959.8628,960.2649,-0.4021396
959.8628,960.2663,-0.4035281
959.8628,960.2666,-0.4037628
959.8628,960.267,-0.4041809
959.8628,960.2686,-0.4057633
959.8628,960.2686,-0.4058075
959.8628,960.2694,-0.4065887
959.8628,960.2696,-0.4067806
959.8628,960.2707,-0.4079324
959.8628,960.2711,-0.4083347
959.8628,960.2713,-0.4084717
959.8628,960.2719,-0.4091235
959.8628,960.2744,-0.4116163
959.8628,960.2779,-0.41511
959.8628,960.2788,-0.4160044
959.8628,960.2792,-0.4164289
959.8628,960.2797,-0.4168796
959.8628,960.2803,-0.4174602
959.8628,960.2821,-0.41928
959.8628,960.2834,-0.4206185
959.8628,960.2839,-0.4211035
959.8628,960.2848,-0.4219757
959.8628,960.2848,-0.4219843
959.8628,960.286,-0.4232043
959.8628,960.2865,-0.4237256
959.8628,960.2866,-0.423827
959.8628,960.2885,-0.4256559
959.8628,960.2892,-0.4264353
959.8628,960.2896,-0.4267517
959.8628,960.2901,-0.4273476
959.8628,960.291,-0.4281685
959.8628,960.2916,-0.4288019
959.8628,960.2931,-0.430312
959.8628,960.2932,-0.4304255
959.8628,960.2936,-0.4307559
959.8628,960.2936,-0.4308095
959.8628,960.2937,-0.4308968
959.8628,960.2939,-0.4311497
959.8628,960.2945,-0.4316956
959.8628,960.2953,-0.4324914
959.8628,960.2954,-0.4325817
959.8628,960.2957,-0.4329252
959.8628,960.2959,-0.4331399
959.8628,960.2961,-0.4333423
959.8628,960.2964,-0.4336404
959.8628,960.3011,-0.4383018
959.8628,960.3024,-0.4396097
959.8628,960.3027,-0.439946
959.8628,960.303,-0.4402268
959.8628,960.3034,-0.4406136
959.8628,960.305,-0.4421569
959.8628,960.305,-0.4421604
959.8628,960.3071,-0.4443163
959.8628,960.3071,-0.4443382
959.8628,960.3089,-0.446129
959.8628,960.3093,-0.446509
959.8628,960.3112,-0.4484231
959.8628,960.3122,-0.4493902
959.8628,960.3155,-0.4527102
959.8628,960.3171,-0.4543007
959.8628,960.318,-0.4551604
959.8628,960.3208,-0.45803
959.8628,960.324,-0.4611799
959.8628,960.3336,-0.4708468
959.8628,960.3337,-0.4708908
959.8628,960.4003,-0.5375479
959.8628,960.4084,-0.545615
959.8628,960.4097,-0.5468792
959.8628,960.4243,-0.5615499
959.8628,960.428,-0.5652391
959.8628,960.4282,-0.5654441
959.8628,960.4284,-0.5656227
959.8628,960.4285,-0.5657346
959.8628,960.4287,-0.5658736
959.8628,960.4301,-0.5672873
959.8628,960.4328,-0.5700482
959.8628,960.433,-0.5701547
959.8628,960.4331,-0.5702806
959.8628,960.4358,-0.5729639
959.8628,960.4359,-0.5730593
959.8628,960.4367,-0.5738835
959.8628,960.437,-0.5741817
959.8628,960.4373,-0.5744668
959.8628,960.4412,-0.5784071
959.8628,960.4414,-0.5785983
959.8628,960.442,-0.5791651
959.8628,960.442,-0.5792408
959.8628,960.4424,-0.5796395
959.8628,960.4426,-0.5798309
959.8628,960.4427,-0.5799479
959.8628,960.4435,-0.5807055
959.8628,960.4441,-0.5812958
959.8628,960.4455,-0.5827483
959.8628,960.4458,-0.5829574
959.8628,960.4459,-0.5830721
959.8628,960.446,-0.583161
959.8628,960.4462,-0.5834166
959.8628,960.4463,-0.5834703
959.8628,960.4464,-0.5836087
959.8628,960.4466,-0.5837817
959.8628,960.447,-0.5841682
959.8628,960.4472,-0.584426
959.8628,960.4474,-0.5846449
959.8628,960.4476,-0.5847955
959.8628,960.4477,-0.5848569
959.8628,960.4478,-0.5849624
959.8628,960.4483,-0.5854571
959.8628,960.4485,-0.5856667
959.8628,960.4485,-0.5857495
959.8628,960.4493,-0.5864695
959.8628,960.4495,-0.5866538
959.8628,960.4495,-0.5866748
959.8628,960.4496,-0.5867687
959.8628,960.4498,-0.5869512
959.8628,960.4499,-0.5871425
959.8628,960.45,-0.587206
959.8628,960.4502,-0.5873669
959.8628,960.4504,-0.587603
959.8628,960.4504,-0.5876458
959.8628,960.4507,-0.5878658
959.8628,960.4507,-0.587926
959.8628,960.451,-0.5882068
959.8628,960.4514,-0.5885907
959.8628,960.452,-0.5892339
959.8628,960.4524,-0.5895792
959.8628,960.453,-0.5902232
959.8628,960.453,-0.5902468
959.8628,960.4532,-0.590406
959.8628,960.4536,-0.5907906
959.8628,960.4542,-0.5914032
959.8628,960.4542,-0.5914329
959.8628,960.4542,-0.5914367
959.8628,960.4542,-0.5914499
959.8628,960.4547,-0.5919151
959.8628,960.4554,-0.5925636
959.8628,960.4555,-0.5927169
959.8628,960.4556,-0.5928319
959.8628,960.4556,-0.5928324
959.8628,960.4559,-0.5931285
959.8628,960.4562,-0.5933556
959.8628,960.4567,-0.5939206
959.8628,960.457,-0.5942243
959.8628,960.4571,-0.5942982
959.8628,960.4571,-0.5942992
959.8628,960.4571,-0.5943238
959.8628,960.4574,-0.5946198
959.8628,960.4577,-0.5948767
959.8628,960.4578,-0.5950371
959.8628,960.458,-0.595163
959.8628,960.4581,-0.5952602
959.8628,960.4581,-0.5952872
959.8628,960.4582,-0.5953596
959.8628,960.4582,-0.5953616
959.8628,960.4587,-0.5959406
959.8628,960.4589,-0.5960514
959.8628,960.4591,-0.596276
959.8628,960.4591,-0.5963136
959.8628,960.4598,-0.596998
959.8628,960.4599,-0.5971087
959.8628,960.4601,-0.5972784
959.8628,960.4601,-0.5972842
959.8628,960.4604,-0.5976498
959.8628,960.4607,-0.5979302
959.8628,960.4608,-0.5980448
959.8628,960.461,-0.5981909
959.8628,960.4613,-0.5985018
959.8628,960.4613,-0.5985167
959.8628,960.4614,-0.5985698
959.8628,960.4617,-0.5989493
959.8628,960.4619,-0.599062
959.8628,960.4619,-0.5990703
959.8628,960.4619,-0.5991355
959.8628,960.462,-0.5991842
959.8628,960.462,-0.5992041
959.8628,960.462,-0.5992159
959.8628,960.462,-0.5992291
959.8628,960.4621,-0.5992931
959.8628,960.4622,-0.5993801
959.8628,960.4623,-0.5994697
959.8628,960.4624,-0.5996092
959.8628,960.4624,-0.5996415
959.8628,960.4625,-0.599723
959.8628,960.4626,-0.599819
959.8628,960.4626,-0.5998289
959.8628,960.4626,-0.5998371
959.8628,960.4627,-0.5998774
959.8628,960.4627,-0.5999311
959.8628,960.4627,-0.5999385
959.8628,960.4628,-0.6000225
959.8628,960.4628,-0.6000403
959.8628,960.4629,-0.6000734
959.8628,960.4629,-0.6000968
959.8628,960.4629,-0.6001004
959.8628,960.463,-0.6002353
959.8628,960.4631,-0.6002695
959.8628,960.4632,-0.6004026
959.8628,960.4632,-0.6004075
959.8628,960.4633,-0.6004917
959.8628,960.4633,-0.6005072
959.8628,960.4633,-0.6005393
959.8628,960.4634,-0.6005668
959.8628,960.4634,-0.6005721
959.8628,960.4634,-0.6006058
959.8628,960.4636,-0.600806
959.8628,960.4636,-0.6008306
959.8628,960.4637,-0.6008947
959.8628,960.4637,-0.6008974
959.8628,960.4637,-0.6009246
959.8628,960.4638,-0.6009507
959.8628,960.4639,-0.6011429
959.8628,960.464,-0.6011831
959.8628,960.4641,-0.6012832
959.8628,960.4641,-0.6012863
959.8628,960.4641,-0.6012928
959.8628,960.4642,-0.6014248
959.8628,960.4642,-0.6014347
959.8628,960.4643,-0.6014563
959.8628,960.4643,-0.6014634
959.8628,960.4643,-0.6015074
959.8628,960.4643,-0.6015107
959.8628,960.4644,-0.6015587
959.8628,960.4644,-0.6015598
959.8628,960.4644,-0.601648
959.8628,960.4646,-0.6017655
959.8628,960.4646,-0.6018248
959.8628,960.4646,-0.6018295
959.8628,960.4646,-0.6018346
959.8628,960.4646,-0.6018404
959.8628,960.4647,-0.6018671
959.8628,960.4647,-0.6019437
959.8628,960.4648,-0.6019746
959.8628,960.4648,-0.6019935
959.8628,960.4649,-0.6020676
959.8628,960.4649,-0.6020714
959.8628,960.4649,-0.6020815
959.8628,960.4649,-0.602092
959.8628,960.465,-0.6022441
959.8628,960.4651,-0.602252
959.8628,960.4651,-0.6023323
959.8628,960.4651,-0.6023388
959.8628,960.4652,-0.6024004
959.8628,960.4652,-0.6024322
959.8628,960.4653,-0.6025374
959.8628,960.4654,-0.6025857
959.8628,960.4654,-0.602642
959.8628,960.4655,-0.6026793
959.8628,960.4655,-0.6027233
959.8628,960.4656,-0.6028174
959.8628,960.4656,-0.6028271
959.8628,960.4657,-0.6028704
959.8628,960.4657,-0.6028834
959.8628,960.4658,-0.6029751
959.8628,960.4659,-0.6030989
959.8628,960.466,-0.6032389
959.8628,960.4661,-0.6032931
959.8628,960.4661,-0.6033041
959.8628,960.4661,-0.6033228
959.8628,960.4661,-0.603334
959.8628,960.4662,-0.6033807
959.8628,960.4662,-0.6034071
959.8628,960.4663,-0.6034704
959.8628,960.4663,-0.6034937
959.8628,960.4663,-0.6035254
959.8628,960.4664,-0.6035712
959.8628,960.4664,-0.6035816
959.8628,960.4665,-0.6036602
959.8628,960.4665,-0.6037067
959.8628,960.4665,-0.603727
959.8628,960.4665,-0.6037496
959.8628,960.4666,-0.603761
959.8628,960.4667,-0.6039345
959.8628,960.4667,-0.6039437
959.8628,960.4668,-0.6040148
959.8628,960.4668,-0.6040278
959.8628,960.467,-0.6042118
959.8628,960.467,-0.6042276
959.8628,960.4671,-0.6042791
959.8628,960.4671,-0.6042834
959.8628,960.4672,-0.6043755
959.8628,960.4672,-0.6044053
959.8628,960.4673,-0.6044573
959.8628,960.4673,-0.6044638
959.8628,960.4673,-0.6044741
959.8628,960.4673,-0.6044833
959.8628,960.4673,-0.6045096
959.8628,960.4673,-0.604513
959.8628,960.4673,-0.6045211
959.8628,960.4673,-0.6045241
959.8628,960.4674,-0.6045598
959.8628,960.4674,-0.6045701
959.8628,960.4674,-0.6045842
959.8628,960.4675,-0.6046781
959.8628,960.4675,-0.6047442
959.8628,960.4676,-0.6047733
959.8628,960.4677,-0.6048972
959.8628,960.4681,-0.6053095
959.8628,960.4682,-0.6053992
959.8628,960.4682,-0.6053992
959.8628,960.4682,-0.6054161
959.8628,960.4683,-0.6054759
959.8628,960.4684,-0.605551
959.8628,960.4684,-0.6055656
959.8628,960.4684,-0.6056011
959.8628,960.4686,-0.6057513
959.8628,960.4686,-0.6057598
959.8628,960.4686,-0.6057967
959.8628,960.4686,-0.6058403
959.8628,960.4688,-0.6059858
959.8628,960.4689,-0.6061285
959.8628,960.469,-0.6061747
959.8628,960.4693,-0.606538
959.8628,960.4694,-0.6065712
959.8628,960.4695,-0.6066787
959.8628,960.4695,-0.6067267
959.8628,960.4697,-0.6069287
959.8628,960.4697,-0.6069457
959.8628,960.4698,-0.6069568
959.8628,960.4699,-0.6071076
959.8628,960.4699,-0.607139
959.8628,960.47,-0.607159
959.8628,960.47,-0.6072262
959.8628,960.4701,-0.607343
959.8628,960.4703,-0.6075187
959.8628,960.4703,-0.607519
959.8628,960.4703,-0.6075244
959.8628,960.4703,-0.6075298
959.8628,960.4704,-0.6075808
959.8628,960.4704,-0.6075814
959.8628,960.4704,-0.6076087
959.8628,960.4705,-0.6077283
959.8628,960.4706,-0.6078123
959.8628,960.4707,-0.6078913
959.8628,960.4707,-0.6079366
959.8628,960.4708,-0.6079529
959.8628,960.4708,-0.6080484
959.8628,960.471,-0.6081746
959.8628,960.4711,-0.6082877
959.8628,960.4711,-0.6083046
959.8628,960.4711,-0.6083048
959.8628,960.4711,-0.6083068
959.8628,960.4711,-0.6083309
959.8628,960.4712,-0.608352
959.8628,960.4713,-0.608483
959.8628,960.4713,-0.6085157
959.8628,960.4715,-0.6086736
959.8628,960.4715,-0.6087198
959.8628,960.4716,-0.6087502
959.8628,960.4716,-0.6088092
959.8628,960.4716,-0.6088147
959.8628,960.4717,-0.6089313
959.8628,960.4718,-0.6089576
959.8628,960.4718,-0.6089748
959.8628,960.4718,-0.6090125
959.8628,960.4718,-0.6090272
959.8628,960.4719,-0.6091015
959.8628,960.4719,-0.6091106
959.8628,960.4719,-0.609133
959.8628,960.472,-0.6091745
959.8628,960.472,-0.6091965
959.8628,960.472,-0.6092199
959.8628,960.4722,-0.6093817
959.8628,960.4722,-0.6094076
959.8628,960.4723,-0.6094935
959.8628,960.4723,-0.609499
959.8628,960.4723,-0.6095072
959.8628,960.4723,-0.609545
959.8628,960.4724,-0.6095776
959.8628,960.4724,-0.6096007
959.8628,960.4725,-0.6097337
959.8628,960.4726,-0.6097648
959.8628,960.4726,-0.6097956
959.8628,960.4727,-0.6098505
959.8628,960.4727,-0.6098949
959.8628,960.4728,-0.6100152
959.8628,960.4729,-0.6100735
959.8628,960.4729,-0.6101494
959.8628,960.4731,-0.6103041
959.8628,960.4731,-0.61032
959.8628,960.4731,-0.6103456
959.8628,960.4732,-0.6104005
959.8628,960.4732,-0.6104214
959.8628,960.4733,-0.6104598
959.8628,960.4733,-0.6105017
959.8628,960.4733,-0.6105086
959.8628,960.4734,-0.6106352
959.8628,960.4735,-0.6106875
959.8628,960.4735,-0.6106972
959.8628,960.4736,-0.6107823
959.8628,960.4736,-0.6108185
959.8628,960.4736,-0.6108227
959.8628,960.4737,-0.6109408
959.8628,960.4738,-0.6109673
959.8628,960.4738,-0.610996
959.8628,960.4738,-0.6110132
959.8628,960.4739,-0.6111029
959.8628,960.474,-0.6111635
959.8628,960.4741,-0.6112593
959.8628,960.4741,-0.6113013
959.8628,960.4741,-0.6113127
959.8628,960.4741,-0.6113142
959.8628,960.4742,-0.6113649
959.8628,960.4742,-0.6114486
959.8628,960.4743,-0.611482
959.8628,960.4744,-0.6115821
959.8628,960.4744,-0.6115944
959.8628,960.4744,-0.6116176
959.8628,960.4745,-0.6116516
959.8628,960.4745,-0.6116775
959.8628,960.4745,-0.611685
959.8628,960.4746,-0.6117513
959.8628,960.4746,-0.6117599
959.8628,960.4746,-0.6118043
959.8628,960.4746,-0.6118224
959.8628,960.4748,-0.6119948
959.8628,960.4748,-0.6120145
959.8628,960.4748,-0.6120274
959.8628,960.4749,-0.6120547
959.8628,960.475,-0.6121566
959.8628,960.4751,-0.612304
959.8628,960.4752,-0.6123521
959.8628,960.4753,-0.6125008
959.8628,960.4753,-0.6125358
959.8628,960.4755,-0.612708
959.8628,960.4756,-0.6128377
959.8628,960.4756,-0.6128475
959.8628,960.4757,-0.6128995
959.8628,960.4757,-0.6129309
959.8628,960.4758,-0.6129899
959.8628,960.4759,-0.6130665
959.8628,960.476,-0.6132318
959.8628,960.476,-0.6132362
959.8628,960.4761,-0.6133258
959.8628,960.4762,-0.6133645
959.8628,960.4762,-0.6134221
959.8628,960.4763,-0.6134763
959.8628,960.4765,-0.6136774
959.8628,960.4765,-0.6136933
959.8628,960.4765,-0.6137085
959.8628,960.4765,-0.6137199
959.8628,960.4765,-0.6137367
959.8628,960.4766,-0.6137785
959.8628,960.4766,-0.6137922
959.8628,960.4768,-0.6140475
959.8628,960.4769,-0.6140551
959.8628,960.477,-0.6142185
959.8628,960.4772,-0.6143524
959.8628,960.4772,-0.6144154
959.8628,960.4772,-0.6144229
959.8628,960.4773,-0.6144615
959.8628,960.4773,-0.6145101
959.8628,960.4774,-0.6145956
959.8628,960.4774,-0.6146244
959.8628,960.4775,-0.614732
959.8628,960.4777,-0.6148726
959.8628,960.4777,-0.6148959
959.8628,960.4778,-0.6150347
959.8628,960.4779,-0.6150937
959.8628,960.4779,-0.6151342
959.8628,960.478,-0.6151652
959.8628,960.4781,-0.6153224
959.8628,960.4782,-0.6154014
959.8628,960.4782,-0.6154179
959.8628,960.4782,-0.6154268
959.8628,960.4783,-0.6155128
959.8628,960.4783,-0.6155278
959.8628,960.4783,-0.6155325
959.8628,960.4784,-0.6155518
959.8628,960.4785,-0.6157068
959.8628,960.4786,-0.6157893
959.8628,960.4787,-0.6158618
959.8628,960.4787,-0.6159084
959.8628,960.479,-0.6161663
959.8628,960.479,-0.6162429
959.8628,960.4791,-0.6162557
959.8628,960.4791,-0.6162766
959.8628,960.4792,-0.6164107
959.8628,960.4794,-0.6166263
959.8628,960.4795,-0.6166735
959.8628,960.4795,-0.6166992
959.8628,960.4795,-0.6167085
959.8628,960.4796,-0.6168256
959.8628,960.4797,-0.6168638
959.8628,960.4797,-0.6168667
959.8628,960.4797,-0.6168814
959.8628,960.4798,-0.6170439
959.8628,960.4799,-0.6170726
959.8628,960.4799,-0.6170843
959.8628,960.4799,-0.6170909
959.8628,960.48,-0.6171921
959.8628,960.48,-0.6172024
959.8628,960.48,-0.6172428
959.8628,960.4801,-0.6172626
959.8628,960.4801,-0.6173142
959.8628,960.4804,-0.6176243
959.8628,960.4805,-0.617694
959.8628,960.4805,-0.6177242
959.8628,960.4807,-0.6178789
959.8628,960.4807,-0.6179468
959.8628,960.4808,-0.6179657
959.8628,960.4809,-0.6180804
959.8628,960.4809,-0.6181119
959.8628,960.4809,-0.6181353
959.8628,960.481,-0.61817
959.8628,960.4813,-0.6185054
959.8628,960.4813,-0.6185222
959.8628,960.4813,-0.6185385
959.8628,960.4814,-0.6185626
959.8628,960.4815,-0.6186643
959.8628,960.4815,-0.6186879
959.8628,960.4815,-0.6186882
959.8628,960.4816,-0.6187798
959.8628,960.4816,-0.6187859
959.8628,960.4817,-0.6189015
959.8628,960.4817,-0.6189299
959.8628,960.4818,-0.6190486
959.8628,960.4819,-0.6190688
959.8628,960.4819,-0.6190929
959.8628,960.4819,-0.619113
959.8628,960.4819,-0.6191462
959.8628,960.4821,-0.6192841
959.8628,960.4822,-0.6194105
959.8628,960.4823,-0.6194676
959.8628,960.4823,-0.6195254
959.8628,960.4825,-0.6196997
959.8628,960.4826,-0.6198097
959.8628,960.4826,-0.6198407
959.8628,960.4827,-0.6198576
959.8628,960.4827,-0.6198734
959.8628,960.4827,-0.6198813
959.8628,960.4827,-0.6199167
959.8628,960.4828,-0.6200108
959.8628,960.4829,-0.6201076
959.8628,960.4829,-0.6201432
959.8628,960.483,-0.6201928
959.8628,960.483,-0.6202403
959.8628,960.4831,-0.6203337
959.8628,960.4832,-0.620378
959.8628,960.4832,-0.6203908
959.8628,960.4833,-0.6204516
959.8628,960.4833,-0.6205137
959.8628,960.4833,-0.6205256
959.8628,960.4833,-0.6205494
959.8628,960.4834,-0.6205663
959.8628,960.4835,-0.6206664
959.8628,960.4835,-0.6207024
959.8628,960.4836,-0.6207617
959.8628,960.4836,-0.6207922
959.8628,960.4836,-0.6208089
959.8628,960.4837,-0.6209172
959.8628,960.4838,-0.6209776
959.8628,960.4838,-0.6210395
959.8628,960.4839,-0.6210522
959.8628,960.4839,-0.6210845
959.8628,960.4839,-0.6211087
959.8628,960.484,-0.6212395
959.8628,960.4841,-0.6213138
959.8628,960.4842,-0.621427
959.8628,960.4843,-0.6215008
959.8628,960.4843,-0.6215114
959.8628,960.4843,-0.6215486
959.8628,960.4844,-0.6215983
959.8628,960.4845,-0.62171
959.8628,960.4845,-0.6217461
959.8628,960.4847,-0.6218572
959.8628,960.4847,-0.6219122
959.8628,960.4847,-0.6219379
959.8628,960.4848,-0.6219684
959.8628,960.4849,-0.6220954
959.8628,960.485,-0.6221708
959.8628,960.485,-0.6222077
959.8628,960.4851,-0.6223274
959.8628,960.4852,-0.6224305
959.8628,960.4853,-0.6225113
959.8628,960.4854,-0.6225923
959.8628,960.4854,-0.6225953
959.8628,960.4855,-0.6227439
959.8628,960.4856,-0.6228094
959.8628,960.4857,-0.6228669
959.8628,960.4857,-0.6228899
959.8628,960.4858,-0.6229785
959.8628,960.4858,-0.6229971
959.8628,960.4858,-0.6230257
959.8628,960.486,-0.6232006
959.8628,960.4862,-0.6233586
959.8628,960.4862,-0.6233804
959.8628,960.4863,-0.6234824
959.8628,960.4863,-0.6235349
959.8628,960.4864,-0.6235765
959.8628,960.4864,-0.6235864
959.8628,960.4864,-0.6236034
959.8628,960.4864,-0.6236327
959.8628,960.4865,-0.6236655
959.8628,960.4865,-0.6236876
959.8628,960.4865,-0.6236934
959.8628,960.4865,-0.6237054
959.8628,960.4865,-0.6237394
959.8628,960.4865,-0.6237408
959.8628,960.4866,-0.6237912
959.8628,960.4868,-0.6239676
959.8628,960.4868,-0.6239693
959.8628,960.4869,-0.6240745
959.8628,960.4869,-0.6240922
959.8628,960.4869,-0.6241102
959.8628,960.487,-0.6242171
959.8628,960.487,-0.6242311
959.8628,960.487,-0.6242481
959.8628,960.4873,-0.6244886
959.8628,960.4874,-0.6246232
959.8628,960.4875,-0.6246959
959.8628,960.4877,-0.6248793
959.8628,960.4877,-0.6249015
959.8628,960.4878,-0.6249976
959.8628,960.4878,-0.6249984
959.8628,960.4879,-0.6251404
959.8628,960.4879,-0.6251421
959.8628,960.4879,-0.6251481
959.8628,960.488,-0.6252179
959.8628,960.4881,-0.6252802
959.8628,960.4882,-0.6254233
959.8628,960.4882,-0.6254451
959.8628,960.4883,-0.6255265
959.8628,960.4883,-0.6255455
959.8628,960.4884,-0.625558
959.8628,960.4884,-0.6256032
959.8628,960.4884,-0.6256067
959.8628,960.4884,-0.6256123
959.8628,960.4884,-0.6256125
959.8628,960.4885,-0.6257062
959.8628,960.4886,-0.6257781
959.8628,960.4888,-0.6259612
959.8628,960.4888,-0.6259707
959.8628,960.4888,-0.6260097
959.8628,960.4888,-0.6260461
959.8628,960.4889,-0.6260957
959.8628,960.489,-0.6261771
959.8628,960.489,-0.6262283
959.8628,960.4891,-0.626339
959.8628,960.4892,-0.6263905
959.8628,960.4892,-0.626398
959.8628,960.4892,-0.626399
959.8628,960.4892,-0.6264186
959.8628,960.4892,-0.6264318
959.8628,960.4893,-0.6264801
959.8628,960.4893,-0.6264974
959.8628,960.4893,-0.6265474
959.8628,960.4894,-0.6265631
959.8628,960.4894,-0.6265632
959.8628,960.4894,-0.6266007
959.8628,960.4895,-0.6267204
959.8628,960.4897,-0.6269007
959.8628,960.4897,-0.6269129
959.8628,960.4898,-0.6269655
959.8628,960.4898,-0.6269664
959.8628,960.49,-0.6272414
959.8628,960.4901,-0.6272969
959.8628,960.4902,-0.6273749
959.8628,960.4902,-0.627428
959.8628,960.4903,-0.6275469
959.8628,960.4904,-0.6276216
959.8628,960.4905,-0.6276834
959.8628,960.4906,-0.6278274
959.8628,960.4907,-0.6278909
959.8628,960.4908,-0.6280167
959.8628,960.4908,-0.628047
959.8628,960.491,-0.6281696
959.8628,960.4911,-0.6282543
959.8628,960.4911,-0.6283037
959.8628,960.4912,-0.6284215
959.8628,960.4913,-0.6285133
959.8628,960.4914,-0.6286159
959.8628,960.4914,-0.6286208
959.8628,960.4914,-0.6286446
959.8628,960.4915,-0.6286954
959.8628,960.4916,-0.6287835
959.8628,960.4916,-0.6288482
959.8628,960.4917,-0.6288765
959.8628,960.4917,-0.6288957
959.8628,960.4918,-0.6289971
959.8628,960.4918,-0.6290196
959.8628,960.4919,-0.6291252
959.8628,960.4919,-0.6291342
959.8628,960.492,-0.6291707
959.8628,960.4921,-0.6293483
959.8628,960.4923,-0.6295438
959.8628,960.4924,-0.6296206
959.8628,960.4925,-0.6297162
959.8628,960.4926,-0.6297998
959.8628,960.4926,-0.6298005
959.8628,960.4926,-0.6298126
959.8628,960.4927,-0.629851
959.8628,960.4927,-0.6298534
959.8628,960.4927,-0.6298559
959.8628,960.4928,-0.6299818
959.8628,960.4928,-0.6300193
959.8628,960.4929,-0.630101
959.8628,960.4929,-0.6301135
959.8628,960.493,-0.6301681
959.8628,960.493,-0.6302048
959.8628,960.493,-0.6302163
959.8628,960.4934,-0.630628
959.8628,960.4935,-0.6306855
959.8628,960.4936,-0.6307729
959.8628,960.4936,-0.6308143
959.8628,960.4937,-0.6308967
959.8628,960.4937,-0.630948
959.8628,960.4938,-0.6309925
959.8628,960.4939,-0.6310576
959.8628,960.4941,-0.6312947
959.8628,960.4941,-0.6313069
959.8628,960.4943,-0.6314904
959.8628,960.4943,-0.6314906
959.8628,960.4945,-0.6316737
959.8628,960.4945,-0.631703
959.8628,960.4945,-0.6317382
959.8628,960.4946,-0.6317542
959.8628,960.4946,-0.631842
959.8628,960.4947,-0.6319421
959.8628,960.4948,-0.6320192
959.8628,960.4949,-0.6320592
959.8628,960.4949,-0.6320652
959.8628,960.4952,-0.6323572
959.8628,960.4952,-0.6323788
959.8628,960.4952,-0.6323802
959.8628,960.4953,-0.6324944
959.8628,960.4953,-0.6325291
959.8628,960.4954,-0.6325795
959.8628,960.4954,-0.6326448
959.8628,960.4955,-0.6326851
959.8628,960.4955,-0.6327339
959.8628,960.4956,-0.6328305
959.8628,960.4956,-0.6328321
959.8628,960.4956,-0.6328364
959.8628,960.4958,-0.6330055
959.8628,960.4959,-0.6330925
959.8628,960.4959,-0.6331205
959.8628,960.4959,-0.6331264
959.8628,960.496,-0.6331501
959.8628,960.496,-0.6332349
959.8628,960.4961,-0.6332501
959.8628,960.4961,-0.6332682
959.8628,960.4961,-0.6333041
959.8628,960.4963,-0.6335497
959.8628,960.4965,-0.6336612
959.8628,960.4965,-0.6337057
959.8628,960.4965,-0.633734
959.8628,960.4965,-0.6337417
959.8628,960.4966,-0.6337895
959.8628,960.4967,-0.6338516
959.8628,960.4967,-0.6338539
959.8628,960.4968,-0.633973
959.8628,960.4968,-0.6340269
959.8628,960.4968,-0.6340356
959.8628,960.4969,-0.6340712
959.8628,960.4969,-0.6340846
959.8628,960.4969,-0.6340949
959.8628,960.4969,-0.6341101
959.8628,960.4969,-0.6341122
959.8628,960.4969,-0.6341148
959.8628,960.497,-0.6341714
959.8628,960.497,-0.6341827
959.8628,960.497,-0.6342073
959.8628,960.497,-0.6342352
959.8628,960.4971,-0.6342636
959.8628,960.4971,-0.6342963
959.8628,960.4971,-0.6343243
959.8628,960.4972,-0.634359
959.8628,960.4972,-0.6343862
959.8628,960.4972,-0.6343905
959.8628,960.4973,-0.6344617
959.8628,960.4973,-0.6344818
959.8628,960.4973,-0.6345033
959.8628,960.4973,-0.6345315
959.8628,960.4974,-0.6345769
959.8628,960.4974,-0.6345889
959.8628,960.4975,-0.6346961
959.8628,960.4975,-0.6346961
959.8628,960.4975,-0.634707
959.8628,960.4975,-0.6347262
959.8628,960.4975,-0.6347482
959.8628,960.4976,-0.6347513
959.8628,960.4976,-0.6347584
959.8628,960.4976,-0.6347599
959.8628,960.4976,-0.6347749
959.8628,960.4976,-0.6348264
959.8628,960.4977,-0.6348746
959.8628,960.4977,-0.6348865
959.8628,960.4977,-0.6349287
959.8628,960.4977,-0.6349344
959.8628,960.4978,-0.6349561
959.8628,960.4978,-0.6349803
959.8628,960.4978,-0.6349857
959.8628,960.4978,-0.6349937
959.8628,960.4978,-0.6350039
959.8628,960.4979,-0.6351213
959.8628,960.4979,-0.6351454
959.8628,960.498,-0.6351635
959.8628,960.498,-0.6352175
959.8628,960.498,-0.6352265
959.8628,960.4981,-0.6352546
959.8628,960.4981,-0.6352724
959.8628,960.4983,-0.6354712
959.8628,960.4983,-0.6354853
959.8628,960.4983,-0.635507
959.8628,960.4983,-0.6355215
959.8628,960.4983,-0.6355445
959.8628,960.4984,-0.6356359
959.8628,960.4985,-0.6356583
959.8628,960.4985,-0.6357184
959.8628,960.4985,-0.6357365
959.8628,960.4986,-0.635761
959.8628,960.4986,-0.6357677
959.8628,960.4986,-0.6357689
959.8628,960.4986,-0.6358037
959.8628,960.4986,-0.6358331
959.8628,960.4987,-0.635863
959.8628,960.4987,-0.6359178
959.8628,960.4987,-0.6359219
959.8628,960.4988,-0.6359724
959.8628,960.4988,-0.6359747
959.8628,960.4988,-0.6360369
959.8628,960.4989,-0.6360755
959.8628,960.4989,-0.6360818
959.8628,960.4989,-0.6361152
959.8628,960.499,-0.6361725
959.8628,960.499,-0.6361868
959.8628,960.4991,-0.6362645
959.8628,960.4991,-0.6363493
959.8628,960.4992,-0.6363576
959.8628,960.4992,-0.6363791
959.8628,960.4992,-0.6363836
959.8628,960.4992,-0.6363871
959.8628,960.4992,-0.6364194
959.8628,960.4993,-0.6364536
959.8628,960.4993,-0.6364838
959.8628,960.4993,-0.636507
959.8628,960.4993,-0.6365284
959.8628,960.4993,-0.6365477
959.8628,960.4993,-0.6365498
959.8628,960.4994,-0.6365568
959.8628,960.4994,-0.6365648
959.8628,960.4994,-0.6366291
959.8628,960.4995,-0.6366833
959.8628,960.4995,-0.6366887
959.8628,960.4995,-0.636689
959.8628,960.4995,-0.6367325
959.8628,960.4996,-0.6368181
959.8628,960.4996,-0.6368356
959.8628,960.4996,-0.6368465
959.8628,960.4997,-0.6368895
959.8628,960.4997,-0.6368947
959.8628,960.4998,-0.6369533
959.8628,960.4998,-0.6369967
959.8628,960.4998,-0.6370096
959.8628,960.4998,-0.6370405
959.8628,960.4998,-0.6370487
959.8628,960.4999,-0.6370564
959.8628,960.4999,-0.637062
959.8628,960.4999,-0.6371032
959.8628,960.4999,-0.6371402
959.8628,960.5,-0.6371597
959.8628,960.5,-0.637169
959.8628,960.5,-0.6371787
959.8628,960.5,-0.6372175
959.8628,960.5001,-0.637252
959.8628,960.5001,-0.6372653
959.8628,960.5001,-0.6372808
959.8628,960.5001,-0.6372968
959.8628,960.5001,-0.6373485
959.8628,960.5002,-0.6373631
959.8628,960.5002,-0.6373669
959.8628,960.5002,-0.6373949
959.8628,960.5002,-0.63741
959.8628,960.5004,-0.6375632
959.8628,960.5004,-0.6376078
959.8628,960.5004,-0.6376364
959.8628,960.5005,-0.6376583
959.8628,960.5005,-0.6376627
959.8628,960.5005,-0.6376894
959.8628,960.5005,-0.637728
959.8628,960.5005,-0.6377499
959.8628,960.5006,-0.6377537
959.8628,960.5006,-0.6377805
959.8628,960.5006,-0.6378133
959.8628,960.5006,-0.637814
959.8628,960.5006,-0.6378161
959.8628,960.5006,-0.6378205
959.8628,960.5007,-0.637866
959.8628,960.5007,-0.6378969
959.8628,960.5007,-0.6379031
959.8628,960.5008,-0.637966
959.8628,960.5008,-0.6379684
959.8628,960.5008,-0.638006
959.8628,960.5008,-0.6380214
959.8628,960.5009,-0.6380768
959.8628,960.5009,-0.6381027
959.8628,960.5009,-0.6381163
959.8628,960.5009,-0.6381386
959.8628,960.5009,-0.6381456
959.8628,960.501,-0.6381738
959.8628,960.501,-0.6382039
959.8628,960.5011,-0.6383099
959.8628,960.5011,-0.638347
959.8628,960.5012,-0.6384479
959.8628,960.5013,-0.6384894
959.8628,960.5014,-0.6385635
959.8628,960.5014,-0.6386414
959.8628,960.5015,-0.6386505
959.8628,960.5015,-0.6386569
959.8628,960.5015,-0.6387396
959.8628,960.5016,-0.6387579
959.8628,960.5016,-0.6387862
959.8628,960.5016,-0.6388292
959.8628,960.5017,-0.6389211
959.8628,960.5017,-0.6389212
959.8628,960.5017,-0.6389438
959.8628,960.5017,-0.6389445
959.8628,960.5018,-0.6389695
959.8628,960.5019,-0.6390867
959.8628,960.5019,-0.6391093
959.8628,960.5019,-0.6391487
959.8628,960.502,-0.6391753
959.8628,960.502,-0.6391785
959.8628,960.502,-0.6391858
959.8628,960.502,-0.6391907
959.8628,960.502,-0.6392123
959.8628,960.502,-0.639233
959.8628,960.5021,-0.6392777
959.8628,960.5021,-0.639296
959.8628,960.5022,-0.6393727
959.8628,960.5022,-0.6393863
959.8628,960.5022,-0.6394061
959.8628,960.5022,-0.6394144
959.8628,960.5022,-0.639417
959.8628,960.5023,-0.6394554
959.8628,960.5023,-0.639462
959.8628,960.5023,-0.6395197
959.8628,960.5023,-0.6395309
959.8628,960.5024,-0.6395599
959.8628,960.5024,-0.63956
959.8628,960.5024,-0.6395604
959.8628,960.5024,-0.6395715
959.8628,960.5024,-0.639575
959.8628,960.5024,-0.6396222
959.8628,960.5025,-0.6397358
959.8628,960.5026,-0.6398166
959.8628,960.5026,-0.6398356
959.8628,960.5027,-0.6398607
959.8628,960.5027,-0.6398974
959.8628,960.5027,-0.6399249
959.8628,960.5028,-0.6399837
959.8628,960.5029,-0.640083
959.8628,960.503,-0.6402012
959.8628,960.503,-0.6402024
959.8628,960.503,-0.640204
959.8628,960.5031,-0.6403082
959.8628,960.5031,-0.6403158
959.8628,960.5031,-0.6403332
959.8628,960.5032,-0.640364
959.8628,960.5032,-0.640386
959.8628,960.5032,-0.640442
959.8628,960.5033,-0.6404527
959.8628,960.5033,-0.6404567
959.8628,960.5033,-0.6405164
959.8628,960.5033,-0.6405403
959.8628,960.5034,-0.6405622
959.8628,960.5034,-0.6406252
959.8628,960.5035,-0.6406808
959.8628,960.5035,-0.6406846
959.8628,960.5035,-0.6407021
959.8628,960.5036,-0.6407882
959.8628,960.5036,-0.6408387
959.8628,960.5037,-0.6408593
959.8628,960.5037,-0.6408765
959.8628,960.5038,-0.6409526
959.8628,960.5038,-0.6409682
959.8628,960.5038,-0.6410304
959.8628,960.5038,-0.6410371
959.8628,960.5039,-0.6410522
959.8628,960.5039,-0.6410786
959.8628,960.5039,-0.6410847
959.8628,960.504,-0.6411595
959.8628,960.504,-0.6412115
959.8628,960.5041,-0.6413212
959.8628,960.5042,-0.6413928
959.8628,960.5042,-0.6414183
959.8628,960.5043,-0.6414899
959.8628,960.5043,-0.6415219
959.8628,960.5043,-0.6415254
959.8628,960.5044,-0.6416118
959.8628,960.5044,-0.6416313
959.8628,960.5045,-0.6417003
959.8628,960.5045,-0.6417031
959.8628,960.5045,-0.6417081
959.8628,960.5045,-0.6417202
959.8628,960.5045,-0.641747
959.8628,960.5046,-0.6418072
959.8628,960.5046,-0.6418121
959.8628,960.5046,-0.6418269
959.8628,960.5046,-0.6418426
959.8628,960.5047,-0.6419006
959.8628,960.5048,-0.6419545
959.8628,960.5048,-0.6419566
959.8628,960.5049,-0.642052
959.8628,960.5049,-0.6420627
959.8628,960.5049,-0.6420775
959.8628,960.5049,-0.6420869
959.8628,960.5049,-0.6421283
959.8628,960.505,-0.6421691
959.8628,960.505,-0.642175
959.8628,960.505,-0.642215
959.8628,960.505,-0.642236
959.8628,960.5051,-0.6422833
959.8628,960.5051,-0.6423185
959.8628,960.5052,-0.6424373
959.8628,960.5052,-0.6424441
959.8628,960.5052,-0.642447
959.8628,960.5053,-0.6425019
959.8628,960.5053,-0.64254
959.8628,960.5053,-0.6425495
959.8628,960.5054,-0.6425766
959.8628,960.5054,-0.64264
959.8628,960.5055,-0.642732
959.8628,960.5055,-0.642739
959.8628,960.5056,-0.6427677
959.8628,960.5056,-0.642848
959.8628,960.5057,-0.6428671
959.8628,960.5057,-0.6429362
959.8628,960.5057,-0.6429372
959.8628,960.5057,-0.6429441
959.8628,960.5058,-0.6429682
959.8628,960.5058,-0.6430487
959.8628,960.5059,-0.6430509
959.8628,960.5059,-0.6430618
959.8628,960.5059,-0.6431255
959.8628,960.5059,-0.6431359
959.8628,960.5059,-0.6431402
959.8628,960.506,-0.6431553
959.8628,960.506,-0.6431953
959.8628,960.5061,-0.6432504
959.8628,960.5061,-0.6432698
959.8628,960.5061,-0.6432969
959.8628,960.5061,-0.6433237
959.8628,960.5061,-0.6433447
959.8628,960.5062,-0.6433506
959.8628,960.5062,-0.6433573
959.8628,960.5062,-0.6433844
959.8628,960.5062,-0.6434025
959.8628,960.5062,-0.643421
959.8628,960.5062,-0.643427
959.8628,960.5062,-0.6434372
959.8628,960.5062,-0.6434438
959.8628,960.5062,-0.6434491
959.8628,960.5063,-0.6434542
959.8628,960.5063,-0.6434651
959.8628,960.5063,-0.6435145
959.8628,960.5064,-0.6435858
959.8628,960.5064,-0.6435908
959.8628,960.5064,-0.6436089
959.8628,960.5064,-0.6436393
959.8628,960.5065,-0.6436906
959.8628,960.5065,-0.6436937
959.8628,960.5065,-0.6436957
959.8628,960.5065,-0.6436975
959.8628,960.5065,-0.6437195
959.8628,960.5065,-0.6437321
959.8628,960.5065,-0.6437358
959.8628,960.5065,-0.6437374
959.8628,960.5065,-0.6437474
959.8628,960.5066,-0.6437579
959.8628,960.5066,-0.6437588
959.8628,960.5066,-0.6437642
959.8628,960.5066,-0.6437668
959.8628,960.5066,-0.6437992
959.8628,960.5066,-0.6438053
959.8628,960.5066,-0.6438248
959.8628,960.5066,-0.6438378
959.8628,960.5066,-0.6438385
959.8628,960.5067,-0.6438839
959.8628,960.5067,-0.6439143
959.8628,960.5067,-0.6439404
959.8628,960.5068,-0.6439679
959.8628,960.5068,-0.6439721
959.8628,960.5068,-0.6439842
959.8628,960.5068,-0.6440322
959.8628,960.5068,-0.6440482
959.8628,960.5069,-0.6440666
959.8628,960.5069,-0.6440728
959.8628,960.5069,-0.6440866
959.8628,960.5069,-0.6441211
959.8628,960.5069,-0.6441292
959.8628,960.5069,-0.644141
959.8628,960.5069,-0.6441463
959.8628,960.507,-0.644154
959.8628,960.507,-0.6441921
959.8628,960.507,-0.64421
959.8628,960.507,-0.6442256
959.8628,960.5071,-0.6443083
959.8628,960.5072,-0.6443708
959.8628,960.5072,-0.6444396
959.8628,960.5072,-0.6444493
959.8628,960.5073,-0.6444758
959.8628,960.5073,-0.6444824
959.8628,960.5073,-0.644502
959.8628,960.5073,-0.6445084
959.8628,960.5073,-0.6445251
959.8628,960.5074,-0.6445563
959.8628,960.5074,-0.6445674
959.8628,960.5074,-0.6445766
959.8628,960.5074,-0.6445876
959.8628,960.5074,-0.6445907
959.8628,960.5074,-0.6446051
959.8628,960.5074,-0.6446164
959.8628,960.5075,-0.6446529
959.8628,960.5075,-0.644659
959.8628,960.5075,-0.6446879
959.8628,960.5075,-0.6447048
959.8628,960.5075,-0.6447061
959.8628,960.5075,-0.6447128
959.8628,960.5075,-0.6447221
959.8628,960.5075,-0.6447226
959.8628,960.5075,-0.6447286
959.8628,960.5075,-0.6447354
959.8628,960.5076,-0.6447647
959.8628,960.5076,-0.644766
959.8628,960.5076,-0.6447737
959.8628,960.5076,-0.6447833
959.8628,960.5076,-0.6448078
959.8628,960.5076,-0.6448186
959.8628,960.5076,-0.6448284
959.8628,960.5076,-0.6448287
959.8628,960.5076,-0.6448291
959.8628,960.5077,-0.6448507
959.8628,960.5077,-0.6449162
959.8628,960.5078,-0.6449562
959.8628,960.5078,-0.6450318
959.8628,960.5078,-0.6450389
959.8628,960.5079,-0.6450529
959.8628,960.5079,-0.6450585
959.8628,960.5079,-0.6450668
959.8628,960.5079,-0.6450863
959.8628,960.5079,-0.6450884
959.8628,960.5079,-0.6450982
959.8628,960.5079,-0.6451099
959.8628,960.5079,-0.6451396
959.8628,960.5079,-0.6451442
959.8628,960.508,-0.6451827
959.8628,960.508,-0.6452357
959.8628,960.508,-0.6452392
959.8628,960.508,-0.6452453
959.8628,960.5081,-0.6452731
959.8628,960.5081,-0.6453098
959.8628,960.5081,-0.6453123
959.8628,960.5081,-0.6453184
959.8628,960.5081,-0.6453264
959.8628,960.5081,-0.6453379
959.8628,960.5082,-0.645378
959.8628,960.5082,-0.645385
959.8628,960.5082,-0.6454029
959.8628,960.5082,-0.6454075
959.8628,960.5082,-0.6454332
959.8628,960.5082,-0.6454378
959.8628,960.5082,-0.6454392
959.8628,960.5083,-0.6454651
959.8628,960.5083,-0.6454665
959.8628,960.5083,-0.6454728
959.8628,960.5083,-0.6455147
959.8628,960.5083,-0.645524
959.8628,960.5083,-0.6455408
959.8628,960.5084,-0.6455569
959.8628,960.5084,-0.6455604
959.8628,960.5084,-0.6455908
959.8628,960.5084,-0.6455972
959.8628,960.5084,-0.6456111
959.8628,960.5084,-0.6456251
959.8628,960.5084,-0.6456404
959.8628,960.5085,-0.645664
959.8628,960.5085,-0.645667
959.8628,960.5085,-0.6456877
959.8628,960.5086,-0.6457548
959.8628,960.5086,-0.6457766
959.8628,960.5086,-0.6457917
959.8628,960.5086,-0.645803
959.8628,960.5086,-0.6458064
959.8628,960.5086,-0.6458177
959.8628,960.5086,-0.6458292
959.8628,960.5086,-0.6458306
959.8628,960.5086,-0.6458314
959.8628,960.5087,-0.6458594
959.8628,960.5087,-0.6458964
959.8628,960.5087,-0.6459199
959.8628,960.5087,-0.6459293
959.8628,960.5087,-0.6459447
959.8628,960.5087,-0.6459495
959.8628,960.5088,-0.6460139
959.8628,960.5088,-0.6460139
959.8628,960.5089,-0.64606
959.8628,960.5089,-0.6460705
959.8628,960.5089,-0.6460825
959.8628,960.5089,-0.6460845
959.8628,960.5089,-0.6461338
959.8628,960.5089,-0.6461467
959.8628,960.5089,-0.6461486
959.8628,960.509,-0.6461735
959.8628,960.509,-0.6461937
959.8628,960.509,-0.6462241
959.8628,960.509,-0.6462387
959.8628,960.509,-0.6462497
959.8628,960.5091,-0.6462535
959.8628,960.5091,-0.6462674
959.8628,960.5091,-0.6462772
959.8628,960.5091,-0.6462941
959.8628,960.5091,-0.6463053
959.8628,960.5091,-0.6463124
959.8628,960.5092,-0.6463719
959.8628,960.5092,-0.6464362
959.8628,960.5093,-0.646539
959.8628,960.5094,-0.6465871
959.8628,960.5094,-0.6465996
959.8628,960.5094,-0.646612
959.8628,960.5094,-0.6466192
959.8628,960.5094,-0.6466352
959.8628,960.5094,-0.6466401
959.8628,960.5095,-0.6466706
959.8628,960.5095,-0.6466733
959.8628,960.5095,-0.6466734
959.8628,960.5096,-0.6467708
959.8628,960.5096,-0.6467722
959.8628,960.5096,-0.6467725
959.8628,960.5096,-0.6467788
959.8628,960.5096,-0.6467886
959.8628,960.5096,-0.6468323
959.8628,960.5097,-0.6468681
959.8628,960.5097,-0.6468838
959.8628,960.5097,-0.6469495
959.8628,960.5098,-0.6469717
959.8628,960.5098,-0.6469819
959.8628,960.5098,-0.647026
959.8628,960.5098,-0.6470307
959.8628,960.5099,-0.6470506
959.8628,960.5099,-0.6470875
959.8628,960.5099,-0.6471048
959.8628,960.5099,-0.6471056
959.8628,960.5099,-0.6471147
959.8628,960.51,-0.6471751
959.8628,960.51,-0.6471843
959.8628,960.51,-0.6472158
959.8628,960.5101,-0.6472756
959.8628,960.5101,-0.6473236
959.8628,960.5101,-0.6473305
959.8628,960.5101,-0.6473329
959.8628,960.5102,-0.6473713
959.8628,960.5102,-0.6474064
959.8628,960.5102,-0.6474139
959.8628,960.5103,-0.6474703
959.8628,960.5103,-0.6474707
959.8628,960.5103,-0.6474728
959.8628,960.5103,-0.6474754
959.8628,960.5103,-0.6475366
959.8628,960.5104,-0.6475823
959.8628,960.5104,-0.6476089
959.8628,960.5104,-0.6476101
959.8628,960.5105,-0.647655
959.8628,960.5105,-0.6476739
959.8628,960.5105,-0.6476746
959.8628,960.5105,-0.6476748
959.8628,960.5105,-0.6476884
959.8628,960.5105,-0.6476993
959.8628,960.5106,-0.64776
959.8628,960.5106,-0.6478037
959.8628,960.5106,-0.6478253
959.8628,960.5107,-0.647918
959.8628,960.5107,-0.6479267
959.8628,960.5107,-0.6479298
959.8628,960.5108,-0.6479737
959.8628,960.5108,-0.648018
959.8628,960.5109,-0.6480682
959.8628,960.5109,-0.6480701
959.8628,960.5109,-0.6480707
959.8628,960.5109,-0.6481022
959.8628,960.5109,-0.6481209
959.8628,960.5109,-0.6481339
959.8628,960.511,-0.6481569
959.8628,960.511,-0.6482047
959.8628,960.5111,-0.6483056
959.8628,960.5111,-0.6483306
959.8628,960.5112,-0.6483788
959.8628,960.5112,-0.6483801
959.8628,960.5112,-0.6483853
959.8628,960.5112,-0.6484122
959.8628,960.5113,-0.6484774
959.8628,960.5113,-0.6484883
959.8628,960.5113,-0.6485316
959.8628,960.5114,-0.6485702
959.8628,960.5114,-0.6485811
959.8628,960.5114,-0.648597
959.8628,960.5114,-0.6486374
959.8628,960.5115,-0.6486551
959.8628,960.5115,-0.6486783
959.8628,960.5115,-0.6486937
959.8628,960.5115,-0.6486978
959.8628,960.5115,-0.6486982
959.8628,960.5115,-0.6487012
959.8628,960.5116,-0.6487923
959.8628,960.5116,-0.6487939
959.8628,960.5116,-0.6488253
959.8628,960.5117,-0.6488791
959.8628,960.5117,-0.6489303
959.8628,960.5118,-0.6489659
959.8628,960.5118,-0.6490467
959.8628,960.5119,-0.649112
959.8628,960.5119,-0.6491172
959.8628,960.5119,-0.6491251
959.8628,960.5119,-0.6491322
959.8628,960.5119,-0.6491345
959.8628,960.512,-0.6492035
959.8628,960.512,-0.6492353
959.8628,960.5121,-0.6492515
959.8628,960.5121,-0.6492761
959.8628,960.5121,-0.6492844
959.8628,960.5121,-0.6493055
959.8628,960.5121,-0.6493366
959.8628,960.5121,-0.649347
959.8628,960.5122,-0.6493806
959.8628,960.5122,-0.6493986
959.8628,960.5122,-0.6494315
959.8628,960.5122,-0.6494485
959.8628,960.5122,-0.649449
959.8628,960.5123,-0.649493
959.8628,960.5123,-0.6494941
959.8628,960.5124,-0.6495616
959.8628,960.5124,-0.6495993
959.8628,960.5124,-0.6496215
959.8628,960.5124,-0.6496403
959.8628,960.5125,-0.6496908
959.8628,960.5125,-0.6497045
959.8628,960.5125,-0.6497339
959.8628,960.5125,-0.6497456
959.8628,960.5126,-0.6497799
959.8628,960.5126,-0.6498421
959.8628,960.5126,-0.649845
959.8628,960.5127,-0.6498665
959.8628,960.5127,-0.6499235
959.8628,960.5128,-0.6499864
959.8628,960.5128,-0.6500222
959.8628,960.5128,-0.6500388
959.8628,960.5128,-0.6500426
959.8628,960.5129,-0.6500512
959.8628,960.5129,-0.6500631
959.8628,960.5129,-0.6500724
959.8628,960.5129,-0.6500724
959.8628,960.5129,-0.6501095
959.8628,960.5129,-0.6501172
959.8628,960.5129,-0.6501401
959.8628,960.513,-0.6501526
959.8628,960.513,-0.6501761
959.8628,960.513,-0.6502125
959.8628,960.513,-0.6502381
959.8628,960.513,-0.6502467
959.8628,960.5131,-0.6502631
959.8628,960.5131,-0.6503481
959.8628,960.5132,-0.6504021
959.8628,960.5132,-0.6504056
959.8628,960.5132,-0.6504074
959.8628,960.5132,-0.650413
959.8628,960.5132,-0.6504135
959.8628,960.5133,-0.6505216
959.8628,960.5134,-0.6505547
959.8628,960.5134,-0.6505791
959.8628,960.5134,-0.6505929
959.8628,960.5134,-0.6506045
959.8628,960.5134,-0.6506408
959.8628,960.5135,-0.6506861
959.8628,960.5135,-0.6506914
959.8628,960.5135,-0.6506919
959.8628,960.5135,-0.6507454
959.8628,960.5136,-0.6508042
959.8628,960.5136,-0.6508243
959.8628,960.5138,-0.6510285
959.8628,960.5138,-0.6510349
959.8628,960.5138,-0.6510468
959.8628,960.5139,-0.6510512
959.8628,960.5139,-0.6510545
959.8628,960.5139,-0.6510975
959.8628,960.5139,-0.651115
959.8628,960.514,-0.6511504
959.8628,960.514,-0.6511693
959.8628,960.514,-0.6512091
959.8628,960.514,-0.6512128
959.8628,960.514,-0.651237
959.8628,960.514,-0.6512372
959.8628,960.5141,-0.6513132
959.8628,960.5141,-0.6513192
959.8628,960.5141,-0.6513245
959.8628,960.5141,-0.6513326
959.8628,960.5142,-0.6513686
959.8628,960.5142,-0.6514048
959.8628,960.5143,-0.6514771
959.8628,960.5143,-0.6514975
959.8628,960.5143,-0.6515077
959.8628,960.5143,-0.6515297
959.8628,960.5143,-0.6515486
959.8628,960.5144,-0.6515616
959.8628,960.5144,-0.651575
959.8628,960.5145,-0.6516627
959.8628,960.5145,-0.6516794
959.8628,960.5145,-0.6517023
959.8628,960.5145,-0.6517169
959.8628,960.5145,-0.651718
959.8628,960.5146,-0.6517654
959.8628,960.5146,-0.6517829
959.8628,960.5146,-0.6517843
959.8628,960.5146,-0.6518006
959.8628,960.5146,-0.6518224
959.8628,960.5146,-0.6518443
959.8628,960.5147,-0.6518687
959.8628,960.5147,-0.6518826
959.8628,960.5147,-0.6518924
959.8628,960.5147,-0.6519249
959.8628,960.5147,-0.6519406
959.8628,960.5148,-0.6519833
959.8628,960.5148,-0.652033
959.8628,960.5148,-0.6520473
959.8628,960.5149,-0.6520636
959.8628,960.5149,-0.6520676
959.8628,960.5149,-0.6520912
959.8628,960.5149,-0.6520915
959.8628,960.5149,-0.6521271
959.8628,960.5149,-0.65213
959.8628,960.515,-0.652156
959.8628,960.515,-0.6521831
959.8628,960.515,-0.6522107
959.8628,960.515,-0.6522108
959.8628,960.515,-0.6522119
959.8628,960.515,-0.6522395
959.8628,960.5151,-0.6522501
959.8628,960.5151,-0.6522622
959.8628,960.5151,-0.6522745
959.8628,960.5152,-0.6524037
959.8628,960.5152,-0.6524073
959.8628,960.5152,-0.6524083
959.8628,960.5152,-0.6524371
959.8628,960.5152,-0.6524455
959.8628,960.5153,-0.6525102
959.8628,960.5153,-0.6525145
959.8628,960.5154,-0.6525801
959.8628,960.5154,-0.6526085
959.8628,960.5154,-0.6526184
959.8628,960.5154,-0.6526224
959.8628,960.5155,-0.652684
959.8628,960.5155,-0.652693
959.8628,960.5155,-0.6527196
959.8628,960.5155,-0.6527239
959.8628,960.5156,-0.6527852
959.8628,960.5156,-0.6528
959.8628,960.5156,-0.6528035
959.8628,960.5156,-0.6528354
959.8628,960.5156,-0.6528456
959.8628,960.5157,-0.6528699
959.8628,960.5157,-0.6529276
959.8628,960.5158,-0.6529621
959.8628,960.5158,-0.6529666
959.8628,960.5158,-0.6529911
959.8628,960.5158,-0.6529969
959.8628,960.5158,-0.6530376
959.8628,960.5159,-0.6530968
959.8628,960.5159,-0.6531319
959.8628,960.516,-0.6531659
959.8628,960.516,-0.653166
959.8628,960.516,-0.653168
959.8628,960.516,-0.6531689
959.8628,960.516,-0.6532158
959.8628,960.516,-0.653246
959.8628,960.5161,-0.6532508
959.8628,960.5161,-0.6532644
959.8628,960.5161,-0.6532714
959.8628,960.5161,-0.6533078
959.8628,960.5161,-0.6533124
959.8628,960.5161,-0.6533419
959.8628,960.5162,-0.6533799
959.8628,960.5162,-0.6533884
959.8628,960.5162,-0.6534073
959.8628,960.5162,-0.6534408
959.8628,960.5162,-0.6534425
959.8628,960.5163,-0.6534834
959.8628,960.5163,-0.6535077
959.8628,960.5163,-0.6535186
959.8628,960.5163,-0.6535314
959.8628,960.5163,-0.6535397
959.8628,960.5163,-0.6535431
959.8628,960.5164,-0.6535886
959.8628,960.5164,-0.6535936
959.8628,960.5164,-0.6535992
959.8628,960.5164,-0.6536086
959.8628,960.5165,-0.6537038
959.8628,960.5165,-0.6537466
959.8628,960.5165,-0.6537481
959.8628,960.5166,-0.653763
959.8628,960.5167,-0.6538562
959.8628,960.5167,-0.6538588
959.8628,960.5167,-0.6538862
959.8628,960.5167,-0.6539092
959.8628,960.5168,-0.6539564
959.8628,960.5168,-0.6539704
959.8628,960.5168,-0.6539918
959.8628,960.5168,-0.6539926
959.8628,960.5168,-0.6540159
959.8628,960.5168,-0.6540404
959.8628,960.5168,-0.6540468
959.8628,960.5169,-0.6540702
959.8628,960.5169,-0.6541018
959.8628,960.5169,-0.6541173
959.8628,960.5169,-0.65412
959.8628,960.5169,-0.6541317
959.8628,960.517,-0.6541652
959.8628,960.5171,-0.6542558
959.8628,960.5171,-0.6542684
959.8628,960.5171,-0.6542742
959.8628,960.5171,-0.654284
959.8628,960.5171,-0.6543007
959.8628,960.5171,-0.6543465
959.8628,960.5172,-0.6543566
959.8628,960.5172,-0.6543811
959.8628,960.5172,-0.6543975
959.8628,960.5172,-0.6544098
959.8628,960.5172,-0.6544203
959.8628,960.5173,-0.6544609
959.8628,960.5173,-0.6544698
959.8628,960.5173,-0.6544764
959.8628,960.5173,-0.6545304
959.8628,960.5174,-0.6545766
959.8628,960.5174,-0.6545789
959.8628,960.5174,-0.6545872
959.8628,960.5174,-0.654593
959.8628,960.5174,-0.6546107
959.8628,960.5174,-0.6546271
959.8628,960.5174,-0.6546379
959.8628,960.5175,-0.6546914
959.8628,960.5175,-0.6547213
959.8628,960.5175,-0.654723
959.8628,960.5175,-0.6547299
959.8628,960.5175,-0.6547389
959.8628,960.5176,-0.6547539
959.8628,960.5176,-0.6547839
959.8628,960.5176,-0.6548214
959.8628,960.5176,-0.6548245
959.8628,960.5177,-0.6548748
959.8628,960.5177,-0.6549147
959.8628,960.5177,-0.654915
959.8628,960.5177,-0.6549398
959.8628,960.5178,-0.654995
959.8628,960.5178,-0.6550044
959.8628,960.5178,-0.6550408
959.8628,960.5178,-0.6550408
959.8628,960.5179,-0.6550625
959.8628,960.5179,-0.655079
959.8628,960.518,-0.6551525
959.8628,960.518,-0.6551525
959.8628,960.518,-0.6551694
959.8628,960.518,-0.6551892
959.8628,960.518,-0.6551925
959.8628,960.518,-0.6551947
959.8628,960.518,-0.6552347
959.8628,960.518,-0.655238
959.8628,960.5181,-0.6552541
959.8628,960.5181,-0.6552573
959.8628,960.5181,-0.6552814
959.8628,960.5181,-0.655282
959.8628,960.5182,-0.6553847
959.8628,960.5182,-0.6554021
959.8628,960.5182,-0.655426
959.8628,960.5182,-0.6554348
959.8628,960.5182,-0.6554427
959.8628,960.5183,-0.655455
959.8628,960.5183,-0.6554624
959.8628,960.5183,-0.6554768
959.8628,960.5183,-0.6555048
959.8628,960.5183,-0.6555066
959.8628,960.5183,-0.6555092
959.8628,960.5183,-0.6555118
959.8628,960.5183,-0.6555206
959.8628,960.5183,-0.6555375
959.8628,960.5183,-0.6555441
959.8628,960.5184,-0.6555925
959.8628,960.5184,-0.6556091
959.8628,960.5185,-0.655718
959.8628,960.5185,-0.6557298
959.8628,960.5185,-0.6557411
959.8628,960.5185,-0.6557448
959.8628,960.5186,-0.6557708
959.8628,960.5186,-0.6558203
959.8628,960.5186,-0.6558275
959.8628,960.5187,-0.655872
959.8628,960.5187,-0.6558761
959.8628,960.5187,-0.6558829
959.8628,960.5187,-0.655896
959.8628,960.5187,-0.655921
959.8628,960.5188,-0.6559636
959.8628,960.5188,-0.6560046
959.8628,960.5188,-0.6560118
959.8628,960.5188,-0.6560224
959.8628,960.5188,-0.6560465
959.8628,960.5189,-0.6560713
959.8628,960.5189,-0.6560885
959.8628,960.5189,-0.6561154
959.8628,960.519,-0.6561572
959.8628,960.519,-0.6561616
959.8628,960.519,-0.6561886
959.8628,960.519,-0.6562107
959.8628,960.519,-0.6562328
959.8628,960.519,-0.6562347
959.8628,960.519,-0.6562427
959.8628,960.519,-0.6562498
959.8628,960.5191,-0.6562816
959.8628,960.5191,-0.6563338
959.8628,960.5191,-0.6563451
959.8628,960.5192,-0.6563951
959.8628,960.5192,-0.6564389
959.8628,960.5193,-0.6565339
959.8628,960.5194,-0.6565526
959.8628,960.5194,-0.6565591
959.8628,960.5195,-0.6566726
959.8628,960.5195,-0.656674
959.8628,960.5195,-0.6567074
959.8628,960.5195,-0.6567122
959.8628,960.5195,-0.6567152
959.8628,960.5195,-0.6567298
959.8628,960.5195,-0.6567426
959.8628,960.5196,-0.6567864
959.8628,960.5196,-0.6567906
959.8628,960.5196,-0.6568346
959.8628,960.5197,-0.6568867
959.8628,960.5197,-0.6568934
959.8628,960.5197,-0.656901
959.8628,960.5197,-0.6569109
959.8628,960.5197,-0.6569173
959.8628,960.5197,-0.6569211
959.8628,960.5197,-0.656933
959.8628,960.5198,-0.656963
959.8628,960.5198,-0.6569964
959.8628,960.5198,-0.6570003
959.8628,960.5198,-0.6570316
959.8628,960.5199,-0.6570942
959.8628,960.5199,-0.6570943
959.8628,960.52,-0.6571705
959.8628,960.52,-0.6571981
959.8628,960.52,-0.6572037
959.8628,960.52,-0.6572157
959.8628,960.5201,-0.657267
959.8628,960.5201,-0.6572747
959.8628,960.5201,-0.6572857
959.8628,960.5201,-0.6572963
959.8628,960.5201,-0.6573452
959.8628,960.5202,-0.6574404
959.8628,960.5202,-0.6574454
959.8628,960.5203,-0.6575233
959.8628,960.5204,-0.6575661
959.8628,960.5204,-0.6575728
959.8628,960.5204,-0.6575831
959.8628,960.5204,-0.6575884
959.8628,960.5204,-0.657604
959.8628,960.5204,-0.6576485
959.8628,960.5205,-0.6576512
959.8628,960.5205,-0.6576634
959.8628,960.5205,-0.6576757
959.8628,960.5205,-0.6576851
959.8628,960.5205,-0.6577088
959.8628,960.5206,-0.6577656
959.8628,960.5206,-0.6577693
959.8628,960.5206,-0.6578058
959.8628,960.5206,-0.6578169
959.8628,960.5206,-0.6578327
959.8628,960.5206,-0.6578357
959.8628,960.5207,-0.6578578
959.8628,960.5207,-0.6578652
959.8628,960.5207,-0.6578723
959.8628,960.5207,-0.6578828
959.8628,960.5207,-0.6579136
959.8628,960.5207,-0.6579213
959.8628,960.5207,-0.6579257
959.8628,960.5207,-0.6579283
959.8628,960.5207,-0.6579495
959.8628,960.5208,-0.6579614
959.8628,960.5208,-0.6580075
959.8628,960.5208,-0.6580107
959.8628,960.5208,-0.6580153
959.8628,960.5208,-0.6580173
959.8628,960.5208,-0.6580181
959.8628,960.5208,-0.6580245
959.8628,960.5209,-0.6580813
959.8628,960.5209,-0.658131
959.8628,960.5209,-0.6581335
959.8628,960.5209,-0.6581346
959.8628,960.521,-0.6581633
959.8628,960.521,-0.6581736
959.8628,960.521,-0.6582058
959.8628,960.521,-0.6582202
959.8628,960.521,-0.6582219
959.8628,960.5211,-0.658288
959.8628,960.5211,-0.6583019
959.8628,960.5211,-0.6583207
959.8628,960.5211,-0.6583273
959.8628,960.5211,-0.6583439
959.8628,960.5211,-0.6583495
959.8628,960.5212,-0.658355
959.8628,960.5212,-0.6583632
959.8628,960.5212,-0.6583852
959.8628,960.5212,-0.6583982
959.8628,960.5212,-0.6584162
959.8628,960.5212,-0.6584183
959.8628,960.5212,-0.6584426
959.8628,960.5212,-0.6584436
959.8628,960.5212,-0.6584493
959.8628,960.5213,-0.6584576
959.8628,960.5213,-0.6584609
959.8628,960.5213,-0.6584625
959.8628,960.5213,-0.6584736
959.8628,960.5213,-0.6584753
959.8628,960.5213,-0.6584856
959.8628,960.5213,-0.6584944
959.8628,960.5213,-0.6585126
959.8628,960.5213,-0.6585181
959.8628,960.5213,-0.6585465
959.8628,960.5214,-0.6585841
959.8628,960.5214,-0.6585903
959.8628,960.5214,-0.658593
959.8628,960.5214,-0.6586118
959.8628,960.5214,-0.6586239
959.8628,960.5215,-0.658694
959.8628,960.5215,-0.6587203
959.8628,960.5216,-0.6587574
959.8628,960.5216,-0.6587761
959.8628,960.5216,-0.6587784
959.8628,960.5216,-0.6587921
959.8628,960.5216,-0.6587955
959.8628,960.5216,-0.6588373
959.8628,960.5217,-0.6588765
959.8628,960.5217,-0.6589236
959.8628,960.5217,-0.6589248
959.8628,960.5218,-0.6589615
959.8628,960.5218,-0.6589877
959.8628,960.5218,-0.6590499
959.8628,960.5219,-0.6591108
959.8628,960.5219,-0.65913
959.8628,960.522,-0.6591656
959.8628,960.522,-0.6591762
959.8628,960.522,-0.6592205
959.8628,960.5221,-0.6592571
959.8628,960.5221,-0.6592901
959.8628,960.5221,-0.659291
959.8628,960.5221,-0.6593143
959.8628,960.5222,-0.6593756
959.8628,960.5222,-0.6594295
959.8628,960.5222,-0.6594388
959.8628,960.5222,-0.6594496
959.8628,960.5223,-0.6594834
959.8628,960.5224,-0.6595642
959.8628,960.5224,-0.6595665
959.8628,960.5225,-0.6597172
959.8628,960.5225,-0.6597463
959.8628,960.5227,-0.6598605
959.8628,960.5227,-0.65992
959.8628,960.5229,-0.6600532
959.8628,960.5229,-0.6601297
959.8628,960.5231,-0.660276
959.8628,960.5232,-0.6603604
959.8628,960.5232,-0.6603674
959.8628,960.5232,-0.6604192
959.8628,960.5232,-0.6604311
959.8628,960.5236,-0.6607645
959.8628,960.5238,-0.6609953
959.8628,960.528,-0.665182
959.8628,960.5311,-0.6682587
959.8628,960.5319,-0.6691332
959.8628,960.5324,-0.6696011
959.8628,960.5327,-0.6699103
959.8628,960.5328,-0.6700172
959.8628,960.533,-0.6702007
959.8628,960.5334,-0.6705685
959.8628,960.5342,-0.671442
959.8628,960.5346,-0.6718064
959.8628,960.5357,-0.6728736
959.8628,960.5392,-0.6764488
959.8628,960.5396,-0.6767776
959.8628,960.5405,-0.6776906
959.8628,960.5409,-0.6780749
959.8628,960.541,-0.678203
959.8628,960.5412,-0.6784311
959.8628,960.5416,-0.6787989
959.8628,960.5421,-0.6792601
959.8628,960.5422,-0.6793682
959.8628,960.5425,-0.6797208
959.8628,960.5427,-0.6799264
959.8628,960.5428,-0.6800057
959.8628,960.5432,-0.6804261
959.8628,960.5437,-0.6809459
959.8628,960.5451,-0.6822611
959.8628,960.5453,-0.6824955
959.8628,960.5453,-0.6825077
959.8628,960.5475,-0.6847169
959.8628,960.5788,-0.7159846
959.8628,960.5829,-0.7201369
959.8628,960.5874,-0.7246409
959.8628,960.5899,-0.7270585
959.8628,960.5953,-0.7325163
959.8628,960.5997,-0.7368778
959.8628,960.6176,-0.7548079
959.8628,960.6242,-0.7614217
959.8628,960.626,-0.7632078
959.8628,960.6279,-0.7651049
959.8628,960.6396,-0.7768117
959.8628,960.6415,-0.7787131
959.8628,960.6434,-0.7805529
959.8628,960.6445,-0.7816614
959.8628,960.6484,-0.7856244
959.8628,960.6484,-0.7856378
959.8628,960.6539,-0.7911011
959.8628,960.6546,-0.7918036
959.8628,960.656,-0.7931873
959.8628,960.6577,-0.7949282
959.8628,960.6596,-0.7967848
959.8628,960.6599,-0.7971104
959.8628,960.6659,-0.8031318
959.8628,960.6674,-0.8046217
959.8628,960.6674,-0.80465
959.8628,960.6695,-0.8067063
959.8628,960.6804,-0.8176006
959.8628,960.6863,-0.8235305
959.8628,960.706,-0.8432371
959.8628,960.7072,-0.8443571
959.8628,960.7117,-0.8488718
959.8628,960.7123,-0.8495412
959.8628,960.7125,-0.8496566
959.8628,960.713,-0.8501876
959.8628,960.7166,-0.8538493
959.8628,960.7271,-0.8642549
959.8628,960.7423,-0.8795199
959.8628,960.7452,-0.8824285
959.8628,960.7511,-0.8883421
959.8628,960.7527,-0.8899438
959.8628,960.7541,-0.8912791
959.8628,960.7546,-0.8917551
959.8628,960.755,-0.8921983
959.8628,960.7585,-0.8957017
959.8628,960.7587,-0.8958922
959.8628,960.7587,-0.8959234
959.8628,960.759,-0.8961873
959.8628,960.7592,-0.8964356
959.8628,960.7593,-0.896531
959.8628,960.7593,-0.8965392
959.8628,960.7594,-0.896618
959.8628,960.7596,-0.8967591
959.8628,960.7608,-0.8979512
959.8628,960.7609,-0.8980645
959.8628,960.7609,-0.8981115
959.8628,960.7613,-0.8984577
959.8628,960.7614,-0.8986006
959.8628,960.7625,-0.8996674
959.8628,960.7625,-0.8996715
959.8628,960.7625,-0.899731
959.8628,960.7627,-0.8998581
,,
