Unique MASCOT (mz),Difference (mz)
302.8401,0.0053951774
302.8401,0.0048600574
302.8401,0.004791117
302.8401,0.0045719467
302.8401,0.0045708494
302.8401,0.0044361963
302.8401,0.0043170893
302.8401,0.0042486579
302.8401,0.0042290322
302.8401,0.0042218623
302.8401,0.0041824054
302.8401,0.004157541
302.8401,0.0041238034
302.8401,0.0039969729
302.8401,0.0039947798
302.8401,0.0038604163
302.8401,0.0038564521
302.8401,0.0038316027
302.8401,0.0038225295
302.8401,0.0038115312
302.8401,0.0037980041
302.8401,0.0037897909
302.8401,0.0037818521
302.8401,0.0037751253
302.8401,0.0035933091
302.8401,0.0035246946
302.8401,0.0034937117
302.8401,0.0034882612
302.8401,0.003483043
302.8401,0.0034773089
302.8401,0.003460553
302.8401,0.0034059518
302.8401,0.0034034478
302.8401,0.0034027531
302.8401,0.0034016196
302.8401,0.0033889421
302.8401,0.0033438668
302.8401,0.0033112298
302.8401,0.0032863831
302.8401,0.0032845693
302.8401,0.0032792456
302.8401,0.0032626455
302.8401,0.0032369657
302.8401,0.0032225072
302.8401,0.0031926918
302.8401,0.0031877622
302.8401,0.0031852204
302.8401,0.003173446
302.8401,0.0031356443
302.8401,0.0031132133
302.8401,0.0030689192
302.8401,0.0030516485
302.8401,0.0030506851
302.8401,0.003041083
302.8401,0.0030378846
302.8401,0.0030038839
302.8401,0.002993624
302.8401,0.0029579218
302.8401,0.0029223554
302.8401,0.0029069946
302.8401,0.0029032815
302.8401,0.0029031285
302.8401,0.0029016579
302.8401,0.0029002385
302.8401,0.002869577
302.8401,0.0028617808
302.8401,0.0028558082
302.8401,0.0028245326
302.8401,0.0028130384
302.8401,0.0028120177
302.8401,0.0027259221
302.8401,0.0027156902
302.8401,0.0027148618
302.8401,0.0027113242
302.8401,0.0026851442
302.8401,0.0026665978
302.8401,0.0025309746
302.8401,0.0025242907
302.8401,0.0025057955
302.8401,0.0024406206
302.8401,0.0024369304
302.8401,0.002256072
302.8401,0.0021964262
302.8401,0.0021778843
302.8401,0.0021557224
302.8401,0.002138853
302.8401,0.0021377761
302.8401,0.0021292088
302.8401,0.0021236155
302.8401,0.0020668292
302.8401,0.0016252462
302.8401,0.0015506419
302.8401,0.0014752079
302.8401,0.0013331458
302.8401,0.0012984971
302.8401,0.00082138559
302.8401,0.0007070647
302.8401,0.0006638322
302.8401,0.00055894543
302.8401,0.00043260065
302.8401,0.00032519608
302.8401,2.818453e-06
302.8401,-0.00041244597
302.8401,-0.00044983325
302.8401,-0.00053424868
302.8401,-0.00056734465
302.8401,-0.00060997127
302.8401,-0.00078463701
302.8401,-0.0010306465
302.8401,-0.001036974
302.8401,-0.0013131964
302.8401,-0.0014862071
302.8401,-0.001650394
302.8401,-0.0016523299
302.8401,-0.0016815539
302.8401,-0.0017071885
302.8401,-0.0017074477
302.8401,-0.0017566781
302.8401,-0.00187374
302.8401,-0.0019057327
302.8401,-0.0019269381
302.8401,-0.0019558819
302.8401,-0.0020263703
302.8401,-0.0020278148
302.8401,-0.0020735588
302.8401,-0.0020945989
302.8401,-0.0021130567
302.8401,-0.0021141276
302.8401,-0.0021205141
302.8401,-0.0021451767
302.8401,-0.0021523199
302.8401,-0.0021696576
302.8401,-0.0021841478
302.8401,-0.0021853782
302.8401,-0.0022058078
302.8401,-0.0022370404
302.8401,-0.0024404147
302.8401,-0.002492791
302.8401,-0.0024992562
302.8401,-0.002516804
302.8401,-0.002576008
302.8401,-0.0026182701
302.8401,-0.0026596378
302.8401,-0.0026661555
302.8401,-0.0026692437
302.8401,-0.0026722749
302.8401,-0.0027121204
302.8401,-0.0027230034
302.8401,-0.0027735624
302.8401,-0.0027818481
302.8401,-0.0027825083
302.8401,-0.0027961614
302.8401,-0.0027984685
302.8401,-0.0028110097
302.8401,-0.0028296429
302.8401,-0.0028372489
302.8401,-0.0028464069
302.8401,-0.0028635557
302.8401,-0.0028884006
302.8401,-0.0029197605
302.8401,-0.0029599851
302.8401,-0.0029656804
302.8401,-0.0029808829
302.8401,-0.0029851272
302.8401,-0.0029870549
302.8401,-0.0029976033
302.8401,-0.0030223438
302.8401,-0.0030253735
302.8401,-0.0030349218
302.8401,-0.003041977
302.8401,-0.0030475441
302.8401,-0.003074724
302.8401,-0.003080953
302.8401,-0.0030817217
302.8401,-0.0030998372
302.8401,-0.0031527608
302.8401,-0.003153093
302.8401,-0.0031791708
302.8401,-0.0031793869
302.8401,-0.0032379187
302.8401,-0.0032641607
302.8401,-0.0032729708
302.8401,-0.0032846304
302.8401,-0.0033016274
302.8401,-0.0033104654
302.8401,-0.0033523105
302.8401,-0.0033555703
302.8401,-0.0033644074
302.8401,-0.0033791708
302.8401,-0.003387584
302.8401,-0.0034131406
302.8401,-0.0034261955
302.8401,-0.0034430847
302.8401,-0.0034624691
302.8401,-0.0034634579
302.8401,-0.0034734055
302.8401,-0.0034752186
302.8401,-0.0034826935
302.8401,-0.0035214276
302.8401,-0.0035275633
302.8401,-0.0035298309
302.8401,-0.0035354057
302.8401,-0.003537403
302.8401,-0.0035399571
302.8401,-0.0035557736
302.8401,-0.0036079907
302.8401,-0.0036333947
302.8401,-0.0036530692
302.8401,-0.0036677728
302.8401,-0.003700734
302.8401,-0.003766167
302.8401,-0.0037717837
302.8401,-0.0037844699
302.8401,-0.0038026558
302.8401,-0.0038337404
302.8401,-0.0038478119
302.8401,-0.003860398
302.8401,-0.003949546
302.8401,-0.0039564594
302.8401,-0.0040356958
302.8401,-0.0040478984
302.8401,-0.0040551845
302.8401,-0.0040959867
302.8401,-0.0042311812
302.8401,-0.0042406465
302.8401,-0.0042756436
302.8401,-0.0045961448
302.8401,-0.0048123383
302.8401,-0.0048488382
302.8401,-0.0049693859
302.8401,-0.0059181404
302.8401,-0.0059657107
303.1841,0.0099151738
303.1841,0.009840698
303.1841,0.0096231138
303.1841,0.0094519004
303.1841,0.0092715424
303.1841,0.008951935
303.1841,0.0085526615
303.1841,0.0083256007
303.1841,0.0079936877
303.1841,0.0079391816
303.1841,0.0079130157
303.1841,0.0079123643
303.1841,0.0078350933
303.1841,0.0076769169
303.1841,0.0076161954
303.1841,0.0070557235
303.1841,0.0069326941
303.1841,0.0066733421
303.1841,0.0065863244
303.1841,0.0065337824
303.1841,0.0064906425
303.1841,0.0064397088
303.1841,0.0064264123
303.1841,0.0063945474
303.1841,0.0063884495
303.1841,0.0061373485
303.1841,0.0061318611
303.1841,0.0060725903
303.1841,0.0060657775
303.1841,0.0059766292
303.1841,0.005896747
303.1841,0.0058490815
303.1841,0.0057808588
303.1841,0.0057566529
303.1841,0.0057536026
303.1841,0.0057300807
303.1841,0.0054576126
303.1841,0.0054260127
303.1841,0.0053792437
303.1841,0.0053725978
303.1841,0.0051069791
303.1841,0.0050989079
303.1841,0.005089462
303.1841,0.0050356073
303.1841,0.0049944772
303.1841,0.0049886726
303.1841,0.0049322548
303.1841,0.004871531
303.1841,0.0048578003
303.1841,0.0047822573
303.1841,0.0047659394
303.1841,0.0047227573
303.1841,0.0046920665
303.1841,0.0046848299
303.1841,0.0046755313
303.1841,0.0046741695
303.1841,0.0046090314
303.1841,0.0045484802
303.1841,0.0045232426
303.1841,0.0045138842
303.1841,0.0044786407
303.1841,0.0044573454
303.1841,0.0044551836
303.1841,0.004448331
303.1841,0.0043583485
303.1841,0.0043139479
303.1841,0.0043101633
303.1841,0.0043061167
303.1841,0.0042978064
303.1841,0.0042719827
303.1841,0.0042151455
303.1841,0.004207478
303.1841,0.0041922124
303.1841,0.0041802244
303.1841,0.00417936
303.1841,0.0041592057
303.1841,0.0041409799
303.1841,0.0041150641
303.1841,0.0041124397
303.1841,0.0040778505
303.1841,0.0040743248
303.1841,0.004044395
303.1841,0.0040074885
303.1841,0.0039595635
303.1841,0.0039277252
303.1841,0.0038943664
303.1841,0.0038887319
303.1841,0.0038465099
303.1841,0.0038333328
303.1841,0.003829553
303.1841,0.0038286724
303.1841,0.0038168969
303.1841,0.0038130688
303.1841,0.0038018533
303.1841,0.0037962253
303.1841,0.0037672889
303.1841,0.0037481979
303.1841,0.0037174877
303.1841,0.0037059468
303.1841,0.0036959137
303.1841,0.0036916696
303.1841,0.0036861693
303.1841,0.003679794
303.1841,0.0036785374
303.1841,0.0036593653
303.1841,0.0036585967
303.1841,0.003648496
303.1841,0.0036441633
303.1841,0.0036361817
303.1841,0.0036286851
303.1841,0.0036245102
303.1841,0.0036042987
303.1841,0.0035682968
303.1841,0.003567837
303.1841,0.0035673914
303.1841,0.0035570184
303.1841,0.0035542252
303.1841,0.0035518848
303.1841,0.0035457449
303.1841,0.0035281988
303.1841,0.0035247388
303.1841,0.003517293
303.1841,0.0034906704
303.1841,0.0034847582
303.1841,0.0034680561
303.1841,0.00344071
303.1841,0.0034382291
303.1841,0.0034290614
303.1841,0.0033887876
303.1841,0.0033715488
303.1841,0.0033669499
303.1841,0.0033637544
303.1841,0.0033615897
303.1841,0.0033560369
303.1841,0.00334317
303.1841,0.0033391996
303.1841,0.0033263141
303.1841,0.0033248079
303.1841,0.0033229273
303.1841,0.0033095291
303.1841,0.0032760639
303.1841,0.0032625517
303.1841,0.0032439996
303.1841,0.0032407817
303.1841,0.0032225643
303.1841,0.0032077727
303.1841,0.0032039219
303.1841,0.0031981029
303.1841,0.0031837421
303.1841,0.0031718882
303.1841,0.0031565632
303.1841,0.0031542804
303.1841,0.0031300619
303.1841,0.0031231556
303.1841,0.0030558555
303.1841,0.003025894
303.1841,0.0030255322
303.1841,0.0030179257
303.1841,0.0030109208
303.1841,0.0029969161
303.1841,0.0029835194
303.1841,0.0029809014
303.1841,0.0029544646
303.1841,0.0029514066
303.1841,0.0029485674
303.1841,0.0029479944
303.1841,0.0029345031
303.1841,0.0029090462
303.1841,0.0028563484
303.1841,0.0028376342
303.1841,0.0028260512
303.1841,0.0027751038
303.1841,0.002768908
303.1841,0.002755643
303.1841,0.0027325366
303.1841,0.00269838
303.1841,0.0026545265
303.1841,0.0025890124
303.1841,0.0025794853
303.1841,0.0025513037
303.1841,0.00254898
303.1841,0.0024710111
303.1841,0.0024458662
303.1841,0.0024407557
303.1841,0.0024304638
303.1841,0.0023977202
303.1841,0.0023890189
303.1841,0.0023723712
303.1841,0.0023551392
303.1841,0.0023439795
303.1841,0.002295258
303.1841,0.0022369554
303.1841,0.0022211511
303.1841,0.00215253
303.1841,0.0021414476
303.1841,0.0020588101
303.1841,0.0020224341
303.1841,0.0017177356
303.1841,0.0016833237
303.1841,0.0016612656
303.1841,0.0016434205
303.1841,0.0015931612
303.1841,0.0015894258
303.1841,0.0015090414
303.1841,0.0014644691
303.1841,0.0014037285
303.1841,0.0012617089
303.1841,0.0011928062
303.1841,0.0011689577
303.1841,0.00087410801
303.1841,0.00084359297
303.1841,0.00083297519
303.1841,0.00082037519
303.1841,0.00078119545
303.1841,0.00066246179
303.1841,0.00061434177
303.1841,0.00055138126
303.1841,0.00054730426
303.1841,0.00052782471
303.1841,0.00052583012
303.1841,0.00051305327
303.1841,0.00049300185
303.1841,0.00038699605
303.1841,0.00032835609
303.1841,0.00030775406
303.1841,0.00023184193
303.1841,0.00015239427
303.1841,5.4453541e-05
303.1841,-7.256806e-06
303.1841,-1.1523907e-05
303.1841,-2.55788e-05
303.1841,-4.8663253e-05
303.1841,-9.7188534e-05
303.1841,-0.00016309078
303.1841,-0.0001762856
303.1841,-0.00018532666
303.1841,-0.00043984448
303.1841,-0.00045105166
303.1841,-0.00046259206
303.1841,-0.00050825226
303.1841,-0.00055211427
303.1841,-0.00056360075
303.1841,-0.00061321046
303.1841,-0.00072221638
303.1841,-0.0007626607
303.1841,-0.00084860907
303.1841,-0.00089606336
303.1841,-0.00092620803
303.1841,-0.00095029956
303.1841,-0.00099291068
303.1841,-0.0010525336
303.1841,-0.0010935603
303.1841,-0.0011538659
303.1841,-0.0012887434
303.1841,-0.0013174878
303.1841,-0.001367344
303.1841,-0.0014587443
303.1841,-0.0014631509
303.1841,-0.0014854121
303.1841,-0.0015054192
303.1841,-0.0015430972
303.1841,-0.0015543399
303.1841,-0.0015685563
303.1841,-0.0016922348
303.1841,-0.0018439437
303.1841,-0.0018834326
303.1841,-0.0019138945
303.1841,-0.002056978
303.1841,-0.0020965984
303.1841,-0.0021104162
303.1841,-0.0021241114
303.1841,-0.0021469316
303.1841,-0.0021671826
303.1841,-0.0021990952
303.1841,-0.0022043363
303.1841,-0.0022060586
303.1841,-0.0022249358
303.1841,-0.0022675948
303.1841,-0.0023182903
303.1841,-0.0023474215
303.1841,-0.0023943017
303.1841,-0.0024823491
303.1841,-0.0024852718
303.1841,-0.0024966539
303.1841,-0.0025120121
303.1841,-0.0025394896
303.1841,-0.0025874303
303.1841,-0.0025919585
303.1841,-0.0026111764
303.1841,-0.0026415215
303.1841,-0.0028258635
303.1841,-0.002849325
303.1841,-0.002852174
303.1841,-0.0028740698
303.1841,-0.0029019762
303.1841,-0.0029400622
303.1841,-0.0029462559
303.1841,-0.0029781747
303.1841,-0.0030380042
303.1841,-0.003049466
303.1841,-0.0030636429
303.1841,-0.0031300919
303.1841,-0.003140692
303.1841,-0.0031505033
303.1841,-0.0031579129
303.1841,-0.0032478895
303.1841,-0.0032528185
303.1841,-0.0032625444
303.1841,-0.0032967228
303.1841,-0.0033957831
303.1841,-0.0034446853
303.1841,-0.0034532168
303.1841,-0.0035293035
303.1841,-0.0035513637
303.1841,-0.0035587371
303.1841,-0.0036757166
303.1841,-0.0036798197
303.1841,-0.0037310756
303.1841,-0.0037355182
303.1841,-0.0038224705
303.1841,-0.0040255299
303.1841,-0.0040853658
303.1841,-0.0041870749
303.1841,-0.0042410183
303.1841,-0.0042666957
303.1841,-0.0043870653
303.1841,-0.0043872168
303.1841,-0.004515037
303.1841,-0.0047530793
303.1841,-0.0048522474
303.1841,-0.0049369507
303.1841,-0.0049712935
303.1841,-0.0051580265
303.1841,-0.0052824595
303.1841,-0.0053620613
303.1841,-0.0055354211
303.1841,-0.00577829
303.1841,-0.0059635104
303.1841,-0.0059859384
303.1841,-0.0059950873
303.1841,-0.0061456216
303.1841,-0.0062047785
303.1841,-0.0062092774
303.1841,-0.0063245418
303.1841,-0.0063501711
303.1841,-0.0064659817
303.1841,-0.0065081899
303.1841,-0.0065537547
303.1841,-0.0067662096
303.1841,-0.00678327
303.1841,-0.0068982368
303.1841,-0.0069427843
303.1841,-0.0070322451
303.1841,-0.0070450256
303.1841,-0.0070688495
303.1841,-0.0071751982
303.1841,-0.0075403664
303.1841,-0.0077413873
303.1841,-0.0079985241
303.1841,-0.0081383159
303.1841,-0.0083622677
303.1841,-0.0086723186
303.1841,-0.0086807371
303.1841,-0.0088806673
303.1841,-0.0089348508
303.1841,-0.0090093116
303.1841,-0.0090683144
303.1841,-0.0091359848
303.1841,-0.0092100367
303.1841,-0.009448294
303.1841,-0.0094675285
303.1841,-0.0095617571
303.1841,-0.0097643907
303.1841,-0.0098260042
443.5662,0.0096050136
443.5662,0.0095377907
443.5662,0.0091001261
443.5662,0.0088418957
443.5662,0.0086981762
443.5662,0.0078266373
443.5662,0.007729175
443.5662,0.007672185
443.5662,0.0071297141
443.5662,0.0071243141
443.5662,0.0068738356
443.5662,0.006471906
443.5662,0.0062745129
443.5662,0.0059994785
443.5662,0.005884061
443.5662,0.0054923478
443.5662,0.0054674002
443.5662,0.0052679525
443.5662,0.0052446817
443.5662,0.0051861874
443.5662,0.0050677651
443.5662,0.0050114057
443.5662,0.0049635502
443.5662,0.0049515622
443.5662,0.0049408792
443.5662,0.0049343784
443.5662,0.0048284757
443.5662,0.0048005256
443.5662,0.0047948477
443.5662,0.0047771123
443.5662,0.0047627624
443.5662,0.0047569757
443.5662,0.0047377706
443.5662,0.0046835802
443.5662,0.0046440353
443.5662,0.0046060691
443.5662,0.0046057022
443.5662,0.0045782702
443.5662,0.0045729407
443.5662,0.0045605757
443.5662,0.004536165
443.5662,0.0045136901
443.5662,0.0044569408
443.5662,0.0044510752
443.5662,0.0043983722
443.5662,0.0043904295
443.5662,0.004386735
443.5662,0.004385052
443.5662,0.0043166873
443.5662,0.0042400431
443.5662,0.00419094
443.5662,0.0041721414
443.5662,0.0041588745
443.5662,0.0041030839
443.5662,0.0040804541
443.5662,0.0039875739
443.5662,0.0039203185
443.5662,0.0038449103
443.5662,0.0036616655
443.5662,0.0036358689
443.5662,0.0034752541
443.5662,0.0034146058
443.5662,0.002616188
443.8948,0.0097439604
443.8948,0.0096616433
443.8948,0.0096155208
443.8948,0.0094013624
443.8948,0.0093568383
443.8948,0.0093293644
443.8948,0.0092687469
443.8948,0.0092304278
443.8948,0.0092287276
443.8948,0.0091829989
443.8948,0.0091741348
443.8948,0.0091536559
443.8948,0.0091278764
443.8948,0.0090418021
443.8948,0.0089111475
443.8948,0.0088347045
443.8948,0.0087168327
443.8948,0.0086436208
443.8948,0.0085763217
443.8948,0.0085270746
443.8948,0.0084772227
443.8948,0.0084631577
443.8948,0.0084338719
443.8948,0.0082908612
443.8948,0.0082361961
443.8948,0.0081955097
443.8948,0.0081604326
443.8948,0.0081213007
443.8948,0.0079680349
443.8948,0.0079313344
443.8948,0.0078969805
443.8948,0.0078726656
443.8948,0.0077471467
443.8948,0.0077376489
443.8948,0.0076944357
443.8948,0.0075817988
443.8948,0.0075029496
443.8948,0.0074923805
443.8948,0.0074770724
443.8948,0.0073483999
443.8948,0.0070980371
443.8948,0.0067656238
443.8948,0.0067457457
443.8948,0.0066721701
443.8948,0.0066435442
443.8948,0.006611996
443.8948,0.0065777632
443.8948,0.0065646004
443.8948,0.0064850301
443.8948,0.006396812
443.8948,0.0061277152
443.8948,0.0061097986
443.8948,0.005970369
443.8948,0.0059701279
443.8948,0.0059497101
443.8948,0.0058159393
443.8948,0.0057658051
443.8948,0.0057007053
443.8948,0.0056360477
443.8948,0.0056167615
443.8948,0.005600803
443.8948,0.0055961661
443.8948,0.0055922989
443.8948,0.0055883746
443.8948,0.0055205187
443.8948,0.0055166589
443.8948,0.0054406373
443.8948,0.0054086339
443.8948,0.0053363264
443.8948,0.0053139802
443.8948,0.005255433
443.8948,0.005253627
443.8948,0.0052156623
443.8948,0.005206107
443.8948,0.0051975051
443.8948,0.0051861124
443.8948,0.0051765417
443.8948,0.0050969901
443.8948,0.0050846303
443.8948,0.005054812
443.8948,0.0050261933
443.8948,0.0049840588
443.8948,0.0049401165
443.8948,0.0048982669
443.8948,0.0048735467
443.8948,0.0048722036
443.8948,0.0048512661
443.8948,0.0047910426
443.8948,0.0047070542
443.8948,0.0047029918
443.8948,0.0046898582
443.8948,0.0046783617
443.8948,0.0046628754
443.8948,0.0046478294
443.8948,0.0046435206
443.8948,0.0046337266
443.8948,0.0046013429
443.8948,0.0045981756
443.8948,0.0045720981
443.8948,0.0045430189
443.8948,0.0045238123
443.8948,0.0045003124
443.8948,0.0044528825
443.8948,0.0044501184
443.8948,0.0044378225
443.8948,0.0044324789
443.8948,0.0044132173
443.8948,0.0043952979
443.8948,0.0043679295
443.8948,0.0042301845
443.8948,0.0041783743
443.8948,0.0040515975
443.8948,0.0039207547
443.8948,0.003830506
443.8948,0.0037487816
443.8948,0.0032453909
443.8948,0.0028886231
443.8948,0.0027388436
443.8948,0.0026729117
443.8948,0.0026084599
443.8948,0.0023096099
443.8948,0.0020328165
443.8948,0.0018210949
443.8948,0.0017986312
443.8948,0.0014260103
443.8948,0.0014042605
443.8948,0.0013144328
443.8948,0.0012691567
443.8948,0.0011055437
443.8948,0.0010278644
443.8948,0.00050888816
443.8948,0.00032972049
443.8948,0.00032741117
443.8948,2.0614553e-05
443.8948,-0.00010986583
443.8948,-0.00012337828
443.8948,-0.00020300805
443.8948,-0.00029267716
443.8948,-0.00041175819
443.8948,-0.00052335862
443.8948,-0.00054010746
443.8948,-0.00058060443
443.8948,-0.00058903119
443.8948,-0.0006231824
443.8948,-0.00063291166
443.8948,-0.00070528913
443.8948,-0.00077241548
443.8948,-0.00078069188
443.8948,-0.00078178387
443.8948,-0.00079583465
443.8948,-0.00084322227
443.8948,-0.00086269272
443.8948,-0.00093592577
443.8948,-0.00093676763
443.8948,-0.00096441682
443.8948,-0.00097811037
443.8948,-0.0010117169
443.8948,-0.0010214383
443.8948,-0.0010333766
443.8948,-0.0010365551
443.8948,-0.001041067
443.8948,-0.0010530657
443.8948,-0.0010878432
443.8948,-0.0011791447
443.8948,-0.0012136483
443.8948,-0.0012863569
443.8948,-0.0014008322
443.8948,-0.001466149
443.8948,-0.0014679077
443.8948,-0.0014815406
443.8948,-0.0014839223
443.8948,-0.0015303209
443.8948,-0.0017521388
443.8948,-0.0019221032
443.8948,-0.0019781838
443.8948,-0.0023026549
443.9068,0.0096973451
443.9068,-0.0072849008
443.9068,-0.0074876185
443.9068,-0.0094055081
443.9068,-0.0094541806
443.9068,-0.0095977591
445.7583,0.009995183
445.7583,0.0098854127
445.7583,0.0098415666
445.7583,0.0098289779
445.7583,0.0098241695
445.7583,0.00978456
445.7583,0.0097399984
445.7583,0.0097362056
445.7583,0.0097234017
445.7583,0.0096750641
445.7583,0.0096024144
445.7583,0.0094088646
445.7583,0.0092864796
445.7583,0.0092428968
445.7583,0.0092019792
445.7583,0.0091592048
445.7583,0.0091244781
445.7583,0.0090568693
445.7583,0.0090412748
445.7583,0.0088514995
445.7583,0.0087800633
445.7583,0.0087614704
445.7583,0.0086486412
445.7583,0.0085558413
445.7583,0.0085099719
445.7583,0.008221954
445.7583,0.0082182039
445.7583,0.0080586747
445.7583,0.0080091657
445.7583,0.0079883486
445.7583,0.0079609325
445.7583,0.0078229767
445.7583,0.0077973112
445.7583,0.0077797997
445.7583,0.0077783896
445.7583,0.0075236641
445.7583,0.0074355691
445.7583,0.0073546609
445.7583,0.0072854754
445.7583,0.0072848116
445.7583,0.0072791121
445.7583,0.0072348354
445.7583,0.0071603059
445.7583,0.0071574558
445.7583,0.0071010563
445.7583,0.0070910612
445.7583,0.007032817
445.7583,0.0069892115
445.7583,0.0069877193
445.7583,0.0068641396
445.7583,0.0068518347
445.7583,0.0067932748
445.7583,0.0067172562
445.7583,0.0065793344
445.7583,0.0065562807
445.7583,0.0065302884
445.7583,0.0065277145
445.7583,0.0064605284
445.7583,0.0064598258
445.7583,0.0064500447
445.7583,0.0063845941
445.7583,0.0063189875
445.7583,0.0062223443
445.7583,0.0061535316
445.7583,0.00613027
445.7583,0.0061003081
445.7583,0.006063831
445.7583,0.0060427839
445.7583,0.0059745074
445.7583,0.0059707899
445.7583,0.0059492973
445.7583,0.0059183451
445.7583,0.0058749232
445.7583,0.0058122688
445.7583,0.0057921747
445.7583,0.0057835514
445.7583,0.0057711599
445.7583,0.0057663949
445.7583,0.0056919434
445.7583,0.005685913
445.7583,0.0056271075
445.7583,0.0056032528
445.7583,0.0055807644
445.7583,0.0055473743
445.7583,0.0055194303
445.7583,0.0054828341
445.7583,0.0054795142
445.7583,0.0054652325
445.7583,0.0054546356
445.7583,0.0054222821
445.7583,0.0054108044
445.7583,0.005386408
445.7583,0.0053851781
445.7583,0.0053790694
445.7583,0.0053752632
445.7583,0.0053666836
445.7583,0.0053521849
445.7583,0.0053156817
445.7583,0.005296974
445.7583,0.0052930653
445.7583,0.0052774644
445.7583,0.0052643877
445.7583,0.005264038
445.7583,0.0052639141
445.7583,0.0052256822
445.7583,0.0052080925
445.7583,0.0051987068
445.7583,0.0051680225
445.7583,0.0051677033
445.7583,0.0051633164
445.7583,0.0051393926
445.7583,0.0051308558
445.7583,0.0051255153
445.7583,0.0051149169
445.7583,0.0050977567
445.7583,0.0050857592
445.7583,0.0050791054
445.7583,0.0050662831
445.7583,0.0050590176
445.7583,0.0050585821
445.7583,0.0050500711
445.7583,0.0050332324
445.7583,0.0049881735
445.7583,0.0049730627
445.7583,0.0049535331
445.7583,0.0049136269
445.7583,0.0049098649
445.7583,0.0048970822
445.7583,0.0048910081
445.7583,0.0048797306
445.7583,0.0048656961
445.7583,0.00481961
445.7583,0.0047980577
445.7583,0.0047940068
445.7583,0.0047900182
445.7583,0.0047894673
445.7583,0.0047673449
445.7583,0.0047521368
445.7583,0.004751384
445.7583,0.0047353445
445.7583,0.004729337
445.7583,0.0047287958
445.7583,0.0046925206
445.7583,0.0046911971
445.7583,0.004652506
445.7583,0.0046291417
445.7583,0.0046081706
445.7583,0.0046041368
445.7583,0.0046033464
445.7583,0.0045862345
445.7583,0.0045765701
445.7583,0.0045662791
445.7583,0.0045661571
445.7583,0.0045278464
445.7583,0.0044819121
445.7583,0.004476652
445.7583,0.0044307869
445.7583,0.0043969113
445.7583,0.0043556116
445.7583,0.0043501673
445.7583,0.0043435048
445.7583,0.0042834731
445.7583,0.0042659373
445.7583,0.0042654345
445.7583,0.0042407128
445.7583,0.0042241468
445.7583,0.0042238451
445.7583,0.0042159988
445.7583,0.0041596928
445.7583,0.0040986798
445.7583,0.0040805565
445.7583,0.0040699441
445.7583,0.0039757343
445.7583,0.0038747017
445.7583,0.003861345
445.7583,0.0037447152
445.7583,0.003648674
445.7583,0.0036418321
445.7583,0.0036202096
445.7583,0.0034731333
445.7583,0.0034553738
445.7583,0.0034493249
445.7583,0.003448131
445.7583,0.0033052918
445.7583,0.0031884596
445.7583,0.0031282868
445.7583,0.0028659333
445.7583,0.0027670394
445.7583,0.0027419952
445.7583,0.0026929877
445.7583,0.0026030694
445.7583,0.0022646344
445.7583,0.0022248065
445.7583,0.0020584296
445.7583,0.0020328289
445.7583,0.0017973786
445.7583,0.0017372671
445.7583,0.0015908853
445.7583,0.0014668812
445.7583,0.0014538445
445.7583,0.0012265914
445.7583,0.0012243954
445.7583,0.0011761385
445.7583,0.0010762265
445.7583,0.00095111311
445.7583,0.0008678614
445.7583,0.00081892234
445.7583,0.00081826829
445.7583,0.00080005629
445.7583,0.00062636035
445.7583,0.00057373553
445.7583,0.00025421457
445.7583,0.0001345609
445.7583,1.2424746e-05
445.7583,-1.9866023e-05
445.7583,-2.6051501e-05
445.7583,-7.3512947e-05
445.7583,-0.00013708848
445.7583,-0.00036387675
445.7583,-0.00041980434
445.7583,-0.0005348097
445.7583,-0.00085403593
445.7583,-0.00096300423
445.7583,-0.0010291362
445.7583,-0.0010361614
445.7583,-0.0011179961
445.7583,-0.001169634
445.7583,-0.001220151
445.7583,-0.0013469312
445.7583,-0.0014550428
445.7583,-0.0016414195
445.7583,-0.0016534299
445.7583,-0.0017367334
445.7583,-0.0017451987
445.7583,-0.00183922
445.7583,-0.001903519
445.7583,-0.0019991489
445.7583,-0.00213245
445.7583,-0.0021552018
445.7583,-0.0022422963
445.7583,-0.0024340476
445.7583,-0.0025546421
445.7583,-0.0026230067
445.7583,-0.0026472609
445.7583,-0.0028152751
445.7583,-0.0028188244
445.7583,-0.0029896706
445.7583,-0.0031897488
445.7583,-0.003190434
445.7583,-0.0032482144
445.7583,-0.0033898166
445.7583,-0.0034368136
445.7583,-0.0034989679
445.7583,-0.0035335892
445.7583,-0.003597489
445.7583,-0.0037148376
445.7583,-0.0037674405
445.7583,-0.0042118164
445.7583,-0.0045796209
445.7583,-0.0048170357
445.7583,-0.0049812031
445.7583,-0.0055172159
445.7583,-0.0055840688
445.7583,-0.0056678795
445.7583,-0.0060348669
449.2272,0.0099714306
449.2272,0.0098948096
449.2272,0.0097307513
449.2272,0.0097220444
449.2272,0.0096445108
449.2272,0.0094490459
449.2272,0.0093478745
449.2272,0.0091329756
449.2272,0.0089438777
449.2272,0.008630335
449.2272,0.008591455
449.2272,0.0085812046
449.2272,0.0085721831
449.2272,0.0084764502
449.2272,0.0084291064
449.2272,0.0084282611
449.2272,0.008416448
449.2272,0.0083436993
449.2272,0.008204471
449.2272,0.0080837504
449.2272,0.008051921
449.2272,0.0080466278
449.2272,0.0080118887
449.2272,0.0079713145
449.2272,0.0079614667
449.2272,0.0079315999
449.2272,0.007888848
449.2272,0.0078359687
449.2272,0.0078137101
449.2272,0.0077839949
449.2272,0.0077816349
449.2272,0.0077600087
449.2272,0.00775195
449.2272,0.0077176171
449.2272,0.0076962235
449.2272,0.0076802351
449.2272,0.0076370929
449.2272,0.0076256825
449.2272,0.0076062378
449.2272,0.0074911817
449.2272,0.0074743758
449.2272,0.0074513183
449.2272,0.0074505001
449.2272,0.0073466423
449.2272,0.0073315836
449.2272,0.007306985
449.2272,0.0072759661
449.2272,0.0072578191
449.2272,0.0072251697
449.2272,0.0072167765
449.2272,0.0072063049
449.2272,0.0072031354
449.2272,0.0071749445
449.2272,0.0071661337
449.2272,0.0071461527
449.2272,0.0071315011
449.2272,0.0071002235
449.2272,0.0070955395
449.2272,0.0070087018
449.2272,0.0069914829
449.2272,0.0069766069
449.2272,0.0069658716
449.2272,0.0069173747
449.2272,0.0069163971
449.2272,0.0068849234
449.2272,0.0068830252
449.2272,0.0068628107
449.2272,0.0068547365
449.2272,0.0067883965
449.2272,0.0067791104
449.2272,0.006732312
449.2272,0.0067263947
449.2272,0.006725362
449.2272,0.006665236
449.2272,0.0066624718
449.2272,0.0066579196
449.2272,0.0066357768
449.2272,0.0066061394
449.2272,0.0066036177
449.2272,0.0065763478
449.2272,0.0065755065
449.2272,0.0065693542
449.2272,0.0065260085
449.2272,0.0065087368
449.2272,0.0064566944
449.2272,0.0064403997
449.2272,0.0064380358
449.2272,0.0064141296
449.2272,0.0063881605
449.2272,0.0063649267
449.2272,0.0063084954
449.2272,0.0062632191
449.2272,0.0062447394
449.2272,0.0062429919
449.2272,0.0062318779
449.2272,0.0061691047
449.2272,0.0061630817
449.2272,0.0061369172
449.2272,0.0061265083
449.2272,0.0060945641
449.2272,0.0060902276
449.2272,0.006087582
449.2272,0.0060662943
449.2272,0.0060491865
449.2272,0.0060211662
449.2272,0.0060115805
449.2272,0.0060087579
449.2272,0.0059861277
449.2272,0.0059703244
449.2272,0.0059677517
449.2272,0.0059628434
449.2272,0.0059478849
449.2272,0.0059400865
449.2272,0.0059391454
449.2272,0.0059295718
449.2272,0.005905358
449.2272,0.0059051098
449.2272,0.0058965827
449.2272,0.0058922273
449.2272,0.0058892166
449.2272,0.0058878365
449.2272,0.0058784693
449.2272,0.0058769138
449.2272,0.0058555615
449.2272,0.0058540472
449.2272,0.0058472096
449.2272,0.0058405173
449.2272,0.0058266149
449.2272,0.0058167355
449.2272,0.0058165965
449.2272,0.0057985842
449.2272,0.0057924055
449.2272,0.005782542
449.2272,0.0057732443
449.2272,0.0057714204
449.2272,0.0057668469
449.2272,0.0057658337
449.2272,0.0057617689
449.2272,0.005759325
449.2272,0.0057554261
449.2272,0.0057331093
449.2272,0.0057308716
449.2272,0.0057048619
449.2272,0.0056858025
449.2272,0.0056854576
449.2272,0.0056851712
449.2272,0.0056770519
449.2272,0.0056599526
449.2272,0.0056497214
449.2272,0.0056383067
449.2272,0.0056269295
449.2272,0.0056163051
449.2272,0.0055902384
449.2272,0.0055567819
449.2272,0.0055567554
449.2272,0.0055379667
449.2272,0.0055366154
449.2272,0.0055169564
449.2272,0.0055070826
449.2272,0.0055024425
449.2272,0.005484677
449.2272,0.0054802391
449.2272,0.0054752142
449.2272,0.0054641649
449.2272,0.0054623285
449.2272,0.005450674
449.2272,0.0054474757
449.2272,0.005435446
449.2272,0.0054209106
449.2272,0.0054152634
449.2272,0.0054085213
449.2272,0.005404873
449.2272,0.0054007262
449.2272,0.0053773111
449.2272,0.0053699526
449.2272,0.0053607106
449.2272,0.0053483859
449.2272,0.0053340678
449.2272,0.0052243182
449.2272,0.0052135895
449.2272,0.0052061707
449.2272,0.0051978466
449.2272,0.005195246
449.2272,0.0051949935
449.2272,0.0051948975
449.2272,0.0051502818
449.2272,0.0051482384
449.2272,0.0051424253
449.2272,0.0051299097
449.2272,0.0051251922
449.2272,0.0051159016
449.2272,0.0051144585
449.2272,0.0051046232
449.2272,0.0050918758
449.2272,0.0050894198
449.2272,0.0050769354
449.2272,0.0050727073
449.2272,0.0050702644
449.2272,0.005067033
449.2272,0.0050601163
449.2272,0.0050564594
449.2272,0.0050549629
449.2272,0.0050438585
449.2272,0.0050376206
449.2272,0.0050237433
449.2272,0.0050079947
449.2272,0.0049952316
449.2272,0.0049817449
449.2272,0.0049681819
449.2272,0.0049639611
449.2272,0.0049491194
449.2272,0.0049376361
449.2272,0.0049361089
449.2272,0.0049278569
449.2272,0.0049273162
449.2272,0.0049151245
449.2272,0.0048914522
449.2272,0.0048723102
449.2272,0.0048522823
449.2272,0.0048467779
449.2272,0.004831576
449.2272,0.0048128392
449.2272,0.004800158
449.2272,0.004784661
449.2272,0.0047826417
449.2272,0.004772706
449.2272,0.0047566449
449.2272,0.0047447387
449.2272,0.0047234288
449.2272,0.0046608139
449.2272,0.0046400283
449.2272,0.0046065422
449.2272,0.0046009547
449.2272,0.0045738873
449.2272,0.0045511893
449.2272,0.0045468173
449.2272,0.0045441338
449.2272,0.0045432826
449.2272,0.0045429565
449.2272,0.0045082851
449.2272,0.0045072368
449.2272,0.0044449298
449.2272,0.0044084824
449.2272,0.0044078237
449.2272,0.004396812
449.2272,0.0043765748
449.2272,0.0043610847
449.2272,0.0043166578
449.2272,0.004274093
449.2272,0.0042464722
449.2272,0.0042274608
449.2272,0.0042043764
449.2272,0.0041846446
449.2272,0.0041692112
449.2272,0.0041494377
449.2272,0.0041405364
449.2272,0.0041344647
449.2272,0.0041198855
449.2272,0.0040271668
449.2272,0.0039864436
449.2272,0.0039769796
449.2272,0.003971804
449.2272,0.0039691241
449.2272,0.0039412582
449.2272,0.0039316436
449.2272,0.0039089726
449.2272,0.0038787358
449.2272,0.0038688159
449.2272,0.003858856
449.2272,0.003843823
449.2272,0.0038196917
449.2272,0.0037878465
449.2272,0.0037574418
449.2272,0.0037525738
449.2272,0.0036890721
449.2272,0.0036811617
449.2272,0.0036674547
449.2272,0.0036464883
449.2272,0.0036078448
449.2272,0.0036018832
449.2272,0.0035790034
449.2272,0.003575087
449.2272,0.0035702063
449.2272,0.0035668675
449.2272,0.0035465041
449.2272,0.0035446018
449.2272,0.0035407241
449.2272,0.003537246
449.2272,0.0035247644
449.2272,0.0035195203
449.2272,0.003489639
449.2272,0.0034849
449.2272,0.0034656004
449.2272,0.003459955
449.2272,0.0034374466
449.2272,0.0034296653
449.2272,0.003422458
449.2272,0.0034109315
449.2272,0.0034006967
449.2272,0.0033734691
449.2272,0.0033661455
449.2272,0.0033497973
449.2272,0.0033384875
449.2272,0.0033359397
449.2272,0.0033149475
449.2272,0.0033086057
449.2272,0.0032702827
449.2272,0.0032625001
449.2272,0.0031883272
449.2272,0.0031790704
449.2272,0.0031756462
449.2272,0.0031754631
449.2272,0.0031609001
449.2272,0.0031398156
449.2272,0.0031309062
449.2272,0.003121627
449.2272,0.0031024038
449.2272,0.0030637968
449.2272,0.0030627634
449.2272,0.003024962
449.2272,0.0030045295
449.2272,0.0029491558
449.2272,0.0029480533
449.2272,0.0029446234
449.2272,0.0029382686
449.2272,0.0029346999
449.2272,0.0029345331
449.2272,0.0029003908
449.2272,0.0028411583
449.2272,0.0028369581
449.2272,0.0028287326
449.2272,0.0027691594
449.2272,0.0027671372
449.2272,0.0027501486
449.2272,0.0027390108
449.2272,0.0027183679
449.2272,0.0027154587
449.2272,0.0026819322
449.2272,0.002675275
449.2272,0.0026719762
449.2272,0.0026666023
449.2272,0.0026396936
449.2272,0.0026328089
449.2272,0.0026156941
449.2272,0.0026145292
449.2272,0.0026119116
449.2272,0.0026045565
449.2272,0.0026002723
449.2272,0.0025638363
449.2272,0.0025535833
449.2272,0.0025242713
449.2272,0.002513986
449.2272,0.0025048531
449.2272,0.0024992509
449.2272,0.0024733475
449.2272,0.002438422
449.2272,0.0024308671
449.2272,0.0024094762
449.2272,0.0023963444
449.2272,0.0023799593
449.2272,0.002364633
449.2272,0.0023477834
449.2272,0.0022778997
449.2272,0.0022711084
449.2272,0.0022585172
449.2272,0.0022410133
449.2272,0.0022390247
449.2272,0.0021723136
449.2272,0.0021436243
449.2272,0.0021350094
449.2272,0.0021284892
449.2272,0.0021147068
449.2272,0.0020574011
449.2272,0.0020516201
449.2272,0.0020419018
449.2272,0.0020417434
449.2272,0.0020319425
449.2272,0.0020258841
449.2272,0.0020099832
449.2272,0.0019886978
449.2272,0.0019594669
449.2272,0.0019127842
449.2272,0.0019088121
449.2272,0.0019047142
449.2272,0.0018536916
449.2272,0.001817351
449.2272,0.001814978
449.2272,0.0017855982
449.2272,0.0017726885
449.2272,0.0017598786
449.2272,0.0017243127
449.2272,0.0017140764
449.2272,0.0017023253
449.2272,0.0017001953
449.2272,0.0016856382
449.2272,0.0016607986
449.2272,0.0016604482
449.2272,0.0016529188
449.2272,0.0016450485
449.2272,0.0016345027
449.2272,0.0016072998
449.2272,0.0015986865
449.2272,0.0015859446
449.2272,0.0015856978
449.2272,0.0015818842
449.2272,0.0015668807
449.2272,0.001550895
449.2272,0.0015147404
449.2272,0.0014962664
449.2272,0.0014796255
449.2272,0.0014209431
449.2272,0.001393604
449.2272,0.0013882521
449.2272,0.0013674048
449.2272,0.0013539628
449.2272,0.0013300612
449.2272,0.0013160768
449.2272,0.0012732262
449.2272,0.0012700888
449.2272,0.0012415059
449.2272,0.0012386803
449.2272,0.0011945079
449.2272,0.0011721427
449.2272,0.0011476812
449.2272,0.001132819
449.2272,0.0011104812
449.2272,0.0010795618
449.2272,0.0010689115
449.2272,0.0010237933
449.2272,0.001020056
449.2272,0.00097976563
449.2272,0.00095544767
449.2272,0.00093682819
449.2272,0.00088912107
449.2272,0.00087074733
449.2272,0.00086292544
449.2272,0.0008439382
449.2272,0.00084132854
449.2272,0.00081597529
449.2272,0.00079235064
449.2272,0.00079000486
449.2272,0.00075045299
449.2272,0.00072578367
449.2272,0.00068803529
449.2272,0.00064688847
449.2272,0.00061831487
449.2272,0.00058846312
449.2272,0.00058832126
449.2272,0.00056402001
449.2272,0.00055797154
449.2272,0.00051527187
449.2272,0.00050583263
449.2272,0.00038902283
449.2272,0.00038877957
449.2272,0.00036373896
449.2272,0.00034465135
449.2272,0.00033406534
449.2272,0.00029393985
449.2272,0.0002809025
449.2272,0.00026561533
449.2272,0.00022672952
449.2272,0.0001965579
449.2272,0.00015447405
449.2272,0.00015164905
449.2272,0.00015032877
449.2272,0.00014046521
449.2272,0.00011265048
449.2272,0.00011145764
449.2272,9.6077658e-05
449.2272,1.926198e-05
449.2272,-2.6237559e-05
449.2272,-5.161466e-05
449.2272,-0.00011404549
449.2272,-0.00016158416
449.2272,-0.00016575824
449.2272,-0.00017864843
449.2272,-0.00018616705
449.2272,-0.00028496019
449.2272,-0.0003026787
449.2272,-0.00035582249
449.2272,-0.00037736623
449.2272,-0.00038607186
449.2272,-0.00044426153
449.2272,-0.00045477436
449.2272,-0.00049787795
449.2272,-0.00054989131
449.2272,-0.00056787486
449.2272,-0.0006121547
449.2272,-0.00061365278
449.2272,-0.00065141566
449.2272,-0.00068417015
449.2272,-0.00071095295
449.2272,-0.00080374708
449.2272,-0.00085857754
449.2272,-0.00086988443
449.2272,-0.00091766633
449.2272,-0.00092122489
449.2272,-0.00093641931
449.2272,-0.0010452899
449.2272,-0.0010639945
449.2272,-0.001122
449.2272,-0.0013405932
449.2272,-0.0014049985
449.2272,-0.0014092048
449.2272,-0.0014148273
449.2272,-0.0014718385
449.2272,-0.0014913244
449.2272,-0.0016450248
449.2272,-0.0018987576
449.2272,-0.0019925547
449.2272,-0.0020843829
449.2272,-0.0020849861
449.2272,-0.0022335192
449.2272,-0.0022803281
449.2272,-0.0022887812
449.2272,-0.002410486
449.2272,-0.0025458485
449.2272,-0.0026063019
449.2272,-0.00279061
449.2272,-0.0028096472
449.2272,-0.0028986196
449.2272,-0.0029523682
449.2272,-0.0029830451
449.2272,-0.0030275712
449.2272,-0.0030826801
449.2272,-0.0031786239
449.2272,-0.0033016693
449.2272,-0.0033193531
449.2272,-0.0033419204
449.2272,-0.003444499
449.2272,-0.0035118498
449.2272,-0.0035139415
449.2272,-0.0036233354
449.2272,-0.0036439569
449.2272,-0.003822429
449.2272,-0.0038283095
449.2272,-0.0039336787
449.2272,-0.0039983348
449.2272,-0.0040412705
449.2272,-0.0040670167
449.2272,-0.0045954976
449.2272,-0.004629106
449.2272,-0.0047348133
449.2272,-0.0049946622
449.2272,-0.0050239725
449.2272,-0.0050989771
449.2272,-0.0051014046
449.2272,-0.0052072956
449.2272,-0.0054196669
449.2272,-0.0054803735
449.2272,-0.0058563143
449.2272,-0.0059137043
449.2272,-0.00594437
449.2272,-0.0059554006
449.2272,-0.0060127022
449.2272,-0.0060345373
449.2272,-0.0061092402
449.2272,-0.006166669
449.2272,-0.0061668687
449.2272,-0.0062795808
449.2272,-0.0064535828
449.2272,-0.0064892878
449.2272,-0.0065206041
449.2272,-0.0066601687
449.2272,-0.0066792854
449.2272,-0.0067082719
449.2272,-0.0067182639
449.2272,-0.0068949253
449.2272,-0.0069321651
449.2272,-0.0069906083
449.2272,-0.007255154
449.2272,-0.0074163241
449.2272,-0.0074639425
449.2272,-0.0074885105
449.2272,-0.0074942455
449.2272,-0.0075265133
449.2272,-0.0075547376
449.2272,-0.0078600005
449.2272,-0.0079248548
449.2272,-0.0079789029
449.2272,-0.0081165162
449.2272,-0.0081851278
449.2272,-0.0082809208
449.2272,-0.0083870607
449.2272,-0.0084416025
449.2272,-0.0084544321
449.2272,-0.0085420048
449.2272,-0.0085474927
449.2272,-0.0087863955
449.2272,-0.0088375679
449.2272,-0.0089741204
449.2272,-0.0090776751
449.2272,-0.0091210537
449.2272,-0.0092545055
449.2272,-0.0093517455
449.2272,-0.009397842
449.2272,-0.0095191726
449.2272,-0.0095922796
449.2272,-0.0096825588
449.2272,-0.0097388034
453.7556,0.0099313977
453.7556,0.0097024611
453.7556,0.0095529446
453.7556,0.0092416502
453.7556,0.0091852091
453.7556,0.0090891725
453.7556,0.0088562124
453.7556,0.0088363424
453.7556,0.0087635258
453.7556,0.0087309906
453.7556,0.0087146981
453.7556,0.0085443267
453.7556,0.0085043222
453.7556,0.0085021287
453.7556,0.0083958609
453.7556,0.0081542925
453.7556,0.0081424477
453.7556,0.0081048023
453.7556,0.0079733463
453.7556,0.007926852
453.7556,0.007922465
453.7556,0.0079102993
453.7556,0.0078472417
453.7556,0.0078435387
453.7556,0.0077083719
453.7556,0.0077042639
453.7556,0.0076822565
453.7556,0.0075613753
453.7556,0.0075282917
453.7556,0.0074367482
453.7556,0.0074237253
453.7556,0.0073789793
453.7556,0.0073659281
453.7556,0.0072935351
453.7556,0.0072802901
453.7556,0.007220955
453.7556,0.0071663122
453.7556,0.0071502554
453.7556,0.0071064107
453.7556,0.0070726832
453.7556,0.0070338014
453.7556,0.0070229432
453.7556,0.0069748241
453.7556,0.0068840113
453.7556,0.006822734
453.7556,0.0067780108
453.7556,0.006755358
453.7556,0.0067188996
453.7556,0.0066365237
453.7556,0.0066306468
453.7556,0.0066196123
453.7556,0.006573462
453.7556,0.0065188731
453.7556,0.0065175619
453.7556,0.0064596469
453.7556,0.0064387848
453.7556,0.0063917389
453.7556,0.0063802852
453.7556,0.0063734481
453.7556,0.0063693011
453.7556,0.0063377215
453.7556,0.0063229412
453.7556,0.0063060046
453.7556,0.0062941601
453.7556,0.0062607592
453.7556,0.0062336711
453.7556,0.0062192245
453.7556,0.0061769043
453.7556,0.0061411954
453.7556,0.0060898709
453.7556,0.0060874268
453.7556,0.0060015445
453.7556,0.0060000494
453.7556,0.0059896753
453.7556,0.0059785988
453.7556,0.0059757301
453.7556,0.0059733165
453.7556,0.0059427548
453.7556,0.0059391156
453.7556,0.0059348091
453.7556,0.0059325889
453.7556,0.0059252953
453.7556,0.0059228896
453.7556,0.0058734668
453.7556,0.0058605421
453.7556,0.0058457134
453.7556,0.0058105257
453.7556,0.0058047658
453.7556,0.00579696
453.7556,0.0057922932
453.7556,0.00577636
453.7556,0.0057637985
453.7556,0.0057626534
453.7556,0.0057305145
453.7556,0.005708227
453.7556,0.0057043537
453.7556,0.0056996874
453.7556,0.005694754
453.7556,0.0056780398
453.7556,0.0056477984
453.7556,0.0056344306
453.7556,0.0056290658
453.7556,0.0056275776
453.7556,0.0056199247
453.7556,0.0056080218
453.7556,0.0055991551
453.7556,0.0055867873
453.7556,0.0055691424
453.7556,0.005548032
453.7556,0.0055373499
453.7556,0.005528959
453.7556,0.0055270908
453.7556,0.005517409
453.7556,0.0055150665
453.7556,0.0055051517
453.7556,0.0054870737
453.7556,0.0054455342
453.7556,0.005445067
453.7556,0.0054363095
453.7556,0.0054039783
453.7556,0.0054039305
453.7556,0.0053905014
453.7556,0.0053790938
453.7556,0.0053757405
453.7556,0.0053711569
453.7556,0.0053476802
453.7556,0.0053440332
453.7556,0.0053433512
453.7556,0.0053431421
453.7556,0.005307458
453.7556,0.0052826441
453.7556,0.0052699374
453.7556,0.0052539717
453.7556,0.0052421584
453.7556,0.0052092317
453.7556,0.0051848937
453.7556,0.0051791613
453.7556,0.0051646978
453.7556,0.0051541398
453.7556,0.0051373508
453.7556,0.0051192429
453.7556,0.005111216
453.7556,0.0051070811
453.7556,0.0050921324
453.7556,0.0050820656
453.7556,0.0050613266
453.7556,0.0050289711
453.7556,0.0050287332
453.7556,0.0050137835
453.7556,0.0050083166
453.7556,0.0049962565
453.7556,0.0049938185
453.7556,0.0049816832
453.7556,0.004941031
453.7556,0.0049078775
453.7556,0.0049042036
453.7556,0.0048985641
453.7556,0.0048951706
453.7556,0.0048940063
453.7556,0.0048667507
453.7556,0.0048451752
453.7556,0.0047972257
453.7556,0.0047965829
453.7556,0.0047936988
453.7556,0.0047875254
453.7556,0.0047799926
453.7556,0.0047726546
453.7556,0.0047460558
453.7556,0.0047207933
453.7556,0.0046891347
453.7556,0.0046846789
453.7556,0.0046773021
453.7556,0.0046732885
453.7556,0.0046720002
453.7556,0.0046612664
453.7556,0.0046362892
453.7556,0.0046289577
453.7556,0.0046100928
453.7556,0.0045984364
453.7556,0.0045622051
453.7556,0.0045526144
453.7556,0.00453321
453.7556,0.0044878514
453.7556,0.0044858426
453.7556,0.0044841653
453.7556,0.0044763833
453.7556,0.0044691108
453.7556,0.0044562709
453.7556,0.0044342102
453.7556,0.0043848123
453.7556,0.0043803773
453.7556,0.0043593069
453.7556,0.0043510099
453.7556,0.0043478753
453.7556,0.0043472666
453.7556,0.0043207538
453.7556,0.0042962188
453.7556,0.0042944573
453.7556,0.0042582419
453.7556,0.0042308676
453.7556,0.0042140526
453.7556,0.0041649706
453.7556,0.0041535032
453.7556,0.0041044037
453.7556,0.0040872159
453.7556,0.0040869991
453.7556,0.0040428771
453.7556,0.0040352226
453.7556,0.0039888351
453.7556,0.0039882633
453.7556,0.0039113934
453.7556,0.0039037525
453.7556,0.0038583839
453.7556,0.0038474994
453.7556,0.0038248815
453.7556,0.0037805083
453.7556,0.0036731446
453.7556,0.0036621027
453.7556,0.0036473859
453.7556,0.0036423599
453.7556,0.0035934118
453.7556,0.0035642339
453.7556,0.0034821382
453.7556,0.0034560728
453.7556,0.0034464607
453.7556,0.0034418184
453.7556,0.0034404766
453.7556,0.0034131324
453.7556,0.0033946415
453.7556,0.0033623794
453.7556,0.0033334984
453.7556,0.0032957861
453.7556,0.0032758078
453.7556,0.003222361
453.7556,0.0032146112
453.7556,0.0030819683
453.7556,0.0030512889
453.7556,0.0030345985
453.7556,0.0029517474
453.7556,0.0029032094
453.7556,0.002900759
453.7556,0.0028959975
453.7556,0.0027877648
453.7556,0.0027619639
453.7556,0.002748674
453.7556,0.0027307685
453.7556,0.0027238527
453.7556,0.0026706835
453.7556,0.0026047391
453.7556,0.0025827195
453.7556,0.002572072
453.7556,0.0024778796
453.7556,0.002387778
453.7556,0.0023425239
453.7556,0.0021911952
453.7556,0.0021868495
453.7556,0.002155634
453.7556,0.0020891691
453.7556,0.0020772771
453.7556,0.0019878199
453.7556,0.0019782262
453.7556,0.0019720131
453.7556,0.0019234682
453.7556,0.0018992724
453.7556,0.0018806148
453.7556,0.0018736138
453.7556,0.0018595984
453.7556,0.0018031897
453.7556,0.0017702621
453.7556,0.0017057465
453.7556,0.0015475346
453.7556,0.0015231229
453.7556,0.0015191187
453.7556,0.0013365691
453.7556,0.0012511732
453.7556,0.0011607035
453.7556,0.0011292497
453.7556,0.0011222772
453.7556,0.0011193228
453.7556,0.0011107502
453.7556,0.0010493544
453.7556,0.00099367911
453.7556,0.00099139871
453.7556,0.00094960725
453.7556,0.00094644407
453.7556,0.00076191368
453.7556,0.00066949844
453.7556,0.00023205052
453.7556,0.00013806375
453.7556,-0.00025588776
453.7556,-0.00035389602
453.7556,-0.00036416941
453.7556,-0.00037399127
453.7556,-0.00038291437
453.7556,-0.00069243957
453.7556,-0.00086427614
453.7556,-0.00087979141
453.7556,-0.00088393355
453.7556,-0.00091631438
453.7556,-0.001459922
453.7556,-0.0018089701
453.7556,-0.0018113732
453.7556,-0.001884455
453.7556,-0.0019228119
453.7556,-0.002139599
453.7556,-0.0022444741
453.7556,-0.0026432295
453.7556,-0.0027652446
453.7556,-0.0030699015
453.7556,-0.0031772898
453.7556,-0.0032284268
453.7556,-0.0032329492
453.7556,-0.0032337369
453.7556,-0.0032682876
453.7556,-0.0033645508
453.7556,-0.0034164618
453.7556,-0.0034353885
453.7556,-0.0034376203
453.7556,-0.0034665349
453.7556,-0.0034803614
453.7556,-0.0035000082
453.7556,-0.0035392992
453.7556,-0.0035566561
453.7556,-0.0035685954
453.7556,-0.0036154361
453.7556,-0.0036638619
453.7556,-0.0037387916
453.7556,-0.0037481952
453.7556,-0.0038235027
453.7556,-0.0038336997
453.7556,-0.0038642623
453.7556,-0.0038891045
453.7556,-0.0039024412
453.7556,-0.0039514495
453.7556,-0.004020683
453.7556,-0.0040976223
453.7556,-0.0041125606
453.7556,-0.0041254889
453.7556,-0.0041384489
453.7556,-0.0041404276
453.7556,-0.0041531169
453.7556,-0.004157289
453.7556,-0.0041888295
453.7556,-0.0042374825
453.7556,-0.0042392955
453.7556,-0.004243129
453.7556,-0.0042608205
453.7556,-0.0042828607
453.7556,-0.0042918001
453.7556,-0.0043183887
453.7556,-0.0043531442
453.7556,-0.0043584954
453.7556,-0.0043897736
453.7556,-0.0044189583
453.7556,-0.0044394911
453.7556,-0.0044428303
453.7556,-0.0044715972
453.7556,-0.0045225337
453.7556,-0.0045451949
453.7556,-0.0045505948
453.7556,-0.0046360445
453.7556,-0.0046682412
453.7556,-0.0047187248
453.7556,-0.0047190525
453.7556,-0.0047278003
453.7556,-0.0049125791
453.7556,-0.0049299912
453.7556,-0.0049956016
453.7556,-0.0050092872
453.7556,-0.0050287173
453.7556,-0.0051112939
453.7556,-0.0051176925
453.7556,-0.0052279266
453.7556,-0.0052314059
453.7556,-0.0052435164
453.7556,-0.0052777453
453.7556,-0.0055195324
453.7556,-0.00571113
453.7556,-0.0057389561
453.7556,-0.0057788262
453.7556,-0.0058315635
453.7556,-0.0061648831
453.7556,-0.0068319474
453.7556,-0.0082217518
453.7556,-0.0093669579
454.558,0.0099867547
454.558,0.0099711742
454.558,0.0098358906
454.558,0.0097937425
454.558,0.0097757874
454.558,0.0097268659
454.558,0.0093237307
454.558,0.0092975564
454.558,0.0088615392
454.558,0.0087246948
454.558,0.0087101078
454.558,0.0085791537
454.558,0.0085241956
454.558,0.0085119321
454.558,0.0084231325
454.558,0.0083518523
454.558,0.0083415397
454.558,0.0082687439
454.558,0.0081802096
454.558,0.0080361551
454.558,0.0079003164
454.558,0.0078753366
454.558,0.0077403306
454.558,0.0077369109
454.558,0.0076325949
454.558,0.0075787079
454.558,0.0075564397
454.558,0.0074931979
454.558,0.0073713549
454.558,0.0073265927
454.558,0.0073256528
454.558,0.0072779087
454.558,0.0072694612
454.558,0.00726851
454.558,0.007237882
454.558,0.0072349811
454.558,0.0072044671
454.558,0.0071675943
454.558,0.0071570585
454.558,0.0071026989
454.558,0.0070956714
454.558,0.0070953183
454.558,0.0070866289
454.558,0.0070410568
454.558,0.0070232695
454.558,0.0069673513
454.558,0.0069658672
454.558,0.0068960281
454.558,0.0068957692
454.558,0.0068745246
454.558,0.0068704642
454.558,0.0068642874
454.558,0.0068546756
454.558,0.0068517149
454.558,0.0067858153
454.558,0.0067503844
454.558,0.0067254986
454.558,0.0067174515
454.558,0.0067090847
454.558,0.0066892371
454.558,0.0066647044
454.558,0.0066578716
454.558,0.0066494631
454.558,0.006648909
454.558,0.0066394848
454.558,0.0066352524
454.558,0.0066235075
454.558,0.0066216355
454.558,0.0066207303
454.558,0.0065960035
454.558,0.0065954126
454.558,0.0065873403
454.558,0.0065708917
454.558,0.006570396
454.558,0.0065697433
454.558,0.0065683391
454.558,0.0065679004
454.558,0.0065359543
454.558,0.006522218
454.558,0.0065205493
454.558,0.0064948503
454.558,0.0064918302
454.558,0.0064865974
454.558,0.0064804645
454.558,0.0064801138
454.558,0.0064676905
454.558,0.0064572221
454.558,0.0064391141
454.558,0.0064359882
454.558,0.0064290093
454.558,0.0064272252
454.558,0.0064122474
454.558,0.006385864
454.558,0.0063768129
454.558,0.0063465902
454.558,0.0063282042
454.558,0.0063080148
454.558,0.0062961608
454.558,0.0062532326
454.558,0.0062353013
454.558,0.0062166561
454.558,0.0062156649
454.558,0.0062010852
454.558,0.0062007482
454.558,0.0061970292
454.558,0.0061892647
454.558,0.0061830469
454.558,0.0061782827
454.558,0.0061724964
454.558,0.0061656279
454.558,0.0061654663
454.558,0.0061463009
454.558,0.0061303754
454.558,0.0061283884
454.558,0.0061180722
454.558,0.0061136247
454.558,0.0061135941
454.558,0.0061117265
454.558,0.0061000589
454.558,0.006096238
454.558,0.0060923008
454.558,0.0060797075
454.558,0.0060744029
454.558,0.0060717996
454.558,0.0060574751
454.558,0.0060504068
454.558,0.0060350042
454.558,0.0060348795
454.558,0.0060289015
454.558,0.006027636
454.558,0.0060091657
454.558,0.0060067122
454.558,0.0059977575
454.558,0.0059975453
454.558,0.0059733136
454.558,0.005969762
454.558,0.0059656069
454.558,0.0059649905
454.558,0.0059629254
454.558,0.0059612565
454.558,0.0059484817
454.558,0.0059480191
454.558,0.0059441926
454.558,0.0059385802
454.558,0.0059317908
454.558,0.0059312479
454.558,0.0059238308
454.558,0.0059225065
454.558,0.0059135184
454.558,0.0059058588
454.558,0.0059053087
454.558,0.0059007214
454.558,0.0058976258
454.558,0.0058932851
454.558,0.0058923434
454.558,0.005881877
454.558,0.0058811836
454.558,0.0058719326
454.558,0.0058694468
454.558,0.005862964
454.558,0.0058579608
454.558,0.005849113
454.558,0.0058440375
454.558,0.0058437561
454.558,0.0058410412
454.558,0.0058390069
454.558,0.0058372692
454.558,0.0058348128
454.558,0.0058304326
454.558,0.0058211174
454.558,0.0058170756
454.558,0.0058034334
454.558,0.0057962331
454.558,0.0057961466
454.558,0.0057927128
454.558,0.005782949
454.558,0.0057821973
454.558,0.0057733872
454.558,0.005768833
454.558,0.0057630268
454.558,0.0057626077
454.558,0.0057607556
454.558,0.0057500802
454.558,0.0057443727
454.558,0.0057391248
454.558,0.0057388076
454.558,0.0057325248
454.558,0.0057250103
454.558,0.0057243554
454.558,0.0057243161
454.558,0.0057239083
454.558,0.0057222364
454.558,0.0057058701
454.558,0.0056975908
454.558,0.0056862234
454.558,0.0056731706
454.558,0.0056705738
454.558,0.0056591225
454.558,0.0056563209
454.558,0.0056489793
454.558,0.0056371715
454.558,0.0056355837
454.558,0.0056305366
454.558,0.0056293338
454.558,0.0056180893
454.558,0.0056109055
454.558,0.0056030622
454.558,0.005601736
454.558,0.0055985761
454.558,0.0055970498
454.558,0.0055948897
454.558,0.0055933477
454.558,0.0055922204
454.558,0.0055838677
454.558,0.0055756059
454.558,0.0055637395
454.558,0.0055597265
454.558,0.0055534761
454.558,0.0055453216
454.558,0.0055449983
454.558,0.005539317
454.558,0.0055339215
454.558,0.0055337672
454.558,0.0055303569
454.558,0.0055300603
454.558,0.0055214762
454.558,0.0055085026
454.558,0.0055044967
454.558,0.0055020744
454.558,0.0055017827
454.558,0.0054992138
454.558,0.0054886158
454.558,0.0054848112
454.558,0.0054845978
454.558,0.0054819012
454.558,0.0054770167
454.558,0.0054750785
454.558,0.0054743849
454.558,0.0054732321
454.558,0.0054596201
454.558,0.0054505714
454.558,0.005442721
454.558,0.0054392917
454.558,0.0054342363
454.558,0.0054303519
454.558,0.0054279504
454.558,0.0054273829
454.558,0.0054265097
454.558,0.0054260056
454.558,0.0054179133
454.558,0.0054169098
454.558,0.0054164372
454.558,0.0054139923
454.558,0.0054083679
454.558,0.0054082227
454.558,0.0054045014
454.558,0.0054003681
454.558,0.0053967471
454.558,0.0053943252
454.558,0.0053895269
454.558,0.005388814
454.558,0.0053842657
454.558,0.0053837234
454.558,0.0053832105
454.558,0.0053828819
454.558,0.0053823578
454.558,0.005378288
454.558,0.0053779058
454.558,0.0053738958
454.558,0.0053714142
454.558,0.0053710087
454.558,0.0053700147
454.558,0.005364373
454.558,0.0053485467
454.558,0.0053366569
454.558,0.0053348808
454.558,0.0053318077
454.558,0.0053313886
454.558,0.005327126
454.558,0.0053169166
454.558,0.0053133928
454.558,0.0053022012
454.558,0.0052807914
454.558,0.0052783214
454.558,0.0052686725
454.558,0.0052683662
454.558,0.0052680705
454.558,0.0052608684
454.558,0.0052559858
454.558,0.005243288
454.558,0.0052416961
454.558,0.0052373434
454.558,0.0052298151
454.558,0.0052282833
454.558,0.0052263278
454.558,0.0052231569
454.558,0.0052214552
454.558,0.005216009
454.558,0.0052154201
454.558,0.0052139396
454.558,0.0052095125
454.558,0.0051993932
454.558,0.0051969255
454.558,0.0051883308
454.558,0.0051869106
454.558,0.0051834181
454.558,0.0051829573
454.558,0.0051800964
454.558,0.0051736804
454.558,0.0051701911
454.558,0.0051567642
454.558,0.0051450561
454.558,0.0051441267
454.558,0.0051368894
454.558,0.0051366265
454.558,0.0051325055
454.558,0.0051287728
454.558,0.0051265066
454.558,0.0051203416
454.558,0.0051170952
454.558,0.0051128673
454.558,0.0051109619
454.558,0.0051099639
454.558,0.0051058492
454.558,0.005101461
454.558,0.0050972557
454.558,0.0050960867
454.558,0.0050856682
454.558,0.005076414
454.558,0.0050749401
454.558,0.0050746663
454.558,0.0050676492
454.558,0.0050580106
454.558,0.0050557503
454.558,0.0050548217
454.558,0.0050539421
454.558,0.0050479694
454.558,0.0050405289
454.558,0.0050382817
454.558,0.0050362741
454.558,0.005033521
454.558,0.005028879
454.558,0.0050268095
454.558,0.0050264468
454.558,0.0050234206
454.558,0.0050224183
454.558,0.0050074651
454.558,0.0050044621
454.558,0.0049921051
454.558,0.0049896277
454.558,0.0049885549
454.558,0.0049855106
454.558,0.004983696
454.558,0.0049814176
454.558,0.0049760622
454.558,0.0049693502
454.558,0.0049691687
454.558,0.0049680057
454.558,0.0049583217
454.558,0.0049540524
454.558,0.004951733
454.558,0.0049516836
454.558,0.0049477223
454.558,0.0049410468
454.558,0.0049149365
454.558,0.0049140536
454.558,0.0049096458
454.558,0.0049080828
454.558,0.0049048121
454.558,0.0048871185
454.558,0.0048830187
454.558,0.0048812033
454.558,0.0048671018
454.558,0.0048596397
454.558,0.004858729
454.558,0.0048462268
454.558,0.0048461929
454.558,0.0048453566
454.558,0.004842625
454.558,0.0048386701
454.558,0.0048378099
454.558,0.0048311744
454.558,0.0048290966
454.558,0.004828283
454.558,0.004823854
454.558,0.0048220357
454.558,0.0048119096
454.558,0.0048037177
454.558,0.0047975362
454.558,0.0047970536
454.558,0.0047954086
454.558,0.0047925176
454.558,0.0047758771
454.558,0.0047713406
454.558,0.0047645119
454.558,0.0047641835
454.558,0.0047623808
454.558,0.0047584451
454.558,0.0047578841
454.558,0.0047540011
454.558,0.0047511802
454.558,0.0047500104
454.558,0.0047484207
454.558,0.0047250656
454.558,0.0047152225
454.558,0.0047108217
454.558,0.0047047795
454.558,0.0047003905
454.558,0.0047003754
454.558,0.0046962725
454.558,0.0046916459
454.558,0.0046858889
454.558,0.0046761767
454.558,0.0046637033
454.558,0.0046596533
454.558,0.0046553399
454.558,0.0046535739
454.558,0.0046385971
454.558,0.0046379401
454.558,0.0046307144
454.558,0.004605504
454.558,0.0046049574
454.558,0.004603455
454.558,0.0046004478
454.558,0.004572728
454.558,0.0045718228
454.558,0.0045531294
454.558,0.0045366879
454.558,0.0045310508
454.558,0.0045268333
454.558,0.0045248215
454.558,0.0045197789
454.558,0.0045184009
454.558,0.0045137484
454.558,0.0045121039
454.558,0.0045091379
454.558,0.0045082335
454.558,0.0044881293
454.558,0.0044698161
454.558,0.0044679041
454.558,0.0044628408
454.558,0.0044564432
454.558,0.0044509944
454.558,0.0044433819
454.558,0.004418626
454.558,0.0043525146
454.558,0.00435086
454.558,0.0043291726
454.558,0.0043289781
454.558,0.0042941558
454.558,0.0042874632
454.558,0.0042871149
454.558,0.0042806324
454.558,0.0042778775
454.558,0.0042716848
454.558,0.0042687916
454.558,0.0042631467
454.558,0.0042602128
454.558,0.0042526996
454.558,0.0042408225
454.558,0.0041974318
454.558,0.0041439966
454.558,0.0041286285
454.558,0.0041214196
454.558,0.0041119277
454.558,0.0040844649
454.558,0.0040784208
454.558,0.0040697376
454.558,0.0040469799
454.558,0.0040389177
454.558,0.0039444897
454.558,0.0039329767
454.558,0.0039312504
454.558,0.0039054039
454.558,0.0038897064
454.558,0.0038892158
454.558,0.0038853094
454.558,0.0038826729
454.558,0.0038266958
454.558,0.0038144864
454.558,0.0038021263
454.558,0.0037804475
454.558,0.0037447758
454.558,0.0036545241
454.558,0.0036510018
454.558,0.0036343868
454.558,0.0036322253
454.558,0.0036098739
454.558,0.0035722526
454.558,0.0035306011
454.558,0.0034584483
454.558,0.003378499
454.558,0.0033556055
454.558,0.0033504051
454.558,0.0033076392
454.558,0.0031645723
454.558,0.0030895784
454.558,0.0030405322
454.558,0.0028311109
454.558,0.0027833246
454.558,0.002781
454.558,0.002756193
454.558,0.0025638909
454.558,0.002553219
454.558,0.0019376616
454.558,0.0016009995
454.558,0.0014570433
454.558,0.001416731
454.558,0.0013305955
454.558,0.00088386819
454.558,0.00066400748
454.558,0.00050515464
454.558,0.00045957853
454.558,0.0003145643
454.558,0.00023220645
454.558,-0.0001375671
454.558,-0.00022381886
454.558,-0.00077151533
454.558,-0.0013779979
454.558,-0.0029238803
501.2607,0.0097925829
501.2607,0.0097914362
501.2607,0.0097738825
501.2607,0.0097594046
501.2607,0.0097159364
501.2607,0.0096809785
501.2607,0.0096806342
501.2607,0.0096751819
501.2607,0.0096258629
501.2607,0.0095769636
501.2607,0.0094332923
501.2607,0.0094117975
501.2607,0.0093682111
501.2607,0.0093517641
501.2607,0.0093120989
501.2607,0.0093003586
501.2607,0.009287938
501.2607,0.0092827023
501.2607,0.0092120571
501.2607,0.009167705
501.2607,0.0091362577
501.2607,0.0090952167
501.2607,0.0090542448
501.2607,0.0090436563
501.2607,0.0087898273
501.2607,0.0087856469
501.2607,0.0087851372
501.2607,0.0087817144
501.2607,0.0087803086
501.2607,0.0086430413
501.2607,0.0085983067
501.2607,0.0084055239
501.2607,0.0083431732
501.2607,0.0083024728
501.2607,0.0082581059
501.2607,0.0082166303
501.2607,0.008187018
501.2607,0.0081293284
501.2607,0.0081005589
501.2607,0.0079098289
501.2607,0.0078953215
501.2607,0.0078240363
501.2607,0.0077282179
501.2607,0.0077009026
501.2607,0.0076907588
501.2607,0.0076261936
501.2607,0.007515254
501.2607,0.0075047432
501.2607,0.0074823854
501.2607,0.0074696272
501.2607,0.0074575453
501.2607,0.0074352131
501.2607,0.007319121
501.2607,0.007259894
501.2607,0.007252684
501.2607,0.0072344082
501.2607,0.0072118908
501.2607,0.0071323883
501.2607,0.0071149287
501.2607,0.0070933412
501.2607,0.0070445777
501.2607,0.0070204372
501.2607,0.006955836
501.2607,0.006870713
501.2607,0.0068282158
501.2607,0.0068097109
501.2607,0.006800055
501.2607,0.0067518998
501.2607,0.0067147249
501.2607,0.0066304662
501.2607,0.0065801155
501.2607,0.0065647685
501.2607,0.0064812988
501.2607,0.0063783456
501.2607,0.0063780057
501.2607,0.0063336089
501.2607,0.0063195788
501.2607,0.0063158524
501.2607,0.0062885048
501.2607,0.0062709594
501.2607,0.0062627292
501.2607,0.0062387042
501.2607,0.0061688421
501.2607,0.0061540473
501.2607,0.0061324352
501.2607,0.0061266102
501.2607,0.0061189438
501.2607,0.0060962771
501.2607,0.0060936397
501.2607,0.0060839104
501.2607,0.0060773493
501.2607,0.0060756646
501.2607,0.0060717206
501.2607,0.0060066473
501.2607,0.0060000381
501.2607,0.0059737471
501.2607,0.0059654215
501.2607,0.005963506
501.2607,0.0059541745
501.2607,0.0059467639
501.2607,0.0059211335
501.2607,0.005916533
501.2607,0.0059160728
501.2607,0.0059046377
501.2607,0.0058972498
501.2607,0.0058935772
501.2607,0.0058595983
501.2607,0.0058485125
501.2607,0.0058464958
501.2607,0.0058335219
501.2607,0.0058101622
501.2607,0.0058085942
501.2607,0.0058000532
501.2607,0.0057910523
501.2607,0.0057819942
501.2607,0.0057645123
501.2607,0.0057615166
501.2607,0.0057357343
501.2607,0.0057139566
501.2607,0.0057016285
501.2607,0.0056984539
501.2607,0.0056975612
501.2607,0.005690608
501.2607,0.0056863308
501.2607,0.0056804763
501.2607,0.005658978
501.2607,0.0056535922
501.2607,0.0056439286
501.2607,0.0056331117
501.2607,0.0056247611
501.2607,0.005624433
501.2607,0.0056116104
501.2607,0.0056115523
501.2607,0.005592655
501.2607,0.0055811487
501.2607,0.0055757502
501.2607,0.0055657637
501.2607,0.0055571294
501.2607,0.0055560722
501.2607,0.0055556608
501.2607,0.0055538833
501.2607,0.0055352059
501.2607,0.0055106012
501.2607,0.0054978247
501.2607,0.0054975191
501.2607,0.0054788631
501.2607,0.0054717121
501.2607,0.0054641695
501.2607,0.0054619539
501.2607,0.0054369761
501.2607,0.0054320651
501.2607,0.005401518
501.2607,0.0053931292
501.2607,0.0053634323
501.2607,0.0053532584
501.2607,0.0053485471
501.2607,0.0053398022
501.2607,0.0053301792
501.2607,0.0053132261
501.2607,0.0052975065
501.2607,0.0052973126
501.2607,0.0052938705
501.2607,0.0052850299
501.2607,0.0052731033
501.2607,0.0052705788
501.2607,0.0052695516
501.2607,0.0052599333
501.2607,0.0052579348
501.2607,0.0052442056
501.2607,0.0052236544
501.2607,0.00521615
501.2607,0.0052036065
501.2607,0.0051824026
501.2607,0.0051768095
501.2607,0.005150617
501.2607,0.0051471143
501.2607,0.0051275611
501.2607,0.0050937868
501.2607,0.0050821201
501.2607,0.0050621051
501.2607,0.0050179666
501.2607,0.005015194
501.2607,0.0050124065
501.2607,0.0050057095
501.2607,0.0049923027
501.2607,0.0049888771
501.2607,0.0049756964
501.2607,0.0049048103
501.2607,0.0049025117
501.2607,0.0048978617
501.2607,0.0048638713
501.2607,0.0048576435
501.2607,0.0048570997
501.2607,0.0048211204
501.2607,0.0047880333
501.2607,0.0047524369
501.2607,0.004741957
501.2607,0.0047410265
501.2607,0.0047233241
501.2607,0.0047158738
501.2607,0.0047017601
501.2607,0.0046723099
501.2607,0.0046635478
501.2607,0.0046587145
501.2607,0.0046045312
501.2607,0.0045834992
501.2607,0.0045679092
501.2607,0.0045067572
501.2607,0.0045037959
501.2607,0.0044701717
501.2607,0.0044651092
501.2607,0.0044417492
501.2607,0.0044316775
501.2607,0.0044075006
501.2607,0.0043950133
501.2607,0.0043806938
501.2607,0.0043499571
501.2607,0.0043416693
501.2607,0.0043323804
501.2607,0.0043222488
501.2607,0.0043103881
501.2607,0.0042935171
501.2607,0.0042817965
501.2607,0.0042517445
501.2607,0.0042510872
501.2607,0.0042222024
501.2607,0.0041831294
501.2607,0.0041736631
501.2607,0.0041327279
501.2607,0.0040221651
501.2607,0.0040023341
501.2607,0.0040021796
501.2607,0.0039762232
501.2607,0.0039326856
501.2607,0.0039261721
501.2607,0.0039223427
501.2607,0.0039220384
501.2607,0.0037953223
501.2607,0.0037859996
501.2607,0.0037502557
501.2607,0.0036728418
501.2607,0.0036713991
501.2607,0.0036706015
501.2607,0.0036689892
501.2607,0.0036666586
501.2607,0.0036507454
501.2607,0.0036421456
501.2607,0.0036381816
501.2607,0.0036009726
501.2607,0.0035933839
501.2607,0.0035790738
501.2607,0.0035727966
501.2607,0.0035697515
501.2607,0.0035306597
501.2607,0.0035102167
501.2607,0.0035054902
501.2607,0.0034883509
501.2607,0.0034344325
501.2607,0.0033657701
501.2607,0.0033333192
501.2607,0.0033117238
501.2607,0.003270602
501.2607,0.0032573738
501.2607,0.0032175182
501.2607,0.0031976685
501.2607,0.0031591402
501.2607,0.003123269
501.2607,0.0031065231
501.2607,0.0031058542
501.2607,0.0031003173
501.2607,0.003095426
501.2607,0.0030864333
501.2607,0.0030730604
501.2607,0.0030697591
501.2607,0.0030568036
501.2607,0.0030524756
501.2607,0.003033726
501.2607,0.0030324932
501.2607,0.0029862494
501.2607,0.002871913
501.2607,0.0028648428
501.2607,0.0028467244
501.2607,0.0028283699
501.2607,0.0028221752
501.2607,0.0028186296
501.2607,0.0027756451
501.2607,0.0027356863
501.2607,0.002706441
501.2607,0.0026910093
501.2607,0.0026646071
501.2607,0.0026418201
501.2607,0.0026207693
501.2607,0.0025632344
501.2607,0.0025513899
501.2607,0.0025094207
501.2607,0.0025077892
501.2607,0.0024848354
501.2607,0.0024832334
501.2607,0.0024707305
501.2607,0.0024521335
501.2607,0.0024492907
501.2607,0.0024367454
501.2607,0.0024181321
501.2607,0.0023951273
501.2607,0.0023757497
501.2607,0.0023509002
501.2607,0.0023429418
501.2607,0.002281284
501.2607,0.002278876
501.2607,0.0022624733
501.2607,0.0022215897
501.2607,0.0022193951
501.2607,0.0022018365
501.2607,0.0021657217
501.2607,0.0021600505
501.2607,0.0021201331
501.2607,0.002090726
501.2607,0.0020887115
501.2607,0.0020811148
501.2607,0.0020735918
501.2607,0.0020592365
501.2607,0.0020410144
501.2607,0.0020257933
501.2607,0.0020207152
501.2607,0.001983573
501.2607,0.0019681139
501.2607,0.0018614308
501.2607,0.0018563703
501.2607,0.0018546064
501.2607,0.0018468009
501.2607,0.0017027822
501.2607,0.001674064
501.2607,0.0016723505
501.2607,0.0016449381
501.2607,0.0016372565
501.2607,0.0016139532
501.2607,0.0016134716
501.2607,0.0015933435
501.2607,0.0015832909
501.2607,0.0015679982
501.2607,0.0015440902
501.2607,0.0015030779
501.2607,0.0014812555
501.2607,0.0014676922
501.2607,0.0014501708
501.2607,0.0014343057
501.2607,0.0013026664
501.2607,0.0013025283
501.2607,0.0012773835
501.2607,0.0012757387
501.2607,0.0012615351
501.2607,0.0012345351
501.2607,0.0012304798
501.2607,0.0011731279
501.2607,0.0010974115
501.2607,0.0010804511
501.2607,0.0010778816
501.2607,0.001074883
501.2607,0.00091389626
501.2607,0.00082335526
501.2607,0.00080007004
501.2607,0.00075553218
501.2607,0.00067372975
501.2607,0.0006667504
501.2607,0.00065708637
501.2607,0.00059514157
501.2607,0.00053462063
501.2607,0.00051047234
501.2607,0.000505404
501.2607,0.00050143112
501.2607,0.00048456723
501.2607,0.00043090136
501.2607,0.00033241537
501.2607,0.00032813837
501.2607,0.00032055795
501.2607,0.00028165098
501.2607,0.00025912245
501.2607,0.00024341958
501.2607,6.7549809e-05
501.2607,-2.4330646e-05
501.2607,-2.4633251e-05
501.2607,-0.0001404641
501.2607,-0.00016112757
501.2607,-0.00024968152
501.2607,-0.00042763115
501.2607,-0.00043191134
501.2607,-0.00048338322
501.2607,-0.00050417331
501.2607,-0.00054365089
501.2607,-0.00054960208
501.2607,-0.00056425461
501.2607,-0.00061299165
501.2607,-0.00065822742
501.2607,-0.00067093071
501.2607,-0.00069297974
501.2607,-0.00072785488
501.2607,-0.0007533945
501.2607,-0.00082308224
501.2607,-0.0008518236
501.2607,-0.00090726803
501.2607,-0.00096863501
501.2607,-0.00097766391
501.2607,-0.00099821956
501.2607,-0.0010060681
501.2607,-0.0010139967
501.2607,-0.0010805836
501.2607,-0.0011305085
501.2607,-0.0012944288
501.2607,-0.0014109966
501.2607,-0.0014143878
501.2607,-0.001455338
501.2607,-0.001518871
501.2607,-0.0016045923
501.2607,-0.0016135842
501.2607,-0.0016224983
501.2607,-0.001671391
501.2607,-0.0018220178
501.2607,-0.0018221044
501.2607,-0.0019063785
501.2607,-0.0019338087
501.2607,-0.0021776564
501.2607,-0.0021912592
501.2607,-0.0023428672
501.2607,-0.0024435137
501.2607,-0.0024480868
501.2607,-0.0025670564
501.2607,-0.0026061823
501.2607,-0.002615143
501.2607,-0.0026562909
501.2607,-0.0027217588
501.2607,-0.0027617727
501.2607,-0.0028646349
501.2607,-0.0028843226
501.2607,-0.0029504633
501.2607,-0.0029679563
501.2607,-0.0029870304
501.2607,-0.0030823609
501.2607,-0.0031587926
501.2607,-0.0032889182
501.2607,-0.0033865565
501.2607,-0.0033974393
501.2607,-0.0034696689
501.2607,-0.0034776867
501.2607,-0.0034847651
501.2607,-0.0034912151
501.2607,-0.003638256
501.2607,-0.0036387928
501.2607,-0.0037885869
501.2607,-0.0038369656
501.2607,-0.003931869
501.2607,-0.0040630995
501.2607,-0.0040822252
501.2607,-0.0041333113
501.2607,-0.0044473767
501.2607,-0.0044871541
501.2607,-0.0045170896
501.2607,-0.0046414009
501.2607,-0.00464879
501.2607,-0.0046551234
501.2607,-0.0046901337
501.2607,-0.0047678368
501.2607,-0.0048687082
501.2607,-0.0049254469
501.2607,-0.005002473
501.2607,-0.0050641862
501.2607,-0.0050647224
501.2607,-0.0054270576
501.2607,-0.0054814724
501.2607,-0.0055380038
501.2607,-0.0055818372
501.2607,-0.0057382869
501.2607,-0.0058011376
501.2607,-0.0059030142
501.2607,-0.0060350023
501.2607,-0.0060522288
501.2607,-0.0060919282
501.2607,-0.0061273459
501.2607,-0.0062164863
501.2607,-0.0063226272
501.2607,-0.0063557769
501.2607,-0.0063579232
501.2607,-0.0063583601
501.2607,-0.0064691227
501.2607,-0.0065313826
501.2607,-0.0065357395
501.2607,-0.00660563
501.2607,-0.0066084678
501.2607,-0.0066186405
501.2607,-0.0066618423
501.2607,-0.0069000559
501.2607,-0.006985996
501.2607,-0.0071530426
501.2607,-0.0074315265
501.2607,-0.007496987
501.2607,-0.0075266455
501.2607,-0.0075390467
501.2607,-0.0076684683
501.2607,-0.0077146714
501.2607,-0.0078284205
501.2607,-0.0079675231
501.2607,-0.0080306063
501.2607,-0.0080709445
501.2607,-0.0083038836
501.2607,-0.0083620383
501.2607,-0.0084927869
501.2607,-0.008523805
501.2607,-0.0093931773
501.2607,-0.0098718314
506.5915,0.0099770401
506.5915,0.0099736704
506.5915,0.0098099243
506.5915,0.0097966955
506.5915,0.0097634076
506.5915,0.0097560738
506.5915,0.0097358208
506.5915,0.0097053441
506.5915,0.0096602012
506.5915,0.0096596905
506.5915,0.0096083998
506.5915,0.009597116
506.5915,0.0095155755
506.5915,0.0095079009
506.5915,0.0094735752
506.5915,0.0094432371
506.5915,0.0093517444
506.5915,0.0093002702
506.5915,0.0092725167
506.5915,0.0091969377
506.5915,0.0091881288
506.5915,0.0091545
506.5915,0.0091512802
506.5915,0.0090796378
506.5915,0.0090787546
506.5915,0.009013647
506.5915,0.0089700345
506.5915,0.0089045054
506.5915,0.008882485
506.5915,0.0087756007
506.5915,0.0087701604
506.5915,0.0087672434
506.5915,0.0087623538
506.5915,0.0087413323
506.5915,0.0086896573
506.5915,0.0086843351
506.5915,0.008647997
506.5915,0.0086292796
506.5915,0.0086127427
506.5915,0.0085789748
506.5915,0.0085735566
506.5915,0.008555212
506.5915,0.008539628
506.5915,0.008527822
506.5915,0.0084727195
506.5915,0.0084667736
506.5915,0.0084575122
506.5915,0.0084416648
506.5915,0.0083553322
506.5915,0.0083519557
506.5915,0.0083417855
506.5915,0.0082470208
506.5915,0.0082212381
506.5915,0.008204604
506.5915,0.008153543
506.5915,0.0081352308
506.5915,0.008128116
506.5915,0.0081090609
506.5915,0.0080747854
506.5915,0.0080379603
506.5915,0.0080233236
506.5915,0.0080177373
506.5915,0.0079605272
506.5915,0.0078896923
506.5915,0.0078745786
506.5915,0.0078682007
506.5915,0.0078665763
506.5915,0.0078335709
506.5915,0.007752627
506.5915,0.0077110883
506.5915,0.0076978831
506.5915,0.0076550808
506.5915,0.0076133523
506.5915,0.0075895784
506.5915,0.0075680418
506.5915,0.0075116526
506.5915,0.0074639469
506.5915,0.0074572758
506.5915,0.0074393178
506.5915,0.0074289135
506.5915,0.0073972406
506.5915,0.0073521542
506.5915,0.0073279005
506.5915,0.0073076002
506.5915,0.0072648937
506.5915,0.0072540042
506.5915,0.0072232987
506.5915,0.0071695545
506.5915,0.0071466732
506.5915,0.0071119855
506.5915,0.0071027821
506.5915,0.0070899266
506.5915,0.0070343843
506.5915,0.0070226065
506.5915,0.0070124865
506.5915,0.0070057563
506.5915,0.0069610045
506.5915,0.0069605049
506.5915,0.0069462036
506.5915,0.0069227226
506.5915,0.0068877048
506.5915,0.0068787779
506.5915,0.0068773275
506.5915,0.0068772379
506.5915,0.0068617755
506.5915,0.006851229
506.5915,0.0068322111
506.5915,0.0068196573
506.5915,0.0068133932
506.5915,0.0068129973
506.5915,0.0068095106
506.5915,0.0067961434
506.5915,0.0067758151
506.5915,0.0067740998
506.5915,0.0067639761
506.5915,0.0067154467
506.5915,0.0067032202
506.5915,0.006673387
506.5915,0.0066612136
506.5915,0.0066596029
506.5915,0.0066476407
506.5915,0.006644298
506.5915,0.0066433091
506.5915,0.0066392422
506.5915,0.0065693408
506.5915,0.0065542828
506.5915,0.0065321849
506.5915,0.0065096313
506.5915,0.0065022627
506.5915,0.0064873498
506.5915,0.0064628258
506.5915,0.0064510207
506.5915,0.0064494223
506.5915,0.0064419786
506.5915,0.0064360417
506.5915,0.006407555
506.5915,0.0063817841
506.5915,0.0063750424
506.5915,0.0063493653
506.5915,0.0063443028
506.5915,0.0063439384
506.5915,0.0063195174
506.5915,0.0063159009
506.5915,0.0063083794
506.5915,0.0062956019
506.5915,0.0062865819
506.5915,0.0062755148
506.5915,0.0062728513
506.5915,0.0062643712
506.5915,0.0062614217
506.5915,0.0062572957
506.5915,0.0062479783
506.5915,0.0062222039
506.5915,0.0062176305
506.5915,0.0062156431
506.5915,0.0062133456
506.5915,0.0062118386
506.5915,0.0062109162
506.5915,0.0062096682
506.5915,0.0062023292
506.5915,0.0061901318
506.5915,0.0061886696
506.5915,0.0061875828
506.5915,0.0061811431
506.5915,0.00616934
506.5915,0.0061669503
506.5915,0.0061349991
506.5915,0.0061190501
506.5915,0.0061104477
506.5915,0.0060951913
506.5915,0.0060756086
506.5915,0.0060649283
506.5915,0.006061998
506.5915,0.0060392629
506.5915,0.0060294033
506.5915,0.006016463
506.5915,0.0060108106
506.5915,0.0060043787
506.5915,0.0060007127
506.5915,0.0059971614
506.5915,0.0059933629
506.5915,0.005992783
506.5915,0.0059887954
506.5915,0.0059755931
506.5915,0.0059628269
506.5915,0.0059514674
506.5915,0.0059384272
506.5915,0.0059345162
506.5915,0.0059263027
506.5915,0.0059248544
506.5915,0.0059167806
506.5915,0.0059165726
506.5915,0.005912658
506.5915,0.0059123632
506.5915,0.0059111015
506.5915,0.0059098259
506.5915,0.0059014082
506.5915,0.0059005708
506.5915,0.0058917831
506.5915,0.0058831184
506.5915,0.0058823297
506.5915,0.005877844
506.5915,0.0058630567
506.5915,0.0058602661
506.5915,0.0058570855
506.5915,0.0058560433
506.5915,0.0058476996
506.5915,0.0058444309
506.5915,0.0058439721
506.5915,0.0058431826
506.5915,0.0058305846
506.5915,0.0058304681
506.5915,0.0058280118
506.5915,0.0058256549
506.5915,0.0058022347
506.5915,0.0058004389
506.5915,0.0057968898
506.5915,0.0057944641
506.5915,0.0057888214
506.5915,0.0057877046
506.5915,0.005778926
506.5915,0.0057692163
506.5915,0.0057547962
506.5915,0.0057426555
506.5915,0.0057364303
506.5915,0.0057339921
506.5915,0.005732786
506.5915,0.0057093456
506.5915,0.0057079805
506.5915,0.0056884478
506.5915,0.0056825209
506.5915,0.0056822293
506.5915,0.0056743189
506.5915,0.005672848
506.5915,0.005669657
506.5915,0.005668808
506.5915,0.0056648197
506.5915,0.0056646382
506.5915,0.0056587873
506.5915,0.0056558069
506.5915,0.0056527683
506.5915,0.00565039
506.5915,0.0056379921
506.5915,0.0056328884
506.5915,0.0056301182
506.5915,0.0056220324
506.5915,0.0056136279
506.5915,0.0056083458
506.5915,0.0055943479
506.5915,0.0055915813
506.5915,0.0055910429
506.5915,0.0055885652
506.5915,0.0055862661
506.5915,0.0055856441
506.5915,0.0055797731
506.5915,0.0055796154
506.5915,0.0055794926
506.5915,0.005574172
506.5915,0.0055638893
506.5915,0.0055595995
506.5915,0.0055421036
506.5915,0.0055414698
506.5915,0.0055377127
506.5915,0.0055355531
506.5915,0.0055210708
506.5915,0.0055193808
506.5915,0.005513217
506.5915,0.0054930158
506.5915,0.0054845085
506.5915,0.0054798091
506.5915,0.0054796829
506.5915,0.0054774656
506.5915,0.0054739685
506.5915,0.0054714318
506.5915,0.0054691421
506.5915,0.005467718
506.5915,0.0054654444
506.5915,0.0054539848
506.5915,0.0054535218
506.5915,0.005443608
506.5915,0.0054358735
506.5915,0.0054296566
506.5915,0.0054273186
506.5915,0.0054234572
506.5915,0.0054198419
506.5915,0.0054174131
506.5915,0.0054164562
506.5915,0.0054053251
506.5915,0.0054017629
506.5915,0.0053918893
506.5915,0.0053905524
506.5915,0.0053787716
506.5915,0.0053702294
506.5915,0.0053687375
506.5915,0.0053637172
506.5915,0.0053587141
506.5915,0.0053580347
506.5915,0.0053563211
506.5915,0.0053540124
506.5915,0.0053529955
506.5915,0.0053474285
506.5915,0.0053434956
506.5915,0.0053409114
506.5915,0.0053387245
506.5915,0.0053385601
506.5915,0.0053343675
506.5915,0.0053335437
506.5915,0.0053226848
506.5915,0.0053216332
506.5915,0.0053137701
506.5915,0.0053115019
506.5915,0.0053061968
506.5915,0.0052871934
506.5915,0.0052791357
506.5915,0.0052777105
506.5915,0.0052644859
506.5915,0.0052617952
506.5915,0.0052593271
506.5915,0.0052570364
506.5915,0.0052521455
506.5915,0.0052498353
506.5915,0.0052444072
506.5915,0.0052430144
506.5915,0.0052351074
506.5915,0.0052343975
506.5915,0.0052321336
506.5915,0.0052243523
506.5915,0.0052239047
506.5915,0.0052188001
506.5915,0.0052166448
506.5915,0.0052099374
506.5915,0.0052077395
506.5915,0.0052050173
506.5915,0.0051974726
506.5915,0.0051932527
506.5915,0.0051909298
506.5915,0.0051880475
506.5915,0.0051872741
506.5915,0.0051762109
506.5915,0.0051731259
506.5915,0.0051646871
506.5915,0.0051623273
506.5915,0.0051623091
506.5915,0.0051622555
506.5915,0.0051507396
506.5915,0.0051500395
506.5915,0.0051417792
506.5915,0.0051353546
506.5915,0.0051270186
506.5915,0.005126418
506.5915,0.005124381
506.5915,0.0051228708
506.5915,0.005119159
506.5915,0.0051138468
506.5915,0.0051095426
506.5915,0.0051042795
506.5915,0.005103789
506.5915,0.0050945454
506.5915,0.0050934969
506.5915,0.0050921923
506.5915,0.0050894595
506.5915,0.0050888616
506.5915,0.0050888319
506.5915,0.0050878038
506.5915,0.0050718177
506.5915,0.0050692787
506.5915,0.0050627242
506.5915,0.0050609061
506.5915,0.0050532348
506.5915,0.0050495038
506.5915,0.0050492085
506.5915,0.0050457862
506.5915,0.0050425805
506.5915,0.0050415501
506.5915,0.0050394672
506.5915,0.0050189187
506.5915,0.0050141517
506.5915,0.0050105157
506.5915,0.0050071755
506.5915,0.0050032931
506.5915,0.0049986319
506.5915,0.0049905672
506.5915,0.0049809164
506.5915,0.0049803179
506.5915,0.0049794413
506.5915,0.0049794305
506.5915,0.0049756561
506.5915,0.0049754733
506.5915,0.0049653987
506.5915,0.0049455356
506.5915,0.0049445807
506.5915,0.0049401271
506.5915,0.0049158595
506.5915,0.0049157291
506.5915,0.0049119488
506.5915,0.0049039428
506.5915,0.0048940181
506.5915,0.0048861463
506.5915,0.0048849625
506.5915,0.0048814842
506.5915,0.0048773027
506.5915,0.0048742648
506.5915,0.0048714441
506.5915,0.0048661694
506.5915,0.0048636681
506.5915,0.0048603777
506.5915,0.0048591714
506.5915,0.0048580769
506.5915,0.0048523052
506.5915,0.0048499167
506.5915,0.0048476535
506.5915,0.0048455651
506.5915,0.0048433866
506.5915,0.0048429926
506.5915,0.0048413457
506.5915,0.0048392956
506.5915,0.0048386836
506.5915,0.004832524
506.5915,0.0048318288
506.5915,0.0048259959
506.5915,0.0048251053
506.5915,0.0048250539
506.5915,0.0048228682
506.5915,0.0048131474
506.5915,0.0047956738
506.5915,0.0047937247
506.5915,0.0047894204
506.5915,0.0047886172
506.5915,0.004787075
506.5915,0.0047864021
506.5915,0.0047796143
506.5915,0.0047780097
506.5915,0.0047535521
506.5915,0.0047524752
506.5915,0.0047484996
506.5915,0.0047481848
506.5915,0.0047461989
506.5915,0.0047426371
506.5915,0.0047308206
506.5915,0.0047290547
506.5915,0.0047289325
506.5915,0.0047198568
506.5915,0.0047162201
506.5915,0.0047123761
506.5915,0.0047105703
506.5915,0.0047007684
506.5915,0.0046958318
506.5915,0.0046876971
506.5915,0.0046844906
506.5915,0.0046833644
506.5915,0.0046822441
506.5915,0.0046807621
506.5915,0.0046682231
506.5915,0.004655208
506.5915,0.0046367423
506.5915,0.0046175243
506.5915,0.0046091293
506.5915,0.0046075303
506.5915,0.0046018107
506.5915,0.0045975919
506.5915,0.0045965836
506.5915,0.0045938764
506.5915,0.0045917626
506.5915,0.0045873961
506.5915,0.0045847018
506.5915,0.0045731749
506.5915,0.0045706934
506.5915,0.0045696715
506.5915,0.0045658343
506.5915,0.0045487093
506.5915,0.0045437191
506.5915,0.0045402028
506.5915,0.0045315703
506.5915,0.0045086282
506.5915,0.0044814605
506.5915,0.0044786215
506.5915,0.0044761211
506.5915,0.0044681593
506.5915,0.0044647655
506.5915,0.0044554973
506.5915,0.0044530882
506.5915,0.0044503231
506.5915,0.0044490357
506.5915,0.0044471422
506.5915,0.0044404041
506.5915,0.004431541
506.5915,0.0044260414
506.5915,0.0044198928
506.5915,0.0044148457
506.5915,0.0044039501
506.5915,0.0044031539
506.5915,0.0043935606
506.5915,0.0043699726
506.5915,0.0043532167
506.5915,0.0043266438
506.5915,0.0043092541
506.5915,0.0043014444
506.5915,0.0042962032
506.5915,0.0042662513
506.5915,0.0042628331
506.5915,0.0042361128
506.5915,0.0042352647
506.5915,0.0042154218
506.5915,0.0042074798
506.5915,0.0042027915
506.5915,0.0042012345
506.5915,0.0041918708
506.5915,0.004172527
506.5915,0.0041653173
506.5915,0.0041530709
506.5915,0.0041169264
506.5915,0.0041141697
506.5915,0.004087267
506.5915,0.0040867927
506.5915,0.0040753099
506.5915,0.0040741247
506.5915,0.0040738674
506.5915,0.0040660259
506.5915,0.004065441
506.5915,0.0040559373
506.5915,0.0040435633
506.5915,0.0040351056
506.5915,0.0040199848
506.5915,0.0040155106
506.5915,0.0040000175
506.5915,0.0039995832
506.5915,0.003992764
506.5915,0.0039861079
506.5915,0.0039231927
506.5915,0.003881134
506.5915,0.0038742018
506.5915,0.0038448404
506.5915,0.0038335836
506.5915,0.0038204382
506.5915,0.0037990621
506.5915,0.0037615749
506.5915,0.003712786
506.5915,0.0037049204
506.5915,0.0036376387
506.5915,0.0036051644
506.5915,0.0035695751
506.5915,0.0035677812
506.5915,0.0035504982
506.5915,0.0034285345
506.5915,0.0034265663
506.5915,0.0034138986
506.5915,0.0033910943
506.5915,0.0032812981
506.5915,0.0032797967
506.5915,0.0032292182
506.5915,0.0031596004
506.5915,0.0029385928
506.5915,0.0029208982
506.5915,0.0029190006
506.5915,0.0029095895
506.5915,0.0028214422
506.5915,0.0026541365
506.5915,0.0026185599
506.5915,0.0026000968
506.5915,0.0025249147
506.5915,0.0023847266
506.5915,0.0022934377
506.5915,0.0022857357
506.5915,0.0022047043
506.5915,0.0020023468
506.5915,0.0017978037
506.5915,0.0015694072
506.5915,0.0013456753
592.3154,0.0099929749
592.3154,0.0099910115
592.3154,0.009955409
592.3154,0.0099551832
592.3154,0.009954612
592.3154,0.0098889935
592.3154,0.0098693509
592.3154,0.0098475152
592.3154,0.0098411872
592.3154,0.0098077316
592.3154,0.0098017089
592.3154,0.0097994136
592.3154,0.0097978127
592.3154,0.0097945598
592.3154,0.0097929039
592.3154,0.0097906984
592.3154,0.0097742126
592.3154,0.009771504
592.3154,0.0097143814
592.3154,0.009712708
592.3154,0.0097088098
592.3154,0.0097025849
592.3154,0.0096659756
592.3154,0.0096371074
592.3154,0.0096251227
592.3154,0.0096018186
592.3154,0.0095753967
592.3154,0.0095711862
592.3154,0.009554739
592.3154,0.0095506863
592.3154,0.0095444338
592.3154,0.0095420648
592.3154,0.0095112191
592.3154,0.0094911551
592.3154,0.0094877129
592.3154,0.0094793872
592.3154,0.0094583333
592.3154,0.0094264606
592.3154,0.0094045148
592.3154,0.0093532387
592.3154,0.0093404197
592.3154,0.0093235536
592.3154,0.0093098367
592.3154,0.0093082339
592.3154,0.0093062758
592.3154,0.0092782043
592.3154,0.0092779567
592.3154,0.009276
592.3154,0.0092665239
592.3154,0.0092520315
592.3154,0.0092504092
592.3154,0.0092340956
592.3154,0.0092262387
592.3154,0.0092099546
592.3154,0.0092064999
592.3154,0.0092022861
592.3154,0.0091932992
592.3154,0.0091868103
592.3154,0.0091644372
592.3154,0.0091391047
592.3154,0.0091358087
592.3154,0.0091220726
592.3154,0.0091118406
592.3154,0.0090973361
592.3154,0.0090841581
592.3154,0.0090749784
592.3154,0.0090654224
592.3154,0.0090584402
592.3154,0.0090569927
592.3154,0.0090539897
592.3154,0.0090388606
592.3154,0.0090361304
592.3154,0.0090123612
592.3154,0.0090094443
592.3154,0.0090074343
592.3154,0.009006763
592.3154,0.0089900941
592.3154,0.0089850894
592.3154,0.0089830137
592.3154,0.0089788409
592.3154,0.0089686418
592.3154,0.0089674538
592.3154,0.008946583
592.3154,0.0089245266
592.3154,0.0089203721
592.3154,0.0089169073
592.3154,0.0089149334
592.3154,0.0089129078
592.3154,0.0088960981
592.3154,0.0088832368
592.3154,0.0088716168
592.3154,0.0088487377
592.3154,0.0088380489
592.3154,0.0088290462
592.3154,0.0088208948
592.3154,0.008819427
592.3154,0.0088084694
592.3154,0.0088035984
592.3154,0.0088003271
592.3154,0.0087981419
592.3154,0.0087866886
592.3154,0.0087728329
592.3154,0.0087709321
592.3154,0.0087706548
592.3154,0.0087677395
592.3154,0.0087563181
592.3154,0.0087327669
592.3154,0.0087296636
592.3154,0.0087133524
592.3154,0.0087072188
592.3154,0.0087036372
592.3154,0.0086980954
592.3154,0.0086974542
592.3154,0.0086879247
592.3154,0.0086866852
592.3154,0.0086742595
592.3154,0.0086703083
592.3154,0.0086399151
592.3154,0.0086334533
592.3154,0.008622597
592.3154,0.0086145533
592.3154,0.0086045383
592.3154,0.0085956783
592.3154,0.0085892554
592.3154,0.0085828412
592.3154,0.0085784424
592.3154,0.0085643256
592.3154,0.0085639209
592.3154,0.0085617726
592.3154,0.008555058
592.3154,0.0085525372
592.3154,0.0085517741
592.3154,0.008543161
592.3154,0.0085339151
592.3154,0.0085289348
592.3154,0.0085279731
592.3154,0.0085240756
592.3154,0.008523059
592.3154,0.0085215179
592.3154,0.0085039514
592.3154,0.0085021495
592.3154,0.0084717996
592.3154,0.0084700051
592.3154,0.0084667904
592.3154,0.0084628956
592.3154,0.0084628864
592.3154,0.0084511484
592.3154,0.0084501337
592.3154,0.0084449566
592.3154,0.0084360023
592.3154,0.008430179
592.3154,0.0084253912
592.3154,0.0084147185
592.3154,0.0084092226
592.3154,0.0084011087
592.3154,0.0083986367
592.3154,0.0083927857
592.3154,0.0083737806
592.3154,0.0083737396
592.3154,0.0083709332
592.3154,0.0083697872
592.3154,0.0083679767
592.3154,0.0083462772
592.3154,0.0083276024
592.3154,0.0083270998
592.3154,0.0083267156
592.3154,0.0083233105
592.3154,0.0083198343
592.3154,0.0083191888
592.3154,0.0083107982
592.3154,0.0083092216
592.3154,0.0083059438
592.3154,0.0083046571
592.3154,0.0083027762
592.3154,0.0082984625
592.3154,0.0082976237
592.3154,0.0082898741
592.3154,0.008274809
592.3154,0.0082745645
592.3154,0.0082526345
592.3154,0.008239737
592.3154,0.0082344831
592.3154,0.0082329973
592.3154,0.0082327012
592.3154,0.008216915
592.3154,0.0082147073
592.3154,0.0081853412
592.3154,0.0081835683
592.3154,0.0081833677
592.3154,0.0081824914
592.3154,0.0081818369
592.3154,0.0081744074
592.3154,0.0081622583
592.3154,0.0081437266
592.3154,0.0081435549
592.3154,0.0081214956
592.3154,0.0081186045
592.3154,0.0081136195
592.3154,0.008103325
592.3154,0.0080964634
592.3154,0.0080948111
592.3154,0.0080914703
592.3154,0.0080880736
592.3154,0.0080844318
592.3154,0.0080786652
592.3154,0.0080746829
592.3154,0.0080541629
592.3154,0.0080497195
592.3154,0.0080314727
592.3154,0.008028991
592.3154,0.0080276063
592.3154,0.008021759
592.3154,0.0080147163
592.3154,0.0080146686
592.3154,0.0080140161
592.3154,0.0080119302
592.3154,0.0080087516
592.3154,0.0080081841
592.3154,0.0080076062
592.3154,0.0080071979
592.3154,0.0080031468
592.3154,0.0080019652
592.3154,0.0079919414
592.3154,0.0079849381
592.3154,0.0079806386
592.3154,0.0079790422
592.3154,0.0079766557
592.3154,0.0079762915
592.3154,0.0079733728
592.3154,0.0079685062
592.3154,0.0079672754
592.3154,0.0079661519
592.3154,0.0079661375
592.3154,0.0079658066
592.3154,0.0079647018
592.3154,0.0079576268
592.3154,0.0079508481
592.3154,0.0079483986
592.3154,0.007938199
592.3154,0.0079351375
592.3154,0.0079335976
592.3154,0.0079284616
592.3154,0.0079190755
592.3154,0.0079174224
592.3154,0.0079156839
592.3154,0.0079155882
592.3154,0.0079155859
592.3154,0.0079088812
592.3154,0.0079027141
592.3154,0.0079016462
592.3154,0.0078983374
592.3154,0.0078946794
592.3154,0.007889185
592.3154,0.007888691
592.3154,0.0078791468
592.3154,0.0078614079
592.3154,0.0078566614
592.3154,0.0078563424
592.3154,0.0078518992
592.3154,0.007851715
592.3154,0.007812887
592.3154,0.0078108933
592.3154,0.0078107287
592.3154,0.0078049188
592.3154,0.0077965013
592.3154,0.0077917294
592.3154,0.0077871113
592.3154,0.0077853836
592.3154,0.007779397
592.3154,0.0077777662
592.3154,0.0077753296
592.3154,0.0077748576
592.3154,0.0077725883
592.3154,0.0077705163
592.3154,0.0077697275
592.3154,0.0077681164
592.3154,0.0077603519
592.3154,0.0077598405
592.3154,0.0077481603
592.3154,0.0077407625
592.3154,0.0077325316
592.3154,0.0077307641
592.3154,0.007721811
592.3154,0.0077146701
592.3154,0.00770687
592.3154,0.0077068357
592.3154,0.007704714
592.3154,0.0077036962
592.3154,0.0077026647
592.3154,0.0076971226
592.3154,0.0076906265
592.3154,0.007688757
592.3154,0.0076883079
592.3154,0.0076858843
592.3154,0.0076805936
592.3154,0.0076797981
592.3154,0.0076734119
592.3154,0.007673178
592.3154,0.0076729508
592.3154,0.0076695328
592.3154,0.0076666417
592.3154,0.0076661368
592.3154,0.0076602464
592.3154,0.0076585742
592.3154,0.007657269
592.3154,0.0076565263
592.3154,0.0076563851
592.3154,0.0076520124
592.3154,0.0076503288
592.3154,0.0076401888
592.3154,0.0076292255
592.3154,0.0076275236
592.3154,0.0076274787
592.3154,0.007624786
592.3154,0.0076233407
592.3154,0.0076205036
592.3154,0.0076173288
592.3154,0.0076086154
592.3154,0.0075955601
592.3154,0.0075955279
592.3154,0.0075953208
592.3154,0.0075920515
592.3154,0.0075874329
592.3154,0.0075796029
592.3154,0.0075793857
592.3154,0.0075743765
592.3154,0.0075599286
592.3154,0.0075598664
592.3154,0.0075569773
592.3154,0.0075409209
592.3154,0.0075404061
592.3154,0.0075388243
592.3154,0.007537359
592.3154,0.0075358482
592.3154,0.0075322057
592.3154,0.0075303601
592.3154,0.0075262163
592.3154,0.0075219609
592.3154,0.0075206662
592.3154,0.0075138724
592.3154,0.0075123013
592.3154,0.0075061402
592.3154,0.0075051552
592.3154,0.0075015397
592.3154,0.0075001012
592.3154,0.0074905781
592.3154,0.0074807565
592.3154,0.0074779498
592.3154,0.0074774176
592.3154,0.0074716032
592.3154,0.0074658001
592.3154,0.0074637399
592.3154,0.0074629634
592.3154,0.0074608068
592.3154,0.0074564334
592.3154,0.0074525318
592.3154,0.0074497673
592.3154,0.0074343715
592.3154,0.0074336419
592.3154,0.0074155424
592.3154,0.0074040833
592.3154,0.0074018957
592.3154,0.0074010923
592.3154,0.0073988359
592.3154,0.0073963349
592.3154,0.0073920746
592.3154,0.0073870174
592.3154,0.0073862494
592.3154,0.0073862355
592.3154,0.0073813442
592.3154,0.0073754678
592.3154,0.0073748312
592.3154,0.007374082
592.3154,0.0073740069
592.3154,0.0073725422
592.3154,0.0073671785
592.3154,0.0073660761
592.3154,0.0073598121
592.3154,0.0073593884
592.3154,0.0073554327
592.3154,0.0073527529
592.3154,0.0073526384
592.3154,0.0073443046
592.3154,0.007341073
592.3154,0.0073406109
592.3154,0.0073337993
592.3154,0.0073336829
592.3154,0.0073331921
592.3154,0.0073319771
592.3154,0.0073317438
592.3154,0.0073317247
592.3154,0.0073305762
592.3154,0.0073212785
592.3154,0.0073205014
592.3154,0.0073129508
592.3154,0.0073059949
592.3154,0.0072986988
592.3154,0.0072862084
592.3154,0.0072829939
592.3154,0.0072757276
592.3154,0.0072728849
592.3154,0.0072693906
592.3154,0.0072664003
592.3154,0.007265617
592.3154,0.0072591399
592.3154,0.0072511581
592.3154,0.0072414168
592.3154,0.00724079
592.3154,0.0072334979
592.3154,0.0072240462
592.3154,0.0072211828
592.3154,0.0072207045
592.3154,0.0072189541
592.3154,0.0072066243
592.3154,0.007197158
592.3154,0.0071961325
592.3154,0.0071938965
592.3154,0.0071931686
592.3154,0.0071921381
592.3154,0.007188856
592.3154,0.0071888126
592.3154,0.0071869559
592.3154,0.0071850133
592.3154,0.0071804293
592.3154,0.0071799384
592.3154,0.0071778414
592.3154,0.0071759442
592.3154,0.0071600612
592.3154,0.0071583564
592.3154,0.007158129
592.3154,0.007152431
592.3154,0.0071507496
592.3154,0.0071415275
592.3154,0.0071394584
592.3154,0.0071373943
592.3154,0.0071320251
592.3154,0.0071292826
592.3154,0.0071234114
592.3154,0.0071209712
592.3154,0.0071172857
592.3154,0.007111393
592.3154,0.007110366
592.3154,0.0071090993
592.3154,0.0071066916
592.3154,0.007106283
592.3154,0.0071033104
592.3154,0.0071032584
592.3154,0.0070933099
592.3154,0.0070877886
592.3154,0.0070861788
592.3154,0.0070850731
592.3154,0.0070847213
592.3154,0.0070842538
592.3154,0.0070826427
592.3154,0.007081205
592.3154,0.007080208
592.3154,0.007073336
592.3154,0.0070688303
592.3154,0.0070634778
592.3154,0.0070624728
592.3154,0.0070599522
592.3154,0.0070581954
592.3154,0.0070560035
592.3154,0.0070536171
592.3154,0.0070418933
592.3154,0.0070405378
592.3154,0.0070402067
592.3154,0.0070387827
592.3154,0.0070374805
592.3154,0.0070366477
592.3154,0.0070350955
592.3154,0.0070348833
592.3154,0.0070323096
592.3154,0.0070319701
592.3154,0.0070286615
592.3154,0.0070277402
592.3154,0.0070209528
592.3154,0.0070207808
592.3154,0.0070190631
592.3154,0.0070058581
592.3154,0.0070039176
592.3154,0.0070019283
592.3154,0.0070007599
592.3154,0.0070006894
592.3154,0.0069967035
592.3154,0.0069959814
592.3154,0.0069925769
592.3154,0.0069855738
592.3154,0.0069833244
592.3154,0.00698197
592.3154,0.0069815681
592.3154,0.0069796768
592.3154,0.0069750419
592.3154,0.0069746909
592.3154,0.006967558
592.3154,0.0069631376
592.3154,0.0069597166
592.3154,0.0069594536
592.3154,0.0069503893
592.3154,0.0069450144
592.3154,0.0069386901
592.3154,0.0069377778
592.3154,0.0069373064
592.3154,0.0069372491
592.3154,0.0069359992
592.3154,0.0069344051
592.3154,0.0069341256
592.3154,0.0069276118
592.3154,0.006924998
592.3154,0.0069213822
592.3154,0.006911067
592.3154,0.0069083818
592.3154,0.0069061284
592.3154,0.0068897401
592.3154,0.0068891628
592.3154,0.0068838364
592.3154,0.0068807418
592.3154,0.0068704986
592.3154,0.0068663184
592.3154,0.006866019
592.3154,0.0068656096
592.3154,0.0068642313
592.3154,0.0068507217
592.3154,0.006850442
592.3154,0.0068480932
592.3154,0.0068463896
592.3154,0.0068430453
592.3154,0.0068413065
592.3154,0.0068252291
592.3154,0.0068247014
592.3154,0.006824672
592.3154,0.0068217277
592.3154,0.0068172821
592.3154,0.0068150885
592.3154,0.0068150138
592.3154,0.0068149288
592.3154,0.0068114224
592.3154,0.0068076527
592.3154,0.0068073951
592.3154,0.0068018221
592.3154,0.0067996833
592.3154,0.0067991354
592.3154,0.0067947292
592.3154,0.0067937928
592.3154,0.006793247
592.3154,0.0067867647
592.3154,0.0067861256
592.3154,0.0067767179
592.3154,0.0067726663
592.3154,0.0067711813
592.3154,0.0067650352
592.3154,0.0067606732
592.3154,0.0067543972
592.3154,0.006751341
592.3154,0.0067438136
592.3154,0.0067391539
592.3154,0.0067383643
592.3154,0.0067382465
592.3154,0.0067364456
592.3154,0.006736237
592.3154,0.006730443
592.3154,0.0067280956
592.3154,0.0067194922
592.3154,0.0067193769
592.3154,0.006715134
592.3154,0.006714636
592.3154,0.0067131194
592.3154,0.0067028836
592.3154,0.0066953178
592.3154,0.0066912316
592.3154,0.0066876056
592.3154,0.0066841848
592.3154,0.006682612
592.3154,0.0066798305
592.3154,0.0066795169
592.3154,0.0066631402
592.3154,0.0066617011
592.3154,0.0066569745
592.3154,0.0066476171
592.3154,0.006644694
592.3154,0.0066422654
592.3154,0.0066301871
592.3154,0.0066236707
592.3154,0.0066234643
592.3154,0.0066230411
592.3154,0.0066136088
592.3154,0.0066011763
592.3154,0.0065981846
592.3154,0.00659621
592.3154,0.0065932686
592.3154,0.0065918855
592.3154,0.00659139
592.3154,0.006589999
592.3154,0.0065898011
592.3154,0.006583362
592.3154,0.006576155
592.3154,0.0065738377
592.3154,0.0065641442
592.3154,0.0065622754
592.3154,0.0065557635
592.3154,0.0065534363
592.3154,0.0065481321
592.3154,0.0065467768
592.3154,0.006545564
592.3154,0.0065419536
592.3154,0.0065378129
592.3154,0.0065309598
592.3154,0.0065275609
592.3154,0.0065258898
592.3154,0.0065234698
592.3154,0.0065230573
592.3154,0.0065208805
592.3154,0.0065171215
592.3154,0.0065104263
592.3154,0.0065097258
592.3154,0.006505925
592.3154,0.0065043549
592.3154,0.0065023673
592.3154,0.0064957857
592.3154,0.0064926649
592.3154,0.0064901943
592.3154,0.0064900739
592.3154,0.0064882647
592.3154,0.0064827422
592.3154,0.0064826441
592.3154,0.0064692929
592.3154,0.0064638883
592.3154,0.0064620029
592.3154,0.0064616097
592.3154,0.0064540009
592.3154,0.0064535793
592.3154,0.0064466583
592.3154,0.0064464518
592.3154,0.0064370917
592.3154,0.0064367309
592.3154,0.0064233657
592.3154,0.0064132873
592.3154,0.0064077698
592.3154,0.0064022375
592.3154,0.006401759
592.3154,0.0063883876
592.3154,0.0063883759
592.3154,0.006382569
592.3154,0.0063806482
592.3154,0.0063769746
592.3154,0.0063697079
592.3154,0.0063636415
592.3154,0.0063627611
592.3154,0.0063559797
592.3154,0.0063487477
592.3154,0.006346192
592.3154,0.0063420162
592.3154,0.0063342441
592.3154,0.0063309259
592.3154,0.0063284396
592.3154,0.0063268712
592.3154,0.0063222988
592.3154,0.0063200621
592.3154,0.0063189113
592.3154,0.0062923046
592.3154,0.0062798991
592.3154,0.0062771769
592.3154,0.0062708682
592.3154,0.0062679489
592.3154,0.0062575965
592.3154,0.0062516224
592.3154,0.0062461357
592.3154,0.0062426251
592.3154,0.0062389891
592.3154,0.006238105
592.3154,0.0062364557
592.3154,0.0062317085
592.3154,0.0062292342
592.3154,0.0062206953
592.3154,0.0062191657
592.3154,0.0062131508
592.3154,0.0062061227
592.3154,0.006204341
592.3154,0.0062024789
592.3154,0.0061990524
592.3154,0.0061974594
592.3154,0.0061890672
592.3154,0.006187205
592.3154,0.0061854484
592.3154,0.0061799373
592.3154,0.0061793066
592.3154,0.0061784026
592.3154,0.0061717821
592.3154,0.0061681467
592.3154,0.006156183
592.3154,0.0061522366
592.3154,0.0061501747
592.3154,0.0061384863
592.3154,0.0061268664
592.3154,0.0061264864
592.3154,0.0061203984
592.3154,0.0061203586
592.3154,0.0061170539
592.3154,0.0061137794
592.3154,0.0061110388
592.3154,0.0061078819
592.3154,0.006103161
592.3154,0.0061016592
592.3154,0.0060998464
592.3154,0.0060830373
592.3154,0.006082726
592.3154,0.0060796647
592.3154,0.0060781322
592.3154,0.0060756593
592.3154,0.0060740894
592.3154,0.0060693583
592.3154,0.0060681978
592.3154,0.0060664379
592.3154,0.006053829
592.3154,0.0060445088
592.3154,0.0060275845
592.3154,0.0060216435
592.3154,0.0060189265
592.3154,0.0060162772
592.3154,0.0060141097
592.3154,0.0060053549
592.3154,0.006003217
592.3154,0.0059961354
592.3154,0.0059888911
592.3154,0.0059886792
592.3154,0.005971751
592.3154,0.0059715175
592.3154,0.0059620735
592.3154,0.0059615945
592.3154,0.0059534454
592.3154,0.0059529791
592.3154,0.0059509457
592.3154,0.005946909
592.3154,0.0059441753
592.3154,0.0059382854
592.3154,0.0059351544
592.3154,0.005914197
592.3154,0.0059132966
592.3154,0.0059077828
592.3154,0.0059057354
592.3154,0.0059057032
592.3154,0.0058859732
592.3154,0.0058796876
592.3154,0.0058776054
592.3154,0.0058742775
592.3154,0.0058690478
592.3154,0.0058680493
592.3154,0.0058649651
592.3154,0.0058636319
592.3154,0.0058634632
592.3154,0.0058617101
592.3154,0.0058590366
592.3154,0.0058549119
592.3154,0.0058453467
592.3154,0.0058413669
592.3154,0.0058412309
592.3154,0.0058396975
592.3154,0.0058354845
592.3154,0.0058346609
592.3154,0.0058337005
592.3154,0.005807673
592.3154,0.0057946324
592.3154,0.0057910954
592.3154,0.005787274
592.3154,0.0057857918
592.3154,0.0057748147
592.3154,0.0057739213
592.3154,0.0057724589
592.3154,0.005764706
592.3154,0.0057646714
592.3154,0.0057642904
592.3154,0.0057592276
592.3154,0.0057583674
592.3154,0.0057557696
592.3154,0.0057495382
592.3154,0.0057366388
592.3154,0.0057288975
592.3154,0.0057265718
592.3154,0.0057207357
592.3154,0.0057099504
592.3154,0.005707643
592.3154,0.0057035779
592.3154,0.0057015094
592.3154,0.0056795118
592.3154,0.0056694481
592.3154,0.005669125
592.3154,0.0056651873
592.3154,0.0056482069
592.3154,0.0056462396
592.3154,0.0056407673
592.3154,0.005637061
592.3154,0.0056368218
592.3154,0.0056207885
592.3154,0.0056073568
592.3154,0.0055843018
592.3154,0.005582186
592.3154,0.0055806402
592.3154,0.0055692663
592.3154,0.0055678976
592.3154,0.0055669612
592.3154,0.0055554031
592.3154,0.0055552763
592.3154,0.0055542524
592.3154,0.0055516887
592.3154,0.0055434412
592.3154,0.0055343618
592.3154,0.0055302411
592.3154,0.0055263072
592.3154,0.0055125338
592.3154,0.0054889876
592.3154,0.005485382
592.3154,0.0054796107
592.3154,0.0054686771
592.3154,0.0054544358
592.3154,0.0054540863
592.3154,0.0054482222
592.3154,0.0054451917
592.3154,0.0054344767
592.3154,0.0054317692
592.3154,0.0054221859
592.3154,0.0054097485
592.3154,0.0054091978
592.3154,0.0054043824
592.3154,0.0054033996
592.3154,0.0053720981
592.3154,0.0053694023
592.3154,0.0053535427
592.3154,0.0053532719
592.3154,0.0053338021
592.3154,0.0053277539
592.3154,0.0053142691
592.3154,0.0053092722
592.3154,0.0053019857
592.3154,0.0052968419
592.3154,0.005293786
592.3154,0.0052770954
592.3154,0.005260043
592.3154,0.0052511491
592.3154,0.0052472009
592.3154,0.0052471322
592.3154,0.0052393828
592.3154,0.0052344427
592.3154,0.0052299555
592.3154,0.0052240091
592.3154,0.0052200916
592.3154,0.0052183072
592.3154,0.0052182005
592.3154,0.0052090767
592.3154,0.0051931772
592.3154,0.0051877497
592.3154,0.0051415048
592.3154,0.0051375305
592.3154,0.0051294033
592.3154,0.0051250779
592.3154,0.0051235182
592.3154,0.0051192337
592.3154,0.0051134611
592.3154,0.0051080676
592.3154,0.0051045846
592.3154,0.0051032205
592.3154,0.0051024368
592.3154,0.0050998041
592.3154,0.005095774
592.3154,0.0050808777
592.3154,0.0050753119
592.3154,0.0050691859
592.3154,0.0050685605
592.3154,0.0050617494
592.3154,0.0050590931
592.3154,0.0050541919
592.3154,0.0050482825
592.3154,0.0050421279
592.3154,0.0050375561
592.3154,0.0050254758
592.3154,0.0050192706
592.3154,0.005017462
592.3154,0.0050115016
592.3154,0.0050044494
592.3154,0.0049972803
592.3154,0.0049946223
592.3154,0.0049766521
592.3154,0.0049704997
592.3154,0.004966987
592.3154,0.0049640155
592.3154,0.0049543849
592.3154,0.0049424215
592.3154,0.0049363627
592.3154,0.0049357809
592.3154,0.0049333069
592.3154,0.0049310416
592.3154,0.0049297131
592.3154,0.0049179321
592.3154,0.0049025594
592.3154,0.0049012314
592.3154,0.0049007226
592.3154,0.0048927727
592.3154,0.0048875075
592.3154,0.0048842847
592.3154,0.0048683298
592.3154,0.0048667776
592.3154,0.004860902
592.3154,0.004859139
592.3154,0.0048486468
592.3154,0.0048468084
592.3154,0.0048460822
592.3154,0.0048450347
592.3154,0.0048388355
592.3154,0.0048312597
592.3154,0.0048235775
592.3154,0.0048224086
592.3154,0.004819504
592.3154,0.0048168833
592.3154,0.0048082223
592.3154,0.0047896895
592.3154,0.004783449
592.3154,0.0047695498
592.3154,0.0047675164
592.3154,0.0047649371
592.3154,0.0047643871
592.3154,0.0047521875
592.3154,0.0047417029
592.3154,0.0047308334
592.3154,0.0047303688
592.3154,0.0047251634
592.3154,0.0047018234
592.3154,0.0046922035
592.3154,0.0046914723
592.3154,0.0046899914
592.3154,0.0046870012
592.3154,0.0046833728
592.3154,0.0046795934
592.3154,0.0046756091
592.3154,0.0046749169
592.3154,0.0046620903
592.3154,0.0046617047
592.3154,0.0046600248
592.3154,0.0046465501
592.3154,0.0046372231
592.3154,0.0046182868
592.3154,0.0046165626
592.3154,0.004604533
592.3154,0.0046033429
592.3154,0.004593583
592.3154,0.0045880797
592.3154,0.0045867194
592.3154,0.0045624208
592.3154,0.0045553055
592.3154,0.0045480806
592.3154,0.0045338626
592.3154,0.0045166336
592.3154,0.0045127054
592.3154,0.0044780186
592.3154,0.0044466237
592.3154,0.0044403388
592.3154,0.0044369863
592.3154,0.004423941
592.3154,0.0044232388
592.3154,0.0044082404
592.3154,0.0043948779
592.3154,0.0043698642
592.3154,0.0043692436
592.3154,0.0043409361
592.3154,0.0043132054
592.3154,0.0042615179
592.3154,0.0042456707
592.3154,0.0042304646
592.3154,0.0042217071
592.3154,0.0042148011
592.3154,0.0041964667
592.3154,0.0041939326
592.3154,0.0041902126
592.3154,0.0041803691
592.3154,0.0041786445
592.3154,0.0041769545
592.3154,0.0041627559
592.3154,0.0041465396
592.3154,0.0041459835
592.3154,0.0041373
592.3154,0.0040903549
592.3154,0.0040235528
592.3154,0.0040133943
592.3154,0.0039310573
592.3154,0.0039064604
592.3154,0.0039028128
592.3154,0.0038950744
592.3154,0.0038862966
592.3154,0.0038709261
592.3154,0.0038312959
592.3154,0.0038119661
592.3154,0.0038020076
592.3154,0.0037868957
592.3154,0.0037830761
592.3154,0.0037692365
592.3154,0.003767698
592.3154,0.0037571636
592.3154,0.0037552317
592.3154,0.0037411068
592.3154,0.0037261203
592.3154,0.0037223958
592.3154,0.0037134119
592.3154,0.003705548
592.3154,0.0036970923
592.3154,0.0036946378
592.3154,0.0036853346
592.3154,0.0036770503
592.3154,0.0036752365
592.3154,0.0036683707
592.3154,0.0036597147
592.3154,0.0036478041
592.3154,0.0036415031
592.3154,0.0036351091
592.3154,0.0036025802
592.3154,0.0035773583
592.3154,0.0035441173
592.3154,0.0035358986
592.3154,0.0035189387
592.3154,0.0035143458
592.3154,0.0034862753
592.3154,0.0034541125
592.3154,0.0034312991
592.3154,0.0034304314
592.3154,0.0034303696
592.3154,0.0034208315
592.3154,0.0034129756
592.3154,0.0034096461
592.3154,0.0034021491
592.3154,0.0033868727
592.3154,0.0033749095
592.3154,0.0033515119
592.3154,0.0033045698
592.3154,0.0032869562
592.3154,0.0032769691
592.3154,0.0032243219
592.3154,0.003221463
592.3154,0.0032212272
592.3154,0.0031987078
592.3154,0.0031967707
592.3154,0.0031330533
592.3154,0.0031330242
592.3154,0.0031116151
592.3154,0.0031001042
592.3154,0.0030951584
592.3154,0.0030454772
592.3154,0.003039381
592.3154,0.0030060387
592.3154,0.0030041969
592.3154,0.0030015409
592.3154,0.0029755255
592.3154,0.0029696065
592.3154,0.0029663662
592.3154,0.0029546485
592.3154,0.0029411451
592.3154,0.0029139222
592.3154,0.0028536903
592.3154,0.0028350269
592.3154,0.0028085785
592.3154,0.0028058356
592.3154,0.0027966343
592.3154,0.0027896872
592.3154,0.0027730553
592.3154,0.0027334516
592.3154,0.0027218462
592.3154,0.0027176129
592.3154,0.0026870799
592.3154,0.0026817047
592.3154,0.0026669168
592.3154,0.0026411358
592.3154,0.002641042
592.3154,0.0026395031
592.3154,0.0026323279
592.3154,0.0025691359
592.3154,0.0025225151
592.3154,0.0025177002
592.3154,0.0025040185
592.3154,0.0024908788
592.3154,0.002487121
592.3154,0.0024790996
592.3154,0.0024641664
592.3154,0.0024454511
592.3154,0.0024179621
592.3154,0.0023576906
592.3154,0.0023540677
592.3154,0.0022874678
592.3154,0.002264229
592.3154,0.0022638514
592.3154,0.0022424497
592.3154,0.0022371743
592.3154,0.0022363375
592.3154,0.0022261248
592.3154,0.0021995313
592.3154,0.0021375852
592.3154,0.0021343071
592.3154,0.0021117372
592.3154,0.0020946603
592.3154,0.0020843468
592.3154,0.0020625688
592.3154,0.0020469168
592.3154,0.0020053435
592.3154,0.0019938091
592.3154,0.0019758274
592.3154,0.0019650418
592.3154,0.001955884
592.3154,0.001954983
592.3154,0.0018455903
592.3154,0.001799125
592.3154,0.0017793838
592.3154,0.0017450821
592.3154,0.001690746
592.3154,0.0016766088
592.3154,0.0016702672
592.3154,0.0016422143
592.3154,0.0016264213
592.3154,0.0015895004
592.3154,0.0015218796
592.3154,0.0015078495
592.3154,0.0014877041
592.3154,0.0014779186
592.3154,0.0014748363
592.3154,0.0014461526
592.3154,0.0013691616
592.3154,0.0013166259
592.3154,0.0012256274
592.3154,0.0012094573
592.3154,0.0011857315
592.3154,0.0011479652
592.3154,0.0010901914
592.3154,0.0010015839
592.3154,0.00098570384
592.3154,0.00096591445
592.3154,0.00096555397
592.3154,0.00095459522
592.3154,0.00092132299
592.3154,0.00091246218
592.3154,0.00084478695
592.3154,0.00079639802
592.3154,0.00078846773
592.3154,0.00078726338
592.3154,0.00076342343
592.3154,0.00073420595
592.3154,0.00068111114
592.3154,0.000593536
592.3154,0.00055319817
592.3154,0.00052256469
592.3154,0.00051103616
592.3154,0.00049268986
592.3154,0.00039684875
592.3154,0.0002456116
592.3154,0.0002186298
592.3154,0.00019051008
592.3154,0.00013380485
592.3154,0.00011990033
592.3154,8.3033803e-05
592.3154,-7.504875e-06
592.3154,-2.8888448e-05
592.3154,-7.6006247e-05
592.3154,-0.00014865761
592.3154,-0.00017797032
592.3154,-0.00020197637
592.3154,-0.00023008534
592.3154,-0.00028330535
592.3154,-0.00033262812
592.3154,-0.00034491815
592.3154,-0.00039955949
592.3154,-0.00042804111
592.3154,-0.00051516924
592.3154,-0.00053841171
592.3154,-0.00055253627
592.3154,-0.00071567592
592.3154,-0.00071990512
592.3154,-0.00074053339
592.3154,-0.00085525466
592.3154,-0.0010232155
592.3154,-0.0010694887
592.3154,-0.0010774046
592.3154,-0.0012283425
592.3154,-0.0012759283
592.3154,-0.0013053925
592.3154,-0.001313638
592.3154,-0.001449392
592.3154,-0.0016590329
592.3154,-0.0017857622
592.3154,-0.0019241914
592.3154,-0.0019637548
592.3154,-0.0019720034
592.3154,-0.0020856317
592.3154,-0.0022379775
592.3154,-0.0022478628
592.3154,-0.002252044
592.3154,-0.0022723752
592.3154,-0.0023296598
592.3154,-0.0023493237
592.3154,-0.0023750501
592.3154,-0.0024088348
592.3154,-0.0024469441
592.3154,-0.0025673509
592.3154,-0.002782764
592.3154,-0.0028661372
592.3154,-0.0028727176
592.3154,-0.0028964288
592.3154,-0.0029028596
592.3154,-0.0030318925
592.3154,-0.0031131949
592.3154,-0.0033415782
592.3154,-0.0033682335
592.3154,-0.0033871122
592.3154,-0.0035112923
592.3154,-0.0036479844
592.3154,-0.0036567846
592.3154,-0.0037149111
592.3154,-0.0037274821
592.3154,-0.0038702486
592.3154,-0.0039019617
592.3154,-0.0039207439
592.3154,-0.0039819291
592.3154,-0.0039833308
592.3154,-0.0040108136
592.3154,-0.0040666222
592.3154,-0.0042257108
592.3154,-0.0042698193
592.3154,-0.0042904274
592.3154,-0.0044392002
592.3154,-0.0044959922
592.3154,-0.0045630066
592.3154,-0.0045750276
592.3154,-0.0046608676
592.3154,-0.0048065123
592.3154,-0.0048209061
592.3154,-0.005048281
592.3154,-0.0050507899
592.3154,-0.0050548362
592.3154,-0.0050765496
592.3154,-0.0051794883
592.3154,-0.0051823727
592.3154,-0.0052028576
592.3154,-0.005226763
592.3154,-0.0054154377
592.3154,-0.0054173875
592.3154,-0.0054663454
592.3154,-0.0054768156
592.3154,-0.005762531
592.3154,-0.0057743859
592.3154,-0.0058916952
592.3154,-0.0060231568
592.3154,-0.0060609481
592.3154,-0.006104869
592.3154,-0.0062324455
592.3154,-0.0067219554
592.3154,-0.0067728507
592.3154,-0.0069426535
592.3154,-0.0069489847
592.3154,-0.0069892346
592.3154,-0.0070203329
592.3154,-0.0071852592
592.3154,-0.0072034122
592.3154,-0.007221668
592.3154,-0.0074131535
592.3154,-0.0074873412
592.3154,-0.0075466116
592.3154,-0.007770316
592.3154,-0.0080631708
592.3154,-0.0081575385
592.3154,-0.0082130311
592.3154,-0.0082381667
592.3154,-0.0082664059
592.3154,-0.008604649
592.3154,-0.0088358822
592.3154,-0.0089592757
592.3154,-0.0090859782
592.3154,-0.0090962569
592.3154,-0.0091237409
592.3154,-0.0092350064
592.3154,-0.0092709409
592.3154,-0.0094150865
592.3154,-0.0095808672
592.3154,-0.009619837
592.3154,-0.0098175781
592.3154,-0.009847502
597.6479,0.0099763775
597.6479,0.009976142
597.6479,0.0099358552
597.6479,0.0099074219
597.6479,0.0096702172
597.6479,0.009483996
597.6479,0.0093969958
597.6479,0.0091016693
597.6479,0.0087128133
597.6479,0.0085855408
597.6479,0.0082355801
597.6479,0.0081513743
597.6479,0.0080876859
597.6479,0.0079431594
597.6479,0.0078746038
597.6479,0.007856677
597.6479,0.0078504689
597.6479,0.0078293851
597.6479,0.0078201473
597.6479,0.00781824
597.6479,0.0077522471
597.6479,0.0077418944
597.6479,0.0077334374
597.6479,0.0077188629
597.6479,0.0077050587
597.6479,0.0076738264
597.6479,0.0076400911
597.6479,0.0076382264
597.6479,0.0076206903
597.6479,0.0075993185
597.6479,0.0075957092
597.6479,0.0075868916
597.6479,0.0075604701
597.6479,0.0075583268
597.6479,0.0075363166
597.6479,0.007534244
597.6479,0.0075333732
597.6479,0.0074826891
597.6479,0.0074718635
597.6479,0.0074671166
597.6479,0.0074650794
597.6479,0.0074634791
597.6479,0.0074587354
597.6479,0.0074514136
597.6479,0.0074447097
597.6479,0.0074400815
597.6479,0.0074386008
597.6479,0.0074381284
597.6479,0.0074246834
597.6479,0.0074232122
597.6479,0.0074222236
597.6479,0.0073999202
597.6479,0.007397503
597.6479,0.0073917815
597.6479,0.0073717279
597.6479,0.0073632343
597.6479,0.0073573882
597.6479,0.0073477682
597.6479,0.0073453021
597.6479,0.0073443625
597.6479,0.0073347577
597.6479,0.0073073057
597.6479,0.0073034851
597.6479,0.0072958977
597.6479,0.0072647273
597.6479,0.0072516452
597.6479,0.0072484028
597.6479,0.0072378774
597.6479,0.0072312009
597.6479,0.0072145476
597.6479,0.0072101524
597.6479,0.0071996941
597.6479,0.0071739205
597.6479,0.0071682875
597.6479,0.0071638712
597.6479,0.0070912688
597.6479,0.0070652186
597.6479,0.0070408666
597.6479,0.0070328639
597.6479,0.0070186645
597.6479,0.0070004446
597.6479,0.0069956418
597.6479,0.0069944298
597.6479,0.0069919214
597.6479,0.0069864369
597.6479,0.0069696633
597.6479,0.0069646441
597.6479,0.0069642963
597.6479,0.0069583841
597.6479,0.0069574816
597.6479,0.0069564509
597.6479,0.0069493263
597.6479,0.0069476639
597.6479,0.0069453997
597.6479,0.006932209
597.6479,0.0069220746
597.6479,0.006915404
597.6479,0.0069106466
597.6479,0.0069033832
597.6479,0.0068968602
597.6479,0.0068839184
597.6479,0.0068719096
597.6479,0.0068645116
597.6479,0.0068301869
597.6479,0.0068268377
597.6479,0.006823884
597.6479,0.006823282
597.6479,0.006815652
597.6479,0.0068010222
597.6479,0.006789047
597.6479,0.0067682328
597.6479,0.0067600086
597.6479,0.0067448569
597.6479,0.0067431802
597.6479,0.0067054183
597.6479,0.0066984956
597.6479,0.0066926036
597.6479,0.0066865989
597.6479,0.0066824176
597.6479,0.0066810109
597.6479,0.0066525253
597.6479,0.0066411082
597.6479,0.0066407626
597.6479,0.0066333489
597.6479,0.0066308452
597.6479,0.0066260091
597.6479,0.0066258402
597.6479,0.0066228707
597.6479,0.0066157243
597.6479,0.0066034208
597.6479,0.0065995682
597.6479,0.0065961916
597.6479,0.0065946046
597.6479,0.0065914387
597.6479,0.0065913302
597.6479,0.006583417
597.6479,0.006575726
597.6479,0.0065683456
597.6479,0.0065531531
597.6479,0.0065530022
597.6479,0.0065456816
597.6479,0.0065396128
597.6479,0.0065240275
597.6479,0.0065125873
597.6479,0.0064967965
597.6479,0.0064938079
597.6479,0.0064700742
597.6479,0.0064680247
597.6479,0.0064492993
597.6479,0.0064279617
597.6479,0.006426206
597.6479,0.0064200029
597.6479,0.0064058856
597.6479,0.006385744
597.6479,0.0063778161
597.6479,0.0063749244
597.6479,0.006364582
597.6479,0.0063549365
597.6479,0.0063513125
597.6479,0.00634129
597.6479,0.0063361888
597.6479,0.0063306766
597.6479,0.0063178906
597.6479,0.0063116057
597.6479,0.0063114045
597.6479,0.0062989556
597.6479,0.006286666
597.6479,0.0062818388
597.6479,0.0062782586
597.6479,0.0062654695
597.6479,0.0062527975
597.6479,0.0062207929
597.6479,0.0062170952
597.6479,0.0062113349
597.6479,0.0062098678
597.6479,0.0062095111
597.6479,0.0061836676
597.6479,0.0061816809
597.6479,0.0061651146
597.6479,0.0061603197
597.6479,0.0061595665
597.6479,0.0061304414
597.6479,0.0061235577
597.6479,0.0061040744
597.6479,0.0060722653
597.6479,0.0060574891
597.6479,0.0060443222
597.6479,0.0060303863
597.6479,0.0060251579
597.6479,0.0060117295
597.6479,0.0060110675
597.6479,0.0059863423
597.6479,0.0059798658
597.6479,0.0059704745
597.6479,0.005964422
597.6479,0.0059626539
597.6479,0.0059406995
597.6479,0.0059157429
597.6479,0.0059150068
597.6479,0.0058917692
597.6479,0.0058819795
597.6479,0.0058700149
597.6479,0.0058346611
597.6479,0.0058320845
597.6479,0.0058227585
597.6479,0.0058158279
597.6479,0.0058031187
597.6479,0.0058029505
597.6479,0.0057975163
597.6479,0.0057682536
597.6479,0.0057404272
597.6479,0.0057293783
597.6479,0.0057239404
597.6479,0.0057221716
597.6479,0.0057061742
597.6479,0.0056953242
597.6479,0.0056794343
597.6479,0.0056700473
597.6479,0.005629261
597.6479,0.0055956365
597.6479,0.0055860603
597.6479,0.0055820938
597.6479,0.0055682941
597.6479,0.0055515863
597.6479,0.0055441071
597.6479,0.0055440782
597.6479,0.0055009981
597.6479,0.0054954589
597.6479,0.0054921069
597.6479,0.0054599897
597.6479,0.0054451036
597.6479,0.0054412706
597.6479,0.0054262032
597.6479,0.0054093112
597.6479,0.005386436
597.6479,0.0053740677
597.6479,0.0053609538
597.6479,0.0053360524
597.6479,0.0053350656
597.6479,0.0052989524
597.6479,0.0052933705
597.6479,0.0052712011
597.6479,0.0052709771
597.6479,0.0052501056
597.6479,0.0052298756
597.6479,0.0052229067
597.6479,0.0052103628
597.6479,0.0052087798
597.6479,0.0052031419
597.6479,0.0051900949
597.6479,0.0051509772
597.6479,0.0051471315
597.6479,0.0051465036
597.6479,0.0051378131
597.6479,0.0051279568
597.6479,0.0051095891
597.6479,0.0050972626
597.6479,0.0050886208
597.6479,0.0050163713
597.6479,0.0049971967
597.6479,0.0049761066
597.6479,0.004971079
597.6479,0.004961466
597.6479,0.0049264042
597.6479,0.0048711613
597.6479,0.0048623722
597.6479,0.0048602202
597.6479,0.0048406206
597.6479,0.00481779
597.6479,0.0048104849
597.6479,0.0048093924
597.6479,0.004773675
597.6479,0.00475479
597.6479,0.0047213775
597.6479,0.0046974428
597.6479,0.0046955161
597.6479,0.004682489
597.6479,0.0046777426
597.6479,0.0046359303
597.6479,0.0046213797
597.6479,0.0045772858
597.6479,0.0045772338
597.6479,0.0045663439
597.6479,0.0045415529
597.6479,0.0045002591
597.6479,0.0044872741
597.6479,0.0044337729
597.6479,0.004423589
597.6479,0.0043950405
597.6479,0.0043640903
597.6479,0.0043436769
597.6479,0.004343506
597.6479,0.0043325641
597.6479,0.0042974387
597.6479,0.0042757375
597.6479,0.0042665093
597.6479,0.004258337
597.6479,0.0042011966
597.6479,0.004104156
597.6479,0.0040619852
597.6479,0.0040585416
597.6479,0.0040053065
597.6479,0.0039800763
597.6479,0.0039575033
597.6479,0.0039160568
597.6479,0.003913958
597.6479,0.0038999292
597.6479,0.0038995703
597.6479,0.0038338198
597.6479,0.0038077297
597.6479,0.0037938323
597.6479,0.0036913315
597.6479,0.003633297
597.6479,0.0036238942
597.6479,0.0036159199
597.6479,0.0035933008
597.6479,0.0035670545
597.6479,0.0035585557
597.6479,0.0034899332
597.6479,0.0034809907
597.6479,0.0034730648
597.6479,0.0034069496
597.6479,0.0033744874
597.6479,0.0033442427
597.6479,0.0033385458
597.6479,0.0032566284
597.6479,0.0031902993
597.6479,0.0031370819
597.6479,0.0030918454
597.6479,0.0030838486
597.6479,0.0029661787
597.6479,0.0029517109
597.6479,0.0028924379
597.6479,0.0028781989
597.6479,0.0028263264
597.6479,0.0026174452
597.6479,0.0025551715
597.6479,0.0025074903
597.6479,0.0024661476
597.6479,0.0024222296
597.6479,0.0023392427
597.6479,0.0022912057
597.6479,0.0022885381
597.6479,0.0022672064
597.6479,0.0022061179
597.6479,0.0021810422
597.6479,0.0021300588
597.6479,0.0021051702
597.6479,0.0020274412
597.6479,0.0019975484
597.6479,0.0018580907
597.6479,0.0018442003
597.6479,0.0017182739
597.6479,0.0016866828
597.6479,0.0016506453
597.6479,0.0016460331
597.6479,0.0016297806
597.6479,0.0015978248
597.6479,0.0014686892
597.6479,0.0014481542
597.6479,0.001390165
597.6479,0.0013802102
597.6479,0.0012428413
597.6479,0.0012015527
597.6479,0.0011010589
597.6479,0.0010748071
597.6479,0.0010448218
597.6479,0.000933419
597.6479,0.00086935888
597.6479,0.00086610105
597.6479,0.00076920588
597.6479,0.00053930203
597.6479,0.00042372907
597.6479,0.00036285083
597.6479,0.00033254233
597.6479,0.00030585911
597.6479,0.00026278756
597.6479,0.00019452795
597.6479,9.9745719e-05
597.6479,5.983039e-05
597.6479,-2.2125421e-05
597.6479,-4.7368797e-05
597.6479,-0.00012938704
597.6479,-0.00015599305
597.6479,-0.000214605
597.6479,-0.00024602817
597.6479,-0.00054635533
597.6479,-0.00067958245
597.6479,-0.00078925172
597.6479,-0.00079973481
597.6479,-0.00082861777
597.6479,-0.00088246947
597.6479,-0.001055746
597.6479,-0.0011253583
597.6479,-0.0012144264
597.6479,-0.0012410885
597.6479,-0.00128167
597.6479,-0.0012828893
597.6479,-0.0013223458
597.6479,-0.0013326431
597.6479,-0.0013889667
597.6479,-0.0014018242
597.6479,-0.0014061899
597.6479,-0.0014280043
597.6479,-0.0015657106
597.6479,-0.0015954749
597.6479,-0.0016073301
597.6479,-0.001741568
597.6479,-0.0017829983
597.6479,-0.0018867155
597.6479,-0.0018995556
597.6479,-0.0019739191
597.6479,-0.0019779982
597.6479,-0.0019952452
597.6479,-0.0020018128
597.6479,-0.0020159339
597.6479,-0.0020657847
597.6479,-0.0021064096
597.6479,-0.0021677076
597.6479,-0.002249273
597.6479,-0.0023021198
597.6479,-0.002307413
597.6479,-0.0023731193
597.6479,-0.0024646942
597.6479,-0.0025320287
597.6479,-0.0025979238
597.6479,-0.0026638519
597.6479,-0.0027360346
597.6479,-0.0027382644
597.6479,-0.0027406629
597.6479,-0.0027651849
597.6479,-0.00302279
597.6479,-0.003094252
597.6479,-0.0031784476
597.6479,-0.0032082928
597.6479,-0.0032218593
597.6479,-0.0032784307
597.6479,-0.0033132128
597.6479,-0.0034871547
597.6479,-0.0034968127
597.6479,-0.0035594128
597.6479,-0.0036756582
597.6479,-0.0036974505
597.6479,-0.0037189767
597.6479,-0.0037813041
597.6479,-0.0038077139
597.6479,-0.0038942076
597.6479,-0.0039307826
597.6479,-0.0039481145
597.6479,-0.0040062743
597.6479,-0.0040183576
597.6479,-0.0040939818
597.6479,-0.0041105948
597.6479,-0.0042138684
597.6479,-0.0042696898
597.6479,-0.0043949779
597.6479,-0.0044425561
597.6479,-0.0045257442
597.6479,-0.0046346917
597.6479,-0.0046764846
597.6479,-0.0046987097
597.6479,-0.0047409862
597.6479,-0.0048063164
597.6479,-0.0048409083
597.6479,-0.0049307385
597.6479,-0.0049530835
597.6479,-0.0049657823
597.6479,-0.0050136177
597.6479,-0.0050500389
597.6479,-0.0050813266
597.6479,-0.0050917369
597.6479,-0.005105781
597.6479,-0.0051071904
597.6479,-0.0051335778
597.6479,-0.0051974148
597.6479,-0.0052288575
597.6479,-0.0053027862
597.6479,-0.0053075287
597.6479,-0.0054679607
597.6479,-0.0055432447
597.6479,-0.0056193809
597.6479,-0.0056893373
597.6479,-0.0057434426
597.6479,-0.005774347
597.6479,-0.0057746487
597.6479,-0.0057989985
597.6479,-0.0059113972
597.6479,-0.0060154716
597.6479,-0.0060197788
597.6479,-0.0061802622
597.6479,-0.0062076333
597.6479,-0.0062222267
597.6479,-0.006305924
597.6479,-0.0063557562
597.6479,-0.0064326337
597.6479,-0.0064888608
597.6479,-0.0065097247
597.6479,-0.0065550636
597.6479,-0.0066276506
597.6479,-0.0066545496
597.6479,-0.0066731499
597.6479,-0.0066938359
597.6479,-0.0068739922
597.6479,-0.0069026525
597.6479,-0.0069475785
597.6479,-0.0070088817
597.6479,-0.0070800983
597.6479,-0.0071214032
597.6479,-0.007132525
597.6479,-0.0071489935
597.6479,-0.0071719915
597.6479,-0.0072214748
597.6479,-0.0072889198
597.6479,-0.0073239153
597.6479,-0.0074302307
597.6479,-0.0074569045
597.6479,-0.0074695585
597.6479,-0.0074890785
597.6479,-0.0075071038
597.6479,-0.0075738363
597.6479,-0.0075795461
597.6479,-0.0076039777
597.6479,-0.0077028935
597.6479,-0.0077045473
597.6479,-0.0077318821
597.6479,-0.007735475
597.6479,-0.0078428347
597.6479,-0.0079064161
597.6479,-0.0079205357
597.6479,-0.0079859251
597.6479,-0.0080171056
597.6479,-0.0080780007
597.6479,-0.0081364987
597.6479,-0.0081443791
597.6479,-0.0081450013
597.6479,-0.0081511176
597.6479,-0.0082106512
597.6479,-0.0083364765
597.6479,-0.00834485
597.6479,-0.0086035008
597.6479,-0.0086235726
597.6479,-0.0086720913
597.6479,-0.0087553804
597.6479,-0.0087762124
597.6479,-0.008792535
597.6479,-0.0087954941
597.6479,-0.0088016648
597.6479,-0.0088476349
597.6479,-0.0088975078
597.6479,-0.0089004431
597.6479,-0.0090014783
597.6479,-0.009023689
597.6479,-0.0090498194
597.6479,-0.0090868483
597.6479,-0.0091327378
597.6479,-0.0092197005
597.6479,-0.009247267
597.6479,-0.0092749186
597.6479,-0.009279272
597.6479,-0.009308588
597.6479,-0.0093243001
597.6479,-0.0093995078
597.6479,-0.0094231446
597.6479,-0.009429781
597.6479,-0.0094663496
597.6479,-0.0095412915
597.6479,-0.0095641119
597.6479,-0.0096769981
597.6479,-0.0097794216
597.6479,-0.0097919973
597.6479,-0.0097933484
597.6479,-0.009799521
597.6479,-0.0098071992
597.6479,-0.0098505687
597.6479,-0.0098912974
597.6479,-0.0099275937
597.6479,-0.0099696195
597.6479,-0.0099999778
602.9771,0.0099270185
602.9771,0.0098933272
602.9771,0.0098592921
602.9771,0.0098248051
602.9771,0.0097871663
602.9771,0.0097006138
602.9771,0.0096215936
602.9771,0.0095856999
602.9771,0.0094195298
602.9771,0.0092310913
602.9771,0.0088887322
602.9771,0.0087482957
602.9771,0.0086866912
602.9771,0.0084886019
602.9771,0.0083637043
602.9771,0.008274673
602.9771,0.0082506653
602.9771,0.0082176038
602.9771,0.0081093756
602.9771,0.007957832
602.9771,0.007740296
602.9771,0.0077152192
602.9771,0.0076714682
602.9771,0.0075987355
602.9771,0.0075648146
602.9771,0.0075178282
602.9771,0.0072762417
602.9771,0.0072659086
602.9771,0.0072486224
602.9771,0.0072408393
602.9771,0.007210306
602.9771,0.0070994094
602.9771,0.0070639951
602.9771,0.0070000385
602.9771,0.0069986247
602.9771,0.0068554316
602.9771,0.0068266271
602.9771,0.0068128689
602.9771,0.0067385312
602.9771,0.0067264705
602.9771,0.006707357
602.9771,0.0065054894
602.9771,0.0064925569
602.9771,0.006469478
602.9771,0.0064264602
602.9771,0.006408111
602.9771,0.0063885004
602.9771,0.0063381447
602.9771,0.0063028607
602.9771,0.0062928736
602.9771,0.0062202546
602.9771,0.0061572734
602.9771,0.0061429096
602.9771,0.006131038
602.9771,0.0061231164
602.9771,0.006121798
602.9771,0.0060996561
602.9771,0.0060995603
602.9771,0.0060967484
602.9771,0.0060107539
602.9771,0.006004992
602.9771,0.0059535383
602.9771,0.0059170774
602.9771,0.0059051134
602.9771,0.0058995854
602.9771,0.0058459017
602.9771,0.0058449283
602.9771,0.005826106
602.9771,0.0058037949
602.9771,0.005766398
602.9771,0.005756955
602.9771,0.0057365355
602.9771,0.0057040334
602.9771,0.0056873868
602.9771,0.0056558687
602.9771,0.0056229207
602.9771,0.0056114503
602.9771,0.0055929972
602.9771,0.0055746288
602.9771,0.0055454119
602.9771,0.0055249162
602.9771,0.0055209852
602.9771,0.0055206873
602.9771,0.0055202149
602.9771,0.0055183905
602.9771,0.0055021447
602.9771,0.0054910741
602.9771,0.0054735008
602.9771,0.0054729386
602.9771,0.0054701494
602.9771,0.0054635374
602.9771,0.0054564062
602.9771,0.005450115
602.9771,0.0054195998
602.9771,0.0053869826
602.9771,0.0053784322
602.9771,0.0053668549
602.9771,0.0053584734
602.9771,0.0053577631
602.9771,0.0053510814
602.9771,0.0053489078
602.9771,0.0053451496
602.9771,0.0053440491
602.9771,0.0053377615
602.9771,0.0053081889
602.9771,0.0052864062
602.9771,0.0052798946
602.9771,0.0052705334
602.9771,0.005267126
602.9771,0.005247758
602.9771,0.0052135214
602.9771,0.0051987705
602.9771,0.0051915383
602.9771,0.0051875458
602.9771,0.0051473466
602.9771,0.0051259691
602.9771,0.0051247441
602.9771,0.0051212568
602.9771,0.0051202315
602.9771,0.0051135367
602.9771,0.0051077505
602.9771,0.0051077194
602.9771,0.0051042888
602.9771,0.0050901026
602.9771,0.0050736706
602.9771,0.0050719173
602.9771,0.0050627315
602.9771,0.0050554569
602.9771,0.0050412638
602.9771,0.0050395844
602.9771,0.005031288
602.9771,0.0050301359
602.9771,0.0050274166
602.9771,0.0050215351
602.9771,0.0050181246
602.9771,0.0049893337
602.9771,0.0049850534
602.9771,0.0049844057
602.9771,0.0049842803
602.9771,0.0049721455
602.9771,0.0049714186
602.9771,0.0049584899
602.9771,0.0049446292
602.9771,0.004928321
602.9771,0.0049200441
602.9771,0.004918867
602.9771,0.0049145363
602.9771,0.0049023636
602.9771,0.0048946966
602.9771,0.0048812805
602.9771,0.0048517724
602.9771,0.0048482006
602.9771,0.0048433796
602.9771,0.004828795
602.9771,0.0048203001
602.9771,0.0048101131
602.9771,0.0048071942
602.9771,0.0048037759
602.9771,0.0047865484
602.9771,0.0047834182
602.9771,0.0047763641
602.9771,0.0047749068
602.9771,0.0047529346
602.9771,0.0047479484
602.9771,0.0047423983
602.9771,0.0047421959
602.9771,0.0047243122
602.9771,0.0047133124
602.9771,0.0047049954
602.9771,0.0046984783
602.9771,0.0046914649
602.9771,0.0046883472
602.9771,0.0046806322
602.9771,0.0046730441
602.9771,0.0046693095
602.9771,0.0046674818
602.9771,0.0046665497
602.9771,0.0046645538
602.9771,0.0046118286
602.9771,0.0046058704
602.9771,0.0045952711
602.9771,0.0045658608
602.9771,0.0045623172
602.9771,0.004542421
602.9771,0.0045417179
602.9771,0.0045273593
602.9771,0.0045213569
602.9771,0.0045205194
602.9771,0.0045181151
602.9771,0.0045163849
602.9771,0.0045120819
602.9771,0.0045077891
602.9771,0.0045046137
602.9771,0.0044906657
602.9771,0.0044869573
602.9771,0.0044757661
602.9771,0.0044726945
602.9771,0.0044717959
602.9771,0.0044708436
602.9771,0.0044621043
602.9771,0.0044504104
602.9771,0.0044373432
602.9771,0.0044351023
602.9771,0.0044210977
602.9771,0.0044190322
602.9771,0.004416417
602.9771,0.0043929213
602.9771,0.0043922258
602.9771,0.0043909775
602.9771,0.0043861479
602.9771,0.0043775946
602.9771,0.0043694617
602.9771,0.00436857
602.9771,0.0043419693
602.9771,0.0043357088
602.9771,0.0043344973
602.9771,0.0043118857
602.9771,0.0042934306
602.9771,0.0042822081
602.9771,0.0042767124
602.9771,0.0042763515
602.9771,0.0042695681
602.9771,0.0042623567
602.9771,0.0042577303
602.9771,0.0042555844
602.9771,0.0042504023
602.9771,0.0042451339
602.9771,0.0042437289
602.9771,0.0042225219
602.9771,0.0042166478
602.9771,0.0042148446
602.9771,0.0042058993
602.9771,0.004202081
602.9771,0.0042001934
602.9771,0.0041995825
602.9771,0.0041970628
602.9771,0.0041943405
602.9771,0.0041924532
602.9771,0.0041833835
602.9771,0.0041753759
602.9771,0.0041708151
602.9771,0.0041692122
602.9771,0.0041661841
602.9771,0.0041621361
602.9771,0.0041595259
602.9771,0.0041286534
602.9771,0.0041258814
602.9771,0.004125801
602.9771,0.0041108043
602.9771,0.0041086392
602.9771,0.0041036609
602.9771,0.0041018725
602.9771,0.0041007595
602.9771,0.0040812004
602.9771,0.0040771527
602.9771,0.0040627752
602.9771,0.0040548078
602.9771,0.0040494939
602.9771,0.0040270982
602.9771,0.0040246315
602.9771,0.0040232373
602.9771,0.0040083001
602.9771,0.0040014829
602.9771,0.0039990199
602.9771,0.0039777375
602.9771,0.0039729188
602.9771,0.0039718542
602.9771,0.0039682551
602.9771,0.0039657187
602.9771,0.0039388975
602.9771,0.0039192922
602.9771,0.0039153427
602.9771,0.0039148506
602.9771,0.0039093374
602.9771,0.0038869158
602.9771,0.0038730794
602.9771,0.0038713838
602.9771,0.0038578412
602.9771,0.0038478726
602.9771,0.0038422387
602.9771,0.003795121
602.9771,0.003778826
602.9771,0.0037752792
602.9771,0.0037592901
602.9771,0.0037582135
602.9771,0.003681125
602.9771,0.0036759972
602.9771,0.0036667325
602.9771,0.0036639101
602.9771,0.0036557762
602.9771,0.003636066
602.9771,0.0036150542
602.9771,0.0036092126
602.9771,0.0036068503
602.9771,0.0036008056
602.9771,0.0035714809
602.9771,0.0035587752
602.9771,0.0035534005
602.9771,0.0035346815
602.9771,0.0035260902
602.9771,0.0035214043
602.9771,0.0035149574
602.9771,0.0035016644
602.9771,0.003481681
602.9771,0.0034230508
602.9771,0.0034179414
602.9771,0.0034106713
602.9771,0.0034040496
602.9771,0.0033880264
602.9771,0.0033561645
602.9771,0.0033529132
602.9771,0.0033430847
602.9771,0.0033364182
602.9771,0.0033145879
602.9771,0.003297955
602.9771,0.0032858803
602.9771,0.0032806979
602.9771,0.0032805496
602.9771,0.0032748084
602.9771,0.0032423583
602.9771,0.0032170797
602.9771,0.0032068664
602.9771,0.0031976552
602.9771,0.0031621471
602.9771,0.0031506834
602.9771,0.0031382834
602.9771,0.003134414
602.9771,0.0031093485
602.9771,0.0031079124
602.9771,0.0030990168
602.9771,0.0030946445
602.9771,0.0030910636
602.9771,0.0030887985
602.9771,0.0030758053
602.9771,0.0030672764
602.9771,0.0030627422
602.9771,0.0030330527
602.9771,0.003031253
602.9771,0.0030162064
602.9771,0.0030121486
602.9771,0.0030043979
602.9771,0.0029793571
602.9771,0.0029495177
602.9771,0.0029206266
602.9771,0.0029186801
602.9771,0.0029182979
602.9771,0.0029144871
602.9771,0.0028779787
602.9771,0.0028549801
602.9771,0.0028524054
602.9771,0.0028391983
602.9771,0.0028151922
602.9771,0.0028096135
602.9771,0.0027857869
602.9771,0.0027787506
602.9771,0.0027486808
602.9771,0.0027290582
602.9771,0.0027020516
602.9771,0.0026964451
602.9771,0.0026884944
602.9771,0.0026791697
602.9771,0.0026387237
602.9771,0.0026346531
602.9771,0.0026284658
602.9771,0.0025788421
602.9771,0.002569211
602.9771,0.0025396165
602.9771,0.0025358937
602.9771,0.0025009505
602.9771,0.0024776385
602.9771,0.0024702461
602.9771,0.0024206508
602.9771,0.002413864
602.9771,0.0024093423
602.9771,0.002373046
602.9771,0.0023211897
602.9771,0.0023205631
602.9771,0.002300282
602.9771,0.002277048
602.9771,0.0022605498
602.9771,0.0022224583
602.9771,0.002169265
602.9771,0.0021530067
602.9771,0.0021335273
602.9771,0.0020922145
602.9771,0.0020812784
602.9771,0.0020756085
602.9771,0.0020368056
602.9771,0.0020260062
602.9771,0.0020246757
602.9771,0.0020014816
602.9771,0.0019860219
602.9771,0.0019826858
602.9771,0.001978463
602.9771,0.0019771927
602.9771,0.0019333226
602.9771,0.0019196298
602.9771,0.0018914393
602.9771,0.0018362478
602.9771,0.0017707116
602.9771,0.0017292426
602.9771,0.0017118622
602.9771,0.0016786788
602.9771,0.0016771197
602.9771,0.0015955726
602.9771,0.0015864023
602.9771,0.0015382116
602.9771,0.0014162454
602.9771,0.0013921402
602.9771,0.0013917469
602.9771,0.0013730293
602.9771,0.0013692367
602.9771,0.0013500563
602.9771,0.0013484816
602.9771,0.001295353
602.9771,0.0012670308
602.9771,0.0012441112
602.9771,0.0012430256
602.9771,0.0011883878
602.9771,0.0011744943
602.9771,0.0011693933
602.9771,0.0011675009
602.9771,0.0010658015
602.9771,0.0010338434
602.9771,0.0010150809
602.9771,0.0010134702
602.9771,0.0010072917
602.9771,0.00099312573
602.9771,0.00099041921
602.9771,0.00097199785
602.9771,0.00093475499
602.9771,0.00085395533
602.9771,0.00081621701
602.9771,0.00079643253
602.9771,0.00077463405
602.9771,0.00076564068
602.9771,0.00074858954
602.9771,0.00069474743
602.9771,0.00069469832
602.9771,0.00068518454
602.9771,0.00059110425
602.9771,0.00059056797
602.9771,0.00057830302
602.9771,0.00052018197
602.9771,0.000516137
602.9771,0.00043600616
602.9771,0.00041528186
602.9771,0.00036002293
602.9771,0.00029044923
602.9771,0.00027135112
602.9771,0.00021684617
602.9771,0.00020068337
602.9771,0.00019927364
602.9771,0.00017277802
602.9771,0.00010132557
602.9771,8.0054044e-05
602.9771,1.2024852e-05
602.9771,-3.17174e-07
602.9771,-6.195003e-06
602.9771,-9.2662906e-05
602.9771,-0.00013591304
602.9771,-0.00013943714
602.9771,-0.00025575359
602.9771,-0.00025766261
602.9771,-0.00026299125
602.9771,-0.00029744706
602.9771,-0.00029864459
602.9771,-0.0003471397
602.9771,-0.00035044836
602.9771,-0.00036013344
602.9771,-0.00043900834
602.9771,-0.00045846749
602.9771,-0.00047126807
602.9771,-0.00047771409
602.9771,-0.00055330924
602.9771,-0.00057173299
602.9771,-0.00064578771
602.9771,-0.00065452701
602.9771,-0.00069831076
602.9771,-0.00072978492
602.9771,-0.00076408013
602.9771,-0.00080155374
602.9771,-0.00084285108
602.9771,-0.0010073881
602.9771,-0.0010256337
602.9771,-0.0011508374
602.9771,-0.0011518015
602.9771,-0.001179651
602.9771,-0.0012577738
602.9771,-0.0012943441
602.9771,-0.0013805072
602.9771,-0.0014100032
602.9771,-0.0014537671
602.9771,-0.0015436849
602.9771,-0.0015857883
602.9771,-0.0016066333
602.9771,-0.0017445872
602.9771,-0.001768238
602.9771,-0.0017956757
602.9771,-0.0018323151
602.9771,-0.0018605732
602.9771,-0.0019294325
602.9771,-0.0019294944
602.9771,-0.001929788
602.9771,-0.0019977394
602.9771,-0.0020322867
602.9771,-0.0020450056
602.9771,-0.0020614811
602.9771,-0.002064949
602.9771,-0.0021259612
602.9771,-0.0021842039
602.9771,-0.0021972681
602.9771,-0.0022991426
602.9771,-0.0023242538
602.9771,-0.0024988865
602.9771,-0.0026181536
602.9771,-0.0027305836
602.9771,-0.0029626269
602.9771,-0.0029811569
602.9771,-0.0030937452
602.9771,-0.0033284955
602.9771,-0.0033624175
602.9771,-0.0034124115
602.9771,-0.0034371081
602.9771,-0.0036095775
602.9771,-0.0036418262
602.9771,-0.0037679139
602.9771,-0.0040257472
602.9771,-0.0040522219
602.9771,-0.0042154112
602.9771,-0.0042691916
602.9771,-0.004304776
602.9771,-0.0043981357
602.9771,-0.0046058052
602.9771,-0.0046791322
602.9771,-0.0047002599
602.9771,-0.0048492417
602.9771,-0.0052924045
602.9771,-0.0054700291
602.9771,-0.0054945599
602.9771,-0.0056137381
602.9771,-0.0059286387
602.9771,-0.0067386627
602.9771,-0.006873698
602.9771,-0.0077779723
602.9771,-0.0080614977
602.9771,-0.0089077104
602.9771,-0.0091974149
602.9771,-0.0099876329
640.3459,0.0099894084
640.3459,0.0099257483
640.3459,0.0099221925
640.3459,0.0099151776
640.3459,0.00986867
640.3459,0.009866125
640.3459,0.009847606
640.3459,0.0098408832
640.3459,0.0098388994
640.3459,0.0098363363
640.3459,0.0098136775
640.3459,0.0097430484
640.3459,0.0097394758
640.3459,0.0097205758
640.3459,0.0097197722
640.3459,0.0096868602
640.3459,0.0096639483
640.3459,0.0096583412
640.3459,0.009580222
640.3459,0.0095491515
640.3459,0.0094936669
640.3459,0.0094649179
640.3459,0.0094594021
640.3459,0.0094252585
640.3459,0.0094048556
640.3459,0.009392759
640.3459,0.0093816307
640.3459,0.0093811146
640.3459,0.0093535672
640.3459,0.009344976
640.3459,0.0093017876
640.3459,0.0092403949
640.3459,0.0092082967
640.3459,0.009158596
640.3459,0.0091142312
640.3459,0.0090531463
640.3459,0.0090392293
640.3459,0.0090280207
640.3459,0.0089993763
640.3459,0.0089970582
640.3459,0.0089914665
640.3459,0.0089719848
640.3459,0.0088334697
640.3459,0.0088075767
640.3459,0.0088010367
640.3459,0.0087374946
640.3459,0.0087328246
640.3459,0.0087262592
640.3459,0.0086717005
640.3459,0.0085917257
640.3459,0.0085031228
640.3459,0.0084495981
640.3459,0.0084264356
640.3459,0.0083893756
640.3459,0.0083827993
640.3459,0.0083670508
640.3459,0.0083270568
640.3459,0.0082732089
640.3459,0.0082216454
640.3459,0.0082005408
640.3459,0.0081814279
640.3459,0.0081669533
640.3459,0.0081367704
640.3459,0.0080355053
640.3459,0.0080266816
640.3459,0.0079959914
640.3459,0.0079631585
640.3459,0.0079580057
640.3459,0.0079275981
640.3459,0.0079147983
640.3459,0.0078965635
640.3459,0.0078474302
640.3459,0.0078463036
640.3459,0.0078388438
640.3459,0.0077535018
640.3459,0.0077190445
640.3459,0.0077147637
640.3459,0.0076941392
640.3459,0.0076426654
640.3459,0.0076411023
640.3459,0.0076171714
640.3459,0.0075550497
640.3459,0.0075195972
640.3459,0.0075003196
640.3459,0.0075002595
640.3459,0.0074827743
640.3459,0.007433891
640.3459,0.0074256655
640.3459,0.0074094776
640.3459,0.0073974369
640.3459,0.0073903265
640.3459,0.0073720224
640.3459,0.0073464861
640.3459,0.0073369976
640.3459,0.007325573
640.3459,0.0073248093
640.3459,0.0073198002
640.3459,0.0073040564
640.3459,0.007289448
640.3459,0.007288554
640.3459,0.007283517
640.3459,0.0072667436
640.3459,0.0072662954
640.3459,0.007250636
640.3459,0.0072380508
640.3459,0.0072206091
640.3459,0.0071972509
640.3459,0.0071957265
640.3459,0.007193343
640.3459,0.0071500235
640.3459,0.0071453507
640.3459,0.0071365986
640.3459,0.0070752581
640.3459,0.0070592856
640.3459,0.0070206044
640.3459,0.0069707492
640.3459,0.0069019844
640.3459,0.0068677128
640.3459,0.0068654959
640.3459,0.0067894204
640.3459,0.0067416341
640.3459,0.0067349721
640.3459,0.0067261519
640.3459,0.0067226135
640.3459,0.0066901745
640.3459,0.0066899958
640.3459,0.0066843078
640.3459,0.0065357284
640.3459,0.0065317932
640.3459,0.0064328022
640.3459,0.0064313124
640.3459,0.0064101185
640.3459,0.0064026833
640.3459,0.0063900897
640.3459,0.0063710037
640.3459,0.0063592708
640.3459,0.0063106227
640.3459,0.0062572702
640.3459,0.0061567087
640.3459,0.0060924033
640.3459,0.0059659407
640.3459,0.0054418147
640.3459,0.0053425086
640.3459,0.0052818553
640.3459,0.0050977406
640.3459,0.0050698881
640.3459,0.0049059526
640.3459,0.0045934914
640.3459,0.0045530391
640.3459,0.0044749805
640.3459,0.00422792
640.3459,0.004074437
640.3459,0.004047585
640.3459,0.0037683651
640.3459,0.003747967
640.3459,0.0035565855
640.3459,0.0031928555
640.3459,0.0028582692
640.3459,0.0028533225
640.3459,0.0026070551
640.3459,-0.0013446496
640.3459,-0.0017445617
640.3459,-0.0031273942
640.3459,-0.0058234046
640.3459,-0.0074056118
640.3459,-0.0084088791
640.3459,-0.0084322282
640.3459,-0.0099504975
657.8271,0.0099565486
657.8271,0.0098830284
657.8271,0.0097921574
657.8271,0.009776137
657.8271,0.0096833249
657.8271,0.0096381877
657.8271,0.0094835545
657.8271,0.0094250994
657.8271,0.0093998143
657.8271,0.0092739251
657.8271,0.0092701512
657.8271,0.0092388995
657.8271,0.009210952
657.8271,0.0091738005
657.8271,0.009163481
657.8271,0.0091115069
657.8271,0.0090929973
657.8271,0.0089673408
657.8271,0.0089621436
657.8271,0.008923985
657.8271,0.0088670679
657.8271,0.0088226653
657.8271,0.0087135388
657.8271,0.0086696013
657.8271,0.0084832438
657.8271,0.0084756561
657.8271,0.0084152445
657.8271,0.0083627318
657.8271,0.0083520012
657.8271,0.0083346902
657.8271,0.0083262075
657.8271,0.0081992642
657.8271,0.0081848331
657.8271,0.008182606
657.8271,0.008171596
657.8271,0.0081674597
657.8271,0.0081445517
657.8271,0.0081037528
657.8271,0.0080518094
657.8271,0.0080198164
657.8271,0.0079728495
657.8271,0.0079691135
657.8271,0.007961601
657.8271,0.0079565259
657.8271,0.0079324067
657.8271,0.0079290316
657.8271,0.0079184971
657.8271,0.0079060738
657.8271,0.0078905975
657.8271,0.0078700269
657.8271,0.0078361483
657.8271,0.0078230726
657.8271,0.0078204464
657.8271,0.0078024917
657.8271,0.0077686535
657.8271,0.007763376
657.8271,0.007750901
657.8271,0.0076702796
657.8271,0.0076442852
657.8271,0.007640935
657.8271,0.0076216982
657.8271,0.0075935184
657.8271,0.0075853167
657.8271,0.0074862791
657.8271,0.0074791296
657.8271,0.0074175024
657.8271,0.0074158825
657.8271,0.0074132935
657.8271,0.0073833051
657.8271,0.0073465748
657.8271,0.0073334913
657.8271,0.0072996496
657.8271,0.0072893295
657.8271,0.0072467934
657.8271,0.0072421666
657.8271,0.007202609
657.8271,0.00719585
657.8271,0.0071552055
657.8271,0.0071230192
657.8271,0.0071116576
657.8271,0.0071071626
657.8271,0.0071009312
657.8271,0.0070603434
657.8271,0.0070552876
657.8271,0.0070466527
657.8271,0.0069894421
657.8271,0.0069658642
657.8271,0.0069391989
657.8271,0.0069333666
657.8271,0.0069328796
657.8271,0.0069207403
657.8271,0.0069068161
657.8271,0.0068868674
657.8271,0.006871882
657.8271,0.0068674917
657.8271,0.0068465302
657.8271,0.00683027
657.8271,0.0068198528
657.8271,0.0068103107
657.8271,0.0067864504
657.8271,0.0067862581
657.8271,0.0067862503
657.8271,0.0067760948
657.8271,0.0067713959
657.8271,0.0067550277
657.8271,0.0067478914
657.8271,0.0066588537
657.8271,0.0066491464
657.8271,0.0066343843
657.8271,0.0066180652
657.8271,0.0065018209
657.8271,0.0064937784
657.8271,0.0064613513
657.8271,0.0064496082
657.8271,0.0064485329
657.8271,0.006425797
657.8271,0.0062966989
657.8271,0.0062702431
657.8271,0.0062003947
657.8271,0.0061471737
657.8271,0.0060523363
657.8271,0.006028664
657.8271,0.0059921715
657.8271,0.0059720987
657.8271,0.0059656965
657.8271,0.0059065291
657.8271,0.0058933355
657.8271,0.005890215
657.8271,0.0058860679
657.8271,0.0058444082
657.8271,0.0058417864
657.8271,0.0058320082
657.8271,0.0058099799
657.8271,0.005778439
657.8271,0.0057243863
657.8271,0.0057151383
657.8271,0.0056886701
657.8271,0.0056331071
657.8271,0.0056256832
657.8271,0.0056051375
657.8271,0.0055388254
657.8271,0.0055172958
657.8271,0.0054776372
657.8271,0.0053838981
657.8271,0.0053367039
657.8271,0.0052511017
657.8271,0.0052379524
657.8271,0.005202654
657.8271,0.0051436309
657.8271,0.0051235124
657.8271,0.0051148965
657.8271,0.0050497761
657.8271,0.0050451127
657.8271,0.0050247018
657.8271,0.0049771483
657.8271,0.0049168678
657.8271,0.00486803
657.8271,0.0048676564
657.8271,0.0048513291
657.8271,0.0047901806
657.8271,0.0047528039
657.8271,0.0047255945
657.8271,0.004705506
657.8271,0.0046796011
657.8271,0.0046544632
657.8271,0.0045875933
657.8271,0.004515419
657.8271,0.0045118319
657.8271,0.0045089389
657.8271,0.0044821935
657.8271,0.0044662558
657.8271,0.0044364286
657.8271,0.0044174168
657.8271,0.0043972908
657.8271,0.0043256029
657.8271,0.004322551
657.8271,0.004286099
657.8271,0.0042851916
657.8271,0.0042385567
657.8271,0.0042199944
657.8271,0.0041188055
657.8271,0.0041110309
657.8271,0.004077173
657.8271,0.0040715891
657.8271,0.0040606347
657.8271,0.0040508739
657.8271,0.0039600544
657.8271,0.00390249
657.8271,0.0039001254
657.8271,0.0037864026
657.8271,0.0037385684
657.8271,0.0037380966
657.8271,0.0037257095
657.8271,0.0036548832
657.8271,0.003641696
657.8271,0.0036044481
657.8271,0.0035969445
657.8271,0.003596895
657.8271,0.0035826734
657.8271,0.00347751
657.8271,0.0034604771
657.8271,0.0034252196
657.8271,0.0034251729
657.8271,0.0034187944
657.8271,0.0034185879
657.8271,0.003413163
657.8271,0.0033797787
657.8271,0.003362084
657.8271,0.0033580085
657.8271,0.0033327509
657.8271,0.0033316174
657.8271,0.0033152876
657.8271,0.003312412
657.8271,0.0033011815
657.8271,0.0032775886
657.8271,0.0032440546
657.8271,0.0032382245
657.8271,0.0032370155
657.8271,0.0032233319
657.8271,0.0031972152
657.8271,0.0031951487
657.8271,0.0030761047
657.8271,0.002977951
657.8271,0.0029700102
657.8271,0.0029584705
657.8271,0.0029267568
657.8271,0.0029180825
657.8271,0.0029179441
657.8271,0.0029138715
657.8271,0.0029128544
657.8271,0.002850729
657.8271,0.0028473097
657.8271,0.0027937635
657.8271,0.0027803584
657.8271,0.0027315607
657.8271,0.002706213
657.8271,0.0027058645
657.8271,0.002699373
657.8271,0.0026787527
657.8271,0.0026684983
657.8271,0.002635749
657.8271,0.0026272543
657.8271,0.002612518
657.8271,0.0025995406
657.8271,0.0025142327
657.8271,0.0024973712
657.8271,0.0024556024
657.8271,0.0024466344
657.8271,0.0024216889
657.8271,0.0024201805
657.8271,0.0024177204
657.8271,0.0024176842
657.8271,0.0023848555
657.8271,0.0023805994
657.8271,0.002348013
657.8271,0.0023301686
657.8271,0.0022973432
657.8271,0.0022072459
657.8271,0.0021791811
657.8271,0.0021779813
657.8271,0.0021197375
657.8271,0.0021037607
657.8271,0.0021023068
657.8271,0.0020969082
657.8271,0.0020693818
657.8271,0.0020374293
657.8271,0.0020090472
657.8271,0.0020001991
657.8271,0.0019893243
657.8271,0.0019669491
657.8271,0.0019185219
657.8271,0.0019093264
657.8271,0.0018779107
657.8271,0.0018249052
657.8271,0.0017822083
657.8271,0.0017469277
657.8271,0.0016800077
657.8271,0.0016698534
657.8271,0.0016600012
657.8271,0.001635919
657.8271,0.0016192075
657.8271,0.0015894086
657.8271,0.0015797636
657.8271,0.0015506694
657.8271,0.0015220208
657.8271,0.0014828484
657.8271,0.0014648184
657.8271,0.0014435729
657.8271,0.0014431003
657.8271,0.001428264
657.8271,0.0014277546
657.8271,0.0014250605
657.8271,0.0013884775
657.8271,0.0013347294
657.8271,0.0012619033
657.8271,0.0012318607
657.8271,0.0012204272
657.8271,0.0012113268
657.8271,0.0012001857
657.8271,0.0011713304
657.8271,0.0011676681
657.8271,0.0011518716
657.8271,0.0011315279
657.8271,0.0011014318
657.8271,0.0010991448
657.8271,0.0010925683
657.8271,0.001091959
657.8271,0.0010614447
657.8271,0.0010547327
657.8271,0.0010321895
657.8271,0.0010210105
657.8271,0.00099632157
657.8271,0.00099374218
657.8271,0.00099066526
657.8271,0.00098090264
657.8271,0.00096589125
657.8271,0.00094413705
657.8271,0.00093295094
657.8271,0.00092274211
657.8271,0.00091078132
657.8271,0.00083842191
657.8271,0.0008272906
657.8271,0.00081275905
657.8271,0.00080072065
657.8271,0.00078952384
657.8271,0.00070295307
657.8271,0.00069301263
657.8271,0.00068313649
657.8271,0.00065421765
657.8271,0.00064349767
657.8271,0.00063664023
657.8271,0.00054232869
657.8271,0.00053171347
657.8271,0.00052659663
657.8271,0.00050707021
657.8271,0.00049797193
657.8271,0.00049138732
657.8271,0.00048316565
657.8271,0.00046646859
657.8271,0.00037721912
657.8271,0.0003446833
657.8271,0.00029386597
657.8271,0.00028049951
657.8271,0.00027884865
657.8271,0.00027449446
657.8271,0.0002734127
657.8271,0.00024415392
657.8271,0.00022576551
657.8271,0.00021934451
657.8271,0.0001950928
657.8271,0.00015201346
657.8271,0.00011887698
657.8271,0.00010423591
657.8271,9.0519311e-05
657.8271,6.3286209e-05
657.8271,4.2758962e-05
657.8271,2.303054e-05
657.8271,1.5908141e-05
657.8271,2.025898e-06
657.8271,-1.20325e-05
657.8271,-5.3046206e-05
657.8271,-6.4218916e-05
657.8271,-7.0017352e-05
657.8271,-7.6228158e-05
657.8271,-0.0001198656
657.8271,-0.00013039881
657.8271,-0.00013419055
657.8271,-0.0001366432
657.8271,-0.000143955
657.8271,-0.00019909639
657.8271,-0.00021736003
657.8271,-0.00023276721
657.8271,-0.00027978585
657.8271,-0.00028923184
657.8271,-0.00031395204
657.8271,-0.00031971945
657.8271,-0.00032869824
657.8271,-0.00033748864
657.8271,-0.00035810355
657.8271,-0.00037975797
657.8271,-0.00038522845
657.8271,-0.00038577109
657.8271,-0.00040307669
657.8271,-0.00044253523
657.8271,-0.00045617862
657.8271,-0.00045864505
657.8271,-0.00046148079
657.8271,-0.00046738209
657.8271,-0.00051648201
657.8271,-0.00054182328
657.8271,-0.00054252306
657.8271,-0.00059760919
657.8271,-0.00059895355
657.8271,-0.00064861451
657.8271,-0.00064977487
657.8271,-0.00065461016
657.8271,-0.00067437024
657.8271,-0.00068317253
657.8271,-0.00069274519
657.8271,-0.00071012636
657.8271,-0.00071999096
657.8271,-0.00073603648
657.8271,-0.00073712096
657.8271,-0.00075782502
657.8271,-0.00076956948
657.8271,-0.0007705615
657.8271,-0.00078211063
657.8271,-0.00083613405
657.8271,-0.00084197625
657.8271,-0.00085956034
657.8271,-0.00086450883
657.8271,-0.00086625854
657.8271,-0.00087726427
657.8271,-0.00090908049
657.8271,-0.00091145499
657.8271,-0.00091428886
657.8271,-0.00093899709
657.8271,-0.00094176322
657.8271,-0.00094659663
657.8271,-0.00096801177
657.8271,-0.00098638948
657.8271,-0.00100033
657.8271,-0.0010017222
657.8271,-0.0010181737
657.8271,-0.0010222269
657.8271,-0.0010307972
657.8271,-0.0010434516
657.8271,-0.0010506035
657.8271,-0.0010585117
657.8271,-0.0010585151
657.8271,-0.0011268375
657.8271,-0.0011454273
657.8271,-0.0011925687
657.8271,-0.001223099
657.8271,-0.0012415767
657.8271,-0.0012891271
657.8271,-0.0013465608
657.8271,-0.0013539103
657.8271,-0.0013587242
657.8271,-0.0013725819
657.8271,-0.0013852472
657.8271,-0.0013901708
657.8271,-0.0015115001
657.8271,-0.0015239966
657.8271,-0.001570971
657.8271,-0.0015853914
657.8271,-0.0015927181
657.8271,-0.0016216676
657.8271,-0.0016308135
657.8271,-0.001639641
657.8271,-0.001642914
657.8271,-0.0016769958
657.8271,-0.0016815191
657.8271,-0.001683622
657.8271,-0.0017032586
657.8271,-0.0017228436
657.8271,-0.0017339922
657.8271,-0.0017876616
657.8271,-0.0017906979
657.8271,-0.0018063102
657.8271,-0.0018135414
657.8271,-0.0018358277
657.8271,-0.0019104902
657.8271,-0.0019150754
657.8271,-0.0019918885
657.8271,-0.0020946998
657.8271,-0.0021747738
657.8271,-0.0021783778
657.8271,-0.0022059223
657.8271,-0.0022113181
657.8271,-0.0022172562
657.8271,-0.0022174756
657.8271,-0.002230848
657.8271,-0.00224943
657.8271,-0.0022639653
657.8271,-0.0022847855
657.8271,-0.0023132289
657.8271,-0.0023315035
657.8271,-0.0023345699
657.8271,-0.0023471999
657.8271,-0.0023487264
657.8271,-0.0024491656
657.8271,-0.0024583444
657.8271,-0.002546827
657.8271,-0.0025638338
657.8271,-0.0026508208
657.8271,-0.0026620697
657.8271,-0.0026735591
657.8271,-0.0026785486
657.8271,-0.002727515
657.8271,-0.0027540496
657.8271,-0.0027998213
657.8271,-0.0028147464
657.8271,-0.0028221695
657.8271,-0.0028766042
657.8271,-0.0029059726
657.8271,-0.0029706143
657.8271,-0.0029914095
657.8271,-0.003149034
657.8271,-0.0031611025
657.8271,-0.003179438
657.8271,-0.0031805658
657.8271,-0.0032218775
657.8271,-0.0032573965
657.8271,-0.0032807915
657.8271,-0.0032877552
657.8271,-0.0033341318
657.8271,-0.0033373446
657.8271,-0.0033887014
657.8271,-0.0034148865
657.8271,-0.0034383423
657.8271,-0.0035697003
657.8271,-0.0036247352
657.8271,-0.0036361826
657.8271,-0.0036629911
657.8271,-0.0036851217
657.8271,-0.0037723424
657.8271,-0.0038121373
657.8271,-0.003909257
657.8271,-0.0039863998
657.8271,-0.0040494463
657.8271,-0.0040868359
657.8271,-0.0040974839
657.8271,-0.0041301733
657.8271,-0.0041901653
657.8271,-0.0042027869
657.8271,-0.0042245266
657.8271,-0.0042477245
657.8271,-0.0042687224
657.8271,-0.0043228256
657.8271,-0.0043418142
657.8271,-0.0044914023
657.8271,-0.0046380736
657.8271,-0.0047925884
657.8271,-0.0049131936
657.8271,-0.0050459245
657.8271,-0.0050739409
657.8271,-0.0051320709
657.8271,-0.0051372533
657.8271,-0.0052544306
657.8271,-0.0055511448
657.8271,-0.0057132316
657.8271,-0.0057447579
657.8271,-0.0057915162
657.8271,-0.0058054773
657.8271,-0.0058310213
657.8271,-0.00603608
657.8271,-0.0064050285
657.8271,-0.0064534211
657.8271,-0.0067405873
657.8271,-0.0067853322
657.8271,-0.0070523454
657.8271,-0.0072436738
657.8271,-0.0072757742
657.8271,-0.0073612348
657.8271,-0.0077158006
657.8271,-0.0077674449
657.8271,-0.0078059529
657.8271,-0.0078547593
657.8271,-0.0079154271
657.8271,-0.0081845709
657.8271,-0.008987387
657.8271,-0.0091537202
665.3385,0.0099992211
665.3385,0.0099951884
665.3385,0.0099862014
665.3385,0.0099783548
665.3385,0.0099729471
665.3385,0.0099727106
665.3385,0.0099573966
665.3385,0.0099529521
665.3385,0.0099377662
665.3385,0.0099363463
665.3385,0.0099363405
665.3385,0.0099350241
665.3385,0.009924821
665.3385,0.0099188126
665.3385,0.0099121294
665.3385,0.0099074684
665.3385,0.0099025211
665.3385,0.0099004052
665.3385,0.0098912269
665.3385,0.0098868743
665.3385,0.0098868714
665.3385,0.0098810922
665.3385,0.0098764509
665.3385,0.0098730609
665.3385,0.0098704942
665.3385,0.0098685262
665.3385,0.0098642933
665.3385,0.0098600974
665.3385,0.0098567859
665.3385,0.0098509688
665.3385,0.0098355316
665.3385,0.0098331149
665.3385,0.0098309886
665.3385,0.0098179558
665.3385,0.0098137542
665.3385,0.0098094998
665.3385,0.0098072477
665.3385,0.00980033
665.3385,0.0098002125
665.3385,0.0097999366
665.3385,0.0097949085
665.3385,0.0097913395
665.3385,0.0097912387
665.3385,0.009787512
665.3385,0.0097847291
665.3385,0.009783813
665.3385,0.0097664638
665.3385,0.0097584498
665.3385,0.0097446205
665.3385,0.0097444618
665.3385,0.0097443015
665.3385,0.0097430674
665.3385,0.0097415049
665.3385,0.0097356089
665.3385,0.0097326088
665.3385,0.0097290559
665.3385,0.0097220699
665.3385,0.0097190275
665.3385,0.009713278
665.3385,0.0097113448
665.3385,0.0097110386
665.3385,0.0097014832
665.3385,0.0096906738
665.3385,0.0096817153
665.3385,0.009674358
665.3385,0.0096706679
665.3385,0.0096632241
665.3385,0.0096626921
665.3385,0.0096573678
665.3385,0.0096558549
665.3385,0.0096550743
665.3385,0.0096492763
665.3385,0.0096425829
665.3385,0.0096290755
665.3385,0.0096170571
665.3385,0.0096168433
665.3385,0.0096084675
665.3385,0.0096056585
665.3385,0.0096045406
665.3385,0.0096034364
665.3385,0.0095907563
665.3385,0.0095873901
665.3385,0.0095829894
665.3385,0.0095785624
665.3385,0.0095750199
665.3385,0.0095731072
665.3385,0.0095706749
665.3385,0.0095671285
665.3385,0.0095643291
665.3385,0.0095633571
665.3385,0.0095613976
665.3385,0.0095591741
665.3385,0.0095536069
665.3385,0.0095515721
665.3385,0.0095499359
665.3385,0.0095441794
665.3385,0.0095351604
665.3385,0.0095304664
665.3385,0.0095293275
665.3385,0.0095266928
665.3385,0.0095243593
665.3385,0.0095201313
665.3385,0.0095144139
665.3385,0.0095108945
665.3385,0.0095090264
665.3385,0.0095079549
665.3385,0.0095051204
665.3385,0.0095047544
665.3385,0.0095013403
665.3385,0.0094994232
665.3385,0.009496861
665.3385,0.0094868939
665.3385,0.0094801304
665.3385,0.009479742
665.3385,0.0094650522
665.3385,0.0094632127
665.3385,0.0094494247
665.3385,0.0094469579
665.3385,0.0094393854
665.3385,0.0094393022
665.3385,0.0094284063
665.3385,0.0094282022
665.3385,0.009417991
665.3385,0.0094130997
665.3385,0.0094116958
665.3385,0.0094042317
665.3385,0.0094040378
665.3385,0.0093986466
665.3385,0.0093967083
665.3385,0.0093912325
665.3385,0.0093874964
665.3385,0.0093840066
665.3385,0.0093685519
665.3385,0.0093591699
665.3385,0.0093508844
665.3385,0.0093475751
665.3385,0.009345486
665.3385,0.009333388
665.3385,0.0093301668
665.3385,0.0093260078
665.3385,0.0093259657
665.3385,0.0093209772
665.3385,0.0093124669
665.3385,0.0093105466
665.3385,0.0093025422
665.3385,0.0092955445
665.3385,0.0092948138
665.3385,0.0092870007
665.3385,0.0092818008
665.3385,0.0092800493
665.3385,0.009280018
665.3385,0.0092791086
665.3385,0.0092739414
665.3385,0.0092679082
665.3385,0.0092608938
665.3385,0.0092583031
665.3385,0.0092546938
665.3385,0.0092493091
665.3385,0.0092445659
665.3385,0.0092391112
665.3385,0.0092343192
665.3385,0.0092330822
665.3385,0.0092330809
665.3385,0.0092315552
665.3385,0.0092170791
665.3385,0.0092142418
665.3385,0.0092141288
665.3385,0.0091922479
665.3385,0.0091905895
665.3385,0.00919039
665.3385,0.0091859316
665.3385,0.0091802779
665.3385,0.0091750801
665.3385,0.0091738616
665.3385,0.009170767
665.3385,0.0091670891
665.3385,0.009166879
665.3385,0.0091652505
665.3385,0.0091606342
665.3385,0.0091525818
665.3385,0.009149359
665.3385,0.0091479406
665.3385,0.0091443804
665.3385,0.0091409186
665.3385,0.0091406062
665.3385,0.0091385079
665.3385,0.0091379894
665.3385,0.0091272049
665.3385,0.0091266829
665.3385,0.009123
665.3385,0.0091170826
665.3385,0.009113095
665.3385,0.0091103696
665.3385,0.0091095489
665.3385,0.0091089329
665.3385,0.0091075629
665.3385,0.0091022026
665.3385,0.0091005772
665.3385,0.0090940986
665.3385,0.0090882788
665.3385,0.0090876316
665.3385,0.0090785562
665.3385,0.0090764357
665.3385,0.0090761341
665.3385,0.0090753363
665.3385,0.0090734819
665.3385,0.0090730851
665.3385,0.0090719135
665.3385,0.0090673559
665.3385,0.009066934
665.3385,0.0090652391
665.3385,0.009059572
665.3385,0.0090593157
665.3385,0.0090588097
665.3385,0.0090586581
665.3385,0.0090571781
665.3385,0.0090568102
665.3385,0.0090516303
665.3385,0.0090515726
665.3385,0.0090508478
665.3385,0.0090477798
665.3385,0.0090461998
665.3385,0.0090429065
665.3385,0.0090424382
665.3385,0.0090358921
665.3385,0.0090339162
665.3385,0.0090284273
665.3385,0.0090249308
665.3385,0.0090223788
665.3385,0.0090166178
665.3385,0.0090147627
665.3385,0.0090092252
665.3385,0.0090088776
665.3385,0.009008856
665.3385,0.0090074272
665.3385,0.0090057458
665.3385,0.0090039014
665.3385,0.0089896312
665.3385,0.0089830849
665.3385,0.0089814725
665.3385,0.0089767911
665.3385,0.0089727962
665.3385,0.008971499
665.3385,0.0089699925
665.3385,0.0089693075
665.3385,0.0089649503
665.3385,0.0089636148
665.3385,0.0089598541
665.3385,0.0089481905
665.3385,0.0089458477
665.3385,0.0089415763
665.3385,0.0089335538
665.3385,0.0089327479
665.3385,0.0089303714
665.3385,0.0089287895
665.3385,0.0089254788
665.3385,0.0089239525
665.3385,0.008923044
665.3385,0.008921354
665.3385,0.0089187634
665.3385,0.0089186301
665.3385,0.0089154294
665.3385,0.0089145339
665.3385,0.0089134779
665.3385,0.0089122388
665.3385,0.0089107965
665.3385,0.0089088353
665.3385,0.0088978112
665.3385,0.0088961093
665.3385,0.0088960991
665.3385,0.0088938592
665.3385,0.0088866742
665.3385,0.0088847712
665.3385,0.0088825795
665.3385,0.0088812547
665.3385,0.0088783111
665.3385,0.0088737215
665.3385,0.0088734845
665.3385,0.0088721693
665.3385,0.0088644603
665.3385,0.0088632486
665.3385,0.0088610937
665.3385,0.0088601118
665.3385,0.0088581917
665.3385,0.0088542393
665.3385,0.0088515081
665.3385,0.0088497305
665.3385,0.008847285
665.3385,0.0088453605
665.3385,0.0088450262
665.3385,0.0088400442
665.3385,0.0088373525
665.3385,0.0088357407
665.3385,0.0088351037
665.3385,0.0088341748
665.3385,0.0088326004
665.3385,0.0088325007
665.3385,0.0088303243
665.3385,0.0088292042
665.3385,0.0088246714
665.3385,0.0088184378
665.3385,0.0088179801
665.3385,0.0088177456
665.3385,0.0088161424
665.3385,0.0088151719
665.3385,0.008814255
665.3385,0.0088124284
665.3385,0.0088073616
665.3385,0.0087992585
665.3385,0.008797295
665.3385,0.0087959567
665.3385,0.0087957434
665.3385,0.0087955224
665.3385,0.0087923715
665.3385,0.0087866004
665.3385,0.0087847214
665.3385,0.0087839355
665.3385,0.0087833341
665.3385,0.0087827012
665.3385,0.0087821347
665.3385,0.0087779972
665.3385,0.0087705106
665.3385,0.0087648256
665.3385,0.0087593908
665.3385,0.0087587741
665.3385,0.0087574593
665.3385,0.0087563577
665.3385,0.0087556395
665.3385,0.0087554942
665.3385,0.0087536597
665.3385,0.0087492315
665.3385,0.008745389
665.3385,0.008743263
665.3385,0.0087312564
665.3385,0.0087261774
665.3385,0.0087243675
665.3385,0.0087212829
665.3385,0.0087212285
665.3385,0.0087137659
665.3385,0.0087127197
665.3385,0.0087050249
665.3385,0.0087027396
665.3385,0.0087012554
665.3385,0.008693253
665.3385,0.0086856542
665.3385,0.0086829431
665.3385,0.0086810237
665.3385,0.0086753536
665.3385,0.0086752561
665.3385,0.0086746618
665.3385,0.0086639433
665.3385,0.0086595097
665.3385,0.0086578357
665.3385,0.0086577288
665.3385,0.0086548145
665.3385,0.0086531134
665.3385,0.0086526675
665.3385,0.0086511686
665.3385,0.0086508854
665.3385,0.0086502117
665.3385,0.0086487334
665.3385,0.0086483845
665.3385,0.0086473638
665.3385,0.0086449884
665.3385,0.0086437349
665.3385,0.0086428652
665.3385,0.0086425761
665.3385,0.0086353266
665.3385,0.0086351497
665.3385,0.0086317399
665.3385,0.0086245412
665.3385,0.0086243692
665.3385,0.0086243301
665.3385,0.0086202461
665.3385,0.0086189651
665.3385,0.0086189412
665.3385,0.0086173662
665.3385,0.0086151593
665.3385,0.0086132943
665.3385,0.0086096299
665.3385,0.0086069841
665.3385,0.0086062542
665.3385,0.0086057463
665.3385,0.0086054257
665.3385,0.0086039199
665.3385,0.0086024195
665.3385,0.00860205
665.3385,0.0086005944
665.3385,0.0085986726
665.3385,0.0085955191
665.3385,0.0085824809
665.3385,0.0085809026
665.3385,0.0085718457
665.3385,0.0085652893
665.3385,0.0085646339
665.3385,0.0085637442
665.3385,0.0085614901
665.3385,0.0085611996
665.3385,0.0085604088
665.3385,0.0085582739
665.3385,0.0085547136
665.3385,0.008553436
665.3385,0.0085482287
665.3385,0.0085465046
665.3385,0.0085421817
665.3385,0.0085386596
665.3385,0.0085368338
665.3385,0.0085361913
665.3385,0.0085331138
665.3385,0.0085257786
665.3385,0.0085202462
665.3385,0.0085188052
665.3385,0.0085176817
665.3385,0.0085165845
665.3385,0.0085114725
665.3385,0.0085096838
665.3385,0.0085040152
665.3385,0.0085020036
665.3385,0.00850179
665.3385,0.0085014471
665.3385,0.0084975581
665.3385,0.0084958834
665.3385,0.0084935717
665.3385,0.0084908813
665.3385,0.0084888777
665.3385,0.0084848684
665.3385,0.0084839639
665.3385,0.0084836366
665.3385,0.0084828759
665.3385,0.0084798108
665.3385,0.0084787547
665.3385,0.0084762208
665.3385,0.0084679462
665.3385,0.0084642555
665.3385,0.0084629044
665.3385,0.0084477482
665.3385,0.008442959
665.3385,0.0084422564
665.3385,0.0084390152
665.3385,0.0084376807
665.3385,0.0084373012
665.3385,0.0084335182
665.3385,0.0084319205
665.3385,0.0084298497
665.3385,0.0084250702
665.3385,0.0084198897
665.3385,0.0084177032
665.3385,0.0084164328
665.3385,0.0084075286
665.3385,0.0084030763
665.3385,0.0084025628
665.3385,0.0084001945
665.3385,0.0083985081
665.3385,0.0083983781
665.3385,0.0083973253
665.3385,0.0083964899
665.3385,0.00839095
665.3385,0.0083870956
665.3385,0.0083848844
665.3385,0.0083825466
665.3385,0.0083807619
665.3385,0.0083794722
665.3385,0.0083765018
665.3385,0.008376262
665.3385,0.0083738712
665.3385,0.0083679034
665.3385,0.008362354
665.3385,0.0083575858
665.3385,0.0083568527
665.3385,0.0083546302
665.3385,0.0083524698
665.3385,0.0083518278
665.3385,0.0083489933
665.3385,0.0083372448
665.3385,0.0083313865
665.3385,0.008323549
665.3385,0.0083226024
665.3385,0.0083131663
665.3385,0.0083084648
665.3385,0.008307221
665.3385,0.0083056191
665.3385,0.0083052087
665.3385,0.0083039322
665.3385,0.0083024321
665.3385,0.0082978033
665.3385,0.0082952791
665.3385,0.0082932287
665.3385,0.008291192
665.3385,0.0082910893
665.3385,0.0082904835
665.3385,0.0082904106
665.3385,0.0082876566
665.3385,0.0082845595
665.3385,0.0082777701
665.3385,0.0082770646
665.3385,0.0082743704
665.3385,0.0082720119
665.3385,0.0082718631
665.3385,0.0082710985
665.3385,0.0082683103
665.3385,0.0082649375
665.3385,0.0082640327
665.3385,0.0082620069
665.3385,0.0082610763
665.3385,0.0082600826
665.3385,0.0082592736
665.3385,0.0082561565
665.3385,0.0082543385
665.3385,0.0082538678
665.3385,0.0082525717
665.3385,0.0082501968
665.3385,0.0082488502
665.3385,0.008245993
665.3385,0.0082420279
665.3385,0.0082357617
665.3385,0.008235432
665.3385,0.0082351385
665.3385,0.0082346483
665.3385,0.0082272291
665.3385,0.0082252339
665.3385,0.0082228555
665.3385,0.0082224109
665.3385,0.0082218744
665.3385,0.0082201289
665.3385,0.0082145547
665.3385,0.0082118501
665.3385,0.0082114
665.3385,0.008210617
665.3385,0.0082091972
665.3385,0.0082087501
665.3385,0.0082058359
665.3385,0.0082010311
665.3385,0.0082004153
665.3385,0.0081991513
665.3385,0.0081938037
665.3385,0.0081884668
665.3385,0.0081883075
665.3385,0.0081860836
665.3385,0.0081820834
665.3385,0.0081814007
665.3385,0.0081785637
665.3385,0.0081763686
665.3385,0.0081698248
665.3385,0.008169436
665.3385,0.0081688211
665.3385,0.0081680394
665.3385,0.0081675599
665.3385,0.0081648776
665.3385,0.008162542
665.3385,0.0081614685
665.3385,0.0081566549
665.3385,0.0081544475
665.3385,0.0081544009
665.3385,0.0081532665
665.3385,0.008149269
665.3385,0.0081469675
665.3385,0.008146519
665.3385,0.0081457913
665.3385,0.0081419864
665.3385,0.0081380074
665.3385,0.008137264
665.3385,0.0081368734
665.3385,0.0081357402
665.3385,0.0081334998
665.3385,0.0081332277
665.3385,0.0081317003
665.3385,0.0081306532
665.3385,0.0081273732
665.3385,0.0081267657
665.3385,0.0081263908
665.3385,0.0081255806
665.3385,0.0081183489
665.3385,0.0081164669
665.3385,0.0081152452
665.3385,0.0081139876
665.3385,0.0081079825
665.3385,0.0081066055
665.3385,0.0081063046
665.3385,0.0081050156
665.3385,0.0081025439
665.3385,0.0081008885
665.3385,0.0080945744
665.3385,0.0080929151
665.3385,0.0080878218
665.3385,0.0080871454
665.3385,0.0080811468
665.3385,0.0080763999
665.3385,0.0080739615
665.3385,0.008071985
665.3385,0.0080698436
665.3385,0.0080667954
665.3385,0.0080667204
665.3385,0.0080658252
665.3385,0.0080635051
665.3385,0.0080607911
665.3385,0.0080606319
665.3385,0.0080593524
665.3385,0.0080580933
665.3385,0.0080565682
665.3385,0.0080511309
665.3385,0.0080492088
665.3385,0.0080468899
665.3385,0.0080438238
665.3385,0.0080432159
665.3385,0.0080429345
665.3385,0.0080343009
665.3385,0.0080336975
665.3385,0.0080303889
665.3385,0.0080293922
665.3385,0.0080248482
665.3385,0.0080127707
665.3385,0.008012071
665.3385,0.0080111613
665.3385,0.0080108837
665.3385,0.0080106769
665.3385,0.0080075307
665.3385,0.0080067983
665.3385,0.0080049088
665.3385,0.0080017209
665.3385,0.0079992177
665.3385,0.0079981934
665.3385,0.0079965757
665.3385,0.0079855579
665.3385,0.0079842628
665.3385,0.0079828043
665.3385,0.0079826393
665.3385,0.0079808923
665.3385,0.0079798326
665.3385,0.0079771284
665.3385,0.0079748631
665.3385,0.0079727073
665.3385,0.0079722739
665.3385,0.0079722062
665.3385,0.0079697837
665.3385,0.0079674601
665.3385,0.0079674265
665.3385,0.0079625266
665.3385,0.0079586387
665.3385,0.0079555158
665.3385,0.00795438
665.3385,0.0079530965
665.3385,0.0079526954
665.3385,0.0079519915
665.3385,0.0079459225
665.3385,0.0079444385
665.3385,0.0079391977
665.3385,0.0079389559
665.3385,0.0079357861
665.3385,0.0079355464
665.3385,0.0079345299
665.3385,0.0079340135
665.3385,0.0079335495
665.3385,0.0079331058
665.3385,0.0079315705
665.3385,0.0079286739
665.3385,0.0079286697
665.3385,0.0079235567
665.3385,0.0079185504
665.3385,0.0079155396
665.3385,0.0079080258
665.3385,0.0079076833
665.3385,0.0079054962
665.3385,0.0079051245
665.3385,0.0079029885
665.3385,0.0079028949
665.3385,0.0079017319
665.3385,0.0079016746
665.3385,0.007899336
665.3385,0.0078986289
665.3385,0.0078978956
665.3385,0.0078976722
665.3385,0.0078964293
665.3385,0.0078867741
665.3385,0.007883845
665.3385,0.0078828262
665.3385,0.0078812808
665.3385,0.0078748615
665.3385,0.0078598519
665.3385,0.0078577159
665.3385,0.0078577122
665.3385,0.0078541192
665.3385,0.0078535202
665.3385,0.0078534644
665.3385,0.0078531957
665.3385,0.0078531094
665.3385,0.0078514307
665.3385,0.0078486419
665.3385,0.0078486401
665.3385,0.0078480714
665.3385,0.0078447846
665.3385,0.0078429046
665.3385,0.0078422234
665.3385,0.0078403462
665.3385,0.0078398431
665.3385,0.0078386424
665.3385,0.0078299569
665.3385,0.007826953
665.3385,0.0078264983
665.3385,0.0078251621
665.3385,0.0078225112
665.3385,0.0078187259
665.3385,0.0078184346
665.3385,0.0078140713
665.3385,0.0078121778
665.3385,0.0078110632
665.3385,0.0078093988
665.3385,0.0078090727
665.3385,0.0078072342
665.3385,0.0078072036
665.3385,0.0078063146
665.3385,0.0078028472
665.3385,0.0077970149
665.3385,0.0077942279
665.3385,0.0077934971
665.3385,0.0077892124
665.3385,0.0077888829
665.3385,0.0077879462
665.3385,0.0077878434
665.3385,0.0077863959
665.3385,0.0077845653
665.3385,0.0077811729
665.3385,0.0077774957
665.3385,0.0077774123
665.3385,0.0077700581
665.3385,0.0077695826
665.3385,0.0077688681
665.3385,0.0077679303
665.3385,0.0077676791
665.3385,0.0077669742
665.3385,0.0077627143
665.3385,0.0077608753
665.3385,0.0077586837
665.3385,0.0077557414
665.3385,0.0077545646
665.3385,0.007746452
665.3385,0.0077357557
665.3385,0.0077354986
665.3385,0.0077339237
665.3385,0.0077306772
665.3385,0.0077291258
665.3385,0.0077283606
665.3385,0.0077249531
665.3385,0.0077208155
665.3385,0.0077189417
665.3385,0.0077110056
665.3385,0.0077097181
665.3385,0.0077070344
665.3385,0.007706303
665.3385,0.0076997891
665.3385,0.0076990535
665.3385,0.007693053
665.3385,0.0076924028
665.3385,0.0076883626
665.3385,0.0076872978
665.3385,0.0076860404
665.3385,0.007682004
665.3385,0.0076786721
665.3385,0.0076719039
665.3385,0.0076713104
665.3385,0.0076704853
665.3385,0.0076687184
665.3385,0.007668599
665.3385,0.0076636161
665.3385,0.0076613092
665.3385,0.0076517588
665.3385,0.0076459576
665.3385,0.0076425438
665.3385,0.0076411731
665.3385,0.0076384696
665.3385,0.0076361768
665.3385,0.0076281943
665.3385,0.0076218373
665.3385,0.0076209915
665.3385,0.0076179962
665.3385,0.0076167826
665.3385,0.0076166734
665.3385,0.0076059773
665.3385,0.007603065
665.3385,0.0076028566
665.3385,0.0075972597
665.3385,0.0075967237
665.3385,0.0075901264
665.3385,0.0075833406
665.3385,0.0075812147
665.3385,0.0075762378
665.3385,0.0075741151
665.3385,0.0075697647
665.3385,0.0075681479
665.3385,0.0075649462
665.3385,0.007562027
665.3385,0.0075595338
665.3385,0.0075504516
665.3385,0.0075494743
665.3385,0.007545403
665.3385,0.0075423423
665.3385,0.0075421859
665.3385,0.0075415734
665.3385,0.0075397169
665.3385,0.0075382049
665.3385,0.0075373449
665.3385,0.0075255796
665.3385,0.0075221025
665.3385,0.007520554
665.3385,0.0075196253
665.3385,0.0075180037
665.3385,0.007515184
665.3385,0.0075141733
665.3385,0.0075140563
665.3385,0.0075121111
665.3385,0.0075120943
665.3385,0.0075117902
665.3385,0.0075060029
665.3385,0.007503313
665.3385,0.0075025521
665.3385,0.0075002955
665.3385,0.0075001882
665.3385,0.0074968377
665.3385,0.007496523
665.3385,0.0074962825
665.3385,0.007495146
665.3385,0.0074901962
665.3385,0.0074862788
665.3385,0.0074843699
665.3385,0.0074838733
665.3385,0.0074798429
665.3385,0.0074734142
665.3385,0.0074721079
665.3385,0.0074701803
665.3385,0.0074657228
665.3385,0.0074576496
665.3385,0.0074572135
665.3385,0.0074556468
665.3385,0.0074546512
665.3385,0.0074537249
665.3385,0.0074463231
665.3385,0.00744345
665.3385,0.0074428129
665.3385,0.0074409052
665.3385,0.0074366316
665.3385,0.0074365207
665.3385,0.0074315466
665.3385,0.0074277366
665.3385,0.0074263888
665.3385,0.00742582
665.3385,0.0074249481
665.3385,0.0074247278
665.3385,0.0074213685
665.3385,0.0074202909
665.3385,0.0074116115
665.3385,0.0074066035
665.3385,0.0074058144
665.3385,0.0074013248
665.3385,0.0073905733
665.3385,0.007385278
665.3385,0.0073822576
665.3385,0.0073802252
665.3385,0.0073753164
665.3385,0.0073744719
665.3385,0.0073733071
665.3385,0.0073718361
665.3385,0.0073668607
665.3385,0.0073652652
665.3385,0.0073648437
665.3385,0.007360089
665.3385,0.0073583733
665.3385,0.0073533038
665.3385,0.0073484071
665.3385,0.0073483562
665.3385,0.0073448467
665.3385,0.0073444863
665.3385,0.0073440802
665.3385,0.0073401383
665.3385,0.0073383384
665.3385,0.0073379356
665.3385,0.0073279669
665.3385,0.0073259381
665.3385,0.0073217533
665.3385,0.0073199256
665.3385,0.007311228
665.3385,0.0073109761
665.3385,0.0073102199
665.3385,0.0073088284
665.3385,0.0073044614
665.3385,0.0073017117
665.3385,0.0073005117
665.3385,0.0072989954
665.3385,0.0072970877
665.3385,0.0072952396
665.3385,0.0072946459
665.3385,0.0072893725
665.3385,0.007287047
665.3385,0.0072870383
665.3385,0.0072829057
665.3385,0.0072790131
665.3385,0.0072785052
665.3385,0.0072751591
665.3385,0.0072733618
665.3385,0.0072721555
665.3385,0.0072702192
665.3385,0.0072574233
665.3385,0.0072529804
665.3385,0.0072470853
665.3385,0.0072374435
665.3385,0.0072373055
665.3385,0.0072360512
665.3385,0.0072343
665.3385,0.0072285627
665.3385,0.0072255041
665.3385,0.0072206163
665.3385,0.0072202085
665.3385,0.0072132154
665.3385,0.0072127925
665.3385,0.0072123154
665.3385,0.0072116207
665.3385,0.0072099854
665.3385,0.0072094794
665.3385,0.0072088947
665.3385,0.0072031212
665.3385,0.0072001386
665.3385,0.0071986397
665.3385,0.0071984914
665.3385,0.0071945858
665.3385,0.0071877982
665.3385,0.007187335
665.3385,0.0071833978
665.3385,0.0071821636
665.3385,0.0071818108
665.3385,0.0071816275
665.3385,0.0071816199
665.3385,0.0071774652
665.3385,0.0071690219
665.3385,0.0071618826
665.3385,0.007159035
665.3385,0.0071587332
665.3385,0.0071578875
665.3385,0.0071549278
665.3385,0.0071497524
665.3385,0.0071485667
665.3385,0.0071472888
665.3385,0.0071447238
665.3385,0.0071398743
665.3385,0.0071397627
665.3385,0.0071393801
665.3385,0.0071366267
665.3385,0.0071350312
665.3385,0.0071298185
665.3385,0.0071295329
665.3385,0.0071280267
665.3385,0.007126676
665.3385,0.0071264456
665.3385,0.007110082
665.3385,0.0071003427
665.3385,0.0071001135
665.3385,0.0070969942
665.3385,0.0070958007
665.3385,0.0070951282
665.3385,0.0070946723
665.3385,0.0070851379
665.3385,0.0070840761
665.3385,0.0070835594
665.3385,0.0070778273
665.3385,0.0070772627
665.3385,0.0070727708
665.3385,0.0070701311
665.3385,0.0070659092
665.3385,0.0070651749
665.3385,0.0070640917
665.3385,0.0070605445
665.3385,0.007058122
665.3385,0.0070489577
665.3385,0.0070423266
665.3385,0.0070354093
665.3385,0.0070310785
665.3385,0.0070250847
665.3385,0.0070208296
665.3385,0.0070205243
665.3385,0.007009231
665.3385,0.0070036633
665.3385,0.0070030682
665.3385,0.0070014242
665.3385,0.0069931119
665.3385,0.0069901916
665.3385,0.0069813054
665.3385,0.0069770711
665.3385,0.0069748809
665.3385,0.0069707695
665.3385,0.0069588659
665.3385,0.0069566825
665.3385,0.0069559393
665.3385,0.0069541723
665.3385,0.0069468705
665.3385,0.0069455018
665.3385,0.0069431226
665.3385,0.0069417281
665.3385,0.0069368989
665.3385,0.0069298133
665.3385,0.0069283135
665.3385,0.0069280795
665.3385,0.0069271503
665.3385,0.0069250761
665.3385,0.0069242897
665.3385,0.006924032
665.3385,0.0069237579
665.3385,0.0069204311
665.3385,0.006917129
665.3385,0.0069139376
665.3385,0.0069136867
665.3385,0.0069135798
665.3385,0.0069060124
665.3385,0.0069033836
665.3385,0.0069019994
665.3385,0.0069011371
665.3385,0.0068902117
665.3385,0.0068893626
665.3385,0.0068746288
665.3385,0.0068687611
665.3385,0.0068663935
665.3385,0.0068642623
665.3385,0.0068606692
665.3385,0.0068580091
665.3385,0.0068569212
665.3385,0.0068559432
665.3385,0.0068501775
665.3385,0.0068429788
665.3385,0.0068418991
665.3385,0.0068407741
665.3385,0.0068373591
665.3385,0.0068370736
665.3385,0.0068350318
665.3385,0.0068320369
665.3385,0.0068289962
665.3385,0.0068257345
665.3385,0.0068232756
665.3385,0.0068230384
665.3385,0.0068106221
665.3385,0.0068085079
665.3385,0.0068048611
665.3385,0.0068044597
665.3385,0.00679906
665.3385,0.0067930262
665.3385,0.0067920216
665.3385,0.0067884281
665.3385,0.0067825059
665.3385,0.006778839
665.3385,0.0067781166
665.3385,0.006776185
665.3385,0.0067751336
665.3385,0.0067750652
665.3385,0.0067747065
665.3385,0.0067703169
665.3385,0.0067636465
665.3385,0.0067575776
665.3385,0.0067522088
665.3385,0.0067507973
665.3385,0.0067494513
665.3385,0.0067472501
665.3385,0.0067391954
665.3385,0.0067330746
665.3385,0.0067250868
665.3385,0.0067185118
665.3385,0.0067158041
665.3385,0.0067137604
665.3385,0.0067102568
665.3385,0.0067032889
665.3385,0.006697966
665.3385,0.0066863867
665.3385,0.0066851823
665.3385,0.0066788888
665.3385,0.0066551081
665.3385,0.0066466245
665.3385,0.0066372196
665.3385,0.006634251
665.3385,0.0066255794
665.3385,0.0066245061
665.3385,0.0066172835
665.3385,0.0066148521
665.3385,0.0066113073
665.3385,0.0065910882
665.3385,0.0065908524
665.3385,0.0065879317
665.3385,0.0065876384
665.3385,0.0065814285
665.3385,0.0065804586
665.3385,0.0065785165
665.3385,0.0065769141
665.3385,0.0065616535
665.3385,0.0065598284
665.3385,0.0065596142
665.3385,0.0065588525
665.3385,0.0065566391
665.3385,0.0065525756
665.3385,0.0065491147
665.3385,0.006544229
665.3385,0.0065430486
665.3385,0.0065326925
665.3385,0.0065303577
665.3385,0.0065295076
665.3385,0.0065134428
665.3385,0.0065122906
665.3385,0.0065070874
665.3385,0.0065055768
665.3385,0.0065031103
665.3385,0.0064982739
665.3385,0.0064824475
665.3385,0.0064760195
665.3385,0.0064733575
665.3385,0.0064732397
665.3385,0.0064702652
665.3385,0.0064693682
665.3385,0.006468566
665.3385,0.0064671601
665.3385,0.0064600296
665.3385,0.0064588394
665.3385,0.0064548881
665.3385,0.0064536815
665.3385,0.0064396845
665.3385,0.0064230037
665.3385,0.0063958367
665.3385,0.0063942919
665.3385,0.0063872582
665.3385,0.0063857375
665.3385,0.0063751256
665.3385,0.0063746038
665.3385,0.0063730451
665.3385,0.0063694978
665.3385,0.0063660382
665.3385,0.0063626389
665.3385,0.0063597966
665.3385,0.0063501149
665.3385,0.0063491708
665.3385,0.0063330825
665.3385,0.0063313637
665.3385,0.006330125
665.3385,0.0063300569
665.3385,0.0063285407
665.3385,0.0063156326
665.3385,0.0063102057
665.3385,0.0063000996
665.3385,0.0062886462
665.3385,0.0062884656
665.3385,0.0062852993
665.3385,0.0062823352
665.3385,0.0062769462
665.3385,0.0062228556
665.3385,0.0062148075
665.3385,0.0062124463
665.3385,0.0061965065
665.3385,0.0061871929
665.3385,0.0061828
665.3385,0.0061723338
665.3385,0.0061693736
665.3385,0.006165676
665.3385,0.0061609862
665.3385,0.0061527068
665.3385,0.0061512148
665.3385,0.0061499423
665.3385,0.0061494202
665.3385,0.0061491002
665.3385,0.0061450036
665.3385,0.0061416908
665.3385,0.0061238596
665.3385,0.006107401
665.3385,0.0060903379
665.3385,0.0060757565
665.3385,0.0060581568
665.3385,0.0060495846
665.3385,0.0060378589
665.3385,0.0060297172
665.3385,0.0060255544
665.3385,0.0060170762
665.3385,0.0060142936
665.3385,0.0060074847
665.3385,0.0059991938
665.3385,0.0059911368
665.3385,0.0059857733
665.3385,0.0059819521
665.3385,0.0059749184
665.3385,0.0059711513
665.3385,0.0059665515
665.3385,0.0059646778
665.3385,0.005957323
665.3385,0.005956313
665.3385,0.0059386601
665.3385,0.005927497
665.3385,0.0059063291
665.3385,0.0058861518
665.3385,0.0058567217
665.3385,0.0058563109
665.3385,0.0058559445
665.3385,0.0058416754
665.3385,0.0058344927
665.3385,0.0058333867
665.3385,0.005829511
665.3385,0.0058218944
665.3385,0.0058206084
665.3385,0.0057894252
665.3385,0.0057785335
665.3385,0.0057763204
665.3385,0.0057713176
665.3385,0.0057616763
665.3385,0.005756113
665.3385,0.0057507842
665.3385,0.0057498885
665.3385,0.005741754
665.3385,0.0057398406
665.3385,0.0057354258
665.3385,0.0057297435
665.3385,0.0057177215
665.3385,0.0057145027
665.3385,0.0056984642
665.3385,0.0056894233
665.3385,0.0056807227
665.3385,0.0056804905
665.3385,0.0056751136
665.3385,0.0056677499
665.3385,0.0056339236
665.3385,0.0056272264
665.3385,0.0056166026
665.3385,0.0056164851
665.3385,0.005613011
665.3385,0.0056010656
665.3385,0.0055965895
665.3385,0.0055894426
665.3385,0.005586088
665.3385,0.0055820109
665.3385,0.0055739076
665.3385,0.0055500515
665.3385,0.005545196
665.3385,0.0055360043
665.3385,0.0055340303
665.3385,0.0055270948
665.3385,0.0055241232
665.3385,0.0055176896
665.3385,0.0055172671
665.3385,0.005513441
665.3385,0.0055074433
665.3385,0.0055032834
665.3385,0.0055017637
665.3385,0.0055003333
665.3385,0.0054912282
665.3385,0.0054686949
665.3385,0.0054654352
665.3385,0.0054551861
665.3385,0.0054461835
665.3385,0.0053975837
665.3385,0.0053968365
665.3385,0.005395891
665.3385,0.0053921902
665.3385,0.0053881203
665.3385,0.005375572
665.3385,0.0053319204
665.3385,0.005323742
665.3385,0.0053143365
665.3385,0.0053109877
665.3385,0.0053052003
665.3385,0.0053006741
665.3385,0.0053005059
665.3385,0.0052924873
665.3385,0.0052832405
665.3385,0.005278467
665.3385,0.0052775399
665.3385,0.0052636962
665.3385,0.0052264104
665.3385,0.0052160593
665.3385,0.0052113666
665.3385,0.0052024846
665.3385,0.0051812884
665.3385,0.0051782269
665.3385,0.0051741586
665.3385,0.0051398894
665.3385,0.0051385773
665.3385,0.0051315815
665.3385,0.0051081303
665.3385,0.0051000255
665.3385,0.0050936317
665.3385,0.0050634123
665.3385,0.0050458322
665.3385,0.0050213591
665.3385,0.0050138665
665.3385,0.0050103861
665.3385,0.0050090986
665.3385,0.0049906994
665.3385,0.0049855292
665.3385,0.0049790752
665.3385,0.004957192
665.3385,0.0049540532
665.3385,0.0049297929
665.3385,0.0049160202
665.3385,0.0049063505
665.3385,0.0048899554
665.3385,0.0048894053
665.3385,0.0048889128
665.3385,0.0048880204
665.3385,0.004869394
665.3385,0.0048652105
665.3385,0.0048526394
665.3385,0.0048332565
665.3385,0.0048286273
665.3385,0.0048099162
665.3385,0.0048086697
665.3385,0.0048066923
665.3385,0.0047403002
665.3385,0.0047347469
665.3385,0.0047201969
665.3385,0.0047025828
665.3385,0.0046881793
665.3385,0.004680035
665.3385,0.0046226087
665.3385,0.0046199656
665.3385,0.0046031048
665.3385,0.0045916475
665.3385,0.0045877348
665.3385,0.0045852602
665.3385,0.0045756682
665.3385,0.0045598618
665.3385,0.0045522559
665.3385,0.0045207418
665.3385,0.0045098166
665.3385,0.004497198
665.3385,0.0044751953
665.3385,0.0044264279
665.3385,0.0044185358
665.3385,0.0044014351
665.3385,0.0043863942
665.3385,0.0043780955
665.3385,0.0043414779
665.3385,0.0043395541
665.3385,0.0043200732
665.3385,0.0042996593
665.3385,0.0042686301
665.3385,0.0042558959
665.3385,0.0042557208
665.3385,0.0042311126
665.3385,0.004230674
665.3385,0.0041845659
665.3385,0.0041671917
665.3385,0.00413005
665.3385,0.0041257036
665.3385,0.004125072
665.3385,0.0041031767
665.3385,0.0040914632
665.3385,0.0040601183
665.3385,0.0040480968
665.3385,0.0040305573
665.3385,0.0039972833
665.3385,0.0039577749
665.3385,0.0038910357
665.3385,0.003877336
665.3385,0.0038135869
665.3385,0.0037903804
665.3385,0.0037791598
665.3385,0.0037746524
665.3385,0.0037651426
665.3385,0.0037531966
665.3385,0.003701905
665.3385,0.0036889594
665.3385,0.0036802648
665.3385,0.0036793856
665.3385,0.0036562885
665.3385,0.0036040641
665.3385,0.003603517
665.3385,0.0035989635
665.3385,0.0035894872
665.3385,0.0035785566
665.3385,0.0035767436
665.3385,0.0035621748
665.3385,0.0035152401
665.3385,0.003464771
665.3385,0.0034594217
665.3385,0.0034353934
665.3385,0.0034240102
665.3385,0.0033933873
665.3385,0.0033109531
665.3385,0.0033045183
665.3385,0.0032490737
665.3385,0.003248437
665.3385,0.0031523234
665.3385,0.0031313808
665.3385,0.0030787377
665.3385,0.0030544884
665.3385,0.0030474748
665.3385,0.0030263116
665.3385,0.0030033745
665.3385,0.002996226
665.3385,0.0029671223
665.3385,0.0029500055
665.3385,0.0029281501
665.3385,0.002894044
665.3385,0.0028536902
665.3385,0.002797452
665.3385,0.002789964
665.3385,0.0027796573
665.3385,0.0027557507
665.3385,0.0027462546
665.3385,0.0025575716
665.3385,0.0024543115
665.3385,0.0024007393
665.3385,0.0023931212
665.3385,0.0023767415
665.3385,0.0023628528
665.3385,0.0023450615
665.3385,0.0022448373
665.3385,0.0022256407
665.3385,0.0021498876
665.3385,0.0020807381
665.3385,0.0020391783
665.3385,0.001924006
665.3385,0.001831416
665.3385,0.0017986994
665.3385,0.0017965767
665.3385,0.0017775072
665.3385,0.001746001
665.3385,0.0017296974
665.3385,0.0016545858
665.3385,0.0016479346
665.3385,0.0015618554
665.3385,0.0015597258
665.3385,0.0015458982
665.3385,0.0014928469
665.3385,0.0014721537
665.3385,0.001371348
665.3385,0.0012725385
665.3385,0.0012225416
665.3385,0.0012076722
665.3385,0.0012043241
665.3385,0.0011899851
665.3385,0.0011027193
665.3385,0.0010955296
665.3385,0.0010757881
665.3385,0.0010486258
665.3385,0.0010042702
665.3385,0.00099537501
665.3385,0.00099506753
665.3385,0.00094424531
665.3385,0.00091380907
665.3385,0.00086750198
665.3385,0.00069213882
665.3385,0.00043970528
665.3385,0.00042984241
665.3385,0.00025266429
665.3385,0.00018773578
665.3385,0.00013151085
665.3385,9.7588557e-05
665.3385,-6.3829826e-05
665.3385,-0.00010991902
665.3385,-0.00015924726
665.3385,-0.00034487432
665.3385,-0.00038828182
665.3385,-0.00039104688
665.3385,-0.0005675147
665.3385,-0.00059882945
665.3385,-0.00064175259
665.3385,-0.00071735569
665.3385,-0.00074680305
665.3385,-0.00075910532
665.3385,-0.00081281125
665.3385,-0.00086804839
665.3385,-0.00091326242
665.3385,-0.00096496758
665.3385,-0.0011317707
665.3385,-0.0011695876
665.3385,-0.0011749237
665.3385,-0.0012180826
665.3385,-0.0012893996
665.3385,-0.0015113278
665.3385,-0.0015492415
665.3385,-0.0015671637
665.3385,-0.0017412217
665.3385,-0.0018480374
665.3385,-0.0019619496
665.3385,-0.0021631762
665.3385,-0.0022468774
665.3385,-0.0023192895
665.3385,-0.0024529219
665.3385,-0.0026453028
665.3385,-0.002669706
665.3385,-0.0026697773
665.3385,-0.0026804955
665.3385,-0.0026875862
665.3385,-0.0026899199
665.3385,-0.0026982444
665.3385,-0.0027237657
665.3385,-0.0027635478
665.3385,-0.0027898531
665.3385,-0.0028102227
665.3385,-0.0028185703
665.3385,-0.0029435051
665.3385,-0.003172623
665.3385,-0.0031867261
665.3385,-0.0031955491
665.3385,-0.0032420385
665.3385,-0.0032466815
665.3385,-0.0032603177
665.3385,-0.0033674822
665.3385,-0.0033678998
665.3385,-0.0033909887
665.3385,-0.0034101467
665.3385,-0.0034107757
665.3385,-0.0034418938
665.3385,-0.0034590836
665.3385,-0.0034614632
665.3385,-0.0034660393
665.3385,-0.0034958023
665.3385,-0.0035035076
665.3385,-0.0035508998
665.3385,-0.0035979902
665.3385,-0.0036036246
665.3385,-0.0036038565
665.3385,-0.0036712806
665.3385,-0.0036888361
665.3385,-0.0037329808
665.3385,-0.0037832943
665.3385,-0.0038135372
665.3385,-0.003857202
665.3385,-0.0039423302
665.3385,-0.0039807915
665.3385,-0.0040312107
665.3385,-0.0040474545
665.3385,-0.0041416141
665.3385,-0.0042260016
665.3385,-0.0043753252
665.3385,-0.0045053605
665.3385,-0.0046421128
665.3385,-0.0047104249
665.3385,-0.0047236244
665.3385,-0.0048837134
665.3385,-0.0050301041
665.3385,-0.0050856978
665.3385,-0.0052920307
665.3385,-0.0054309321
665.3385,-0.0054338793
665.3385,-0.0054444049
665.3385,-0.0057821069
665.3385,-0.0058296836
665.3385,-0.0061255076
665.3385,-0.006191314
665.3385,-0.0064256962
665.3385,-0.0065201745
665.3385,-0.0073045538
665.3385,-0.0073187309
665.3385,-0.0073187709
665.3385,-0.0077660986
665.3385,-0.0079982636
665.3385,-0.0083778682
665.3385,-0.0085206921
665.3385,-0.0085658245
665.3385,-0.0085886006
665.3385,-0.0088216609
665.3385,-0.0089021211
665.3385,-0.0090568187
665.3385,-0.0091228694
665.3385,-0.0094473727
665.3385,-0.0098457422
665.3485,0.0099361702
665.3485,0.009890081
665.3485,0.0098407527
665.3485,0.0096551257
665.3485,0.0096117182
665.3485,0.0096089531
665.3485,0.0094324853
665.3485,0.0094011705
665.3485,0.0093582474
665.3485,0.0092826443
665.3485,0.0092531969
665.3485,0.0092408947
665.3485,0.0091871888
665.3485,0.0091319516
665.3485,0.0090867376
665.3485,0.0090350324
665.3485,0.0088682293
665.3485,0.0088304124
665.3485,0.0088250763
665.3485,0.0087819174
665.3485,0.0087106004
665.3485,0.0084886722
665.3485,0.0084507585
665.3485,0.0084328363
665.3485,0.0082587783
665.3485,0.0081519626
665.3485,0.0080380504
665.3485,0.0078368238
665.3485,0.0077531226
665.3485,0.0076807105
665.3485,0.0075470781
665.3485,0.0073546972
665.3485,0.007330294
665.3485,0.0073302227
665.3485,0.0073195045
665.3485,0.0073124138
665.3485,0.0073100801
665.3485,0.0073017556
665.3485,0.0072762343
665.3485,0.0072364522
665.3485,0.0072101469
665.3485,0.0071897773
665.3485,0.0071814297
665.3485,0.0070564949
665.3485,0.006827377
665.3485,0.0068132739
665.3485,0.0068044509
665.3485,0.0067579615
665.3485,0.0067533185
665.3485,0.0067396823
665.3485,0.0066325178
665.3485,0.0066321002
665.3485,0.0066090113
665.3485,0.0065898533
665.3485,0.0065892243
665.3485,0.0065581062
665.3485,0.0065409164
665.3485,0.0065385368
665.3485,0.0065339607
665.3485,0.0065041977
665.3485,0.0064964924
665.3485,0.0064491002
665.3485,0.0064020098
665.3485,0.0063963754
665.3485,0.0063961435
665.3485,0.0063287194
665.3485,0.0063111639
665.3485,0.0062670192
665.3485,0.0062167057
665.3485,0.0061864628
665.3485,0.006142798
665.3485,0.0060576698
665.3485,0.0060192085
665.3485,0.0059687893
665.3485,0.0059525455
665.3485,0.0058583859
665.3485,0.0057739984
665.3485,0.0056246748
665.3485,0.0054946395
665.3485,0.0053578872
665.3485,0.0052895751
665.3485,0.0052763756
665.3485,0.0051162866
665.3485,0.0049698959
665.3485,0.0049143022
665.3485,0.0047079693
665.3485,0.0045690679
665.3485,0.0045661207
665.3485,0.0045555951
665.3485,0.0042178931
665.3485,0.0041703164
665.3485,0.0038744924
665.3485,0.003808686
665.3485,0.0035743038
665.3485,0.0034798255
665.3485,0.0026954462
665.3485,0.0026812691
665.3485,0.0026812291
665.3485,0.0022339014
665.3485,0.0020017364
665.3485,0.0016221318
665.3485,0.0014793079
665.3485,0.0014341755
665.3485,0.0014113994
665.3485,0.0011783391
665.3485,0.0010978789
665.3485,0.00094318131
665.3485,0.00087713057
665.3485,0.00055262734
665.3485,0.00015425776
665.3485,-0.00011991021
665.3485,-0.002035657
665.3485,-0.0037316034
665.3485,-0.0054588543
665.3485,-0.0062349849
665.3485,-0.0065180779
665.3485,-0.0067296028
665.3485,-0.007589905
665.3485,-0.009819986
665.3566,0.0097221318
665.3566,0.0095793079
665.3566,0.0095341755
665.3566,0.0095113994
665.3566,0.0092783391
665.3566,0.0091978789
665.3566,0.0090431813
665.3566,0.0089771306
665.3566,0.0086526273
665.3566,0.0082542578
665.3566,0.0079800898
665.3566,0.006064343
665.3566,0.0043683966
665.3566,0.0026411457
665.3566,0.0018650151
665.3566,0.0015819221
665.3566,0.0013703972
665.3566,0.00051009501
665.3566,-0.001719986
665.3566,-0.0041774954
665.3566,-0.0053691406
665.3566,-0.0074907904
665.366,0.009910095
665.366,0.007680014
665.366,0.0052225046
665.366,0.0040308594
665.366,0.0019092096
665.366,-0.00086089834
665.366,-0.0019650321
665.366,-0.0020165347
665.366,-0.0020616212
665.366,-0.0021579444
665.366,-0.0022083565
665.366,-0.00227636
665.366,-0.0023053887
665.366,-0.0023606107
665.366,-0.0025073678
665.366,-0.0026342307
665.366,-0.0026930971
665.366,-0.0027139031
665.366,-0.0027914592
665.366,-0.0030406958
665.366,-0.0030748418
665.366,-0.0031039316
665.366,-0.0032166781
665.366,-0.0033617563
665.366,-0.0033744351
665.366,-0.003414017
665.366,-0.0034418627
665.366,-0.0034699417
665.366,-0.0036029652
665.366,-0.0036330754
665.366,-0.0036379873
665.366,-0.0036976468
665.366,-0.0037111822
665.366,-0.003736093
665.366,-0.003737646
665.366,-0.0037413488
665.366,-0.0037535224
665.366,-0.0037756449
665.366,-0.0038063342
665.366,-0.0038217153
665.366,-0.0038782049
665.366,-0.0039471938
665.366,-0.0039534415
665.366,-0.0039746821
665.366,-0.0039766375
665.366,-0.0039827973
665.366,-0.0040372464
665.366,-0.0040800717
665.366,-0.0041061653
665.366,-0.0041198377
665.366,-0.0041483211
665.366,-0.004158028
665.366,-0.004224772
665.366,-0.0042849695
665.366,-0.0042913156
665.366,-0.0043041063
665.366,-0.0043815177
665.366,-0.0044197286
665.366,-0.004498274
665.366,-0.004520312
665.366,-0.0045725528
665.366,-0.0045898387
665.366,-0.004592348
665.366,-0.0045952414
665.366,-0.0045963262
665.366,-0.0046441973
665.366,-0.0047039802
665.366,-0.0047327515
665.366,-0.0047872581
665.366,-0.0047909702
665.366,-0.004879258
665.366,-0.0048823281
665.366,-0.0050178179
665.366,-0.0050358071
665.366,-0.0050366621
665.366,-0.0050368424
665.366,-0.0050420105
665.366,-0.0051065731
665.366,-0.005115311
665.366,-0.0051178499
665.366,-0.0051388177
665.366,-0.0051438066
665.366,-0.0051706498
665.366,-0.0051978432
665.366,-0.0052074676
665.366,-0.0052489942
665.366,-0.0052693434
665.366,-0.0052769539
665.366,-0.0053194278
665.366,-0.0053433489
665.366,-0.0053644468
665.366,-0.0053961562
665.366,-0.0054100203
665.366,-0.0054135982
665.366,-0.0054341001
665.366,-0.0054504521
665.366,-0.0054559498
665.366,-0.005478628
665.366,-0.0054845202
665.366,-0.0054941187
665.366,-0.0055189004
665.366,-0.0055469773
665.366,-0.0055577865
665.366,-0.0055675278
665.366,-0.0056335858
665.366,-0.0056373067
665.366,-0.0056783409
665.366,-0.0056846922
665.366,-0.0057126475
665.366,-0.0057719263
665.366,-0.0057766861
665.366,-0.0058024145
665.366,-0.0058064592
665.366,-0.0058447051
665.366,-0.0058494567
665.366,-0.005908777
665.366,-0.0059399583
665.366,-0.0059579421
665.366,-0.0059620189
665.366,-0.0059710738
665.366,-0.0060227667
665.366,-0.0060231584
665.366,-0.0060876641
665.366,-0.0060915806
665.366,-0.0061095458
665.366,-0.0061183421
665.366,-0.006149494
665.366,-0.0062108002
665.366,-0.0062142925
665.366,-0.0062254187
665.366,-0.0062559691
665.366,-0.0062713171
665.366,-0.006271432
665.366,-0.0062943726
665.366,-0.0062951212
665.366,-0.0063157207
665.366,-0.0063483955
665.366,-0.0063593773
665.366,-0.0063807264
665.366,-0.0063842969
665.366,-0.0064265142
665.366,-0.0064371514
665.366,-0.0064734843
665.366,-0.0064747569
665.366,-0.0064782028
665.366,-0.0065204691
665.366,-0.0065337605
665.366,-0.006573601
665.366,-0.0066432282
665.366,-0.006651024
665.366,-0.0066910465
665.366,-0.0067174185
665.366,-0.0067273537
665.366,-0.0067434405
665.366,-0.006760373
665.366,-0.0067630886
665.366,-0.0067657905
665.366,-0.00677128
665.366,-0.0067853526
665.366,-0.0068014199
665.366,-0.0068049493
665.366,-0.0068278488
665.366,-0.0068446053
665.366,-0.0068484465
665.366,-0.0068491813
665.366,-0.0068521247
665.366,-0.0069088299
665.366,-0.0069276531
665.366,-0.0070592868
665.366,-0.0070827091
665.366,-0.0070901139
665.366,-0.0070984042
665.366,-0.0071280406
665.366,-0.0071398631
665.366,-0.0071641841
665.366,-0.0071716124
665.366,-0.0071750969
665.366,-0.0071778736
665.366,-0.0071911303
665.366,-0.0071942136
665.366,-0.0072100817
665.366,-0.007224451
665.366,-0.0072325277
665.366,-0.0072351396
665.366,-0.00724268
665.366,-0.0072539684
665.366,-0.0072707807
665.366,-0.0073033862
665.366,-0.0073502067
665.366,-0.0074043647
665.366,-0.0074224587
665.366,-0.0074291713
665.366,-0.0075498474
665.366,-0.007600408
665.366,-0.0076112372
665.366,-0.007655211
665.366,-0.007661745
665.366,-0.0077506761
665.366,-0.0078055653
665.366,-0.0078066312
665.366,-0.0078573523
665.366,-0.0079593924
665.366,-0.0079988591
665.366,-0.0080402857
665.366,-0.0080415957
665.366,-0.0080613361
665.366,-0.0080691004
665.366,-0.0080847256
665.366,-0.0080918668
665.366,-0.0080960763
665.366,-0.008184116
665.366,-0.0082212049
665.366,-0.0082275253
665.366,-0.0083071765
665.366,-0.0083270435
665.366,-0.0083619553
665.366,-0.0083713261
665.366,-0.0084838586
665.366,-0.0085618117
665.366,-0.0086520299
665.366,-0.0086838063
665.366,-0.0087040254
665.366,-0.0087562608
665.366,-0.0087910348
665.366,-0.0088721591
665.366,-0.0088827951
665.366,-0.0090425854
665.366,-0.0090780645
665.366,-0.0091025538
665.366,-0.0091260205
665.366,-0.009164825
665.366,-0.0092285577
665.366,-0.0092414184
665.366,-0.0092567347
665.366,-0.009267643
665.366,-0.0092758608
665.366,-0.0092902401
665.366,-0.0093586831
665.366,-0.0094058699
665.366,-0.0094084414
665.366,-0.0094385906
665.366,-0.0094406742
665.366,-0.0094701109
665.366,-0.0094784434
665.366,-0.0094981922
665.366,-0.0095842581
665.366,-0.0096290867
665.366,-0.0096368045
665.366,-0.009648155
665.366,-0.0097572568
665.366,-0.009807713
665.366,-0.0098541373
665.366,-0.0099594503
665.366,-0.0099642973
665.366,-0.0099657025
665.366,-0.009990212
665.3816,0.0099664142
665.3816,0.0099626933
665.3816,0.0099216591
665.3816,0.0099153078
665.3816,0.0098873525
665.3816,0.0098280737
665.3816,0.0098233139
665.3816,0.0097975855
665.3816,0.0097935408
665.3816,0.0097552949
665.3816,0.0097505433
665.3816,0.009691223
665.3816,0.0096600417
665.3816,0.0096420579
665.3816,0.0096379811
665.3816,0.0096289262
665.3816,0.0095772333
665.3816,0.0095768416
665.3816,0.0095123359
665.3816,0.0095084194
665.3816,0.0094904542
665.3816,0.0094816579
665.3816,0.009450506
665.3816,0.0093891998
665.3816,0.0093857075
665.3816,0.0093745813
665.3816,0.0093440309
665.3816,0.0093286829
665.3816,0.009328568
665.3816,0.0093056274
665.3816,0.0093048788
665.3816,0.0092842793
665.3816,0.0092516045
665.3816,0.0092406227
665.3816,0.0092192736
665.3816,0.0092157031
665.3816,0.0091734858
665.3816,0.0091628486
665.3816,0.0091265157
665.3816,0.0091252431
665.3816,0.0091217973
665.3816,0.0090795309
665.3816,0.0090662395
665.3816,0.009026399
665.3816,0.0089567718
665.3816,0.008948976
665.3816,0.0089089535
665.3816,0.0088825815
665.3816,0.0088726463
665.3816,0.0088565595
665.3816,0.008839627
665.3816,0.0088369114
665.3816,0.0088342095
665.3816,0.00882872
665.3816,0.0088146474
665.3816,0.0087985801
665.3816,0.0087950507
665.3816,0.0087721512
665.3816,0.0087553947
665.3816,0.0087515535
665.3816,0.0087508187
665.3816,0.0087478753
665.3816,0.0086911701
665.3816,0.0086723469
665.3816,0.0085407132
665.3816,0.0085172909
665.3816,0.0085098861
665.3816,0.0085015958
665.3816,0.0084719594
665.3816,0.0084601369
665.3816,0.0084358159
665.3816,0.0084283876
665.3816,0.0084249031
665.3816,0.0084221264
665.3816,0.0084088697
665.3816,0.0084057864
665.3816,0.0083899183
665.3816,0.008375549
665.3816,0.0083674723
665.3816,0.0083648604
665.3816,0.00835732
665.3816,0.0083460316
665.3816,0.0083292193
665.3816,0.0082966138
665.3816,0.0082497933
665.3816,0.0081956353
665.3816,0.0081775413
665.3816,0.0081708287
665.3816,0.0080501526
665.3816,0.007999592
665.3816,0.0079887628
665.3816,0.007944789
665.3816,0.007938255
665.3816,0.0078493239
665.3816,0.0077944347
665.3816,0.0077933688
665.3816,0.0077426477
665.3816,0.0076406076
665.3816,0.0076011409
665.3816,0.0075597143
665.3816,0.0075584043
665.3816,0.0075386639
665.3816,0.0075308996
665.3816,0.0075152744
665.3816,0.0075081332
665.3816,0.0075039237
665.3816,0.007415884
665.3816,0.0073787951
665.3816,0.0073724747
665.3816,0.0072928235
665.3816,0.0072729565
665.3816,0.0072380447
665.3816,0.0072286739
665.3816,0.0071161414
665.3816,0.0070381883
665.3816,0.0069479701
665.3816,0.0069161937
665.3816,0.0068959746
665.3816,0.0068437392
665.3816,0.0068089652
665.3816,0.0067278409
665.3816,0.0067172049
665.3816,0.0065574146
665.3816,0.0065219355
665.3816,0.0064974462
665.3816,0.0064739795
665.3816,0.0064351751
665.3816,0.0063714423
665.3816,0.0063585816
665.3816,0.0063432653
665.3816,0.006332357
665.3816,0.0063241392
665.3816,0.0063097599
665.3816,0.0062413169
665.3816,0.0061941301
665.3816,0.0061915586
665.3816,0.0061614094
665.3816,0.0061593258
665.3816,0.0061298891
665.3816,0.0061215566
665.3816,0.0061018078
665.3816,0.0060157419
665.3816,0.0059709133
665.3816,0.0059631955
665.3816,0.005951845
665.3816,0.0058427432
665.3816,0.005792287
665.3816,0.0057458627
665.3816,0.0056405497
665.3816,0.0056357027
665.3816,0.0056342975
665.3816,0.005609788
665.3816,0.005493709
665.3816,0.0054574544
665.3816,0.005451173
665.3816,0.0054403794
665.3816,0.0053944269
665.3816,0.0053529128
665.3816,0.0052475263
665.3816,0.0052426446
665.3816,0.0052360439
665.3816,0.005230811
665.3816,0.0052140512
665.3816,0.0051905472
665.3816,0.0050599051
665.3816,0.0050133104
665.3816,0.0049995963
665.3816,0.004908781
665.3816,0.0046413417
665.3816,0.0046014739
665.3816,0.0045632985
665.3816,0.0045472886
665.3816,0.0045144191
665.3816,0.004448294
665.3816,0.0044253342
665.3816,0.0043039874
665.3816,0.0041832021
665.3816,0.0040782629
665.3816,0.004055551
665.3816,0.0039564427
665.3816,0.0038897166
665.3816,0.0038006375
665.3816,0.003799733
665.3816,0.0037748537
665.3816,0.003690278
665.3816,0.0035715075
665.3816,0.0034926527
665.3816,0.0034905478
665.3816,0.0034645942
665.3816,0.0033893277
665.3816,0.003315563
665.3816,0.0032629609
665.3816,0.0031740719
665.3816,0.0030955269
665.3816,0.0030502203
665.3816,0.0028393532
665.3816,0.0028200122
665.3816,0.0028026322
665.3816,0.0027903462
665.3816,0.0027552072
665.3816,0.0026968212
665.3816,0.0026963964
665.3816,0.0026810732
665.3816,0.0026364997
665.3816,0.00262097
665.3816,0.0024104478
665.3816,0.0023249811
665.3816,0.0023096503
665.3816,0.0022437614
665.3816,0.0021963071
665.3816,0.0021264922
665.3816,0.0021228176
665.3816,0.001994641
665.3816,0.0019670304
665.3816,0.0017295124
665.3816,0.001617339
665.3816,0.00017500595
665.3816,-0.0012328022
665.3816,-0.0024354586
665.3816,-0.0037203972
665.3816,-0.0095378103
673.3357,0.0099890283
673.3357,0.009977191
673.3357,0.0099734638
673.3357,0.0099721518
673.3357,0.0099583833
673.3357,0.0099259822
673.3357,0.0099241276
673.3357,0.0099213446
673.3357,0.009913789
673.3357,0.0099020597
673.3357,0.0098922568
673.3357,0.0098818473
673.3357,0.0098796746
673.3357,0.009872443
673.3357,0.0098583038
673.3357,0.0098563325
673.3357,0.0098371806
673.3357,0.0098307644
673.3357,0.0098284605
673.3357,0.0098283906
673.3357,0.0098243695
673.3357,0.0098132555
673.3357,0.0098070358
673.3357,0.0097953599
673.3357,0.0097778143
673.3357,0.009768986
673.3357,0.0097647674
673.3357,0.00975048
673.3357,0.0097230594
673.3357,0.0097217166
673.3357,0.0097201813
673.3357,0.0097118622
673.3357,0.0097112735
673.3357,0.0096969633
673.3357,0.0096953968
673.3357,0.0096822948
673.3357,0.0096773874
673.3357,0.0096761754
673.3357,0.0096736416
673.3357,0.0096612899
673.3357,0.0096593654
673.3357,0.0096522997
673.3357,0.0096311485
673.3357,0.009627686
673.3357,0.009623057
673.3357,0.0096205464
673.3357,0.0096172231
673.3357,0.0096130254
673.3357,0.0095982461
673.3357,0.0095961979
673.3357,0.0095945678
673.3357,0.009584106
673.3357,0.0095814964
673.3357,0.0095804785
673.3357,0.0095731994
673.3357,0.0095688098
673.3357,0.0095631699
673.3357,0.0095602186
673.3357,0.0095448694
673.3357,0.009543748
673.3357,0.0095291449
673.3357,0.009524996
673.3357,0.0095060759
673.3357,0.0095029832
673.3357,0.0095024316
673.3357,0.009493974
673.3357,0.0094933934
673.3357,0.0094776977
673.3357,0.0094722819
673.3357,0.0094597345
673.3357,0.009457226
673.3357,0.009457001
673.3357,0.0094559853
673.3357,0.0094476513
673.3357,0.0094438284
673.3357,0.0094244806
673.3357,0.009420352
673.3357,0.0094181897
673.3357,0.0094168656
673.3357,0.0094159913
673.3357,0.0094130422
673.3357,0.0094122014
673.3357,0.0094047364
673.3357,0.0093952202
673.3357,0.0093848473
673.3357,0.0093774472
673.3357,0.0093768527
673.3357,0.009372496
673.3357,0.0093694748
673.3357,0.0093684235
673.3357,0.0093671236
673.3357,0.009362221
673.3357,0.0093500097
673.3357,0.0093417274
673.3357,0.0093333431
673.3357,0.0093241586
673.3357,0.0093059823
673.3357,0.0093034767
673.3357,0.0093027064
673.3357,0.0092968992
673.3357,0.0092959125
673.3357,0.0092945342
673.3357,0.0092621436
673.3357,0.0092616525
673.3357,0.0092581134
673.3357,0.0092440482
673.3357,0.0092398906
673.3357,0.0092378303
673.3357,0.0092357536
673.3357,0.0092151088
673.3357,0.0092137594
673.3357,0.0092019641
673.3357,0.009200642
673.3357,0.0091887069
673.3357,0.0091743964
673.3357,0.0091723465
673.3357,0.0091719386
673.3357,0.0091693579
673.3357,0.0091539959
673.3357,0.0091414331
673.3357,0.0091406171
673.3357,0.0091341983
673.3357,0.0091321299
673.3357,0.0091310978
673.3357,0.0091163172
673.3357,0.0091135914
673.3357,0.0090912301
673.3357,0.0090829595
673.3357,0.009076393
673.3357,0.0090652968
673.3357,0.0090353716
673.3357,0.0090256317
673.3357,0.0090132044
673.3357,0.0089977443
673.3357,0.0089769936
673.3357,0.0089759719
673.3357,0.008974224
673.3357,0.0089717203
673.3357,0.0089711551
673.3357,0.0089701775
673.3357,0.0089697955
673.3357,0.0089460938
673.3357,0.0089445077
673.3357,0.0089422789
673.3357,0.008938639
673.3357,0.0089244203
673.3357,0.0089194955
673.3357,0.0089142907
673.3357,0.0089138806
673.3357,0.0089133767
673.3357,0.0088989805
673.3357,0.0088904486
673.3357,0.0088771297
673.3357,0.0088750736
673.3357,0.00887388
673.3357,0.0088709931
673.3357,0.0088616102
673.3357,0.0088507642
673.3357,0.0088470168
673.3357,0.0088407313
673.3357,0.0088352235
673.3357,0.0088266295
673.3357,0.0088256704
673.3357,0.0088206053
673.3357,0.0088128403
673.3357,0.0088044414
673.3357,0.0087982529
673.3357,0.008792568
673.3357,0.0087854245
673.3357,0.0087843379
673.3357,0.0087758799
673.3357,0.0087746857
673.3357,0.0087705725
673.3357,0.0087678388
673.3357,0.0087655301
673.3357,0.0087578057
673.3357,0.0087475386
673.3357,0.0087458911
673.3357,0.0087421772
673.3357,0.0087407981
673.3357,0.008738266
673.3357,0.0087375613
673.3357,0.0087330022
673.3357,0.0087212441
673.3357,0.0087158513
673.3357,0.0087137517
673.3357,0.0087097394
673.3357,0.0087080678
673.3357,0.0087072182
673.3357,0.0087057852
673.3357,0.0087026914
673.3357,0.0087008844
673.3357,0.0086802318
673.3357,0.008670758
673.3357,0.0086691093
673.3357,0.0086685075
673.3357,0.0086649581
673.3357,0.0086610264
673.3357,0.0086549339
673.3357,0.0086545458
673.3357,0.0086531793
673.3357,0.0086515442
673.3357,0.0086462944
673.3357,0.0086363548
673.3357,0.008635354
673.3357,0.0086333599
673.3357,0.0086331084
673.3357,0.0086330105
673.3357,0.0086323946
673.3357,0.0086314482
673.3357,0.0086272891
673.3357,0.0086209761
673.3357,0.0086208753
673.3357,0.008590285
673.3357,0.008575737
673.3357,0.0085669719
673.3357,0.0085615965
673.3357,0.008560738
673.3357,0.0085579973
673.3357,0.0085552136
673.3357,0.0085534811
673.3357,0.0085504945
673.3357,0.0085482574
673.3357,0.0085479251
673.3357,0.0085464461
673.3357,0.0085460428
673.3357,0.0085400205
673.3357,0.0085321417
673.3357,0.0085303982
673.3357,0.0085155832
673.3357,0.0085149772
673.3357,0.0085092792
673.3357,0.0085083713
673.3357,0.0085065813
673.3357,0.0085056711
673.3357,0.0085042746
673.3357,0.0085041352
673.3357,0.008501389
673.3357,0.00849964
673.3357,0.0084942316
673.3357,0.0084907135
673.3357,0.0084710797
673.3357,0.0084680641
673.3357,0.0084678623
673.3357,0.0084666509
673.3357,0.0084612426
673.3357,0.0084590892
673.3357,0.0084564083
673.3357,0.008452669
673.3357,0.0084459801
673.3357,0.0084449405
673.3357,0.0084410879
673.3357,0.0084378741
673.3357,0.0084362713
673.3357,0.0084336533
673.3357,0.008432799
673.3357,0.0084315961
673.3357,0.0084241583
673.3357,0.0084193477
673.3357,0.0084074249
673.3357,0.008406159
673.3357,0.0084056533
673.3357,0.0083989614
673.3357,0.0083912596
673.3357,0.0083874539
673.3357,0.0083746719
673.3357,0.0083724585
673.3357,0.0083720807
673.3357,0.0083681834
673.3357,0.0083669437
673.3357,0.0083651969
673.3357,0.0083624053
673.3357,0.008357454
673.3357,0.0083563921
673.3357,0.0083502148
673.3357,0.0083479724
673.3357,0.0083446501
673.3357,0.0083410881
673.3357,0.0083343855
673.3357,0.0083332597
673.3357,0.0083279229
673.3357,0.0083225672
673.3357,0.0083179501
673.3357,0.0083170427
673.3357,0.0083112603
673.3357,0.0083049002
673.3357,0.0083047932
673.3357,0.0082952696
673.3357,0.0082938651
673.3357,0.0082886712
673.3357,0.0082797679
673.3357,0.0082790641
673.3357,0.0082778773
673.3357,0.0082734831
673.3357,0.008273194
673.3357,0.0082728031
673.3357,0.0082716348
673.3357,0.0082707794
673.3357,0.0082694064
673.3357,0.0082650481
673.3357,0.008263068
673.3357,0.0082587582
673.3357,0.0082582479
673.3357,0.0082557237
673.3357,0.0082551871
673.3357,0.008251318
673.3357,0.0082487031
673.3357,0.0082482557
673.3357,0.0082457211
673.3357,0.0082452332
673.3357,0.0082452014
673.3357,0.0082443514
673.3357,0.0082372764
673.3357,0.0082238137
673.3357,0.008223806
673.3357,0.0082156794
673.3357,0.0082155829
673.3357,0.0082124532
673.3357,0.0082097779
673.3357,0.0082088551
673.3357,0.0082014357
673.3357,0.008200961
673.3357,0.0081980639
673.3357,0.0081837719
673.3357,0.0081819337
673.3357,0.0081816559
673.3357,0.0081776641
673.3357,0.0081775035
673.3357,0.0081759889
673.3357,0.008170078
673.3357,0.0081674797
673.3357,0.008167145
673.3357,0.0081626312
673.3357,0.0081595519
673.3357,0.0081577009
673.3357,0.0081569907
673.3357,0.0081557045
673.3357,0.0081516542
673.3357,0.0081497382
673.3357,0.0081449115
673.3357,0.0081412296
673.3357,0.0081406142
673.3357,0.0081397842
673.3357,0.0081375623
673.3357,0.0081330126
673.3357,0.0081319495
673.3357,0.0081277849
673.3357,0.0081232977
673.3357,0.008122605
673.3357,0.0081190955
673.3357,0.0081127302
673.3357,0.0081121263
673.3357,0.0081045958
673.3357,0.0081022887
673.3357,0.0080991319
673.3357,0.008094999
673.3357,0.0080860137
673.3357,0.0080852228
673.3357,0.0080832325
673.3357,0.0080779968
673.3357,0.0080728051
673.3357,0.0080721863
673.3357,0.0080707992
673.3357,0.0080661942
673.3357,0.0080657909
673.3357,0.0080641338
673.3357,0.0080641337
673.3357,0.008062351
673.3357,0.0080617012
673.3357,0.0080598712
673.3357,0.0080584329
673.3357,0.0080547253
673.3357,0.0080540773
673.3357,0.008050702
673.3357,0.0080495688
673.3357,0.0080478375
673.3357,0.0080469859
673.3357,0.0080416035
673.3357,0.0080317026
673.3357,0.0080303129
673.3357,0.0080303097
673.3357,0.0080239468
673.3357,0.0080194046
673.3357,0.0080178688
673.3357,0.0080158925
673.3357,0.008012789
673.3357,0.0080122653
673.3357,0.0080118391
673.3357,0.0080035992
673.3357,0.0080032184
673.3357,0.0080025718
673.3357,0.0080009612
673.3357,0.0079997565
673.3357,0.0079983137
673.3357,0.0079964726
673.3357,0.0079957805
673.3357,0.007994116
673.3357,0.0079932601
673.3357,0.0079927542
673.3357,0.0079919301
673.3357,0.0079915524
673.3357,0.0079914538
673.3357,0.0079902831
673.3357,0.0079857646
673.3357,0.0079809798
673.3357,0.0079735991
673.3357,0.0079693686
673.3357,0.0079678661
673.3357,0.0079648657
673.3357,0.0079639725
673.3357,0.0079623515
673.3357,0.0079593895
673.3357,0.0079580271
673.3357,0.0079545578
673.3357,0.0079544059
673.3357,0.0079543975
673.3357,0.0079520269
673.3357,0.0079512713
673.3357,0.0079510781
673.3357,0.0079472878
673.3357,0.0079459024
673.3357,0.0079452196
673.3357,0.0079444311
673.3357,0.0079431501
673.3357,0.0079410709
673.3357,0.0079396353
673.3357,0.0079376754
673.3357,0.0079333369
673.3357,0.0079325771
673.3357,0.0079291391
673.3357,0.007928645
673.3357,0.0079285788
673.3357,0.0079276224
673.3357,0.0079260646
673.3357,0.0079216155
673.3357,0.007918977
673.3357,0.0079152846
673.3357,0.0079110807
673.3357,0.0079100659
673.3357,0.0079064893
673.3357,0.0079064876
673.3357,0.0079056188
673.3357,0.0079052965
673.3357,0.0079039536
673.3357,0.0079031113
673.3357,0.0079007499
673.3357,0.0078997953
673.3357,0.0078974621
673.3357,0.0078920703
673.3357,0.0078859641
673.3357,0.0078811137
673.3357,0.0078809929
673.3357,0.0078798612
673.3357,0.007878012
673.3357,0.0078764172
673.3357,0.0078763169
673.3357,0.007874784
673.3357,0.007874092
673.3357,0.0078739712
673.3357,0.0078694875
673.3357,0.0078672468
673.3357,0.0078663717
673.3357,0.0078615684
673.3357,0.0078610578
673.3357,0.0078603924
673.3357,0.0078599087
673.3357,0.0078597878
673.3357,0.0078562775
673.3357,0.0078525409
673.3357,0.0078523777
673.3357,0.0078478362
673.3357,0.0078471838
673.3357,0.0078462454
673.3357,0.0078441661
673.3357,0.0078435402
673.3357,0.0078430345
673.3357,0.0078386861
673.3357,0.0078378981
673.3357,0.0078337783
673.3357,0.0078326429
673.3357,0.0078311281
673.3357,0.0078296142
673.3357,0.0078295125
673.3357,0.0078292514
673.3357,0.0078291452
673.3357,0.0078286618
673.3357,0.0078260577
673.3357,0.0078259212
673.3357,0.0078218511
673.3357,0.0078203677
673.3357,0.0078201848
673.3357,0.0078162908
673.3357,0.0078126764
673.3357,0.0078115661
673.3357,0.0078110004
673.3357,0.0078064365
673.3357,0.0078064291
673.3357,0.0078036408
673.3357,0.0078004809
673.3357,0.0077976045
673.3357,0.0077966585
673.3357,0.0077932496
673.3357,0.0077876345
673.3357,0.0077870647
673.3357,0.007786651
673.3357,0.0077854408
673.3357,0.007782346
673.3357,0.0077804901
673.3357,0.0077801754
673.3357,0.0077765933
673.3357,0.0077736203
673.3357,0.0077733776
673.3357,0.00776962
673.3357,0.007765839
673.3357,0.0077617827
673.3357,0.0077564836
673.3357,0.0077561015
673.3357,0.0077529363
673.3357,0.0077505327
673.3357,0.0077425976
673.3357,0.0077420183
673.3357,0.0077396791
673.3357,0.0077347685
673.3357,0.007733064
673.3357,0.0077316704
673.3357,0.0077305357
673.3357,0.0077284246
673.3357,0.0077281723
673.3357,0.007726844
673.3357,0.0077240194
673.3357,0.0077181908
673.3357,0.0077175928
673.3357,0.0077126092
673.3357,0.0077102217
673.3357,0.00770459
673.3357,0.0077042916
673.3357,0.007702824
673.3357,0.0077015715
673.3357,0.0077001517
673.3357,0.0076990354
673.3357,0.0076962222
673.3357,0.0076952572
673.3357,0.0076933142
673.3357,0.0076927613
673.3357,0.0076840673
673.3357,0.0076834782
673.3357,0.0076826082
673.3357,0.0076812319
673.3357,0.0076770484
673.3357,0.007674397
673.3357,0.0076729791
673.3357,0.0076719175
673.3357,0.0076702133
673.3357,0.0076666146
673.3357,0.0076627222
673.3357,0.0076624133
673.3357,0.0076552017
673.3357,0.0076542079
673.3357,0.0076538313
673.3357,0.0076514085
673.3357,0.0076485209
673.3357,0.007647827
673.3357,0.0076454159
673.3357,0.0076446179
673.3357,0.0076435992
673.3357,0.0076426679
673.3357,0.0076380448
673.3357,0.0076375206
673.3357,0.0076372504
673.3357,0.0076367766
673.3357,0.0076289185
673.3357,0.0076288201
673.3357,0.0076284191
673.3357,0.0076257383
673.3357,0.0076166858
673.3357,0.0076159414
673.3357,0.0076156776
673.3357,0.007615594
673.3357,0.007614258
673.3357,0.0076067803
673.3357,0.0076010228
673.3357,0.0076003498
673.3357,0.0075957867
673.3357,0.0075939049
673.3357,0.0075938095
673.3357,0.007592185
673.3357,0.0075917665
673.3357,0.0075896387
673.3357,0.0075876848
673.3357,0.0075864571
673.3357,0.0075861116
673.3357,0.0075855643
673.3357,0.00758218
673.3357,0.0075815427
673.3357,0.007577325
673.3357,0.0075732114
673.3357,0.0075699305
673.3357,0.0075595487
673.3357,0.0075559767
673.3357,0.00755527
673.3357,0.0075450418
673.3357,0.0075419524
673.3357,0.0075338821
673.3357,0.0075325913
673.3357,0.0075322952
673.3357,0.0075286461
673.3357,0.0075247912
673.3357,0.0075244538
673.3357,0.0075218035
673.3357,0.0075205863
673.3357,0.0075191642
673.3357,0.0075168353
673.3357,0.0075159815
673.3357,0.0075082501
673.3357,0.0075072037
673.3357,0.0075044285
673.3357,0.0075036368
673.3357,0.0074982586
673.3357,0.0074958613
673.3357,0.0074958433
673.3357,0.0074951336
673.3357,0.0074939039
673.3357,0.007493713
673.3357,0.0074932571
673.3357,0.0074886188
673.3357,0.0074856893
673.3357,0.0074841233
673.3357,0.0074835836
673.3357,0.007480901
673.3357,0.0074780009
673.3357,0.0074764666
673.3357,0.0074751207
673.3357,0.0074739939
673.3357,0.0074707748
673.3357,0.0074686025
673.3357,0.0074606162
673.3357,0.0074598948
673.3357,0.007459506
673.3357,0.0074591422
673.3357,0.0074591216
673.3357,0.007455203
673.3357,0.0074481861
673.3357,0.0074428432
673.3357,0.0074406977
673.3357,0.0074387287
673.3357,0.0074384185
673.3357,0.0074366653
673.3357,0.0074288159
673.3357,0.0074240663
673.3357,0.0074228412
673.3357,0.0074174381
673.3357,0.0074154952
673.3357,0.0074148551
673.3357,0.0074104647
673.3357,0.007409742
673.3357,0.00740763
673.3357,0.007403042
673.3357,0.0074027204
673.3357,0.0074011688
673.3357,0.0073989087
673.3357,0.007397818
673.3357,0.0073924107
673.3357,0.0073756587
673.3357,0.0073734988
673.3357,0.0073726368
673.3357,0.0073706594
673.3357,0.0073686266
673.3357,0.0073660454
673.3357,0.0073648602
673.3357,0.0073626766
673.3357,0.0073620262
673.3357,0.0073616847
673.3357,0.0073612754
673.3357,0.0073529516
673.3357,0.0073490661
673.3357,0.0073487062
673.3357,0.0073445608
673.3357,0.0073426321
673.3357,0.0073384677
673.3357,0.0073352395
673.3357,0.0073350326
673.3357,0.0073326177
673.3357,0.007331865
673.3357,0.007327462
673.3357,0.0073263252
673.3357,0.0073173996
673.3357,0.0073151958
673.3357,0.0073097053
673.3357,0.0073071298
673.3357,0.0073020089
673.3357,0.0072971795
673.3357,0.0072936061
673.3357,0.0072912357
673.3357,0.0072870281
673.3357,0.007286478
673.3357,0.0072849336
673.3357,0.0072760843
673.3357,0.0072757174
673.3357,0.0072756436
673.3357,0.0072730191
673.3357,0.007270432
673.3357,0.0072693433
673.3357,0.0072687521
673.3357,0.0072658636
673.3357,0.0072645649
673.3357,0.0072631123
673.3357,0.0072624278
673.3357,0.0072614923
673.3357,0.0072594227
673.3357,0.0072587198
673.3357,0.0072582013
673.3357,0.0072580334
673.3357,0.0072574944
673.3357,0.0072563275
673.3357,0.0072529416
673.3357,0.0072515643
673.3357,0.0072509045
673.3357,0.0072459495
673.3357,0.0072390101
673.3357,0.0072362553
673.3357,0.0072316029
673.3357,0.0072308045
673.3357,0.0072286132
673.3357,0.0072252309
673.3357,0.0072251583
673.3357,0.0072216002
673.3357,0.0072169408
673.3357,0.0072168915
673.3357,0.0072134816
673.3357,0.007202711
673.3357,0.0072001272
673.3357,0.0071997366
673.3357,0.00719362
673.3357,0.0071919229
673.3357,0.007180767
673.3357,0.007177884
673.3357,0.0071747854
673.3357,0.0071737735
673.3357,0.0071718569
673.3357,0.0071711093
673.3357,0.007170053
673.3357,0.0071651622
673.3357,0.0071611123
673.3357,0.007154183
673.3357,0.0071458471
673.3357,0.0071446992
673.3357,0.0071378553
673.3357,0.0071355636
673.3357,0.0071321421
673.3357,0.0071208364
673.3357,0.0071201236
673.3357,0.0071176666
673.3357,0.0071118913
673.3357,0.007104499
673.3357,0.0071008292
673.3357,0.0070972005
673.3357,0.0070905266
673.3357,0.0070853625
673.3357,0.0070842414
673.3357,0.0070670672
673.3357,0.0070660355
673.3357,0.007061175
673.3357,0.0070608614
673.3357,0.0070569939
673.3357,0.0070416178
673.3357,0.0070407545
673.3357,0.0070401826
673.3357,0.0070353454
673.3357,0.0070348315
673.3357,0.0070249634
673.3357,0.0070219859
673.3357,0.0070216823
673.3357,0.0070167679
673.3357,0.0070135189
673.3357,0.0070117007
673.3357,0.0070081647
673.3357,0.0070069786
673.3357,0.0070055976
673.3357,0.0070055075
673.3357,0.0069917153
673.3357,0.0069901896
673.3357,0.0069885867
673.3357,0.006987818
673.3357,0.0069872996
673.3357,0.0069841938
673.3357,0.006984091
673.3357,0.0069712563
673.3357,0.0069660806
673.3357,0.006965887
673.3357,0.0069651935
673.3357,0.0069619637
673.3357,0.0069604831
673.3357,0.0069548853
673.3357,0.0069482719
673.3357,0.006945741
673.3357,0.0069440469
673.3357,0.0069422547
673.3357,0.0069400012
673.3357,0.0069390421
673.3357,0.0069373807
673.3357,0.0069370601
673.3357,0.0069339435
673.3357,0.0069287905
673.3357,0.0069257071
673.3357,0.0069252306
673.3357,0.0069250161
673.3357,0.0069227307
673.3357,0.0069226924
673.3357,0.0069219049
673.3357,0.0069184475
673.3357,0.0069143117
673.3357,0.0069139691
673.3357,0.0069137778
673.3357,0.006906725
673.3357,0.0069058566
673.3357,0.0069055291
673.3357,0.0069032218
673.3357,0.006897738
673.3357,0.0068942028
673.3357,0.0068921715
673.3357,0.006891911
673.3357,0.0068883076
673.3357,0.0068844743
673.3357,0.0068837924
673.3357,0.0068731959
673.3357,0.0068713613
673.3357,0.006871109
673.3357,0.0068708221
673.3357,0.0068687816
673.3357,0.0068591204
673.3357,0.006858455
673.3357,0.0068469289
673.3357,0.0068466914
673.3357,0.0068457946
673.3357,0.0068361979
673.3357,0.0068357938
673.3357,0.0068355017
673.3357,0.0068325484
673.3357,0.006826675
673.3357,0.0068080721
673.3357,0.0068080383
673.3357,0.0067998283
673.3357,0.0067926918
673.3357,0.0067870342
673.3357,0.0067836325
673.3357,0.0067829343
673.3357,0.006778301
673.3357,0.0067769871
673.3357,0.0067759242
673.3357,0.006773991
673.3357,0.0067721085
673.3357,0.0067597462
673.3357,0.0067481344
673.3357,0.0067469796
673.3357,0.0067303879
673.3357,0.006718394
673.3357,0.0067168661
673.3357,0.006707842
673.3357,0.0067073068
673.3357,0.0067064945
673.3357,0.0066997582
673.3357,0.0066983817
673.3357,0.0066979538
673.3357,0.0066874158
673.3357,0.0066750983
673.3357,0.0066539034
673.3357,0.0066519289
673.3357,0.0066518149
673.3357,0.0066264142
673.3357,0.0066255028
673.3357,0.0066240785
673.3357,0.006620347
673.3357,0.0066047439
673.3357,0.0065953998
673.3357,0.0065766806
673.3357,0.0065756332
673.3357,0.0065710933
673.3357,0.0065575844
673.3357,0.0065533669
673.3357,0.0065528987
673.3357,0.0065525181
673.3357,0.0065449044
673.3357,0.0065404505
673.3357,0.0065332733
673.3357,0.0065330605
673.3357,0.0065295188
673.3357,0.0065280417
673.3357,0.0065273076
673.3357,0.0065253138
673.3357,0.0065239389
673.3357,0.0065132163
673.3357,0.0065119484
673.3357,0.0065086659
673.3357,0.0065063875
673.3357,0.0065058444
673.3357,0.0064989847
673.3357,0.0064958374
673.3357,0.0064952792
673.3357,0.0064849437
673.3357,0.006477931
673.3357,0.0064777246
673.3357,0.0064578197
673.3357,0.0064574938
673.3357,0.0064512094
673.3357,0.0064505589
673.3357,0.0064497079
673.3357,0.0064398104
673.3357,0.0064351097
673.3357,0.0064340496
673.3357,0.0064227059
673.3357,0.006415287
673.3357,0.006412399
673.3357,0.0064084968
673.3357,0.0064083727
673.3357,0.0064030899
673.3357,0.0064004089
673.3357,0.0064001466
673.3357,0.0063941874
673.3357,0.0063931417
673.3357,0.0063841259
673.3357,0.0063834319
673.3357,0.00636434
673.3357,0.0063600207
673.3357,0.0063597044
673.3357,0.006354545
673.3357,0.0063439099
673.3357,0.0063410246
673.3357,0.0063406765
673.3357,0.0063402193
673.3357,0.0063269433
673.3357,0.0063222383
673.3357,0.0063184594
673.3357,0.0063165267
673.3357,0.0063136759
673.3357,0.0063108851
673.3357,0.0063108594
673.3357,0.0063054292
673.3357,0.0063000489
673.3357,0.0062978982
673.3357,0.0062867397
673.3357,0.006286657
673.3357,0.0062841459
673.3357,0.0062803491
673.3357,0.0062765902
673.3357,0.0062722185
673.3357,0.0062619392
673.3357,0.006260279
673.3357,0.0062569987
673.3357,0.0062539118
673.3357,0.0062476936
673.3357,0.0062470606
673.3357,0.0062390074
673.3357,0.0062386045
673.3357,0.006238167
673.3357,0.00622809
673.3357,0.0062214712
673.3357,0.0062200799
673.3357,0.0062196528
673.3357,0.0062015759
673.3357,0.0061746691
673.3357,0.0061698387
673.3357,0.0061502999
673.3357,0.0061472198
673.3357,0.0061461133
673.3357,0.0061261906
673.3357,0.0061231426
673.3357,0.0061157571
673.3357,0.0061077536
673.3357,0.0061069603
673.3357,0.0060937962
673.3357,0.006077571
673.3357,0.0060725334
673.3357,0.0060549865
673.3357,0.0060504583
673.3357,0.0060475268
673.3357,0.0060402908
673.3357,0.0060348816
673.3357,0.0060328474
673.3357,0.0060325924
673.3357,0.0060303892
673.3357,0.006012893
673.3357,0.0060125488
673.3357,0.0060122221
673.3357,0.0060105121
673.3357,0.0059947718
673.3357,0.0059841467
673.3357,0.0059723441
673.3357,0.0059658355
673.3357,0.005957778
673.3357,0.005956255
673.3357,0.0059509428
673.3357,0.0059481111
673.3357,0.0059454982
673.3357,0.0059376285
673.3357,0.0059298347
673.3357,0.0059145068
673.3357,0.0059133642
673.3357,0.0059111057
673.3357,0.005895838
673.3357,0.0058935428
673.3357,0.0058809692
673.3357,0.0058739566
673.3357,0.0058736531
673.3357,0.0058685021
673.3357,0.0058469653
673.3357,0.0058457933
673.3357,0.0058388434
673.3357,0.0058371569
673.3357,0.0058282916
673.3357,0.0058258
673.3357,0.0058168045
673.3357,0.0058160855
673.3357,0.0058142885
673.3357,0.0058069589
673.3357,0.0058065422
673.3357,0.0057828299
673.3357,0.0057799134
673.3357,0.0057769462
673.3357,0.0057763628
673.3357,0.0057639945
673.3357,0.0057571557
673.3357,0.0057549815
673.3357,0.0057394972
673.3357,0.0057246358
673.3357,0.0057237253
673.3357,0.0057216821
673.3357,0.0057110921
673.3357,0.0056750475
673.3357,0.0056607965
673.3357,0.0056599722
673.3357,0.0056340297
673.3357,0.0056110075
673.3357,0.0056080867
673.3357,0.0056059621
673.3357,0.0056035001
673.3357,0.0055986384
673.3357,0.0055883098
673.3357,0.0055832595
673.3357,0.0055786408
673.3357,0.0055767999
673.3357,0.0055691911
673.3357,0.0055631414
673.3357,0.0055457891
673.3357,0.0055386811
673.3357,0.0055355372
673.3357,0.0055343957
673.3357,0.0055106232
673.3357,0.005492284
673.3357,0.005491423
673.3357,0.005491058
673.3357,0.0054835011
673.3357,0.0054677934
673.3357,0.005454331
673.3357,0.0054413329
673.3357,0.0054390828
673.3357,0.0054373658
673.3357,0.0054303533
673.3357,0.0054256951
673.3357,0.0054040007
673.3357,0.0054017911
673.3357,0.0053893427
673.3357,0.0053790258
673.3357,0.005355793
673.3357,0.0053474729
673.3357,0.0053218205
673.3357,0.0053088802
673.3357,0.0052690845
673.3357,0.0052567129
673.3357,0.0052499384
673.3357,0.0052480859
673.3357,0.0052352462
673.3357,0.0052314262
673.3357,0.0052217879
673.3357,0.0052208073
673.3357,0.0052197392
673.3357,0.0052108658
673.3357,0.0051968472
673.3357,0.0051910199
673.3357,0.0051878272
673.3357,0.0051779547
673.3357,0.0051766251
673.3357,0.0051618833
673.3357,0.0051603075
673.3357,0.0051538837
673.3357,0.0051500105
673.3357,0.0051413332
673.3357,0.0051374221
673.3357,0.0051374006
673.3357,0.0051279374
673.3357,0.0051125689
673.3357,0.0051096085
673.3357,0.0051054468
673.3357,0.0050655735
673.3357,0.0050638239
673.3357,0.0050609847
673.3357,0.0050483774
673.3357,0.0050281914
673.3357,0.0050274383
673.3357,0.0050108156
673.3357,0.0049972647
673.3357,0.0049820299
673.3357,0.0049698222
673.3357,0.004936527
673.3357,0.0049255248
673.3357,0.0049220168
673.3357,0.0049203439
673.3357,0.0049034997
673.3357,0.0049025089
673.3357,0.0048748938
673.3357,0.0048649659
673.3357,0.0048588933
673.3357,0.0048369209
673.3357,0.0048329779
673.3357,0.0048219175
673.3357,0.0048181515
673.3357,0.0047856293
673.3357,0.0047815865
673.3357,0.004748805
673.3357,0.0047446271
673.3357,0.0047287341
673.3357,0.0046851452
673.3357,0.0046754074
673.3357,0.0046661899
673.3357,0.0046396325
673.3357,0.0046074441
673.3357,0.0046021778
673.3357,0.0045685454
673.3357,0.0045571023
673.3357,0.0045391447
673.3357,0.0045326199
673.3357,0.0045318771
673.3357,0.0045273525
673.3357,0.0045233154
673.3357,0.0044553326
673.3357,0.0044346276
673.3357,0.0044259964
673.3357,0.0044080954
673.3357,0.0044022354
673.3357,0.0044006852
673.3357,0.0043990782
673.3357,0.0043939644
673.3357,0.0043878626
673.3357,0.0043877328
673.3357,0.0043825379
673.3357,0.0043793099
673.3357,0.0043754714
673.3357,0.0043704039
673.3357,0.0043246399
673.3357,0.0042972568
673.3357,0.0042891486
673.3357,0.0042580886
673.3357,0.0042561135
673.3357,0.0042533159
673.3357,0.0042506701
673.3357,0.0042406459
673.3357,0.0042346783
673.3357,0.0042155651
673.3357,0.0041868943
673.3357,0.0041773668
673.3357,0.0041663511
673.3357,0.0041620134
673.3357,0.0041563782
673.3357,0.0041339324
673.3357,0.0041311347
673.3357,0.0041269609
673.3357,0.0041112699
673.3357,0.0041100488
673.3357,0.0041092115
673.3357,0.0040959925
673.3357,0.0040922532
673.3357,0.0040754193
673.3357,0.0040730349
673.3357,0.0040704317
673.3357,0.0040434115
673.3357,0.004037872
673.3357,0.004008792
673.3357,0.0040047943
673.3357,0.0039895203
673.3357,0.0039775993
673.3357,0.0039772424
673.3357,0.0039661169
673.3357,0.0039537465
673.3357,0.0039513156
673.3357,0.0039494469
673.3357,0.0039478477
673.3357,0.0039410763
673.3357,0.0039282096
673.3357,0.0038767531
673.3357,0.0038411711
673.3357,0.0038241205
673.3357,0.0038139896
673.3357,0.0037769342
673.3357,0.003771947
673.3357,0.0037679773
673.3357,0.003743748
673.3357,0.0037220342
673.3357,0.0037217577
673.3357,0.0037161177
673.3357,0.0037033364
673.3357,0.0036909098
673.3357,0.0036879053
673.3357,0.0036617042
673.3357,0.0036565241
673.3357,0.0036505532
673.3357,0.003642513
673.3357,0.0036358768
673.3357,0.0036352631
673.3357,0.0036299699
673.3357,0.0036278129
673.3357,0.0036196455
673.3357,0.0036012115
673.3357,0.0035995913
673.3357,0.0035608403
673.3357,0.0035222158
673.3357,0.0035057289
673.3357,0.0034932601
673.3357,0.003465688
673.3357,0.0034590875
673.3357,0.0034447593
673.3357,0.0034161962
673.3357,0.0033957701
673.3357,0.0033909959
673.3357,0.0033864692
673.3357,0.0033833649
673.3357,0.0033756284
673.3357,0.0033575611
673.3357,0.0033525362
673.3357,0.0033478919
673.3357,0.0033437027
673.3357,0.0033404991
673.3357,0.0033311818
673.3357,0.00331952
673.3357,0.0032686905
673.3357,0.0032387923
673.3357,0.0032386241
673.3357,0.0032324966
673.3357,0.0032297296
673.3357,0.0032212104
673.3357,0.00316435
673.3357,0.0031486178
673.3357,0.0031445088
673.3357,0.0031428218
673.3357,0.0031384993
673.3357,0.0030954567
673.3357,0.0030876718
673.3357,0.0030872768
673.3357,0.0030690786
673.3357,0.0030233441
673.3357,0.003008863
673.3357,0.0029983331
673.3357,0.0029473072
673.3357,0.0029441272
673.3357,0.0029410144
673.3357,0.0029369256
673.3357,0.0029363521
673.3357,0.0028951816
673.3357,0.0028616606
673.3357,0.0028557001
673.3357,0.0028458642
673.3357,0.0027909146
673.3357,0.0027872348
673.3357,0.0026916094
673.3357,0.0026866139
673.3357,0.0026640511
673.3357,0.0026559399
673.3357,0.0026178965
673.3357,0.0025458764
673.3357,0.0025381345
673.3357,0.0025247373
673.3357,0.0024734225
673.3357,0.0024661917
673.3357,0.0024589452
673.3357,0.0024542479
673.3357,0.0024140396
673.3357,0.0024121642
673.3357,0.0023957971
673.3357,0.0023799807
673.3357,0.0023597645
673.3357,0.0023490603
673.3357,0.00234864
673.3357,0.0023271562
673.3357,0.0022855447
673.3357,0.0022674807
673.3357,0.0022596893
673.3357,0.002223798
673.3357,0.0021707038
673.3357,0.0021697568
673.3357,0.0021640375
673.3357,0.0021632866
673.3357,0.0021607242
673.3357,0.0021534429
673.3357,0.0021132903
673.3357,0.0020918718
673.3357,0.0020848449
673.3357,0.0020404075
673.3357,0.0020395625
673.3357,0.0019906673
673.3357,0.0019889359
673.3357,0.001939883
673.3357,0.0019291537
673.3357,0.0019181779
673.3357,0.0019155174
673.3357,0.0018441168
673.3357,0.0018163601
673.3357,0.001816346
673.3357,0.0017949187
673.3357,0.0017940235
673.3357,0.0017869487
673.3357,0.0017515874
673.3357,0.0017470183
673.3357,0.0017445199
673.3357,0.0016819047
673.3357,0.001636558
673.3357,0.0016303446
673.3357,0.0016185138
673.3357,0.0015555326
673.3357,0.001533715
673.3357,0.0015286606
673.3357,0.0014683417
673.3357,0.0014639946
673.3357,0.0014447617
673.3357,0.0014316691
673.3357,0.0014097741
673.3357,0.0014018183
673.3357,0.0013724687
673.3357,0.0013547877
673.3357,0.0013416411
673.3357,0.0013008911
673.3357,0.0012230776
673.3357,0.0012155347
673.3357,0.0012082687
673.3357,0.001206684
673.3357,0.0011176195
673.3357,0.0011062629
673.3357,0.0011051926
673.3357,0.0010702468
673.3357,0.0010019989
673.3357,0.00099197456
673.3357,0.00097853382
673.3357,0.0008693882
673.3357,0.00086283344
673.3357,0.00083084781
673.3357,0.00079446164
673.3357,0.0007732701
673.3357,0.00076335723
673.3357,0.00070148709
673.3357,0.00066376627
673.3357,0.00065707934
673.3357,0.0006516334
673.3357,0.0006513205
673.3357,0.00064802947
673.3357,0.00057940248
673.3357,0.00053993452
673.3357,0.00053634914
673.3357,0.00047011238
673.3357,0.00046636552
673.3357,0.00043478332
673.3357,0.00043057434
673.3357,0.00041433296
673.3357,0.00038451416
673.3357,0.00038450714
673.3357,0.00037062726
673.3357,0.00035381401
673.3357,0.00031155761
673.3357,0.00024436911
673.3357,0.00023126785
673.3357,0.00017998091
673.3357,0.00017901037
673.3357,0.00016917066
673.3357,0.00011621341
673.3357,7.6235486e-05
673.3357,5.2885796e-05
673.3357,4.8974133e-05
673.3357,2.5577263e-05
673.3357,-4.9891841e-05
673.3357,-7.5571652e-05
673.3357,-0.00014487133
673.3357,-0.0001619637
673.3357,-0.00016198757
673.3357,-0.0001868871
673.3357,-0.0001873503
673.3357,-0.00020397519
673.3357,-0.00020968707
673.3357,-0.00036055692
673.3357,-0.000389812
673.3357,-0.00039240376
673.3357,-0.00045505879
673.3357,-0.00046575626
673.3357,-0.0006112197
673.3357,-0.00061513621
673.3357,-0.00062972817
673.3357,-0.00069178878
673.3357,-0.00074174146
673.3357,-0.00075137455
673.3357,-0.00076307559
673.3357,-0.00077369323
673.3357,-0.0010015255
673.3357,-0.001044328
673.3357,-0.0011811207
673.3357,-0.0012303045
673.3357,-0.0012310869
673.3357,-0.0014050138
673.3357,-0.0015046491
673.3357,-0.0015853437
673.3357,-0.0017102815
673.3357,-0.0017154854
673.3357,-0.0018642742
673.3357,-0.0018944797
673.3357,-0.0019561198
673.3357,-0.0019894754
673.3357,-0.0021533166
673.3357,-0.0021841982
673.3357,-0.0022660713
673.3357,-0.0022701784
673.3357,-0.0022807849
673.3357,-0.0023089944
673.3357,-0.0024307138
673.3357,-0.0025348311
673.3357,-0.0026044726
673.3357,-0.0026115428
673.3357,-0.0026351722
673.3357,-0.0027982836
673.3357,-0.0029364821
673.3357,-0.0029464324
673.3357,-0.0029916779
673.3357,-0.0029993126
673.3357,-0.0031114223
673.3357,-0.0031520609
673.3357,-0.0032545895
673.3357,-0.0036641994
673.3357,-0.0036819538
673.3357,-0.0038013674
673.3357,-0.0040339234
673.3357,-0.0041123551
673.3357,-0.0043262767
673.3357,-0.0044492331
673.3357,-0.0044878019
673.3357,-0.0045803021
673.3357,-0.0045858558
673.3357,-0.0046264099
673.3357,-0.004913715
673.3357,-0.0049222192
673.3357,-0.0049708586
673.3357,-0.0050964142
673.3357,-0.0052142052
673.3357,-0.0052321391
673.3357,-0.005892904
673.3357,-0.0062893862
673.3357,-0.0066896534
673.3357,-0.0067515188
673.3357,-0.0068622022
673.3357,-0.0068672496
673.3357,-0.0070932471
673.3357,-0.007125635
673.3357,-0.0077960183
673.3357,-0.0079660618
673.3357,-0.0083136934
673.3357,-0.0084714568
673.3357,-0.009423964
673.3357,-0.0095922588
673.3357,-0.0096620352
681.3238,0.0099707234
681.3238,0.0098528393
681.3238,0.0098460397
681.3238,0.0096752411
681.3238,0.0096629322
681.3238,0.0094248095
681.3238,0.0093455007
681.3238,0.0092807962
681.3238,0.0091784407
681.3238,0.0090820475
681.3238,0.0089037801
681.3238,0.0088855277
681.3238,0.0088629648
681.3238,0.0086660164
681.3238,0.0085992134
681.3238,0.0083831481
681.3238,0.0083267208
681.3238,0.0083099203
681.3238,0.0081702625
681.3238,0.0081683708
681.3238,0.008124866
681.3238,0.0081163971
681.3238,0.0081119408
681.3238,0.0081004618
681.3238,0.0081003619
681.3238,0.0080722299
681.3238,0.0080544414
681.3238,0.0080247483
681.3238,0.0079854005
681.3238,0.0079495023
681.3238,0.007808798
681.3238,0.007754162
681.3238,0.007663863
681.3238,0.0076478013
681.3238,0.0076325702
681.3238,0.0076225858
681.3238,0.0076180681
681.3238,0.0076177762
681.3238,0.0076125055
681.3238,0.0075956799
681.3238,0.007589636
681.3238,0.0075273549
681.3238,0.0074732742
681.3238,0.007451717
681.3238,0.0074417336
681.3238,0.0074265834
681.3238,0.0074244684
681.3238,0.0073879571
681.3238,0.0073849178
681.3238,0.0073226199
681.3238,0.0073024351
681.3238,0.0073005213
681.3238,0.0072761243
681.3238,0.0072512637
681.3238,0.0072468424
681.3238,0.0071963526
681.3238,0.0071755457
681.3238,0.0071653432
681.3238,0.007157264
681.3238,0.0071263402
681.3238,0.0071139304
681.3238,0.0071057544
681.3238,0.007075755
681.3238,0.0070705947
681.3238,0.0070492374
681.3238,0.0070239798
681.3238,0.0070011813
681.3238,0.0069852443
681.3238,0.0069713808
681.3238,0.0069355086
681.3238,0.0069038397
681.3238,0.0068981176
681.3238,0.0068897599
681.3238,0.0068591985
681.3238,0.0068486108
681.3238,0.0068302166
681.3238,0.0067706372
681.3238,0.0067345299
681.3238,0.0066986996
681.3238,0.0065892179
681.3238,0.0065714667
681.3238,0.0065520232
681.3238,0.0065412507
681.3238,0.006508373
681.3238,0.006457246
681.3238,0.0064121262
681.3238,0.0064010739
681.3238,0.0063955461
681.3238,0.0063547285
681.3238,0.0062588052
681.3238,0.0062442042
681.3238,0.0062337649
681.3238,0.0061891034
681.3238,0.0061886848
681.3238,0.0061826534
681.3238,0.006172805
681.3238,0.0061596331
681.3238,0.0061489738
681.3238,0.0061451551
681.3238,0.0061327872
681.3238,0.0060679112
681.3238,0.0060636781
681.3238,0.0060577526
681.3238,0.0060472303
681.3238,0.0060462986
681.3238,0.0060415564
681.3238,0.0060369232
681.3238,0.0059247637
681.3238,0.0059242752
681.3238,0.0058891862
681.3238,0.0058796535
681.3238,0.0058782455
681.3238,0.0058580067
681.3238,0.005827641
681.3238,0.0057786288
681.3238,0.0057639602
681.3238,0.0057304924
681.3238,0.0056917249
681.3238,0.0056781949
681.3238,0.005668971
681.3238,0.005619416
681.3238,0.0055803188
681.3238,0.0055706289
681.3238,0.0055480652
681.3238,0.0055419964
681.3238,0.0055291012
681.3238,0.005517523
681.3238,0.0054140358
681.3238,0.0053698373
681.3238,0.0053243707
681.3238,0.0052805465
681.3238,0.0052487895
681.3238,0.0052208847
681.3238,0.005203204
681.3238,0.0051001918
681.3238,0.0050535132
681.3238,0.0050523652
681.3238,0.0050171445
681.3238,0.0050129657
681.3238,0.0049900079
681.3238,0.0049535387
681.3238,0.0049241355
681.3238,0.004818462
681.3238,0.004814188
681.3238,0.004784054
681.3238,0.0047272875
681.3238,0.0046337065
681.3238,0.004619787
681.3238,0.0046193198
681.3238,0.0046027838
681.3238,0.0045312338
681.3238,0.0044921901
681.3238,0.0044513446
681.3238,0.0043063049
681.3238,0.0042972011
681.3238,0.0042717832
681.3238,0.0042712701
681.3238,0.0042429327
681.3238,0.0041669045
681.3238,0.0041314763
681.3238,0.0041038597
681.3238,0.0040943026
681.3238,0.0040915494
681.3238,0.004034764
681.3238,0.0040147934
681.3238,0.0039915478
681.3238,0.0039087048
681.3238,0.0038840081
681.3238,0.003866902
681.3238,0.0038534266
681.3238,0.0038374788
681.3238,0.0037634822
681.3238,0.003724552
681.3238,0.0037226265
681.3238,0.0036659241
681.3238,0.0036396082
681.3238,0.0035876382
681.3238,0.0035786048
681.3238,0.0035516536
681.3238,0.0035494523
681.3238,0.0034712993
681.3238,0.0034195408
681.3238,0.0033521164
681.3238,0.0033375016
681.3238,0.0033150564
681.3238,0.0031691748
681.3238,0.003159564
681.3238,0.0031590619
681.3238,0.0031259998
681.3238,0.0030779129
681.3238,0.0029281096
681.3238,0.0029010962
681.3238,0.0028973561
681.3238,0.0028538444
681.3238,0.0027991652
681.3238,0.0027755532
681.3238,0.0027723796
681.3238,0.0026421155
681.3238,0.0025964742
681.3238,0.0025698578
681.3238,0.0025589006
681.3238,0.0025243395
681.3238,0.0025220175
681.3238,0.0025123281
681.3238,0.0024405693
681.3238,0.0024143488
681.3238,0.0023645898
681.3238,0.0023363683
681.3238,0.0021958286
681.3238,0.0021843807
681.3238,0.0021157402
681.3238,0.0020320513
681.3238,0.0020237805
681.3238,0.0020119322
681.3238,0.0020053958
681.3238,0.001998316
681.3238,0.0019780473
681.3238,0.0019751083
681.3238,0.001966735
681.3238,0.0019149542
681.3238,0.0018912202
681.3238,0.0018088184
681.3238,0.0017849264
681.3238,0.0017681219
681.3238,0.0017639475
681.3238,0.0017446106
681.3238,0.001635287
681.3238,0.0015633786
681.3238,0.0015095215
681.3238,0.001506014
681.3238,0.0014783908
681.3238,0.0014720264
681.3238,0.0014472199
681.3238,0.0014343133
681.3238,0.0014119778
681.3238,0.0014025259
681.3238,0.0013765558
681.3238,0.0013504724
681.3238,0.0013070265
681.3238,0.0013026504
681.3238,0.0012146242
681.3238,0.0010533237
681.3238,0.0010308894
681.3238,0.0010082121
681.3238,0.00098209723
681.3238,0.00095284096
681.3238,0.00094690746
681.3238,0.00092291454
681.3238,0.00092147466
681.3238,0.00090887967
681.3238,0.00084820253
681.3238,0.00083312182
681.3238,0.00081175471
681.3238,0.00078427385
681.3238,0.00077279126
681.3238,0.00074995097
681.3238,0.00073573651
681.3238,0.00072727125
681.3238,0.00070673267
681.3238,0.00068837859
681.3238,0.00068802722
681.3238,0.00068575709
681.3238,0.00059683328
681.3238,0.00058612386
681.3238,0.00057593997
681.3238,0.00057312081
681.3238,0.00056554431
681.3238,0.00054479159
681.3238,0.00046220721
681.3238,0.00045703645
681.3238,0.00042987883
681.3238,0.00041927727
681.3238,0.00037289117
681.3238,0.00036827643
681.3238,0.00032418515
681.3238,0.00032383779
681.3238,0.00031831971
681.3238,0.00029132246
681.3238,0.00027270081
681.3238,0.00026209179
681.3238,0.0002506904
681.3238,0.00023782952
681.3238,0.00021219575
681.3238,0.00016135722
681.3238,0.00011170189
681.3238,9.3266438e-05
681.3238,9.0645841e-05
681.3238,8.5525285e-05
681.3238,8.4424769e-05
681.3238,4.1407027e-05
681.3238,1.0930027e-05
681.3238,7.702398e-06
681.3238,-3.3961043e-05
681.3238,-5.2489888e-05
681.3238,-7.7207728e-05
681.3238,-8.3382633e-05
681.3238,-9.3240011e-05
681.3238,-0.00011596677
681.3238,-0.000131193
681.3238,-0.00013459421
681.3238,-0.00013998486
681.3238,-0.00014573161
681.3238,-0.00015390482
681.3238,-0.0001647848
681.3238,-0.00018962115
681.3238,-0.00022990807
681.3238,-0.000230743
681.3238,-0.00026364449
681.3238,-0.00027119465
681.3238,-0.00027899862
681.3238,-0.00029191001
681.3238,-0.0003168416
681.3238,-0.00031933847
681.3238,-0.00032684037
681.3238,-0.00032944496
681.3238,-0.00033805047
681.3238,-0.00034434295
681.3238,-0.00035543936
681.3238,-0.00035987416
681.3238,-0.00039393783
681.3238,-0.00039718448
681.3238,-0.00039886275
681.3238,-0.00039890536
681.3238,-0.00040148141
681.3238,-0.00040809955
681.3238,-0.00040933316
681.3238,-0.00041497536
681.3238,-0.00042891299
681.3238,-0.00044114804
681.3238,-0.00044643266
681.3238,-0.00045378064
681.3238,-0.00045646024
681.3238,-0.00045664851
681.3238,-0.00046459549
681.3238,-0.00050993645
681.3238,-0.00051749718
681.3238,-0.0005325689
681.3238,-0.00053691226
681.3238,-0.00054017929
681.3238,-0.0005497061
681.3238,-0.00055081335
681.3238,-0.0005574707
681.3238,-0.00057979488
681.3238,-0.00059152811
681.3238,-0.00059377595
681.3238,-0.00059478241
681.3238,-0.00059653826
681.3238,-0.00061329165
681.3238,-0.000613553
681.3238,-0.00061706397
681.3238,-0.00063328508
681.3238,-0.0006409758
681.3238,-0.00064300063
681.3238,-0.00064562855
681.3238,-0.00065212538
681.3238,-0.00065660707
681.3238,-0.0006612385
681.3238,-0.00066243182
681.3238,-0.00067136394
681.3238,-0.00067451221
681.3238,-0.00069122398
681.3238,-0.00069401647
681.3238,-0.00069633387
681.3238,-0.00070345837
681.3238,-0.00070407891
681.3238,-0.0007063128
681.3238,-0.00070708686
681.3238,-0.00071226443
681.3238,-0.00071262065
681.3238,-0.00071945445
681.3238,-0.00072514457
681.3238,-0.00073006852
681.3238,-0.00074211546
681.3238,-0.00074242868
681.3238,-0.00074421594
681.3238,-0.00075177882
681.3238,-0.00075223942
681.3238,-0.00075740514
681.3238,-0.00076042349
681.3238,-0.00076284526
681.3238,-0.00076298546
681.3238,-0.00076623
681.3238,-0.00076732474
681.3238,-0.00076833246
681.3238,-0.00076857081
681.3238,-0.00077346526
681.3238,-0.00078037604
681.3238,-0.00078227823
681.3238,-0.00078735811
681.3238,-0.00079352112
681.3238,-0.00079669014
681.3238,-0.00079731482
681.3238,-0.0007982337
681.3238,-0.00079871185
681.3238,-0.0008013789
681.3238,-0.00080410067
681.3238,-0.00080671121
681.3238,-0.00080770701
681.3238,-0.00081183509
681.3238,-0.00081348807
681.3238,-0.0008156909
681.3238,-0.00081818246
681.3238,-0.00082509669
681.3238,-0.00083326784
681.3238,-0.00083694365
681.3238,-0.00083739483
681.3238,-0.00084314289
681.3238,-0.00084452215
681.3238,-0.00084562011
681.3238,-0.00084563128
681.3238,-0.00085291637
681.3238,-0.00085735343
681.3238,-0.00085856906
681.3238,-0.00085981076
681.3238,-0.00086127123
681.3238,-0.00086156948
681.3238,-0.00086197646
681.3238,-0.00087491849
681.3238,-0.00088031096
681.3238,-0.00088373317
681.3238,-0.0008891362
681.3238,-0.00089734644
681.3238,-0.00089849886
681.3238,-0.00089912486
681.3238,-0.00090378209
681.3238,-0.00090583924
681.3238,-0.00090846231
681.3238,-0.00090994917
681.3238,-0.00091622325
681.3238,-0.00091842524
681.3238,-0.00092388799
681.3238,-0.00092464694
681.3238,-0.00093610903
681.3238,-0.00093877574
681.3238,-0.00094447806
681.3238,-0.00095118455
681.3238,-0.00095347802
681.3238,-0.00095386667
681.3238,-0.00095399301
681.3238,-0.0009629828
681.3238,-0.00096380676
681.3238,-0.00096384784
681.3238,-0.00096676423
681.3238,-0.00097182329
681.3238,-0.00097261176
681.3238,-0.00097644139
681.3238,-0.0009809811
681.3238,-0.00098376101
681.3238,-0.00098462871
681.3238,-0.00098578907
681.3238,-0.00098748821
681.3238,-0.00099025287
681.3238,-0.00099758825
681.3238,-0.0010052968
681.3238,-0.0010142239
681.3238,-0.001014518
681.3238,-0.0010163022
681.3238,-0.0010180517
681.3238,-0.0010202086
681.3238,-0.0010218431
681.3238,-0.0010229804
681.3238,-0.0010230422
681.3238,-0.0010240924
681.3238,-0.0010255839
681.3238,-0.0010264041
681.3238,-0.0010274845
681.3238,-0.0010295192
681.3238,-0.0010317416
681.3238,-0.0010348823
681.3238,-0.0010378632
681.3238,-0.0010404928
681.3238,-0.0010425519
681.3238,-0.0010464375
681.3238,-0.0010467213
681.3238,-0.0010571093
681.3238,-0.0010610468
681.3238,-0.0010631168
681.3238,-0.0010634784
681.3238,-0.001067165
681.3238,-0.0010762157
681.3238,-0.0010782975
681.3238,-0.0010829747
681.3238,-0.0010836188
681.3238,-0.0010850946
681.3238,-0.0010933583
681.3238,-0.001094996
681.3238,-0.0010959594
681.3238,-0.0011021065
681.3238,-0.0011051236
681.3238,-0.0011066522
681.3238,-0.001107289
681.3238,-0.0011126422
681.3238,-0.0011129598
681.3238,-0.0011175797
681.3238,-0.0011216415
681.3238,-0.0011222908
681.3238,-0.0011232951
681.3238,-0.0011263726
681.3238,-0.0011333481
681.3238,-0.0011334756
681.3238,-0.0011383129
681.3238,-0.0011385514
681.3238,-0.0011471151
681.3238,-0.001150264
681.3238,-0.001150818
681.3238,-0.0011531876
681.3238,-0.0011564254
681.3238,-0.001159557
681.3238,-0.0011602624
681.3238,-0.0011602988
681.3238,-0.0011634001
681.3238,-0.0011661495
681.3238,-0.0011686097
681.3238,-0.0011704166
681.3238,-0.0011722291
681.3238,-0.0011746049
681.3238,-0.0011758582
681.3238,-0.0011764442
681.3238,-0.0011797074
681.3238,-0.0011823514
681.3238,-0.0011939659
681.3238,-0.0011959711
681.3238,-0.0012027309
681.3238,-0.0012037776
681.3238,-0.0012105775
681.3238,-0.0012110482
681.3238,-0.0012121918
681.3238,-0.0012206311
681.3238,-0.0012226977
681.3238,-0.0012237693
681.3238,-0.0012279005
681.3238,-0.0012299425
681.3238,-0.0012328148
681.3238,-0.0012337372
681.3238,-0.0012339785
681.3238,-0.0012356065
681.3238,-0.001246161
681.3238,-0.0012491075
681.3238,-0.0012534041
681.3238,-0.0012582571
681.3238,-0.0012639153
681.3238,-0.0012651652
681.3238,-0.0012653552
681.3238,-0.0012662005
681.3238,-0.0012664742
681.3238,-0.0012690553
681.3238,-0.0012692541
681.3238,-0.0012766028
681.3238,-0.0012783715
681.3238,-0.0012809002
681.3238,-0.0012874984
681.3238,-0.0012907536
681.3238,-0.0012925616
681.3238,-0.0012956991
681.3238,-0.0013005428
681.3238,-0.0013054082
681.3238,-0.0013060947
681.3238,-0.0013064512
681.3238,-0.00130733
681.3238,-0.0013103595
681.3238,-0.0013148055
681.3238,-0.0013151539
681.3238,-0.0013153171
681.3238,-0.0013167576
681.3238,-0.0013172828
681.3238,-0.0013175492
681.3238,-0.0013181063
681.3238,-0.0013181915
681.3238,-0.0013223156
681.3238,-0.0013233935
681.3238,-0.0013244767
681.3238,-0.0013255837
681.3238,-0.0013269982
681.3238,-0.001331014
681.3238,-0.0013330736
681.3238,-0.0013335834
681.3238,-0.0013348014
681.3238,-0.0013373537
681.3238,-0.001341313
681.3238,-0.0013416881
681.3238,-0.0013449269
681.3238,-0.0013450192
681.3238,-0.0013453595
681.3238,-0.0013492474
681.3238,-0.0013524357
681.3238,-0.0013550001
681.3238,-0.0013555166
681.3238,-0.0013598665
681.3238,-0.0013605418
681.3238,-0.0013617389
681.3238,-0.0013659815
681.3238,-0.0013687668
681.3238,-0.0013742481
681.3238,-0.0013744193
681.3238,-0.0013753404
681.3238,-0.0013760146
681.3238,-0.0013766809
681.3238,-0.0013768222
681.3238,-0.001378109
681.3238,-0.0013793887
681.3238,-0.001379492
681.3238,-0.0013804304
681.3238,-0.0013844329
681.3238,-0.0013851066
681.3238,-0.0013854879
681.3238,-0.0013864101
681.3238,-0.0013907686
681.3238,-0.0013934589
681.3238,-0.0013960169
681.3238,-0.0013968627
681.3238,-0.0013982519
681.3238,-0.0014081645
681.3238,-0.0014118847
681.3238,-0.0014174467
681.3238,-0.0014176166
681.3238,-0.0014176441
681.3238,-0.0014208058
681.3238,-0.001427142
681.3238,-0.0014291541
681.3238,-0.0014298319
681.3238,-0.0014331557
681.3238,-0.0014343378
681.3238,-0.0014382456
681.3238,-0.001438982
681.3238,-0.001442043
681.3238,-0.0014431037
681.3238,-0.0014436906
681.3238,-0.0014438346
681.3238,-0.0014459911
681.3238,-0.0014462336
681.3238,-0.0014488864
681.3238,-0.0014490767
681.3238,-0.0014513127
681.3238,-0.0014574895
681.3238,-0.0014584541
681.3238,-0.001461447
681.3238,-0.0014646795
681.3238,-0.0014680352
681.3238,-0.0014692396
681.3238,-0.0014754481
681.3238,-0.0014800923
681.3238,-0.0014925789
681.3238,-0.0014932733
681.3238,-0.0014956813
681.3238,-0.0014976788
681.3238,-0.0014997161
681.3238,-0.0015003236
681.3238,-0.0015012447
681.3238,-0.0015013612
681.3238,-0.0015015582
681.3238,-0.0015047572
681.3238,-0.0015082619
681.3238,-0.0015092696
681.3238,-0.0015092984
681.3238,-0.0015104181
681.3238,-0.0015120615
681.3238,-0.0015131869
681.3238,-0.0015146864
681.3238,-0.0015163747
681.3238,-0.0015184035
681.3238,-0.0015212673
681.3238,-0.0015219884
681.3238,-0.0015230866
681.3238,-0.0015238494
681.3238,-0.0015270816
681.3238,-0.0015293501
681.3238,-0.0015334353
681.3238,-0.0015351344
681.3238,-0.0015384848
681.3238,-0.0015422918
681.3238,-0.001544315
681.3238,-0.0015447518
681.3238,-0.0015451076
681.3238,-0.0015478803
681.3238,-0.0015541567
681.3238,-0.0015550099
681.3238,-0.0015562386
681.3238,-0.0015562411
681.3238,-0.0015571786
681.3238,-0.0015578377
681.3238,-0.0015590599
681.3238,-0.0015607594
681.3238,-0.0015641619
681.3238,-0.001565222
681.3238,-0.0015712821
681.3238,-0.0015759159
681.3238,-0.001577665
681.3238,-0.001578507
681.3238,-0.0015802544
681.3238,-0.0015813724
681.3238,-0.0015831479
681.3238,-0.0015891186
681.3238,-0.0015911048
681.3238,-0.0015912509
681.3238,-0.0015938295
681.3238,-0.0015946784
681.3238,-0.0015954613
681.3238,-0.001596596
681.3238,-0.0015991763
681.3238,-0.0015998993
681.3238,-0.0016050379
681.3238,-0.001605276
681.3238,-0.0016083995
681.3238,-0.0016109871
681.3238,-0.0016132685
681.3238,-0.0016193964
681.3238,-0.0016264436
681.3238,-0.0016291387
681.3238,-0.0016348214
681.3238,-0.0016471026
681.3238,-0.0016539817
681.3238,-0.0016542381
681.3238,-0.0016568406
681.3238,-0.0016647217
681.3238,-0.0016703161
681.3238,-0.0016809304
681.3238,-0.0016816652
681.3238,-0.0016873063
681.3238,-0.0016883025
681.3238,-0.001689814
681.3238,-0.001692134
681.3238,-0.0016929052
681.3238,-0.0016965884
681.3238,-0.0016977472
681.3238,-0.0017002326
681.3238,-0.0017201689
681.3238,-0.0017208379
681.3238,-0.0017226581
681.3238,-0.0017263949
681.3238,-0.0017286317
681.3238,-0.0017305764
681.3238,-0.0017360908
681.3238,-0.001737874
681.3238,-0.0017382612
681.3238,-0.0017396216
681.3238,-0.0017411284
681.3238,-0.0017452803
681.3238,-0.0017491633
681.3238,-0.0017541204
681.3238,-0.0017541248
681.3238,-0.0017557578
681.3238,-0.0017595407
681.3238,-0.0017610427
681.3238,-0.0017623872
681.3238,-0.0017628009
681.3238,-0.0017655177
681.3238,-0.0017660907
681.3238,-0.0017667472
681.3238,-0.0017672956
681.3238,-0.0017751212
681.3238,-0.0017804948
681.3238,-0.0017806895
681.3238,-0.0017829492
681.3238,-0.0017875779
681.3238,-0.0017907057
681.3238,-0.0017994442
681.3238,-0.0018009578
681.3238,-0.00180537
681.3238,-0.001816386
681.3238,-0.0018181734
681.3238,-0.0018198245
681.3238,-0.0018221941
681.3238,-0.0018510539
681.3238,-0.0018522398
681.3238,-0.0018641081
681.3238,-0.001866575
681.3238,-0.0018707413
681.3238,-0.0018758259
681.3238,-0.0018792247
681.3238,-0.0018855944
681.3238,-0.0018880093
681.3238,-0.0018944918
681.3238,-0.0018969686
681.3238,-0.001903246
681.3238,-0.0019105999
681.3238,-0.001912766
681.3238,-0.0019201569
681.3238,-0.0019209794
681.3238,-0.0019210024
681.3238,-0.0019238599
681.3238,-0.0019258118
681.3238,-0.0019352428
681.3238,-0.0019409032
681.3238,-0.0019422393
681.3238,-0.0019422598
681.3238,-0.0019434741
681.3238,-0.0019545314
681.3238,-0.001954765
681.3238,-0.0019556995
681.3238,-0.0019668219
681.3238,-0.001969309
681.3238,-0.0019783352
681.3238,-0.0019813203
681.3238,-0.0019828875
681.3238,-0.0019834948
681.3238,-0.001984267
681.3238,-0.0019963896
681.3238,-0.0019994324
681.3238,-0.0020021494
681.3238,-0.002008121
681.3238,-0.0020122578
681.3238,-0.0020172338
681.3238,-0.0020209797
681.3238,-0.0020357736
681.3238,-0.0020461102
681.3238,-0.0020500387
681.3238,-0.0020556585
681.3238,-0.0020593859
681.3238,-0.0020594321
681.3238,-0.0020603862
681.3238,-0.0020635565
681.3238,-0.0020639029
681.3238,-0.0020718908
681.3238,-0.0020782832
681.3238,-0.0020790195
681.3238,-0.0020843469
681.3238,-0.0020886793
681.3238,-0.0020895812
681.3238,-0.002090894
681.3238,-0.0020992043
681.3238,-0.0021084794
681.3238,-0.0021090846
681.3238,-0.0021123331
681.3238,-0.0021123949
681.3238,-0.0021136012
681.3238,-0.0021167039
681.3238,-0.0021196254
681.3238,-0.0021206505
681.3238,-0.002121112
681.3238,-0.0021230502
681.3238,-0.0021236673
681.3238,-0.002138766
681.3238,-0.0021446007
681.3238,-0.0021469653
681.3238,-0.0021531908
681.3238,-0.0021686932
681.3238,-0.0021773478
681.3238,-0.002190078
681.3238,-0.0021930606
681.3238,-0.002202467
681.3238,-0.0022025467
681.3238,-0.0022242995
681.3238,-0.0022248892
681.3238,-0.0022282866
681.3238,-0.0022319874
681.3238,-0.0022384467
681.3238,-0.0022412746
681.3238,-0.0022420577
681.3238,-0.0022514523
681.3238,-0.0022537859
681.3238,-0.0022551835
681.3238,-0.0022650674
681.3238,-0.0022736957
681.3238,-0.0022741159
681.3238,-0.0022776193
681.3238,-0.002281263
681.3238,-0.002302336
681.3238,-0.0023028309
681.3238,-0.002312412
681.3238,-0.0023126445
681.3238,-0.0023202274
681.3238,-0.0023245724
681.3238,-0.0023383578
681.3238,-0.0023576541
681.3238,-0.0023705676
681.3238,-0.0023715874
681.3238,-0.0023799509
681.3238,-0.002393772
681.3238,-0.0023980564
681.3238,-0.0024000181
681.3238,-0.0024008182
681.3238,-0.0024103591
681.3238,-0.0024122535
681.3238,-0.0024135297
681.3238,-0.0024144946
681.3238,-0.0024188671
681.3238,-0.0024293364
681.3238,-0.0024382363
681.3238,-0.0024428276
681.3238,-0.0024458607
681.3238,-0.0024612506
681.3238,-0.0024634821
681.3238,-0.0024639182
681.3238,-0.0024741601
681.3238,-0.0024754028
681.3238,-0.0024799531
681.3238,-0.0024851542
681.3238,-0.0025162247
681.3238,-0.0025172483
681.3238,-0.0025187949
681.3238,-0.0025210499
681.3238,-0.0025230499
681.3238,-0.0025351714
681.3238,-0.0025529877
681.3238,-0.0025569967
681.3238,-0.0025625688
681.3238,-0.0026327203
681.3238,-0.0026359055
681.3238,-0.0026429945
681.3238,-0.0026604259
681.3238,-0.0026664292
681.3238,-0.0026676243
681.3238,-0.002708061
681.3238,-0.0027102698
681.3238,-0.0027392949
681.3238,-0.0027419131
681.3238,-0.002753679
681.3238,-0.0027584834
681.3238,-0.0027918567
681.3238,-0.0028055452
681.3238,-0.002813287
681.3238,-0.0028172591
681.3238,-0.0028302208
681.3238,-0.0028344368
681.3238,-0.0028711201
681.3238,-0.0028719842
681.3238,-0.0028790287
681.3238,-0.0028808577
681.3238,-0.0029252251
681.3238,-0.0029503575
681.3238,-0.0029667925
681.3238,-0.0029717611
681.3238,-0.0029803193
681.3238,-0.0030188237
681.3238,-0.0030782954
681.3238,-0.0030845478
681.3238,-0.0030914989
681.3238,-0.0031053687
681.3238,-0.0031100673
681.3238,-0.0031292022
681.3238,-0.0031366294
681.3238,-0.0031416539
681.3238,-0.0031523511
681.3238,-0.0032031673
681.3238,-0.0032122125
681.3238,-0.0032842317
681.3238,-0.0033174836
681.3238,-0.0033207649
681.3238,-0.0033273222
681.3238,-0.0033362279
681.3238,-0.0033492885
681.3238,-0.0033582211
681.3238,-0.003374314
681.3238,-0.0033909922
681.3238,-0.0033924336
681.3238,-0.0033927254
681.3238,-0.0034098442
681.3238,-0.0034245547
681.3238,-0.0034316685
681.3238,-0.0034611078
681.3238,-0.0035025353
681.3238,-0.0035230185
681.3238,-0.0035250632
681.3238,-0.0035511436
681.3238,-0.003553894
681.3238,-0.0035733409
681.3238,-0.0035808273
681.3238,-0.0035894689
681.3238,-0.0036060139
681.3238,-0.0036195668
681.3238,-0.003665546
681.3238,-0.0036984497
681.3238,-0.0036984533
681.3238,-0.0037076877
681.3238,-0.0037314496
681.3238,-0.0037527558
681.3238,-0.0037604891
681.3238,-0.003767911
681.3238,-0.0037822064
681.3238,-0.0037834398
681.3238,-0.003796072
681.3238,-0.0038024591
681.3238,-0.0038047548
681.3238,-0.0038182447
681.3238,-0.0038247561
681.3238,-0.0038602616
681.3238,-0.0038638483
681.3238,-0.0038849692
681.3238,-0.0038878504
681.3238,-0.0038905687
681.3238,-0.0039136899
681.3238,-0.0039187327
681.3238,-0.0039300126
681.3238,-0.0039841077
681.3238,-0.0039951925
681.3238,-0.004002255
681.3238,-0.0040120967
681.3238,-0.0041106191
681.3238,-0.0041149915
681.3238,-0.0041261046
681.3238,-0.0041328528
681.3238,-0.0041397753
681.3238,-0.0041947961
681.3238,-0.0042163051
681.3238,-0.0042433719
681.3238,-0.0042440622
681.3238,-0.0042455593
681.3238,-0.0042616486
681.3238,-0.004272276
681.3238,-0.0042877855
681.3238,-0.0043330713
681.3238,-0.0043734537
681.3238,-0.0043837351
681.3238,-0.0043985774
681.3238,-0.0043991015
681.3238,-0.0044106791
681.3238,-0.0045073247
681.3238,-0.0045256842
681.3238,-0.0045259112
681.3238,-0.0045281083
681.3238,-0.0045344253
681.3238,-0.0045412028
681.3238,-0.0045453246
681.3238,-0.0045496443
681.3238,-0.0045686707
681.3238,-0.0046072663
681.3238,-0.0046373452
681.3238,-0.0047075591
681.3238,-0.004707982
681.3238,-0.0047120579
681.3238,-0.0048256206
681.3238,-0.0048613494
681.3238,-0.0048640733
681.3238,-0.0049286405
681.3238,-0.0049540408
681.3238,-0.0049666291
681.3238,-0.0050848705
681.3238,-0.005093021
681.3238,-0.0051150406
681.3238,-0.0051318352
681.3238,-0.0051366199
681.3238,-0.0051412536
681.3238,-0.0051536516
681.3238,-0.0051742541
681.3238,-0.0052296496
681.3238,-0.0052354295
681.3238,-0.0052403611
681.3238,-0.0052501808
681.3238,-0.0052888451
681.3238,-0.005300956
681.3238,-0.005318259
681.3238,-0.0053185133
681.3238,-0.0053364156
681.3238,-0.0053388193
681.3238,-0.0053392293
681.3238,-0.0053395878
681.3238,-0.0053525959
681.3238,-0.0053565677
681.3238,-0.0054100801
681.3238,-0.0054185928
681.3238,-0.0054746394
681.3238,-0.0054922989
681.3238,-0.0054941797
681.3238,-0.0055190783
681.3238,-0.005527955
681.3238,-0.0055408942
681.3238,-0.0055414056
681.3238,-0.0055536719
681.3238,-0.0055581515
681.3238,-0.005561928
681.3238,-0.0056269294
681.3238,-0.0056685757
681.3238,-0.0056938368
681.3238,-0.0056978489
681.3238,-0.0057266007
681.3238,-0.0057560488
681.3238,-0.0058132765
681.3238,-0.0058150175
681.3238,-0.0058192835
681.3238,-0.0058321735
681.3238,-0.0058564353
681.3238,-0.0058588576
681.3238,-0.0058939447
681.3238,-0.0059159033
681.3238,-0.0059323391
681.3238,-0.0059549154
681.3238,-0.0059552331
681.3238,-0.0059826557
681.3238,-0.0060176343
681.3238,-0.0060184808
681.3238,-0.006019679
681.3238,-0.0060318445
681.3238,-0.0060590773
681.3238,-0.00606216
681.3238,-0.0060689926
681.3238,-0.0061042333
681.3238,-0.0061070895
681.3238,-0.006109358
681.3238,-0.0061208141
681.3238,-0.0062058691
681.3238,-0.0062270519
681.3238,-0.0062354507
681.3238,-0.0062500011
681.3238,-0.0062869784
681.3238,-0.0063363528
681.3238,-0.0063995663
681.3238,-0.0064137842
681.3238,-0.0064369894
681.3238,-0.0064400033
681.3238,-0.0064635239
681.3238,-0.0064653357
681.3238,-0.0064765305
681.3238,-0.0064953345
681.3238,-0.006501095
681.3238,-0.0065125255
681.3238,-0.0065821136
681.3238,-0.0065830914
681.3238,-0.0066049952
681.3238,-0.0066207254
681.3238,-0.0066479835
681.3238,-0.0066536981
681.3238,-0.0066899208
681.3238,-0.0066951004
681.3238,-0.0067935666
681.3238,-0.0068017792
681.3238,-0.0068144483
681.3238,-0.0068319362
681.3238,-0.0068473311
681.3238,-0.0068721599
681.3238,-0.0069464087
681.3238,-0.0069593143
681.3238,-0.006978033
681.3238,-0.0069967021
681.3238,-0.006998476
681.3238,-0.0070895875
681.3238,-0.0070955751
681.3238,-0.0071237267
681.3238,-0.007148243
681.3238,-0.0071503376
681.3238,-0.0072790499
681.3238,-0.0072823335
681.3238,-0.0072988054
681.3238,-0.0073018888
681.3238,-0.007307044
681.3238,-0.007323839
681.3238,-0.0073971385
681.3238,-0.0074054323
681.3238,-0.0074328568
681.3238,-0.0074897077
681.3238,-0.0074996448
681.3238,-0.0075290857
681.3238,-0.0075665541
681.3238,-0.0075830231
681.3238,-0.0075961295
681.3238,-0.0076213577
681.3238,-0.0076328299
681.3238,-0.0076505196
681.3238,-0.0076563101
681.3238,-0.0076624962
681.3238,-0.0076967838
681.3238,-0.0077604548
681.3238,-0.0077694422
681.3238,-0.007812266
681.3238,-0.007826139
681.3238,-0.007871936
681.3238,-0.0079201763
681.3238,-0.0079390173
681.3238,-0.0079403098
681.3238,-0.007958011
681.3238,-0.0079991671
681.3238,-0.0079997252
681.3238,-0.0080006361
681.3238,-0.0080200904
681.3238,-0.0080545715
681.3238,-0.0080886697
681.3238,-0.008092698
681.3238,-0.0081052392
681.3238,-0.0081077217
681.3238,-0.0081200326
681.3238,-0.0081292962
681.3238,-0.0081696625
681.3238,-0.0081937709
681.3238,-0.0082431577
681.3238,-0.008243556
681.3238,-0.0082466949
681.3238,-0.0082547155
681.3238,-0.0083028228
681.3238,-0.0083423831
681.3238,-0.0083486091
681.3238,-0.0083711026
681.3238,-0.008385176
681.3238,-0.0084047007
681.3238,-0.0084120608
681.3238,-0.0084520088
681.3238,-0.0084673081
681.3238,-0.0084715304
681.3238,-0.0085309411
681.3238,-0.0085824875
681.3238,-0.0085927301
681.3238,-0.0085985789
681.3238,-0.0086424115
681.3238,-0.0087040083
681.3238,-0.0087094371
681.3238,-0.0087452927
681.3238,-0.0087859902
681.3238,-0.0087934286
681.3238,-0.0088044539
681.3238,-0.0088099169
681.3238,-0.0088161486
681.3238,-0.0088267136
681.3238,-0.00882938
681.3238,-0.008856346
681.3238,-0.0088591459
681.3238,-0.0088704509
681.3238,-0.0088791816
681.3238,-0.0088915145
681.3238,-0.0088952932
681.3238,-0.0089906968
681.3238,-0.0090040532
681.3238,-0.0090413037
681.3238,-0.0090518682
681.3238,-0.0090862851
681.3238,-0.0090871262
681.3238,-0.0090950637
681.3238,-0.0091088106
681.3238,-0.0091198657
681.3238,-0.0091270138
681.3238,-0.0091546194
681.3238,-0.0091819854
681.3238,-0.0091966945
681.3238,-0.0091976763
681.3238,-0.0092214766
681.3238,-0.0092916877
681.3238,-0.0092963589
681.3238,-0.0093177241
681.3238,-0.0093579418
681.3238,-0.0093739698
681.3238,-0.0094164261
681.3238,-0.0095424451
681.3238,-0.0095633588
681.3238,-0.0095877145
681.3238,-0.0096011382
681.3238,-0.0096229014
681.3238,-0.0096492795
681.3238,-0.0096568985
681.3238,-0.0096791319
681.3238,-0.0096823536
681.3238,-0.0097041668
681.3238,-0.0097283713
681.3238,-0.0097729417
681.3238,-0.0098113007
681.3238,-0.0098178499
681.3238,-0.009885884
681.3238,-0.0099925353
681.3238,-0.0099938247
681.3327,0.0099533237
681.3327,0.0099308894
681.3327,0.0099082121
681.3327,0.0098820972
681.3327,0.009852841
681.3327,0.0098469075
681.3327,0.0098229145
681.3327,0.0098214747
681.3327,0.0098088797
681.3327,0.0097482025
681.3327,0.0097331218
681.3327,0.0097117547
681.3327,0.0096842738
681.3327,0.0096727913
681.3327,0.009649951
681.3327,0.0096357365
681.3327,0.0096272713
681.3327,0.0096067327
681.3327,0.0095883786
681.3327,0.0095880272
681.3327,0.0095857571
681.3327,0.0094968333
681.3327,0.0094861239
681.3327,0.00947594
681.3327,0.0094731208
681.3327,0.0094655443
681.3327,0.0094447916
681.3327,0.0093622072
681.3327,0.0093570364
681.3327,0.0093298788
681.3327,0.0093192773
681.3327,0.0092728912
681.3327,0.0092682764
681.3327,0.0092241851
681.3327,0.0092238378
681.3327,0.0092183197
681.3327,0.0091913225
681.3327,0.0091727008
681.3327,0.0091620918
681.3327,0.0091506904
681.3327,0.0091378295
681.3327,0.0091121958
681.3327,0.0090613572
681.3327,0.0090117019
681.3327,0.0089932664
681.3327,0.0089906458
681.3327,0.0089855253
681.3327,0.0089844248
681.3327,0.008941407
681.3327,0.00891093
681.3327,0.0089077024
681.3327,0.008866039
681.3327,0.0088475101
681.3327,0.0088227923
681.3327,0.0088166174
681.3327,0.00880676
681.3327,0.0087840332
681.3327,0.008768807
681.3327,0.0087654058
681.3327,0.0087600151
681.3327,0.0087542684
681.3327,0.0087460952
681.3327,0.0087352152
681.3327,0.0087103789
681.3327,0.0086700919
681.3327,0.008669257
681.3327,0.0086363555
681.3327,0.0086288053
681.3327,0.0086210014
681.3327,0.00860809
681.3327,0.0085831584
681.3327,0.0085806615
681.3327,0.0085731596
681.3327,0.008570555
681.3327,0.0085619495
681.3327,0.0085556571
681.3327,0.0085445606
681.3327,0.0085401258
681.3327,0.0085060622
681.3327,0.0085028155
681.3327,0.0085011372
681.3327,0.0085010946
681.3327,0.0084985186
681.3327,0.0084919004
681.3327,0.0084906668
681.3327,0.0084850246
681.3327,0.008471087
681.3327,0.008458852
681.3327,0.0084535673
681.3327,0.0084462194
681.3327,0.0084435398
681.3327,0.0084433515
681.3327,0.0084354045
681.3327,0.0083900636
681.3327,0.0083825028
681.3327,0.0083674311
681.3327,0.0083630877
681.3327,0.0083598207
681.3327,0.0083502939
681.3327,0.0083491866
681.3327,0.0083425293
681.3327,0.0083202051
681.3327,0.0083084719
681.3327,0.0083062241
681.3327,0.0083052176
681.3327,0.0083034617
681.3327,0.0082867084
681.3327,0.008286447
681.3327,0.008282936
681.3327,0.0082667149
681.3327,0.0082590242
681.3327,0.0082569994
681.3327,0.0082543715
681.3327,0.0082478746
681.3327,0.0082433929
681.3327,0.0082387615
681.3327,0.0082375682
681.3327,0.0082286361
681.3327,0.0082254878
681.3327,0.008208776
681.3327,0.0082059835
681.3327,0.0082036661
681.3327,0.0081965416
681.3327,0.0081959211
681.3327,0.0081936872
681.3327,0.0081929131
681.3327,0.0081877356
681.3327,0.0081873793
681.3327,0.0081805456
681.3327,0.0081748554
681.3327,0.0081699315
681.3327,0.0081578845
681.3327,0.0081575713
681.3327,0.0081557841
681.3327,0.0081482212
681.3327,0.0081477606
681.3327,0.0081425949
681.3327,0.0081395765
681.3327,0.0081371547
681.3327,0.0081370145
681.3327,0.00813377
681.3327,0.0081326753
681.3327,0.0081316675
681.3327,0.0081314292
681.3327,0.0081265347
681.3327,0.008119624
681.3327,0.0081177218
681.3327,0.0081126419
681.3327,0.0081064789
681.3327,0.0081033099
681.3327,0.0081026852
681.3327,0.0081017663
681.3327,0.0081012881
681.3327,0.0080986211
681.3327,0.0080958993
681.3327,0.0080932888
681.3327,0.008092293
681.3327,0.0080881649
681.3327,0.0080865119
681.3327,0.0080843091
681.3327,0.0080818175
681.3327,0.0080749033
681.3327,0.0080667322
681.3327,0.0080630563
681.3327,0.0080626052
681.3327,0.0080568571
681.3327,0.0080554778
681.3327,0.0080543799
681.3327,0.0080543687
681.3327,0.0080470836
681.3327,0.0080426466
681.3327,0.0080414309
681.3327,0.0080401892
681.3327,0.0080387288
681.3327,0.0080384305
681.3327,0.0080380235
681.3327,0.0080250815
681.3327,0.008019689
681.3327,0.0080162668
681.3327,0.0080108638
681.3327,0.0080026536
681.3327,0.0080015011
681.3327,0.0080008751
681.3327,0.0079962179
681.3327,0.0079941608
681.3327,0.0079915377
681.3327,0.0079900508
681.3327,0.0079837768
681.3327,0.0079815748
681.3327,0.007976112
681.3327,0.0079753531
681.3327,0.007963891
681.3327,0.0079612243
681.3327,0.0079555219
681.3327,0.0079488154
681.3327,0.007946522
681.3327,0.0079461333
681.3327,0.007946007
681.3327,0.0079370172
681.3327,0.0079361932
681.3327,0.0079361522
681.3327,0.0079332358
681.3327,0.0079281767
681.3327,0.0079273882
681.3327,0.0079235586
681.3327,0.0079190189
681.3327,0.007916239
681.3327,0.0079153713
681.3327,0.0079142109
681.3327,0.0079125118
681.3327,0.0079097471
681.3327,0.0079024118
681.3327,0.0078947032
681.3327,0.0078857761
681.3327,0.007885482
681.3327,0.0078836978
681.3327,0.0078819483
681.3327,0.0078797914
681.3327,0.0078781569
681.3327,0.0078770196
681.3327,0.0078769578
681.3327,0.0078759076
681.3327,0.0078744161
681.3327,0.0078735959
681.3327,0.0078725155
681.3327,0.0078704808
681.3327,0.0078682584
681.3327,0.0078651177
681.3327,0.0078621368
681.3327,0.0078595072
681.3327,0.0078574481
681.3327,0.0078535625
681.3327,0.0078532787
681.3327,0.0078428907
681.3327,0.0078389532
681.3327,0.0078368832
681.3327,0.0078365216
681.3327,0.007832835
681.3327,0.0078237843
681.3327,0.0078217025
681.3327,0.0078170253
681.3327,0.0078163812
681.3327,0.0078149054
681.3327,0.0078066417
681.3327,0.007805004
681.3327,0.0078040406
681.3327,0.0077978935
681.3327,0.0077948764
681.3327,0.0077933478
681.3327,0.007792711
681.3327,0.0077873578
681.3327,0.0077870402
681.3327,0.0077824203
681.3327,0.0077783585
681.3327,0.0077777092
681.3327,0.0077767049
681.3327,0.0077736274
681.3327,0.0077666519
681.3327,0.0077665244
681.3327,0.0077616871
681.3327,0.0077614486
681.3327,0.0077528849
681.3327,0.007749736
681.3327,0.007749182
681.3327,0.0077468124
681.3327,0.0077435746
681.3327,0.007740443
681.3327,0.0077397376
681.3327,0.0077397012
681.3327,0.0077365999
681.3327,0.0077338505
681.3327,0.0077313903
681.3327,0.0077295834
681.3327,0.0077277709
681.3327,0.0077253951
681.3327,0.0077241418
681.3327,0.0077235558
681.3327,0.0077202926
681.3327,0.0077176486
681.3327,0.0077060341
681.3327,0.0077040289
681.3327,0.0076972691
681.3327,0.0076962224
681.3327,0.0076894225
681.3327,0.0076889518
681.3327,0.0076878082
681.3327,0.0076793689
681.3327,0.0076773023
681.3327,0.0076762307
681.3327,0.0076720995
681.3327,0.0076700575
681.3327,0.0076671852
681.3327,0.0076662628
681.3327,0.0076660215
681.3327,0.0076643935
681.3327,0.007653839
681.3327,0.0076508925
681.3327,0.0076465959
681.3327,0.0076417429
681.3327,0.0076360847
681.3327,0.0076348348
681.3327,0.0076346448
681.3327,0.0076337995
681.3327,0.0076335258
681.3327,0.0076309447
681.3327,0.0076307459
681.3327,0.0076233972
681.3327,0.0076216285
681.3327,0.0076190998
681.3327,0.0076125016
681.3327,0.0076092464
681.3327,0.0076074384
681.3327,0.0076043009
681.3327,0.0075994572
681.3327,0.0075945918
681.3327,0.0075939053
681.3327,0.0075935488
681.3327,0.00759267
681.3327,0.0075896405
681.3327,0.0075851945
681.3327,0.0075848461
681.3327,0.0075846829
681.3327,0.0075832424
681.3327,0.0075827172
681.3327,0.0075824508
681.3327,0.0075818937
681.3327,0.0075818085
681.3327,0.0075776844
681.3327,0.0075766065
681.3327,0.0075755233
681.3327,0.0075744163
681.3327,0.0075730018
681.3327,0.007568986
681.3327,0.0075669264
681.3327,0.0075664166
681.3327,0.0075651986
681.3327,0.0075626463
681.3327,0.007558687
681.3327,0.0075583119
681.3327,0.0075550731
681.3327,0.0075549808
681.3327,0.0075546405
681.3327,0.0075507526
681.3327,0.0075475643
681.3327,0.0075449999
681.3327,0.0075444834
681.3327,0.0075401335
681.3327,0.0075394582
681.3327,0.0075382611
681.3327,0.0075340185
681.3327,0.0075312332
681.3327,0.0075257519
681.3327,0.0075255807
681.3327,0.0075246596
681.3327,0.0075239854
681.3327,0.0075233191
681.3327,0.0075231778
681.3327,0.007521891
681.3327,0.0075206113
681.3327,0.007520508
681.3327,0.0075195696
681.3327,0.0075155671
681.3327,0.0075148934
681.3327,0.0075145121
681.3327,0.0075135899
681.3327,0.0075092314
681.3327,0.0075065411
681.3327,0.0075039831
681.3327,0.0075031373
681.3327,0.0075017481
681.3327,0.0074918355
681.3327,0.0074881153
681.3327,0.0074825533
681.3327,0.0074823834
681.3327,0.0074823559
681.3327,0.0074791942
681.3327,0.007472858
681.3327,0.0074708459
681.3327,0.0074701681
681.3327,0.0074668443
681.3327,0.0074656622
681.3327,0.0074617544
681.3327,0.007461018
681.3327,0.007457957
681.3327,0.0074568963
681.3327,0.0074563094
681.3327,0.0074561654
681.3327,0.0074540089
681.3327,0.0074537664
681.3327,0.0074511136
681.3327,0.0074509233
681.3327,0.0074486873
681.3327,0.0074425105
681.3327,0.0074415459
681.3327,0.007438553
681.3327,0.0074353205
681.3327,0.0074319648
681.3327,0.0074307604
681.3327,0.0074245519
681.3327,0.0074199077
681.3327,0.0074074211
681.3327,0.0074067267
681.3327,0.0074043187
681.3327,0.0074023212
681.3327,0.0074002839
681.3327,0.0073996764
681.3327,0.0073987553
681.3327,0.0073986388
681.3327,0.0073984418
681.3327,0.0073952428
681.3327,0.0073917381
681.3327,0.0073907304
681.3327,0.0073907016
681.3327,0.0073895819
681.3327,0.0073879385
681.3327,0.0073868131
681.3327,0.0073853136
681.3327,0.0073836253
681.3327,0.0073815965
681.3327,0.0073787327
681.3327,0.0073780116
681.3327,0.0073769134
681.3327,0.0073761506
681.3327,0.0073729184
681.3327,0.0073706499
681.3327,0.0073665647
681.3327,0.0073648656
681.3327,0.0073615152
681.3327,0.0073577082
681.3327,0.007355685
681.3327,0.0073552482
681.3327,0.0073548924
681.3327,0.0073521197
681.3327,0.0073458433
681.3327,0.0073449901
681.3327,0.0073437614
681.3327,0.0073437589
681.3327,0.0073428214
681.3327,0.0073421623
681.3327,0.0073409401
681.3327,0.0073392406
681.3327,0.0073358381
681.3327,0.007334778
681.3327,0.0073287179
681.3327,0.0073240841
681.3327,0.007322335
681.3327,0.007321493
681.3327,0.0073197456
681.3327,0.0073186276
681.3327,0.0073168521
681.3327,0.0073108814
681.3327,0.0073088952
681.3327,0.0073087491
681.3327,0.0073061705
681.3327,0.0073053216
681.3327,0.0073045387
681.3327,0.007303404
681.3327,0.0073008237
681.3327,0.0073001007
681.3327,0.0072949621
681.3327,0.007294724
681.3327,0.0072916005
681.3327,0.0072890129
681.3327,0.0072867315
681.3327,0.0072806036
681.3327,0.0072735564
681.3327,0.0072708613
681.3327,0.0072651786
681.3327,0.0072528974
681.3327,0.0072460183
681.3327,0.0072457619
681.3327,0.0072431594
681.3327,0.0072352783
681.3327,0.0072296839
681.3327,0.0072190696
681.3327,0.0072183348
681.3327,0.0072126937
681.3327,0.0072116975
681.3327,0.007210186
681.3327,0.007207866
681.3327,0.0072070948
681.3327,0.0072034116
681.3327,0.0072022528
681.3327,0.0071997674
681.3327,0.0071798311
681.3327,0.0071791621
681.3327,0.0071773419
681.3327,0.0071736051
681.3327,0.0071713683
681.3327,0.0071694236
681.3327,0.0071639092
681.3327,0.007162126
681.3327,0.0071617388
681.3327,0.0071603784
681.3327,0.0071588716
681.3327,0.0071547197
681.3327,0.0071508367
681.3327,0.0071458796
681.3327,0.0071458752
681.3327,0.0071442422
681.3327,0.0071404593
681.3327,0.0071389573
681.3327,0.0071376128
681.3327,0.0071371991
681.3327,0.0071344823
681.3327,0.0071339093
681.3327,0.0071332528
681.3327,0.0071327044
681.3327,0.0071248788
681.3327,0.0071195052
681.3327,0.0071193105
681.3327,0.0071170508
681.3327,0.0071124221
681.3327,0.0071092943
681.3327,0.0071005558
681.3327,0.0070990422
681.3327,0.00709463
681.3327,0.007083614
681.3327,0.0070818266
681.3327,0.0070801755
681.3327,0.0070778059
681.3327,0.0070489461
681.3327,0.0070477602
681.3327,0.0070358919
681.3327,0.007033425
681.3327,0.0070292587
681.3327,0.0070241741
681.3327,0.0070207753
681.3327,0.0070144056
681.3327,0.0070119907
681.3327,0.0070055082
681.3327,0.0070030314
681.3327,0.006996754
681.3327,0.0069894001
681.3327,0.006987234
681.3327,0.0069798431
681.3327,0.0069790206
681.3327,0.0069789976
681.3327,0.0069761401
681.3327,0.0069741882
681.3327,0.0069647572
681.3327,0.0069590968
681.3327,0.0069577607
681.3327,0.0069577402
681.3327,0.0069565259
681.3327,0.0069454686
681.3327,0.006945235
681.3327,0.0069443005
681.3327,0.0069331781
681.3327,0.006930691
681.3327,0.0069216648
681.3327,0.0069186797
681.3327,0.0069171125
681.3327,0.0069165052
681.3327,0.006915733
681.3327,0.0069036104
681.3327,0.0069005676
681.3327,0.0068978506
681.3327,0.006891879
681.3327,0.0068877422
681.3327,0.0068827662
681.3327,0.0068790203
681.3327,0.0068642264
681.3327,0.0068538898
681.3327,0.0068499613
681.3327,0.0068443415
681.3327,0.0068406141
681.3327,0.0068405679
681.3327,0.0068396138
681.3327,0.0068364435
681.3327,0.0068360971
681.3327,0.0068281092
681.3327,0.0068217168
681.3327,0.0068209805
681.3327,0.0068156531
681.3327,0.0068113207
681.3327,0.0068104188
681.3327,0.006809106
681.3327,0.0068007957
681.3327,0.0067915206
681.3327,0.0067909154
681.3327,0.0067876669
681.3327,0.0067876051
681.3327,0.0067863988
681.3327,0.0067832961
681.3327,0.0067803746
681.3327,0.0067793495
681.3327,0.006778888
681.3327,0.0067769498
681.3327,0.0067763327
681.3327,0.006761234
681.3327,0.0067553993
681.3327,0.0067530347
681.3327,0.0067468092
681.3327,0.0067313068
681.3327,0.0067226522
681.3327,0.006709922
681.3327,0.0067069394
681.3327,0.006697533
681.3327,0.0066974533
681.3327,0.0066757005
681.3327,0.0066751108
681.3327,0.0066717134
681.3327,0.0066680126
681.3327,0.0066615533
681.3327,0.0066587254
681.3327,0.0066579423
681.3327,0.0066485477
681.3327,0.0066462141
681.3327,0.0066448165
681.3327,0.0066349326
681.3327,0.0066263043
681.3327,0.0066258841
681.3327,0.0066223807
681.3327,0.006618737
681.3327,0.006597664
681.3327,0.0065971691
681.3327,0.006587588
681.3327,0.0065873555
681.3327,0.0065797726
681.3327,0.0065754276
681.3327,0.0065616422
681.3327,0.0065423459
681.3327,0.0065294324
681.3327,0.0065284126
681.3327,0.0065200491
681.3327,0.006506228
681.3327,0.0065019436
681.3327,0.0064999819
681.3327,0.0064991818
681.3327,0.0064896409
681.3327,0.0064877465
681.3327,0.0064864703
681.3327,0.0064855054
681.3327,0.0064811329
681.3327,0.0064706636
681.3327,0.0064617637
681.3327,0.0064571724
681.3327,0.0064541393
681.3327,0.0064387494
681.3327,0.0064365179
681.3327,0.0064360818
681.3327,0.0064258399
681.3327,0.0064245972
681.3327,0.0064200469
681.3327,0.0064148458
681.3327,0.0063837753
681.3327,0.0063827517
681.3327,0.0063812051
681.3327,0.0063789501
681.3327,0.0063769501
681.3327,0.0063648286
681.3327,0.0063470123
681.3327,0.0063430033
681.3327,0.0063374312
681.3327,0.0062672797
681.3327,0.0062640945
681.3327,0.0062570055
681.3327,0.0062395741
681.3327,0.0062335708
681.3327,0.0062323757
681.3327,0.006191939
681.3327,0.0061897302
681.3327,0.0061607051
681.3327,0.0061580869
681.3327,0.006146321
681.3327,0.0061415166
681.3327,0.0061081433
681.3327,0.0060944548
681.3327,0.006086713
681.3327,0.0060827409
681.3327,0.0060697792
681.3327,0.0060655632
681.3327,0.0060288799
681.3327,0.0060280158
681.3327,0.0060209713
681.3327,0.0060191423
681.3327,0.0059747749
681.3327,0.0059496425
681.3327,0.0059332075
681.3327,0.0059282389
681.3327,0.0059196807
681.3327,0.0058811763
681.3327,0.0058217046
681.3327,0.0058154522
681.3327,0.0058085011
681.3327,0.0057946313
681.3327,0.0057899327
681.3327,0.0057707978
681.3327,0.0057633706
681.3327,0.0057583461
681.3327,0.0057476489
681.3327,0.0056968327
681.3327,0.0056877875
681.3327,0.0056157683
681.3327,0.0055825164
681.3327,0.0055792351
681.3327,0.0055726778
681.3327,0.0055637721
681.3327,0.0055507115
681.3327,0.0055417789
681.3327,0.005525686
681.3327,0.0055090078
681.3327,0.0055075664
681.3327,0.0055072746
681.3327,0.0054901558
681.3327,0.0054754453
681.3327,0.0054683315
681.3327,0.0054388922
681.3327,0.0053974647
681.3327,0.0053769815
681.3327,0.0053749368
681.3327,0.0053488564
681.3327,0.005346106
681.3327,0.0053266591
681.3327,0.0053191727
681.3327,0.0053105311
681.3327,0.0052939861
681.3327,0.0052804332
681.3327,0.005234454
681.3327,0.0052015503
681.3327,0.0052015467
681.3327,0.0051923123
681.3327,0.0051685504
681.3327,0.0051472442
681.3327,0.0051395109
681.3327,0.005132089
681.3327,0.0051177936
681.3327,0.0051165602
681.3327,0.005103928
681.3327,0.0050975409
681.3327,0.0050952452
681.3327,0.0050817553
681.3327,0.0050752439
681.3327,0.0050397384
681.3327,0.0050361517
681.3327,0.0050150308
681.3327,0.0050121496
681.3327,0.0050094313
681.3327,0.0049863101
681.3327,0.0049812673
681.3327,0.0049699874
681.3327,0.0049158923
681.3327,0.0049048075
681.3327,0.004897745
681.3327,0.0048879033
681.3327,0.0047893809
681.3327,0.0047850085
681.3327,0.0047738954
681.3327,0.0047671472
681.3327,0.0047602247
681.3327,0.0047052039
681.3327,0.0046836949
681.3327,0.0046566281
681.3327,0.0046559378
681.3327,0.0046544407
681.3327,0.0046383514
681.3327,0.004627724
681.3327,0.0046122145
681.3327,0.0045669287
681.3327,0.0045265463
681.3327,0.0045162649
681.3327,0.0045014226
681.3327,0.0045008985
681.3327,0.0044893209
681.3327,0.0043926753
681.3327,0.0043743158
681.3327,0.0043740888
681.3327,0.0043718917
681.3327,0.0043655747
681.3327,0.0043587972
681.3327,0.0043546754
681.3327,0.0043503557
681.3327,0.0043313293
681.3327,0.0042927337
681.3327,0.0042626548
681.3327,0.0041924409
681.3327,0.004192018
681.3327,0.0041879421
681.3327,0.0040743794
681.3327,0.0040386506
681.3327,0.0040359267
681.3327,0.0039713595
681.3327,0.0039459592
681.3327,0.0039333709
681.3327,0.0038151295
681.3327,0.003806979
681.3327,0.0037849594
681.3327,0.0037681648
681.3327,0.0037633801
681.3327,0.0037587464
681.3327,0.0037463484
681.3327,0.0037257459
681.3327,0.0036703504
681.3327,0.0036645705
681.3327,0.0036596389
681.3327,0.0036498192
681.3327,0.0036111549
681.3327,0.003599044
681.3327,0.003581741
681.3327,0.0035814867
681.3327,0.0035635844
681.3327,0.0035611807
681.3327,0.0035607707
681.3327,0.0035604122
681.3327,0.0035474041
681.3327,0.0035434323
681.3327,0.0034899199
681.3327,0.0034814072
681.3327,0.0034253606
681.3327,0.0034077011
681.3327,0.0034058203
681.3327,0.0033809217
681.3327,0.003372045
681.3327,0.0033591058
681.3327,0.0033585944
681.3327,0.0033463281
681.3327,0.0033418485
681.3327,0.003338072
681.3327,0.0032730706
681.3327,0.0032314243
681.3327,0.0032061632
681.3327,0.0032021511
681.3327,0.0031733993
681.3327,0.0031439512
681.3327,0.0030867235
681.3327,0.0030849825
681.3327,0.0030807165
681.3327,0.0030678265
681.3327,0.0030435647
681.3327,0.0030411424
681.3327,0.0030060553
681.3327,0.0029840967
681.3327,0.0029676609
681.3327,0.0029450846
681.3327,0.0029447669
681.3327,0.0029173443
681.3327,0.0028823657
681.3327,0.0028815192
681.3327,0.002880321
681.3327,0.0028681555
681.3327,0.0028409227
681.3327,0.00283784
681.3327,0.0028310074
681.3327,0.0027957667
681.3327,0.0027929105
681.3327,0.002790642
681.3327,0.0027791859
681.3327,0.0026941309
681.3327,0.0026729481
681.3327,0.0026645493
681.3327,0.0026499989
681.3327,0.0026130216
681.3327,0.0025636472
681.3327,0.0025004337
681.3327,0.0024862159
681.3327,0.0024630106
681.3327,0.0024599967
681.3327,0.0024364761
681.3327,0.0024346643
681.3327,0.0024234695
681.3327,0.0024046655
681.3327,0.002398905
681.3327,0.0023874745
681.3327,0.0023178864
681.3327,0.0023169086
681.3327,0.0022950048
681.3327,0.0022792746
681.3327,0.0022520165
681.3327,0.0022463019
681.3327,0.0022100792
681.3327,0.0022048996
681.3327,0.0021064334
681.3327,0.0020982208
681.3327,0.0020855517
681.3327,0.0020680638
681.3327,0.0020526689
681.3327,0.0020278401
681.3327,0.0019535913
681.3327,0.0019406857
681.3327,0.001921967
681.3327,0.0019032979
681.3327,0.001901524
681.3327,0.0018104125
681.3327,0.0018044249
681.3327,0.0017762733
681.3327,0.001751757
681.3327,0.0017496624
681.3327,0.0016209501
681.3327,0.0016176665
681.3327,0.0016011946
681.3327,0.0015981112
681.3327,0.001592956
681.3327,0.001576161
681.3327,0.0015028615
681.3327,0.0014945677
681.3327,0.0014671432
681.3327,0.0014102923
681.3327,0.0014003552
681.3327,0.0013709143
681.3327,0.0013334459
681.3327,0.0013169769
681.3327,0.0013038705
681.3327,0.0012786423
681.3327,0.0012671701
681.3327,0.0012494804
681.3327,0.0012436899
681.3327,0.0012375038
681.3327,0.0012032162
681.3327,0.0011395452
681.3327,0.0011305578
681.3327,0.001087734
681.3327,0.001073861
681.3327,0.001028064
681.3327,0.0009798237
681.3327,0.00096098272
681.3327,0.00095969017
681.3327,0.00094198897
681.3327,0.00090083291
681.3327,0.0009002748
681.3327,0.00089936394
681.3327,0.00087990964
681.3327,0.00084542855
681.3327,0.00081133025
681.3327,0.00080730195
681.3327,0.00079476083
681.3327,0.00079227831
681.3327,0.0007799674
681.3327,0.00077070381
681.3327,0.00073033751
681.3327,0.00070622914
681.3327,0.00065684226
681.3327,0.00065644401
681.3327,0.00065330507
681.3327,0.00064528448
681.3327,0.0005971772
681.3327,0.00055761688
681.3327,0.00055139089
681.3327,0.00052889739
681.3327,0.00051482399
681.3327,0.00049529932
681.3327,0.00048793917
681.3327,0.00044799117
681.3327,0.0004326919
681.3327,0.00042846959
681.3327,0.00036905885
681.3327,0.00031751246
681.3327,0.00030726991
681.3327,0.00030142111
681.3327,0.00025758849
681.3327,0.00019599166
681.3327,0.00019056294
681.3327,0.00015470732
681.3327,0.00011400978
681.3327,0.00010657136
681.3327,9.5546061e-05
681.3327,9.0083142e-05
681.3327,8.3851398e-05
681.3327,7.3286428e-05
681.3327,7.0619976e-05
681.3327,4.3653972e-05
681.3327,4.0854134e-05
681.3327,2.9549097e-05
681.3327,2.0818364e-05
681.3327,8.4854651e-06
681.3327,4.70681e-06
681.3327,-9.0696819e-05
681.3327,-0.00010405319
681.3327,-0.00014130366
681.3327,-0.00015186822
681.3327,-0.00018628509
681.3327,-0.00018712617
681.3327,-0.00019506374
681.3327,-0.00020881058
681.3327,-0.00021986569
681.3327,-0.00022701379
681.3327,-0.00025461938
681.3327,-0.00028198537
681.3327,-0.00029669453
681.3327,-0.00029767634
681.3327,-0.00032147662
681.3327,-0.00039168772
681.3327,-0.00039635887
681.3327,-0.00041772411
681.3327,-0.00045794184
681.3327,-0.0004739698
681.3327,-0.00051642613
681.3327,-0.00064244508
681.3327,-0.00066335878
681.3327,-0.0006877145
681.3327,-0.00070113816
681.3327,-0.00072290135
681.3327,-0.00074927946
681.3327,-0.00075689852
681.3327,-0.00077913195
681.3327,-0.0007823536
681.3327,-0.00080416678
681.3327,-0.00082837127
681.3327,-0.00087294166
681.3327,-0.00091130073
681.3327,-0.00091784989
681.3327,-0.00098588395
681.3327,-0.0010925353
681.3327,-0.0010938247
681.3327,-0.001144727
681.3327,-0.0012158299
681.3327,-0.0012430861
681.3327,-0.0012576679
681.3327,-0.0012643547
681.3327,-0.0013174514
681.3327,-0.0013686272
681.3327,-0.0014487522
681.3327,-0.0014732311
681.3327,-0.0014780447
681.3327,-0.0015294999
681.3327,-0.0015873869
681.3327,-0.0016617796
681.3327,-0.0016630299
681.3327,-0.0016646478
681.3327,-0.0016713557
681.3327,-0.001756769
681.3327,-0.0017642696
681.3327,-0.0017704967
681.3327,-0.0017817503
681.3327,-0.0017860629
681.3327,-0.0018027659
681.3327,-0.0018191554
681.3327,-0.0018518371
681.3327,-0.0018907476
681.3327,-0.001938135
681.3327,-0.0019994793
681.3327,-0.0020341597
681.3327,-0.0020346026
681.3327,-0.0020424789
681.3327,-0.0020728757
681.3327,-0.0022514347
681.3327,-0.0022814205
681.3327,-0.0023098429
681.3327,-0.0023475571
681.3327,-0.0024022574
681.3327,-0.002491919
681.3327,-0.0025148603
681.3327,-0.0025198954
681.3327,-0.0026012431
681.3327,-0.0026303069
681.3327,-0.0026549328
681.3327,-0.002677404
681.3327,-0.0028613447
681.3327,-0.0028914807
681.3327,-0.0029791403
681.3327,-0.0030110909
681.3327,-0.0030251639
681.3327,-0.0031004559
681.3327,-0.0031254969
681.3327,-0.003134761
681.3327,-0.0031367324
681.3327,-0.00316015
681.3327,-0.0031802971
681.3327,-0.0033140124
681.3327,-0.0033637987
681.3327,-0.0033870453
681.3327,-0.0033935212
681.3327,-0.0034074133
681.3327,-0.0034083045
681.3327,-0.0034203419
681.3327,-0.0035045196
681.3327,-0.0035500882
681.3327,-0.0036260269
681.3327,-0.0036984946
681.3327,-0.0037030922
681.3327,-0.0037134974
681.3327,-0.0037308666
681.3327,-0.003818319
681.3327,-0.0040071072
681.3327,-0.0041581171
681.3327,-0.0041990447
681.3327,-0.0042373168
681.3327,-0.0042756847
681.3327,-0.0043431139
681.3327,-0.0043973357
681.3327,-0.0044071775
681.3327,-0.004489443
681.3327,-0.0045214351
681.3327,-0.0046282936
681.3327,-0.0046787962
681.3327,-0.0047191956
681.3327,-0.0048070486
681.3327,-0.0048257871
681.3327,-0.0048394749
681.3327,-0.0048759226
681.3327,-0.0048805558
681.3327,-0.0049127642
681.3327,-0.0049185858
681.3327,-0.0049270674
681.3327,-0.004940649
681.3327,-0.0049640722
681.3327,-0.004994054
681.3327,-0.0049975217
681.3327,-0.0050796462
681.3327,-0.0050965612
681.3327,-0.0052250223
681.3327,-0.0055233513
681.3327,-0.0055236829
681.3327,-0.0055272145
681.3327,-0.0055486013
681.3327,-0.0055987787
681.3327,-0.0056850806
681.3327,-0.0057456678
681.3327,-0.0057496408
681.3327,-0.0057534945
681.3327,-0.0057603728
681.3327,-0.0057951845
681.3327,-0.0058711597
681.3327,-0.0058856585
681.3327,-0.0058896946
681.3327,-0.0059038443
681.3327,-0.0060796571
681.3327,-0.0062174257
681.3327,-0.0062841955
681.3327,-0.0062903101
681.3327,-0.0063500138
681.3327,-0.00647438
681.3327,-0.0064794476
681.3327,-0.0065073122
681.3327,-0.0065212033
681.3327,-0.0065379274
681.3327,-0.0065829195
681.3327,-0.0066004193
681.3327,-0.0066338554
681.3327,-0.0068667475
681.3327,-0.0069072564
681.3327,-0.0070111481
681.3327,-0.0070172559
681.3327,-0.0070362923
681.3327,-0.0071066066
681.3327,-0.0071952299
681.3327,-0.0072126166
681.3327,-0.0073280349
681.3327,-0.0073933001
681.3327,-0.0075011134
681.3327,-0.0075674835
681.3327,-0.0075759618
681.3327,-0.0075777145
681.3327,-0.0078468702
681.3327,-0.0078680483
681.3327,-0.0078774536
681.3327,-0.0078826051
681.3327,-0.0079051254
681.3327,-0.0079453004
681.3327,-0.0080596138
681.3327,-0.0080878211
681.3327,-0.0081070793
681.3327,-0.0081257112
681.3327,-0.0081771893
681.3327,-0.0082487957
681.3327,-0.0082513314
681.3327,-0.0083428313
681.3327,-0.0083647522
681.3327,-0.0083707786
681.3327,-0.0084604407
681.3327,-0.0085432572
681.3327,-0.0085774068
681.3327,-0.0085890298
681.3327,-0.0087042509
681.3327,-0.0088075631
681.3327,-0.0088249474
681.3327,-0.0088310338
681.3327,-0.0088574569
681.3327,-0.0089093167
681.3327,-0.0089734483
681.3327,-0.0091655976
681.3327,-0.0093932686
681.3327,-0.0095311611
681.3327,-0.0096915976
681.3327,-0.0099005792
681.3327,-0.0099356856
681.3327,-0.0099684122
688.1253,0.0099829553
688.1253,0.0099270221
688.1253,0.0098793064
688.1253,0.0098583761
688.1253,0.0098042653
688.1253,0.0097833567
688.1253,0.0097678049
688.1253,0.0097663819
688.1253,0.0097490653
688.1253,0.0097445271
688.1253,0.0097379428
688.1253,0.0097348738
688.1253,0.00972854
688.1253,0.0096900759
688.1253,0.0096710973
688.1253,0.0096506233
688.1253,0.0096276204
688.1253,0.0096053057
688.1253,0.0095614888
688.1253,0.0095591773
688.1253,0.0094782458
688.1253,0.0094567457
688.1253,0.0094444596
688.1253,0.0094405437
688.1253,0.0094236127
688.1253,0.0093931769
688.1253,0.0093856576
688.1253,0.0093824789
688.1253,0.0093608128
688.1253,0.009264467
688.1253,0.0092132188
688.1253,0.0091662878
688.1253,0.0091344344
688.1253,0.009118186
688.1253,0.009111104
688.1253,0.0091055578
688.1253,0.0090941874
688.1253,0.0090273482
688.1253,0.0089743067
688.1253,0.0089430872
688.1253,0.0089391567
688.1253,0.0089314413
688.1253,0.0088795945
688.1253,0.0088200812
688.1253,0.0088030573
688.1253,0.0087769484
688.1253,0.0087731683
688.1253,0.0087725001
688.1253,0.0087484492
688.1253,0.0087442647
688.1253,0.0087351715
688.1253,0.0086867349
688.1253,0.0086665493
688.1253,0.0086201118
688.1253,0.0085748728
688.1253,0.0085687795
688.1253,0.0085619518
688.1253,0.0085542428
688.1253,0.0085477269
688.1253,0.00854383
688.1253,0.0084856004
688.1253,0.0084737004
688.1253,0.0084591866
688.1253,0.0084353238
688.1253,0.0084112674
688.1253,0.0084100333
688.1253,0.0083372173
688.1253,0.0083320072
688.1253,0.0083316064
688.1253,0.008321663
688.1253,0.0083051088
688.1253,0.0083047129
688.1253,0.0082596832
688.1253,0.0082407462
688.1253,0.0082379107
688.1253,0.0082174662
688.1253,0.0082151921
688.1253,0.0082145689
688.1253,0.008202885
688.1253,0.0082027785
688.1253,0.0081954435
688.1253,0.0081842739
688.1253,0.0081775566
688.1253,0.0081707213
688.1253,0.0081692509
688.1253,0.0081658021
688.1253,0.0081641253
688.1253,0.0081600126
688.1253,0.0081295172
688.1253,0.008116292
688.1253,0.008114418
688.1253,0.0081117431
688.1253,0.0080943944
688.1253,0.0080909503
688.1253,0.0080899359
688.1253,0.00808688
688.1253,0.0080846433
688.1253,0.0080787457
688.1253,0.0080751618
688.1253,0.0080547309
688.1253,0.0080544098
688.1253,0.0080441042
688.1253,0.0080194496
688.1253,0.0080146181
688.1253,0.0080139545
688.1253,0.0080059329
688.1253,0.0080023571
688.1253,0.0079918376
688.1253,0.0079804202
688.1253,0.0079749629
688.1253,0.0079704295
688.1253,0.0079695416
688.1253,0.0079314058
688.1253,0.0079036038
688.1253,0.0079026786
688.1253,0.0078956113
688.1253,0.0078792245
688.1253,0.0078481188
688.1253,0.0078461639
688.1253,0.0078307231
688.1253,0.0078256204
688.1253,0.0078231747
688.1253,0.0078099039
688.1253,0.0078098294
688.1253,0.0078093738
688.1253,0.0078002251
688.1253,0.0077857941
688.1253,0.0077732647
688.1253,0.0077638492
688.1253,0.0077433036
688.1253,0.0077380664
688.1253,0.0077218474
688.1253,0.0077147704
688.1253,0.0077022864
688.1253,0.0076981919
688.1253,0.0076898223
688.1253,0.007688889
688.1253,0.0076834558
688.1253,0.0076738712
688.1253,0.0076713932
688.1253,0.0076594332
688.1253,0.0076370873
688.1253,0.0076364422
688.1253,0.007633161
688.1253,0.0076273549
688.1253,0.0076223401
688.1253,0.0076175178
688.1253,0.0076055317
688.1253,0.0075923545
688.1253,0.0075888265
688.1253,0.0075525242
688.1253,0.0075436714
688.1253,0.0075392731
688.1253,0.0075352399
688.1253,0.0074903933
688.1253,0.00746775
688.1253,0.0074592352
688.1253,0.0074580272
688.1253,0.0074541474
688.1253,0.0074428278
688.1253,0.0073924683
688.1253,0.0073860611
688.1253,0.0073632061
688.1253,0.0073631036
688.1253,0.0073511553
688.1253,0.0073481477
688.1253,0.0073402529
688.1253,0.0072935717
688.1253,0.0072830594
688.1253,0.0072757676
688.1253,0.0072684337
688.1253,0.0072657787
688.1253,0.0072652847
688.1253,0.0072536914
688.1253,0.0072350739
688.1253,0.0071792724
688.1253,0.0071729764
688.1253,0.0071509111
688.1253,0.0071405051
688.1253,0.0071037597
688.1253,0.0070861443
688.1253,0.0070543141
688.1253,0.0070532959
688.1253,0.0070350524
688.1253,0.0070140262
688.1253,0.0070087819
688.1253,0.0070039449
688.1253,0.0069853516
688.1253,0.0069806794
688.1253,0.0069727274
688.1253,0.0069047445
688.1253,0.0068864459
688.1253,0.0068785333
688.1253,0.0068517856
688.1253,0.0068369814
688.1253,0.0066985936
688.1253,0.006696536
688.1253,0.0066755811
688.1253,0.0066489579
688.1253,0.0066459871
688.1253,0.0066288863
688.1253,0.00662077
688.1253,0.0066032563
688.1253,0.006591149
688.1253,0.0065878768
688.1253,0.0065747444
688.1253,0.00657284
688.1253,0.006569073
688.1253,0.0065176949
688.1253,0.0064961361
688.1253,0.0064537424
688.1253,0.0064481117
688.1253,0.0064406555
688.1253,0.0064273208
688.1253,0.0064270727
688.1253,0.0064178869
688.1253,0.0063870638
688.1253,0.0063586172
688.1253,0.0063523122
688.1253,0.0063144032
688.1253,0.0062823583
688.1253,0.0062368455
688.1253,0.0062077745
688.1253,0.0061323324
688.1253,0.0060925875
688.1253,0.0060597874
688.1253,0.0060564539
688.1253,0.0060274492
688.1253,0.0060205267
688.1253,0.0059820297
688.1253,0.0059708305
688.1253,0.005920393
688.1253,0.0058973495
688.1253,0.0058065856
688.1253,0.0057779194
688.1253,0.0057686401
688.1253,0.0057423608
688.1253,0.0057333182
688.1253,0.005726697
688.1253,0.0057256813
688.1253,0.0057113517
688.1253,0.0056672202
688.1253,0.0056614279
688.1253,0.0056150368
688.1253,0.0056078014
688.1253,0.0055517972
688.1253,0.0055334066
688.1253,0.0055330257
688.1253,0.0054373761
688.1253,0.0053691431
688.1253,0.005356998
688.1253,0.0051228502
688.1253,0.005092453
688.1253,0.0050757573
688.1253,0.0050099376
688.1253,0.0049957562
688.1253,0.0049595782
688.1253,0.0049562217
688.1253,0.0049510331
688.1253,0.0049464683
688.1253,0.0048395169
688.1253,0.0048090758
688.1253,0.0047995861
688.1253,0.0047686563
688.1253,0.0047602991
688.1253,0.0047417544
688.1253,0.0047220979
688.1253,0.0046972985
688.1253,0.0046661572
688.1253,0.0045744006
688.1253,0.0044858389
688.1253,0.0043681137
688.1253,0.0042391323
688.1253,0.0041296384
688.1253,0.0041271872
688.1253,0.0040780469
688.1253,0.0040569178
688.1253,0.0040491788
688.1253,0.0040263
688.1253,0.0039628831
688.1253,0.0039401835
688.1253,0.0039194165
688.1253,0.0038683562
688.1253,0.0037411987
688.1253,0.0036255698
688.1253,0.0035248063
688.1253,0.0034738318
688.1253,0.0034480907
688.1253,0.0031055039
688.1253,0.0031005231
688.1253,0.0029520497
688.1253,0.0028638436
688.1253,0.0027722983
688.1253,0.0027076646
688.1253,0.0026548423
688.1253,0.0026341857
688.1253,0.0023326788
688.1253,0.0022605476
688.1253,0.0021368624
688.1253,0.0020754104
688.1253,0.0019301567
688.1253,0.0018830081
688.1253,0.0018723078
688.1253,0.0016493327
688.1253,0.0014585209
688.1253,0.0013871177
688.1253,0.0011157683
688.1253,0.00098459737
688.1253,0.00085529362
688.1253,0.00068841348
688.1253,0.0002383997
688.1253,0.00017776414
688.1253,4.6173267e-05
688.1253,-0.00064027506
688.1253,-0.00096154187
688.1253,-0.00098291541
688.1253,-0.0014039352
688.1253,-0.0015413981
688.1253,-0.0018222932
688.1253,-0.0019771805
688.1253,-0.0032108418
688.1253,-0.0033485375
688.1253,-0.0036405225
688.1253,-0.0046252944
688.1253,-0.0046687686
688.3333,0.0099989974
688.3333,0.0099970373
688.3333,0.0099782484
688.3333,0.009958247
688.3333,0.0099566159
688.3333,0.0099199227
688.3333,0.0099125895
688.3333,0.0099011715
688.3333,0.0098720182
688.3333,0.0097972848
688.3333,0.0097462098
688.3333,0.0097425208
688.3333,0.0097370705
688.3333,0.009736837
688.3333,0.0097348582
688.3333,0.0097255026
688.3333,0.0097182498
688.3333,0.0097103689
688.3333,0.0096381137
688.3333,0.0096360856
688.3333,0.0096282211
688.3333,0.0096226607
688.3333,0.0095811926
688.3333,0.0095639297
688.3333,0.0095558432
688.3333,0.0095536196
688.3333,0.0094811928
688.3333,0.0094705621
688.3333,0.009443973
688.3333,0.0094085096
688.3333,0.0092402257
688.3333,0.0092374641
688.3333,0.0092259069
688.3333,0.0092170641
688.3333,0.0092072356
688.3333,0.0092000346
688.3333,0.0091793964
688.3333,0.0091592766
688.3333,0.0091240567
688.3333,0.0090993893
688.3333,0.0090614891
688.3333,0.0090518147
688.3333,0.0090361439
688.3333,0.0090359708
688.3333,0.0090059081
688.3333,0.0089881076
688.3333,0.0089856304
688.3333,0.0088593076
688.3333,0.0088556625
688.3333,0.0088278453
688.3333,0.0088145692
688.3333,0.0087615031
688.3333,0.0087451413
688.3333,0.0087401393
688.3333,0.0087355468
688.3333,0.0087118595
688.3333,0.0086649803
688.3333,0.0086621344
688.3333,0.0086263093
688.3333,0.0085874823
688.3333,0.0085837394
688.3333,0.0085814741
688.3333,0.008564366
688.3333,0.008562244
688.3333,0.0085595629
688.3333,0.008541853
688.3333,0.0085415633
688.3333,0.0085275488
688.3333,0.0085152503
688.3333,0.0084945352
688.3333,0.0084904543
688.3333,0.00847975
688.3333,0.0084534079
688.3333,0.0083624337
688.3333,0.0083196493
688.3333,0.0083060606
688.3333,0.0083032696
688.3333,0.0082898233
688.3333,0.008286487
688.3333,0.0082618808
688.3333,0.008253964
688.3333,0.0082333857
688.3333,0.0082051589
688.3333,0.0081872479
688.3333,0.0081780665
688.3333,0.0081460216
688.3333,0.0081411126
688.3333,0.0081315606
688.3333,0.0081229351
688.3333,0.00811567
688.3333,0.0081156255
688.3333,0.0080950725
688.3333,0.0080789568
688.3333,0.008069096
688.3333,0.0080323152
688.3333,0.0079818407
688.3333,0.0079748183
688.3333,0.0079726765
688.3333,0.0079627594
688.3333,0.0078954631
688.3333,0.0078939178
688.3333,0.0078905474
688.3333,0.0078775748
688.3333,0.0078763715
688.3333,0.007865686
688.3333,0.0078639162
688.3333,0.0078633033
688.3333,0.0078335636
688.3333,0.0077540483
688.3333,0.0077529865
688.3333,0.0077504248
688.3333,0.007744
688.3333,0.0077254979
688.3333,0.0077163506
688.3333,0.0077103739
688.3333,0.0076905119
688.3333,0.0076873455
688.3333,0.007667734
688.3333,0.0076634531
688.3333,0.0076633041
688.3333,0.0076479636
688.3333,0.0076475921
688.3333,0.0076412687
688.3333,0.0076204576
688.3333,0.0076131557
688.3333,0.0076027336
688.3333,0.0075985903
688.3333,0.0075972789
688.3333,0.0075936925
688.3333,0.0075924195
688.3333,0.0075719277
688.3333,0.0075719101
688.3333,0.007571011
688.3333,0.0075636612
688.3333,0.0075629307
688.3333,0.007556603
688.3333,0.007555422
688.3333,0.0075490335
688.3333,0.0075400216
688.3333,0.0075237336
688.3333,0.0075150601
688.3333,0.007503876
688.3333,0.0075037563
688.3333,0.0075024038
688.3333,0.0074988537
688.3333,0.0074675228
688.3333,0.0074306075
688.3333,0.0074229055
688.3333,0.0073980428
688.3333,0.0073776452
688.3333,0.0073392785
688.3333,0.0073386652
688.3333,0.0073379595
688.3333,0.0073185081
688.3333,0.0073069734
688.3333,0.0073060548
688.3333,0.0073023962
688.3333,0.0072876037
688.3333,0.0072851701
688.3333,0.0072774183
688.3333,0.0072514309
688.3333,0.0072455661
688.3333,0.0072152684
688.3333,0.0072029544
688.3333,0.0071903418
688.3333,0.0071861651
688.3333,0.0071821974
688.3333,0.0071756097
688.3333,0.0071482845
688.3333,0.0071467835
688.3333,0.0071465518
688.3333,0.00714213
688.3333,0.0071357762
688.3333,0.0071277747
688.3333,0.0071125983
688.3333,0.00710507
688.3333,0.0071009686
688.3333,0.0070950419
688.3333,0.0070714761
688.3333,0.0070616422
688.3333,0.0070562867
688.3333,0.0070481698
688.3333,0.0070413042
688.3333,0.0070370266
688.3333,0.0070245472
688.3333,0.0070243464
688.3333,0.0070190859
688.3333,0.0070157028
688.3333,0.0070140105
688.3333,0.0070137376
688.3333,0.0069918781
688.3333,0.0069806164
688.3333,0.0069637319
688.3333,0.0069372939
688.3333,0.0069212532
688.3333,0.0069063958
688.3333,0.0068820519
688.3333,0.0068806613
688.3333,0.0068803761
688.3333,0.0068700385
688.3333,0.0068547759
688.3333,0.006809822
688.3333,0.006767615
688.3333,0.0067672063
688.3333,0.0067579512
688.3333,0.0067539205
688.3333,0.0067477327
688.3333,0.0067257139
688.3333,0.0067107972
688.3333,0.0066984954
688.3333,0.0066564408
688.3333,0.0066447568
688.3333,0.0066248516
688.3333,0.0066076383
688.3333,0.0065948363
688.3333,0.0065911613
688.3333,0.0065688355
688.3333,0.0065644818
688.3333,0.0065632287
688.3333,0.0065550603
688.3333,0.0065478006
688.3333,0.0065446764
688.3333,0.0065445568
688.3333,0.0065434067
688.3333,0.0065288751
688.3333,0.0065178494
688.3333,0.0065169044
688.3333,0.0065101332
688.3333,0.0065077975
688.3333,0.0065053248
688.3333,0.0064888823
688.3333,0.0064589055
688.3333,0.0064320671
688.3333,0.0064205706
688.3333,0.0064163301
688.3333,0.006407867
688.3333,0.0063858935
688.3333,0.0063825192
688.3333,0.0063754058
688.3333,0.0063432078
688.3333,0.0063383531
688.3333,0.0063266963
688.3333,0.0063190628
688.3333,0.0063175632
688.3333,0.0063107466
688.3333,0.0062783659
688.3333,0.0062742369
688.3333,0.0062735367
688.3333,0.0062678685
688.3333,0.0062570589
688.3333,0.0062426043
688.3333,0.0062311087
688.3333,0.0062206108
688.3333,0.0061874005
688.3333,0.0061610344
688.3333,0.006139053
688.3333,0.0061366917
688.3333,0.0061304599
688.3333,0.006129356
688.3333,0.0061217902
688.3333,0.0061097236
688.3333,0.0060873977
688.3333,0.0060837774
688.3333,0.0060702159
688.3333,0.0060550481
688.3333,0.0060308101
688.3333,0.0060236814
688.3333,0.0060176888
688.3333,0.0059931561
688.3333,0.0059778295
688.3333,0.0059755179
688.3333,0.0059593985
688.3333,0.0059284266
688.3333,0.0058727215
688.3333,0.0058581657
688.3333,0.0058441592
688.3333,0.0057973774
688.3333,0.0057744283
688.3333,0.0057683783
688.3333,0.0057676527
688.3333,0.0057633874
688.3333,0.0057618241
688.3333,0.0057528121
688.3333,0.0057418057
688.3333,0.0057248217
688.3333,0.0057128397
688.3333,0.0056925967
688.3333,0.0056450938
688.3333,0.0055955664
688.3333,0.0055746893
688.3333,0.0055714629
688.3333,0.0054965482
688.3333,0.005474412
688.3333,0.0054439034
688.3333,0.0054404401
688.3333,0.0054297708
688.3333,0.0054187192
688.3333,0.0054151506
688.3333,0.0054073782
688.3333,0.0053910941
688.3333,0.005348906
688.3333,0.0053330153
688.3333,0.0053162652
688.3333,0.0053128192
688.3333,0.0052986142
688.3333,0.0052945855
688.3333,0.0052910648
688.3333,0.0052527488
688.3333,0.0052472675
688.3333,0.0052313519
688.3333,0.005229772
688.3333,0.0051872818
688.3333,0.0051826939
688.3333,0.0051792818
688.3333,0.0051773252
688.3333,0.0051564171
688.3333,0.0051458482
688.3333,0.0051138019
688.3333,0.0051118101
688.3333,0.0051063089
688.3333,0.0050919815
688.3333,0.0050755838
688.3333,0.0050571971
688.3333,0.0050361199
688.3333,0.0050044819
688.3333,0.0050030019
688.3333,0.0049978136
688.3333,0.0049927909
688.3333,0.0049891113
688.3333,0.0049682129
688.3333,0.0049634375
688.3333,0.0049615936
688.3333,0.0049244492
688.3333,0.0049221216
688.3333,0.0049181918
688.3333,0.0049172031
688.3333,0.0048877618
688.3333,0.0048681467
688.3333,0.0048678054
688.3333,0.0048616044
688.3333,0.004853056
688.3333,0.0048152242
688.3333,0.0048119057
688.3333,0.0048014973
688.3333,0.0047967104
688.3333,0.004780707
688.3333,0.004739935
688.3333,0.0047103519
688.3333,0.0047042013
688.3333,0.0046872882
688.3333,0.004676362
688.3333,0.004661019
688.3333,0.0046523441
688.3333,0.0046490018
688.3333,0.0046183084
688.3333,0.0045665385
688.3333,0.0045649123
688.3333,0.004560677
688.3333,0.0045380036
688.3333,0.0045098742
688.3333,0.0044801818
688.3333,0.0044609529
688.3333,0.0044004741
688.3333,0.004382471
688.3333,0.0043790732
688.3333,0.0043637921
688.3333,0.0043454861
688.3333,0.0043326653
688.3333,0.0042725303
688.3333,0.0042581139
688.3333,0.0042521005
688.3333,0.0042478171
688.3333,0.0042302097
688.3333,0.0041311898
688.3333,0.0040687499
688.3333,0.0040418085
688.3333,0.0039769435
688.3333,0.0039320943
688.3333,0.0038768195
688.3333,0.0038564449
688.3333,0.003855313
688.3333,0.0038397496
688.3333,0.0038333646
688.3333,0.0038078477
688.3333,0.0038025262
688.3333,0.0037555757
688.3333,0.0037519128
688.3333,0.0037421816
688.3333,0.0036973684
688.3333,0.0036794827
688.3333,0.0036159266
688.3333,0.003597949
688.3333,0.0035517227
688.3333,0.003488035
688.3333,0.0034742484
688.3333,0.0033898932
688.3333,0.0033608647
688.3333,0.0032564112
688.3333,0.0032543035
688.3333,0.003252756
688.3333,0.0032485937
688.3333,0.0032432525
688.3333,0.0032119149
688.3333,0.0031203127
688.3333,0.0029607932
688.3333,0.0028128849
688.3333,0.0028115567
688.3333,0.0027408454
688.3333,0.0026893501
688.3333,0.002652724
688.3333,0.0026452808
688.3333,0.0026081822
688.3333,0.0025522737
688.3333,0.0025025879
688.3333,0.0021396942
688.3333,0.0020476428
688.3333,0.0019452097
688.3333,0.0016344161
688.3333,0.0016047909
688.3333,0.0014346223
688.3333,0.0013488149
688.3333,0.0013431825
688.3333,0.0012710356
688.3333,0.0012647065
688.3333,0.001173729
688.3333,0.00095793094
688.3333,0.00088940082
688.3333,0.00073528038
688.3333,0.00072549424
688.3333,0.00063191711
688.3333,0.00050511258
688.3333,0.00049474425
688.3333,0.00040876308
688.3333,4.723341e-06
688.3333,7.7363597e-07
688.3333,-1.0539159e-05
688.3333,-4.5630169e-05
688.3333,-6.866991e-05
688.3333,-7.2839246e-05
688.3333,-0.00019350094
688.3333,-0.00021063173
688.3333,-0.00032577285
688.3333,-0.00033437014
688.3333,-0.00033942805
688.3333,-0.00039565343
688.3333,-0.00052253503
688.3333,-0.00053060582
688.3333,-0.00056411741
688.3333,-0.00063451098
688.3333,-0.00064216401
688.3333,-0.00071110413
688.3333,-0.00072350336
688.3333,-0.00083555214
688.3333,-0.00087651864
688.3333,-0.00096885787
688.3333,-0.00097573915
688.3333,-0.0010523974
688.3333,-0.0010945513
688.3333,-0.0011286141
688.3333,-0.001204438
688.3333,-0.0013038199
688.3333,-0.0014340552
688.3333,-0.0014616126
688.3333,-0.0014643255
688.3333,-0.0014958659
688.3333,-0.001498832
688.3333,-0.0015810265
688.3333,-0.0016919999
688.3333,-0.0017098219
688.3333,-0.0017629004
688.3333,-0.0019765028
688.3333,-0.0020999145
688.3333,-0.0021380581
688.3333,-0.0021751347
688.3333,-0.0022797923
688.3333,-0.0023648662
688.3333,-0.0025146648
688.3333,-0.0025373274
688.3333,-0.002555784
688.3333,-0.0025756074
688.3333,-0.0026468783
688.3333,-0.0026526818
688.3333,-0.0026865381
688.3333,-0.002723026
688.3333,-0.0027552254
688.3333,-0.002793317
688.3333,-0.0028309676
688.3333,-0.0028754821
688.3333,-0.0029539281
688.3333,-0.0029653873
688.3333,-0.0029832195
688.3333,-0.0031002365
688.3333,-0.0031488441
688.3333,-0.0031675507
688.3333,-0.003216093
688.3333,-0.0032353623
688.3333,-0.0032664394
688.3333,-0.0034846177
688.3333,-0.0035063406
688.3333,-0.0035375976
688.3333,-0.0038197384
688.3333,-0.0038702286
688.3333,-0.0038885158
688.3333,-0.0040301706
688.3333,-0.0041900042
688.3333,-0.0043497287
688.3333,-0.0043528668
688.3333,-0.0043689649
688.3333,-0.0044283564
688.3333,-0.0044750144
688.3333,-0.0044840038
688.3333,-0.004570312
688.3333,-0.0045885491
688.3333,-0.0046500953
688.3333,-0.0047024232
688.3333,-0.0047080311
688.3333,-0.0047217285
688.3333,-0.0047361458
688.3333,-0.0047504513
688.3333,-0.0047636732
688.3333,-0.004802813
688.3333,-0.0048123268
688.3333,-0.0048189221
688.3333,-0.0048258722
688.3333,-0.0049134659
688.3333,-0.0049214166
688.3333,-0.0049307995
688.3333,-0.0050289393
688.3333,-0.0050374318
688.3333,-0.0050471253
688.3333,-0.0051149529
688.3333,-0.0051399524
688.3333,-0.0052245617
688.3333,-0.0052249135
688.3333,-0.0052338754
688.3333,-0.0052351674
688.3333,-0.0052521559
688.3333,-0.0052646668
688.3333,-0.0054331845
688.3333,-0.0055071635
688.3333,-0.0055277159
688.3333,-0.0055860065
688.3333,-0.0055863718
688.3333,-0.0055873068
688.3333,-0.0056002853
688.3333,-0.0056058955
688.3333,-0.0057254457
688.3333,-0.005769123
688.3333,-0.0058228162
688.3333,-0.0060240994
688.3333,-0.0060695191
688.3333,-0.0060812815
688.3333,-0.0061466868
688.3333,-0.0062654705
688.3333,-0.006298093
688.3333,-0.0063280832
688.3333,-0.0063460748
688.3333,-0.0064048311
688.3333,-0.0064324007
688.3333,-0.0064490594
688.3333,-0.0064499815
688.3333,-0.0064564142
688.3333,-0.0064829126
688.3333,-0.006501198
688.3333,-0.0065713505
688.3333,-0.0067167357
688.3333,-0.006781813
688.3333,-0.0067826897
688.3333,-0.0068128844
688.3333,-0.006821976
688.3333,-0.0068537024
688.3333,-0.0069925012
688.3333,-0.007016044
688.3333,-0.0070273162
688.3333,-0.0071316004
688.3333,-0.0072070589
688.3333,-0.0072462675
688.3333,-0.0072705963
688.3333,-0.0073091082
688.3333,-0.0073299766
688.3333,-0.0073508905
688.3333,-0.0073789704
688.3333,-0.0073934806
688.3333,-0.0074609258
688.3333,-0.0074720985
688.3333,-0.0075185528
688.3333,-0.0075387927
688.3333,-0.0075800019
688.3333,-0.00759391
688.3333,-0.0076482558
688.3333,-0.0076754322
688.3333,-0.0076769012
688.3333,-0.0077121645
688.3333,-0.0077161448
688.3333,-0.0077222992
688.3333,-0.0077382641
688.3333,-0.0077719548
688.3333,-0.0077777758
688.3333,-0.0077779363
688.3333,-0.0078118547
688.3333,-0.0078702813
688.3333,-0.0078713301
688.3333,-0.0079020899
688.3333,-0.0079035784
688.3333,-0.0080684336
688.3333,-0.0081729117
688.3333,-0.0081773152
688.3333,-0.0082081358
688.3333,-0.0082320784
688.3333,-0.0082351849
688.3333,-0.0082372946
688.3333,-0.0082697422
688.3333,-0.0082900993
688.3333,-0.0082971884
688.3333,-0.0083000713
688.3333,-0.0083243193
688.3333,-0.0083520503
688.3333,-0.008361732
688.3333,-0.0084121189
688.3333,-0.0084483434
688.3333,-0.00845721
688.3333,-0.0084617773
688.3333,-0.0084800117
688.3333,-0.0084829871
688.3333,-0.008490516
688.3333,-0.0085294975
688.3333,-0.0085471719
688.3333,-0.0085574555
688.3333,-0.0085702835
688.3333,-0.0086207312
688.3333,-0.0086967501
688.3333,-0.0087203712
688.3333,-0.0087367284
688.3333,-0.0087389873
688.3333,-0.0087447221
688.3333,-0.0088142495
688.3333,-0.008829038
688.3333,-0.0088360891
688.3333,-0.0088417711
688.3333,-0.008844623
688.3333,-0.0088557502
688.3333,-0.0088691176
688.3333,-0.0088856025
688.3333,-0.0089346056
688.3333,-0.0089435873
688.3333,-0.0089688437
688.3333,-0.0090187124
688.3333,-0.0090632831
688.3333,-0.0090691846
688.3333,-0.0090748585
688.3333,-0.009082734
688.3333,-0.0091137423
688.3333,-0.009168178
688.3333,-0.0091939041
688.3333,-0.0092319536
688.3333,-0.0092920844
688.3333,-0.009350485
688.3333,-0.0093566185
688.3333,-0.0093671643
688.3333,-0.0093719343
688.3333,-0.0093929501
688.3333,-0.009452307
688.3333,-0.009452518
688.3333,-0.0094678656
688.3333,-0.0094899284
688.3333,-0.0095034906
688.3333,-0.0095509859
688.3333,-0.009559
688.3333,-0.0095613116
688.3333,-0.0095841415
688.3333,-0.009643411
688.3333,-0.009681726
688.3333,-0.0096963541
688.3333,-0.0097390486
688.3333,-0.0097505127
688.3333,-0.0097511801
688.3333,-0.0097776437
688.3333,-0.0097821264
688.3333,-0.0097823816
688.3333,-0.0097888134
688.3333,-0.0098013854
688.3333,-0.0098054706
688.3333,-0.0098411813
688.3333,-0.0098473002
688.3333,-0.0098534196
688.3333,-0.0098706374
688.3333,-0.0098713957
688.3333,-0.0098759266
688.3333,-0.0098880449
688.3333,-0.0099252687
688.3333,-0.0099304764
688.3333,-0.0099372903
688.3333,-0.0099408679
688.3333,-0.0099416016
688.3333,-0.0099619673
688.3333,-0.0099780653
688.3333,-0.0099788934
688.6616,0.0099881361
688.6616,0.0098908278
688.6616,0.0098887495
688.6616,0.0098466404
688.6616,0.0098131711
688.6616,0.0097682654
688.6616,0.0097630128
688.6616,0.0097629559
688.6616,0.0097563562
688.6616,0.0097298992
688.6616,0.0097265254
688.6616,0.0097046485
688.6616,0.0097002932
688.6616,0.0096921029
688.6616,0.0096773224
688.6616,0.009609644
688.6616,0.0096047657
688.6616,0.0095905033
688.6616,0.0095283674
688.6616,0.0094891802
688.6616,0.0094878964
688.6616,0.0094658401
688.6616,0.0094304735
688.6616,0.009387072
688.6616,0.0093549077
688.6616,0.0093414568
688.6616,0.0093265547
688.6616,0.0093086563
688.6616,0.0092805696
688.6616,0.0092783474
688.6616,0.0092584696
688.6616,0.0091972389
688.6616,0.0091792375
688.6616,0.0091653763
688.6616,0.009029821
688.6616,0.0090116858
688.6616,0.0090100887
688.6616,0.0089907079
688.6616,0.0089681303
688.6616,0.0089585945
688.6616,0.0089350461
688.6616,0.0088300293
688.6616,0.0088077845
688.6616,0.0087311172
688.6616,0.0087187389
688.6616,0.0085983889
688.6616,0.0085842014
688.6616,0.0085275016
688.6616,0.0085083056
688.6616,0.0084557962
688.6616,0.0084298919
688.6616,0.0084224638
688.6616,0.0084111889
688.6616,0.0083813937
688.6616,0.0083381376
688.6616,0.0082709059
688.6616,0.0082479231
688.6616,0.0082138761
688.6616,0.0082070116
688.6616,0.008196299
688.6616,0.0081297726
688.6616,0.008092663
688.6616,0.0080431556
688.6616,0.0080181953
688.6616,0.007992487
688.6616,0.0079482312
688.6616,0.0079435318
688.6616,0.0079073115
688.6616,0.0079027716
688.6616,0.0078938439
688.6616,0.0078684281
688.6616,0.0078325056
688.6616,0.0077837999
688.6616,0.0077483575
688.6616,0.0076963098
688.6616,0.0076799515
688.6616,0.0076728057
688.6616,0.0076525982
688.6616,0.0076319032
688.6616,0.0076269405
688.6616,0.007624731
688.6616,0.0076124197
688.6616,0.007608182
688.6616,0.0075930816
688.6616,0.0075487454
688.6616,0.0075422555
688.6616,0.0075253581
688.6616,0.0075237394
688.6616,0.0075016888
688.6616,0.0074688771
688.6616,0.0074529222
688.6616,0.0074371856
688.6616,0.007321794
688.6616,0.0073179348
688.6616,0.0073091845
688.6616,0.0073088343
688.6616,0.0072958251
688.6616,0.0072782336
688.6616,0.0072373954
688.6616,0.0072358808
688.6616,0.0072321222
688.6616,0.0071976591
688.6616,0.007172887
688.6616,0.007161808
688.6616,0.0071482814
688.6616,0.0071208545
688.6616,0.007116363
688.6616,0.0070590438
688.6616,0.0070515216
688.6616,0.007036312
688.6616,0.0070359829
688.6616,0.0070286498
688.6616,0.0070240482
688.6616,0.00698681
688.6616,0.0069364879
688.6616,0.0068997392
688.6616,0.0068720069
688.6616,0.0068708466
688.6616,0.0068476861
688.6616,0.0068333282
688.6616,0.0068139624
688.6616,0.0068134118
688.6616,0.0067948846
688.6616,0.0067192086
688.6616,0.0066646906
688.6616,0.0066457869
688.6616,0.0062952933
688.6616,0.006262299
688.6616,0.0062479093
688.6616,0.0062005704
688.6616,0.0061846668
688.6616,0.0061311676
688.6616,0.0060474709
688.6616,0.0060112056
688.6616,0.0059992901
688.6616,0.0059368502
688.6616,0.0059351533
688.6616,0.0059251556
688.6616,0.0059101139
688.6616,0.0058758097
688.6616,0.0058631289
688.6616,0.0057948415
688.6616,0.0057828262
688.6616,0.0057711756
688.6616,0.0056983142
688.6616,0.0056835257
688.6616,0.0056396946
688.6616,0.0055801636
688.6616,0.0055684795
688.6616,0.0055557981
688.6616,0.0055385583
688.6616,0.0055366925
688.6616,0.0055156239
688.6616,0.0055132109
688.6616,0.0054961115
688.6616,0.0054668433
688.6616,0.0054442485
688.6616,0.0054336623
688.6616,0.0054128617
688.6616,0.0053616439
688.6616,0.0053548226
688.6616,0.0053026829
688.6616,0.0052970128
688.6616,0.0052622666
688.6616,0.0052518035
688.6616,0.0052305627
688.6616,0.0052199027
688.6616,0.0051638654
688.6616,0.0051629921
688.6616,0.0051544183
688.6616,0.0051338658
688.6616,0.0051127152
688.6616,0.0051100352
688.6616,0.0050603606
688.6616,0.0050603072
688.6616,0.0050221733
688.6616,0.0050179574
688.6616,0.005008978
688.6616,0.0050026438
688.6616,0.0049907474
688.6616,0.0049815122
688.6616,0.004967907
688.6616,0.0048994112
688.6616,0.0048832575
688.6616,0.0048549664
688.6616,0.0047864704
688.6616,0.0047743943
688.6616,0.0047695889
688.6616,0.004763892
688.6616,0.0047157279
688.6616,0.004709876
688.6616,0.004667813
688.6616,0.0046461307
688.6616,0.0046275815
688.6616,0.0046088522
688.6616,0.0045833647
688.6616,0.0045736112
688.6616,0.0045229865
688.6616,0.0045087771
688.6616,0.0044702069
688.6616,0.004454069
688.6616,0.0044217545
688.6616,0.0044141779
688.6616,0.0043498698
688.6616,0.0042944544
688.6616,0.004261005
688.6616,0.0042555382
688.6616,0.0042527165
688.6616,0.0042518153
688.6616,0.004214026
688.6616,0.0042045943
688.6616,0.0041961459
688.6616,0.0041674962
688.6616,0.0041534074
688.6616,0.0041409413
688.6616,0.0041403937
688.6616,0.0041276939
688.6616,0.0041093714
688.6616,0.0040688437
688.6616,0.0040613823
688.6616,0.004034025
688.6616,0.004028111
688.6616,0.003989018
688.6616,0.0038975622
688.6616,0.0038951869
688.6616,0.003829283
688.6616,0.0037790382
688.6616,0.0037471533
688.6616,0.0037075448
688.6616,0.0037055139
688.6616,0.0037011332
688.6616,0.0036698247
688.6616,0.0036549095
688.6616,0.0035732261
688.6616,0.0035407624
688.6616,0.003474635
688.6616,0.0034574915
688.6616,0.0034474034
688.6616,0.0034449348
688.6616,0.0034378128
688.6616,0.003419703
688.6616,0.0033236729
688.6616,0.0033040023
688.6616,0.0032816751
688.6616,0.0032347979
688.6616,0.0032228877
688.6616,0.0032197093
688.6616,0.0032115106
688.6616,0.0031935802
688.6616,0.0031876239
688.6616,0.0031580982
688.6616,0.0031510274
688.6616,0.0031239243
688.6616,0.0031197984
688.6616,0.0031163286
688.6616,0.0031082656
688.6616,0.0031066162
688.6616,0.003086166
688.6616,0.0030746354
688.6616,0.0030720578
688.6616,0.0030586148
688.6616,0.0030432373
688.6616,0.0030277281
688.6616,0.0030277123
688.6616,0.0030258888
688.6616,0.0029885172
688.6616,0.0029747569
688.6616,0.002966811
688.6616,0.0029505447
688.6616,0.0029503394
688.6616,0.0029129127
688.6616,0.0029012456
688.6616,0.0028788993
688.6616,0.0028675996
688.6616,0.0028555251
688.6616,0.00282821
688.6616,0.002802772
688.6616,0.0027672588
688.6616,0.002735935
688.6616,0.0027338758
688.6616,0.0027166661
688.6616,0.002710831
688.6616,0.0026760984
688.6616,0.0026655824
688.6616,0.0026323102
688.6616,0.002621151
688.6616,0.0026165799
688.6616,0.0026106024
688.6616,0.002599123
688.6616,0.002585996
688.6616,0.0025700877
688.6616,0.0025432905
688.6616,0.0025157825
688.6616,0.0025095207
688.6616,0.0025062865
688.6616,0.0024938181
688.6616,0.0024361316
688.6616,0.0024269054
688.6616,0.0024172335
688.6616,0.0024150284
688.6616,0.0024117396
688.6616,0.002410451
688.6616,0.0023976944
688.6616,0.0023864036
688.6616,0.002383811
688.6616,0.0023821931
688.6616,0.0023763005
688.6616,0.0023574178
688.6616,0.0023519139
688.6616,0.0023390906
688.6616,0.0023184494
688.6616,0.0023152802
688.6616,0.0022904639
688.6616,0.0022560087
688.6616,0.0022369021
688.6616,0.0022206114
688.6616,0.002183676
688.6616,0.0021407457
688.6616,0.0021302795
688.6616,0.0021235826
688.6616,0.0021219864
688.6616,0.0021166177
688.6616,0.002041903
688.6616,0.0020259332
688.6616,0.0020256861
688.6616,0.0020163188
688.6616,0.0020108775
688.6616,0.0019791876
688.6616,0.0019716253
688.6616,0.0019647396
688.6616,0.0019625074
688.6616,0.0019498747
688.6616,0.0018929291
688.6616,0.001889965
688.6616,0.0018878222
688.6616,0.0018866984
688.6616,0.0018738862
688.6616,0.0018692397
688.6616,0.0018628681
688.6616,0.0018507319
688.6616,0.0018418046
688.6616,0.0018271186
688.6616,0.0018146109
688.6616,0.001811472
688.6616,0.0018059645
688.6616,0.0018033556
688.6616,0.0017922385
688.6616,0.0017675688
688.6616,0.0017607438
688.6616,0.0017465942
688.6616,0.0017388626
688.6616,0.0017255292
688.6616,0.0017245123
688.6616,0.0017233739
688.6616,0.0016828366
688.6616,0.0016684407
688.6616,0.0016529233
688.6616,0.0016442318
688.6616,0.0016353795
688.6616,0.0016296588
688.6616,0.0016206402
688.6616,0.0015965394
688.6616,0.0015942764
688.6616,0.0015858629
688.6616,0.0015762045
688.6616,0.0015495166
688.6616,0.001544802
688.6616,0.0015370298
688.6616,0.0015237415
688.6616,0.001499025
688.6616,0.0014761147
688.6616,0.001470298
688.6616,0.0014529951
688.6616,0.0014171313
688.6616,0.0014170321
688.6616,0.0014082617
688.6616,0.0013989829
688.6616,0.0013813735
688.6616,0.0013384443
688.6616,0.0013111177
688.6616,0.0012868831
688.6616,0.0012747027
688.6616,0.0012671837
688.6616,0.0012629404
688.6616,0.0012626083
688.6616,0.001259483
688.6616,0.0012551855
688.6616,0.0012149733
688.6616,0.0012047022
688.6616,0.0011931874
688.6616,0.001170237
688.6616,0.0011576566
688.6616,0.0011477151
688.6616,0.0011383274
688.6616,0.0011031092
688.6616,0.0011004988
688.6616,0.0010919548
688.6616,0.0010864647
688.6616,0.0010818777
688.6616,0.0010807691
688.6616,0.0010706253
688.6616,0.0010654338
688.6616,0.0010625782
688.6616,0.0010591922
688.6616,0.0010504276
688.6616,0.0010321008
688.6616,0.001013871
688.6616,0.001003029
688.6616,0.00094199217
688.6616,0.00093438049
688.6616,0.00093335011
688.6616,0.00092628114
688.6616,0.00091818761
688.6616,0.00090719229
688.6616,0.0008856582
688.6616,0.00084595627
688.6616,0.00081920002
688.6616,0.0008186952
688.6616,0.00079568688
688.6616,0.00079283217
688.6616,0.00078604668
688.6616,0.00071213209
688.6616,0.00063524672
688.6616,0.00062928573
688.6616,0.00062296158
688.6616,0.00061670944
688.6616,0.00060690941
688.6616,0.00060324921
688.6616,0.00059410987
688.6616,0.00058247435
688.6616,0.00055236454
688.6616,0.00055134758
688.6616,0.00054776202
688.6616,0.00054190603
688.6616,0.00053014655
688.6616,0.00050652075
688.6616,0.00049093871
688.6616,0.00048259365
688.6616,0.00042773075
688.6616,0.00042339936
688.6616,0.00042073734
688.6616,0.00038060845
688.6616,0.00032282571
688.6616,0.00031589484
688.6616,0.00028864594
688.6616,0.00028852742
688.6616,0.00019928983
688.6616,0.00018171127
688.6616,0.00014933983
688.6616,0.00014273154
688.6616,0.00012733989
688.6616,0.00012492898
688.6616,0.00011303378
688.6616,0.00010349493
688.6616,0.00010240882
688.6616,9.4537756e-05
688.6616,8.7590884e-05
688.6616,6.8395479e-05
688.6616,2.6431532e-05
688.6616,2.0136771e-05
688.6616,1.2329952e-05
688.6616,2.631858e-06
688.6616,-3.5690415e-05
688.6616,-5.4750251e-05
688.6616,-6.2281519e-05
688.6616,-7.3729056e-05
688.6616,-7.5946764e-05
688.6616,-0.00011093678
688.6616,-0.00013832142
688.6616,-0.00014861585
688.6616,-0.00016597114
688.6616,-0.00018649896
688.6616,-0.00020366289
688.6616,-0.00021152404
688.6616,-0.00022789511
688.6616,-0.00022920325
688.6616,-0.00023684865
688.6616,-0.00025466039
688.6616,-0.00026201297
688.6616,-0.00026342955
688.6616,-0.00026676343
688.6616,-0.00027646026
688.6616,-0.00029021577
688.6616,-0.00032122932
688.6616,-0.00040869099
688.6616,-0.0004235288
688.6616,-0.00043626005
688.6616,-0.00045216882
688.6616,-0.00047007895
688.6616,-0.00047601911
688.6616,-0.00048459926
688.6616,-0.00054329415
688.6616,-0.00056749514
688.6616,-0.0006842201
688.6616,-0.00068789218
688.6616,-0.00069482474
688.6616,-0.00069876642
688.6616,-0.00070431604
688.6616,-0.00070687624
688.6616,-0.00070945151
688.6616,-0.0007443764
688.6616,-0.00075660219
688.6616,-0.00078688243
688.6616,-0.00079086865
688.6616,-0.00080111988
688.6616,-0.00081352591
688.6616,-0.00082376592
688.6616,-0.0008386231
688.6616,-0.00084978357
688.6616,-0.00085077282
688.6616,-0.00085083052
688.6616,-0.00089220892
688.6616,-0.00091594366
688.6616,-0.00091865465
688.6616,-0.00093603207
688.6616,-0.0009642194
688.6616,-0.00099429749
688.6616,-0.0010688368
688.6616,-0.001107233
688.6616,-0.0011204703
688.6616,-0.0011260632
688.6616,-0.0011355424
688.6616,-0.0011409936
688.6616,-0.0012045387
688.6616,-0.0012122727
688.6616,-0.0012135104
688.6616,-0.001225673
688.6616,-0.0012269585
688.6616,-0.0012692152
688.6616,-0.00132917
688.6616,-0.0014003083
688.6616,-0.0014348288
688.6616,-0.0014477495
688.6616,-0.0014703918
688.6616,-0.0014821956
688.6616,-0.0014857359
688.6616,-0.001571393
688.6616,-0.0015777413
688.6616,-0.0015866994
688.6616,-0.0015872197
688.6616,-0.0016418041
688.6616,-0.0016517724
688.6616,-0.0017013138
688.6616,-0.0017798224
688.6616,-0.001934009
688.6616,-0.0019559634
688.6616,-0.001976644
688.6616,-0.0019996694
688.6616,-0.002019738
688.6616,-0.0020270672
688.6616,-0.0020300451
688.6616,-0.0020372987
688.6616,-0.0020547591
688.6616,-0.0022253068
688.6616,-0.0022283534
688.6616,-0.0023108957
688.6616,-0.0023342135
688.6616,-0.0023473776
688.6616,-0.0023599488
688.6616,-0.0024939361
688.6616,-0.0025238693
688.6616,-0.0025524808
688.6616,-0.0025686231
688.6616,-0.0026169053
688.6616,-0.0026229498
688.6616,-0.0026426427
688.6616,-0.0028591833
688.6616,-0.0028668196
688.6616,-0.0028864682
688.6616,-0.0028900017
688.6616,-0.0029185656
688.6616,-0.0030223354
688.6616,-0.0034002779
688.6616,-0.0034209101
688.6616,-0.0034252203
688.6616,-0.0034375378
688.6616,-0.0034483963
688.6616,-0.0035234247
688.6616,-0.0035279004
688.6616,-0.0036123139
688.6616,-0.0036546784
688.6616,-0.0037536244
688.6616,-0.003766745
688.6616,-0.0040111557
688.6616,-0.004061777
688.6616,-0.0041616952
688.6616,-0.004185817
688.6616,-0.0042740302
688.6616,-0.0043309737
688.6616,-0.0043967693
688.6616,-0.0044314554
688.6616,-0.0047549775
688.6616,-0.0049777101
688.6616,-0.0053650695
688.6616,-0.005365972
688.6616,-0.0054256921
688.6616,-0.006062345
688.6616,-0.0061347173
688.6616,-0.0061695704
688.6616,-0.0062047377
688.6616,-0.006207204
688.6616,-0.0071322437
688.6616,-0.0071648876
688.6616,-0.0071728234
688.6616,-0.0072390213
688.6616,-0.0073528523
688.6616,-0.0076311047
688.6616,-0.0076554498
688.6616,-0.0077252095
688.6616,-0.0078862436
688.6616,-0.008093138
688.6616,-0.0086073128
688.6616,-0.0086256496
688.6616,-0.0093023723
688.6616,-0.0093812557
688.6616,-0.0096911341
688.6616,-0.0099073441
692.8512,0.0099790814
692.8512,0.0099678743
692.8512,0.0099617795
692.8512,0.0099547425
692.8512,0.0099495669
692.8512,0.0099434205
692.8512,0.0099401386
692.8512,0.0099099533
692.8512,0.0098924611
692.8512,0.0098751635
692.8512,0.0098727323
692.8512,0.0098339678
692.8512,0.0098284471
692.8512,0.0098253921
692.8512,0.0098164569
692.8512,0.009809508
692.8512,0.0097631908
692.8512,0.0097621619
692.8512,0.009698171
692.8512,0.0096844957
692.8512,0.0096835269
692.8512,0.0096800024
692.8512,0.0096786128
692.8512,0.0096625805
692.8512,0.0096407019
692.8512,0.0096398518
692.8512,0.0096350996
692.8512,0.0096345999
692.8512,0.009612192
692.8512,0.0095844976
692.8512,0.0095831162
692.8512,0.0095360605
692.8512,0.0095100673
692.8512,0.0095011204
692.8512,0.0094956521
692.8512,0.0094602849
692.8512,0.0094362311
692.8512,0.0094249153
692.8512,0.009424642
692.8512,0.0094210876
692.8512,0.0094193336
692.8512,0.0093977952
692.8512,0.0093914146
692.8512,0.0093880239
692.8512,0.0093797527
692.8512,0.0093621165
692.8512,0.0093599477
692.8512,0.0093419667
692.8512,0.0092829378
692.8512,0.0092525141
692.8512,0.0092217756
692.8512,0.009217309
692.8512,0.0091913325
692.8512,0.0091869776
692.8512,0.0091841087
692.8512,0.0091760021
692.8512,0.0091734179
692.8512,0.0091424232
692.8512,0.0091357624
692.8512,0.0091140839
692.8512,0.0091014901
692.8512,0.0090935771
692.8512,0.0090780094
692.8512,0.0090752958
692.8512,0.009039827
692.8512,0.0090189127
692.8512,0.0090179072
692.8512,0.0090141033
692.8512,0.0090048367
692.8512,0.008998694
692.8512,0.0089891836
692.8512,0.0089706339
692.8512,0.0089599445
692.8512,0.0089572199
692.8512,0.0089323553
692.8512,0.0089082544
692.8512,0.0089046418
692.8512,0.0088821052
692.8512,0.0088575304
692.8512,0.0088237948
692.8512,0.0088141915
692.8512,0.0087979664
692.8512,0.0087961005
692.8512,0.0087822287
692.8512,0.0087752881
692.8512,0.0087711318
692.8512,0.0087682235
692.8512,0.0087632311
692.8512,0.0087578832
692.8512,0.0087545471
692.8512,0.0087531814
692.8512,0.0087417567
692.8512,0.0087415414
692.8512,0.0087351017
692.8512,0.0087251899
692.8512,0.0087041462
692.8512,0.0086934263
692.8512,0.00869066
692.8512,0.0086745355
692.8512,0.0086721946
692.8512,0.0086240095
692.8512,0.0086186353
692.8512,0.0086058171
692.8512,0.0085993436
692.8512,0.0085796537
692.8512,0.0085525086
692.8512,0.0085437431
692.8512,0.0085140714
692.8512,0.0084999495
692.8512,0.0084580642
692.8512,0.0084546302
692.8512,0.0084351828
692.8512,0.0084219102
692.8512,0.0083635485
692.8512,0.008346606
692.8512,0.008330997
692.8512,0.0083238999
692.8512,0.0083016267
692.8512,0.0082990576
692.8512,0.008299027
692.8512,0.0082755816
692.8512,0.0082724893
692.8512,0.0082567583
692.8512,0.008251935
692.8512,0.0082511293
692.8512,0.0082313279
692.8512,0.0082050183
692.8512,0.0081914309
692.8512,0.0081873185
692.8512,0.0081541526
692.8512,0.0081287744
692.8512,0.0081202946
692.8512,0.0081147688
692.8512,0.0081130808
692.8512,0.0081101735
692.8512,0.008106341
692.8512,0.0081056899
692.8512,0.008101531
692.8512,0.0080757219
692.8512,0.0080546687
692.8512,0.0080370799
692.8512,0.0080247465
692.8512,0.0080142055
692.8512,0.0079958078
692.8512,0.0079708957
692.8512,0.0079339034
692.8512,0.0079299133
692.8512,0.007907162
692.8512,0.007884421
692.8512,0.0078790378
692.8512,0.0078740238
692.8512,0.007846057
692.8512,0.0077971797
692.8512,0.0077853769
692.8512,0.0077848475
692.8512,0.0077846237
692.8512,0.0077712833
692.8512,0.0077433021
692.8512,0.0077358252
692.8512,0.0077153025
692.8512,0.0077075522
692.8512,0.0077044456
692.8512,0.0076966052
692.8512,0.0076534274
692.8512,0.0076430882
692.8512,0.0076277269
692.8512,0.0076160347
692.8512,0.0076088729
692.8512,0.0076005998
692.8512,0.0075564698
692.8512,0.0075539504
692.8512,0.0075411811
692.8512,0.0075359217
692.8512,0.0075159503
692.8512,0.0075081333
692.8512,0.0074796122
692.8512,0.0074785397
692.8512,0.0074660646
692.8512,0.0074607257
692.8512,0.0074534243
692.8512,0.0074282334
692.8512,0.0074188676
692.8512,0.0074172243
692.8512,0.0074068312
692.8512,0.0073985505
692.8512,0.0073975234
692.8512,0.0073904198
692.8512,0.0073802044
692.8512,0.0073798295
692.8512,0.0073670127
692.8512,0.0073598118
692.8512,0.0073540623
692.8512,0.0073287761
692.8512,0.0073248485
692.8512,0.0073141527
692.8512,0.0073132715
692.8512,0.0073091365
692.8512,0.0072983009
692.8512,0.0072943136
692.8512,0.007276768
692.8512,0.0072659856
692.8512,0.0072658276
692.8512,0.0072593914
692.8512,0.0072498011
692.8512,0.0072454776
692.8512,0.0072442253
692.8512,0.0072383357
692.8512,0.0072019906
692.8512,0.0071962521
692.8512,0.0071718397
692.8512,0.0071662132
692.8512,0.0071614161
692.8512,0.0071604874
692.8512,0.0071102643
692.8512,0.0070703002
692.8512,0.0070673439
692.8512,0.0070496379
692.8512,0.007026552
692.8512,0.0070257812
692.8512,0.0070225507
692.8512,0.0070133224
692.8512,0.0069570881
692.8512,0.0069562157
692.8512,0.0069437489
692.8512,0.0069313324
692.8512,0.0068977216
692.8512,0.0068883561
692.8512,0.0068882795
692.8512,0.0068822586
692.8512,0.0068040256
692.8512,0.0067842259
692.8512,0.0067822612
692.8512,0.0067386964
692.8512,0.0066758388
692.8512,0.0066217044
692.8512,0.0066148374
692.8512,0.0065969579
692.8512,0.0065962836
692.8512,0.0065957756
692.8512,0.0065709297
692.8512,0.0065520759
692.8512,0.0065006061
692.8512,0.0064653081
692.8512,0.0064331677
692.8512,0.0064131614
692.8512,0.0064066949
692.8512,0.0064023699
692.8512,0.0063258008
692.8512,0.0062815835
692.8512,0.0061931235
692.8512,0.0061644436
692.8512,0.0061563483
692.8512,0.0061539394
692.8512,0.0061157197
692.8512,0.0060757921
692.8512,0.0060577998
692.8512,0.0060319791
692.8512,0.0060110664
692.8512,0.005962994
692.8512,0.0059311141
692.8512,0.0059239011
692.8512,0.0059207783
692.8512,0.0059101175
692.8512,0.005893736
692.8512,0.005734946
692.8512,0.0057259987
692.8512,0.0056628226
692.8512,0.0056052147
692.8512,0.0055504264
692.8512,0.0055451665
692.8512,0.0054374075
692.8512,0.005338571
692.8512,0.0053325172
692.8512,0.0052820456
692.8512,0.005267784
692.8512,0.0052465473
692.8512,0.0052237405
692.8512,0.0051211913
692.8512,0.005053564
692.8512,0.0050105445
692.8512,0.0049810812
692.8512,0.0049298157
692.8512,0.004903231
692.8512,0.0048505142
692.8512,0.0048286026
692.8512,0.0048034074
692.8512,0.004748725
692.8512,0.00471242
692.8512,0.0047064085
692.8512,0.0046557959
692.8512,0.0043647076
692.8512,0.004321072
692.8512,0.0041191654
692.8512,0.0039794122
692.8512,0.0039553944
692.8512,0.0039335485
692.8512,0.0038619312
692.8512,0.0038469469
692.8512,0.0035584449
692.8512,0.0034235522
692.8512,0.0032485655
692.8512,0.0032325479
692.8512,0.0032210771
692.8512,0.0029639675
692.8512,0.0028887246
692.8512,0.0028715843
692.8512,0.0028258381
692.8512,0.0027978537
692.8512,0.0027883273
692.8512,0.0027057218
692.8512,0.0026518869
692.8512,0.0025522651
692.8512,0.0024777598
692.8512,0.0024385522
692.8512,0.0022614385
692.8512,0.0022580879
692.8512,0.0020333828
692.8512,0.0020099922
692.8512,0.0019737387
692.8512,0.001938709
692.8512,0.0019198721
692.8512,0.0018792491
692.8512,0.0018729913
692.8512,0.0017896517
692.8512,0.0016744193
692.8512,0.0016432239
692.8512,0.001516894
692.8512,0.0012650341
692.8512,0.0012484926
692.8512,0.0012380371
692.8512,0.0011692304
692.8512,0.001098636
692.8512,0.00087482796
692.8512,0.00077026701
692.8512,0.0007354874
692.8512,0.00063253522
692.8512,0.00060823145
692.8512,0.00023613799
692.8512,0.00022028436
692.8512,5.660457e-06
692.8512,-0.00065708929
692.8512,-0.00073797731
692.8512,-0.00074448122
692.8512,-0.00081402352
692.8512,-0.00089526542
692.8512,-0.0010071561
692.8512,-0.0010793582
692.8512,-0.0012450034
692.8512,-0.0013386624
692.8512,-0.0014301462
692.8512,-0.0015018387
692.8512,-0.0015205556
692.8512,-0.0016496506
692.8512,-0.0016665097
692.8512,-0.0017026074
692.8512,-0.0017429864
692.8512,-0.0021535507
692.8512,-0.0021932767
692.8512,-0.0022671551
692.8512,-0.0022806133
692.8512,-0.0023972683
692.8512,-0.0025951171
692.8512,-0.0030881624
692.8512,-0.0032648751
692.8512,-0.0032979317
692.8512,-0.0034632833
692.8512,-0.0035135769
692.8512,-0.0037355133
692.8512,-0.0038180414
692.8512,-0.0044715225
692.8512,-0.0046033842
692.8512,-0.0046099129
692.8512,-0.0046421378
692.8512,-0.0046817213
692.8512,-0.0047820989
692.8512,-0.0047893913
692.8512,-0.0047993392
692.8512,-0.0050137623
692.8512,-0.0051489019
692.8512,-0.0053140108
692.8512,-0.0053464307
692.8512,-0.0055034015
692.8512,-0.005593306
692.8512,-0.0055957252
692.8512,-0.0058333103
692.8512,-0.0059244299
692.8512,-0.0059760135
692.8512,-0.0065198957
692.8512,-0.0066102229
692.8512,-0.0066132207
692.8512,-0.0066762601
692.8512,-0.0067603477
692.8512,-0.0072004073
692.8512,-0.0072087206
692.8512,-0.0072595274
692.8512,-0.0073686069
692.8512,-0.0073714601
692.8512,-0.0074363343
692.8512,-0.0075849961
692.8512,-0.0079511111
692.8512,-0.0079676847
692.8512,-0.0083218793
692.8512,-0.0085317391
692.8512,-0.0086566166
692.8512,-0.0087587716
692.8512,-0.0088495214
692.8512,-0.0090257837
692.8512,-0.0091054823
692.8512,-0.0093707346
692.8512,-0.0094056037
692.8512,-0.0095333826
692.8512,-0.0095742684
692.8512,-0.0096638729
692.8512,-0.009796797
692.8512,-0.0098262213
692.8512,-0.0098900328
692.8512,-0.0099290095
693.6655,0.0099780454
693.6655,0.0099535072
693.6655,0.009949845
693.6655,0.0099392316
693.6655,0.0099390725
693.6655,0.0099322267
693.6655,0.0099135191
693.6655,0.0099064038
693.6655,0.0099007425
693.6655,0.0098666635
693.6655,0.0098555348
693.6655,0.0098217398
693.6655,0.0098036895
693.6655,0.0097819128
693.6655,0.0097459811
693.6655,0.0097143514
693.6655,0.0096406437
693.6655,0.0096259885
693.6655,0.009602243
693.6655,0.009594262
693.6655,0.009593372
693.6655,0.0095784781
693.6655,0.0095727677
693.6655,0.0095631077
693.6655,0.0095571426
693.6655,0.0095439906
693.6655,0.0095412146
693.6655,0.0095364887
693.6655,0.0095252883
693.6655,0.0095247202
693.6655,0.0095141165
693.6655,0.0095006979
693.6655,0.0094747996
693.6655,0.0094747202
693.6655,0.0094609101
693.6655,0.009447415
693.6655,0.0094326787
693.6655,0.0094220512
693.6655,0.0094157933
693.6655,0.0094083513
693.6655,0.009390667
693.6655,0.0093869939
693.6655,0.009361454
693.6655,0.0092932684
693.6655,0.0092899373
693.6655,0.009273772
693.6655,0.0092175475
693.6655,0.009216176
693.6655,0.0091509676
693.6655,0.0091502251
693.6655,0.0091435791
693.6655,0.0091318224
693.6655,0.0090881896
693.6655,0.0090757194
693.6655,0.009063658
693.6655,0.0090487982
693.6655,0.0090247174
693.6655,0.0090152099
693.6655,0.0089890802
693.6655,0.0089691879
693.6655,0.0089524931
693.6655,0.0089359766
693.6655,0.0089299818
693.6655,0.0089054503
693.6655,0.0088964308
693.6655,0.0088920424
693.6655,0.0088810121
693.6655,0.0088796647
693.6655,0.0088754206
693.6655,0.0088597001
693.6655,0.008846182
693.6655,0.0088449774
693.6655,0.0088387128
693.6655,0.0088371214
693.6655,0.0088203002
693.6655,0.0088035689
693.6655,0.00879382
693.6655,0.008781642
693.6655,0.0087714754
693.6655,0.0087676212
693.6655,0.0087672526
693.6655,0.0087670244
693.6655,0.0087657026
693.6655,0.0087461764
693.6655,0.0087420731
693.6655,0.0087378371
693.6655,0.0087261701
693.6655,0.0087182199
693.6655,0.0086864604
693.6655,0.0086822299
693.6655,0.008658342
693.6655,0.0086462966
693.6655,0.0086401608
693.6655,0.0086398621
693.6655,0.0086353002
693.6655,0.0086310512
693.6655,0.0086310426
693.6655,0.0086267383
693.6655,0.0086227977
693.6655,0.0086056466
693.6655,0.0086001153
693.6655,0.0085666061
693.6655,0.0085631752
693.6655,0.0085357847
693.6655,0.0085324367
693.6655,0.0085300016
693.6655,0.0085252459
693.6655,0.00851988
693.6655,0.0085047558
693.6655,0.0084929649
693.6655,0.0084857511
693.6655,0.0084843087
693.6655,0.0084838337
693.6655,0.008478455
693.6655,0.0084691199
693.6655,0.0084634002
693.6655,0.0084541117
693.6655,0.0084415723
693.6655,0.0084337414
693.6655,0.0084241302
693.6655,0.0084072228
693.6655,0.008403756
693.6655,0.0083954775
693.6655,0.0083901494
693.6655,0.0083810258
693.6655,0.0083792127
693.6655,0.0083701492
693.6655,0.0083633328
693.6655,0.008360578
693.6655,0.0083384517
693.6655,0.0083231647
693.6655,0.0083038437
693.6655,0.0083019141
693.6655,0.0082991801
693.6655,0.0082928738
693.6655,0.008290668
693.6655,0.0082707773
693.6655,0.0082665959
693.6655,0.0082657321
693.6655,0.0082618784
693.6655,0.0082595297
693.6655,0.0082594229
693.6655,0.0082539942
693.6655,0.0082537378
693.6655,0.0082313063
693.6655,0.0082236967
693.6655,0.0082181694
693.6655,0.0082122731
693.6655,0.0082100429
693.6655,0.0081965277
693.6655,0.00819004
693.6655,0.0081824968
693.6655,0.0081824187
693.6655,0.0081721174
693.6655,0.0081713875
693.6655,0.0081698929
693.6655,0.0081678324
693.6655,0.0081538512
693.6655,0.0081516256
693.6655,0.0081480811
693.6655,0.0081480399
693.6655,0.0081406038
693.6655,0.0081056977
693.6655,0.0080979117
693.6655,0.0080969122
693.6655,0.0080846949
693.6655,0.0080417185
693.6655,0.0080215764
693.6655,0.0080184072
693.6655,0.0080013348
693.6655,0.0080004449
693.6655,0.0079649099
693.6655,0.0079586752
693.6655,0.007953967
693.6655,0.0079418115
693.6655,0.0079098184
693.6655,0.0078965533
693.6655,0.0078948872
693.6655,0.0078823888
693.6655,0.0078783877
693.6655,0.0078493976
693.6655,0.0078457646
693.6655,0.007826979
693.6655,0.0078205198
693.6655,0.0078088585
693.6655,0.0078018321
693.6655,0.0078010934
693.6655,0.0077957365
693.6655,0.0077938407
693.6655,0.0077888699
693.6655,0.0077863527
693.6655,0.0077642205
693.6655,0.0077560377
693.6655,0.0077503619
693.6655,0.007747493
693.6655,0.0077398217
693.6655,0.0077364467
693.6655,0.0077317971
693.6655,0.0077212168
693.6655,0.0077028095
693.6655,0.0076968992
693.6655,0.0076932309
693.6655,0.0076866818
693.6655,0.0076576192
693.6655,0.0076549643
693.6655,0.0076548959
693.6655,0.0076145908
693.6655,0.007611252
693.6655,0.0076110644
693.6655,0.0076070731
693.6655,0.0075818599
693.6655,0.0075613465
693.6655,0.0075520554
693.6655,0.0075449083
693.6655,0.0075351493
693.6655,0.0075150509
693.6655,0.007514748
693.6655,0.007502731
693.6655,0.0074778092
693.6655,0.0074637866
693.6655,0.0074594006
693.6655,0.0074569744
693.6655,0.007454589
693.6655,0.0074494974
693.6655,0.0074463525
693.6655,0.0074237964
693.6655,0.0074228777
693.6655,0.0074153226
693.6655,0.0073925249
693.6655,0.007391265
693.6655,0.0073786646
693.6655,0.0073775528
693.6655,0.0073659145
693.6655,0.0073411646
693.6655,0.0073404115
693.6655,0.0073253568
693.6655,0.0073166863
693.6655,0.0072950535
693.6655,0.0072939262
693.6655,0.0072931608
693.6655,0.0072846723
693.6655,0.0072812513
693.6655,0.0072787198
693.6655,0.0072617712
693.6655,0.0072560115
693.6655,0.0072557742
693.6655,0.007251013
693.6655,0.0072477072
693.6655,0.0072248664
693.6655,0.0072200984
693.6655,0.0072168886
693.6655,0.0071757734
693.6655,0.0071723811
693.6655,0.0070776531
693.6655,0.0070756953
693.6655,0.0070687919
693.6655,0.0070675913
693.6655,0.0070553168
693.6655,0.0070456768
693.6655,0.0070152572
693.6655,0.006993154
693.6655,0.0069927294
693.6655,0.0069826299
693.6655,0.0069650096
693.6655,0.0069603336
693.6655,0.0069288106
693.6655,0.0069275284
693.6655,0.0069123073
693.6655,0.0068989149
693.6655,0.0068979827
693.6655,0.0068827603
693.6655,0.0068658787
693.6655,0.0068622685
693.6655,0.0068525309
693.6655,0.0068448461
693.6655,0.0068104148
693.6655,0.0067976363
693.6655,0.006788518
693.6655,0.0067873734
693.6655,0.0067742089
693.6655,0.0067562321
693.6655,0.0067452601
693.6655,0.0067391504
693.6655,0.0067313483
693.6655,0.0067060328
693.6655,0.006700236
693.6655,0.0066801621
693.6655,0.0066794864
693.6655,0.0066689987
693.6655,0.0066654876
693.6655,0.0066614465
693.6655,0.0066613438
693.6655,0.0066467127
693.6655,0.0065998297
693.6655,0.0065792001
693.6655,0.0065456516
693.6655,0.0065306159
693.6655,0.0065124436
693.6655,0.0065036141
693.6655,0.0065024149
693.6655,0.0064865264
693.6655,0.006436359
693.6655,0.0064104506
693.6655,0.0064082421
693.6655,0.0063576268
693.6655,0.0063474053
693.6655,0.0062831102
693.6655,0.0062619417
693.6655,0.0062557538
693.6655,0.0062422489
693.6655,0.006221956
693.6655,0.0062066929
693.6655,0.006196503
693.6655,0.0061921424
693.6655,0.0061841355
693.6655,0.0061792626
693.6655,0.0061686512
693.6655,0.006157641
693.6655,0.006152384
693.6655,0.0061477493
693.6655,0.0061131514
693.6655,0.0061111054
693.6655,0.0060554887
693.6655,0.006053506
693.6655,0.0060400088
693.6655,0.0060254839
693.6655,0.0060217438
693.6655,0.0060122543
693.6655,0.006005974
693.6655,0.0059664116
693.6655,0.0059457445
693.6655,0.0059249778
693.6655,0.0059099119
693.6655,0.0058669936
693.6655,0.0058431028
693.6655,0.0058336274
693.6655,0.0058075622
693.6655,0.0058062589
693.6655,0.0057979143
693.6655,0.0057909074
693.6655,0.005778027
693.6655,0.0057441535
693.6655,0.0057254387
693.6655,0.0057249421
693.6655,0.0056929505
693.6655,0.0056766097
693.6655,0.0056561783
693.6655,0.0055990474
693.6655,0.0055985399
693.6655,0.005564629
693.6655,0.0055602935
693.6655,0.0055468716
693.6655,0.0055222882
693.6655,0.0054714237
693.6655,0.0054649464
693.6655,0.0054450189
693.6655,0.0054323991
693.6655,0.0054301253
693.6655,0.0054087513
693.6655,0.0053954259
693.6655,0.005395045
693.6655,0.0053801068
693.6655,0.0053689292
693.6655,0.0053664543
693.6655,0.0053513139
693.6655,0.0053346996
693.6655,0.0052785872
693.6655,0.0052664436
693.6655,0.0052399559
693.6655,0.0052320755
693.6655,0.0052195969
693.6655,0.0051860705
693.6655,0.0051493802
693.6655,0.0051390401
693.6655,0.0051386342
693.6655,0.0051339573
693.6655,0.0051327597
693.6655,0.0051238066
693.6655,0.005094116
693.6655,0.0050940849
693.6655,0.0050448662
693.6655,0.0050359752
693.6655,0.0050157194
693.6655,0.0050126703
693.6655,0.0050043713
693.6655,0.004987204
693.6655,0.0049818095
693.6655,0.0049617903
693.6655,0.004950935
693.6655,0.0048630405
693.6655,0.0048207152
693.6655,0.0047979422
693.6655,0.0047953993
693.6655,0.0047365025
693.6655,0.0046975592
693.6655,0.0046488675
693.6655,0.0045818142
693.6655,0.0045725404
693.6655,0.0045409016
693.6655,0.0045168652
693.6655,0.0044750383
693.6655,0.00443672
693.6655,0.0044252027
693.6655,0.0044246173
693.6655,0.0043557861
693.6655,0.0043209818
693.6655,0.0043099939
693.6655,0.0042957105
693.6655,0.004159416
693.6655,0.0041230394
693.6655,0.0041143001
693.6655,0.0040565273
693.6655,0.0039262804
693.6655,0.0038986825
693.6655,0.0038811712
693.6655,0.0038384048
693.6655,0.0038234618
693.6655,0.0036767364
693.6655,0.0035480907
693.6655,0.0031874169
693.6655,0.0028800791
693.6655,0.0028483789
693.6655,0.0027773367
693.6655,0.0025406186
693.6655,0.0025109155
693.6655,0.0024205189
693.6655,0.0023539676
693.6655,0.0022986421
693.6655,0.0022911939
693.6655,0.0022567676
693.6655,0.0022302712
693.6655,0.0021512078
693.6655,0.0021089475
693.6655,0.0020364834
693.6655,0.0019234011
693.6655,0.0018447021
693.6655,0.0017400109
693.6655,0.0016630724
693.6655,0.0016019685
693.6655,0.0014960566
693.6655,0.0014607074
693.6655,0.0014038777
693.6655,0.0012801604
693.6655,0.0011493813
693.6655,0.0010852286
693.6655,0.00084931228
693.6655,0.00081983148
693.6655,0.00068338129
693.6655,0.00023146754
693.6655,9.1868239e-05
693.6655,-2.4841e-05
693.6655,-0.00053752267
693.6655,-0.00079610951
693.6655,-0.00099448183
693.6655,-0.0023989527
693.6655,-0.0024131617
693.6655,-0.0031192429
693.6655,-0.0031708904
693.6655,-0.0032572247
693.6655,-0.0032824614
693.6655,-0.0038558397
693.6655,-0.0039190243
693.6655,-0.0041670739
693.6655,-0.0042175722
693.6655,-0.0042544392
693.6655,-0.004291134
693.6655,-0.004387044
693.6655,-0.0045319361
693.6655,-0.004539013
693.6655,-0.0048223127
693.6655,-0.0057617114
693.6655,-0.0062353311
693.6655,-0.0066284936
693.6655,-0.0067107064
693.6655,-0.0068286315
693.6655,-0.0068334554
693.6655,-0.0068699606
693.6655,-0.0069096827
693.6655,-0.0072449311
693.6655,-0.0072677708
693.6655,-0.0075498588
693.6655,-0.0075561602
693.6655,-0.008322301
693.6655,-0.008432982
693.6655,-0.0087534173
693.6655,-0.0088709763
693.6655,-0.0089193661
693.6655,-0.0089487149
693.6655,-0.009145468
693.6655,-0.0094451565
693.6655,-0.0095225028
693.6655,-0.009746004
696.8502,0.0099830153
696.8502,0.0099743447
696.8502,0.0099334573
696.8502,0.0099211207
696.8502,0.009916933
696.8502,0.0099090326
696.8502,0.0099076266
696.8502,0.0099062282
696.8502,0.0098857811
696.8502,0.0098674957
696.8502,0.0098581735
696.8502,0.0098565089
696.8502,0.0098510844
696.8502,0.0098319899
696.8502,0.0098146138
696.8502,0.0098057621
696.8502,0.0097995531
696.8502,0.0097980064
696.8502,0.0097732434
696.8502,0.0097534753
696.8502,0.0097494102
696.8502,0.0097295346
696.8502,0.0097264131
696.8502,0.0097159459
696.8502,0.0097136615
696.8502,0.0097057989
696.8502,0.0097007583
696.8502,0.0096711712
696.8502,0.0096710584
696.8502,0.0096707394
696.8502,0.0096640136
696.8502,0.0096619854
696.8502,0.0096567747
696.8502,0.0096289987
696.8502,0.0096232558
696.8502,0.0096190519
696.8502,0.0096039273
696.8502,0.0095965784
696.8502,0.0095813745
696.8502,0.0095684926
696.8502,0.0095620968
696.8502,0.0095454828
696.8502,0.0095445661
696.8502,0.0095100012
696.8502,0.0095012251
696.8502,0.0094997241
696.8502,0.0094830104
696.8502,0.0094774682
696.8502,0.0094689673
696.8502,0.0094589136
696.8502,0.0094437522
696.8502,0.0094361847
696.8502,0.0094355248
696.8502,0.0094243736
696.8502,0.0094186849
696.8502,0.0094029974
696.8502,0.0093790746
696.8502,0.0093541386
696.8502,0.0093451668
696.8502,0.0093386996
696.8502,0.0093382646
696.8502,0.0093299669
696.8502,0.0093125502
696.8502,0.0093112405
696.8502,0.0093078518
696.8502,0.0093057017
696.8502,0.0092935889
696.8502,0.0092843129
696.8502,0.0092731789
696.8502,0.0092641624
696.8502,0.0092571549
696.8502,0.0092518105
696.8502,0.0092479578
696.8502,0.0092367352
696.8502,0.0092229251
696.8502,0.0092228462
696.8502,0.0092143749
696.8502,0.0091798979
696.8502,0.009165169
696.8502,0.0091593939
696.8502,0.0091578474
696.8502,0.0091544696
696.8502,0.0091476545
696.8502,0.0091288077
696.8502,0.009122534
696.8502,0.0091154624
696.8502,0.009108125
696.8502,0.009094309
696.8502,0.0090912768
696.8502,0.0090823899
696.8502,0.0090804118
696.8502,0.0090767857
696.8502,0.0090747399
696.8502,0.0090623001
696.8502,0.0090484448
696.8502,0.0090385165
696.8502,0.0090381418
696.8502,0.0090287564
696.8502,0.0090246636
696.8502,0.009020924
696.8502,0.0089932099
696.8502,0.0089840411
696.8502,0.0089832204
696.8502,0.0089831305
696.8502,0.0089820988
696.8502,0.0089693426
696.8502,0.0089671047
696.8502,0.0089587763
696.8502,0.0089573975
696.8502,0.0089573431
696.8502,0.008948401
696.8502,0.0089462572
696.8502,0.0089453193
696.8502,0.0089442742
696.8502,0.0089384949
696.8502,0.0089357744
696.8502,0.0089245354
696.8502,0.0089239717
696.8502,0.0089120634
696.8502,0.008909314
696.8502,0.0089092535
696.8502,0.0089081849
696.8502,0.0089075893
696.8502,0.0088846476
696.8502,0.0088731602
696.8502,0.0088689746
696.8502,0.0088580743
696.8502,0.0088561456
696.8502,0.0088547134
696.8502,0.0088489607
696.8502,0.0088460472
696.8502,0.0088318343
696.8502,0.00882533
696.8502,0.0088033762
696.8502,0.0088028677
696.8502,0.0088016642
696.8502,0.0087844371
696.8502,0.0087770335
696.8502,0.0087728442
696.8502,0.0087589512
696.8502,0.0087465029
696.8502,0.0087386811
696.8502,0.0087317484
696.8502,0.0087287574
696.8502,0.0087234445
696.8502,0.0087140071
696.8502,0.0087096114
696.8502,0.0087091741
696.8502,0.0086929149
696.8502,0.0086738496
696.8502,0.00866758
696.8502,0.008646124
696.8502,0.008639748
696.8502,0.0086359511
696.8502,0.0086265611
696.8502,0.0085991676
696.8502,0.0085903721
696.8502,0.0085772602
696.8502,0.0085731442
696.8502,0.0085718569
696.8502,0.0085357762
696.8502,0.0085249259
696.8502,0.0084970857
696.8502,0.008494659
696.8502,0.0084744011
696.8502,0.0084680357
696.8502,0.0084657906
696.8502,0.0084646166
696.8502,0.0084611454
696.8502,0.0084576946
696.8502,0.0084571906
696.8502,0.0084377137
696.8502,0.0084308648
696.8502,0.0083943361
696.8502,0.0083741969
696.8502,0.0083654456
696.8502,0.0083649459
696.8502,0.0083645409
696.8502,0.0083588455
696.8502,0.0083495655
696.8502,0.0083399963
696.8502,0.0083343639
696.8502,0.0083286168
696.8502,0.0083258867
696.8502,0.0083204876
696.8502,0.0083191091
696.8502,0.0083176714
696.8502,0.0083171458
696.8502,0.0083106104
696.8502,0.0083094599
696.8502,0.0083080558
696.8502,0.0082976189
696.8502,0.0082829294
696.8502,0.0082820714
696.8502,0.0082749422
696.8502,0.0082676671
696.8502,0.0082591968
696.8502,0.0082278653
696.8502,0.0082275305
696.8502,0.0082213539
696.8502,0.0082116054
696.8502,0.0081663128
696.8502,0.0081619089
696.8502,0.0081555546
696.8502,0.008154093
696.8502,0.0081530976
696.8502,0.008145409
696.8502,0.0081392979
696.8502,0.008138374
696.8502,0.0081278906
696.8502,0.0081244663
696.8502,0.0081241105
696.8502,0.0081237213
696.8502,0.0081191557
696.8502,0.0081045256
696.8502,0.0080781094
696.8502,0.0080691992
696.8502,0.0080630513
696.8502,0.0080440829
696.8502,0.0080257752
696.8502,0.008023319
696.8502,0.0080193366
696.8502,0.0080064457
696.8502,0.0080019024
696.8502,0.0079964508
696.8502,0.0079959879
696.8502,0.0079877352
696.8502,0.0079849282
696.8502,0.0079846413
696.8502,0.0079347081
696.8502,0.0079148126
696.8502,0.0079126587
696.8502,0.0079123615
696.8502,0.0079091472
696.8502,0.0079004644
696.8502,0.0078986176
696.8502,0.0078847263
696.8502,0.0078670867
696.8502,0.0078153074
696.8502,0.0078060772
696.8502,0.0078036099
696.8502,0.0077968657
696.8502,0.0077770663
696.8502,0.0077726299
696.8502,0.0077608739
696.8502,0.0077605475
696.8502,0.0077368213
696.8502,0.0077325842
696.8502,0.0077024745
696.8502,0.0076955695
696.8502,0.0076909348
696.8502,0.0076801041
696.8502,0.007657884
696.8502,0.0076565531
696.8502,0.0075766536
696.8502,0.0075745292
696.8502,0.007568533
696.8502,0.0075290601
696.8502,0.0074767577
696.8502,0.0074736577
696.8502,0.0074509067
696.8502,0.0074026098
696.8502,0.0073822888
696.8502,0.0073793231
696.8502,0.0073329198
696.8502,0.0073120956
696.8502,0.0073006194
696.8502,0.007295535
696.8502,0.007283169
696.8502,0.0072564327
696.8502,0.0072544094
696.8502,0.0072163732
696.8502,0.0072025307
696.8502,0.0071810211
696.8502,0.0071775803
696.8502,0.0071676942
696.8502,0.0071394069
696.8502,0.0071324876
696.8502,0.0071216032
696.8502,0.007088454
696.8502,0.0070874463
696.8502,0.0070736005
696.8502,0.0070589046
696.8502,0.0070551609
696.8502,0.007030178
696.8502,0.0070297168
696.8502,0.0070284176
696.8502,0.0070174936
696.8502,0.0070151685
696.8502,0.0070142689
696.8502,0.0070095602
696.8502,0.0069602737
696.8502,0.0069281513
696.8502,0.0069004123
696.8502,0.0068729522
696.8502,0.0068585054
696.8502,0.0068556045
696.8502,0.0067909935
696.8502,0.0067678358
696.8502,0.0067424044
696.8502,0.0067232833
696.8502,0.0067017345
696.8502,0.0066657861
696.8502,0.0066241287
696.8502,0.006604343
696.8502,0.0065991837
696.8502,0.0065338701
696.8502,0.0065173663
696.8502,0.0065099831
696.8502,0.0064763713
696.8502,0.0064446036
696.8502,0.0064189736
696.8502,0.0064185162
696.8502,0.0064124659
696.8502,0.0064037278
696.8502,0.0063766624
696.8502,0.0063743258
696.8502,0.0063658682
696.8502,0.0063217124
696.8502,0.0062905425
696.8502,0.0062710295
696.8502,0.0062576734
696.8502,0.0062390472
696.8502,0.0062123685
696.8502,0.0062063888
696.8502,0.006201098
696.8502,0.0061887285
696.8502,0.0061871412
696.8502,0.0061645533
696.8502,0.0061474354
696.8502,0.0061439225
696.8502,0.0061369505
696.8502,0.0061295166
696.8502,0.0061108135
696.8502,0.0060988969
696.8502,0.0060795804
696.8502,0.006070941
696.8502,0.0060436118
696.8502,0.0060071501
696.8502,0.0059599217
696.8502,0.0058460882
696.8502,0.0058360862
696.8502,0.0058258693
696.8502,0.0058255801
696.8502,0.0058214222
696.8502,0.0057755795
696.8502,0.0057361536
696.8502,0.0057341188
696.8502,0.0057119257
696.8502,0.005667614
696.8502,0.005554326
696.8502,0.0055531963
696.8502,0.0055394814
696.8502,0.0055346369
696.8502,0.0055119612
696.8502,0.0055051938
696.8502,0.0054992962
696.8502,0.0054749123
696.8502,0.0054553792
696.8502,0.0054545379
696.8502,0.0054497746
696.8502,0.0054247583
696.8502,0.0054062598
696.8502,0.0053810633
696.8502,0.005345538
696.8502,0.0052770406
696.8502,0.0052725887
696.8502,0.0052645975
696.8502,0.0052242398
696.8502,0.0052160024
696.8502,0.0051990234
696.8502,0.0051778287
696.8502,0.0051733187
696.8502,0.0051647085
696.8502,0.0051104339
696.8502,0.0050453852
696.8502,0.0050066367
696.8502,0.0049402548
696.8502,0.0049261013
696.8502,0.0049215699
696.8502,0.0049081484
696.8502,0.0048870191
696.8502,0.0048842925
696.8502,0.004817926
696.8502,0.004723883
696.8502,0.0047167678
696.8502,0.004694218
696.8502,0.0046936383
696.8502,0.004656507
696.8502,0.0045628486
696.8502,0.004549979
696.8502,0.0045448253
696.8502,0.0044269165
696.8502,0.0044208777
696.8502,0.0044171096
696.8502,0.0043935484
696.8502,0.0043484707
696.8502,0.0043291385
696.8502,0.0042866308
696.8502,0.0041901376
696.8502,0.0041602376
696.8502,0.0041363362
696.8502,0.0040177064
696.8502,0.0039840537
696.8502,0.0037511977
696.8502,0.003726147
696.8502,0.0036246475
696.8502,0.0034886785
696.8502,0.0034845588
696.8502,0.0034567923
696.8502,0.0034118936
696.8502,0.0033481151
696.8502,0.0033226383
696.8502,0.0032806471
696.8502,0.0031740432
696.8502,0.003163509
696.8502,0.0031103493
696.8502,0.0030616547
696.8502,0.0030592295
696.8502,0.0030491182
696.8502,0.0030277115
696.8502,0.0029020818
696.8502,0.0028571637
696.8502,0.0028547642
696.8502,0.0028317917
696.8502,0.0028198581
696.8502,0.0028197953
696.8502,0.0027626151
696.8502,0.0026922888
696.8502,0.0026737796
696.8502,0.002624965
696.8502,0.0026163497
696.8502,0.0025927254
696.8502,0.0024835169
696.8502,0.0023900412
696.8502,0.0023148826
696.8502,0.0022804165
696.8502,0.0022699998
696.8502,0.0022403858
696.8502,0.0022293484
696.8502,0.0022273678
696.8502,0.0022150382
696.8502,0.0021634235
696.8502,0.0021352885
696.8502,0.0021292822
696.8502,0.0021020989
696.8502,0.002048331
696.8502,0.0019744851
696.8502,0.0019259862
696.8502,0.0018137727
696.8502,0.0017488084
696.8502,0.001696643
696.8502,0.001626193
696.8502,0.0014454795
696.8502,0.0013885281
696.8502,0.0013480296
696.8502,0.0012851421
696.8502,0.0012770942
696.8502,0.001191382
696.8502,0.0011841911
696.8502,0.0010125583
696.8502,0.00098635647
696.8502,0.00096482543
696.8502,0.00094368272
696.8502,0.00077101412
696.8502,0.00071695556
696.8502,0.00071256321
696.8502,0.00068020169
696.8502,0.00067407631
696.8502,0.00059140856
696.8502,0.00052067131
696.8502,0.00045775195
696.8502,0.00041587684
696.8502,0.00024631897
696.8502,0.00015600228
696.8502,0.00012131214
696.8502,9.7768374e-05
696.8502,9.2963815e-05
696.8502,4.4540406e-05
696.8502,2.2443082e-05
696.8502,-3.4135572e-05
696.8502,-7.0686739e-05
696.8502,-7.6259712e-05
696.8502,-0.00013305453
696.8502,-0.00017637578
696.8502,-0.00020955037
696.8502,-0.00022850991
696.8502,-0.00023569524
696.8502,-0.00024192092
696.8502,-0.00026624788
696.8502,-0.00028774782
696.8502,-0.00029251236
696.8502,-0.0003070058
696.8502,-0.00037431369
696.8502,-0.00037543794
696.8502,-0.00038939437
696.8502,-0.00040086071
696.8502,-0.000415109
696.8502,-0.0004915639
696.8502,-0.00050855899
696.8502,-0.00051224182
696.8502,-0.00054164213
696.8502,-0.00055224686
696.8502,-0.00057449841
696.8502,-0.0006501753
696.8502,-0.00069805492
696.8502,-0.00072238395
696.8502,-0.00083672766
696.8502,-0.0009073207
696.8502,-0.00090781713
696.8502,-0.00094126996
696.8502,-0.00097451825
696.8502,-0.00098485188
696.8502,-0.0010016076
696.8502,-0.0010091183
696.8502,-0.0010162911
696.8502,-0.0010291148
696.8502,-0.0011139021
696.8502,-0.0011205746
696.8502,-0.0011657654
696.8502,-0.0011679965
696.8502,-0.0012077973
696.8502,-0.0012120895
696.8502,-0.0012320954
696.8502,-0.0012590356
696.8502,-0.0012657688
696.8502,-0.0012767037
696.8502,-0.0012820716
696.8502,-0.0013061881
696.8502,-0.0013259552
696.8502,-0.0013654697
696.8502,-0.0013925151
696.8502,-0.0013996498
696.8502,-0.0014117572
696.8502,-0.0014170676
696.8502,-0.0014410895
696.8502,-0.0014465199
696.8502,-0.0015313683
696.8502,-0.0015470865
696.8502,-0.0015935822
696.8502,-0.0016043202
696.8502,-0.0016217645
696.8502,-0.0016225814
696.8502,-0.0016465257
696.8502,-0.0016932286
696.8502,-0.0017493029
696.8502,-0.0017507385
696.8502,-0.0018043443
696.8502,-0.0018047944
696.8502,-0.0018347198
696.8502,-0.0018584259
696.8502,-0.0018612004
696.8502,-0.0018680848
696.8502,-0.0018917136
696.8502,-0.0019826926
696.8502,-0.0020786817
696.8502,-0.0021019625
696.8502,-0.0025013758
696.8502,-0.0025454943
696.8502,-0.0025622905
696.8502,-0.0026662353
696.8502,-0.0026711458
696.8502,-0.0027240453
696.8502,-0.0027306178
696.8502,-0.0027703192
696.8502,-0.0027936178
696.8502,-0.0031069785
696.8502,-0.0031631507
696.8502,-0.0031793184
696.8502,-0.0036393646
696.8502,-0.0038809285
696.8502,-0.0040652195
696.8502,-0.0043198764
696.8502,-0.0044101214
696.8502,-0.0046802489
696.8502,-0.0047946083
696.8502,-0.0051527403
696.8502,-0.0056250016
696.8502,-0.0062792627
696.8502,-0.0065151737
696.8502,-0.0066615105
696.8502,-0.0075455192
696.8502,-0.0081863119
696.8502,-0.0089701604
696.8502,-0.0090647279
696.8502,-0.0092641418
696.8502,-0.0098197656
720.1493,0.0099989144
720.1493,0.0099932828
720.1493,0.0099930263
720.1493,0.0099851106
720.1493,0.0099844057
720.1493,0.009978504
720.1493,0.0099773338
720.1493,0.0099755061
720.1493,0.0099723036
720.1493,0.009971903
720.1493,0.0099716911
720.1493,0.0099663549
720.1493,0.0099599651
720.1493,0.0099563742
720.1493,0.009956265
720.1493,0.0099465263
720.1493,0.0099429671
720.1493,0.0099426687
720.1493,0.0099397304
720.1493,0.0099369369
720.1493,0.009934957
720.1493,0.0099263616
720.1493,0.0099220863
720.1493,0.0099206323
720.1493,0.0099195052
720.1493,0.0099189705
720.1493,0.009910378
720.1493,0.0099087797
720.1493,0.0099083132
720.1493,0.0099023475
720.1493,0.0099009288
720.1493,0.0098993756
720.1493,0.0098885163
720.1493,0.0098858573
720.1493,0.009883665
720.1493,0.0098777796
720.1493,0.0098772963
720.1493,0.0098763297
720.1493,0.0098698584
720.1493,0.009868011
720.1493,0.0098677553
720.1493,0.0098653171
720.1493,0.0098580497
720.1493,0.0098529273
720.1493,0.0098479474
720.1493,0.0098454919
720.1493,0.0098424779
720.1493,0.0098368557
720.1493,0.0098322269
720.1493,0.0098303429
720.1493,0.0098247491
720.1493,0.0098241664
720.1493,0.0098222133
720.1493,0.0098220558
720.1493,0.0098163225
720.1493,0.0098141137
720.1493,0.0098113723
720.1493,0.0098074958
720.1493,0.0098073424
720.1493,0.0098070155
720.1493,0.0098037704
720.1493,0.0098018046
720.1493,0.0097975126
720.1493,0.0097948189
720.1493,0.0097878134
720.1493,0.0097843547
720.1493,0.0097815506
720.1493,0.0097766032
720.1493,0.0097755349
720.1493,0.0097669074
720.1493,0.0097665774
720.1493,0.0097536423
720.1493,0.009753386
720.1493,0.009741841
720.1493,0.0097328859
720.1493,0.0097280908
720.1493,0.0097267027
720.1493,0.0097255169
720.1493,0.0097234997
720.1493,0.0097164652
720.1493,0.0097157406
720.1493,0.0097078775
720.1493,0.0096992622
720.1493,0.0096988448
720.1493,0.0096950767
720.1493,0.0096944313
720.1493,0.009690764
720.1493,0.0096896195
720.1493,0.0096734329
720.1493,0.0096717324
720.1493,0.0096708437
720.1493,0.0096683059
720.1493,0.0096630629
720.1493,0.0096620636
720.1493,0.0096611464
720.1493,0.009653356
720.1493,0.0096468039
720.1493,0.0096450392
720.1493,0.0096428802
720.1493,0.009638656
720.1493,0.0096375689
720.1493,0.0096351613
720.1493,0.0096342277
720.1493,0.0096337687
720.1493,0.0096292088
720.1493,0.009626788
720.1493,0.0096252615
720.1493,0.0096248121
720.1493,0.0096236474
720.1493,0.0096100078
720.1493,0.0096088541
720.1493,0.0095964715
720.1493,0.0095945633
720.1493,0.0095892329
720.1493,0.009589153
720.1493,0.0095872589
720.1493,0.0095841493
720.1493,0.0095827565
720.1493,0.0095737534
720.1493,0.0095556743
720.1493,0.0095538972
720.1493,0.0095457633
720.1493,0.0095412368
720.1493,0.0095398052
720.1493,0.009539581
720.1493,0.0095279008
720.1493,0.0095261366
720.1493,0.0095241728
720.1493,0.0095123735
720.1493,0.0095123436
720.1493,0.009511524
720.1493,0.0095108026
720.1493,0.0094997315
720.1493,0.0094994066
720.1493,0.0094965887
720.1493,0.0094881702
720.1493,0.0094878064
720.1493,0.0094857641
720.1493,0.0094757755
720.1493,0.0094751067
720.1493,0.0094748793
720.1493,0.0094733259
720.1493,0.0094719736
720.1493,0.0094711589
720.1493,0.009470081
720.1493,0.0094700314
720.1493,0.0094672211
720.1493,0.0094652124
720.1493,0.0094641181
720.1493,0.0094606374
720.1493,0.0094573057
720.1493,0.0094559294
720.1493,0.0094516721
720.1493,0.0094452059
720.1493,0.0094433915
720.1493,0.0094303191
720.1493,0.0094283338
720.1493,0.0094261427
720.1493,0.0094110621
720.1493,0.0094098952
720.1493,0.0094074615
720.1493,0.0094049543
720.1493,0.0094046184
720.1493,0.0094024558
720.1493,0.009394102
720.1493,0.009392567
720.1493,0.0093834849
720.1493,0.0093808102
720.1493,0.0093744738
720.1493,0.0093742784
720.1493,0.009371664
720.1493,0.0093704464
720.1493,0.0093690095
720.1493,0.0093683638
720.1493,0.009367031
720.1493,0.0093603581
720.1493,0.0093574027
720.1493,0.0093563115
720.1493,0.0093534167
720.1493,0.0093526456
720.1493,0.0093456023
720.1493,0.0093361436
720.1493,0.009334004
720.1493,0.0093258867
720.1493,0.0093245309
720.1493,0.0093219299
720.1493,0.0093218772
720.1493,0.0093214552
720.1493,0.0093205176
720.1493,0.0093148091
720.1493,0.0093113058
720.1493,0.0093070281
720.1493,0.0092971681
720.1493,0.0092940565
720.1493,0.0092932683
720.1493,0.0092885023
720.1493,0.0092879465
720.1493,0.0092787573
720.1493,0.0092743657
720.1493,0.0092680739
720.1493,0.009265965
720.1493,0.0092649722
720.1493,0.0092631766
720.1493,0.0092620465
720.1493,0.0092590104
720.1493,0.0092584007
720.1493,0.0092566428
720.1493,0.0092548526
720.1493,0.0092543835
720.1493,0.0092543729
720.1493,0.0092501057
720.1493,0.0092459994
720.1493,0.0092446018
720.1493,0.0092441189
720.1493,0.0092398148
720.1493,0.0092293021
720.1493,0.00922457
720.1493,0.0092223956
720.1493,0.0092181145
720.1493,0.0092119753
720.1493,0.0092118985
720.1493,0.0092085185
720.1493,0.0092044934
720.1493,0.0092036726
720.1493,0.0091986364
720.1493,0.009196786
720.1493,0.0091960987
720.1493,0.0091921024
720.1493,0.0091912717
720.1493,0.0091907748
720.1493,0.0091893412
720.1493,0.0091860726
720.1493,0.0091850969
720.1493,0.0091841806
720.1493,0.0091836257
720.1493,0.0091771105
720.1493,0.0091766326
720.1493,0.0091715028
720.1493,0.0091709839
720.1493,0.0091672932
720.1493,0.0091658259
720.1493,0.0091654011
720.1493,0.0091626898
720.1493,0.0091626329
720.1493,0.0091575194
720.1493,0.0091575005
720.1493,0.0091573782
720.1493,0.0091542455
720.1493,0.0091531663
720.1493,0.0091508297
720.1493,0.0091473748
720.1493,0.0091473712
720.1493,0.0091304318
720.1493,0.009127453
720.1493,0.0091215753
720.1493,0.0091112999
720.1493,0.0091091465
720.1493,0.0091025023
720.1493,0.009100868
720.1493,0.0090977082
720.1493,0.0090972063
720.1493,0.0090956698
720.1493,0.009093049
720.1493,0.0090880975
720.1493,0.0090845279
720.1493,0.0090719928
720.1493,0.0090685692
720.1493,0.0090587286
720.1493,0.0090552977
720.1493,0.0090418203
720.1493,0.009040523
720.1493,0.0090371582
720.1493,0.0090301278
720.1493,0.0090288755
720.1493,0.0090229913
720.1493,0.009015226
720.1493,0.0090140329
720.1493,0.0090122743
720.1493,0.0090037789
720.1493,0.0089911908
720.1493,0.0089844097
720.1493,0.0089830352
720.1493,0.0089725397
720.1493,0.0089713937
720.1493,0.0089697354
720.1493,0.0089648369
720.1493,0.0089647584
720.1493,0.0089630645
720.1493,0.0089613772
720.1493,0.0089584699
720.1493,0.0089565683
720.1493,0.0089546743
720.1493,0.0089520526
720.1493,0.0089506803
720.1493,0.0089495654
720.1493,0.0089429807
720.1493,0.0089424498
720.1493,0.0089328787
720.1493,0.008931365
720.1493,0.0089269061
720.1493,0.0089263872
720.1493,0.0089229649
720.1493,0.008918523
720.1493,0.0089165603
720.1493,0.0089141216
720.1493,0.0089137169
720.1493,0.0089135541
720.1493,0.0089114562
720.1493,0.0089109172
720.1493,0.0089086897
720.1493,0.0089081695
720.1493,0.0089048419
720.1493,0.0088988739
720.1493,0.008893013
720.1493,0.0088903983
720.1493,0.0088868958
720.1493,0.0088779062
720.1493,0.0088732099
720.1493,0.0088628476
720.1493,0.0088626338
720.1493,0.0088618036
720.1493,0.0088610146
720.1493,0.0088579324
720.1493,0.0088564655
720.1493,0.0088549772
720.1493,0.0088547532
720.1493,0.0088490246
720.1493,0.0088451567
720.1493,0.0088430958
720.1493,0.0088361071
720.1493,0.0088317316
720.1493,0.0088301615
720.1493,0.0088247125
720.1493,0.0088222175
720.1493,0.0088178016
720.1493,0.0088148347
720.1493,0.0088135787
720.1493,0.0088129363
720.1493,0.0088083778
720.1493,0.0088069202
720.1493,0.0088036854
720.1493,0.0088012156
720.1493,0.0088001208
720.1493,0.0087990984
720.1493,0.008781314
720.1493,0.0087811847
720.1493,0.0087783088
720.1493,0.0087724317
720.1493,0.0087716343
720.1493,0.0087706748
720.1493,0.0087602115
720.1493,0.0087602049
720.1493,0.0087600399
720.1493,0.0087589517
720.1493,0.0087578974
720.1493,0.0087564589
720.1493,0.0087538706
720.1493,0.0087523257
720.1493,0.0087502853
720.1493,0.0087482562
720.1493,0.0087481753
720.1493,0.0087480001
720.1493,0.0087479306
720.1493,0.0087478779
720.1493,0.0087434019
720.1493,0.0087432562
720.1493,0.0087423636
720.1493,0.0087357893
720.1493,0.0087354707
720.1493,0.0087339145
720.1493,0.0087333592
720.1493,0.0087319674
720.1493,0.008727883
720.1493,0.0087258887
720.1493,0.0087106674
720.1493,0.0087071853
720.1493,0.008705128
720.1493,0.0086958663
720.1493,0.0086836061
720.1493,0.0086787881
720.1493,0.0086780551
720.1493,0.0086752527
720.1493,0.0086744846
720.1493,0.0086678595
720.1493,0.0086665329
720.1493,0.0086653494
720.1493,0.0086646433
720.1493,0.0086645815
720.1493,0.0086610334
720.1493,0.0086540222
720.1493,0.0086524795
720.1493,0.0086483396
720.1493,0.0086475596
720.1493,0.0086414434
720.1493,0.0086367339
720.1493,0.0086296864
720.1493,0.0086281693
720.1493,0.0086219749
720.1493,0.008617843
720.1493,0.0086161719
720.1493,0.0086127361
720.1493,0.0086099097
720.1493,0.0086046636
720.1493,0.0086038142
720.1493,0.0086029048
720.1493,0.0085966787
720.1493,0.0085966368
720.1493,0.0085847749
720.1493,0.0085679566
720.1493,0.0085652871
720.1493,0.0085579447
720.1493,0.0085555528
720.1493,0.0085517884
720.1493,0.0085483117
720.1493,0.0085462204
720.1493,0.0085440962
720.1493,0.0085418027
720.1493,0.0085382133
720.1493,0.0085377996
720.1493,0.0085372502
720.1493,0.0085325666
720.1493,0.0085267667
720.1493,0.0085240571
720.1493,0.0085236705
720.1493,0.0085232988
720.1493,0.0085152788
720.1493,0.0085041912
720.1493,0.0085023813
720.1493,0.0084935693
720.1493,0.0084741546
720.1493,0.0084722932
720.1493,0.0084720025
720.1493,0.0084663606
720.1493,0.008465546
720.1493,0.0084610616
720.1493,0.0084607191
720.1493,0.0084601147
720.1493,0.0084566832
720.1493,0.0084550865
720.1493,0.0084466813
720.1493,0.008443648
720.1493,0.0084414694
720.1493,0.0084334472
720.1493,0.0084333544
720.1493,0.0084287507
720.1493,0.0084225412
720.1493,0.0084157255
720.1493,0.0084143781
720.1493,0.0084136254
720.1493,0.0084080538
720.1493,0.0084060011
720.1493,0.0084016332
720.1493,0.0083997435
720.1493,0.0083993977
720.1493,0.0083915347
720.1493,0.0083845243
720.1493,0.0083831447
720.1493,0.0083768892
720.1493,0.0083730377
720.1493,0.0083729192
720.1493,0.0083716818
720.1493,0.0083655125
720.1493,0.0083636412
720.1493,0.0083626969
720.1493,0.0083574752
720.1493,0.0083539588
720.1493,0.0083487027
720.1493,0.0083406249
720.1493,0.0083345763
720.1493,0.0083342037
720.1493,0.0083306495
720.1493,0.0083300972
720.1493,0.0083197262
720.1493,0.0083181323
720.1493,0.0083104306
720.1493,0.0083013249
720.1493,0.008296134
720.1493,0.0082924415
720.1493,0.0082893966
720.1493,0.0082890011
720.1493,0.0082868158
720.1493,0.0082857062
720.1493,0.0082801069
720.1493,0.0082778244
720.1493,0.0082773093
720.1493,0.0082728456
720.1493,0.0082687197
720.1493,0.0082613978
720.1493,0.0082529969
720.1493,0.0082518675
720.1493,0.0082513965
720.1493,0.0082509791
720.1493,0.0082445408
720.1493,0.0082423476
720.1493,0.0082373988
720.1493,0.0082365418
720.1493,0.008228222
720.1493,0.0082228902
720.1493,0.0082208152
720.1493,0.0082165547
720.1493,0.0082127352
720.1493,0.0082115636
720.1493,0.0082043056
720.1493,0.0081948226
720.1493,0.0081893196
720.1493,0.008186383
720.1493,0.0081708724
720.1493,0.008170713
720.1493,0.0081706958
720.1493,0.0081689416
720.1493,0.0081676074
720.1493,0.0081666996
720.1493,0.0081654303
720.1493,0.0081538511
720.1493,0.0081530413
720.1493,0.0081510932
720.1493,0.0081495837
720.1493,0.0081454813
720.1493,0.0081412834
720.1493,0.0081368351
720.1493,0.0081312166
720.1493,0.0081252273
720.1493,0.0081220513
720.1493,0.0081213501
720.1493,0.0081158627
720.1493,0.0081094672
720.1493,0.0081088468
720.1493,0.0081061583
720.1493,0.0081043371
720.1493,0.0081021854
720.1493,0.0080923809
720.1493,0.0080867499
720.1493,0.0080825764
720.1493,0.00807141
720.1493,0.0080561087
720.1493,0.008045722
720.1493,0.0080451115
720.1493,0.0080435005
720.1493,0.0080419853
720.1493,0.0080414177
720.1493,0.0080360581
720.1493,0.008033666
720.1493,0.0080318008
720.1493,0.0080278551
720.1493,0.0080263006
720.1493,0.0080260548
720.1493,0.0080250092
720.1493,0.0080236838
720.1493,0.0080188919
720.1493,0.0080136203
720.1493,0.008008601
720.1493,0.0080055201
720.1493,0.0079983307
720.1493,0.0079965729
720.1493,0.0079948075
720.1493,0.0079897084
720.1493,0.0079884059
720.1493,0.007982536
720.1493,0.0079788041
720.1493,0.0079786764
720.1493,0.007978518
720.1493,0.0079742241
720.1493,0.0079730172
720.1493,0.0079717257
720.1493,0.0079677444
720.1493,0.0079612884
720.1493,0.007959079
720.1493,0.0079581066
720.1493,0.0079564483
720.1493,0.0079537947
720.1493,0.0079488273
720.1493,0.0079437794
720.1493,0.0079410505
720.1493,0.0079402416
720.1493,0.0079354962
720.1493,0.0079353402
720.1493,0.0079333134
720.1493,0.007932368
720.1493,0.0079315348
720.1493,0.0079309886
720.1493,0.0079300169
720.1493,0.0079294968
720.1493,0.0079294167
720.1493,0.0079292942
720.1493,0.0079263836
720.1493,0.0079250651
720.1493,0.0079200334
720.1493,0.0079171775
720.1493,0.0079125513
720.1493,0.0079029785
720.1493,0.007900429
720.1493,0.0078982844
720.1493,0.0078961853
720.1493,0.0078841461
720.1493,0.0078837754
720.1493,0.0078722493
720.1493,0.0078701677
720.1493,0.007868633
720.1493,0.0078686267
720.1493,0.0078656196
720.1493,0.0078641216
720.1493,0.0078625904
720.1493,0.0078600688
720.1493,0.0078572094
720.1493,0.0078541404
720.1493,0.0078531651
720.1493,0.0078436695
720.1493,0.0078397147
720.1493,0.0078395114
720.1493,0.0078387169
720.1493,0.0078265907
720.1493,0.0078135505
720.1493,0.0078116589
720.1493,0.0078074438
720.1493,0.0078037016
720.1493,0.0078032251
720.1493,0.0077983502
720.1493,0.0077965945
720.1493,0.0077942291
720.1493,0.0077931349
720.1493,0.0077919358
720.1493,0.0077878796
720.1493,0.0077848496
720.1493,0.0077822665
720.1493,0.0077777125
720.1493,0.0077741324
720.1493,0.0077628301
720.1493,0.007762039
720.1493,0.0077616882
720.1493,0.007749449
720.1493,0.007748987
720.1493,0.0077276518
720.1493,0.0077189809
720.1493,0.0077156867
720.1493,0.0077139289
720.1493,0.0077128051
720.1493,0.0077007637
720.1493,0.0076976996
720.1493,0.0076973612
720.1493,0.0076943631
720.1493,0.0076903766
720.1493,0.0076857778
720.1493,0.007685716
720.1493,0.0076854325
720.1493,0.007673812
720.1493,0.0076719052
720.1493,0.0076532
720.1493,0.0076508405
720.1493,0.0076499337
720.1493,0.0076449728
720.1493,0.0076428667
720.1493,0.0076378434
720.1493,0.0076366559
720.1493,0.0076324886
720.1493,0.0076295481
720.1493,0.0076290217
720.1493,0.0076194026
720.1493,0.0076176717
720.1493,0.0076129021
720.1493,0.0076104049
720.1493,0.0076095591
720.1493,0.007608909
720.1493,0.0076067076
720.1493,0.0076006071
720.1493,0.0076005557
720.1493,0.007597687
720.1493,0.0075958769
720.1493,0.0075912766
720.1493,0.0075781196
720.1493,0.0075763231
720.1493,0.0075634472
720.1493,0.0075550259
720.1493,0.0075515843
720.1493,0.0075435381
720.1493,0.0075392132
720.1493,0.0075389786
720.1493,0.007532729
720.1493,0.0075318415
720.1493,0.0075266434
720.1493,0.0075255835
720.1493,0.0075213673
720.1493,0.007518629
720.1493,0.0075039771
720.1493,0.0074964668
720.1493,0.0074925226
720.1493,0.007490805
720.1493,0.0074896288
720.1493,0.0074844905
720.1493,0.0074839541
720.1493,0.0074808557
720.1493,0.007472223
720.1493,0.0074706312
720.1493,0.0074609933
720.1493,0.0074578577
720.1493,0.0074521342
720.1493,0.0074465223
720.1493,0.0074445426
720.1493,0.0074405107
720.1493,0.0074394868
720.1493,0.0074348405
720.1493,0.0074302131
720.1493,0.0074292215
720.1493,0.0074158695
720.1493,0.0074135168
720.1493,0.0074016582
720.1493,0.0073952906
720.1493,0.0073927042
720.1493,0.0073830988
720.1493,0.0073701598
720.1493,0.0073661586
720.1493,0.0073611535
720.1493,0.0073564393
720.1493,0.0073547553
720.1493,0.0073494937
720.1493,0.0073489313
720.1493,0.0073468614
720.1493,0.0073412974
720.1493,0.0073288402
720.1493,0.0073266302
720.1493,0.0073262868
720.1493,0.007321453
720.1493,0.0073201594
720.1493,0.0073137636
720.1493,0.0073116895
720.1493,0.0073115634
720.1493,0.0072995333
720.1493,0.0072935679
720.1493,0.0072911144
720.1493,0.0072852572
720.1493,0.0072827155
720.1493,0.0072721581
720.1493,0.0072681472
720.1493,0.0072610001
720.1493,0.0072596522
720.1493,0.0072577501
720.1493,0.0072522148
720.1493,0.0072460561
720.1493,0.0072411544
720.1493,0.0072308289
720.1493,0.0072301612
720.1493,0.0072279181
720.1493,0.0072263676
720.1493,0.0072262986
720.1493,0.0072253087
720.1493,0.0072206774
720.1493,0.0072200287
720.1493,0.0072156958
720.1493,0.0072045951
720.1493,0.0071991023
720.1493,0.0071987277
720.1493,0.0071972258
720.1493,0.0071963417
720.1493,0.0071870691
720.1493,0.0071822326
720.1493,0.0071658667
720.1493,0.0071654232
720.1493,0.0071606118
720.1493,0.0071558736
720.1493,0.0071546981
720.1493,0.0071452265
720.1493,0.0071439129
720.1493,0.0071438481
720.1493,0.0071346842
720.1493,0.0071332445
720.1493,0.0071295812
720.1493,0.0071287488
720.1493,0.007128226
720.1493,0.0070936214
720.1493,0.0070866844
720.1493,0.0070728548
720.1493,0.0070701264
720.1493,0.0070682698
720.1493,0.0070663272
720.1493,0.0070652819
720.1493,0.00705635
720.1493,0.0070517073
720.1493,0.0070503579
720.1493,0.0070454211
720.1493,0.0070450919
720.1493,0.0070433208
720.1493,0.0070428044
720.1493,0.0070412418
720.1493,0.0070407944
720.1493,0.0070361191
720.1493,0.0070312548
720.1493,0.007031213
720.1493,0.0070307999
720.1493,0.007006531
720.1493,0.0069992762
720.1493,0.0069954729
720.1493,0.0069904754
720.1493,0.0069814027
720.1493,0.0069683317
720.1493,0.0069677991
720.1493,0.00696773
720.1493,0.0069651922
720.1493,0.006953809
720.1493,0.0069510842
720.1493,0.0069422753
720.1493,0.0069400292
720.1493,0.0069393275
720.1493,0.006937115
720.1493,0.0069343609
720.1493,0.0069306408
720.1493,0.0069206898
720.1493,0.0069151806
720.1493,0.0069142813
720.1493,0.0068962446
720.1493,0.0068954453
720.1493,0.0068744343
720.1493,0.0068608342
720.1493,0.0068536972
720.1493,0.0068476423
720.1493,0.0068431496
720.1493,0.0068384847
720.1493,0.006835038
720.1493,0.0068230018
720.1493,0.0068212002
720.1493,0.0068124206
720.1493,0.0068063179
720.1493,0.006766362
720.1493,0.0067624033
720.1493,0.0067476548
720.1493,0.0067396278
720.1493,0.0067354659
720.1493,0.0067331027
720.1493,0.0067256524
720.1493,0.0067181813
720.1493,0.0067054309
720.1493,0.0067023024
720.1493,0.0067018287
720.1493,0.0067015559
720.1493,0.0067011704
720.1493,0.0066985196
720.1493,0.0066982562
720.1493,0.0066956994
720.1493,0.0066752201
720.1493,0.0066670086
720.1493,0.0066451971
720.1493,0.0066330545
720.1493,0.006629317
720.1493,0.0066279661
720.1493,0.0066199048
720.1493,0.0066158951
720.1493,0.0066114244
720.1493,0.0066004309
720.1493,0.0065958752
720.1493,0.0065894498
720.1493,0.0065842231
720.1493,0.0065770378
720.1493,0.0065721353
720.1493,0.0065707054
720.1493,0.0065679525
720.1493,0.0065305259
720.1493,0.0065283956
720.1493,0.0065197476
720.1493,0.0065088044
720.1493,0.0064998108
720.1493,0.0064821925
720.1493,0.0064751224
720.1493,0.0064669295
720.1493,0.0064340644
720.1493,0.0064188373
720.1493,0.0064128965
720.1493,0.0064006437
720.1493,0.0063717818
720.1493,0.0063593091
720.1493,0.0063558611
720.1493,0.0063551922
720.1493,0.0063550571
720.1493,0.0063453429
720.1493,0.006338509
720.1493,0.0063086488
720.1493,0.0063023321
720.1493,0.0062974241
720.1493,0.0062910551
720.1493,0.0062810384
720.1493,0.0062790215
720.1493,0.0062655731
720.1493,0.0062608421
720.1493,0.0062342009
720.1493,0.0062303174
720.1493,0.0062164482
720.1493,0.0062158972
720.1493,0.006194975
720.1493,0.0061889531
720.1493,0.0061717133
720.1493,0.0061713049
720.1493,0.0061620804
720.1493,0.0061602671
720.1493,0.0061484931
720.1493,0.0061483622
720.1493,0.0061220693
720.1493,0.0061198965
720.1493,0.0060975527
720.1493,0.0060901141
720.1493,0.0060895448
720.1493,0.0060686842
720.1493,0.0060604897
720.1493,0.0060598017
720.1493,0.006052365
720.1493,0.0060511132
720.1493,0.0060467631
720.1493,0.0060449158
720.1493,0.0060429875
720.1493,0.0060412947
720.1493,0.0060121569
720.1493,0.0059938455
720.1493,0.0059850984
720.1493,0.0059836563
720.1493,0.0059732876
720.1493,0.005962251
720.1493,0.0059548057
720.1493,0.005953248
720.1493,0.0059195922
720.1493,0.0059167091
720.1493,0.0058768098
720.1493,0.0058751241
720.1493,0.0058716526
720.1493,0.0058714786
720.1493,0.0058690853
720.1493,0.0058676295
720.1493,0.0058423738
720.1493,0.00583824
720.1493,0.0058378285
720.1493,0.0058236285
720.1493,0.0058178125
720.1493,0.0058046358
720.1493,0.0057851049
720.1493,0.0057845935
720.1493,0.0057562558
720.1493,0.00574269
720.1493,0.0057410412
720.1493,0.00572536
720.1493,0.005716979
720.1493,0.005700829
720.1493,0.0056854405
720.1493,0.0056661965
720.1493,0.0056646255
720.1493,0.0056571181
720.1493,0.0056471537
720.1493,0.0056435788
720.1493,0.0056414785
720.1493,0.0056180437
720.1493,0.0056154927
720.1493,0.0055716007
720.1493,0.0055497421
720.1493,0.0055374364
720.1493,0.0055364325
720.1493,0.0055335472
720.1493,0.0055318515
720.1493,0.0055201018
720.1493,0.0055163322
720.1493,0.0055137199
720.1493,0.0054858222
720.1493,0.0054677957
720.1493,0.0054560771
720.1493,0.0054020415
720.1493,0.0053949643
720.1493,0.0053944675
720.1493,0.0053804252
720.1493,0.0053746014
720.1493,0.0053497236
720.1493,0.0052863643
720.1493,0.0052732505
720.1493,0.0052537762
720.1493,0.0052505969
720.1493,0.0052372744
720.1493,0.0052196195
720.1493,0.0052100507
720.1493,0.005208653
720.1493,0.0052040737
720.1493,0.0052003522
720.1493,0.0051807916
720.1493,0.0051550336
720.1493,0.0051260737
720.1493,0.0050966798
720.1493,0.0050934507
720.1493,0.0050619506
720.1493,0.0050333955
720.1493,0.0049758743
720.1493,0.0049699563
720.1493,0.0049532316
720.1493,0.004948843
720.1493,0.0049258184
720.1493,0.004850238
720.1493,0.0048354116
720.1493,0.004822529
720.1493,0.0048147334
720.1493,0.0048092739
720.1493,0.0047516724
720.1493,0.0047499717
720.1493,0.0047395371
720.1493,0.0046393598
720.1493,0.0045287383
720.1493,0.0042702628
720.1493,0.0041892757
720.1493,0.0041653072
720.1493,0.0041530433
720.1493,0.0039930106
720.1493,0.0039849116
720.1493,0.0039445951
720.1493,0.0039081762
720.1493,0.0038074583
720.1493,0.0037992987
720.1493,0.0037595321
720.1493,0.0037368159
720.1493,0.0034126622
720.1493,0.003362286
720.1493,0.0031220698
720.1493,0.0030190527
720.1493,0.0029999269
720.1493,0.0023491273
720.1493,0.0020756462
720.1493,0.0018337652
720.1493,0.0017311468
720.1493,0.0017296288
720.1493,0.0012373003
720.1493,0.00048810297
720.1493,-0.00076203341
724.148,0.0099957332
724.148,0.0099858787
724.148,0.0099806888
724.148,0.0099763052
724.148,0.0099536367
724.148,0.0099523695
724.148,0.0099427488
724.148,0.0099407575
724.148,0.0099400888
724.148,0.0099388181
724.148,0.0099383079
724.148,0.0099364647
724.148,0.009935094
724.148,0.0099287147
724.148,0.0099102359
724.148,0.0099045545
724.148,0.0098752291
724.148,0.0098734798
724.148,0.0098733424
724.148,0.0098681201
724.148,0.0098679514
724.148,0.009850985
724.148,0.009840165
724.148,0.0098345717
724.148,0.0098262827
724.148,0.009804025
724.148,0.0098013277
724.148,0.0097895203
724.148,0.0097865372
724.148,0.009772266
724.148,0.009763984
724.148,0.0097609668
724.148,0.0097524698
724.148,0.0097511969
724.148,0.0097492453
724.148,0.0097298159
724.148,0.0097240133
724.148,0.0097194653
724.148,0.0097187339
724.148,0.0097170158
724.148,0.0096958053
724.148,0.0096941789
724.148,0.0096779454
724.148,0.0096662585
724.148,0.0096563975
724.148,0.0096488782
724.148,0.0096446088
724.148,0.0096333521
724.148,0.0096190016
724.148,0.0096146453
724.148,0.0096049509
724.148,0.0095856895
724.148,0.0095832788
724.148,0.0095804405
724.148,0.0095752948
724.148,0.0095678409
724.148,0.00954842
724.148,0.0095427452
724.148,0.0095411837
724.148,0.0095316275
724.148,0.0095080099
724.148,0.0094949994
724.148,0.0094698872
724.148,0.0094632208
724.148,0.0094587704
724.148,0.0094270727
724.148,0.0094187368
724.148,0.0094058029
724.148,0.0094046934
724.148,0.0093987657
724.148,0.0093933191
724.148,0.0093710137
724.148,0.0093688564
724.148,0.0093669084
724.148,0.0093585489
724.148,0.0093449883
724.148,0.0092897107
724.148,0.0092843405
724.148,0.0092549611
724.148,0.009246773
724.148,0.0092386365
724.148,0.0092150336
724.148,0.0092049178
724.148,0.0092046958
724.148,0.0092031089
724.148,0.0091931602
724.148,0.0091832516
724.148,0.0091790349
724.148,0.0091747282
724.148,0.0091708364
724.148,0.0091680585
724.148,0.0091616344
724.148,0.0091574115
724.148,0.0091511102
724.148,0.0091465487
724.148,0.0091353147
724.148,0.009131331
724.148,0.0091171344
724.148,0.0091037263
724.148,0.0090916183
724.148,0.0090808826
724.148,0.009079794
724.148,0.0090645381
724.148,0.0090605692
724.148,0.0090498666
724.148,0.0090489727
724.148,0.0090389939
724.148,0.0090379632
724.148,0.0090156882
724.148,0.0089886959
724.148,0.0089852068
724.148,0.0089706652
724.148,0.0089641888
724.148,0.0089540373
724.148,0.0089392631
724.148,0.0089313987
724.148,0.0089290398
724.148,0.0089254817
724.148,0.0089217259
724.148,0.0089186945
724.148,0.0088928498
724.148,0.0088765256
724.148,0.0088667663
724.148,0.0088642106
724.148,0.0088589158
724.148,0.0088489113
724.148,0.0088417451
724.148,0.0088159083
724.148,0.0088153262
724.148,0.0087716635
724.148,0.0087696148
724.148,0.0087682938
724.148,0.0087669111
724.148,0.0087653946
724.148,0.0087514251
724.148,0.0087505673
724.148,0.0087466828
724.148,0.0087257593
724.148,0.0087248195
724.148,0.0087237843
724.148,0.0087055597
724.148,0.0087011157
724.148,0.0086989534
724.148,0.0086925556
724.148,0.0086798115
724.148,0.0086796141
724.148,0.0086795228
724.148,0.0086649206
724.148,0.008662125
724.148,0.0086507943
724.148,0.0086500656
724.148,0.0086474146
724.148,0.0086424952
724.148,0.0086412442
724.148,0.0086388488
724.148,0.0086260993
724.148,0.0086240158
724.148,0.0086231284
724.148,0.0085977198
724.148,0.0085976993
724.148,0.008584641
724.148,0.0085827541
724.148,0.0085804631
724.148,0.0085745224
724.148,0.0085722488
724.148,0.0085617009
724.148,0.0085564188
724.148,0.0085490641
724.148,0.0085478512
724.148,0.0085404093
724.148,0.0085258689
724.148,0.0085159181
724.148,0.0085130639
724.148,0.0084991079
724.148,0.0084897702
724.148,0.0084656406
724.148,0.0084605674
724.148,0.0084445099
724.148,0.0084341428
724.148,0.0084305739
724.148,0.0084278979
724.148,0.0084167805
724.148,0.0084142688
724.148,0.0084078368
724.148,0.0083965273
724.148,0.0083692539
724.148,0.0083638498
724.148,0.0083552181
724.148,0.0083533591
724.148,0.0083532046
724.148,0.0083416357
724.148,0.0083338673
724.148,0.0083287638
724.148,0.0083112579
724.148,0.0083084997
724.148,0.0083048756
724.148,0.0083011959
724.148,0.0082979941
724.148,0.0082958106
724.148,0.0082957623
724.148,0.008279235
724.148,0.0082748337
724.148,0.0082737191
724.148,0.0082641163
724.148,0.0082544668
724.148,0.0082486834
724.148,0.0082351463
724.148,0.0082343467
724.148,0.008223913
724.148,0.0082193877
724.148,0.0082188992
724.148,0.0082151434
724.148,0.0082084339
724.148,0.0082073931
724.148,0.0081989855
724.148,0.0081967892
724.148,0.0081877008
724.148,0.008184345
724.148,0.008178059
724.148,0.0081773112
724.148,0.0081767128
724.148,0.0081753032
724.148,0.0081726222
724.148,0.0081693321
724.148,0.0081596721
724.148,0.0081572795
724.148,0.0081370737
724.148,0.0081348481
724.148,0.0081034208
724.148,0.0080984481
724.148,0.0080881432
724.148,0.0080752833
724.148,0.0080671465
724.148,0.0080547399
724.148,0.0080386899
724.148,0.0080233918
724.148,0.0080155328
724.148,0.0080129018
724.148,0.0079882693
724.148,0.0079872479
724.148,0.0079709146
724.148,0.0079652095
724.148,0.0079611034
724.148,0.0079576986
724.148,0.0079472926
724.148,0.0079453295
724.148,0.0079449328
724.148,0.0079435767
724.148,0.0079376482
724.148,0.0079239151
724.148,0.0078977563
724.148,0.0078835858
724.148,0.007878353
724.148,0.0078667506
724.148,0.0078559194
724.148,0.0078519013
724.148,0.0078412854
724.148,0.0078407696
724.148,0.0078325661
724.148,0.0078319305
724.148,0.0078304244
724.148,0.0078281677
724.148,0.0078273438
724.148,0.0078255128
724.148,0.0078207332
724.148,0.0078197696
724.148,0.0078111135
724.148,0.0078097564
724.148,0.0077940289
724.148,0.0077916841
724.148,0.0077882991
724.148,0.0077644986
724.148,0.00775797
724.148,0.0077574579
724.148,0.0077387082
724.148,0.0077368039
724.148,0.0077207148
724.148,0.0077185257
724.148,0.0077088309
724.148,0.0077072269
724.148,0.0077040543
724.148,0.0076907242
724.148,0.0076897741
724.148,0.0076747723
724.148,0.0076718954
724.148,0.0076686586
724.148,0.0076598663
724.148,0.0076425811
724.148,0.0076415602
724.148,0.0076414435
724.148,0.0076363658
724.148,0.0076318388
724.148,0.0076309319
724.148,0.0076266041
724.148,0.0076212563
724.148,0.0076142784
724.148,0.0076030913
724.148,0.0076029536
724.148,0.0075970705
724.148,0.0075811895
724.148,0.0075679036
724.148,0.0075654601
724.148,0.007557666
724.148,0.0075540685
724.148,0.0075500713
724.148,0.0075421562
724.148,0.0075395927
724.148,0.0075365271
724.148,0.0075153768
724.148,0.0075082478
724.148,0.0075056619
724.148,0.0074992197
724.148,0.0074962861
724.148,0.0074868668
724.148,0.0074838225
724.148,0.0074786418
724.148,0.0074654426
724.148,0.0074561434
724.148,0.0074513595
724.148,0.0074471249
724.148,0.0074319369
724.148,0.0074275349
724.148,0.0074214963
724.148,0.0074146635
724.148,0.0074118681
724.148,0.0074025355
724.148,0.0074004551
724.148,0.0073962435
724.148,0.0073896475
724.148,0.0073866574
724.148,0.0073857418
724.148,0.0073762686
724.148,0.0073707103
724.148,0.0073683419
724.148,0.0073609131
724.148,0.007351475
724.148,0.0073469511
724.148,0.0073364901
724.148,0.0073336092
724.148,0.0073329371
724.148,0.0073276415
724.148,0.0073176709
724.148,0.0073169879
724.148,0.0073156221
724.148,0.0073040682
724.148,0.0072921512
724.148,0.0072839435
724.148,0.007274461
724.148,0.00726738
724.148,0.0072656716
724.148,0.0072623337
724.148,0.0072548871
724.148,0.007253513
724.148,0.0072484083
724.148,0.0072442759
724.148,0.0072371682
724.148,0.0072348418
724.148,0.0072268721
724.148,0.0072117316
724.148,0.0072084256
724.148,0.0072014245
724.148,0.0071797579
724.148,0.0071794864
724.148,0.0071571182
724.148,0.0071549433
724.148,0.0071548292
724.148,0.0071512839
724.148,0.0071406791
724.148,0.00713154
724.148,0.007126038
724.148,0.0071215323
724.148,0.0071192572
724.148,0.0071190274
724.148,0.0070909451
724.148,0.0070792073
724.148,0.0070599016
724.148,0.0070573231
724.148,0.0070541937
724.148,0.0070456504
724.148,0.0070370058
724.148,0.0070352889
724.148,0.0070344538
724.148,0.0070298487
724.148,0.00702813
724.148,0.0070263605
724.148,0.0070258821
724.148,0.0070245127
724.148,0.0070207352
724.148,0.0069925024
724.148,0.0069887101
724.148,0.006980675
724.148,0.0069715817
724.148,0.0069709239
724.148,0.0069648015
724.148,0.0069455472
724.148,0.0069379181
724.148,0.0069125397
724.148,0.006892054
724.148,0.0068913621
724.148,0.0068748075
724.148,0.0068646562
724.148,0.0068484312
724.148,0.0068471745
724.148,0.0068430684
724.148,0.0068363871
724.148,0.0068359567
724.148,0.0068217594
724.148,0.0068135016
724.148,0.0067992805
724.148,0.0067788273
724.148,0.0067780672
724.148,0.0067723563
724.148,0.0067675913
724.148,0.0067411729
724.148,0.0067309752
724.148,0.0067266638
724.148,0.006709499
724.148,0.006709361
724.148,0.0066857803
724.148,0.0066714893
724.148,0.0066423398
724.148,0.0066314351
724.148,0.006601861
724.148,0.0065532486
724.148,0.006544029
724.148,0.0065339495
724.148,0.0065329403
724.148,0.0065231098
724.148,0.0065143376
724.148,0.0064595909
724.148,0.0064416256
724.148,0.0064408756
724.148,0.0064057569
724.148,0.0064037555
724.148,0.006401859
724.148,0.0063811521
724.148,0.0063752403
724.148,0.0063749417
724.148,0.0063602436
724.148,0.0063449851
724.148,0.0063439292
724.148,0.00633283
724.148,0.0063180551
724.148,0.0062969735
724.148,0.0062909836
724.148,0.0062547268
724.148,0.006235601
724.148,0.0062124448
724.148,0.0061460008
724.148,0.006136405
724.148,0.0061143535
724.148,0.0060926678
724.148,0.0060500819
724.148,0.0060122919
724.148,0.0059858846
724.148,0.0059803666
724.148,0.0059427181
724.148,0.005930659
724.148,0.0059210605
724.148,0.0059123394
724.148,0.0058673829
724.148,0.0058325417
724.148,0.0058190635
724.148,0.00576008
724.148,0.0057479544
724.148,0.0057432341
724.148,0.0057254796
724.148,0.0057123019
724.148,0.0056819805
724.148,0.005660046
724.148,0.0056280944
724.148,0.0055863204
724.148,0.0055264794
724.148,0.0054603534
724.148,0.0054575338
724.148,0.00544692
724.148,0.0054042635
724.148,0.0053956232
724.148,0.0053553013
724.148,0.0052481334
724.148,0.0052395915
724.148,0.0052125308
724.148,0.0051435624
724.148,0.0050694664
724.148,0.0050392017
724.148,0.0049677506
724.148,0.0049433541
724.148,0.0048173228
724.148,0.0047973518
724.148,0.0047201427
724.148,0.0046973479
724.148,0.0046883567
724.148,0.0046385526
724.148,0.0046071611
724.148,0.0045871372
724.148,0.0044433194
724.148,0.0044265594
724.148,0.0043966072
724.148,0.0043929943
724.148,0.0042966021
724.148,0.0042947418
724.148,0.0041861527
724.148,0.0041556894
724.148,0.0041099414
724.148,0.0040415554
724.148,0.0040392069
724.148,0.0039013324
724.148,0.0038646569
724.148,0.0035892333
724.148,0.0035612313
724.148,0.0034600587
724.148,0.0033589903
724.148,0.0030554468
724.148,0.0028872339
724.148,0.0027505738
724.148,0.0027385482
724.148,0.002412505
724.148,0.002238721
724.148,0.0021274349
724.148,0.0018004339
724.148,0.0013337006
724.148,0.0012344769
724.148,0.00075898934
724.148,0.00055890379
724.148,0.00012545018
724.148,-0.0007341951
849.7681,0.0099120875
849.7681,0.0099118112
849.7681,0.0098795372
849.7681,0.0098476206
849.7681,0.0097637439
849.7681,0.0097364311
849.7681,0.0097295085
849.7681,0.0097250237
849.7681,0.0096735332
849.7681,0.0096676593
849.7681,0.0096517721
849.7681,0.0096126834
849.7681,0.0096060534
849.7681,0.0096047386
849.7681,0.0095834004
849.7681,0.0095680511
849.7681,0.0095621446
849.7681,0.0095482914
849.7681,0.0094911095
849.7681,0.009435925
849.7681,0.0094334997
849.7681,0.0093850662
849.7681,0.0093836935
849.7681,0.0093769186
849.7681,0.0093582797
849.7681,0.0093570649
849.7681,0.0093224745
849.7681,0.0092961254
849.7681,0.0092910775
849.7681,0.0092311248
849.7681,0.0091966117
849.7681,0.0091944569
849.7681,0.00918275
849.7681,0.0091702824
849.7681,0.0091606737
849.7681,0.0091475174
849.7681,0.0091190307
849.7681,0.0090738396
849.7681,0.0090665516
849.7681,0.0090261188
849.7681,0.0090211468
849.7681,0.0089761415
849.7681,0.0088707847
849.7681,0.0088688063
849.7681,0.0088400409
849.7681,0.0088150216
849.7681,0.0087558566
849.7681,0.0087387814
849.7681,0.0086962213
849.7681,0.0086440484
849.7681,0.0085669511
849.7681,0.008542847
849.7681,0.0085399939
849.7681,0.0085103586
849.7681,0.0084844105
849.7681,0.0084326572
849.7681,0.0084259967
849.7681,0.0084080071
849.7681,0.0082890417
849.7681,0.0082824417
849.7681,0.00827731
849.7681,0.0082139607
849.7681,0.0082073711
849.7681,0.0082022483
849.7681,0.0081683681
849.7681,0.0080254782
849.7681,0.0079230343
849.7681,0.007896225
849.7681,0.0078838402
849.7681,0.0078349471
849.7681,0.0078295461
849.7681,0.007479309
849.7681,0.007438496
849.7681,0.0071233109
849.7681,0.0064903497
849.7681,0.0064791967
849.7681,0.006394926
849.7681,0.0062182624
849.7681,0.0061835618
849.7681,0.006165871
849.7681,0.0061478415
849.7681,0.0061188011
849.7681,0.0060628913
849.7681,0.0057605913
849.7681,0.0053560117
849.7681,0.0051307749
849.7681,0.0050502417
849.7681,0.0048714676
849.7681,0.0047990893
849.7681,0.004691096
849.7681,0.0046309314
849.7681,0.0046245384
849.7681,0.0046179952
849.7681,0.0046004241
849.7681,0.0044675673
849.7681,0.0042685893
849.7681,0.0041372018
849.7681,0.0040676647
849.7681,0.0038290949
849.7681,0.003668499
849.7681,0.0034381352
849.7681,0.0025969281
849.7681,0.00210542
849.7681,0.0019172981
849.7681,0.0017414087
849.7681,0.00054192473
849.7681,0.00049505434
849.7681,0.00019435694
849.7681,-1.543762e-06
849.7681,-9.3595368e-05
849.7681,-0.00014936112
849.7681,-0.00020710245
849.7681,-0.00062438555
849.7681,-0.0024726596
849.7681,-0.0029452479
849.7681,-0.0061022709
887.4544,0.009974143
887.4544,0.009866169
887.4544,0.0098166423
887.4544,0.0098155589
887.4544,0.0098061253
887.4544,0.0097925815
887.4544,0.0096921409
887.4544,0.0096078444
887.4544,0.0095487537
887.4544,0.0095077425
887.4544,0.0095065486
887.4544,0.0095040089
887.4544,0.0094456789
887.4544,0.0094292811
887.4544,0.0093941021
887.4544,0.0093929421
887.4544,0.0093786109
887.4544,0.0093452494
887.4544,0.0093376368
887.4544,0.00927254
887.4544,0.0092540154
887.4544,0.0092440365
887.4544,0.0092332531
887.4544,0.0092224508
887.4544,0.0092009988
887.4544,0.0091537631
887.4544,0.0090259804
887.4544,0.0089574651
887.4544,0.0089562452
887.4544,0.0089140422
887.4544,0.0089113805
887.4544,0.0088825674
887.4544,0.0088369612
887.4544,0.0087847538
887.4544,0.008768715
887.4544,0.0087588042
887.4544,0.0087468711
887.4544,0.0087334669
887.4544,0.008648557
887.4544,0.0086460395
887.4544,0.0086336239
887.4544,0.0085098883
887.4544,0.0085008168
887.4544,0.00846067
887.4544,0.008408932
887.4544,0.0084012085
887.4544,0.0083775075
887.4544,0.0083549079
887.4544,0.0083397398
887.4544,0.0082546207
887.4544,0.0082535648
887.4544,0.0082508561
887.4544,0.0082346289
887.4544,0.0081596691
887.4544,0.0081265444
887.4544,0.0080646479
887.4544,0.008057032
887.4544,0.0080444637
887.4544,0.0079440299
887.4544,0.0079435503
887.4544,0.0079009142
887.4544,0.0079002028
887.4544,0.0078723972
887.4544,0.0078707771
887.4544,0.007824208
887.4544,0.0078050324
887.4544,0.0077805102
887.4544,0.0077712194
887.4544,0.0076679787
887.4544,0.007646588
887.4544,0.0076260134
887.4544,0.0075543397
887.4544,0.00753598
887.4544,0.0074728554
887.4544,0.0074538588
887.4544,0.0074062105
887.4544,0.0073554629
887.4544,0.0073410511
887.4544,0.0073305549
887.4544,0.0072817761
887.4544,0.0072691964
887.4544,0.0072323787
887.4544,0.0072151062
887.4544,0.0071994106
887.4544,0.007138366
887.4544,0.007091364
887.4544,0.0070860569
887.4544,0.0070139542
887.4544,0.0069830392
887.4544,0.0069467325
887.4544,0.0069349087
887.4544,0.0069201342
887.4544,0.0068714799
887.4544,0.0068352709
887.4544,0.0068174792
887.4544,0.006809928
887.4544,0.0067725907
887.4544,0.0067619035
887.4544,0.0067553247
887.4544,0.0067481484
887.4544,0.0066200971
887.4544,0.0065770909
887.4544,0.006498167
887.4544,0.0064904666
887.4544,0.0064886314
887.4544,0.0064037496
887.4544,0.0063545659
887.4544,0.0063462232
887.4544,0.0063435415
887.4544,0.0062839434
887.4544,0.0062476368
887.4544,0.0062358402
887.4544,0.0062239976
887.4544,0.006212151
887.4544,0.0061746247
887.4544,0.0061702324
887.4544,0.006160462
887.4544,0.0061501434
887.4544,0.0060731314
887.4544,0.0060696114
887.4544,0.0059916889
887.4544,0.0059467302
887.4544,0.0059344721
887.4544,0.0058550728
887.4544,0.0058363453
887.4544,0.0057982246
887.4544,0.0057584169
887.4544,0.005747882
887.4544,0.0057079189
887.4544,0.0056902669
887.4544,0.005660628
887.4544,0.0055917393
887.4544,0.0055741076
887.4544,0.0055549259
887.4544,0.0055336571
887.4544,0.0055241403
887.4544,0.0054901751
887.4544,0.0053990404
887.4544,0.0053612179
887.4544,0.0053590432
887.4544,0.0052938785
887.4544,0.0052347457
887.4544,0.0052323171
887.4544,0.0052239326
887.4544,0.0052120211
887.4544,0.0051706702
887.4544,0.0051532137
887.4544,0.0051528814
887.4544,0.00514979
887.4544,0.0051207648
887.4544,0.0050851257
887.4544,0.0050768286
887.4544,0.0050435746
887.4544,0.0050358532
887.4544,0.005018973
887.4544,0.0049980269
887.4544,0.0049750219
887.4544,0.0049654877
887.4544,0.0049653409
887.4544,0.0049491181
887.4544,0.0049458695
887.4544,0.0049014339
887.4544,0.0048850357
887.4544,0.0048145095
887.4544,0.0048115919
887.4544,0.0048032385
887.4544,0.0047915924
887.4544,0.0047760248
887.4544,0.0047711451
887.4544,0.0047141534
887.4544,0.0046936598
887.4544,0.0046396913
887.4544,0.004610276
887.4544,0.0045974672
887.4544,0.0045660703
887.4544,0.0045308538
887.4544,0.0045019262
887.4544,0.0044781674
887.4544,0.0044410148
887.4544,0.0044359348
887.4544,0.0044077286
887.4544,0.0043821474
887.4544,0.0043754198
887.4544,0.004365938
887.4544,0.0043620387
887.4544,0.0043369907
887.4544,0.0043317054
887.4544,0.0043201221
887.4544,0.0043007403
887.4544,0.0042869109
887.4544,0.0042585242
887.4544,0.0042549433
887.4544,0.0042376549
887.4544,0.0041647122
887.4544,0.0041529639
887.4544,0.0041408494
887.4544,0.0041313924
887.4544,0.0041287129
887.4544,0.0041064132
887.4544,0.0041036193
887.4544,0.0040984513
887.4544,0.004078126
887.4544,0.0040686473
887.4544,0.0040450248
887.4544,0.0040432015
887.4544,0.0040085688
887.4544,0.0039943386
887.4544,0.0039766777
887.4544,0.003971241
887.4544,0.0039364572
887.4544,0.0039337413
887.4544,0.0039230794
887.4544,0.0039067547
887.4544,0.0038910347
887.4544,0.003890151
887.4544,0.0038870308
887.4544,0.0038865639
887.4544,0.0038554387
887.4544,0.0038541773
887.4544,0.0038470613
887.4544,0.0038429876
887.4544,0.0038350602
887.4544,0.0038317977
887.4544,0.0038207039
887.4544,0.0038133013
887.4544,0.0038113085
887.4544,0.0038054529
887.4544,0.0037738933
887.4544,0.0037720796
887.4544,0.0037716544
887.4544,0.0037694757
887.4544,0.0037581094
887.4544,0.0037484673
887.4544,0.003733595
887.4544,0.0037230417
887.4544,0.0037204032
887.4544,0.0037101766
887.4544,0.003707303
887.4544,0.0036792954
887.4544,0.0036790507
887.4544,0.0036757178
887.4544,0.0036726123
887.4544,0.0036659894
887.4544,0.0036627711
887.4544,0.0036545396
887.4544,0.0036402455
887.4544,0.003596139
887.4544,0.0035828165
887.4544,0.0035765635
887.4544,0.0035617437
887.4544,0.003555803
887.4544,0.0035428258
887.4544,0.0035207696
887.4544,0.003510843
887.4544,0.0034798909
887.4544,0.0034796435
887.4544,0.0034517591
887.4544,0.0034511383
887.4544,0.0034455919
887.4544,0.003413776
887.4544,0.0034090618
887.4544,0.0033815098
887.4544,0.0033811119
887.4544,0.0033715395
887.4544,0.003359507
887.4544,0.0033538022
887.4544,0.0033483419
887.4544,0.0033477684
887.4544,0.0033364332
887.4544,0.0033147226
887.4544,0.0032869865
887.4544,0.003283844
887.4544,0.003279259
887.4544,0.0032743696
887.4544,0.0032530323
887.4544,0.0032499664
887.4544,0.00324647
887.4544,0.0032459273
887.4544,0.0032399964
887.4544,0.0032342983
887.4544,0.0032324682
887.4544,0.0032013507
887.4544,0.0031732305
887.4544,0.0031464725
887.4544,0.0031318861
887.4544,0.0031300764
887.4544,0.0031281557
887.4544,0.0031262984
887.4544,0.0031001971
887.4544,0.0030948095
887.4544,0.0030939082
887.4544,0.0030937629
887.4544,0.0030776159
887.4544,0.0030661029
887.4544,0.0030430841
887.4544,0.0030363292
887.4544,0.0030352623
887.4544,0.0030278721
887.4544,0.0030113163
887.4544,0.0030098762
887.4544,0.0030094792
887.4544,0.0029927348
887.4544,0.0029862133
887.4544,0.0029739908
887.4544,0.0029301651
887.4544,0.00292537
887.4544,0.0029154309
887.4544,0.0029054186
887.4544,0.0028962528
887.4544,0.0028886466
887.4544,0.0028742795
887.4544,0.0028675482
887.4544,0.0028604091
887.4544,0.0028368945
887.4544,0.0028174977
887.4544,0.0028151621
887.4544,0.0028106121
887.4544,0.0028087858
887.4544,0.0028058491
887.4544,0.0028027653
887.4544,0.0028026216
887.4544,0.0027986962
887.4544,0.0027934408
887.4544,0.0027901677
887.4544,0.0027822751
887.4544,0.0027784178
887.4544,0.0027451988
887.4544,0.002744139
887.4544,0.0027415964
887.4544,0.0027330484
887.4544,0.0027288542
887.4544,0.0027275387
887.4544,0.0027257359
887.4544,0.0026944198
887.4544,0.0026782749
887.4544,0.0026731271
887.4544,0.0026298382
887.4544,0.0026250948
887.4544,0.0026080802
887.4544,0.0026042222
887.4544,0.0025944894
887.4544,0.0025907661
887.4544,0.0025742564
887.4544,0.0025690698
887.4544,0.0025690421
887.4544,0.0025667912
887.4544,0.0025656291
887.4544,0.0025649118
887.4544,0.0025647432
887.4544,0.0025621248
887.4544,0.0025580719
887.4544,0.0025554237
887.4544,0.0025523153
887.4544,0.0025495677
887.4544,0.002543568
887.4544,0.0025389751
887.4544,0.0025344769
887.4544,0.0025201844
887.4544,0.0025002019
887.4544,0.002495773
887.4544,0.0024904828
887.4544,0.0024884331
887.4544,0.0024779478
887.4544,0.0024558219
887.4544,0.0024441267
887.4544,0.0024363018
887.4544,0.0024171216
887.4544,0.002407898
887.4544,0.0023980834
887.4544,0.0023917588
887.4544,0.0023826118
887.4544,0.002381374
887.4544,0.0023794277
887.4544,0.0023689514
887.4544,0.0023608115
887.4544,0.00235592
887.4544,0.0023532345
887.4544,0.002349423
887.4544,0.0023481413
887.4544,0.0023328257
887.4544,0.0023324284
887.4544,0.002329429
887.4544,0.0023101354
887.4544,0.0023031687
887.4544,0.0022937588
887.4544,0.0022914605
887.4544,0.0022906561
887.4544,0.0022812704
887.4544,0.0022795084
887.4544,0.0022748278
887.4544,0.0022729433
887.4544,0.0022722609
887.4544,0.0022688619
887.4544,0.0022652028
887.4544,0.002261038
887.4544,0.0022586105
887.4544,0.0022552594
887.4544,0.0022405596
887.4544,0.0022387726
887.4544,0.0022377394
887.4544,0.0022194919
887.4544,0.0021866179
887.4544,0.0021850304
887.4544,0.0021751616
887.4544,0.0021712342
887.4544,0.0021646697
887.4544,0.002157958
887.4544,0.0021563375
887.4544,0.0021552202
887.4544,0.0021551874
887.4544,0.0021424825
887.4544,0.00214197
887.4544,0.0021187708
887.4544,0.0021075631
887.4544,0.0021014112
887.4544,0.0020993605
887.4544,0.0020889377
887.4544,0.0020884083
887.4544,0.0020866077
887.4544,0.0020851877
887.4544,0.0020832838
887.4544,0.0020788103
887.4544,0.0020708921
887.4544,0.0020669434
887.4544,0.0020634775
887.4544,0.0020495019
887.4544,0.0020485987
887.4544,0.0020470628
887.4544,0.0020317363
887.4544,0.0020243328
887.4544,0.0020085799
887.4544,0.0019912838
887.4544,0.0019903715
887.4544,0.0019893961
887.4544,0.0019779962
887.4544,0.001974875
887.4544,0.0019621945
887.4544,0.0019594498
887.4544,0.0019578546
887.4544,0.0019475425
887.4544,0.0019455254
887.4544,0.0019382765
887.4544,0.0019341201
887.4544,0.0019316827
887.4544,0.0019242463
887.4544,0.0019220534
887.4544,0.0019183091
887.4544,0.0019179529
887.4544,0.0019176367
887.4544,0.0019076852
887.4544,0.0019028379
887.4544,0.0019019213
887.4544,0.0019009184
887.4544,0.0018634761
887.4544,0.00186189
887.4544,0.0018505723
887.4544,0.0018307452
887.4544,0.0018217759
887.4544,0.0018017514
887.4544,0.0018009654
887.4544,0.0017897261
887.4544,0.0017812222
887.4544,0.0017807643
887.4544,0.001779202
887.4544,0.0017655741
887.4544,0.0017507429
887.4544,0.0017433905
887.4544,0.0017376368
887.4544,0.0017351251
887.4544,0.0017347768
887.4544,0.0017308077
887.4544,0.0017259452
887.4544,0.0017177285
887.4544,0.0017111989
887.4544,0.0017106847
887.4544,0.001705013
887.4544,0.0017019383
887.4544,0.0016906454
887.4544,0.0016821344
887.4544,0.0016792182
887.4544,0.0016750858
887.4544,0.0016717414
887.4544,0.0016675025
887.4544,0.0016494179
887.4544,0.0016398367
887.4544,0.0016380933
887.4544,0.0016345284
887.4544,0.0016263849
887.4544,0.0016261976
887.4544,0.0016175221
887.4544,0.0016166712
887.4544,0.0016159555
887.4544,0.0016130868
887.4544,0.001612331
887.4544,0.0016053067
887.4544,0.001594627
887.4544,0.001584032
887.4544,0.0015818044
887.4544,0.0015795731
887.4544,0.0015793131
887.4544,0.0015775045
887.4544,0.0015735557
887.4544,0.0015718546
887.4544,0.001566872
887.4544,0.0015663987
887.4544,0.001563815
887.4544,0.0015631562
887.4544,0.0015570629
887.4544,0.0015567988
887.4544,0.0015567261
887.4544,0.0015530588
887.4544,0.0015515947
887.4544,0.0015489293
887.4544,0.0015479009
887.4544,0.0015417083
887.4544,0.0015330317
887.4544,0.0015319786
887.4544,0.0015054965
887.4544,0.0015041291
887.4544,0.001499428
887.4544,0.0014988033
887.4544,0.0014850908
887.4544,0.0014727479
887.4544,0.0014694381
887.4544,0.0014690252
887.4544,0.0014577703
887.4544,0.001441671
887.4544,0.0014403304
887.4544,0.0014387519
887.4544,0.0014352143
887.4544,0.0014284375
887.4544,0.0014114693
887.4544,0.0013994879
887.4544,0.0013961155
887.4544,0.0013909917
887.4544,0.0013835644
887.4544,0.0013810109
887.4544,0.0013774385
887.4544,0.0013724985
887.4544,0.0013684099
887.4544,0.0013662612
887.4544,0.0013562296
887.4544,0.0013291115
887.4544,0.0013131144
887.4544,0.0013129187
887.4544,0.0013102539
887.4544,0.0013089684
887.4544,0.0013001319
887.4544,0.0012943119
887.4544,0.0012781213
887.4544,0.0012709644
887.4544,0.0012672796
887.4544,0.0012666583
887.4544,0.001262975
887.4544,0.0012625464
887.4544,0.0012585678
887.4544,0.0012572171
887.4544,0.0012449654
887.4544,0.0012401849
887.4544,0.0012329133
887.4544,0.0012313802
887.4544,0.0012235357
887.4544,0.0012163967
887.4544,0.0012159668
887.4544,0.0012157384
887.4544,0.0012131561
887.4544,0.0012041564
887.4544,0.0011911999
887.4544,0.0011875221
887.4544,0.0011801233
887.4544,0.001174362
887.4544,0.0011637524
887.4544,0.0011428058
887.4544,0.0011421628
887.4544,0.0011291264
887.4544,0.001123269
887.4544,0.0011162502
887.4544,0.0011151827
887.4544,0.0011139163
887.4544,0.0011096542
887.4544,0.0011051113
887.4544,0.0011045695
887.4544,0.0010906555
887.4544,0.0010886803
887.4544,0.001083062
887.4544,0.0010596143
887.4544,0.0010532
887.4544,0.0010340245
887.4544,0.0010327017
887.4544,0.0010238209
887.4544,0.0010190926
887.4544,0.0010171109
887.4544,0.0010150541
887.4544,0.0010128155
887.4544,0.001004743
887.4544,0.0010020665
887.4544,0.00099953498
887.4544,0.00099702496
887.4544,0.00099111132
887.4544,0.00099090938
887.4544,0.0009891443
887.4544,0.00097290646
887.4544,0.00096919005
887.4544,0.00094365493
887.4544,0.00093294973
887.4544,0.00093077179
887.4544,0.00092760848
887.4544,0.0009101177
887.4544,0.00090484662
887.4544,0.00090067032
887.4544,0.00089069295
887.4544,0.00088411175
887.4544,0.00087867786
887.4544,0.00087264763
887.4544,0.00086735484
887.4544,0.00085609187
887.4544,0.0008470747
887.4544,0.00083113463
887.4544,0.00080169332
887.4544,0.00080048629
887.4544,0.00079790015
887.4544,0.00078567702
887.4544,0.00077750978
887.4544,0.00077398395
887.4544,0.00075845025
887.4544,0.00075369059
887.4544,0.0007513713
887.4544,0.00073839469
887.4544,0.00072139425
887.4544,0.00071729382
887.4544,0.00069916196
887.4544,0.000699116
887.4544,0.00068998843
887.4544,0.00068349275
887.4544,0.00067798268
887.4544,0.00067496779
887.4544,0.00067374703
887.4544,0.00067253687
887.4544,0.00064735351
887.4544,0.00064672154
887.4544,0.00064268488
887.4544,0.00063981234
887.4544,0.0006370593
887.4544,0.00063340767
887.4544,0.00063300972
887.4544,0.00062513017
887.4544,0.00061698982
887.4544,0.00060257864
887.4544,0.00058590181
887.4544,0.00058071222
887.4544,0.00055985555
887.4544,0.00054418127
887.4544,0.00054101157
887.4544,0.0005375239
887.4544,0.0005367267
887.4544,0.00053545689
887.4544,0.00053039689
887.4544,0.00050970021
887.4544,0.00050188859
887.4544,0.00050121564
887.4544,0.0004757277
887.4544,0.00047536501
887.4544,0.00047428214
887.4544,0.00046402756
887.4544,0.00044948238
887.4544,0.00044779467
887.4544,0.00043777171
887.4544,0.0004046917
887.4544,0.00040390607
887.4544,0.00038922211
887.4544,0.00038545867
887.4544,0.00038353454
887.4544,0.00038280658
887.4544,0.00033826246
887.4544,0.00028234206
887.4544,0.00026676774
887.4544,0.00026306663
887.4544,0.00024535472
887.4544,0.00024455553
887.4544,0.00021887681
887.4544,0.00021546995
887.4544,0.00021237403
887.4544,0.00019954134
887.4544,0.00019370854
887.4544,0.00019212723
887.4544,0.00016749739
887.4544,0.00016508619
887.4544,0.00016080247
887.4544,0.00015599391
887.4544,0.00014854125
887.4544,0.00014806125
887.4544,0.0001119699
887.4544,0.00010626579
887.4544,9.5622744e-05
887.4544,8.1941284e-05
887.4544,8.1447089e-05
887.4544,7.5563791e-05
887.4544,5.7654582e-05
887.4544,4.4053539e-05
887.4544,4.1450698e-05
887.4544,3.6035873e-05
887.4544,3.5434822e-05
887.4544,2.5083877e-05
887.4544,1.4075864e-05
887.4544,-1.0136369e-05
887.4544,-1.5494212e-05
887.4544,-2.6066879e-05
887.4544,-7.1287349e-05
887.4544,-7.4488924e-05
887.4544,-7.7593657e-05
887.4544,-7.9914736e-05
887.4544,-9.5496043e-05
887.4544,-0.00010257176
887.4544,-0.00010975956
887.4544,-0.00011142275
887.4544,-0.00011864847
887.4544,-0.00012913229
887.4544,-0.00018799254
887.4544,-0.00024148589
887.4544,-0.00024465469
887.4544,-0.00024950373
887.4544,-0.00025951151
887.4544,-0.00027600538
887.4544,-0.00028672834
887.4544,-0.00028845386
887.4544,-0.00029000919
887.4544,-0.00029071429
887.4544,-0.00031166476
887.4544,-0.00032671444
887.4544,-0.00034020809
887.4544,-0.00034693332
887.4544,-0.00037196501
887.4544,-0.00041175156
887.4544,-0.00050070848
887.4544,-0.00050218952
887.4544,-0.00054010691
887.4544,-0.00054297678
887.4544,-0.00055551122
887.4544,-0.00060285002
887.4544,-0.00065516998
887.4544,-0.00067524196
887.4544,-0.00067763805
887.4544,-0.00067847269
887.4544,-0.00068090818
887.4544,-0.00068216424
887.4544,-0.00073642745
887.4544,-0.00073887127
887.4544,-0.00074459457
887.4544,-0.00081540621
887.4544,-0.00091642757
887.4544,-0.00097112886
887.4544,-0.001023516
887.4544,-0.0010286365
887.4544,-0.0010429347
887.4544,-0.0010573358
887.4544,-0.0010758328
887.4544,-0.0010881732
887.4544,-0.0011072365
887.4544,-0.0011258757
887.4544,-0.0011403714
887.4544,-0.0011893033
887.4544,-0.0012105075
887.4544,-0.0012252367
887.4544,-0.0012428998
887.4544,-0.0012513322
887.4544,-0.0012616936
887.4544,-0.0012739218
887.4544,-0.0012771083
887.4544,-0.0013090264
887.4544,-0.0013129706
887.4544,-0.0013712443
887.4544,-0.0013857197
887.4544,-0.001458755
887.4544,-0.001458874
887.4544,-0.0015087897
887.4544,-0.0015455974
887.4544,-0.0015893698
887.4544,-0.0016983342
887.4544,-0.0017138237
887.4544,-0.0017291448
887.4544,-0.0017301556
887.4544,-0.0017416463
887.4544,-0.0018165721
887.4544,-0.0018236694
887.4544,-0.001827582
887.4544,-0.0018490514
887.4544,-0.0018983486
887.4544,-0.001910404
887.4544,-0.0019210669
887.4544,-0.0020588251
887.4544,-0.0020839748
887.4544,-0.0021839607
887.4544,-0.0022447299
887.4544,-0.002333851
887.4544,-0.0025210118
887.4544,-0.0025338529
887.4544,-0.0025495271
887.4544,-0.0025630414
887.4544,-0.0026651851
887.4544,-0.0026794467
887.4544,-0.0027763045
887.4544,-0.0028126674
887.4544,-0.0030775537
887.4544,-0.0031679386
887.4544,-0.003292629
887.4544,-0.0033914047
887.4544,-0.003483847
887.4544,-0.0035040071
887.4544,-0.0035398595
887.4544,-0.0036483832
887.4544,-0.0038671222
887.4544,-0.0038725065
887.4544,-0.0038858188
887.4544,-0.0038941482
887.4544,-0.0039943824
887.4544,-0.0040648302
887.4544,-0.0043275261
887.4544,-0.0043658988
887.4544,-0.0044998064
887.4544,-0.0045743091
887.4544,-0.0045788067
887.4544,-0.0045865164
887.4544,-0.0045983695
887.4544,-0.0046203924
887.4544,-0.0048439771
887.4544,-0.0050670984
887.4544,-0.0051888712
887.4544,-0.0052934124
887.4544,-0.0053618513
887.4544,-0.0054789039
887.4544,-0.0055443194
887.4544,-0.0055792548
887.4544,-0.0056175464
887.4544,-0.0057196639
887.4544,-0.0057840563
887.4544,-0.0060464678
887.4544,-0.0061988096
887.4544,-0.0062173003
887.4544,-0.0063372179
887.4544,-0.0063390496
887.4544,-0.0064088824
887.4544,-0.0064666379
887.4544,-0.006704877
887.4544,-0.0068211259
887.4544,-0.0068811266
887.4544,-0.0069174632
887.4544,-0.0069484219
887.4544,-0.007186104
887.4544,-0.007227054
887.4544,-0.0073346627
887.4544,-0.0074166396
887.4544,-0.0074942636
887.4544,-0.0074991923
887.4544,-0.0075575636
887.4544,-0.0076808302
887.4544,-0.0078070488
887.4544,-0.0080191612
887.4544,-0.0080433476
887.4544,-0.0082591028
887.4544,-0.0082717354
887.4544,-0.0084060432
887.4544,-0.008412234
887.4544,-0.0085219341
887.4544,-0.0085260507
887.4544,-0.0085606108
887.4544,-0.0091135871
887.4544,-0.0091765283
887.4544,-0.0092637676
887.4544,-0.0092880127
887.4544,-0.0092884112
887.4544,-0.0093718936
887.4544,-0.009651187
887.4544,-0.009809065
887.4544,-0.0098369018
887.4544,-0.0098432144
887.9689,0.0099996413
887.9689,0.0099935892
887.9689,0.0099920287
887.9689,0.00998532
887.9689,0.0099742021
887.9689,0.009971471
887.9689,0.0099687267
887.9689,0.0099669335
887.9689,0.0099634087
887.9689,0.0099520766
887.9689,0.0099348953
887.9689,0.0099335862
887.9689,0.0099302544
887.9689,0.0099271492
887.9689,0.0099189822
887.9689,0.0099165347
887.9689,0.0099163744
887.9689,0.0099154198
887.9689,0.0099126063
887.9689,0.0099086551
887.9689,0.0099041168
887.9689,0.0099024015
887.9689,0.0099002122
887.9689,0.0098903694
887.9689,0.0098817845
887.9689,0.0098769274
887.9689,0.0098747654
887.9689,0.0098742804
887.9689,0.0098727062
887.9689,0.0098685781
887.9689,0.0098600685
887.9689,0.0098562304
887.9689,0.0098441331
887.9689,0.0098381408
887.9689,0.0098375422
887.9689,0.0098279437
887.9689,0.0098228101
887.9689,0.0098213335
887.9689,0.0098158068
887.9689,0.0098084117
887.9689,0.0098031494
887.9689,0.0097896622
887.9689,0.0097882988
887.9689,0.0097798261
887.9689,0.0097765993
887.9689,0.0097747809
887.9689,0.009769645
887.9689,0.00976901
887.9689,0.0097688396
887.9689,0.0097618181
887.9689,0.0097559554
887.9689,0.0097487063
887.9689,0.0097454125
887.9689,0.0097403405
887.9689,0.0097271632
887.9689,0.0097163326
887.9689,0.0097033963
887.9689,0.009702183
887.9689,0.009689831
887.9689,0.009671654
887.9689,0.0096695948
887.9689,0.0096626992
887.9689,0.0096516028
887.9689,0.0096486223
887.9689,0.0096380722
887.9689,0.0096293901
887.9689,0.0096181306
887.9689,0.0096166922
887.9689,0.0096095791
887.9689,0.0096091781
887.9689,0.0096067056
887.9689,0.0096066855
887.9689,0.0096009304
887.9689,0.0095948691
887.9689,0.0095888797
887.9689,0.0095784233
887.9689,0.0095704293
887.9689,0.0095574194
887.9689,0.0095540892
887.9689,0.0095535582
887.9689,0.0095531772
887.9689,0.0095402933
887.9689,0.0095364993
887.9689,0.0095281138
887.9689,0.0095193731
887.9689,0.0095129596
887.9689,0.009510369
887.9689,0.0095080883
887.9689,0.0095078461
887.9689,0.0094930616
887.9689,0.0094911005
887.9689,0.009489107
887.9689,0.0094830281
887.9689,0.0094685378
887.9689,0.0094590331
887.9689,0.0094472474
887.9689,0.0094420773
887.9689,0.0094401007
887.9689,0.0094380549
887.9689,0.0094110669
887.9689,0.0094102631
887.9689,0.0094053258
887.9689,0.0094027143
887.9689,0.0094000108
887.9689,0.0093995734
887.9689,0.0093970385
887.9689,0.0093773236
887.9689,0.0093692529
887.9689,0.0093685587
887.9689,0.0093517235
887.9689,0.0093418159
887.9689,0.009338107
887.9689,0.0093351612
887.9689,0.0093253703
887.9689,0.0092927537
887.9689,0.0092778998
887.9689,0.009260628
887.9689,0.0092555586
887.9689,0.0092386084
887.9689,0.0092287982
887.9689,0.0092223524
887.9689,0.0092176518
887.9689,0.0092147651
887.9689,0.0092073813
887.9689,0.0091925418
887.9689,0.009183426
887.9689,0.0091693091
887.9689,0.0091646238
887.9689,0.0091514836
887.9689,0.0091485046
887.9689,0.0091326763
887.9689,0.0091287776
887.9689,0.009127009
887.9689,0.009115775
887.9689,0.0091095319
887.9689,0.0091061361
887.9689,0.0091021281
887.9689,0.0090764414
887.9689,0.0090720606
887.9689,0.0090660408
887.9689,0.0090656787
887.9689,0.0090463759
887.9689,0.0090128392
887.9689,0.0090077915
887.9689,0.0089758486
887.9689,0.008971724
887.9689,0.0089648297
887.9689,0.0089133319
887.9689,0.0088800737
887.9689,0.0088739316
887.9689,0.0088644677
887.9689,0.0088360072
887.9689,0.0088322804
887.9689,0.0088308225
887.9689,0.0088251336
887.9689,0.0088205166
887.9689,0.0088201098
887.9689,0.0087905766
887.9689,0.0087674455
887.9689,0.0087590753
887.9689,0.0087500714
887.9689,0.0087274773
887.9689,0.0087147139
887.9689,0.0086995885
887.9689,0.0086951122
887.9689,0.0086835786
887.9689,0.0086672576
887.9689,0.0086576096
887.9689,0.0086434688
887.9689,0.0086431235
887.9689,0.0086180386
887.9689,0.0086146085
887.9689,0.0086060306
887.9689,0.008599566
887.9689,0.0085747785
887.9689,0.0085720995
887.9689,0.0085584015
887.9689,0.0085513802
887.9689,0.0085441749
887.9689,0.0085368733
887.9689,0.0085201649
887.9689,0.0084957228
887.9689,0.0084755256
887.9689,0.0084610813
887.9689,0.0084559975
887.9689,0.0084385762
887.9689,0.008435282
887.9689,0.0084330407
887.9689,0.0084294588
887.9689,0.0083711336
887.9689,0.0083684092
887.9689,0.0083677825
887.9689,0.0083404384
887.9689,0.0083342697
887.9689,0.0083041538
887.9689,0.0082895127
887.9689,0.0082876502
887.9689,0.0082646152
887.9689,0.0082362355
887.9689,0.0082285385
887.9689,0.0082016786
887.9689,0.0081814662
887.9689,0.0081261568
887.9689,0.0081249643
887.9689,0.0081080383
887.9689,0.0081058424
887.9689,0.0080068024
887.9689,0.0080037487
887.9689,0.0078624873
887.9689,0.007848318
887.9689,0.0077840943
887.9689,0.0077633922
887.9689,0.0077379262
887.9689,0.0077301137
887.9689,0.0077189713
887.9689,0.0076622579
887.9689,0.0076109272
887.9689,0.0076035218
887.9689,0.0075194815
887.9689,0.0075015882
887.9689,0.0074631341
887.9689,0.0074591617
887.9689,0.0074550759
887.9689,0.0074372121
887.9689,0.0074212037
887.9689,0.0073381357
887.9689,0.0072561818
887.9689,0.0072031814
887.9689,0.0071807147
887.9689,0.0071378082
887.9689,0.0069583495
887.9689,0.0069558449
887.9689,0.006916444
887.9689,0.0068661476
887.9689,0.0068039392
887.9689,0.0068032693
887.9689,0.0067267633
887.9689,0.0066664124
887.9689,0.0066544061
887.9689,0.0066248072
887.9689,0.0066193939
887.9689,0.0065628171
887.9689,0.0065553594
887.9689,0.0065055061
887.9689,0.0064637448
887.9689,0.0064510427
887.9689,0.0062252014
887.9689,0.0061522744
887.9689,0.0059836175
887.9689,0.005965473
887.9689,0.0058936885
887.9689,0.0058789757
887.9689,0.0058071308
887.9689,0.0058045549
887.9689,0.005786691
887.9689,0.0057640106
887.9689,0.0057257278
887.9689,0.0056105703
887.9689,0.0055875333
887.9689,0.0053814971
887.9689,0.0053350348
887.9689,0.0052873023
887.9689,0.0050498962
887.9689,0.0049813995
887.9689,0.0048821257
887.9689,0.004755516
887.9689,0.00469091
887.9689,0.0046687136
887.9689,0.0046495245
887.9689,0.0045952228
887.9689,0.0045788122
887.9689,0.0045599377
887.9689,0.004547398
887.9689,0.0044577566
887.9689,0.0042816568
887.9689,0.0041425364
887.9689,0.0040863355
887.9689,0.0039383504
887.9689,0.0039085306
887.9689,0.0037085416
887.9689,0.0036936399
887.9689,0.0036536793
887.9689,0.003641091
887.9689,0.0036385656
887.9689,0.0035500487
887.9689,0.0034496529
887.9689,0.003396124
887.9689,0.0033744803
887.9689,0.0033057097
887.9689,0.0032803319
887.9689,0.0032788488
887.9689,0.0030911187
887.9689,0.0030489105
887.9689,0.0029999572
887.9689,0.0029966805
887.9689,0.0029767034
887.9689,0.0029292933
887.9689,0.00289644
887.9689,0.0028790708
887.9689,0.002840094
887.9689,0.0028152379
887.9689,0.0027916413
887.9689,0.002790788
887.9689,0.0027734414
887.9689,0.0027673287
887.9689,0.002743058
887.9689,0.0026897814
887.9689,0.0026468519
887.9689,0.0025851023
887.9689,0.0025170199
887.9689,0.0024626503
887.9689,0.0024611843
887.9689,0.0024196562
887.9689,0.0023476669
887.9689,0.0022980738
887.9689,0.0022325884
887.9689,0.0022314788
887.9689,0.0022290437
887.9689,0.0022030461
887.9689,0.002169426
887.9689,0.0021390453
887.9689,0.0021285934
887.9689,0.0020590397
887.9689,0.0020396339
887.9689,0.0018900933
887.9689,0.0018778171
887.9689,0.0018548022
887.9689,0.0018048017
887.9689,0.0017996832
887.9689,0.0017615113
887.9689,0.0017215156
887.9689,0.0016261964
887.9689,0.0015854862
887.9689,0.0015611993
887.9689,0.001472292
887.9689,0.0014697474
887.9689,0.0014418208
887.9689,0.0014239247
887.9689,0.0013797788
887.9689,0.0013732169
887.9689,0.0012424167
887.9689,0.0012164766
887.9689,0.0010986807
887.9689,0.0010772346
887.9689,0.0009574311
887.9689,0.00088871009
887.9689,0.00068307834
887.9689,0.00064785156
887.9689,0.00048309318
887.9689,0.00033425988
887.9689,0.00032654619
887.9689,0.00029790295
887.9689,0.00020419498
887.9689,0.00011175059
887.9689,-3.076289e-05
887.9689,-0.00042632091
887.9689,-0.00051364963
887.9689,-0.00059792089
887.9689,-0.00063353883
887.9689,-0.00070283876
887.9689,-0.0011865235
887.9689,-0.0012397948
887.9689,-0.0013747705
887.9689,-0.0017195616
887.9689,-0.001770927
887.9689,-0.0018080852
887.9689,-0.0026531465
887.9689,-0.0030302287
887.9689,-0.0031716484
887.9689,-0.0034149756
887.9689,-0.0038229327
887.9689,-0.0038351759
887.9689,-0.0039665073
887.9689,-0.0044397794
887.9689,-0.0046703131
887.9689,-0.0058034415
887.9689,-0.0078184949
887.9689,-0.0082585965
887.9689,-0.0086885097
887.9689,-0.0094486449
887.9689,-0.0096139713
895.9665,0.0099977394
895.9665,0.0099931982
895.9665,0.0099910419
895.9665,0.0099882963
895.9665,0.0099811029
895.9665,0.0099777734
895.9665,0.0099712873
895.9665,0.0099712635
895.9665,0.0099605776
895.9665,0.0099596798
895.9665,0.0099550425
895.9665,0.0099539873
895.9665,0.0099520923
895.9665,0.0099479681
895.9665,0.0099443064
895.9665,0.0099415439
895.9665,0.0099403823
895.9665,0.0099343774
895.9665,0.0099320815
895.9665,0.0099305842
895.9665,0.0099295348
895.9665,0.0099264286
895.9665,0.0099164503
895.9665,0.0099115486
895.9665,0.009895789
895.9665,0.0098943402
895.9665,0.0098905517
895.9665,0.009888683
895.9665,0.0098864123
895.9665,0.0098845773
895.9665,0.0098822522
895.9665,0.0098703022
895.9665,0.0098581904
895.9665,0.0098581211
895.9665,0.0098578469
895.9665,0.0098565811
895.9665,0.0098552041
895.9665,0.0098481682
895.9665,0.0098473828
895.9665,0.0098370055
895.9665,0.0098314398
895.9665,0.0098293061
895.9665,0.0098284322
895.9665,0.009827276
895.9665,0.0098253691
895.9665,0.0098169718
895.9665,0.0098129315
895.9665,0.0098111393
895.9665,0.0098052542
895.9665,0.0097959499
895.9665,0.0097920492
895.9665,0.0097874621
895.9665,0.0097818854
895.9665,0.0097793006
895.9665,0.009778567
895.9665,0.0097775703
895.9665,0.0097475629
895.9665,0.0097453638
895.9665,0.0097432618
895.9665,0.0097418926
895.9665,0.0097351705
895.9665,0.0097324878
895.9665,0.0097261228
895.9665,0.0097137794
895.9665,0.0097079884
895.9665,0.0097052976
895.9665,0.009698839
895.9665,0.0096970111
895.9665,0.0096925934
895.9665,0.0096846539
895.9665,0.0096841668
895.9665,0.0096792874
895.9665,0.0096738557
895.9665,0.0096728646
895.9665,0.0096703745
895.9665,0.0096668141
895.9665,0.0096602304
895.9665,0.0096551927
895.9665,0.0096504754
895.9665,0.0096497868
895.9665,0.0096463981
895.9665,0.0096339314
895.9665,0.0096268563
895.9665,0.0096177747
895.9665,0.0096054575
895.9665,0.0096047917
895.9665,0.0096039475
895.9665,0.0095928517
895.9665,0.0095901093
895.9665,0.0095822377
895.9665,0.0095721297
895.9665,0.0095700141
895.9665,0.0095690788
895.9665,0.0095690353
895.9665,0.0095635251
895.9665,0.00956311
895.9665,0.009562874
895.9665,0.0095564657
895.9665,0.0095556337
895.9665,0.0095531872
895.9665,0.0095376944
895.9665,0.0095357338
895.9665,0.0095297372
895.9665,0.0095231549
895.9665,0.0095144839
895.9665,0.0094927062
895.9665,0.0094908146
895.9665,0.0094791509
895.9665,0.0094762271
895.9665,0.0094719705
895.9665,0.0094694476
895.9665,0.0094690735
895.9665,0.0094688826
895.9665,0.0094654971
895.9665,0.0094599946
895.9665,0.0094585329
895.9665,0.0094578954
895.9665,0.0094539413
895.9665,0.0094513527
895.9665,0.0094444166
895.9665,0.0094427771
895.9665,0.0094423618
895.9665,0.0094403375
895.9665,0.0094253714
895.9665,0.0094220328
895.9665,0.009420321
895.9665,0.0094183057
895.9665,0.0094131596
895.9665,0.009409826
895.9665,0.0094046033
895.9665,0.009393618
895.9665,0.0093834158
895.9665,0.0093693827
895.9665,0.009362369
895.9665,0.0093549692
895.9665,0.0093549597
895.9665,0.0093449541
895.9665,0.0093381139
895.9665,0.0093334073
895.9665,0.0093301843
895.9665,0.0093234276
895.9665,0.0093174414
895.9665,0.0093111543
895.9665,0.0093031066
895.9665,0.0093005459
895.9665,0.0092970873
895.9665,0.0092943986
895.9665,0.009287674
895.9665,0.0092848928
895.9665,0.0092703627
895.9665,0.0092646155
895.9665,0.0092627877
895.9665,0.0092565308
895.9665,0.0092527765
895.9665,0.0092479369
895.9665,0.0092445466
895.9665,0.0092443073
895.9665,0.0092411136
895.9665,0.0092372801
895.9665,0.0092348955
895.9665,0.0092249885
895.9665,0.0092212618
895.9665,0.0092109738
895.9665,0.0092104103
895.9665,0.0092073011
895.9665,0.0092017982
895.9665,0.0091884956
895.9665,0.0091864836
895.9665,0.0091844762
895.9665,0.0091735464
895.9665,0.0091680947
895.9665,0.0091546167
895.9665,0.0091516647
895.9665,0.0091497443
895.9665,0.0091437086
895.9665,0.0091437014
895.9665,0.0091358938
895.9665,0.0091081212
895.9665,0.0091061805
895.9665,0.0090948269
895.9665,0.0090852804
895.9665,0.0090747561
895.9665,0.0090615248
895.9665,0.0090574158
895.9665,0.0090565059
895.9665,0.0090549576
895.9665,0.0090537484
895.9665,0.0090514883
895.9665,0.0090480165
895.9665,0.0090478121
895.9665,0.0090455862
895.9665,0.0090405188
895.9665,0.0090333389
895.9665,0.0090324516
895.9665,0.0090299703
895.9665,0.0090291827
895.9665,0.0090287285
895.9665,0.0090264981
895.9665,0.00902547
895.9665,0.009025389
895.9665,0.0090054224
895.9665,0.0089778328
895.9665,0.0089644639
895.9665,0.0089636193
895.9665,0.0089430596
895.9665,0.0089323876
895.9665,0.0089323144
895.9665,0.0089306814
895.9665,0.0089204675
895.9665,0.0089172021
895.9665,0.0089024688
895.9665,0.0088990644
895.9665,0.0088520862
895.9665,0.0088520507
895.9665,0.0088402382
895.9665,0.0088374082
895.9665,0.0088333917
895.9665,0.0088284028
895.9665,0.0088219593
895.9665,0.008820822
895.9665,0.0088192887
895.9665,0.0088080422
895.9665,0.0088051005
895.9665,0.0088044242
895.9665,0.0088039287
895.9665,0.0088000804
895.9665,0.0087999471
895.9665,0.0087974279
895.9665,0.0087951849
895.9665,0.0087888654
895.9665,0.0087671364
895.9665,0.008755059
895.9665,0.0087428951
895.9665,0.0087360719
895.9665,0.00872684
895.9665,0.0087260838
895.9665,0.0087252808
895.9665,0.0087212199
895.9665,0.008714445
895.9665,0.0086933568
895.9665,0.0086844359
895.9665,0.0086786928
895.9665,0.0086783087
895.9665,0.0086681755
895.9665,0.0086677464
895.9665,0.0086577839
895.9665,0.0086526828
895.9665,0.0086433658
895.9665,0.0085971061
895.9665,0.008594739
895.9665,0.0085803999
895.9665,0.008579714
895.9665,0.0085645161
895.9665,0.0085438901
895.9665,0.0085423085
895.9665,0.0085201109
895.9665,0.0085172497
895.9665,0.008504323
895.9665,0.0084974714
895.9665,0.0084932657
895.9665,0.0084642224
895.9665,0.0084515768
895.9665,0.0084451624
895.9665,0.0084314298
895.9665,0.0084306311
895.9665,0.008423721
895.9665,0.0084078931
895.9665,0.0083849925
895.9665,0.0083724346
895.9665,0.0083708236
895.9665,0.0083641946
895.9665,0.0083374978
895.9665,0.0083053502
895.9665,0.0082605828
895.9665,0.0082320693
895.9665,0.0082264484
895.9665,0.0082202632
895.9665,0.0082178526
895.9665,0.0082074196
895.9665,0.0081865546
895.9665,0.0081832124
895.9665,0.0081795658
895.9665,0.0081744547
895.9665,0.0081725196
895.9665,0.0081482978
895.9665,0.0081454435
895.9665,0.0081417173
895.9665,0.0081265701
895.9665,0.0081217172
895.9665,0.008119268
895.9665,0.00805451
895.9665,0.0080476876
895.9665,0.008047027
895.9665,0.0080462934
895.9665,0.0080231749
895.9665,0.0079976847
895.9665,0.0079825967
895.9665,0.007940028
895.9665,0.0078949352
895.9665,0.0078845458
895.9665,0.0078724704
895.9665,0.0078612919
895.9665,0.0078163136
895.9665,0.0078115723
895.9665,0.007808553
895.9665,0.0077992813
895.9665,0.0077991663
895.9665,0.0077907136
895.9665,0.0077731187
895.9665,0.0077705204
895.9665,0.0077597364
895.9665,0.0077520662
895.9665,0.0077509889
895.9665,0.0077366812
895.9665,0.0077315556
895.9665,0.0077234404
895.9665,0.0077083251
895.9665,0.0076998241
895.9665,0.0076820571
895.9665,0.0076808137
895.9665,0.0076779178
895.9665,0.0076307892
895.9665,0.0076103561
895.9665,0.0076100587
895.9665,0.0075997524
895.9665,0.0075749082
895.9665,0.007562709
895.9665,0.0075492527
895.9665,0.007540582
895.9665,0.0074649276
895.9665,0.0074108357
895.9665,0.007390275
895.9665,0.0073839017
895.9665,0.0073390919
895.9665,0.0073313825
895.9665,0.007331281
895.9665,0.0073253721
895.9665,0.0073126706
895.9665,0.0072961871
895.9665,0.0072961524
895.9665,0.0072883814
895.9665,0.007271007
895.9665,0.0072499228
895.9665,0.0072431173
895.9665,0.0072385777
895.9665,0.0072110832
895.9665,0.0071645653
895.9665,0.0070673845
895.9665,0.0070147633
895.9665,0.0070060209
895.9665,0.0069938418
895.9665,0.0069860321
895.9665,0.0069852978
895.9665,0.0069713006
895.9665,0.0069426114
895.9665,0.0069404567
895.9665,0.0069335794
895.9665,0.0069196923
895.9665,0.0069191945
895.9665,0.0068523061
895.9665,0.0068508244
895.9665,0.0068353447
895.9665,0.0068240274
895.9665,0.0068131795
895.9665,0.006809305
895.9665,0.0067913782
895.9665,0.0067901515
895.9665,0.0067826515
895.9665,0.0067603627
895.9665,0.0067485637
895.9665,0.0066943127
895.9665,0.0066755706
895.9665,0.0066736897
895.9665,0.006651884
895.9665,0.0066163221
895.9665,0.0065546921
895.9665,0.0065521301
895.9665,0.0065514303
895.9665,0.0065479329
895.9665,0.006541978
895.9665,0.0064500886
895.9665,0.0064234296
895.9665,0.0063929511
895.9665,0.0063897466
895.9665,0.006309274
895.9665,0.0062888785
895.9665,0.0062786545
895.9665,0.0062636822
895.9665,0.0062511659
895.9665,0.0061918446
895.9665,0.006059057
895.9665,0.0060379017
895.9665,0.005974229
895.9665,0.0059618359
895.9665,0.0059485338
895.9665,0.0059242481
895.9665,0.0058880853
895.9665,0.0058532508
895.9665,0.0058149579
895.9665,0.0057586567
895.9665,0.0057548415
895.9665,0.0056875164
895.9665,0.0056709068
895.9665,0.0056644358
895.9665,0.0056564029
895.9665,0.0056463065
895.9665,0.0054090576
895.9665,0.0053415491
895.9665,0.0052735345
895.9665,0.0052408377
895.9665,0.0052229143
895.9665,0.0051861026
895.9665,0.0051791003
895.9665,0.0051289326
895.9665,0.0050418203
895.9665,0.0049191986
895.9665,0.0048965033
895.9665,0.0048294538
895.9665,0.0048240542
895.9665,0.0048164494
895.9665,0.0047568151
895.9665,0.0046704866
895.9665,0.0046634776
895.9665,0.0046254062
895.9665,0.0042578383
895.9665,0.0042330866
895.9665,0.0041421274
895.9665,0.0040980886
895.9665,0.0040898864
895.9665,0.0040708537
895.9665,0.0038220692
895.9665,0.0037648471
895.9665,0.0035578495
895.9665,0.003281761
895.9665,0.003272135
895.9665,0.0030626517
895.9665,0.0023317787
895.9665,0.0022141577
895.9665,0.0021991943
895.9665,0.002077068
895.9665,0.0018945349
895.9665,0.0017117363
895.9665,0.0017006154
895.9665,0.0015556182
895.9665,0.0014129705
895.9665,0.0012709096
895.9665,0.0011167677
895.9665,0.0010356173
895.9665,0.00086662952
895.9665,0.00064940679
895.9665,0.00053268551
895.9665,0.0003524254
895.9665,5.7488177e-05
895.9665,3.8892707e-05
895.9665,-1.463957e-06
895.9665,-2.4602374e-05
895.9665,-0.00017181611
895.9665,-0.00033550901
895.9665,-0.00039881681
895.9665,-0.0005766143
895.9665,-0.00064354486
895.9665,-0.00066084318
895.9665,-0.00067023519
895.9665,-0.00082857295
895.9665,-0.0018786679
895.9665,-0.0019178085
895.9665,-0.0020107111
895.9665,-0.0020266627
895.9665,-0.0021478585
895.9665,-0.0021872032
895.9665,-0.0022004797
895.9665,-0.0022823055
895.9665,-0.0023163919
895.9665,-0.0024703798
895.9665,-0.0026706909
895.9665,-0.0031330831
895.9665,-0.0031356337
895.9665,-0.0031419985
895.9665,-0.0033394763
895.9665,-0.0034829899
895.9665,-0.0035380913
895.9665,-0.0035505552
895.9665,-0.0035968669
895.9665,-0.0039941804
895.9665,-0.0040746838
895.9665,-0.004111671
895.9665,-0.0041137957
895.9665,-0.0041355705
895.9665,-0.0043800589
895.9665,-0.00454802
895.9665,-0.0047369083
895.9665,-0.0048395779
895.9665,-0.0049108753
895.9665,-0.0049333407
895.9665,-0.0051048671
895.9665,-0.0052390038
895.9665,-0.0053180401
895.9665,-0.0053213666
895.9665,-0.0055017478
895.9665,-0.0055841788
895.9665,-0.0056434752
895.9665,-0.0056809579
895.9665,-0.0057739775
895.9665,-0.0059085263
895.9665,-0.0059858645
895.9665,-0.0062192643
895.9665,-0.0065059116
895.9665,-0.0067479466
895.9665,-0.0067902705
895.9665,-0.0069283016
895.9665,-0.0072454013
895.9665,-0.0073666155
895.9665,-0.00763318
895.9665,-0.0077571815
895.9665,-0.0077697638
895.9665,-0.0078396866
895.9665,-0.0086591236
895.9665,-0.0091096684
895.9665,-0.0091316413
895.9665,-0.0091387667
895.9665,-0.0092989622
895.9665,-0.0094077186
895.9665,-0.0095094316
895.9665,-0.0096318831
895.9665,-0.0096517433
895.9665,-0.0097417592
895.9665,-0.0098564638
895.9665,-0.0099056686
895.9665,-0.0099731325
903.9606,0.0099890967
903.9606,0.0098752237
903.9606,0.0098580692
903.9606,0.0097504325
903.9606,0.0097271152
903.9606,0.0096750717
903.9606,0.0096691287
903.9606,0.0096491985
903.9606,0.0096237242
903.9606,0.0096185577
903.9606,0.0096025546
903.9606,0.0095959258
903.9606,0.0095867868
903.9606,0.0095616425
903.9606,0.0095603654
903.9606,0.0095523888
903.9606,0.0095235023
903.9606,0.0095082967
903.9606,0.0095068708
903.9606,0.0094968864
903.9606,0.0094709937
903.9606,0.0094643857
903.9606,0.009450899
903.9606,0.0094487223
903.9606,0.0094459148
903.9606,0.0094433735
903.9606,0.0094240817
903.9606,0.0094185247
903.9606,0.0094161008
903.9606,0.0094074829
903.9606,0.0093950101
903.9606,0.0093904753
903.9606,0.009372552
903.9606,0.0093475745
903.9606,0.0093468552
903.9606,0.0093355598
903.9606,0.0093307998
903.9606,0.0092428861
903.9606,0.0092296547
903.9606,0.0092236609
903.9606,0.0092109752
903.9606,0.0092025948
903.9606,0.0092005177
903.9606,0.0091979144
903.9606,0.0091944849
903.9606,0.0091906814
903.9606,0.0091902567
903.9606,0.009189961
903.9606,0.0091848876
903.9606,0.0091670939
903.9606,0.0091634594
903.9606,0.0091591646
903.9606,0.0091172881
903.9606,0.0091021305
903.9606,0.0090897288
903.9606,0.0090808401
903.9606,0.0090788179
903.9606,0.0090746377
903.9606,0.0089958075
903.9606,0.0089943903
903.9606,0.0089473951
903.9606,0.0089299142
903.9606,0.0089282351
903.9606,0.0089206129
903.9606,0.0089193062
903.9606,0.008895406
903.9606,0.0088878151
903.9606,0.0088795546
903.9606,0.0088775547
903.9606,0.0088623778
903.9606,0.00885023
903.9606,0.0088484975
903.9606,0.0088474069
903.9606,0.0088373623
903.9606,0.0088236422
903.9606,0.00881302
903.9606,0.0088103552
903.9606,0.0087955242
903.9606,0.0087805134
903.9606,0.0087730268
903.9606,0.0087681974
903.9606,0.0087639338
903.9606,0.0087631968
903.9606,0.008731316
903.9606,0.0087211713
903.9606,0.0086635846
903.9606,0.0086586425
903.9606,0.0086334063
903.9606,0.0086193474
903.9606,0.0086117567
903.9606,0.0086035043
903.9606,0.0085797148
903.9606,0.0085309181
903.9606,0.0085305649
903.9606,0.0085243222
903.9606,0.0085215572
903.9606,0.0084851905
903.9606,0.0084789647
903.9606,0.0084340607
903.9606,0.0084267736
903.9606,0.0084263433
903.9606,0.0084197155
903.9606,0.008418878
903.9606,0.0084185873
903.9606,0.0084176792
903.9606,0.0084139245
903.9606,0.0084084999
903.9606,0.0083864465
903.9606,0.0083696683
903.9606,0.0083478082
903.9606,0.00834488
903.9606,0.0083439479
903.9606,0.0083252895
903.9606,0.0083082608
903.9606,0.0083024949
903.9606,0.00829688
903.9606,0.008296754
903.9606,0.0082910285
903.9606,0.0082907083
903.9606,0.0082897381
903.9606,0.0082690449
903.9606,0.0082630729
903.9606,0.0082420429
903.9606,0.0082417843
903.9606,0.0082396157
903.9606,0.008231535
903.9606,0.0082304875
903.9606,0.008228743
903.9606,0.0082200826
903.9606,0.0082198462
903.9606,0.0082149509
903.9606,0.0082107464
903.9606,0.0081937059
903.9606,0.0081911884
903.9606,0.0081739456
903.9606,0.0081721327
903.9606,0.008162031
903.9606,0.0081594157
903.9606,0.0081468508
903.9606,0.0081436026
903.9606,0.0081377876
903.9606,0.0081369822
903.9606,0.0081330376
903.9606,0.008129697
903.9606,0.0081294216
903.9606,0.0081197241
903.9606,0.0081007681
903.9606,0.0080909416
903.9606,0.0080847396
903.9606,0.0080457263
903.9606,0.0080133244
903.9606,0.0080041207
903.9606,0.0080037185
903.9606,0.0079970753
903.9606,0.0079892454
903.9606,0.0079773649
903.9606,0.0079762357
903.9606,0.0079756812
903.9606,0.0079691396
903.9606,0.00794837
903.9606,0.0079334927
903.9606,0.0079286805
903.9606,0.0079268619
903.9606,0.0079242274
903.9606,0.007913764
903.9606,0.0079137498
903.9606,0.0079122351
903.9606,0.007912045
903.9606,0.0079062518
903.9606,0.0079058556
903.9606,0.0078990482
903.9606,0.0078968803
903.9606,0.007895004
903.9606,0.0078783793
903.9606,0.0078782215
903.9606,0.0078738459
903.9606,0.0078726941
903.9606,0.0078695903
903.9606,0.007866066
903.9606,0.0078539505
903.9606,0.007837584
903.9606,0.0078367716
903.9606,0.0078294924
903.9606,0.0078293132
903.9606,0.0078150405
903.9606,0.0078134838
903.9606,0.0077892031
903.9606,0.0077776416
903.9606,0.0077711126
903.9606,0.0077552106
903.9606,0.0077544932
903.9606,0.0077491218
903.9606,0.0077469698
903.9606,0.0077465333
903.9606,0.0077460662
903.9606,0.0077299087
903.9606,0.0077202908
903.9606,0.0077108492
903.9606,0.0077061036
903.9606,0.007703315
903.9606,0.0077032162
903.9606,0.0077030807
903.9606,0.0077022542
903.9606,0.0076996222
903.9606,0.0076958397
903.9606,0.0076941212
903.9606,0.0076925899
903.9606,0.0076722817
903.9606,0.0076701312
903.9606,0.007669463
903.9606,0.0076373354
903.9606,0.0076365376
903.9606,0.0076285683
903.9606,0.0076255383
903.9606,0.0076249343
903.9606,0.007613761
903.9606,0.0075901558
903.9606,0.0075818208
903.9606,0.0075782567
903.9606,0.0075676359
903.9606,0.0075633854
903.9606,0.007551402
903.9606,0.0075478963
903.9606,0.00754676
903.9606,0.0075464152
903.9606,0.0075458663
903.9606,0.0075369935
903.9606,0.0075346981
903.9606,0.0075320978
903.9606,0.0075292094
903.9606,0.0075289806
903.9606,0.0075254479
903.9606,0.0075209169
903.9606,0.0075134703
903.9606,0.0075036335
903.9606,0.0075022685
903.9606,0.0075002881
903.9606,0.0074976834
903.9606,0.0074937469
903.9606,0.0074923151
903.9606,0.0074885098
903.9606,0.0074875539
903.9606,0.0074865563
903.9606,0.0074817512
903.9606,0.0074788555
903.9606,0.0074757814
903.9606,0.0074741533
903.9606,0.0074644804
903.9606,0.0074608995
903.9606,0.0074582737
903.9606,0.0074547385
903.9606,0.0074509601
903.9606,0.0074506192
903.9606,0.0074316647
903.9606,0.0074294941
903.9606,0.0074185538
903.9606,0.0074168208
903.9606,0.0074049277
903.9606,0.0074024231
903.9606,0.0073919673
903.9606,0.0073840909
903.9606,0.0073710459
903.9606,0.0073687531
903.9606,0.007368426
903.9606,0.0073519692
903.9606,0.0073515931
903.9606,0.0073294211
903.9606,0.0073241674
903.9606,0.0073139048
903.9606,0.0073107445
903.9606,0.0072964376
903.9606,0.0072932366
903.9606,0.0072792322
903.9606,0.0072757768
903.9606,0.0072743664
903.9606,0.0072734995
903.9606,0.007272739
903.9606,0.0072700161
903.9606,0.0072674176
903.9606,0.0072671182
903.9606,0.0072664296
903.9606,0.0072642882
903.9606,0.0072622687
903.9606,0.007255598
903.9606,0.0072489881
903.9606,0.0072369028
903.9606,0.0072303067
903.9606,0.0072247251
903.9606,0.0072224308
903.9606,0.0072192687
903.9606,0.0072185577
903.9606,0.0072171925
903.9606,0.0072158235
903.9606,0.0072077705
903.9606,0.0071926988
903.9606,0.0071925292
903.9606,0.0071912149
903.9606,0.0071867502
903.9606,0.0071765785
903.9606,0.0071714122
903.9606,0.0071662579
903.9606,0.0071550703
903.9606,0.0071506665
903.9606,0.0071491363
903.9606,0.0071486848
903.9606,0.0071421609
903.9606,0.0071398247
903.9606,0.0071385641
903.9606,0.0071337108
903.9606,0.0071225499
903.9606,0.0071153894
903.9606,0.0071089001
903.9606,0.0071060817
903.9606,0.0071032861
903.9606,0.0070981318
903.9606,0.0070957817
903.9606,0.0070874907
903.9606,0.0070795315
903.9606,0.0070778094
903.9606,0.0070630516
903.9606,0.00706058
903.9606,0.0070602316
903.9606,0.0070565489
903.9606,0.007054399
903.9606,0.0070432415
903.9606,0.0070423031
903.9606,0.0070395884
903.9606,0.0070383913
903.9606,0.0070211521
903.9606,0.0070150134
903.9606,0.0069929243
903.9606,0.0069912905
903.9606,0.0069670922
903.9606,0.0069638748
903.9606,0.0069626715
903.9606,0.0069584479
903.9606,0.0069539152
903.9606,0.0069526663
903.9606,0.0069501085
903.9606,0.0069500829
903.9606,0.00693508
903.9606,0.0069341127
903.9606,0.0069271289
903.9606,0.0069266123
903.9606,0.0069136124
903.9606,0.0069114612
903.9606,0.0069108781
903.9606,0.0069099447
903.9606,0.0068984242
903.9606,0.0068969098
903.9606,0.0068964792
903.9606,0.0068848998
903.9606,0.0068805987
903.9606,0.0068773874
903.9606,0.0068742225
903.9606,0.0068699375
903.9606,0.0068680465
903.9606,0.0068636999
903.9606,0.0068594027
903.9606,0.0068503439
903.9606,0.0068484329
903.9606,0.0068457967
903.9606,0.0068276966
903.9606,0.0068276203
903.9606,0.0068258035
903.9606,0.00680835
903.9606,0.0067810438
903.9606,0.0067771616
903.9606,0.0067747876
903.9606,0.0067747843
903.9606,0.0067723055
903.9606,0.0067691726
903.9606,0.0067672032
903.9606,0.0067526377
903.9606,0.0067441936
903.9606,0.0067376325
903.9606,0.0067314688
903.9606,0.0067202451
903.9606,0.0067094475
903.9606,0.0067034635
903.9606,0.0066910607
903.9606,0.0066833642
903.9606,0.0066778911
903.9606,0.006668388
903.9606,0.0066551446
903.9606,0.0066481659
903.9606,0.0066475875
903.9606,0.00664625
903.9606,0.0066350035
903.9606,0.0066312372
903.9606,0.0066140957
903.9606,0.0066135938
903.9606,0.0066134279
903.9606,0.0066084602
903.9606,0.0066040429
903.9606,0.0065973591
903.9606,0.0065903862
903.9606,0.0065836488
903.9606,0.0065826854
903.9606,0.0065811883
903.9606,0.0065811325
903.9606,0.0065795007
903.9606,0.0065791945
903.9606,0.0065756331
903.9606,0.0065749099
903.9606,0.0065661143
903.9606,0.006564487
903.9606,0.0065635594
903.9606,0.0065546331
903.9606,0.0065521048
903.9606,0.0065482249
903.9606,0.0065477966
903.9606,0.006537777
903.9606,0.0065368164
903.9606,0.0065314817
903.9606,0.0065258894
903.9606,0.0065253395
903.9606,0.0065250576
903.9606,0.0065227632
903.9606,0.00652249
903.9606,0.006518935
903.9606,0.0065166948
903.9606,0.0065131184
903.9606,0.0065128192
903.9606,0.0065002516
903.9606,0.0064995209
903.9606,0.0064892685
903.9606,0.0064789563
903.9606,0.006472898
903.9606,0.006471993
903.9606,0.0064707706
903.9606,0.0064651527
903.9606,0.006442622
903.9606,0.0064392488
903.9606,0.006436246
903.9606,0.0064304947
903.9606,0.0064286233
903.9606,0.0064250566
903.9606,0.0064200736
903.9606,0.0064130894
903.9606,0.0064071667
903.9606,0.0064006712
903.9606,0.0063956971
903.9606,0.0063949524
903.9606,0.0063943162
903.9606,0.0063762468
903.9606,0.0063754741
903.9606,0.0063741832
903.9606,0.0063688605
903.9606,0.0063587686
903.9606,0.0063556618
903.9606,0.0063464298
903.9606,0.0063448802
903.9606,0.0063444309
903.9606,0.0063400703
903.9606,0.0063395596
903.9606,0.0063362714
903.9606,0.0063292409
903.9606,0.0063258763
903.9606,0.0063232058
903.9606,0.0063213365
903.9606,0.0063208557
903.9606,0.0063103801
903.9606,0.0063087598
903.9606,0.0062789681
903.9606,0.0062662955
903.9606,0.0062611547
903.9606,0.0062610072
903.9606,0.0062583662
903.9606,0.0062546531
903.9606,0.0062462424
903.9606,0.0062446844
903.9606,0.0062394507
903.9606,0.0062294215
903.9606,0.0062013642
903.9606,0.0061906751
903.9606,0.0061479323
903.9606,0.0061359098
903.9606,0.006133061
903.9606,0.0061313177
903.9606,0.0061276985
903.9606,0.0061263392
903.9606,0.0061203729
903.9606,0.0061174554
903.9606,0.0061139007
903.9606,0.0061127727
903.9606,0.0061037047
903.9606,0.0060977635
903.9606,0.0060907954
903.9606,0.0060887602
903.9606,0.0060689811
903.9606,0.0060673464
903.9606,0.0060634973
903.9606,0.0060624173
903.9606,0.0060459939
903.9606,0.0060392081
903.9606,0.0060222119
903.9606,0.0060204363
903.9606,0.006019146
903.9606,0.0060153321
903.9606,0.0060109857
903.9606,0.0060107366
903.9606,0.0060050037
903.9606,0.0059874884
903.9606,0.005986535
903.9606,0.0059348128
903.9606,0.0059164608
903.9606,0.0059123079
903.9606,0.0059116484
903.9606,0.005904924
903.9606,0.0059028963
903.9606,0.0058905469
903.9606,0.0058730327
903.9606,0.0058651926
903.9606,0.0058527632
903.9606,0.0058293859
903.9606,0.0058273847
903.9606,0.0058118131
903.9606,0.0058094043
903.9606,0.0057983961
903.9606,0.0057972589
903.9606,0.0057954305
903.9606,0.0057921578
903.9606,0.0057824986
903.9606,0.0057823888
903.9606,0.0057818314
903.9606,0.0057810322
903.9606,0.0057748711
903.9606,0.0057521702
903.9606,0.0057495224
903.9606,0.0057465502
903.9606,0.0057318236
903.9606,0.0057278172
903.9606,0.0057242171
903.9606,0.0057231949
903.9606,0.005708708
903.9606,0.0056923567
903.9606,0.0056682138
903.9606,0.0056373752
903.9606,0.0056359035
903.9606,0.005588827
903.9606,0.0055865358
903.9606,0.005574238
903.9606,0.0055723253
903.9606,0.0055441807
903.9606,0.0055437657
903.9606,0.0055428714
903.9606,0.0055173408
903.9606,0.0055130362
903.9606,0.0054936909
903.9606,0.005493629
903.9606,0.0054808122
903.9606,0.0054668896
903.9606,0.0054424989
903.9606,0.0054382412
903.9606,0.0054298224
903.9606,0.005421837
903.9606,0.0054035578
903.9606,0.0054019026
903.9606,0.0053903002
903.9606,0.0053832109
903.9606,0.0053769495
903.9606,0.0053727015
903.9606,0.0053673192
903.9606,0.0053612146
903.9606,0.0053499383
903.9606,0.0053416523
903.9606,0.0053338404
903.9606,0.0053221221
903.9606,0.0053208231
903.9606,0.005286679
903.9606,0.0052767595
903.9606,0.0052697111
903.9606,0.0052650574
903.9606,0.0052500593
903.9606,0.0052370713
903.9606,0.0052283707
903.9606,0.0052176395
903.9606,0.0052001743
903.9606,0.0051795886
903.9606,0.005149594
903.9606,0.00514582
903.9606,0.0051214604
903.9606,0.0051066073
903.9606,0.0050941168
903.9606,0.0050826488
903.9606,0.0050544567
903.9606,0.0050474899
903.9606,0.0049919335
903.9606,0.0049887648
903.9606,0.0049567215
903.9606,0.0049469695
903.9606,0.0049464952
903.9606,0.0049423117
903.9606,0.0049355688
903.9606,0.0048675674
903.9606,0.0048507199
903.9606,0.0048506139
903.9606,0.0047939204
903.9606,0.0047825861
903.9606,0.0047521646
903.9606,0.0046795366
903.9606,0.004672919
903.9606,0.004622177
903.9606,0.0046185617
903.9606,0.004582618
903.9606,0.0045824543
903.9606,0.0045732971
903.9606,0.0045339348
903.9606,0.004530158
903.9606,0.0044944641
903.9606,0.0044457863
903.9606,0.0044070704
903.9606,0.0043587461
903.9606,0.0043277126
903.9606,0.0043044959
903.9606,0.0042884086
903.9606,0.0042860355
903.9606,0.0042758576
903.9606,0.004175647
903.9606,0.004121696
903.9606,0.0040994772
903.9606,0.004091569
903.9606,0.0040911022
903.9606,0.0040636024
903.9606,0.0040628179
903.9606,0.0040182267
903.9606,0.0038988221
903.9606,0.0037857911
903.9606,0.0036916931
903.9606,0.0036562835
903.9606,0.0036392124
903.9606,0.0036167246
903.9606,0.0036001632
903.9606,0.0035962326
903.9606,0.0035807124
903.9606,0.0035792094
903.9606,0.0035776855
903.9606,0.0035603671
903.9606,0.0035028189
903.9606,0.0034659322
903.9606,0.0033162409
903.9606,0.0032737115
903.9606,0.0032359239
903.9606,0.0032102247
903.9606,0.003085045
903.9606,0.0030836436
903.9606,0.0030126905
903.9606,0.0029852577
903.9606,0.0029724529
903.9606,0.0029633394
903.9606,0.0029618724
903.9606,0.0029336214
903.9606,0.002914823
903.9606,0.0028699803
903.9606,0.0028454548
903.9606,0.0027636445
903.9606,0.0027595715
903.9606,0.0027506565
903.9606,0.0027260049
903.9606,0.0026786281
903.9606,0.0026558792
903.9606,0.0026341403
903.9606,0.002561398
903.9606,0.0025606556
903.9606,0.0025544421
903.9606,0.0023542307
903.9606,0.0023359605
903.9606,0.0022760031
903.9606,0.0022044748
903.9606,0.0020868301
903.9606,0.0020858124
903.9606,0.0019699062
903.9606,0.0019676225
903.9606,0.001725797
903.9606,0.0016392436
903.9606,0.0015416956
903.9606,0.0015272849
903.9606,0.0014728188
903.9606,0.0014239998
903.9606,0.0012609495
903.9606,0.0011086309
903.9606,0.0011022392
903.9606,0.00093461158
903.9606,0.00084889419
903.9606,0.00077043638
903.9606,0.00074598951
903.9606,0.00074194731
903.9606,0.00073685621
903.9606,0.0007342432
903.9606,0.00073145033
903.9606,0.00065918355
903.9606,0.00059715692
903.9606,0.00055108482
903.9606,0.00044316984
903.9606,0.00022211091
903.9606,0.00016421394
903.9606,0.00012942478
903.9606,-0.00016189688
903.9606,-0.0002949946
903.9606,-0.00052961329
903.9606,-0.00056518642
903.9606,-0.0010348441
903.9606,-0.0011684949
903.9606,-0.0012018798
903.9606,-0.0012690214
903.9606,-0.0014234258
903.9606,-0.0015242944
903.9606,-0.0015624667
903.9606,-0.0015684177
903.9606,-0.0016068468
903.9606,-0.0016386725
903.9606,-0.0016662265
903.9606,-0.0017059067
903.9606,-0.0017127759
903.9606,-0.0017923267
903.9606,-0.0019125172
903.9606,-0.0021506543
903.9606,-0.0022738987
903.9606,-0.0023425824
903.9606,-0.0026966104
903.9606,-0.0028629481
903.9606,-0.002865328
903.9606,-0.0034909952
903.9606,-0.0035187845
903.9606,-0.0042123656
903.9606,-0.0042926575
903.9606,-0.0049599692
903.9606,-0.0053351462
903.9606,-0.0058574639
903.9606,-0.0058967256
903.9606,-0.0059555854
903.9606,-0.0060482605
903.9606,-0.0063223918
903.9606,-0.0068016871
903.9606,-0.0071639642
903.9606,-0.007166734
903.9606,-0.0076881907
903.9606,-0.0077585421
903.9606,-0.0079696249
903.9606,-0.0087966114
917.1639,0.0099941986
917.1639,0.0099841851
917.1639,0.009964388
917.1639,0.0099573483
917.1639,0.0099533224
917.1639,0.0099487092
917.1639,0.0099358627
917.1639,0.0099245465
917.1639,0.0099208299
917.1639,0.0099160873
917.1639,0.009899444
917.1639,0.0098953685
917.1639,0.0098883197
917.1639,0.0098727403
917.1639,0.009862445
917.1639,0.0098500227
917.1639,0.0098456752
917.1639,0.0098389972
917.1639,0.0098262286
917.1639,0.0098220261
917.1639,0.0098148376
917.1639,0.0098115172
917.1639,0.0098095695
917.1639,0.0097857275
917.1639,0.0097840816
917.1639,0.0097778025
917.1639,0.0097753255
917.1639,0.0097634506
917.1639,0.0097563961
917.1639,0.0097471662
917.1639,0.0097319575
917.1639,0.0097278624
917.1639,0.0097053548
917.1639,0.0097013785
917.1639,0.0096959814
917.1639,0.0096716711
917.1639,0.0096605781
917.1639,0.0096561819
917.1639,0.009653227
917.1639,0.0096474712
917.1639,0.0096470229
917.1639,0.009645783
917.1639,0.0096380764
917.1639,0.009621463
917.1639,0.0096203906
917.1639,0.0096186415
917.1639,0.0096073697
917.1639,0.0095953385
917.1639,0.0095909201
917.1639,0.0095783853
917.1639,0.0095730492
917.1639,0.0095708299
917.1639,0.0095660593
917.1639,0.0095632352
917.1639,0.0095382667
917.1639,0.0095360873
917.1639,0.0095344952
917.1639,0.009534371
917.1639,0.0095222671
917.1639,0.0095194619
917.1639,0.0095058308
917.1639,0.0094628178
917.1639,0.0094363595
917.1639,0.0094253747
917.1639,0.009412767
917.1639,0.0094012547
917.1639,0.0093933713
917.1639,0.0093896224
917.1639,0.0093816875
917.1639,0.0093755859
917.1639,0.0093656931
917.1639,0.0093591877
917.1639,0.0093317857
917.1639,0.009284309
917.1639,0.0092607441
917.1639,0.0092594543
917.1639,0.0092572837
917.1639,0.0092571231
917.1639,0.0092440854
917.1639,0.0092429703
917.1639,0.0092298577
917.1639,0.0092126708
917.1639,0.0091954633
917.1639,0.0091724561
917.1639,0.0091619775
917.1639,0.0091378674
917.1639,0.0091144339
917.1639,0.0090928448
917.1639,0.0090853263
917.1639,0.0090810082
917.1639,0.0090758399
917.1639,0.0090582427
917.1639,0.0090471493
917.1639,0.0089635298
917.1639,0.0089189522
917.1639,0.0089182997
917.1639,0.0089104686
917.1639,0.0088759528
917.1639,0.0088711538
917.1639,0.0088188506
917.1639,0.0088117419
917.1639,0.0088093385
917.1639,0.0087676456
917.1639,0.0087564499
917.1639,0.00873696
917.1639,0.0087327797
917.1639,0.0087277231
917.1639,0.008717243
917.1639,0.0087081404
917.1639,0.0086860648
917.1639,0.0086733803
917.1639,0.0084782624
917.1639,0.0084730613
917.1639,0.0084656125
917.1639,0.0083873606
917.1639,0.0083781604
917.1639,0.00837024
917.1639,0.008347048
917.1639,0.0083427294
917.1639,0.0083365394
917.1639,0.008322009
917.1639,0.0082753461
917.1639,0.0082707085
917.1639,0.0082592291
917.1639,0.0082415
917.1639,0.0081822104
917.1639,0.0081790706
917.1639,0.0081785684
917.1639,0.0081558043
917.1639,0.0081401357
917.1639,0.0080322271
917.1639,0.0079663896
917.1639,0.0078438948
917.1639,0.0078193732
917.1639,0.0078056041
917.1639,0.0077804502
917.1639,0.0077275509
917.1639,0.0077178514
917.1639,0.0077072999
917.1639,0.0076411835
917.1639,0.0076211694
917.1639,0.0076119884
917.1639,0.0075794187
917.1639,0.0073929657
917.1639,0.0073093445
917.1639,0.0072472128
917.1639,0.0071525192
917.1639,0.0071499627
917.1639,0.0068224442
917.1639,0.0068155577
917.1639,0.0067968638
917.1639,0.0067645526
917.1639,0.0067545208
917.1639,0.006737457
917.1639,0.006633205
917.1639,0.0065545577
917.1639,0.0065089623
917.1639,0.0065042718
917.1639,0.0065017723
917.1639,0.0064002256
917.1639,0.0063458698
917.1639,0.0061677905
917.1639,0.0060676337
917.1639,0.0058611898
917.1639,0.0058313202
917.1639,0.0057869022
917.1639,0.0055794066
917.1639,0.0047720292
917.1639,0.0046086864
917.1639,0.0035467124
917.1639,0.0034806209
917.1639,0.0027062999
922.4949,0.0099808924
922.4949,0.0099724326
922.4949,0.009960483
922.4949,0.009959512
922.4949,0.0099114319
922.4949,0.0099021971
922.4949,0.0098831363
922.4949,0.0098500715
922.4949,0.0098472453
922.4949,0.0098464817
922.4949,0.0098381581
922.4949,0.0098167003
922.4949,0.0097953606
922.4949,0.0097826135
922.4949,0.0097708346
922.4949,0.0097612244
922.4949,0.0097492661
922.4949,0.0097413263
922.4949,0.0097341352
922.4949,0.0097320981
922.4949,0.0097210548
922.4949,0.0096733561
922.4949,0.0096664377
922.4949,0.0096475529
922.4949,0.0096444143
922.4949,0.0096395366
922.4949,0.0096373186
922.4949,0.009618603
922.4949,0.0096099462
922.4949,0.0095906914
922.4949,0.0095673174
922.4949,0.0095605837
922.4949,0.0095568101
922.4949,0.0095543747
922.4949,0.0095533232
922.4949,0.0095301873
922.4949,0.0095115224
922.4949,0.0095049456
922.4949,0.009504068
922.4949,0.0094874311
922.4949,0.0094871813
922.4949,0.0094800685
922.4949,0.0094749647
922.4949,0.009473635
922.4949,0.0094066008
922.4949,0.0093942881
922.4949,0.0093924706
922.4949,0.0093777313
922.4949,0.0093742706
922.4949,0.0093690274
922.4949,0.0093638559
922.4949,0.0093620019
922.4949,0.0093523352
922.4949,0.0093470578
922.4949,0.0093327419
922.4949,0.0093189243
922.4949,0.0093180317
922.4949,0.0093139436
922.4949,0.0093128796
922.4949,0.0092892384
922.4949,0.0092871476
922.4949,0.0092547517
922.4949,0.0092539303
922.4949,0.009242818
922.4949,0.0092322349
922.4949,0.0092237511
922.4949,0.0092127429
922.4949,0.0092062904
922.4949,0.0091979474
922.4949,0.0091673683
922.4949,0.0091306897
922.4949,0.0091298029
922.4949,0.0091259841
922.4949,0.0090669092
922.4949,0.0090626191
922.4949,0.0090511371
922.4949,0.0090236999
922.4949,0.0090025972
922.4949,0.0089904084
922.4949,0.0089721623
922.4949,0.008964791
922.4949,0.0089420616
922.4949,0.0089188931
922.4949,0.0089127133
922.4949,0.0088997841
922.4949,0.0088983166
922.4949,0.0088964128
922.4949,0.0088869173
922.4949,0.0088845691
922.4949,0.008878272
922.4949,0.0088392701
922.4949,0.0087830215
922.4949,0.0087783765
922.4949,0.0087468116
922.4949,0.0087403019
922.4949,0.0087212669
922.4949,0.0087132145
922.4949,0.0086933826
922.4949,0.0086928529
922.4949,0.0086770146
922.4949,0.0086209733
922.4949,0.008585621
922.4949,0.0085748277
922.4949,0.0085577743
922.4949,0.0085521441
922.4949,0.0085400373
922.4949,0.0085347122
922.4949,0.0084721792
922.4949,0.0084215516
922.4949,0.0084172322
922.4949,0.0084150712
922.4949,0.0082698831
922.4949,0.0082306422
922.4949,0.0082200932
922.4949,0.0081805515
922.4949,0.0081674887
922.4949,0.0081484059
922.4949,0.0081180468
922.4949,0.008105573
922.4949,0.0080578151
922.4949,0.0080002827
922.4949,0.0079478296
922.4949,0.0079215691
922.4949,0.0078618146
922.4949,0.0078232148
922.4949,0.0077950382
922.4949,0.0074246234
922.4949,0.0073360321
922.4949,0.0067684065
922.4949,0.0066374428
922.4949,0.0065085213
922.4949,0.0062136891
922.4949,0.0056818603
922.4949,0.0056491896
922.4949,0.0056341026
922.4949,0.0054402791
922.4949,0.0053909865
922.4949,0.0051252795
922.4949,0.0050122034
922.4949,0.0049723292
922.4949,0.0033455398
922.4949,0.0030849164
922.4949,0.0025542981
922.4949,0.0017253929
922.4949,0.00096216419
922.4949,-0.0014642868
922.4949,-0.0015413809
922.4949,-0.0015680201
922.4949,-0.00247753
922.4949,-0.0026855592
922.4949,-0.0029848671
922.4949,-0.0035082214
922.4949,-0.0037565808
922.4949,-0.003865524
922.4949,-0.004036254
922.4949,-0.0042034688
922.4949,-0.0044607537
922.4949,-0.0052085554
922.4949,-0.0052503533
922.4949,-0.0055442925
922.4949,-0.0057432272
922.4949,-0.0058758447
922.4949,-0.0059085995
922.4949,-0.00593334
922.4949,-0.0061764544
922.4949,-0.0064635335
922.4949,-0.006568766
922.4949,-0.006605475
922.4949,-0.0066182347
922.4949,-0.0068891907
922.4949,-0.0070475554
922.4949,-0.0071370676
922.4949,-0.007298781
922.4949,-0.0073883077
922.4949,-0.0073908491
922.4949,-0.007595961
922.4949,-0.0077973752
922.4949,-0.0078169034
922.4949,-0.0078316604
922.4949,-0.0079066028
922.4949,-0.0079695904
922.4949,-0.0080917696
922.4949,-0.0081996569
922.4949,-0.0083936855
922.4949,-0.0085434731
922.4949,-0.0086425998
922.4949,-0.0087574541
922.4949,-0.0088392242
922.4949,-0.0095334924
922.4949,-0.0095903695
922.4949,-0.0098902328
923.4644,0.0099969021
923.4644,0.009991594
923.4644,0.0099877749
923.4644,0.0099860935
923.4644,0.0099807074
923.4644,0.0099699575
923.4644,0.0099692239
923.4644,0.0099686847
923.4644,0.0099684915
923.4644,0.0099661116
923.4644,0.0099635032
923.4644,0.009961765
923.4644,0.0099592907
923.4644,0.0099493201
923.4644,0.0099490879
923.4644,0.0099348331
923.4644,0.0099327833
923.4644,0.0099322074
923.4644,0.0099122006
923.4644,0.0099087584
923.4644,0.009905639
923.4644,0.0099044538
923.4644,0.0099038063
923.4644,0.0099014514
923.4644,0.0098978554
923.4644,0.0098954067
923.4644,0.0098952595
923.4644,0.009890033
923.4644,0.0098894244
923.4644,0.0098888094
923.4644,0.0098874433
923.4644,0.0098859267
923.4644,0.0098822765
923.4644,0.0098698311
923.4644,0.0098672006
923.4644,0.0098670318
923.4644,0.0098568613
923.4644,0.0098546884
923.4644,0.0098506556
923.4644,0.0098372612
923.4644,0.0098332538
923.4644,0.0098259851
923.4644,0.0098205903
923.4644,0.0098189607
923.4644,0.0098171776
923.4644,0.0098170516
923.4644,0.0098151095
923.4644,0.0098078686
923.4644,0.0098060976
923.4644,0.0098018028
923.4644,0.009789958
923.4644,0.0097874265
923.4644,0.009782467
923.4644,0.0097804791
923.4644,0.0097794722
923.4644,0.0097726504
923.4644,0.0097693715
923.4644,0.0097638931
923.4644,0.0097590581
923.4644,0.0097553305
923.4644,0.0097530383
923.4644,0.0097419723
923.4644,0.0097406911
923.4644,0.0097383144
923.4644,0.0097364839
923.4644,0.0097241235
923.4644,0.009716089
923.4644,0.0097057495
923.4644,0.0096994283
923.4644,0.0096938703
923.4644,0.0096852198
923.4644,0.0096753178
923.4644,0.0096729164
923.4644,0.0096685185
923.4644,0.009668456
923.4644,0.0096531812
923.4644,0.0096487055
923.4644,0.0096425955
923.4644,0.0096328157
923.4644,0.0096230399
923.4644,0.0096201354
923.4644,0.0096201257
923.4644,0.0096132563
923.4644,0.0096105388
923.4644,0.0096019386
923.4644,0.0095958526
923.4644,0.0095723333
923.4644,0.0095718028
923.4644,0.0095686333
923.4644,0.009560496
923.4644,0.0095567885
923.4644,0.0095490243
923.4644,0.0095347274
923.4644,0.0095026424
923.4644,0.0094984593
923.4644,0.0094975346
923.4644,0.0094959185
923.4644,0.009490844
923.4644,0.0094758795
923.4644,0.0094748608
923.4644,0.0094683087
923.4644,0.0094615598
923.4644,0.00945226
923.4644,0.0094442112
923.4644,0.0094409593
923.4644,0.0094017799
923.4644,0.0093990364
923.4644,0.0093922436
923.4644,0.0093767548
923.4644,0.0093630458
923.4644,0.0093599237
923.4644,0.0093496074
923.4644,0.0093445212
923.4644,0.0093366306
923.4644,0.0093224275
923.4644,0.0093024883
923.4644,0.0092909986
923.4644,0.00928667
923.4644,0.0092296543
923.4644,0.0092259245
923.4644,0.0092173167
923.4644,0.0092140806
923.4644,0.0092089159
923.4644,0.0092031383
923.4644,0.0091933519
923.4644,0.0091753208
923.4644,0.0091596289
923.4644,0.0091464792
923.4644,0.0091381907
923.4644,0.0091365451
923.4644,0.0091279827
923.4644,0.0091260628
923.4644,0.0091167498
923.4644,0.0091105316
923.4644,0.0090990068
923.4644,0.0090890717
923.4644,0.0090839765
923.4644,0.0090819965
923.4644,0.009079306
923.4644,0.0090708872
923.4644,0.0090591365
923.4644,0.009043193
923.4644,0.0090370813
923.4644,0.0090345089
923.4644,0.0090334128
923.4644,0.0090039506
923.4644,0.0090002459
923.4644,0.0089859192
923.4644,0.0089850461
923.4644,0.0089598162
923.4644,0.0089452543
923.4644,0.0089232276
923.4644,0.0088984677
923.4644,0.0088713001
923.4644,0.0088549258
923.4644,0.0088493421
923.4644,0.0088419702
923.4644,0.0088380964
923.4644,0.0088287374
923.4644,0.0088184119
923.4644,0.008812012
923.4644,0.0088035328
923.4644,0.0087909215
923.4644,0.0087813511
923.4644,0.0087583811
923.4644,0.0087469805
923.4644,0.0087292776
923.4644,0.00871403
923.4644,0.0086955353
923.4644,0.0086954548
923.4644,0.0086946557
923.4644,0.0086838293
923.4644,0.0086579792
923.4644,0.0086432166
923.4644,0.0086317153
923.4644,0.0086088072
923.4644,0.008604816
923.4644,0.0085993183
923.4644,0.0085742866
923.4644,0.0085304585
923.4644,0.0085083709
923.4644,0.0085061505
923.4644,0.0084916855
923.4644,0.0084897799
923.4644,0.0084873527
923.4644,0.0084673732
923.4644,0.008460703
923.4644,0.0084486677
923.4644,0.0084436758
923.4644,0.0084297995
923.4644,0.0084123981
923.4644,0.0084118029
923.4644,0.0084049682
923.4644,0.0083929264
923.4644,0.0083894893
923.4644,0.0083586006
923.4644,0.0083541101
923.4644,0.008337045
923.4644,0.0083147775
923.4644,0.0083136037
923.4644,0.0082186653
923.4644,0.0082136115
923.4644,0.0082098145
923.4644,0.0082013868
923.4644,0.0081992359
923.4644,0.0081896849
923.4644,0.0081662459
923.4644,0.0081368351
923.4644,0.0081357133
923.4644,0.0081330143
923.4644,0.0081017723
923.4644,0.008092481
923.4644,0.0080921248
923.4644,0.0080611885
923.4644,0.0080389407
923.4644,0.0080302279
923.4644,0.0080293969
923.4644,0.0079958781
923.4644,0.0079736761
923.4644,0.0079631495
923.4644,0.0079619181
923.4644,0.0079604371
923.4644,0.0079001821
923.4644,0.0078758186
923.4644,0.0077977975
923.4644,0.0077821128
923.4644,0.0076052761
923.4644,0.0075793019
923.4644,0.00757314
923.4644,0.0075614689
923.4644,0.0075458348
923.4644,0.0075363647
923.4644,0.0075124574
923.4644,0.0075026146
923.4644,0.0074196967
923.4644,0.0073898919
923.4644,0.0073735769
923.4644,0.0072794485
923.4644,0.007273006
923.4644,0.0072175829
923.4644,0.0071859172
923.4644,0.0071080897
923.4644,0.0070889414
923.4644,0.0070788074
923.4644,0.0070144437
923.4644,0.0069711391
923.4644,0.0069554033
923.4644,0.0068675189
923.4644,0.0067893084
923.4644,0.006785855
923.4644,0.0067803569
923.4644,0.0067773257
923.4644,0.0067549336
923.4644,0.0067155112
923.4644,0.0065665521
923.4644,0.0065126348
923.4644,0.0063863723
923.4644,0.0063718149
923.4644,0.0063501941
923.4644,0.0062378177
923.4644,0.0062062174
923.4644,0.0061684412
923.4644,0.0060592277
923.4644,0.005935457
923.4644,0.0057831798
923.4644,0.0057796453
923.4644,0.0056710114
923.4644,0.0055605625
923.4644,0.0054177831
923.4644,0.0053686178
923.4644,0.0053212467
923.4644,0.0053055115
923.4644,0.0048359578
923.4644,0.0046989098
923.4644,0.0046964472
923.4644,0.0044122475
923.4644,0.0043890414
923.4644,0.0043860962
923.4644,0.0043483574
923.4644,0.0042224206
923.4644,0.0039992137
923.4644,0.003657575
923.4644,0.0036137074
923.4644,0.0033006875
923.4644,0.0032714974
923.4644,0.0032363398
923.4644,0.0032089844
923.4644,0.0030771497
923.4644,0.0030183146
923.4644,0.0029654578
923.4644,0.0028992248
923.4644,0.0028941443
923.4644,0.0028865459
923.4644,0.0026647534
923.4644,0.0022771794
923.4644,0.0022544271
923.4644,0.0017124153
923.4644,0.0011432417
923.4644,0.00099147544
923.4644,0.00080343526
923.4644,0.00080022596
923.4644,0.00079778773
923.4644,0.00071940326
923.4644,0.00063981218
923.4644,0.00020566342
923.4644,0.00015413688
923.4644,-2.8584318e-05
923.4644,-0.00013265439
923.4644,-0.00054023111
923.4644,-0.00056644742
923.4644,-0.0005824338
923.4644,-0.00067151146
923.4644,-0.00076967143
923.4644,-0.00077731327
923.4644,-0.00085609852
923.4644,-0.0010097929
923.4644,-0.0010357244
923.4644,-0.001162898
923.4644,-0.0013811209
923.4644,-0.0014369155
923.4644,-0.0015927279
923.4644,-0.0016027296
923.4644,-0.0017511776
923.4644,-0.0018496535
923.4644,-0.0019781583
923.4644,-0.0022036352
923.4644,-0.0023039303
923.4644,-0.0024027779
923.4644,-0.002414401
923.4644,-0.0024492851
923.4644,-0.0024747062
923.4644,-0.0024909509
923.4644,-0.0025281098
923.4644,-0.0025720204
923.4644,-0.0026381298
923.4644,-0.0026821007
923.4644,-0.0028884079
923.4644,-0.0030715292
923.4644,-0.0033135977
923.4644,-0.0033555705
923.4644,-0.0033601588
923.4644,-0.0033693855
923.4644,-0.0033724764
923.4644,-0.0034379381
923.4644,-0.0035167906
923.4644,-0.0035444709
923.4644,-0.0036197668
923.4644,-0.0036541246
923.4644,-0.003712622
923.4644,-0.0037559062
923.4644,-0.0038058039
923.4644,-0.0038778696
923.4644,-0.0038821663
923.4644,-0.0040139499
923.4644,-0.004022773
923.4644,-0.0040277981
923.4644,-0.004240236
923.4644,-0.004251141
923.4644,-0.0042628089
923.4644,-0.0042826996
923.4644,-0.0043923155
923.4644,-0.0044441955
923.4644,-0.004674791
923.4644,-0.0047285262
923.4644,-0.0047403001
923.4644,-0.0047549008
923.4644,-0.004930694
923.4644,-0.0049503049
923.4644,-0.0050602457
923.4644,-0.0051062298
923.4644,-0.0051600919
923.4644,-0.0051623435
923.4644,-0.0051721606
923.4644,-0.0051820731
923.4644,-0.0052055426
923.4644,-0.0052112139
923.4644,-0.0052593787
923.4644,-0.0052599712
923.4644,-0.0055027386
923.4644,-0.0055698104
923.4644,-0.005665848
923.4644,-0.0057831835
923.4644,-0.0058314111
923.4644,-0.0059751532
923.4644,-0.005983363
923.4644,-0.0061367716
923.4644,-0.0061520131
923.4644,-0.0062017445
923.4644,-0.0063778081
923.4644,-0.0064133529
923.4644,-0.0064418406
923.4644,-0.0065172198
923.4644,-0.0065666952
923.4644,-0.0066094241
923.4644,-0.0066670301
923.4644,-0.0072059438
923.4644,-0.0073021132
923.4644,-0.0075258059
923.4644,-0.0077506188
923.4644,-0.0079060973
923.4644,-0.0080117609
923.4644,-0.0084257062
923.4644,-0.0084691036
923.4644,-0.0084768065
923.4644,-0.0085491906
923.4644,-0.0085933474
923.4644,-0.0086444716
923.4644,-0.0086884912
923.4644,-0.0090083593
923.4644,-0.0093067482
923.4644,-0.0093545341
923.4644,-0.0093765321
923.4644,-0.0096021146
923.4644,-0.0096837601
923.4644,-0.0097508423
923.4644,-0.0097578851
923.4644,-0.009816646
928.4634,0.0099872914
928.4634,0.009981518
928.4634,0.0099558305
928.4634,0.0099521914
928.4634,0.0099249407
928.4634,0.0099181788
928.4634,0.0099158865
928.4634,0.009892472
928.4634,0.0098854796
928.4634,0.0098686009
928.4634,0.0098479535
928.4634,0.0098190811
928.4634,0.0097841625
928.4634,0.0097676484
928.4634,0.0097675525
928.4634,0.0097578025
928.4634,0.0097424099
928.4634,0.0097241227
928.4634,0.009723938
928.4634,0.009715969
928.4634,0.0097127351
928.4634,0.009699863
928.4634,0.0096938065
928.4634,0.0096861407
928.4634,0.0096712406
928.4634,0.0096665854
928.4634,0.0096527841
928.4634,0.0096453549
928.4634,0.0096271732
928.4634,0.0096252365
928.4634,0.0096240815
928.4634,0.009620278
928.4634,0.0096014976
928.4634,0.0095722657
928.4634,0.0095608777
928.4634,0.0095146188
928.4634,0.0094749091
928.4634,0.0094592795
928.4634,0.0094186864
928.4634,0.00939779
928.4634,0.0093814125
928.4634,0.009354102
928.4634,0.0093519515
928.4634,0.0093285266
928.4634,0.0093210445
928.4634,0.0093208755
928.4634,0.0093115588
928.4634,0.0093000824
928.4634,0.0092959758
928.4634,0.0092714225
928.4634,0.0092591591
928.4634,0.0092174895
928.4634,0.0091976351
928.4634,0.0091022147
928.4634,0.0090884244
928.4634,0.0090806863
928.4634,0.0090782587
928.4634,0.0090523651
928.4634,0.0090431451
928.4634,0.0090400705
928.4634,0.0090309817
928.4634,0.0090226686
928.4634,0.0090019264
928.4634,0.0089895017
928.4634,0.0089804205
928.4634,0.0089774113
928.4634,0.0089609627
928.4634,0.0088991688
928.4634,0.0088906443
928.4634,0.0088883284
928.4634,0.0088833552
928.4634,0.0088722714
928.4634,0.0088686427
928.4634,0.0088026764
928.4634,0.0087687173
928.4634,0.0087646928
928.4634,0.0087491832
928.4634,0.0087415456
928.4634,0.0087255946
928.4634,0.0087248947
928.4634,0.0087124701
928.4634,0.0087106461
928.4634,0.0086869878
928.4634,0.0086679788
928.4634,0.0085958545
928.4634,0.0085867802
928.4634,0.0085571612
928.4634,0.0085389418
928.4634,0.0085329665
928.4634,0.0085283002
928.4634,0.0084820678
928.4634,0.0084335405
928.4634,0.0084154825
928.4634,0.0083988723
928.4634,0.008309012
928.4634,0.0082858978
928.4634,0.0082292004
928.4634,0.0082119574
928.4634,0.0082051076
928.4634,0.0081935967
928.4634,0.0081239738
928.4634,0.0079551848
928.4634,0.0079510772
928.4634,0.0079326565
928.4634,0.0079031849
928.4634,0.0078987743
928.4634,0.0078855407
928.4634,0.0078200233
928.4634,0.007784984
928.4634,0.0077653162
928.4634,0.0077308641
928.4634,0.0077105639
928.4634,0.0076859642
928.4634,0.0076750998
928.4634,0.0076716861
928.4634,0.0075791998
928.4634,0.0075400307
928.4634,0.0074331055
928.4634,0.0073465155
928.4634,0.0073179421
928.4634,0.0072068565
928.4634,0.0071897187
928.4634,0.0071393802
928.4634,0.0070975033
928.4634,0.0070283601
928.4634,0.0070175936
928.4634,0.0070035136
928.4634,0.0069774462
928.4634,0.006961067
928.4634,0.0068479254
928.4634,0.0068406584
928.4634,0.0067938724
928.4634,0.0067929728
928.4634,0.0067751379
928.4634,0.0067550415
928.4634,0.0067329497
928.4634,0.0066922254
928.4634,0.0066857894
928.4634,0.0066296659
928.4634,0.0066210522
928.4634,0.0065204723
928.4634,0.0065108702
928.4634,0.0065074791
928.4634,0.0062628568
928.4634,0.0062549349
928.4634,0.0062348929
928.4634,0.0061698364
928.4634,0.0061571638
928.4634,0.0061460373
928.4634,0.0060788546
928.4634,0.0060360951
928.4634,0.0060263323
928.4634,0.0059063328
928.4634,0.0058959501
928.4634,0.0058940434
928.4634,0.0058577225
928.4634,0.0058559218
928.4634,0.0058223045
928.4634,0.0057844679
928.4634,0.0057806035
928.4634,0.0057805135
928.4634,0.0057410667
928.4634,0.0056946948
928.4634,0.0056232756
928.4634,0.0056183896
928.4634,0.0056109545
928.4634,0.0055662285
928.4634,0.0055260554
928.4634,0.005501296
928.4634,0.0054412432
928.4634,0.005407371
928.4634,0.0053587155
928.4634,0.0053517114
928.4634,0.0053420883
928.4634,0.0052873379
928.4634,0.0052656628
928.4634,0.0052074182
928.4634,0.0052012269
928.4634,0.0051780836
928.4634,0.0051432619
928.4634,0.0050985694
928.4634,0.005058725
928.4634,0.0049003403
928.4634,0.0045004974
928.4634,0.004442027
928.4634,0.0044207608
928.4634,0.0044127407
928.4634,0.0043793917
928.4634,0.0043354062
928.4634,0.0042931383
928.4634,0.004185489
928.4634,0.0040754766
928.4634,0.0039458187
928.4634,0.0038906457
928.4634,0.0038650165
928.4634,0.003830625
928.4634,0.0038218205
928.4634,0.0038181035
928.4634,0.0038015206
928.4634,0.0037374004
928.4634,0.0037313092
928.4634,0.0036463764
928.4634,0.0036423843
928.4634,0.0036054126
928.4634,0.0035889863
928.4634,0.0035615493
928.4634,0.0035190951
928.4634,0.0033678969
928.4634,0.0033358608
928.4634,0.0033108856
928.4634,0.0031625062
928.4634,0.0031265161
928.4634,0.0030943583
928.4634,0.0030709837
928.4634,0.002980044
928.4634,0.0029594525
928.4634,0.002952738
928.4634,0.0029088076
928.4634,0.002894924
928.4634,0.0028613511
928.4634,0.0027411914
928.4634,0.0026216316
928.4634,0.0025913034
928.4634,0.0025767723
928.4634,0.0024218653
928.4634,0.0023819837
928.4634,0.0023740703
928.4634,0.0023618983
928.4634,0.0022261883
928.4634,0.0022225205
928.4634,0.0021621802
928.4634,0.0021164703
928.4634,0.0020240528
928.4634,0.0020124924
928.4634,0.0019913321
928.4634,0.0018628526
928.4634,0.0018563548
928.4634,0.001846626
928.4634,0.0017787781
928.4634,0.0015992567
928.4634,0.0015372686
928.4634,0.0014982424
928.4634,0.0014220857
928.4634,0.0013773809
928.4634,0.001339837
928.4634,0.0013336633
928.4634,0.001287486
928.4634,0.0012690633
928.4634,0.0011526844
928.4634,0.0011496025
928.4634,0.0011434686
928.4634,0.0010507441
928.4634,0.0009371989
928.4634,0.00077610644
928.4634,0.00064315838
928.4634,0.00059697497
928.4634,0.00059081717
928.4634,0.00056738005
928.4634,0.00053789099
928.4634,0.00051496083
928.4634,0.00051333415
928.4634,0.00051025357
928.4634,0.00050882978
928.4634,0.00048217661
928.4634,0.00042758419
928.4634,0.00041499395
928.4634,0.00040762705
928.4634,0.0003552339
928.4634,0.00032593545
928.4634,0.00029865847
928.4634,0.00025585134
928.4634,0.00024892162
928.4634,0.00021685373
928.4634,0.00020204525
928.4634,0.00017577401
928.4634,0.00015553429
928.4634,0.00013079596
928.4634,0.00012679484
928.4634,0.00012522644
928.4634,7.3914512e-05
928.4634,1.3614835e-05
928.4634,-8.288585e-06
928.4634,-7.3386121e-05
928.4634,-7.7205415e-05
928.4634,-0.00014880958
928.4634,-0.00022946647
928.4634,-0.00024820527
928.4634,-0.0004068097
928.4634,-0.00043863737
928.4634,-0.00052946597
928.4634,-0.00065148865
928.4634,-0.00065331663
928.4634,-0.00067602344
928.4634,-0.00072768342
928.4634,-0.00074136722
928.4634,-0.00075483377
928.4634,-0.00083435434
928.4634,-0.0010251561
928.4634,-0.0011102694
928.4634,-0.0011550849
928.4634,-0.0011952331
928.4634,-0.0012940632
928.4634,-0.0012951729
928.4634,-0.0013320142
928.4634,-0.0014027391
928.4634,-0.0014612928
928.4634,-0.0014972105
928.4634,-0.001540382
928.4634,-0.0015619077
928.4634,-0.0015698683
928.4634,-0.0016644686
928.4634,-0.0016828873
928.4634,-0.0017064787
928.4634,-0.0019452153
928.4634,-0.0019469449
928.4634,-0.0019782463
928.4634,-0.0020171312
928.4634,-0.0020506648
928.4634,-0.0020544853
928.4634,-0.0020981994
928.4634,-0.0022980918
928.4634,-0.0023163838
928.4634,-0.0023586372
928.4634,-0.0023846522
928.4634,-0.0024076233
928.4634,-0.0024758951
928.4634,-0.0024916483
928.4634,-0.0025663563
928.4634,-0.0025950421
928.4634,-0.0026348186
928.4634,-0.002779831
928.4634,-0.0028091643
928.4634,-0.0028454645
928.4634,-0.0028534132
928.4634,-0.0029461005
928.4634,-0.0029519224
928.4634,-0.0030132473
928.4634,-0.0030449291
928.4634,-0.003128207
928.4634,-0.0031791133
928.4634,-0.0032047085
928.4634,-0.0032344543
928.4634,-0.0033337018
928.4634,-0.0033861171
928.4634,-0.0034284004
928.4634,-0.0035482341
928.4634,-0.0035548067
928.4634,-0.0035635379
928.4634,-0.0035845269
928.4634,-0.0035952763
928.4634,-0.0036806189
928.4634,-0.0039292409
928.4634,-0.0039555885
928.4634,-0.0039826549
928.4634,-0.0039930229
928.4634,-0.0040488658
928.4634,-0.0040733072
928.4634,-0.0041242593
928.4634,-0.0041596351
928.4634,-0.004192908
928.4634,-0.0043037055
928.4634,-0.0043059279
928.4634,-0.0043699782
928.4634,-0.0044108018
928.4634,-0.004445329
928.4634,-0.0045993641
928.4634,-0.0046373077
928.4634,-0.0047072673
928.4634,-0.0047874244
928.4634,-0.0048043178
928.4634,-0.0048202171
928.4634,-0.0049396232
928.4634,-0.0049849452
928.4634,-0.0050621005
928.4634,-0.0050650869
928.4634,-0.0050805516
928.4634,-0.0050919318
928.4634,-0.0051383494
928.4634,-0.0052605106
928.4634,-0.0053016427
928.4634,-0.0053973426
928.4634,-0.0054013624
928.4634,-0.0054145351
928.4634,-0.0054405174
928.4634,-0.0055089394
928.4634,-0.005640711
928.4634,-0.0056725986
928.4634,-0.0057396812
928.4634,-0.0057901406
928.4634,-0.0059505546
928.4634,-0.0060113647
928.4634,-0.0060193122
928.4634,-0.006070893
928.4634,-0.0060797252
928.4634,-0.0061979344
928.4634,-0.0062179001
928.4634,-0.0062642341
928.4634,-0.0062703305
928.4634,-0.0063362739
928.4634,-0.0063556051
928.4634,-0.0063691681
928.4634,-0.0063886311
928.4634,-0.0064189292
928.4634,-0.006437525
928.4634,-0.0064603178
928.4634,-0.0065048065
928.4634,-0.006572384
928.4634,-0.0065826602
928.4634,-0.0066208173
928.4634,-0.0068593573
928.4634,-0.0069322724
928.4634,-0.0070736606
928.4634,-0.0071293812
928.4634,-0.0071449649
928.4634,-0.0071505509
928.4634,-0.0072053838
928.4634,-0.0072414951
928.4634,-0.0072872811
928.4634,-0.0073460172
928.4634,-0.0073480333
928.4634,-0.0073685036
928.4634,-0.0073831523
928.4634,-0.0073922802
928.4634,-0.0074046648
928.4634,-0.0074388355
928.4634,-0.0074625622
928.4634,-0.0074819231
928.4634,-0.0074853884
928.4634,-0.0076154395
928.4634,-0.0077193639
928.4634,-0.0077599992
928.4634,-0.0077691831
928.4634,-0.0078178241
928.4634,-0.0079148487
928.4634,-0.0080963499
928.4634,-0.0082335311
928.4634,-0.0084039058
928.4634,-0.0084557071
928.4634,-0.0084593166
928.4634,-0.0084865697
928.4634,-0.0084958902
928.4634,-0.0086628587
928.4634,-0.0087212551
928.4634,-0.0089499058
928.4634,-0.0090150284
928.4634,-0.009039536
928.4634,-0.0090769654
928.4634,-0.0091378172
928.4634,-0.0092145321
928.4634,-0.009302946
928.4634,-0.0093534698
928.4634,-0.0093664901
928.4634,-0.0093996966
928.4634,-0.0094212194
928.4634,-0.0096141913
928.4634,-0.0096569405
928.4634,-0.0097268546
928.4634,-0.0099884748
928.4634,-0.0099947677
928.7964,0.0099999666
928.7964,0.0099938979
928.7964,0.009993371
928.7964,0.0099853361
928.7964,0.009980944
928.7964,0.0099755709
928.7964,0.0099731236
928.7964,0.0099606938
928.7964,0.0099594044
928.7964,0.0099562113
928.7964,0.0099495021
928.7964,0.0099104545
928.7964,0.0098965771
928.7964,0.0098802963
928.7964,0.0098772938
928.7964,0.0098657741
928.7964,0.0098472815
928.7964,0.0098323724
928.7964,0.0098314028
928.7964,0.0098264473
928.7964,0.0098126843
928.7964,0.009800335
928.7964,0.009799284
928.7964,0.0097926451
928.7964,0.0097802214
928.7964,0.0097789553
928.7964,0.0097783093
928.7964,0.0097678837
928.7964,0.0097625548
928.7964,0.0097579888
928.7964,0.0097556508
928.7964,0.0097546477
928.7964,0.0097385051
928.7964,0.0097299013
928.7964,0.0097162519
928.7964,0.0097144919
928.7964,0.009693819
928.7964,0.0096895883
928.7964,0.0096854239
928.7964,0.0096809999
928.7964,0.009680841
928.7964,0.0096564008
928.7964,0.0096319463
928.7964,0.009629924
928.7964,0.0096290715
928.7964,0.0096210038
928.7964,0.0096210025
928.7964,0.0096098191
928.7964,0.0095846154
928.7964,0.0095747328
928.7964,0.0095715433
928.7964,0.0095690819
928.7964,0.0095621602
928.7964,0.0095316627
928.7964,0.0095251389
928.7964,0.009523348
928.7964,0.0095040854
928.7964,0.009500214
928.7964,0.0094747407
928.7964,0.0094531463
928.7964,0.0094481842
928.7964,0.009413416
928.7964,0.0094065649
928.7964,0.0093995329
928.7964,0.0093891039
928.7964,0.0093805984
928.7964,0.0093668007
928.7964,0.0093511656
928.7964,0.0093455363
928.7964,0.0093336697
928.7964,0.0093237583
928.7964,0.0092818325
928.7964,0.0092744084
928.7964,0.0092574414
928.7964,0.0092526303
928.7964,0.0092489815
928.7964,0.0092454385
928.7964,0.0092120728
928.7964,0.0091911036
928.7964,0.0091506207
928.7964,0.0091436484
928.7964,0.0091419435
928.7964,0.0091258963
928.7964,0.0091147986
928.7964,0.0091028066
928.7964,0.0090988871
928.7964,0.0090866811
928.7964,0.0090842486
928.7964,0.0090815471
928.7964,0.0090758826
928.7964,0.0090742757
928.7964,0.0090714246
928.7964,0.0090417254
928.7964,0.0090346853
928.7964,0.0090161568
928.7964,0.0089916785
928.7964,0.0089812861
928.7964,0.008967051
928.7964,0.0089346308
928.7964,0.0088995428
928.7964,0.0088848875
928.7964,0.0088469984
928.7964,0.0088382731
928.7964,0.0088328714
928.7964,0.0087751292
928.7964,0.0087665239
928.7964,0.0087459367
928.7964,0.0087436269
928.7964,0.0087340217
928.7964,0.0087318902
928.7964,0.0087312049
928.7964,0.0087278815
928.7964,0.0086355568
928.7964,0.0086219675
928.7964,0.0086202678
928.7964,0.0086133481
928.7964,0.0085950567
928.7964,0.0085940786
928.7964,0.0085857067
928.7964,0.0085815122
928.7964,0.008545134
928.7964,0.008534621
928.7964,0.0085055076
928.7964,0.0084753967
928.7964,0.0084727288
928.7964,0.008467919
928.7964,0.0084121404
928.7964,0.0084105872
928.7964,0.0084099922
928.7964,0.008362704
928.7964,0.008357138
928.7964,0.0083075171
928.7964,0.0082712067
928.7964,0.0082582523
928.7964,0.0082412454
928.7964,0.0082260309
928.7964,0.0082150666
928.7964,0.0081913185
928.7964,0.0081840687
928.7964,0.0081742575
928.7964,0.0081704074
928.7964,0.0081673828
928.7964,0.0081589871
928.7964,0.0081421635
928.7964,0.0080799346
928.7964,0.0080699026
928.7964,0.00805485
928.7964,0.0080492041
928.7964,0.0079641907
928.7964,0.0079609113
928.7964,0.0079338074
928.7964,0.0079275983
928.7964,0.0079098904
928.7964,0.007870565
928.7964,0.0078662326
928.7964,0.0078534577
928.7964,0.0077992401
928.7964,0.0077921962
928.7964,0.007779019
928.7964,0.0077704734
928.7964,0.0077423866
928.7964,0.0077150853
928.7964,0.0077101864
928.7964,0.0076972963
928.7964,0.0076815426
928.7964,0.0076620806
928.7964,0.0076237206
928.7964,0.0076052834
928.7964,0.0075868336
928.7964,0.0075383964
928.7964,0.0075140825
928.7964,0.0074968527
928.7964,0.0074772933
928.7964,0.007449897
928.7964,0.0074384043
928.7964,0.0074282878
928.7964,0.0073487341
928.7964,0.0073481572
928.7964,0.0073280392
928.7964,0.0072937129
928.7964,0.0072898895
928.7964,0.0072850454
928.7964,0.0072162213
928.7964,0.0072098941
928.7964,0.0071587722
928.7964,0.0071267864
928.7964,0.0071184927
928.7964,0.0070557947
928.7964,0.0070249876
928.7964,0.0070088216
928.7964,0.0069880205
928.7964,0.006914046
928.7964,0.0069019535
928.7964,0.0068681001
928.7964,0.0068391936
928.7964,0.0068286106
928.7964,0.0068173358
928.7964,0.0068079291
928.7964,0.0067515285
928.7964,0.0067299987
928.7964,0.0067271039
928.7964,0.0067125326
928.7964,0.006695276
928.7964,0.0066750253
928.7964,0.0066319909
928.7964,0.0066040654
928.7964,0.0065543985
928.7964,0.0065167431
928.7964,0.0064184472
928.7964,0.0064073964
928.7964,0.0063921763
928.7964,0.0063846162
928.7964,0.0063634891
928.7964,0.0063391407
928.7964,0.0062667334
928.7964,0.0060400912
928.7964,0.0060097306
928.7964,0.0059555815
928.7964,0.0059262868
928.7964,0.0059257189
928.7964,0.0059214282
928.7964,0.0058737177
928.7964,0.0058671652
928.7964,0.0058665617
928.7964,0.0057859618
928.7964,0.0057701107
928.7964,0.0057693169
928.7964,0.0056974388
928.7964,0.0056965015
928.7964,0.0056808912
928.7964,0.0054577582
928.7964,0.0054404546
928.7964,0.0054352188
928.7964,0.0053933243
928.7964,0.0053107366
928.7964,0.0052280436
928.7964,0.0051835693
928.7964,0.0051651914
928.7964,0.0051124066
928.7964,0.0049508033
928.7964,0.0049501501
928.7964,0.0049201949
928.7964,0.004879849
928.7964,0.0048323967
928.7964,0.0047720825
928.7964,0.0045948697
928.7964,0.0045216057
928.7964,0.0044398221
928.7964,0.0042693812
928.7964,0.004164591
928.7964,0.0040548378
928.7964,0.003875246
928.7964,0.0035093768
928.7964,0.0034786966
928.7964,0.0034191253
928.7964,0.0030967973
928.7964,0.0029402029
928.7964,0.0027520059
928.7964,0.0025760325
928.7964,0.0024477805
928.7964,0.0023855117
928.7964,0.0023298618
928.7964,0.0020121563
928.7964,0.0019951356
928.7964,0.0019743782
928.7964,0.0016613484
928.7964,0.001642857
928.7964,0.0015907299
928.7964,0.0015606218
928.7964,0.0012990229
928.7964,0.0011665263
928.7964,0.00076856365
928.7964,0.00065418167
928.7964,0.00063866477
928.7964,0.00062897633
928.7964,0.00042962188
928.7964,0.00026625414
928.7964,0.00013065563
928.7964,0.00012462226
928.7964,-1.927788e-06
928.7964,-0.0006571349
928.7964,-0.00066742234
928.7964,-0.00072422547
928.7964,-0.0008913315
928.7964,-0.00092557613
928.7964,-0.0013380735
928.7964,-0.0014781344
928.7964,-0.0015846355
928.7964,-0.0016858256
928.7964,-0.0016955896
928.7964,-0.0018112726
928.7964,-0.0018547235
928.7964,-0.0019345672
928.7964,-0.0019720111
928.7964,-0.0021783518
928.7964,-0.0024457607
928.7964,-0.0027480912
928.7964,-0.0027985708
928.7964,-0.0029938262
928.7964,-0.0034770152
928.7964,-0.0035541168
928.7964,-0.0036420298
928.7964,-0.0038641557
928.7964,-0.0040247543
928.7964,-0.0042946058
928.7964,-0.0047351762
928.7964,-0.006598773
928.7964,-0.0068507992
928.7964,-0.0073253744
928.7964,-0.007561085
928.7964,-0.0087820941
928.7964,-0.0088884529
928.7964,-0.0095812511
934.1269,0.0099992198
934.1269,0.0099911346
934.1269,0.0099901211
934.1269,0.0099884205
934.1269,0.0099840079
934.1269,0.0099781884
934.1269,0.009972954
934.1269,0.0099709842
934.1269,0.0099626971
934.1269,0.009958522
934.1269,0.009953216
934.1269,0.00994789
934.1269,0.0099458723
934.1269,0.0099413621
934.1269,0.0099385088
934.1269,0.0099381706
934.1269,0.0099289622
934.1269,0.0099234858
934.1269,0.0099163574
934.1269,0.0099149264
934.1269,0.0099146898
934.1269,0.0099145332
934.1269,0.0098967723
934.1269,0.0098844322
934.1269,0.0098719714
934.1269,0.009862854
934.1269,0.0098585794
934.1269,0.0098486287
934.1269,0.0098455559
934.1269,0.0098425837
934.1269,0.0098371671
934.1269,0.0098227438
934.1269,0.0098121916
934.1269,0.0098116522
934.1269,0.0097834712
934.1269,0.0097707414
934.1269,0.0097635334
934.1269,0.0097605966
934.1269,0.009757408
934.1269,0.0097538041
934.1269,0.0097404605
934.1269,0.0097297747
934.1269,0.0097249084
934.1269,0.0097234303
934.1269,0.0097219934
934.1269,0.0097216686
934.1269,0.0097182696
934.1269,0.0097177074
934.1269,0.0097098472
934.1269,0.0096984704
934.1269,0.0096880593
934.1269,0.0096709869
934.1269,0.0096618263
934.1269,0.0096521252
934.1269,0.0096395211
934.1269,0.0096355245
934.1269,0.0096201613
934.1269,0.0096113019
934.1269,0.0096061107
934.1269,0.0096027135
934.1269,0.009598346
934.1269,0.0095951225
934.1269,0.0095817273
934.1269,0.0095793972
934.1269,0.0095725725
934.1269,0.0095707361
934.1269,0.0095625964
934.1269,0.0095575716
934.1269,0.0095489851
934.1269,0.0095483702
934.1269,0.009542909
934.1269,0.0095387852
934.1269,0.0095339129
934.1269,0.0095336104
934.1269,0.0095305642
934.1269,0.0095270722
934.1269,0.0095270009
934.1269,0.0095234053
934.1269,0.00951888
934.1269,0.0095171157
934.1269,0.0095118631
934.1269,0.0095109411
934.1269,0.0095096222
934.1269,0.0095070997
934.1269,0.0095063953
934.1269,0.0095021954
934.1269,0.0095012119
934.1269,0.0094958198
934.1269,0.0094930232
934.1269,0.0094857953
934.1269,0.0094825275
934.1269,0.0094806515
934.1269,0.0094730152
934.1269,0.0094691959
934.1269,0.009465777
934.1269,0.0094585647
934.1269,0.0094541678
934.1269,0.009449402
934.1269,0.0094270331
934.1269,0.0094144518
934.1269,0.0094134543
934.1269,0.0094107306
934.1269,0.0094048263
934.1269,0.0093980303
934.1269,0.0093957871
934.1269,0.0093931922
934.1269,0.0093831931
934.1269,0.0093756228
934.1269,0.0093610546
934.1269,0.0093568353
934.1269,0.0093561747
934.1269,0.0093544121
934.1269,0.009344718
934.1269,0.0093435108
934.1269,0.0093430696
934.1269,0.0093366325
934.1269,0.0093281897
934.1269,0.0093280258
934.1269,0.0093241096
934.1269,0.0093198785
934.1269,0.0093182783
934.1269,0.0093166978
934.1269,0.0093162185
934.1269,0.0093073439
934.1269,0.0093067685
934.1269,0.0092985531
934.1269,0.0092914005
934.1269,0.0092866619
934.1269,0.0092814839
934.1269,0.009278495
934.1269,0.0092615107
934.1269,0.009258509
934.1269,0.0092580058
934.1269,0.0092571803
934.1269,0.0092563651
934.1269,0.0092547986
934.1269,0.0092502677
934.1269,0.0092473851
934.1269,0.0092435885
934.1269,0.0092431452
934.1269,0.0092360744
934.1269,0.0092304857
934.1269,0.0092249859
934.1269,0.0092245217
934.1269,0.0092240001
934.1269,0.0092232121
934.1269,0.0092206622
934.1269,0.0092161624
934.1269,0.0092157569
934.1269,0.009179321
934.1269,0.0091766775
934.1269,0.0091744106
934.1269,0.0091738585
934.1269,0.0091736681
934.1269,0.0091516561
934.1269,0.0091435922
934.1269,0.0091393799
934.1269,0.0091359125
934.1269,0.0091332924
934.1269,0.009124181
934.1269,0.0091225999
934.1269,0.0091161364
934.1269,0.009112207
934.1269,0.0090920845
934.1269,0.0090876653
934.1269,0.0090847538
934.1269,0.0090808819
934.1269,0.0090670991
934.1269,0.0090626065
934.1269,0.00906006
934.1269,0.0090558328
934.1269,0.0090380155
934.1269,0.009010736
934.1269,0.0090086305
934.1269,0.009006158
934.1269,0.0089976199
934.1269,0.0089971976
934.1269,0.0089940638
934.1269,0.0089756962
934.1269,0.0089749197
934.1269,0.0089650469
934.1269,0.0089622653
934.1269,0.0089562237
934.1269,0.0089534629
934.1269,0.0089396123
934.1269,0.0089371642
934.1269,0.0089354149
934.1269,0.0089324042
934.1269,0.0089310305
934.1269,0.0089143239
934.1269,0.0089048295
934.1269,0.008893877
934.1269,0.0088922575
934.1269,0.0088752795
934.1269,0.0088718929
934.1269,0.008866931
934.1269,0.0088629905
934.1269,0.0088609802
934.1269,0.0088552127
934.1269,0.0088526652
934.1269,0.0088489141
934.1269,0.0088438168
934.1269,0.008842247
934.1269,0.0088217891
934.1269,0.0088187546
934.1269,0.0088125429
934.1269,0.0088024387
934.1269,0.0088012288
934.1269,0.0087950597
934.1269,0.0087947128
934.1269,0.0087863028
934.1269,0.0087808771
934.1269,0.008774766
934.1269,0.0087632685
934.1269,0.0087598583
934.1269,0.0087582585
934.1269,0.0087465949
934.1269,0.0087381541
934.1269,0.0087102872
934.1269,0.0087002879
934.1269,0.0086948121
934.1269,0.0086942061
934.1269,0.008679104
934.1269,0.0086753109
934.1269,0.0086715952
934.1269,0.0086709974
934.1269,0.0086638432
934.1269,0.0086560834
934.1269,0.0086486532
934.1269,0.0086371934
934.1269,0.0086281661
934.1269,0.0086269148
934.1269,0.0086173662
934.1269,0.0086072077
934.1269,0.008599996
934.1269,0.0085992175
934.1269,0.0085950907
934.1269,0.0085924282
934.1269,0.0085868353
934.1269,0.008579601
934.1269,0.0085766282
934.1269,0.0085728441
934.1269,0.0085665258
934.1269,0.0085612748
934.1269,0.0085589493
934.1269,0.0085583439
934.1269,0.0085519642
934.1269,0.0085418214
934.1269,0.0085370013
934.1269,0.0085347665
934.1269,0.0085277374
934.1269,0.0085227365
934.1269,0.0085191897
934.1269,0.0084974484
934.1269,0.0084967822
934.1269,0.0084905353
934.1269,0.0084815892
934.1269,0.0084688383
934.1269,0.0084598945
934.1269,0.0084466115
934.1269,0.0084362605
934.1269,0.0083776083
934.1269,0.008370197
934.1269,0.0083425389
934.1269,0.0083293801
934.1269,0.0083169809
934.1269,0.0083079023
934.1269,0.0083015898
934.1269,0.0082994913
934.1269,0.0082866717
934.1269,0.0082822969
934.1269,0.0082783359
934.1269,0.0082721364
934.1269,0.008270132
934.1269,0.0082679514
934.1269,0.0082642022
934.1269,0.0082552803
934.1269,0.0082523445
934.1269,0.0082519709
934.1269,0.0082445256
934.1269,0.0082227516
934.1269,0.0082105793
934.1269,0.0081603967
934.1269,0.0081552704
934.1269,0.0081407861
934.1269,0.0081171038
934.1269,0.0081133917
934.1269,0.0081059807
934.1269,0.0080885827
934.1269,0.0080876357
934.1269,0.0080586865
934.1269,0.0080394256
934.1269,0.0080322824
934.1269,0.0080303715
934.1269,0.0080165044
934.1269,0.0080117866
934.1269,0.0079737325
934.1269,0.0079598002
934.1269,0.007955271
934.1269,0.0079468117
934.1269,0.0079452829
934.1269,0.0079362658
934.1269,0.0079183518
934.1269,0.0079049653
934.1269,0.0078974501
934.1269,0.0078695494
934.1269,0.0078285793
934.1269,0.0078231678
934.1269,0.0078202623
934.1269,0.0077386626
934.1269,0.0077289292
934.1269,0.0077255081
934.1269,0.0077123352
934.1269,0.0076744071
934.1269,0.0076706417
934.1269,0.0076596333
934.1269,0.0076381886
934.1269,0.0076360013
934.1269,0.0076342026
934.1269,0.0076257992
934.1269,0.0076231743
934.1269,0.0075910677
934.1269,0.0075858661
934.1269,0.0075484099
934.1269,0.0075021579
934.1269,0.0074633234
934.1269,0.0074520573
934.1269,0.0074500673
934.1269,0.0074341952
934.1269,0.00742096
934.1269,0.0073572869
934.1269,0.0072942956
934.1269,0.0072681865
934.1269,0.0072493759
934.1269,0.0072320579
934.1269,0.0072169396
934.1269,0.0071777048
934.1269,0.0071545758
934.1269,0.0071195448
934.1269,0.0071178353
934.1269,0.0071063046
934.1269,0.0070808863
934.1269,0.0070663901
934.1269,0.0070609815
934.1269,0.0070314701
934.1269,0.0070181112
934.1269,0.0070136972
934.1269,0.0069666846
934.1269,0.0069125797
934.1269,0.0068579607
934.1269,0.0068436756
934.1269,0.0068263304
934.1269,0.0067892597
934.1269,0.0067683222
934.1269,0.006754794
934.1269,0.006597064
934.1269,0.0065783915
934.1269,0.0065589524
934.1269,0.0065514875
934.1269,0.006543247
934.1269,0.0065019595
934.1269,0.006488193
934.1269,0.0064866572
934.1269,0.0064733365
934.1269,0.0064600641
934.1269,0.0064246404
934.1269,0.0063532163
934.1269,0.0063425712
934.1269,0.0063185467
934.1269,0.0062909131
934.1269,0.0062121086
934.1269,0.0062053942
934.1269,0.006170828
934.1269,0.0061629799
934.1269,0.0060902864
934.1269,0.0060811256
934.1269,0.0060617459
934.1269,0.0060416065
934.1269,0.0060174781
934.1269,0.0060091511
934.1269,0.0059632037
934.1269,0.0059581438
934.1269,0.0059208518
934.1269,0.0058161996
934.1269,0.0056722149
934.1269,0.0056425201
934.1269,0.0055716675
934.1269,0.0055601013
934.1269,0.0054178519
934.1269,0.005369138
934.1269,0.0053270394
934.1269,0.0052694557
934.1269,0.0052634714
934.1269,0.0051950806
934.1269,0.0051733181
934.1269,0.0051667975
934.1269,0.0051577098
934.1269,0.0051292574
934.1269,0.0051185339
934.1269,0.0051073284
934.1269,0.005095732
934.1269,0.0050626067
934.1269,0.0050442999
934.1269,0.0050117427
934.1269,0.0050098741
934.1269,0.0049901779
934.1269,0.0049794338
934.1269,0.0048570312
934.1269,0.0048308195
934.1269,0.0048191839
934.1269,0.0047662145
934.1269,0.0047445718
934.1269,0.0047323041
934.1269,0.0047241079
934.1269,0.0046577687
934.1269,0.0045320451
934.1269,0.0045234071
934.1269,0.004517911
934.1269,0.004425494
934.1269,0.0043979533
934.1269,0.004391619
934.1269,0.0043793
934.1269,0.0042020055
934.1269,0.0041594098
934.1269,0.0041143208
934.1269,0.0040654742
934.1269,0.0040007625
934.1269,0.0039401285
934.1269,0.0039242822
934.1269,0.0038602928
934.1269,0.0036458209
934.1269,0.0035340675
934.1269,0.003443093
934.1269,0.0034016405
934.1269,0.0033839009
934.1269,0.0033216964
934.1269,0.0032888739
934.1269,0.0032407467
934.1269,0.0032199623
934.1269,0.0032048272
934.1269,0.0031222829
934.1269,0.0030982831
934.1269,0.0030050309
934.1269,0.0029909509
934.1269,0.0029237531
934.1269,0.0028069929
934.1269,0.0027967727
934.1269,0.0027794335
934.1269,0.0026353242
934.1269,0.0025943889
934.1269,0.0025556903
934.1269,0.002448775
934.1269,0.0022600144
934.1269,0.0022568601
934.1269,0.0021965538
934.1269,0.0021365446
934.1269,0.0020638303
934.1269,0.00202365
934.1269,0.0019925855
934.1269,0.001858073
934.1269,0.0016273253
934.1269,0.001605041
934.1269,0.0015449067
934.1269,0.0014913477
934.1269,0.0014474079
934.1269,0.0013790121
934.1269,0.0013048004
934.1269,0.0012939653
934.1269,0.0011631602
934.1269,0.0010967351
934.1269,0.0010860467
934.1269,0.00089990207
934.1269,0.00081706824
934.1269,0.00069876424
934.1269,0.00059471156
934.1269,0.00052448363
934.1269,0.000169999
934.1269,6.1629075e-05
934.1269,1.6013756e-05
934.1269,-5.4652537e-05
934.1269,-0.00011972342
934.1269,-0.00042424086
934.1269,-0.00054754343
934.1269,-0.00057463291
934.1269,-0.00063764205
934.1269,-0.00088983686
934.1269,-0.0013095202
934.1269,-0.001331136
934.1269,-0.0024384764
934.1269,-0.0028830314
934.1269,-0.0029003517
934.1269,-0.0031034316
934.1269,-0.0034795099
934.1269,-0.003823285
934.1269,-0.004230339
934.1269,-0.0044016289
934.1269,-0.0046029702
934.1269,-0.0049177266
934.1269,-0.0049881196
934.1269,-0.0053902309
934.1269,-0.0058734601
934.1269,-0.0064128352
934.1269,-0.0065882556
934.1269,-0.0067623328
934.1269,-0.0068001947
934.1269,-0.0069780544
934.1269,-0.0074009503
934.1269,-0.0074085548
934.1269,-0.0075151641
934.1269,-0.0079012723
934.1269,-0.007912421
934.1269,-0.008318328
934.1269,-0.0090458656
934.1269,-0.0090778988
934.1269,-0.0091168019
934.1269,-0.0092761672
939.4606,0.0099934831
939.4606,0.009987844
939.4606,0.0099751895
939.4606,0.0099739578
939.4606,0.0099711541
939.4606,0.0099564866
939.4606,0.0099542462
939.4606,0.0099538784
939.4606,0.0099527139
939.4606,0.0099514123
939.4606,0.0099514088
939.4606,0.0099219954
939.4606,0.0099141006
939.4606,0.0099000026
939.4606,0.0098995338
939.4606,0.0098971444
939.4606,0.0098949236
939.4606,0.0098794222
939.4606,0.0098764382
939.4606,0.0098654151
939.4606,0.0098639633
939.4606,0.0098622918
939.4606,0.0098533464
939.4606,0.0098526342
939.4606,0.0098508345
939.4606,0.0098477845
939.4606,0.0098451686
939.4606,0.0098450098
939.4606,0.0098298955
939.4606,0.0098265194
939.4606,0.009824883
939.4606,0.009815022
939.4606,0.009809578
939.4606,0.0098053998
939.4606,0.0098017048
939.4606,0.0097967118
939.4606,0.0097930053
939.4606,0.0097868956
939.4606,0.0097857002
939.4606,0.0097697934
939.4606,0.0097696614
939.4606,0.0097688076
939.4606,0.0097548997
939.4606,0.0097535091
939.4606,0.0097515507
939.4606,0.0097428254
939.4606,0.0097374865
939.4606,0.0097315538
939.4606,0.0097112528
939.4606,0.0097084645
939.4606,0.0097073173
939.4606,0.0097049857
939.4606,0.0096605806
939.4606,0.0096591371
939.4606,0.0096557242
939.4606,0.009654396
939.4606,0.0096260421
939.4606,0.0096225394
939.4606,0.0096216089
939.4606,0.009620168
939.4606,0.0096020725
939.4606,0.0095968233
939.4606,0.0095937085
939.4606,0.0095929099
939.4606,0.0095922334
939.4606,0.009591313
939.4606,0.0095883582
939.4606,0.0095640989
939.4606,0.0095622487
939.4606,0.0095620556
939.4606,0.0095571272
939.4606,0.0095523549
939.4606,0.0095488519
939.4606,0.0095332848
939.4606,0.0095315726
939.4606,0.0095257421
939.4606,0.0095194157
939.4606,0.0095154572
939.4606,0.0095102188
939.4606,0.0095051123
939.4606,0.0095029688
939.4606,0.0095006577
939.4606,0.0094975436
939.4606,0.0094840198
939.4606,0.0094685271
939.4606,0.0094670688
939.4606,0.0094642615
939.4606,0.0094555817
939.4606,0.0094494758
939.4606,0.0094443837
939.4606,0.0094404984
939.4606,0.0094225206
939.4606,0.0094191915
939.4606,0.0094151931
939.4606,0.0093931542
939.4606,0.0093847105
939.4606,0.0093819093
939.4606,0.0093805866
939.4606,0.0093788269
939.4606,0.0093749559
939.4606,0.0093738465
939.4606,0.0093636716
939.4606,0.0093570758
939.4606,0.0093491221
939.4606,0.0093472163
939.4606,0.0093416733
939.4606,0.0093343703
939.4606,0.0093243187
939.4606,0.0093237834
939.4606,0.0093224173
939.4606,0.0093184208
939.4606,0.009317921
939.4606,0.0093091295
939.4606,0.0093059409
939.4606,0.0093033671
939.4606,0.0092894489
939.4606,0.0092888073
939.4606,0.009284775
939.4606,0.0092835586
939.4606,0.009276438
939.4606,0.0092667907
939.4606,0.0092526978
939.4606,0.0092514053
939.4606,0.0092457367
939.4606,0.0092429388
939.4606,0.0092388781
939.4606,0.0092250522
939.4606,0.0092227349
939.4606,0.0092200459
939.4606,0.0092163907
939.4606,0.0092104416
939.4606,0.0092099963
939.4606,0.0091974634
939.4606,0.0091827559
939.4606,0.0091768959
939.4606,0.0091712792
939.4606,0.0091690692
939.4606,0.0091504029
939.4606,0.0091392634
939.4606,0.0091348561
939.4606,0.0091346705
939.4606,0.0091302231
939.4606,0.0091229234
939.4606,0.0091189637
939.4606,0.0091017946
939.4606,0.0091002489
939.4606,0.0090885022
939.4606,0.0090822123
939.4606,0.0090774706
939.4606,0.0090743877
939.4606,0.0090720402
939.4606,0.0090705157
939.4606,0.0090636819
939.4606,0.0090557764
939.4606,0.0090257788
939.4606,0.0090245224
939.4606,0.009021277
939.4606,0.0090128245
939.4606,0.0090106819
939.4606,0.0090079689
939.4606,0.0090037374
939.4606,0.009003698
939.4606,0.0089831488
939.4606,0.0089737703
939.4606,0.0089581829
939.4606,0.0089577066
939.4606,0.0089476536
939.4606,0.008946802
939.4606,0.0089419804
939.4606,0.0089417019
939.4606,0.0089026404
939.4606,0.0088905217
939.4606,0.0088869298
939.4606,0.008877687
939.4606,0.0088750484
939.4606,0.0088634231
939.4606,0.0088568517
939.4606,0.0088500328
939.4606,0.0088450428
939.4606,0.0088420338
939.4606,0.0088241555
939.4606,0.008815624
939.4606,0.0088102578
939.4606,0.0088059498
939.4606,0.00878873
939.4606,0.0087874495
939.4606,0.008777344
939.4606,0.0087704379
939.4606,0.0087649388
939.4606,0.0087585288
939.4606,0.0087528336
939.4606,0.0087431033
939.4606,0.0087248204
939.4606,0.0087140792
939.4606,0.0087027138
939.4606,0.0086987975
939.4606,0.0086865366
939.4606,0.0086816243
939.4606,0.0086772537
939.4606,0.0086715171
939.4606,0.0086713763
939.4606,0.0086705464
939.4606,0.0086466878
939.4606,0.0086456984
939.4606,0.008637663
939.4606,0.008635307
939.4606,0.0086240007
939.4606,0.0086039043
939.4606,0.0086033662
939.4606,0.0086021024
939.4606,0.0086007089
939.4606,0.0085940496
939.4606,0.0085922258
939.4606,0.0085882717
939.4606,0.0085810079
939.4606,0.008566315
939.4606,0.0085519709
939.4606,0.0085496318
939.4606,0.0085406986
939.4606,0.0085390588
939.4606,0.0085359348
939.4606,0.0085276512
939.4606,0.0085247163
939.4606,0.0085160219
939.4606,0.0085114037
939.4606,0.0085090841
939.4606,0.0085017199
939.4606,0.0085006229
939.4606,0.0084997782
939.4606,0.0084816273
939.4606,0.0084644419
939.4606,0.008453262
939.4606,0.0084465952
939.4606,0.0084459053
939.4606,0.0084191504
939.4606,0.0084057892
939.4606,0.0083943673
939.4606,0.0083661677
939.4606,0.0083651765
939.4606,0.0083621362
939.4606,0.0083530676
939.4606,0.0083460888
939.4606,0.0083443494
939.4606,0.0083440855
939.4606,0.00832515
939.4606,0.0083158463
939.4606,0.0083143766
939.4606,0.0083089439
939.4606,0.0082681361
939.4606,0.0082540054
939.4606,0.0082512394
939.4606,0.0082453528
939.4606,0.008216703
939.4606,0.0082034677
939.4606,0.0082021741
939.4606,0.0082002999
939.4606,0.0081854401
939.4606,0.0081675018
939.4606,0.0081533442
939.4606,0.0081082936
939.4606,0.008101741
939.4606,0.0080999633
939.4606,0.0080988028
939.4606,0.0080984157
939.4606,0.0080930047
939.4606,0.0080913416
939.4606,0.0080623151
939.4606,0.0080531348
939.4606,0.0080337053
939.4606,0.0080248132
939.4606,0.0080203312
939.4606,0.0080173389
939.4606,0.0080028216
939.4606,0.0079909367
939.4606,0.0079888961
939.4606,0.0079709233
939.4606,0.0079640358
939.4606,0.0079475414
939.4606,0.0079346668
939.4606,0.0079208642
939.4606,0.007900663
939.4606,0.0078757166
939.4606,0.0078682737
939.4606,0.0078622075
939.4606,0.0078517029
939.4606,0.0078190473
939.4606,0.0078178872
939.4606,0.0078171617
939.4606,0.0077931674
939.4606,0.0077741326
939.4606,0.007765005
939.4606,0.0077563427
939.4606,0.0077499341
939.4606,0.00774968
939.4606,0.007739409
939.4606,0.0077297507
939.4606,0.0077249474
939.4606,0.007723458
939.4606,0.0077153843
939.4606,0.0076947008
939.4606,0.0076886448
939.4606,0.0076568335
939.4606,0.0076553699
939.4606,0.0076492737
939.4606,0.0076455253
939.4606,0.0076425573
939.4606,0.0075943566
939.4606,0.007592295
939.4606,0.0075907599
939.4606,0.007572853
939.4606,0.0075678873
939.4606,0.0075494021
939.4606,0.0075366054
939.4606,0.0075337447
939.4606,0.0075272152
939.4606,0.0075183098
939.4606,0.0074881522
939.4606,0.0074851722
939.4606,0.0074599791
939.4606,0.0074582703
939.4606,0.0074574559
939.4606,0.0074542423
939.4606,0.0074361804
939.4606,0.0074294254
939.4606,0.0074140492
939.4606,0.0074125528
939.4606,0.0074068516
939.4606,0.0073979304
939.4606,0.0073965029
939.4606,0.0073738863
939.4606,0.00734336
939.4606,0.0073351086
939.4606,0.0073198251
939.4606,0.0073065212
939.4606,0.0073015482
939.4606,0.0072864305
939.4606,0.007255334
939.4606,0.0072506785
939.4606,0.0072442948
939.4606,0.007229721
939.4606,0.007229277
939.4606,0.0071881009
939.4606,0.0071680488
939.4606,0.0071333678
939.4606,0.007089514
939.4606,0.0070754658
939.4606,0.0070008149
939.4606,0.0069970357
939.4606,0.0069958692
939.4606,0.0069856784
939.4606,0.0069814401
939.4606,0.0069807125
939.4606,0.0069663968
939.4606,0.0069577244
939.4606,0.0069274163
939.4606,0.0069217403
939.4606,0.0069033184
939.4606,0.0068826262
939.4606,0.0068712831
939.4606,0.0068683118
939.4606,0.0068587353
939.4606,0.0068481224
939.4606,0.0068469172
939.4606,0.0068085391
939.4606,0.0067953209
939.4606,0.0067803614
939.4606,0.0067225253
939.4606,0.0067135352
939.4606,0.0066989621
939.4606,0.0066953125
939.4606,0.0066714938
939.4606,0.0066624099
939.4606,0.0066555316
939.4606,0.0066387848
939.4606,0.0066299548
939.4606,0.0066057702
939.4606,0.0065962318
939.4606,0.0065583008
939.4606,0.0065515083
939.4606,0.0065336032
939.4606,0.0065117467
939.4606,0.0064864267
939.4606,0.0064633768
939.4606,0.0063952794
939.4606,0.0063916058
939.4606,0.006372661
939.4606,0.0063672017
939.4606,0.0063639537
939.4606,0.0063595613
939.4606,0.0063387064
939.4606,0.0063312328
939.4606,0.0062849217
939.4606,0.0062577244
939.4606,0.0062574734
939.4606,0.0062544108
939.4606,0.0062215376
939.4606,0.0062017056
939.4606,0.0062007518
939.4606,0.006187443
939.4606,0.0061849215
939.4606,0.006159674
939.4606,0.0061382693
939.4606,0.0061247009
939.4606,0.0060730511
939.4606,0.006028697
939.4606,0.0060188415
939.4606,0.005995857
939.4606,0.0059849939
939.4606,0.0059699843
939.4606,0.0059588785
939.4606,0.0059022299
939.4606,0.0058970517
939.4606,0.0058842312
939.4606,0.0058537548
939.4606,0.0058007432
939.4606,0.0057447367
939.4606,0.0057035211
939.4606,0.0056903084
939.4606,0.0056802885
939.4606,0.005664166
939.4606,0.0056469149
939.4606,0.0056107331
939.4606,0.0055970168
939.4606,0.0055951924
939.4606,0.0055822275
939.4606,0.005571463
939.4606,0.0055408618
939.4606,0.0055272147
939.4606,0.0054109229
939.4606,0.0054019791
939.4606,0.0053906009
939.4606,0.0053525798
939.4606,0.0053520764
939.4606,0.0053409581
939.4606,0.0052588006
939.4606,0.0052518214
939.4606,0.0052100783
939.4606,0.0051224343
939.4606,0.0051013102
939.4606,0.0051004406
939.4606,0.0050921462
939.4606,0.0050861875
939.4606,0.0050844075
939.4606,0.0050517232
939.4606,0.0049914951
939.4606,0.0049627719
939.4606,0.0049504335
939.4606,0.0049249672
939.4606,0.0048095283
939.4606,0.0047988596
939.4606,0.00475084
939.4606,0.0047443697
939.4606,0.0047338336
939.4606,0.004713743
939.4606,0.0047020667
939.4606,0.0046970719
939.4606,0.0046884769
939.4606,0.0046668642
939.4606,0.0046642661
939.4606,0.0046601682
939.4606,0.0046259255
939.4606,0.0046250622
939.4606,0.0045854944
939.4606,0.0045299288
939.4606,0.0045298293
939.4606,0.0045052234
939.4606,0.0044926372
939.4606,0.0044896502
939.4606,0.0044038167
939.4606,0.0043774478
939.4606,0.0042590292
939.4606,0.0041961638
939.4606,0.004159291
939.4606,0.004101626
939.4606,0.0040960684
939.4606,0.004018096
939.4606,0.003985478
939.4606,0.003930287
939.4606,0.0039140666
939.4606,0.0039088984
939.4606,0.0038664227
939.4606,0.0038347982
939.4606,0.0038267735
939.4606,0.0038199811
939.4606,0.0038057313
939.4606,0.0037996082
939.4606,0.0037832153
939.4606,0.0037179987
939.4606,0.003707044
939.4606,0.0037020055
939.4606,0.0035596949
939.4606,0.0035442826
939.4606,0.0034935676
939.4606,0.0034783042
939.4606,0.0034314795
939.4606,0.0032614822
939.4606,0.0032540297
939.4606,0.0031862677
939.4606,0.0031821594
939.4606,0.0031565513
939.4606,0.0031310351
939.4606,0.0031207851
939.4606,0.0030678156
939.4606,0.0030555763
939.4606,0.0029940126
939.4606,0.0029129665
939.4606,0.0028706273
939.4606,0.0028418267
939.4606,0.0027779341
939.4606,0.0027118108
939.4606,0.0026257966
939.4606,0.0024888434
939.4606,0.0024882222
939.4606,0.0024614213
939.4606,0.0024237938
939.4606,0.0023493432
939.4606,0.0023352904
939.4606,0.0023322613
939.4606,0.0023175925
939.4606,0.0023049323
939.4606,0.0022940465
939.4606,0.0021868673
939.4606,0.0021462868
939.4606,0.0021029238
939.4606,0.0020598633
939.4606,0.0020559207
939.4606,0.0020196662
939.4606,0.0019092238
939.4606,0.0018896711
939.4606,0.001860856
939.4606,0.0018003634
939.4606,0.0017768017
939.4606,0.0016254557
939.4606,0.001617383
939.4606,0.0015831957
939.4606,0.0015669918
939.4606,0.0015243495
939.4606,0.0014929717
939.4606,0.0014273906
939.4606,0.0013985082
939.4606,0.0013478426
939.4606,0.00133752
939.4606,0.0012819534
939.4606,0.0012407112
939.4606,0.001226408
939.4606,0.0012108668
939.4606,0.0011276796
939.4606,0.0010828613
939.4606,0.0010800827
939.4606,0.00066631862
939.4606,0.0005190426
939.4606,0.00024483544
939.4606,0.00019250599
939.4606,0.00018014611
939.4606,0.00017358356
939.4606,0.0001595014
939.4606,0.0001486732
939.4606,0.00014010788
939.4606,9.9995724e-05
939.4606,1.849183e-06
939.4606,-0.00025023105
939.4606,-0.00025364443
939.4606,-0.00025995751
939.4606,-0.0003338052
939.4606,-0.00037051412
939.4606,-0.000407011
939.4606,-0.0004903351
939.4606,-0.00051525447
939.4606,-0.0005493314
939.4606,-0.00056273006
939.4606,-0.00071639304
939.4606,-0.00072062681
939.4606,-0.0007609407
939.4606,-0.00076508577
939.4606,-0.00088818325
939.4606,-0.00089939471
939.4606,-0.0011139602
939.4606,-0.0012408556
939.4606,-0.0012592709
939.4606,-0.0013402614
939.4606,-0.0013810285
939.4606,-0.0014763417
939.4606,-0.0014899296
939.4606,-0.0016223193
939.4606,-0.0016252545
939.4606,-0.0017620546
939.4606,-0.0019422813
939.4606,-0.0020216054
939.4606,-0.0022240674
939.4606,-0.0022373567
939.4606,-0.0022660427
939.4606,-0.0022792232
939.4606,-0.002457298
939.4606,-0.0024835353
939.4606,-0.0025522081
939.4606,-0.0025614244
939.4606,-0.0025727542
939.4606,-0.002599517
939.4606,-0.002715018
939.4606,-0.0028021604
939.4606,-0.0028072738
939.4606,-0.002913586
939.4606,-0.0033728699
939.4606,-0.003475641
939.4606,-0.0035051581
939.4606,-0.0037127568
939.4606,-0.0037700339
939.4606,-0.0038531457
939.4606,-0.0040067558
939.4606,-0.0040572397
939.4606,-0.0040943148
939.4606,-0.0041421314
939.4606,-0.0043132901
939.4606,-0.0043706675
939.4606,-0.0043990911
939.4606,-0.0044142033
939.4606,-0.0044648781
939.4606,-0.0045629882
939.4606,-0.0048140575
939.4606,-0.0049817306
939.4606,-0.0050151606
939.4606,-0.0053637281
939.4606,-0.0053778835
939.4606,-0.0054660177
939.4606,-0.0058130283
939.4606,-0.0058229638
939.4606,-0.0058557889
939.4606,-0.0058720453
939.4606,-0.005982847
939.4606,-0.006015206
939.4606,-0.0062760025
939.4606,-0.0063515291
939.4606,-0.0063859061
939.4606,-0.0065357566
939.4606,-0.0066014513
939.4606,-0.0068174399
939.4606,-0.0069631929
939.4606,-0.0069649499
939.4606,-0.0070317898
939.4606,-0.0072645573
939.4606,-0.0073539271
939.4606,-0.0073831471
939.4606,-0.0075532553
939.4606,-0.0076325226
939.4606,-0.0076735988
939.4606,-0.0077234888
939.4606,-0.0078187411
939.4606,-0.0078289745
939.4606,-0.0079195607
939.4606,-0.0079488605
939.4606,-0.0080004431
939.4606,-0.008282319
939.4606,-0.0083583102
939.4606,-0.0087469283
939.4606,-0.0088610996
939.4606,-0.0089083926
939.4606,-0.0089284561
939.4606,-0.0091142714
939.4606,-0.0091423853
939.4606,-0.0092214263
939.4606,-0.0092917166
939.4606,-0.0093359483
939.4606,-0.0095779978
939.4606,-0.0097920499
939.4606,-0.0098656133
944.7914,0.0099927756
944.7914,0.009987534
944.7914,0.0099777376
944.7914,0.0099581551
944.7914,0.0099524164
944.7914,0.0099474625
944.7914,0.0099473221
944.7914,0.0099438418
944.7914,0.0099316297
944.7914,0.0099230257
944.7914,0.009902337
944.7914,0.0098864235
944.7914,0.0098857651
944.7914,0.0098443555
944.7914,0.0098134818
944.7914,0.0097799544
944.7914,0.0097795492
944.7914,0.0097788873
944.7914,0.0097733334
944.7914,0.0097731636
944.7914,0.0097701385
944.7914,0.0097670545
944.7914,0.0097461425
944.7914,0.0097435404
944.7914,0.0097403395
944.7914,0.0097211484
944.7914,0.0097203914
944.7914,0.0097103552
944.7914,0.009691855
944.7914,0.0096857767
944.7914,0.0096615045
944.7914,0.0096268835
944.7914,0.0095800399
944.7914,0.0095746249
944.7914,0.0095708378
944.7914,0.0095584369
944.7914,0.0095471862
944.7914,0.0095379164
944.7914,0.009534559
944.7914,0.0095177275
944.7914,0.0094893281
944.7914,0.0094843156
944.7914,0.0094792306
944.7914,0.0094789532
944.7914,0.0094722205
944.7914,0.0094161215
944.7914,0.0093846188
944.7914,0.0093809996
944.7914,0.0093800186
944.7914,0.0093796833
944.7914,0.0093703038
944.7914,0.0093471
944.7914,0.0093332209
944.7914,0.0093317396
944.7914,0.0093277192
944.7914,0.0093230292
944.7914,0.0093201761
944.7914,0.0093175586
944.7914,0.0092978958
944.7914,0.0092954334
944.7914,0.0092952733
944.7914,0.0092871042
944.7914,0.0092771009
944.7914,0.0092586553
944.7914,0.0092468546
944.7914,0.0092337212
944.7914,0.0092283522
944.7914,0.0092279959
944.7914,0.0091996491
944.7914,0.0091843675
944.7914,0.0091755075
944.7914,0.0091603725
944.7914,0.0091576121
944.7914,0.0091203691
944.7914,0.0091201947
944.7914,0.009108814
944.7914,0.0090998053
944.7914,0.0090977548
944.7914,0.0090866569
944.7914,0.0090846532
944.7914,0.0090800377
944.7914,0.0090788543
944.7914,0.0090751801
944.7914,0.0090680003
944.7914,0.0090664563
944.7914,0.0090355998
944.7914,0.0090274046
944.7914,0.0090147198
944.7914,0.0089909777
944.7914,0.0089907249
944.7914,0.0089510028
944.7914,0.0089372576
944.7914,0.0089337717
944.7914,0.0089273278
944.7914,0.0089264915
944.7914,0.0089198155
944.7914,0.0089015139
944.7914,0.0088967606
944.7914,0.0088852047
944.7914,0.0088795591
944.7914,0.0088659094
944.7914,0.0088564285
944.7914,0.0088179604
944.7914,0.0088036298
944.7914,0.0087883544
944.7914,0.0087881651
944.7914,0.0087704241
944.7914,0.0087689513
944.7914,0.0087669805
944.7914,0.0087609381
944.7914,0.0087422828
944.7914,0.0087264726
944.7914,0.0087112768
944.7914,0.0086807016
944.7914,0.0086646783
944.7914,0.008650124
944.7914,0.0086426821
944.7914,0.0086408984
944.7914,0.0085964672
944.7914,0.008586778
944.7914,0.0085668371
944.7914,0.0085127184
944.7914,0.0084596926
944.7914,0.0084559196
944.7914,0.0083690755
944.7914,0.0083474075
944.7914,0.0083396345
944.7914,0.0083012127
944.7914,0.0082773294
944.7914,0.0082713029
944.7914,0.0082702728
944.7914,0.0081769158
944.7914,0.0081511285
944.7914,0.0081392739
944.7914,0.008121879
944.7914,0.0081024859
944.7914,0.0080812919
944.7914,0.0080355903
944.7914,0.0080122534
944.7914,0.0079619934
944.7914,0.0079548143
944.7914,0.0079522645
944.7914,0.0079429724
944.7914,0.0079356625
944.7914,0.0079089756
944.7914,0.0078600162
944.7914,0.0078527789
944.7914,0.0078049516
944.7914,0.0077939075
944.7914,0.0077818787
944.7914,0.0077806081
944.7914,0.0077710255
944.7914,0.0077695081
944.7914,0.0077546456
944.7914,0.0076886459
944.7914,0.0076625202
944.7914,0.0076256832
944.7914,0.0076192899
944.7914,0.0076166212
944.7914,0.0075786512
944.7914,0.0075636076
944.7914,0.007539702
944.7914,0.0074486887
944.7914,0.0074408764
944.7914,0.0074340413
944.7914,0.0073961166
944.7914,0.0073674158
944.7914,0.0073414968
944.7914,0.0073359839
944.7914,0.0073326743
944.7914,0.0073137792
944.7914,0.0072691654
944.7914,0.0072687235
944.7914,0.0072545856
944.7914,0.0072395057
944.7914,0.0072049458
944.7914,0.0071688164
944.7914,0.0071583237
944.7914,0.007121689
944.7914,0.0071185856
944.7914,0.0070300321
944.7914,0.0070241911
944.7914,0.0069123167
944.7914,0.0068980592
944.7914,0.0068728661
944.7914,0.0068587633
944.7914,0.0068420079
944.7914,0.0068288619
944.7914,0.0068186303
944.7914,0.0067854817
944.7914,0.0067663452
944.7914,0.0067422321
944.7914,0.0067396207
944.7914,0.0067052461
944.7914,0.0066837119
944.7914,0.0066756946
944.7914,0.0066666188
944.7914,0.0066543346
944.7914,0.0065246508
944.7914,0.0064755837
944.7914,0.0064663863
944.7914,0.0064532952
944.7914,0.0063760667
944.7914,0.0063393572
944.7914,0.0062927312
944.7914,0.0061996973
944.7914,0.0061566581
944.7914,0.0061137131
944.7914,0.0060407079
944.7914,0.0059919075
944.7914,0.0059278869
944.7914,0.0058836001
944.7914,0.0058699484
944.7914,0.0058628666
944.7914,0.005856746
944.7914,0.0058479652
944.7914,0.0058244191
944.7914,0.0057871491
944.7914,0.0057327099
944.7914,0.0057010222
944.7914,0.0056817894
944.7914,0.0056624988
944.7914,0.0056562789
944.7914,0.0055621101
944.7914,0.0055106927
944.7914,0.0055015911
944.7914,0.0054790811
944.7914,0.0054397781
944.7914,0.0053794877
944.7914,0.0053757355
944.7914,0.0053597347
944.7914,0.0052875968
944.7914,0.0051737965
944.7914,0.0050215604
944.7914,0.0049563356
944.7914,0.0049239144
944.7914,0.0048910331
944.7914,0.0048827367
944.7914,0.0048765775
944.7914,0.0048350555
944.7914,0.0048212871
944.7914,0.0047690253
944.7914,0.0047185152
944.7914,0.0047095563
944.7914,0.0046709625
944.7914,0.0045900405
944.7914,0.0045255275
944.7914,0.0044599038
944.7914,0.004419569
944.7914,0.0042842293
944.7914,0.0040520778
944.7914,0.0039901206
944.7914,0.0039490879
944.7914,0.0037338704
944.7914,0.0037245373
944.7914,0.0036169081
944.7914,0.0035200059
944.7914,0.0034555546
944.7914,0.003139275
944.7914,0.0030202857
944.7914,0.0029341827
944.7914,0.0029113149
944.7914,0.0028850021
944.7914,0.0028808751
944.7914,0.0028726616
944.7914,0.0028722225
944.7914,0.0024708407
944.7914,0.0024395451
944.7914,0.0023826434
944.7914,0.0023712298
944.7914,0.0023615335
944.7914,0.0020621015
944.7914,0.0019454583
944.7914,0.0019039184
944.7914,0.0019029524
944.7914,0.0018328576
944.7914,0.0017744655
944.7914,0.0017445964
944.7914,0.0017004271
944.7914,0.0016788444
944.7914,0.001635978
944.7914,0.0015901821
944.7914,0.0014719283
944.7914,0.0012138451
944.7914,0.0011534614
944.7914,0.0005150794
944.7914,-7.5540542e-05
944.7914,-0.00018011588
944.7914,-0.00055650558
944.7914,-0.00072124874
944.7914,-0.00078189095
944.7914,-0.0010878699
944.7914,-0.0016274375
944.7914,-0.0016471327
944.7914,-0.0017093773
944.7914,-0.0017569056
944.7914,-0.0021357889
944.7914,-0.0021567861
944.7914,-0.0025181996
944.7914,-0.002542008
944.7914,-0.002741009
944.7914,-0.0027707938
944.7914,-0.0033582424
944.7914,-0.0035720731
944.7914,-0.0036736809
944.7914,-0.0036770652
944.7914,-0.0041126155
944.7914,-0.0043724134
944.7914,-0.004478666
944.7914,-0.0051342667
944.7914,-0.0060311302
944.7914,-0.0060333131
944.7914,-0.0063757522
944.7914,-0.0064157303
944.7914,-0.0075841359
944.7914,-0.0078665322
944.7914,-0.007975299
944.7914,-0.0081068704
944.7914,-0.0093608153
944.7914,-0.0095678453
959.8628,0.009998978
959.8628,0.0099910051
959.8628,0.0099799847
959.8628,0.0099732017
959.8628,0.0099728502
959.8628,0.0099592187
959.8628,0.0099386748
959.8628,0.0098997465
959.8628,0.0098845648
959.8628,0.0098707723
959.8628,0.0098115394
959.8628,0.0097905821
959.8628,0.0097848988
959.8628,0.0097554615
959.8628,0.0097520206
959.8628,0.009748117
959.8628,0.0097401513
959.8628,0.0097384842
959.8628,0.0097383654
959.8628,0.0097375213
959.8628,0.0096748601
959.8628,0.0096747335
959.8628,0.0096584803
959.8628,0.0096574044
959.8628,0.0096433025
959.8628,0.0096096331
959.8628,0.0096092886
959.8628,0.0095985219
959.8628,0.0095338275
959.8628,0.009525977
959.8628,0.0095003107
959.8628,0.0094718651
959.8628,0.0094699861
959.8628,0.0094342503
959.8628,0.0094275091
959.8628,0.0093940549
959.8628,0.0093750267
959.8628,0.0093287513
959.8628,0.0093163627
959.8628,0.00930789
959.8628,0.0092996521
959.8628,0.0092959756
959.8628,0.0092619492
959.8628,0.0092395183
959.8628,0.0092035249
959.8628,0.0092014954
959.8628,0.0091978909
959.8628,0.0091684801
959.8628,0.0091597814
959.8628,0.0091580849
959.8628,0.0091545637
959.8628,0.0091435116
959.8628,0.0091415912
959.8628,0.0091186887
959.8628,0.0090884258
959.8628,0.0090859784
959.8628,0.0090723561
959.8628,0.0090460945
959.8628,0.0090353306
959.8628,0.0090282038
959.8628,0.0089901265
959.8628,0.0089724935
959.8628,0.0089664757
959.8628,0.0089567471
959.8628,0.0089403309
959.8628,0.0089248131
959.8628,0.0089149318
959.8628,0.008847102
959.8628,0.0087875326
959.8628,0.0087023836
959.8628,0.0086632266
959.8628,0.0085387152
959.8628,0.008461051
959.8628,0.0084363756
959.8628,0.0084149485
959.8628,0.0083960449
959.8628,0.0082671365
959.8628,0.0082557273
959.8628,0.0082215934
959.8628,0.0082183321
959.8628,0.0082170863
959.8628,0.0080445376
959.8628,0.0079498963
959.8628,0.007911803
959.8628,0.0078935328
959.8628,0.0075985467
959.8628,0.0075970417
959.8628,0.0075876113
959.8628,0.00737513
959.8628,0.0073369292
959.8628,0.0072554799
959.8628,0.0071745748
959.8628,0.0070330792
959.8628,0.0069509106
959.8628,0.0067740198
959.8628,0.006581043
959.8628,0.0064237064
959.8628,0.0062650058
959.8628,0.0062534974
959.8628,0.00614507
959.8628,0.0058518878
959.8628,0.0058273345
959.8628,0.0056867552
959.8628,0.0054462227
959.8628,0.0054118795
959.8628,0.0054063789
959.8628,0.0049995104
959.8628,0.004736974
959.8628,0.0046488014
959.8628,0.0040088518
959.8628,0.0038855785
959.8628,0.0036729588
959.8628,0.0035325362
959.8628,0.00345557
959.8628,0.0028426291
959.8628,0.0021478546
959.8628,0.0004592136
959.8628,9.2623721e-05
959.8628,-0.0040114163
959.8628,-0.009774966
965.1928,0.0099784767
965.1928,0.0099623675
965.1928,0.0099460153
965.1928,0.0099403094
965.1928,0.0099367828
965.1928,0.009934564
965.1928,0.0099338821
965.1928,0.0098968942
965.1928,0.0098932248
965.1928,0.0098713982
965.1928,0.0098663116
965.1928,0.0098473211
965.1928,0.009833469
965.1928,0.0098283615
965.1928,0.0098120498
965.1928,0.0098107272
965.1928,0.0097957293
965.1928,0.0097931281
965.1928,0.0097864943
965.1928,0.0097696679
965.1928,0.0097551761
965.1928,0.0097529962
965.1928,0.0097440833
965.1928,0.009728853
965.1928,0.0097052225
965.1928,0.0096913624
965.1928,0.0096848902
965.1928,0.009680801
965.1928,0.0096783826
965.1928,0.0096779088
965.1928,0.0096713225
965.1928,0.009666659
965.1928,0.0096495181
965.1928,0.0096269888
965.1928,0.0096210906
965.1928,0.0096190575
965.1928,0.0095891001
965.1928,0.0095534504
965.1928,0.0095469331
965.1928,0.0095416106
965.1928,0.0095384571
965.1928,0.0095381352
965.1928,0.0095003397
965.1928,0.009477967
965.1928,0.0094772921
965.1928,0.0094516804
965.1928,0.0094496767
965.1928,0.009448836
965.1928,0.0094480562
965.1928,0.0094319449
965.1928,0.0094257299
965.1928,0.0093975085
965.1928,0.0093929065
965.1928,0.0093731674
965.1928,0.0093699477
965.1928,0.0093597908
965.1928,0.0093420792
965.1928,0.009329789
965.1928,0.0092916167
965.1928,0.009283913
965.1928,0.0092770874
965.1928,0.0092365918
965.1928,0.0092262027
965.1928,0.0092253748
965.1928,0.0092161204
965.1928,0.0092014017
965.1928,0.0091978913
965.1928,0.0091599211
965.1928,0.0091590008
965.1928,0.0091343883
965.1928,0.0091340646
965.1928,0.0091251775
965.1928,0.0091225235
965.1928,0.0091127782
965.1928,0.0090939101
965.1928,0.0090244137
965.1928,0.0090053331
965.1928,0.0089859907
965.1928,0.0089816627
965.1928,0.0089564727
965.1928,0.008951242
965.1928,0.0089275932
965.1928,0.0089000937
965.1928,0.0088983009
965.1928,0.0088405979
965.1928,0.0088251808
965.1928,0.0088079972
965.1928,0.0088002091
965.1928,0.0087645256
965.1928,0.0087573061
965.1928,0.0087540068
965.1928,0.0087484358
965.1928,0.0087131165
965.1928,0.0087120326
965.1928,0.0087097986
965.1928,0.0086876691
965.1928,0.0086500101
965.1928,0.0086340253
965.1928,0.0086114268
965.1928,0.0085630862
965.1928,0.008540253
965.1928,0.0085141585
965.1928,0.00849478
965.1928,0.0084749919
965.1928,0.0084749406
965.1928,0.008470204
965.1928,0.0084143247
965.1928,0.0083923651
965.1928,0.0083403495
965.1928,0.0083398463
965.1928,0.008306862
965.1928,0.0082960898
965.1928,0.0082773425
965.1928,0.0082307545
965.1928,0.0081716044
965.1928,0.0081579059
965.1928,0.0081362113
965.1928,0.0081273556
965.1928,0.0080953356
965.1928,0.0080838248
965.1928,0.0080489543
965.1928,0.0080444205
965.1928,0.0079273915
965.1928,0.0079120959
965.1928,0.0078962576
965.1928,0.0078740925
965.1928,0.0078337423
965.1928,0.0078152689
965.1928,0.0077851134
965.1928,0.0077384268
965.1928,0.0076783217
965.1928,0.0076423221
965.1928,0.0074062845
965.1928,0.0073596148
965.1928,0.0071824951
965.1928,0.0068970676
965.1928,0.0065987088
965.1928,0.0064127574
965.1928,0.0052911427
965.1928,0.0045042842
965.1928,0.0024558941
965.1928,-0.00018058117
965.1928,-0.0010289088
965.1928,-0.0017601629
965.1928,-0.0040049837
965.1928,-0.0072776779
1031.4791,0.0099750272
1031.4791,0.0099492435
1031.4791,0.0099432698
1031.4791,0.0098696686
1031.4791,0.0098524459
1031.4791,0.0098364035
1031.4791,0.0098353905
1031.4791,0.0098300849
1031.4791,0.0098282816
1031.4791,0.0097850382
1031.4791,0.0097419615
1031.4791,0.0097255372
1031.4791,0.0096417861
1031.4791,0.0096305762
1031.4791,0.009528603
1031.4791,0.0094376677
1031.4791,0.0093940157
1031.4791,0.0093123782
1031.4791,0.0092847762
1031.4791,0.0092719753
1031.4791,0.009226808
1031.4791,0.0092206632
1031.4791,0.0091399809
1031.4791,0.009136604
1031.4791,0.0090095749
1031.4791,0.0089770729
1031.4791,0.0089626711
1031.4791,0.0089318782
1031.4791,0.0088963212
1031.4791,0.0088401003
1031.4791,0.0088309103
1031.4791,0.0088022802
1031.4791,0.008798362
1031.4791,0.0086990507
1031.4791,0.0086688605
1031.4791,0.0086516916
1031.4791,0.0086128014
1031.4791,0.0085481229
1031.4791,0.0085448489
1031.4791,0.008532296
1031.4791,0.0085167626
1031.4791,0.0084945297
1031.4791,0.0084738064
1031.4791,0.0083972487
1031.4791,0.0083600125
1031.4791,0.0083178707
1031.4791,0.008250175
1031.4791,0.0082172165
1031.4791,0.0081432647
1031.4791,0.008125957
1031.4791,0.0080895535
1031.4791,0.0080472748
1031.4791,0.0080376964
1031.4791,0.0080357334
1031.4791,0.0079719183
1031.4791,0.0079153498
1031.4791,0.0078997201
1031.4791,0.0078933248
1031.4791,0.0077788875
1031.4791,0.0077632513
1031.4791,0.0077621187
1031.4791,0.0077183037
1031.4791,0.0076969543
1031.4791,0.0076895424
1031.4791,0.0076179646
1031.4791,0.0076066299
1031.4791,0.0075944265
1031.4791,0.0075631286
1031.4791,0.0074448379
1031.4791,0.0074382199
1031.4791,0.0074035767
1031.4791,0.0074005491
1031.4791,0.007293579
1031.4791,0.0072388172
1031.4791,0.0072337113
1031.4791,0.0071995673
1031.4791,0.0071504256
1031.4791,0.0070249729
1031.4791,0.006996524
1031.4791,0.0069461987
1031.4791,0.0069345416
1031.4791,0.0068610314
1031.4791,0.0068280425
1031.4791,0.0067695912
1031.4791,0.0067205797
1031.4791,0.0067174674
1031.4791,0.0067009731
1031.4791,0.0066644174
1031.4791,0.0066401287
1031.4791,0.0065740098
1031.4791,0.006516732
1031.4791,0.006501997
1031.4791,0.006473363
1031.4791,0.0064562706
1031.4791,0.006416634
1031.4791,0.0063710465
1031.4791,0.0063395861
1031.4791,0.0063169788
1031.4791,0.0063054783
1031.4791,0.0063015901
1031.4791,0.0062769632
1031.4791,0.006211783
1031.4791,0.0061416036
1031.4791,0.0060711907
1031.4791,0.0060597936
1031.4791,0.0060266059
1031.4791,0.0060071768
1031.4791,0.0059904112
1031.4791,0.0059370862
1031.4791,0.0058466985
1031.4791,0.0058102895
1031.4791,0.0057963973
1031.4791,0.0057228639
1031.4791,0.0056497632
1031.4791,0.0055718514
1031.4791,0.0055637686
1031.4791,0.0055050832
1031.4791,0.0054938436
1031.4791,0.0054707384
1031.4791,0.0054576312
1031.4791,0.0054438409
1031.4791,0.0054288681
1031.4791,0.0053048386
1031.4791,0.0052882517
1031.4791,0.0052405642
1031.4791,0.0052334981
1031.4791,0.0051458442
1031.4791,0.0051189724
1031.4791,0.0051013593
1031.4791,0.0050903842
1031.4791,0.0050010841
1031.4791,0.0049957063
1031.4791,0.0049881931
1031.4791,0.0048760095
1031.4791,0.004859974
1031.4791,0.0048405581
1031.4791,0.0048081894
1031.4791,0.0047123023
1031.4791,0.0046931514
1031.4791,0.0046375056
1031.4791,0.0045995774
1031.4791,0.0045199231
1031.4791,0.0044992897
1031.4791,0.0044829428
1031.4791,0.0044761285
1031.4791,0.0043997023
1031.4791,0.0043769347
1031.4791,0.0043274094
1031.4791,0.0043259423
1031.4791,0.0043250497
1031.4791,0.0043100245
1031.4791,0.0042825144
1031.4791,0.0042683249
1031.4791,0.0041904694
1031.4791,0.0041071585
1031.4791,0.0040787238
1031.4791,0.00407472
1031.4791,0.0040610107
1031.4791,0.004023595
1031.4791,0.0040227324
1031.4791,0.003969133
1031.4791,0.0039611917
1031.4791,0.0039472139
1031.4791,0.0039282337
1031.4791,0.0039249739
1031.4791,0.0039094554
1031.4791,0.0038768031
1031.4791,0.0037824568
1031.4791,0.0037695081
1031.4791,0.0037600355
1031.4791,0.0037465597
1031.4791,0.0037233998
1031.4791,0.0036552419
1031.4791,0.0036374177
1031.4791,0.003617033
1031.4791,0.0034985868
1031.4791,0.0034942143
1031.4791,0.0034410354
1031.4791,0.0033712694
1031.4791,0.0032960365
1031.4791,0.0032833288
1031.4791,0.0032313122
1031.4791,0.0032229069
1031.4791,0.0031231337
1031.4791,0.0031198901
1031.4791,0.0031133725
1031.4791,0.0030599399
1031.4791,0.0030540223
1031.4791,0.0030461873
1031.4791,0.0030392798
1031.4791,0.0029721953
1031.4791,0.0029088083
1031.4791,0.0029084115
1031.4791,0.0029075144
1031.4791,0.002888397
1031.4791,0.0028627303
1031.4791,0.0027975964
1031.4791,0.0027588596
1031.4791,0.0027394331
1031.4791,0.0027208983
1031.4791,0.002709516
1031.4791,0.0027004003
1031.4791,0.0026802531
1031.4791,0.0026521576
1031.4791,0.0026341744
1031.4791,0.0026166738
1031.4791,0.0025821822
1031.4791,0.0025778321
1031.4791,0.0025706777
1031.4791,0.0025138198
1031.4791,0.0025021655
1031.4791,0.0024851453
1031.4791,0.0024753954
1031.4791,0.002468236
1031.4791,0.0024575879
1031.4791,0.0024002445
1031.4791,0.0023675892
1031.4791,0.0023644489
1031.4791,0.0023027027
1031.4791,0.0022986745
1031.4791,0.0022890304
1031.4791,0.0022793763
1031.4791,0.0022761539
1031.4791,0.0022541605
1031.4791,0.0022517936
1031.4791,0.0021920505
1031.4791,0.0021812773
1031.4791,0.0021381943
1031.4791,0.0021152875
1031.4791,0.0021145538
1031.4791,0.0021051419
1031.4791,0.0021043422
1031.4791,0.0020820567
1031.4791,0.0020801417
1031.4791,0.0020705119
1031.4791,0.002048565
1031.4791,0.0020469973
1031.4791,0.0020458483
1031.4791,0.0020381053
1031.4791,0.002027357
1031.4791,0.0020189524
1031.4791,0.0020159329
1031.4791,0.0019892597
1031.4791,0.0019791583
1031.4791,0.0019786062
1031.4791,0.0019770857
1031.4791,0.0019731741
1031.4791,0.0019319776
1031.4791,0.0019288916
1031.4791,0.001891841
1031.4791,0.0018822567
1031.4791,0.0018537154
1031.4791,0.0017830969
1031.4791,0.0017591239
1031.4791,0.0017560897
1031.4791,0.0017537342
1031.4791,0.0017021266
1031.4791,0.0016854046
1031.4791,0.0016821603
1031.4791,0.0016495742
1031.4791,0.0016457744
1031.4791,0.0016356746
1031.4791,0.0016237589
1031.4791,0.0016137286
1031.4791,0.0015924338
1031.4791,0.0015607893
1031.4791,0.001528245
1031.4791,0.0015185931
1031.4791,0.0015142793
1031.4791,0.0014996233
1031.4791,0.0014995015
1031.4791,0.0014950156
1031.4791,0.0014932794
1031.4791,0.0014509164
1031.4791,0.0014289985
1031.4791,0.0013941479
1031.4791,0.0013826158
1031.4791,0.0013223117
1031.4791,0.0012907499
1031.4791,0.0012500817
1031.4791,0.0012360531
1031.4791,0.0011418718
1031.4791,0.0011292909
1031.4791,0.0011055427
1031.4791,0.0010831084
1031.4791,0.001073066
1031.4791,0.0010535522
1031.4791,0.001039158
1031.4791,0.0010292668
1031.4791,0.0010125422
1031.4791,0.00095425382
1031.4791,0.00094937238
1031.4791,0.00088395297
1031.4791,0.00087403985
1031.4791,0.00084597045
1031.4791,0.00084473364
1031.4791,0.00077459364
1031.4791,0.00076112326
1031.4791,0.00075402521
1031.4791,0.00074829141
1031.4791,0.00058159048
1031.4791,0.00057377152
1031.4791,0.00054183643
1031.4791,0.00043088957
1031.4791,0.00041746254
1031.4791,0.00040990719
1031.4791,0.00035304282
1031.4791,0.00029293202
1031.4791,0.00028226521
1031.4791,0.00024019398
1031.4791,0.00023826311
1031.4791,0.00022221864
1031.4791,0.0001930959
1031.4791,0.00016082462
1031.4791,6.575902e-05
1031.4791,4.376523e-05
1031.4791,8.94497e-06
1031.4791,5.4444099e-06
1031.4791,-5.2882299e-06
1031.4791,-1.668641e-05
1031.4791,-7.30433e-05
1031.4791,-9.607336e-05
1031.4791,-9.713065e-05
1031.4791,-0.00017460905
1031.4791,-0.00026164264
1031.4791,-0.00026694921
1031.4791,-0.00031047157
1031.4791,-0.00031629629
1031.4791,-0.00034888759
1031.4791,-0.00043437595
1031.4791,-0.00044601804
1031.4791,-0.00046534874
1031.4791,-0.0004662232
1031.4791,-0.00047310527
1031.4791,-0.00053631105
1031.4791,-0.00054429895
1031.4791,-0.00059584027
1031.4791,-0.00059893397
1031.4791,-0.00062001956
1031.4791,-0.00062756383
1031.4791,-0.00062970661
1031.4791,-0.00063837748
1031.4791,-0.00066920386
1031.4791,-0.00066981617
1031.4791,-0.00070342073
1031.4791,-0.00072958227
1031.4791,-0.00073578562
1031.4791,-0.00073597429
1031.4791,-0.00074458054
1031.4791,-0.00077443355
1031.4791,-0.00079137696
1031.4791,-0.00081060032
1031.4791,-0.00083817986
1031.4791,-0.00088921622
1031.4791,-0.00091529479
1031.4791,-0.00096358102
1031.4791,-0.00097168451
1031.4791,-0.00098831723
1031.4791,-0.00099571695
1031.4791,-0.0010347421
1031.4791,-0.0010894098
1031.4791,-0.0010933245
1031.4791,-0.0011008465
1031.4791,-0.0011274696
1031.4791,-0.0011352044
1031.4791,-0.0012130396
1031.4791,-0.0012583091
1031.4791,-0.0012995886
1031.4791,-0.00130082
1031.4791,-0.0013395186
1031.4791,-0.0013817969
1031.4791,-0.0014647481
1031.4791,-0.0014805406
1031.4791,-0.0015497914
1031.4791,-0.0015557307
1031.4791,-0.0015763908
1031.4791,-0.0015791047
1031.4791,-0.0015802173
1031.4791,-0.0015869864
1031.4791,-0.0016211248
1031.4791,-0.0016804944
1031.4791,-0.0017849615
1031.4791,-0.0017859043
1031.4791,-0.0017920272
1031.4791,-0.0017924947
1031.4791,-0.0018323145
1031.4791,-0.0018690811
1031.4791,-0.0018704575
1031.4791,-0.0019705299
1031.4791,-0.0019828114
1031.4791,-0.0019867427
1031.4791,-0.0020265124
1031.4791,-0.0021247309
1031.4791,-0.0021256709
1031.4791,-0.0021594029
1031.4791,-0.0021612945
1031.4791,-0.0021775699
1031.4791,-0.0022466134
1031.4791,-0.0022624912
1031.4791,-0.0023060318
1031.4791,-0.0023837158
1031.4791,-0.0024199698
1031.4791,-0.0024605078
1031.4791,-0.0024823407
1031.4791,-0.0024954729
1031.4791,-0.0025130761
1031.4791,-0.0025709323
1031.4791,-0.0026585218
1031.4791,-0.0026618217
1031.4791,-0.0026811202
1031.4791,-0.0026852538
1031.4791,-0.0027689239
1031.4791,-0.0027844139
1031.4791,-0.002785601
1031.4791,-0.0028754841
1031.4791,-0.0028891176
1031.4791,-0.0029923547
1031.4791,-0.0030909892
1031.4791,-0.0031319305
1031.4791,-0.0031892624
1031.4791,-0.0032815785
1031.4791,-0.0033016554
1031.4791,-0.0033124514
1031.4791,-0.0033247897
1031.4791,-0.0034315643
1031.4791,-0.0034363281
1031.4791,-0.0036511845
1031.4791,-0.00377073
1031.4791,-0.0037984883
1031.4791,-0.0040503993
1031.4791,-0.0040568822
1031.4791,-0.0041786434
1031.4791,-0.0042128233
1031.4791,-0.0042782485
1031.4791,-0.0043328855
1031.4791,-0.0043971838
1031.4791,-0.0044016489
1031.4791,-0.0044091989
1031.4791,-0.004453117
1031.4791,-0.0045319008
1031.4791,-0.0046677897
1031.4791,-0.0047194138
1031.4791,-0.0048555195
1031.4791,-0.004880583
1031.4791,-0.0050620624
1031.4791,-0.005227941
1031.4791,-0.0052555672
1031.4791,-0.0052615764
1031.4791,-0.005417048
1031.4791,-0.0054629194
1031.4791,-0.0054736872
1031.4791,-0.0054824054
1031.4791,-0.0054851638
1031.4791,-0.005549589
1031.4791,-0.0057043994
1031.4791,-0.0057127112
1031.4791,-0.0057159821
1031.4791,-0.0057539792
1031.4791,-0.0057980547
1031.4791,-0.0059715941
1031.4791,-0.0061319025
1031.4791,-0.0061538651
1031.4791,-0.0062078471
1031.4791,-0.006273051
1031.4791,-0.0062882719
1031.4791,-0.0065607239
1031.4791,-0.0065673259
1031.4791,-0.0066003084
1031.4791,-0.0069084358
1031.4791,-0.0069129397
1031.4791,-0.0069501374
1031.4791,-0.0069583724
1031.4791,-0.0069666365
1031.4791,-0.0071432918
1031.4791,-0.0071433424
1031.4791,-0.0071556619
1031.4791,-0.0072440052
1031.4791,-0.007397121
1031.4791,-0.0074067985
1031.4791,-0.0075912109
1031.4791,-0.0076320122
1031.4791,-0.0078360589
1031.4791,-0.0078927953
1031.4791,-0.0080399416
1031.4791,-0.0080777057
1031.4791,-0.0081530799
1031.4791,-0.0082276283
1031.4791,-0.0083546162
1031.4791,-0.0084544387
1031.4791,-0.0085062327
1031.4791,-0.0086268918
1031.4791,-0.0087185415
1031.4791,-0.0088723599
1031.4791,-0.0088764738
1031.4791,-0.009054988
1031.4791,-0.0092224986
1031.4791,-0.0093315765
1031.4791,-0.0093900211
1031.4791,-0.0093902623
1031.4791,-0.0094615378
1031.4791,-0.0095285499
1031.4791,-0.0096223028
1031.4791,-0.0098783977
1031.4791,-0.0098992872
1031.9947,0.0099539825
1031.9947,0.0099004099
1031.9947,0.0098813013
1031.9947,0.0098692399
1031.9947,0.0098624368
1031.9947,0.0098555338
1031.9947,0.009844493
1031.9947,0.0098409188
1031.9947,0.0098110831
1031.9947,0.0098104947
1031.9947,0.0097887634
1031.9947,0.0097595382
1031.9947,0.0097531042
1031.9947,0.0097451679
1031.9947,0.0097143608
1031.9947,0.0096957764
1031.9947,0.0096277948
1031.9947,0.0095672311
1031.9947,0.0095606212
1031.9947,0.0095293271
1031.9947,0.009508773
1031.9947,0.0094321069
1031.9947,0.0094176484
1031.9947,0.0093914386
1031.9947,0.0093853617
1031.9947,0.0093786147
1031.9947,0.0093599143
1031.9947,0.0093404997
1031.9947,0.0093287147
1031.9947,0.0093036721
1031.9947,0.0092907924
1031.9947,0.0092842425
1031.9947,0.0092782423
1031.9947,0.0092697226
1031.9947,0.0092642324
1031.9947,0.0092435106
1031.9947,0.0092427073
1031.9947,0.0091983355
1031.9947,0.0091412687
1031.9947,0.009120591
1031.9947,0.0091031275
1031.9947,0.00904772
1031.9947,0.0090377591
1031.9947,0.0090297108
1031.9947,0.0090085247
1031.9947,0.0089889784
1031.9947,0.0089882738
1031.9947,0.00897569
1031.9947,0.0089623413
1031.9947,0.0089441407
1031.9947,0.0089375933
1031.9947,0.0089061718
1031.9947,0.0089019782
1031.9947,0.0088602059
1031.9947,0.0088519352
1031.9947,0.0088422617
1031.9947,0.0088172181
1031.9947,0.0087956797
1031.9947,0.0087609835
1031.9947,0.0086897941
1031.9947,0.0086401118
1031.9947,0.0086002275
1031.9947,0.008589
1031.9947,0.0085864592
1031.9947,0.0085715526
1031.9947,0.008571255
1031.9947,0.0085391217
1031.9947,0.0085384227
1031.9947,0.0084176221
1031.9947,0.0084055249
1031.9947,0.0083874926
1031.9947,0.0083760834
1031.9947,0.0083451202
1031.9947,0.0083282379
1031.9947,0.0082714368
1031.9947,0.0082679804
1031.9947,0.0082608815
1031.9947,0.0082499526
1031.9947,0.0082489728
1031.9947,0.0082277589
1031.9947,0.0082074796
1031.9947,0.0082074769
1031.9947,0.0081974904
1031.9947,0.0081603138
1031.9947,0.0081512044
1031.9947,0.0080906399
1031.9947,0.0080504817
1031.9947,0.0079894161
1031.9947,0.0079765452
1031.9947,0.0079215163
1031.9947,0.0078594244
1031.9947,0.0078164687
1031.9947,0.0078046453
1031.9947,0.0077810183
1031.9947,0.0077628083
1031.9947,0.0077574185
1031.9947,0.007664194
1031.9947,0.0076601156
1031.9947,0.0075867649
1031.9947,0.0075686668
1031.9947,0.0075479879
1031.9947,0.0075164666
1031.9947,0.0075134443
1031.9947,0.0074903337
1031.9947,0.0074816302
1031.9947,0.0074761782
1031.9947,0.0073522164
1031.9947,0.0073388802
1031.9947,0.0073378238
1031.9947,0.0073330786
1031.9947,0.0072859802
1031.9947,0.0072504338
1031.9947,0.0072050662
1031.9947,0.0071722429
1031.9947,0.0070777691
1031.9947,0.0070648386
1031.9947,0.0070479071
1031.9947,0.00703807
1031.9947,0.0070097483
1031.9947,0.0069823573
1031.9947,0.0069795873
1031.9947,0.0069145306
1031.9947,0.0068784019
1031.9947,0.0068316193
1031.9947,0.006820745
1031.9947,0.0067980992
1031.9947,0.0067726022
1031.9947,0.0067708816
1031.9947,0.0067002667
1031.9947,0.0066891208
1031.9947,0.0066831831
1031.9947,0.0066512661
1031.9947,0.0066158946
1031.9947,0.0066108841
1031.9947,0.0066026193
1031.9947,0.0065889554
1031.9947,0.0065877174
1031.9947,0.0065851501
1031.9947,0.006582879
1031.9947,0.0065826015
1031.9947,0.0065461037
1031.9947,0.0065264791
1031.9947,0.0065131198
1031.9947,0.0064160531
1031.9947,0.0063629089
1031.9947,0.0063351245
1031.9947,0.0063318014
1031.9947,0.0063272269
1031.9947,0.0062856038
1031.9947,0.0062682697
1031.9947,0.0062367407
1031.9947,0.0062298507
1031.9947,0.0062058131
1031.9947,0.0061984876
1031.9947,0.0061325732
1031.9947,0.0060859345
1031.9947,0.0059870905
1031.9947,0.0059437335
1031.9947,0.0058803634
1031.9947,0.0058320883
1031.9947,0.0057897104
1031.9947,0.0057813507
1031.9947,0.0057681337
1031.9947,0.0057520305
1031.9947,0.005744657
1031.9947,0.0057051659
1031.9947,0.0056521038
1031.9947,0.005626539
1031.9947,0.0056051723
1031.9947,0.0055875921
1031.9947,0.0055864322
1031.9947,0.0055595326
1031.9947,0.005553203
1031.9947,0.0055413496
1031.9947,0.005473295
1031.9947,0.0054484905
1031.9947,0.0054295028
1031.9947,0.0054287826
1031.9947,0.0054221109
1031.9947,0.0054015875
1031.9947,0.005371771
1031.9947,0.0053683685
1031.9947,0.0053528908
1031.9947,0.0053156387
1031.9947,0.0053092998
1031.9947,0.0052771412
1031.9947,0.0052707453
1031.9947,0.0052563697
1031.9947,0.005198659
1031.9947,0.0050866598
1031.9947,0.0050016869
1031.9947,0.004991939
1031.9947,0.0049734232
1031.9947,0.0049011223
1031.9947,0.0048668723
1031.9947,0.0048518946
1031.9947,0.0047967605
1031.9947,0.004756496
1031.9947,0.00473204
1031.9947,0.004722401
1031.9947,0.0047220532
1031.9947,0.0046828551
1031.9947,0.004678747
1031.9947,0.004566032
1031.9947,0.0045193609
1031.9947,0.0044655531
1031.9947,0.0043615577
1031.9947,0.0043545503
1031.9947,0.004307101
1031.9947,0.0042722224
1031.9947,0.0042530095
1031.9947,0.0041515769
1031.9947,0.0041422247
1031.9947,0.0040974809
1031.9947,0.0040357936
1031.9947,0.0040042026
1031.9947,0.0039846476
1031.9947,0.0039816222
1031.9947,0.0038965178
1031.9947,0.0038840965
1031.9947,0.0038694568
1031.9947,0.0038439508
1031.9947,0.0038197794
1031.9947,0.0037249514
1031.9947,0.0036845343
1031.9947,0.0036591574
1031.9947,0.003639735
1031.9947,0.0036022163
1031.9947,0.0035474823
1031.9947,0.0035009311
1031.9947,0.0034832309
1031.9947,0.0034335675
1031.9947,0.0034196262
1031.9947,0.0033938039
1031.9947,0.003379115
1031.9947,0.003325508
1031.9947,0.0033066421
1031.9947,0.0032279472
1031.9947,0.0031616062
1031.9947,0.0031477409
1031.9947,0.0031027485
1031.9947,0.0030166769
1031.9947,0.0028298528
1031.9947,0.0028081672
1031.9947,0.002799982
1031.9947,0.0027391221
1031.9947,0.0027252758
1031.9947,0.0026678697
1031.9947,0.0026528305
1031.9947,0.0026340812
1031.9947,0.002608127
1031.9947,0.0025514292
1031.9947,0.002444273
1031.9947,0.0024088126
1031.9947,0.0022907014
1031.9947,0.0022833024
1031.9947,0.00220063
1031.9947,0.002192415
1031.9947,0.0021665491
1031.9947,0.0021123758
1031.9947,0.0019673409
1031.9947,0.0018187171
1031.9947,0.0017660733
1031.9947,0.0017089125
1031.9947,0.001705343
1031.9947,0.0017019596
1031.9947,0.001658967
1031.9947,0.0016111079
1031.9947,0.0014237246
1031.9947,0.0013555475
1031.9947,0.0013378433
1031.9947,0.0012373884
1031.9947,0.001224378
1031.9947,0.0011826093
1031.9947,0.0011204862
1031.9947,0.001091207
1031.9947,0.0010559252
1031.9947,0.00099883665
1031.9947,0.0008977392
1031.9947,0.00086534253
1031.9947,0.00080379234
1031.9947,0.00079317886
1031.9947,0.00032321116
1031.9947,0.00029634378
1031.9947,0.00021128074
1031.9947,0.0001480632
1031.9947,0.00012942945
1031.9947,-0.00013643851
1031.9947,-0.00026028156
1031.9947,-0.00028188431
1031.9947,-0.00039089421
1031.9947,-0.00047688959
1031.9947,-0.0005679461
1031.9947,-0.00060615504
1031.9947,-0.00065273495
1031.9947,-0.00067338779
1031.9947,-0.00095190759
1031.9947,-0.00097627986
1031.9947,-0.0012887315
1031.9947,-0.001437748
1031.9947,-0.0014666718
1031.9947,-0.0015352043
1031.9947,-0.001629788
1031.9947,-0.0017269956
1031.9947,-0.0018013924
1031.9947,-0.0018400727
1031.9947,-0.0019382538
1031.9947,-0.0024318409
1031.9947,-0.0024967605
1031.9947,-0.0027354804
1031.9947,-0.0027895639
1031.9947,-0.0028714986
1031.9947,-0.0030083987
1031.9947,-0.0032729727
1031.9947,-0.0032736656
1031.9947,-0.0033842325
1031.9947,-0.0034963649
1031.9947,-0.0035025108
1031.9947,-0.0036132099
1031.9947,-0.0037290096
1031.9947,-0.0039705355
1031.9947,-0.0040092351
1031.9947,-0.0040698406
1031.9947,-0.0040767014
1031.9947,-0.0041827417
1031.9947,-0.0044310839
1031.9947,-0.0047428231
1031.9947,-0.0049530137
1031.9947,-0.0050031304
1031.9947,-0.0050386339
1031.9947,-0.0050989927
1031.9947,-0.0051772689
1031.9947,-0.0051801829
1031.9947,-0.0052626523
1031.9947,-0.0053967377
1031.9947,-0.0055001258
1031.9947,-0.0055654642
1031.9947,-0.0055769724
1031.9947,-0.0056455019
1031.9947,-0.005693031
1031.9947,-0.0057688162
1031.9947,-0.0058357913
1031.9947,-0.0060268196
1031.9947,-0.0065347944
1031.9947,-0.0066371398
1031.9947,-0.0067473887
1031.9947,-0.0069402881
1031.9947,-0.0069468529
1031.9947,-0.0071216038
1031.9947,-0.0072329933
1031.9947,-0.0074538871
1031.9947,-0.0075688746
1031.9947,-0.0076760257
1031.9947,-0.0078152411
1031.9947,-0.0079672865
1031.9947,-0.0080833634
1031.9947,-0.0083934197
1031.9947,-0.0084452642
1031.9947,-0.008559212
1031.9947,-0.0087432551
1031.9947,-0.0088325121
1031.9947,-0.0093617525
1031.9947,-0.0095892665
1031.9947,-0.0098820994
1031.9947,-0.009977645
1032.4882,0.0099924352
1032.4882,0.0099810229
1032.4882,0.0099673595
1032.4882,0.009945999
1032.4882,0.0099314776
1032.4882,0.0098889654
1032.4882,0.0098606177
1032.4882,0.0098324174
1032.4882,0.0097921302
1032.4882,0.00977099
1032.4882,0.0097372557
1032.4882,0.0096612619
1032.4882,0.0096220675
1032.4882,0.0095645198
1032.4882,0.0095051103
1032.4882,0.0094763991
1032.4882,0.0094752109
1032.4882,0.0094737283
1032.4882,0.0093861766
1032.4882,0.009358745
1032.4882,0.0093488967
1032.4882,0.0093306326
1032.4882,0.0092414212
1032.4882,0.0092250486
1032.4882,0.0092049726
1032.4882,0.0091789582
1032.4882,0.0091638382
1032.4882,0.0090506491
1032.4882,0.0090331363
1032.4882,0.0089676335
1032.4882,0.008908246
1032.4882,0.0089050138
1032.4882,0.0089001782
1032.4882,0.0088660875
1032.4882,0.0088413873
1032.4882,0.008828024
1032.4882,0.008736119
1032.4882,0.0087356609
1032.4882,0.0086927282
1032.4882,0.0085024699
1032.4882,0.0084961801
1032.4882,0.0084840123
1032.4882,0.0084795259
1032.4882,0.00847415
1032.4882,0.0084272501
1032.4882,0.0083268942
1032.4882,0.0083181178
1032.4882,0.0082774919
1032.4882,0.0082456977
1032.4882,0.0082320283
1032.4882,0.0081108873
1032.4882,0.0080945539
1032.4882,0.0080295666
1032.4882,0.0080249585
1032.4882,0.0079880527
1032.4882,0.007986528
1032.4882,0.0079655752
1032.4882,0.0079541994
1032.4882,0.0079383474
1032.4882,0.0079297656
1032.4882,0.0079246867
1032.4882,0.0079210557
1032.4882,0.0079102667
1032.4882,0.0078547153
1032.4882,0.0077912726
1032.4882,0.0076895255
1032.4882,0.0076610547
1032.4882,0.0076582111
1032.4882,0.0076413106
1032.4882,0.0076151801
1032.4882,0.0075919697
1032.4882,0.0075512037
1032.4882,0.0075480068
1032.4882,0.0074949481
1032.4882,0.0074723563
1032.4882,0.0074697195
1032.4882,0.0074297044
1032.4882,0.0074190625
1032.4882,0.0073941982
1032.4882,0.007366426
1032.4882,0.0073452686
1032.4882,0.0073344653
1032.4882,0.0073198135
1032.4882,0.0073105457
1032.4882,0.0072983505
1032.4882,0.0072646782
1032.4882,0.0072476624
1032.4882,0.0072396977
1032.4882,0.0072360761
1032.4882,0.0072280853
1032.4882,0.0071950191
1032.4882,0.0071352659
1032.4882,0.007126125
1032.4882,0.0070696557
1032.4882,0.0070297463
1032.4882,0.0070100412
1032.4882,0.0069493872
1032.4882,0.0069419099
1032.4882,0.0069411345
1032.4882,0.0069354044
1032.4882,0.006901458
1032.4882,0.0068870919
1032.4882,0.0068865543
1032.4882,0.0068789889
1032.4882,0.0068531935
1032.4882,0.0068291855
1032.4882,0.006799615
1032.4882,0.0067641163
1032.4882,0.0067095335
1032.4882,0.0067032293
1032.4882,0.0066817802
1032.4882,0.0066392507
1032.4882,0.0066142694
1032.4882,0.006601947
1032.4882,0.0065380366
1032.4882,0.0065290623
1032.4882,0.0064777094
1032.4882,0.006472676
1032.4882,0.0063784687
1032.4882,0.0063747982
1032.4882,0.0063579139
1032.4882,0.0063278405
1032.4882,0.0063152133
1032.4882,0.0062540838
1032.4882,0.0062417727
1032.4882,0.0062266834
1032.4882,0.0061804211
1032.4882,0.0061514946
1032.4882,0.006137647
1032.4882,0.0061071047
1032.4882,0.0060953671
1032.4882,0.0060375183
1032.4882,0.0060232577
1032.4882,0.0060147984
1032.4882,0.0060029384
1032.4882,0.0059896741
1032.4882,0.005982769
1032.4882,0.0059285197
1032.4882,0.0059014763
1032.4882,0.0058876544
1032.4882,0.0058561462
1032.4882,0.0058560139
1032.4882,0.0058536167
1032.4882,0.0058513368
1032.4882,0.0058160685
1032.4882,0.0058090578
1032.4882,0.0058053781
1032.4882,0.0057962395
1032.4882,0.0057780846
1032.4882,0.0057763333
1032.4882,0.0057720473
1032.4882,0.0057701856
1032.4882,0.0057656829
1032.4882,0.0057520572
1032.4882,0.0057269146
1032.4882,0.00570168
1032.4882,0.0056896787
1032.4882,0.0056701701
1032.4882,0.0056254301
1032.4882,0.0056041609
1032.4882,0.0055924157
1032.4882,0.0055789569
1032.4882,0.0055683369
1032.4882,0.0055576086
1032.4882,0.0055360125
1032.4882,0.0055101981
1032.4882,0.0055076208
1032.4882,0.0055036153
1032.4882,0.005490014
1032.4882,0.0054735779
1032.4882,0.0054626808
1032.4882,0.0054120259
1032.4882,0.0053868931
1032.4882,0.0053809102
1032.4882,0.0053791985
1032.4882,0.0053647765
1032.4882,0.005335498
1032.4882,0.005327829
1032.4882,0.0053265636
1032.4882,0.0053237626
1032.4882,0.0053222478
1032.4882,0.0053006429
1032.4882,0.0052984094
1032.4882,0.0052617649
1032.4882,0.0052569748
1032.4882,0.0052393815
1032.4882,0.0052040563
1032.4882,0.0051905759
1032.4882,0.0051889103
1032.4882,0.0051763362
1032.4882,0.005154409
1032.4882,0.0051455884
1032.4882,0.005141982
1032.4882,0.0051319769
1032.4882,0.0051235923
1032.4882,0.0051176136
1032.4882,0.0050907485
1032.4882,0.0050605331
1032.4882,0.0050587025
1032.4882,0.0049854144
1032.4882,0.0049703788
1032.4882,0.0049537339
1032.4882,0.0049398498
1032.4882,0.0049229189
1032.4882,0.0048896373
1032.4882,0.0048839905
1032.4882,0.004870413
1032.4882,0.0048582185
1032.4882,0.0048398082
1032.4882,0.0048357721
1032.4882,0.0048170233
1032.4882,0.0048099271
1032.4882,0.0048031041
1032.4882,0.0047993511
1032.4882,0.0047976485
1032.4882,0.0047720697
1032.4882,0.0047717848
1032.4882,0.0047527432
1032.4882,0.0047386127
1032.4882,0.004717138
1032.4882,0.0047041953
1032.4882,0.0046673102
1032.4882,0.004658652
1032.4882,0.004649123
1032.4882,0.004636993
1032.4882,0.0046049139
1032.4882,0.0046023597
1032.4882,0.004585259
1032.4882,0.0045776682
1032.4882,0.0045751717
1032.4882,0.0045677997
1032.4882,0.0045584199
1032.4882,0.0045578765
1032.4882,0.004557351
1032.4882,0.0045509289
1032.4882,0.0045366679
1032.4882,0.004529429
1032.4882,0.004517278
1032.4882,0.00451601
1032.4882,0.0045137985
1032.4882,0.0044973683
1032.4882,0.0044943031
1032.4882,0.0044902561
1032.4882,0.0044872164
1032.4882,0.0044792147
1032.4882,0.0044639171
1032.4882,0.0044487233
1032.4882,0.0044465103
1032.4882,0.0044400356
1032.4882,0.0044249102
1032.4882,0.0044224678
1032.4882,0.0043991686
1032.4882,0.0043988487
1032.4882,0.0043814414
1032.4882,0.0043793502
1032.4882,0.0043580585
1032.4882,0.0043499283
1032.4882,0.0043487447
1032.4882,0.0043387259
1032.4882,0.0043285224
1032.4882,0.0043134033
1032.4882,0.0042901423
1032.4882,0.0042795496
1032.4882,0.004272494
1032.4882,0.0042722995
1032.4882,0.0042676605
1032.4882,0.0042444942
1032.4882,0.0042349365
1032.4882,0.0042314426
1032.4882,0.0042227676
1032.4882,0.0042179124
1032.4882,0.0041854412
1032.4882,0.0041831848
1032.4882,0.0041732375
1032.4882,0.0041552477
1032.4882,0.0041525654
1032.4882,0.0041434259
1032.4882,0.0041223669
1032.4882,0.0041147863
1032.4882,0.0040945702
1032.4882,0.0040707059
1032.4882,0.0040690452
1032.4882,0.0040637953
1032.4882,0.0040568418
1032.4882,0.0040413083
1032.4882,0.0040041586
1032.4882,0.0039989261
1032.4882,0.0039801945
1032.4882,0.0039782954
1032.4882,0.0039653667
1032.4882,0.0039503203
1032.4882,0.0039462607
1032.4882,0.0039441581
1032.4882,0.0039407061
1032.4882,0.003937444
1032.4882,0.0039369965
1032.4882,0.0039368364
1032.4882,0.0039247791
1032.4882,0.0039232259
1032.4882,0.0038843167
1032.4882,0.0038773217
1032.4882,0.0038756776
1032.4882,0.0038661387
1032.4882,0.0038641822
1032.4882,0.003847655
1032.4882,0.00384586
1032.4882,0.0038404805
1032.4882,0.0038359109
1032.4882,0.0038266663
1032.4882,0.0038229363
1032.4882,0.003809288
1032.4882,0.0038057807
1032.4882,0.0037988414
1032.4882,0.0037878696
1032.4882,0.0037778337
1032.4882,0.0037762849
1032.4882,0.0037655478
1032.4882,0.0037646044
1032.4882,0.0037434143
1032.4882,0.0037422741
1032.4882,0.003740568
1032.4882,0.0037181384
1032.4882,0.0037180204
1032.4882,0.0037149422
1032.4882,0.0037094038
1032.4882,0.0037040876
1032.4882,0.0037023062
1032.4882,0.0036573897
1032.4882,0.0036457363
1032.4882,0.0036454498
1032.4882,0.0036329967
1032.4882,0.003621962
1032.4882,0.0036204345
1032.4882,0.0036130863
1032.4882,0.0035998419
1032.4882,0.0035984995
1032.4882,0.0035868861
1032.4882,0.0035828074
1032.4882,0.0035682123
1032.4882,0.0035632103
1032.4882,0.003538173
1032.4882,0.0035365136
1032.4882,0.0035303945
1032.4882,0.0035297335
1032.4882,0.0035244395
1032.4882,0.0035216754
1032.4882,0.0035129678
1032.4882,0.0034985747
1032.4882,0.0034905321
1032.4882,0.0034795168
1032.4882,0.0034768604
1032.4882,0.0034617657
1032.4882,0.0034560371
1032.4882,0.0034494191
1032.4882,0.0034385778
1032.4882,0.0034346549
1032.4882,0.0033876011
1032.4882,0.0033801063
1032.4882,0.0033614271
1032.4882,0.0033571418
1032.4882,0.0033517304
1032.4882,0.0033452831
1032.4882,0.0033253545
1032.4882,0.0032806414
1032.4882,0.0032620478
1032.4882,0.0032555692
1032.4882,0.0032517105
1032.4882,0.0032331212
1032.4882,0.0032262959
1032.4882,0.0032166703
1032.4882,0.003185153
1032.4882,0.0031617708
1032.4882,0.0031505626
1032.4882,0.003139187
1032.4882,0.0031222902
1032.4882,0.00311545
1032.4882,0.0030790021
1032.4882,0.003078869
1032.4882,0.0030498841
1032.4882,0.0030443369
1032.4882,0.0030260375
1032.4882,0.0030189553
1032.4882,0.0030021845
1032.4882,0.0030007347
1032.4882,0.0029999244
1032.4882,0.0029781687
1032.4882,0.0029444046
1032.4882,0.0029318223
1032.4882,0.0029226982
1032.4882,0.0029204172
1032.4882,0.0029142914
1032.4882,0.0029020117
1032.4882,0.0028982592
1032.4882,0.0028948311
1032.4882,0.0028789807
1032.4882,0.0028778472
1032.4882,0.0028701983
1032.4882,0.002854568
1032.4882,0.002847734
1032.4882,0.0028331155
1032.4882,0.0028038566
1032.4882,0.0027658334
1032.4882,0.0027536685
1032.4882,0.0026718339
1032.4882,0.0026712695
1032.4882,0.002626913
1032.4882,0.0026173579
1032.4882,0.0026172578
1032.4882,0.0025218524
1032.4882,0.0025177614
1032.4882,0.0024697029
1032.4882,0.0024608247
1032.4882,0.0024584612
1032.4882,0.0023861838
1032.4882,0.0023258946
1032.4882,0.0023240917
1032.4882,0.002305793
1032.4882,0.0023047223
1032.4882,0.0022537482
1032.4882,0.002248021
1032.4882,0.0022187157
1032.4882,0.0021707405
1032.4882,0.0021276755
1032.4882,0.0020743334
1032.4882,0.0020659784
1032.4882,0.0020503099
1032.4882,0.0020502031
1032.4882,0.0019928603
1032.4882,0.0019897536
1032.4882,0.0019457425
1032.4882,0.001934985
1032.4882,0.00193284
1032.4882,0.0019268584
1032.4882,0.0019249111
1032.4882,0.0019241407
1032.4882,0.0018768575
1032.4882,0.0018702329
1032.4882,0.0018561639
1032.4882,0.0018349364
1032.4882,0.0018311356
1032.4882,0.0018020137
1032.4882,0.0017861303
1032.4882,0.0017539521
1032.4882,0.0017529847
1032.4882,0.0017098215
1032.4882,0.0017002536
1032.4882,0.001694493
1032.4882,0.0016671735
1032.4882,0.0016500543
1032.4882,0.0016443266
1032.4882,0.0016114695
1032.4882,0.0015930274
1032.4882,0.0015804506
1032.4882,0.0015009778
1032.4882,0.0014701817
1032.4882,0.001460054
1032.4882,0.001409323
1032.4882,0.0013962305
1032.4882,0.0013952619
1032.4882,0.0013898836
1032.4882,0.0013279285
1032.4882,0.001295853
1032.4882,0.0012867165
1032.4882,0.0012779944
1032.4882,0.0012657377
1032.4882,0.0012518344
1032.4882,0.0011574469
1032.4882,0.0011263781
1032.4882,0.0011123087
1032.4882,0.0010902974
1032.4882,0.0010370951
1032.4882,0.0010335837
1032.4882,0.0010174947
1032.4882,0.0010154168
1032.4882,0.00099728396
1032.4882,0.00099261488
1032.4882,0.00093359893
1032.4882,0.00092597116
1032.4882,0.00089545535
1032.4882,0.00088759258
1032.4882,0.00087511316
1032.4882,0.00083957829
1032.4882,0.00083082782
1032.4882,0.00082530978
1032.4882,0.00079424845
1032.4882,0.00079361062
1032.4882,0.0007633244
1032.4882,0.00075122209
1032.4882,0.00069844164
1032.4882,0.00067981181
1032.4882,0.00067370111
1032.4882,0.00061832146
1032.4882,0.00061064838
1032.4882,0.00060773779
1032.4882,0.00057146007
1032.4882,0.00055559338
1032.4882,0.00054212617
1032.4882,0.00049913672
1032.4882,0.00047739208
1032.4882,0.00043536603
1032.4882,0.0004036537
1032.4882,0.00038077631
1032.4882,0.00037237469
1032.4882,0.00036440053
1032.4882,0.00035544585
1032.4882,0.00032435341
1032.4882,0.00031615775
1032.4882,0.00028799126
1032.4882,0.0002506909
1032.4882,0.00023842449
1032.4882,0.0002117448
1032.4882,0.00019071857
1032.4882,0.00017898921
1032.4882,0.00014161139
1032.4882,0.00013937458
1032.4882,8.430712e-05
1032.4882,3.932218e-05
1032.4882,3.539425e-05
1032.4882,1.649e-05
1032.4882,-2.117429e-05
1032.4882,-8.128755e-05
1032.4882,-0.00015538504
1032.4882,-0.00022253045
1032.4882,-0.00029467036
1032.4882,-0.00031855912
1032.4882,-0.00033580474
1032.4882,-0.0003489058
1032.4882,-0.00046423003
1032.4882,-0.00047898986
1032.4882,-0.00049981439
1032.4882,-0.00064258157
1032.4882,-0.00065403269
1032.4882,-0.00065457136
1032.4882,-0.0006852058
1032.4882,-0.0007130101
1032.4882,-0.00088355208
1032.4882,-0.00088818963
1032.4882,-0.00096891872
1032.4882,-0.0010069034
1032.4882,-0.0010234592
1032.4882,-0.0010642094
1032.4882,-0.0010849284
1032.4882,-0.0011309349
1032.4882,-0.001156149
1032.4882,-0.0011627065
1032.4882,-0.0011940463
1032.4882,-0.0012060013
1032.4882,-0.0012138488
1032.4882,-0.0012151429
1032.4882,-0.0012532831
1032.4882,-0.0013413589
1032.4882,-0.0013778702
1032.4882,-0.0014335031
1032.4882,-0.0014345485
1032.4882,-0.0014875582
1032.4882,-0.0015481562
1032.4882,-0.0015689114
1032.4882,-0.0016788802
1032.4882,-0.0017421245
1032.4882,-0.0018351553
1032.4882,-0.0019211378
1032.4882,-0.0020410771
1032.4882,-0.0021227697
1032.4882,-0.0021905819
1032.4882,-0.0022734655
1032.4882,-0.0022749846
1032.4882,-0.0022890872
1032.4882,-0.0023467955
1032.4882,-0.0023483995
1032.4882,-0.0024150278
1032.4882,-0.0024694696
1032.4882,-0.0025683839
1032.4882,-0.0026094726
1032.4882,-0.0027711501
1032.4882,-0.0027919918
1032.4882,-0.0028054182
1032.4882,-0.0028856601
1032.4882,-0.0028873839
1032.4882,-0.002922069
1032.4882,-0.0029485668
1032.4882,-0.0029522237
1032.4882,-0.0029531818
1032.4882,-0.0029654221
1032.4882,-0.0029668394
1032.4882,-0.0030501048
1032.4882,-0.0030674744
1032.4882,-0.0031257284
1032.4882,-0.0031453794
1032.4882,-0.0032114208
1032.4882,-0.003246201
1032.4882,-0.0033398144
1032.4882,-0.0033428171
1032.4882,-0.0033679294
1032.4882,-0.0034031409
1032.4882,-0.0034156568
1032.4882,-0.0034619707
1032.4882,-0.0034852454
1032.4882,-0.0035487955
1032.4882,-0.003572451
1032.4882,-0.003663647
1032.4882,-0.0037347909
1032.4882,-0.0038547378
1032.4882,-0.0039016963
1032.4882,-0.0039067802
1032.4882,-0.0039436241
1032.4882,-0.0039719739
1032.4882,-0.0040089683
1032.4882,-0.0040289852
1032.4882,-0.0040756328
1032.4882,-0.0040846528
1032.4882,-0.0040879527
1032.4882,-0.0040998768
1032.4882,-0.0041976129
1032.4882,-0.0042185035
1032.4882,-0.0043313261
1032.4882,-0.0045446828
1032.4882,-0.0045694805
1032.4882,-0.0046449023
1032.4882,-0.0047223432
1032.4882,-0.0047245652
1032.4882,-0.0047389828
1032.4882,-0.0047640544
1032.4882,-0.0047994397
1032.4882,-0.0048247857
1032.4882,-0.0048272388
1032.4882,-0.0048673359
1032.4882,-0.0049513297
1032.4882,-0.0052814824
1032.4882,-0.0053065179
1032.4882,-0.0054344572
1032.4882,-0.0054565338
1032.4882,-0.0054864224
1032.4882,-0.0055127117
1032.4882,-0.0057346299
1032.4882,-0.0058209512
1032.4882,-0.0058397136
1032.4882,-0.0059802035
1032.4882,-0.0060074595
1032.4882,-0.0060691958
1032.4882,-0.006119829
1032.4882,-0.0061433589
1032.4882,-0.0061623531
1032.4882,-0.0062739366
1032.4882,-0.0062975029
1032.4882,-0.0063290171
1032.4882,-0.0064077256
1032.4882,-0.0064870317
1032.4882,-0.0065412676
1032.4882,-0.0065591864
1032.4882,-0.0065685362
1032.4882,-0.0067007091
1032.4882,-0.0068018072
1032.4882,-0.0068677405
1032.4882,-0.0069157544
1032.4882,-0.0069328243
1032.4882,-0.0069753011
1032.4882,-0.0070404254
1032.4882,-0.0070600649
1032.4882,-0.0070718661
1032.4882,-0.0070726937
1032.4882,-0.0071250093
1032.4882,-0.0071277944
1032.4882,-0.0071306443
1032.4882,-0.0071750173
1032.4882,-0.0072930128
1032.4882,-0.0072986579
1032.4882,-0.0073481434
1032.4882,-0.0073524869
1032.4882,-0.0073641763
1032.4882,-0.007446515
1032.4882,-0.0074758795
1032.4882,-0.0075268094
1032.4882,-0.0076027933
1032.4882,-0.0076434707
1032.4882,-0.0076680245
1032.4882,-0.00767069
1032.4882,-0.007683349
1032.4882,-0.0077500431
1032.4882,-0.007769175
1032.4882,-0.007778332
1032.4882,-0.007854888
1032.4882,-0.0079013041
1032.4882,-0.0079157082
1032.4882,-0.0079188459
1032.4882,-0.008015894
1032.4882,-0.0081171288
1032.4882,-0.0081367838
1032.4882,-0.0081378081
1032.4882,-0.0082757364
1032.4882,-0.0083576048
1032.4882,-0.0083601386
1032.4882,-0.0083634863
1032.4882,-0.0084617496
1032.4882,-0.0085317761
1032.4882,-0.0085854168
1032.4882,-0.0086910012
1032.4882,-0.0087651159
1032.4882,-0.0087748361
1032.4882,-0.0087842431
1032.4882,-0.0088010608
1032.4882,-0.008917128
1032.4882,-0.0089388879
1032.4882,-0.0089738744
1032.4882,-0.0090354833
1032.4882,-0.0090933267
1032.4882,-0.0090997961
1032.4882,-0.009121367
1032.4882,-0.0091773682
1032.4882,-0.0092105369
1032.4882,-0.0092710929
1032.4882,-0.0092713029
1032.4882,-0.009568818
1032.4882,-0.0096576892
1032.4882,-0.0096933774
1032.4882,-0.009723721
1032.4882,-0.0097530602
1032.4882,-0.0097983156
1032.4882,-0.0098244523
1032.4882,-0.0098585647
1032.4882,-0.0098748273
1032.4882,-0.0099179627
1032.4882,-0.0099956531
1039.9913,0.0099915638
1039.9913,0.0099831046
1039.9913,0.0099722535
1039.9913,0.0099370855
1039.9913,0.0099350239
1039.9913,0.0099002651
1039.9913,0.009869605
1039.9913,0.0098460759
1039.9913,0.0098395609
1039.9913,0.0098323866
1039.9913,0.0098296326
1039.9913,0.0098272626
1039.9913,0.0098202738
1039.9913,0.0097963971
1039.9913,0.009792368
1039.9913,0.0097864648
1039.9913,0.0097760603
1039.9913,0.0097750611
1039.9913,0.0097562445
1039.9913,0.009756153
1039.9913,0.0097347035
1039.9913,0.0097339608
1039.9913,0.0097230675
1039.9913,0.0096993739
1039.9913,0.0096919182
1039.9913,0.0096860059
1039.9913,0.0096786185
1039.9913,0.0096677452
1039.9913,0.0096125058
1039.9913,0.0096003668
1039.9913,0.0095837766
1039.9913,0.0095794623
1039.9913,0.0095692786
1039.9913,0.0095605839
1039.9913,0.0095600941
1039.9913,0.0095520625
1039.9913,0.0095460356
1039.9913,0.0095354644
1039.9913,0.0095244917
1039.9913,0.0095181057
1039.9913,0.0095176952
1039.9913,0.0095113442
1039.9913,0.0094990268
1039.9913,0.0094901982
1039.9913,0.0094884038
1039.9913,0.0094851562
1039.9913,0.0094800456
1039.9913,0.0094590208
1039.9913,0.0094552809
1039.9913,0.0094482846
1039.9913,0.0094400666
1039.9913,0.0094364532
1039.9913,0.0094364447
1039.9913,0.0094358146
1039.9913,0.0094253031
1039.9913,0.009388771
1039.9913,0.0093835339
1039.9913,0.0093819937
1039.9913,0.0093806845
1039.9913,0.0093526445
1039.9913,0.0093454614
1039.9913,0.009330753
1039.9913,0.009299821
1039.9913,0.0092724827
1039.9913,0.009250646
1039.9913,0.0092400481
1039.9913,0.0092326067
1039.9913,0.0092204781
1039.9913,0.0091951342
1039.9913,0.0091808065
1039.9913,0.0091740019
1039.9913,0.009160776
1039.9913,0.0091272056
1039.9913,0.0090959197
1039.9913,0.0090906099
1039.9913,0.0090453306
1039.9913,0.0090334398
1039.9913,0.0090196691
1039.9913,0.0090184687
1039.9913,0.0090165326
1039.9913,0.0090058494
1039.9913,0.0089865129
1039.9913,0.0089113881
1039.9913,0.0089065382
1039.9913,0.0089017636
1039.9913,0.0088731696
1039.9913,0.0088381721
1039.9913,0.0088164195
1039.9913,0.0087652456
1039.9913,0.008719489
1039.9913,0.0087058434
1039.9913,0.008634905
1039.9913,0.0084509429
1039.9913,0.0084437342
1039.9913,0.0084213832
1039.9913,0.0084208368
1039.9913,0.0084041446
1039.9913,0.008369024
1039.9913,0.0083427883
1039.9913,0.0083409977
1039.9913,0.0083250468
1039.9913,0.0083095278
1039.9913,0.0082812448
1039.9913,0.0082784183
1039.9913,0.0082679414
1039.9913,0.0082667485
1039.9913,0.0082382687
1039.9913,0.0082160347
1039.9913,0.0081887088
1039.9913,0.0078244961
1039.9913,0.0078170288
1039.9913,0.0077849263
1039.9913,0.0076791422
1039.9913,0.0076392542
1039.9913,0.0076344149
1039.9913,0.0076033992
1039.9913,0.0075391469
1039.9913,0.0075184548
1039.9913,0.0074835256
1039.9913,0.0074619022
1039.9913,0.0074480072
1039.9913,0.0074080007
1039.9913,0.0070315603
1039.9913,0.0069991073
1039.9913,0.0069821738
1039.9913,0.0069239188
1039.9913,0.0068595073
1039.9913,0.0068414709
1039.9913,0.0068324351
1039.9913,0.0068308068
1039.9913,0.0067536693
1039.9913,0.0064458862
1039.9913,0.0064388348
1039.9913,0.0064102839
1039.9913,0.0063102618
1039.9913,0.0059819149
1039.9913,0.0059142489
1039.9913,0.0058879352
1039.9913,0.0058783797
1039.9913,0.0058551261
1039.9913,0.0058176738
1039.9913,0.0056833455
1039.9913,0.0055930721
1039.9913,0.005489874
1039.9913,0.0052975901
1039.9913,0.0052975201
1039.9913,0.0052969325
1039.9913,0.0050014912
1039.9913,0.0047323924
1039.9913,0.0047168194
1039.9913,0.0046522002
1039.9913,0.0045234954
1039.9913,0.0034696004
1039.9913,0.0033600825
1039.9913,0.0033277896
1039.9913,0.0031778625
1039.9913,0.0030878174
1039.9913,0.0029421124
1039.9913,0.0027912851
1039.9913,0.0025061284
1039.9913,0.0024561517
1039.9913,0.0020285275
1039.9913,0.0015243284
1039.9913,0.0013612873
1039.9913,0.001257949
1039.9913,0.0011907446
1039.9913,0.00084927844
1039.9913,0.00084400511
1039.9913,0.00075171932
1039.9913,0.00049499347
1039.9913,0.00041333861
1039.9913,0.00028373073
1039.9913,0.00020194261
1039.9913,0.0001756115
1039.9913,-0.00046451129
1039.9913,-0.00065204647
1039.9913,-0.0007394093
1039.9913,-0.00075718007
1039.9913,-0.00079415322
1039.9913,-0.00092715897
1039.9913,-0.00094591884
1039.9913,-0.0011483182
1039.9913,-0.0011663535
1039.9913,-0.0013891918
1039.9913,-0.0023192057
1039.9913,-0.0025741295
1039.9913,-0.00302586
1039.9913,-0.0031132277
1039.9913,-0.0032413058
1039.9913,-0.0038010225
1039.9913,-0.0040763228
1039.9913,-0.0041246402
1039.9913,-0.0042503154
1039.9913,-0.0042510254
1039.9913,-0.0043730572
1039.9913,-0.0044343862
1039.9913,-0.0046423563
1039.9913,-0.0048732502
1039.9913,-0.0050394755
1039.9913,-0.0057808629
1039.9913,-0.0060559248
1039.9913,-0.0063081507
1039.9913,-0.0068194566
1039.9913,-0.0075390827
1039.9913,-0.0077024117
1039.9913,-0.0078112522
1039.9913,-0.0079121306
1039.9913,-0.0079895104
1039.9913,-0.0081369852
1039.9913,-0.0082624511
1039.9913,-0.0083219741
1039.9913,-0.0083701258
1039.9913,-0.0094073974
1039.9913,-0.009444869
1039.9913,-0.0094518339
1039.9913,-0.0095208968
1039.9913,-0.0096600878
1039.9913,-0.0096868665
1039.9913,-0.0097602787
1208.0885,0.0099757614
1208.0885,0.0099726807
1208.0885,0.0097753469
1208.0885,0.009696559
1208.0885,0.0093277043
1208.0885,0.0093147684
1208.0885,0.009149122
1208.0885,0.0091346475
1208.0885,0.0073893319
1208.0885,0.0070291315
1208.0885,0.0066254588
1208.0885,0.0064746389
1208.0885,0.0038715093
1208.0885,0.0028607857
1208.0885,-0.0041250166
1375.2418,0.0098773688
1375.2418,0.0096289731
1375.2418,0.0095352103
1375.2418,0.0093470362
1384.6908,0.009905359
1384.6908,0.0095656589
1384.6908,0.0095404249
1384.6908,0.0093403574
1384.6908,0.0077533661
1384.6908,0.0074140537
1384.6908,0.0053609438
1392.6883,0.0098683576
1392.6883,0.0097356906
1392.6883,0.0096628226
1392.6883,0.0095778709
1392.6883,0.0094708538
1392.6883,0.0094503785
1392.6883,0.0090806765
1392.6883,0.0090048813
1392.6883,0.0087111446
1392.6883,0.0086709662
1392.6883,0.0085799505
1392.6883,0.0085129898
1392.6883,0.0084941788
1392.6883,0.0082290907
1392.6883,0.0078937444
1392.6883,0.0070404201
1392.6883,0.005919972
1392.6883,0.0055455783
1392.6883,0.0053319663
1392.6883,0.0016592722
1392.6883,0.001538337
1392.6883,0.0013710952
1392.6883,-0.0005696506
1392.6883,-0.001117136
1392.6883,-0.0012160027
1392.6883,-0.001756523
1392.6883,-0.0018481239
1392.6883,-0.0021454914
1392.6883,-0.0022954912
1392.6883,-0.0023880185
1392.6883,-0.0025302542
1392.6883,-0.0027518525
1392.6883,-0.002946662
1392.6883,-0.0030386711
1392.6883,-0.0032031243
1392.6883,-0.0032315879
1392.6883,-0.0035836137
1392.6883,-0.0035890601
1392.6883,-0.0036137111
1392.6883,-0.0036140814
1392.6883,-0.0037384285
1392.6883,-0.0037607502
1392.6883,-0.0037957991
1392.6883,-0.0038822817
1392.6883,-0.0040029774
1392.6883,-0.0040056637
1392.6883,-0.0041006168
1392.6883,-0.0041424684
1392.6883,-0.0042086281
1392.6883,-0.0042149555
1392.6883,-0.0044075853
1392.6883,-0.0044888488
1392.6883,-0.0046143614
1392.6883,-0.004677068
1392.6883,-0.0047857708
1392.6883,-0.0048687738
1392.6883,-0.0050004769
1392.6883,-0.0051159654
1392.6883,-0.00520081
1392.6883,-0.0054400677
1392.6883,-0.0055672788
1392.6883,-0.0055673255
1392.6883,-0.0055953862
1392.6883,-0.0056100492
1392.6883,-0.0056972022
1392.6883,-0.0058397917
1392.6883,-0.0059083639
1392.6883,-0.0059851693
1392.6883,-0.0061472879
1392.6883,-0.0061800322
1392.6883,-0.0062787781
1392.6883,-0.0063040866
1392.6883,-0.0063891545
1392.6883,-0.0065890931
1392.6883,-0.0067615572
1392.6883,-0.0067829771
1392.6883,-0.0068034966
1392.6883,-0.0072245008
1392.6883,-0.0073607289
1392.6883,-0.0075736037
1392.6883,-0.0077729258
1392.6883,-0.0078288388
1392.6883,-0.0083187718
1392.6883,-0.0085654557
1392.6883,-0.0086776245
