665.3816,5.3003,2942,,,
Mascot MZ,MassHunter MZ,MZ Difference,Mascot RT,MassHunter RT,RT Difference
665.3816,664.5109,0.87069,5.300283,5.687117,-0.3868333
665.3816,664.5303,0.85133,5.300283,5.453017,-0.1527333
665.3816,664.6439,0.73767,5.300283,5.133183,0.1671
665.3816,664.6446,0.73698,5.300283,4.483117,0.8171667
665.3816,664.645,0.73661,5.300283,4.49565,0.8046333
665.3816,664.6455,0.73607,5.300283,4.527,0.7732833
665.3816,664.6465,0.73512,5.300283,4.53955,0.7607333
665.3816,664.6481,0.73353,5.300283,4.53745,0.7628333
665.3816,664.6487,0.73293,5.300283,4.552083,0.7482
665.3816,664.6488,0.73277,5.300283,4.512367,0.7879167
665.3816,664.65,0.73163,5.300283,4.545817,0.7544667
665.3816,664.65,0.73155,5.300283,4.514467,0.7858167
665.3816,664.6503,0.73134,5.300283,4.535367,0.7649167
665.3816,664.6513,0.73035,5.300283,4.524917,0.7753667
665.3816,664.6514,0.73021,5.300283,4.978517,0.3217667
665.3816,664.6523,0.72932,5.300283,4.5291,0.7711833
665.3816,664.6526,0.729,5.300283,4.504017,0.7962667
665.3816,664.6528,0.72884,5.300283,4.497733,0.80255
665.3816,664.6535,0.72806,5.300283,4.556267,0.7440167
665.3816,664.6543,0.72731,5.300283,4.508183,0.7921
665.3816,664.6545,0.72711,5.300283,4.499833,0.80045
665.3816,664.6549,0.72671,5.300283,5.083017,0.2172667
665.3816,664.6549,0.72669,5.300283,4.5061,0.7941833
665.3816,664.655,0.72656,5.300283,5.8167,-0.5164167
665.3816,664.655,0.72655,5.300283,5.804167,-0.5038833
665.3816,664.6551,0.72648,5.300283,5.831333,-0.53105
665.3816,664.6554,0.72621,5.300283,5.503183,-0.2029
665.3816,664.6554,0.72619,5.300283,4.926267,0.3740167
665.3816,664.6554,0.72618,5.300283,4.520733,0.77955
665.3816,664.6554,0.72618,5.300283,5.854333,-0.55405
665.3816,664.6556,0.72601,5.300283,5.538717,-0.2384333
665.3816,664.6558,0.72576,5.300283,5.8606,-0.5603167
665.3816,664.6559,0.72565,5.300283,4.522817,0.7774667
665.3816,664.656,0.72562,5.300283,4.531183,0.7691
665.3816,664.6565,0.72513,5.300283,6.167883,-0.8676
665.3816,664.6566,0.72504,5.300283,5.777,-0.4767167
665.3816,664.6567,0.72489,5.300283,5.799983,-0.4997
665.3816,664.6567,0.72487,5.300283,5.80625,-0.5059667
665.3816,664.6569,0.72471,5.300283,4.543717,0.7565667
665.3816,664.6573,0.72427,5.300283,5.812533,-0.51225
665.3816,664.6575,0.72412,5.300283,5.7958,-0.4955167
665.3816,664.6575,0.72412,5.300283,5.833433,-0.53315
665.3816,664.6576,0.72396,5.300283,5.862683,-0.5624
665.3816,664.6577,0.7239,5.300283,6.192967,-0.8926833
665.3816,664.6577,0.72385,5.300283,6.046617,-0.7463333
665.3816,664.6578,0.72378,5.300283,5.93585,-0.6355667
665.3816,664.658,0.72359,5.300283,5.547083,-0.2468
665.3816,664.658,0.72357,5.300283,6.1219,-0.8216167
665.3816,664.6582,0.72341,5.300283,5.754,-0.4537167
665.3816,664.6583,0.72328,5.300283,6.163717,-0.8634333
665.3816,664.6583,0.72327,5.300283,5.825067,-0.5247833
665.3816,664.6584,0.72323,5.300283,6.132367,-0.8320833
665.3816,664.6585,0.72309,5.300283,5.7749,-0.4746167
665.3816,664.6585,0.72307,5.300283,5.779083,-0.4788
665.3816,664.6586,0.72297,5.300283,5.126917,0.1733667
665.3816,664.6587,0.72294,5.300283,5.814617,-0.5143333
665.3816,664.6587,0.72291,5.300283,5.85015,-0.5498667
665.3816,664.6588,0.72285,5.300283,5.55125,-0.2509667
665.3816,664.6588,0.72284,5.300283,5.960933,-0.66065
665.3816,664.6588,0.7228,5.300283,6.10515,-0.8048667
665.3816,664.6588,0.72279,5.300283,5.822983,-0.5227
665.3816,664.6589,0.72275,5.300283,4.541633,0.75865
665.3816,664.6589,0.72275,5.300283,5.749817,-0.4495333
665.3816,664.6589,0.72275,5.300283,6.109333,-0.80905
665.3816,664.6589,0.72268,5.300283,6.036167,-0.7358833
665.3816,664.659,0.72262,5.300283,6.027817,-0.7275333
665.3816,664.659,0.72262,5.300283,6.140717,-0.8404333
665.3816,664.659,0.72261,5.300283,5.95675,-0.6564667
665.3816,664.659,0.72258,5.300283,5.866867,-0.5665833
665.3816,664.6591,0.72252,5.300283,6.034083,-0.7338
665.3816,664.6591,0.72251,5.300283,5.557533,-0.25725
665.3816,664.6591,0.72251,5.300283,5.983917,-0.6836333
665.3816,664.6591,0.72245,5.300283,6.1135,-0.8132167
665.3816,664.6592,0.7224,5.300283,5.858517,-0.5582333
665.3816,664.6592,0.72236,5.300283,5.917033,-0.61675
665.3816,664.6593,0.72229,5.300283,6.119817,-0.8195333
665.3816,664.6593,0.72226,5.300283,6.096783,-0.7965
665.3816,664.6594,0.72222,5.300283,6.10305,-0.8027667
665.3816,664.6594,0.72221,5.300283,5.716383,-0.4161
665.3816,664.6594,0.72221,5.300283,6.059167,-0.7588833
665.3816,664.6594,0.72218,5.300283,6.159533,-0.85925
665.3816,664.6594,0.72216,5.300283,5.990183,-0.6899
665.3816,664.6594,0.72216,5.300283,5.996467,-0.6961833
665.3816,664.6595,0.72213,5.300283,5.921217,-0.6209333
665.3816,664.6595,0.72209,5.300283,5.735183,-0.4349
665.3816,664.6595,0.72207,5.300283,6.054983,-0.7547
665.3816,664.6595,0.72206,5.300283,6.075883,-0.7756
665.3816,664.6595,0.72205,5.300283,5.87105,-0.5707667
665.3816,664.6596,0.72201,5.300283,5.91495,-0.6146667
665.3816,664.6596,0.722,5.300283,6.067517,-0.7672333
665.3816,664.6596,0.72199,5.300283,5.762367,-0.4620833
665.3816,664.6596,0.72199,5.300283,6.138633,-0.83835
665.3816,664.6596,0.72198,5.300283,6.190883,-0.8906
665.3816,664.6596,0.72197,5.300283,5.91285,-0.6125667
665.3816,664.6596,0.72197,5.300283,6.126083,-0.8258
665.3816,664.6597,0.72195,5.300283,6.0738,-0.7735167
665.3816,664.6597,0.72194,5.300283,5.714283,-0.414
665.3816,664.6597,0.72193,5.300283,5.74355,-0.4432667
665.3816,664.6597,0.72192,5.300283,5.908667,-0.6083833
665.3816,664.6597,0.72192,5.300283,5.927483,-0.6272
665.3816,664.6597,0.72189,5.300283,5.580517,-0.2802333
665.3816,664.6598,0.72184,5.300283,5.601417,-0.3011333
665.3816,664.6598,0.72181,5.300283,5.728917,-0.4286333
665.3816,664.6598,0.72181,5.300283,6.100967,-0.8006833
665.3816,664.6598,0.72179,5.300283,4.5479,0.7523833
665.3816,664.6598,0.72179,5.300283,5.9442,-0.6439167
665.3816,664.6598,0.72177,5.300283,5.6495,-0.3492167
665.3816,664.6598,0.72176,5.300283,5.906583,-0.6063
665.3816,664.6598,0.72176,5.300283,5.9672,-0.6669167
665.3816,664.6599,0.72175,5.300283,6.117733,-0.81745
665.3816,664.6599,0.72174,5.300283,5.99855,-0.6982667
665.3816,664.6599,0.72173,5.300283,5.879417,-0.5791333
665.3816,664.6599,0.72173,5.300283,6.107233,-0.80695
665.3816,664.6599,0.72173,5.300283,6.1449,-0.8446167
665.3816,664.6599,0.72172,5.300283,5.7561,-0.4558167
665.3816,664.6599,0.72171,5.300283,5.973467,-0.6731833
665.3816,664.6599,0.72171,5.300283,6.032,-0.7317167
665.3816,664.6599,0.72167,5.300283,6.1658,-0.8655167
665.3816,664.66,0.72164,5.300283,5.8815,-0.5812167
665.3816,664.66,0.72162,5.300283,5.979733,-0.67945
665.3816,664.66,0.72161,5.300283,6.161617,-0.8613333
665.3816,664.66,0.72157,5.300283,5.883583,-0.5833
665.3816,664.66,0.72157,5.300283,6.0926,-0.7923167
665.3816,664.66,0.72157,5.300283,6.19715,-0.8968667
665.3816,664.6601,0.72154,5.300283,6.038267,-0.7379833
665.3816,664.6601,0.72152,5.300283,5.76445,-0.4641667
665.3816,664.6601,0.72152,5.300283,5.9881,-0.6878167
665.3816,664.6601,0.72151,5.300283,5.89195,-0.5916667
665.3816,664.6601,0.72151,5.300283,6.077983,-0.7777
665.3816,664.6601,0.7215,5.300283,6.0947,-0.7944167
665.3816,664.6601,0.72146,5.300283,5.948383,-0.6481
665.3816,664.6601,0.72146,5.300283,6.004817,-0.7045333
665.3816,664.6602,0.72145,5.300283,5.632767,-0.3324833
665.3816,664.6602,0.72144,5.300283,6.0717,-0.7714167
665.3816,664.6602,0.72141,5.300283,5.741467,-0.4411833
665.3816,664.6602,0.7214,5.300283,6.1156,-0.8153167
665.3816,664.6602,0.7214,5.300283,6.153267,-0.8529833
665.3816,664.6602,0.72139,5.300283,5.9045,-0.6042167
665.3816,664.6602,0.72136,5.300283,5.555433,-0.25515
665.3816,664.6602,0.72136,5.300283,5.588883,-0.2886
665.3816,664.6602,0.72136,5.300283,5.6265,-0.3262167
665.3816,664.6603,0.72135,5.300283,5.597233,-0.29695
665.3816,664.6603,0.72133,5.300283,5.653667,-0.3533833
665.3816,664.6603,0.72133,5.300283,6.1867,-0.8864167
665.3816,664.6603,0.72132,5.300283,6.044533,-0.74425
665.3816,664.6603,0.72131,5.300283,5.624417,-0.3241333
665.3816,664.6603,0.72131,5.300283,5.97765,-0.6773667
665.3816,664.6603,0.7213,5.300283,6.080067,-0.7797833
665.3816,664.6603,0.72129,5.300283,6.17625,-0.8759667
665.3816,664.6603,0.72128,5.300283,5.61605,-0.3157667
665.3816,664.6603,0.72128,5.300283,5.645317,-0.3450333
665.3816,664.6603,0.72128,5.300283,5.848067,-0.5477833
665.3816,664.6603,0.72128,5.300283,5.9651,-0.6648167
665.3816,664.6603,0.72126,5.300283,5.622317,-0.3220333
665.3816,664.6603,0.72126,5.300283,5.726833,-0.42655
665.3816,664.6604,0.72124,5.300283,5.682933,-0.38265
665.3816,664.6604,0.72123,5.300283,5.9024,-0.6021167
665.3816,664.6604,0.72122,5.300283,6.000633,-0.70035
665.3816,664.6604,0.72121,5.300283,5.6474,-0.3471167
665.3816,664.6604,0.72119,5.300283,5.695483,-0.3952
665.3816,664.6604,0.72118,5.300283,5.898217,-0.5979333
665.3816,664.6604,0.72117,5.300283,5.710117,-0.4098333
665.3816,664.6604,0.72116,5.300283,5.570067,-0.2697833
665.3816,664.6604,0.72116,5.300283,5.586783,-0.2865
665.3816,664.6604,0.72115,5.300283,5.674583,-0.3743
665.3816,664.6604,0.72115,5.300283,5.783267,-0.4829833
665.3816,664.6605,0.72113,5.300283,5.718467,-0.4181833
665.3816,664.6605,0.72113,5.300283,6.065433,-0.76515
665.3816,664.6605,0.72113,5.300283,6.128183,-0.8279
665.3816,664.6605,0.72112,5.300283,5.994367,-0.6940833
665.3816,664.6605,0.7211,5.300283,5.423717,-0.1234333
665.3816,664.6605,0.7211,5.300283,5.578433,-0.27815
665.3816,664.6605,0.7211,5.300283,5.63905,-0.3387667
665.3816,664.6605,0.7211,5.300283,5.7122,-0.4119167
665.3816,664.6605,0.7211,5.300283,5.93375,-0.6334667
665.3816,664.6605,0.72107,5.300283,5.747733,-0.44745
665.3816,664.6605,0.72107,5.300283,6.151167,-0.8508833
665.3816,664.6605,0.72106,5.300283,5.931667,-0.6313833
665.3816,664.6605,0.72106,5.300283,6.002733,-0.70245
665.3816,664.6605,0.72106,5.300283,6.17835,-0.8780667
665.3816,664.6605,0.72105,5.300283,5.731017,-0.4307333
665.3816,664.6606,0.72103,5.300283,5.705933,-0.40565
665.3816,664.6606,0.72103,5.300283,5.887767,-0.5874833
665.3816,664.6606,0.721,5.300283,5.599333,-0.29905
665.3816,664.6606,0.72098,5.300283,5.611867,-0.3115833
665.3816,664.6606,0.72098,5.300283,6.149083,-0.8488
665.3816,664.6606,0.72096,5.300283,5.986017,-0.6857333
665.3816,664.6607,0.72095,5.300283,5.68085,-0.3805667
665.3816,664.6607,0.72095,5.300283,5.72265,-0.4223667
665.3816,664.6607,0.72094,5.300283,5.950483,-0.6502
665.3816,664.6607,0.72094,5.300283,6.0299,-0.7296167
665.3816,664.6607,0.72093,5.300283,5.770717,-0.4704333
665.3816,664.6607,0.72093,5.300283,6.098883,-0.7986
665.3816,664.6607,0.72092,5.300283,6.023633,-0.72335
665.3816,664.6607,0.72091,5.300283,5.9254,-0.6251167
665.3816,664.6607,0.7209,5.300283,6.04035,-0.7400667
665.3816,664.6607,0.72086,5.300283,5.651583,-0.3513
665.3816,664.6608,0.72084,5.300283,5.609783,-0.3095
665.3816,664.6608,0.72082,5.300283,5.603517,-0.3032333
665.3816,664.6608,0.72079,5.300283,5.80835,-0.5080667
665.3816,664.6608,0.72078,5.300283,5.739367,-0.4390833
665.3816,664.6608,0.72077,5.300283,6.069617,-0.7693333
665.3816,664.6609,0.72073,5.300283,6.136533,-0.83625
665.3816,664.6609,0.72071,5.300283,5.697567,-0.3972833
665.3816,664.6609,0.72071,5.300283,5.7331,-0.4328167
665.3816,664.6609,0.7207,5.300283,5.708017,-0.4077333
665.3816,664.6609,0.7207,5.300283,5.97555,-0.6752667
665.3816,664.6609,0.7207,5.300283,5.981833,-0.68155
665.3816,664.6609,0.72069,5.300283,5.703833,-0.40355
665.3816,664.6609,0.72067,5.300283,5.46765,-0.1673667
665.3816,664.6609,0.72067,5.300283,5.78745,-0.4871667
665.3816,664.6609,0.72067,5.300283,6.124,-0.8237167
665.3816,664.6609,0.72066,5.300283,5.5847,-0.2844167
665.3816,664.6609,0.72065,5.300283,5.5429,-0.2426167
665.3816,664.661,0.72064,5.300283,5.69965,-0.3993667
665.3816,664.661,0.72064,5.300283,6.017367,-0.7170833
665.3816,664.661,0.72062,5.300283,5.6683,-0.3680167
665.3816,664.661,0.72061,5.300283,5.65995,-0.3596667
665.3816,664.661,0.72057,5.300283,6.090517,-0.7902333
665.3816,664.661,0.72056,5.300283,5.664133,-0.36385
665.3816,664.661,0.72056,5.300283,5.737283,-0.437
665.3816,664.661,0.72056,5.300283,6.157433,-0.85715
665.3816,664.6611,0.72055,5.300283,5.910767,-0.6104833
665.3816,664.6611,0.72055,5.300283,6.015267,-0.7149833
665.3816,664.6611,0.72055,5.300283,6.06335,-0.7630667
665.3816,664.6611,0.72054,5.300283,5.6286,-0.3283167
665.3816,664.6611,0.72053,5.300283,5.413267,-0.1129833
665.3816,664.6611,0.72053,5.300283,5.590967,-0.2906833
665.3816,664.6611,0.7205,5.300283,5.937933,-0.63765
665.3816,664.6611,0.72049,5.300283,5.593067,-0.2927833
665.3816,664.6611,0.72049,5.300283,6.130267,-0.8299833
665.3816,664.6611,0.72048,5.300283,4.51865,0.7816333
665.3816,664.6611,0.72046,5.300283,6.011083,-0.7108
665.3816,664.6612,0.72045,5.300283,6.111417,-0.8111333
665.3816,664.6612,0.72044,5.300283,5.662033,-0.36175
665.3816,664.6612,0.72044,5.300283,5.6892,-0.3889167
665.3816,664.6612,0.72043,5.300283,6.013183,-0.7129
665.3816,664.6612,0.72042,5.300283,5.724733,-0.42445
665.3816,664.6612,0.72042,5.300283,5.877317,-0.5770333
665.3816,664.6612,0.72041,5.300283,5.896133,-0.59585
665.3816,664.6612,0.7204,5.300283,5.864783,-0.5645
665.3816,664.6612,0.7204,5.300283,6.15535,-0.8550667
665.3816,664.6612,0.72038,5.300283,5.992283,-0.692
665.3816,664.6612,0.72035,5.300283,5.900317,-0.6000333
665.3816,664.6613,0.72034,5.300283,5.6704,-0.3701167
665.3816,664.6613,0.72034,5.300283,5.942117,-0.6418333
665.3816,664.6613,0.72031,5.300283,5.565883,-0.2656
665.3816,664.6613,0.72031,5.300283,5.745633,-0.44535
665.3816,664.6613,0.72031,5.300283,6.06125,-0.7609667
665.3816,664.6613,0.72029,5.300283,5.5617,-0.2614167
665.3816,664.6613,0.72028,5.300283,5.607683,-0.3074
665.3816,664.6613,0.72026,5.300283,5.567983,-0.2677
665.3816,664.6614,0.72024,5.300283,6.006917,-0.7066333
665.3816,664.6614,0.72023,5.300283,5.6913,-0.3910167
665.3816,664.6614,0.72023,5.300283,5.758183,-0.4579
665.3816,664.6614,0.72022,5.300283,5.720567,-0.4202833
665.3816,664.6614,0.72022,5.300283,6.01945,-0.7191667
665.3816,664.6614,0.72021,5.300283,5.630683,-0.3304
665.3816,664.6614,0.72021,5.300283,6.0508,-0.7505167
665.3816,664.6614,0.72018,5.300283,5.582617,-0.2823333
665.3816,664.6614,0.72017,5.300283,5.613967,-0.3136833
665.3816,664.6614,0.72017,5.300283,5.687117,-0.3868333
665.3816,664.6614,0.72016,5.300283,5.57425,-0.2739667
665.3816,664.6614,0.72016,5.300283,5.634867,-0.3345833
665.3816,664.6614,0.72016,5.300283,5.63695,-0.3366667
665.3816,664.6614,0.72016,5.300283,5.82715,-0.5268667
665.3816,664.6614,0.72016,5.300283,5.969283,-0.669
665.3816,664.6615,0.72014,5.300283,5.61815,-0.3178667
665.3816,664.6615,0.72014,5.300283,5.655767,-0.3554833
665.3816,664.6615,0.72013,5.300283,5.55335,-0.2530667
665.3816,664.6615,0.72011,5.300283,5.576333,-0.27605
665.3816,664.6615,0.7201,5.300283,5.971383,-0.6711
665.3816,664.6615,0.72009,5.300283,5.641133,-0.34085
665.3816,664.6615,0.72009,5.300283,5.70175,-0.4014667
665.3816,664.6615,0.72008,5.300283,5.672483,-0.3722
665.3816,664.6615,0.72007,5.300283,6.025717,-0.7254333
665.3816,664.6615,0.72006,5.300283,6.184617,-0.8843333
665.3816,664.6616,0.72005,5.300283,4.533267,0.7670167
665.3816,664.6616,0.72005,5.300283,6.009,-0.7087167
665.3816,664.6616,0.72003,5.300283,5.572167,-0.2718833
665.3816,664.6616,0.72003,5.300283,5.952567,-0.6522833
665.3816,664.6616,0.72001,5.300283,5.643217,-0.3429333
665.3816,664.6616,0.72,5.300283,5.43625,-0.1359667
665.3816,664.6616,0.72,5.300283,5.5638,-0.2635167
665.3816,664.6616,0.71999,5.300283,5.6056,-0.3053167
665.3816,664.6616,0.71996,5.300283,5.768633,-0.46835
665.3816,664.6617,0.71993,5.300283,6.142817,-0.8425333
665.3816,664.6617,0.71992,5.300283,5.65785,-0.3575667
665.3816,664.6617,0.71992,5.300283,6.146983,-0.8467
665.3816,664.6617,0.71989,5.300283,6.048717,-0.7484333
665.3816,664.6617,0.71986,5.300283,5.676667,-0.3763833
665.3816,664.6618,0.71979,5.300283,5.685033,-0.38475
665.3816,664.6618,0.71978,5.300283,6.057067,-0.7567833
665.3816,664.6618,0.71976,5.300283,6.13445,-0.8341667
665.3816,664.6618,0.71975,5.300283,5.419533,-0.11925
665.3816,664.6618,0.71975,5.300283,5.666217,-0.3659333
665.3816,664.6619,0.71974,5.300283,5.693383,-0.3931
665.3816,664.6619,0.71971,5.300283,6.08215,-0.7818667
665.3816,664.6619,0.7197,5.300283,5.78535,-0.4850667
665.3816,664.6619,0.71968,5.300283,6.172067,-0.8717833
665.3816,664.6619,0.71967,5.300283,5.67875,-0.3784667
665.3816,664.6619,0.71966,5.300283,5.482283,-0.182
665.3816,664.6619,0.71966,5.300283,5.889867,-0.5895833
665.3816,664.662,0.71965,5.300283,4.493567,0.8067167
665.3816,664.662,0.71964,5.300283,5.409083,-0.1088
665.3816,664.662,0.71962,5.300283,5.559617,-0.2593333
665.3816,664.662,0.71958,5.300283,5.958833,-0.65855
665.3816,664.662,0.71957,5.300283,6.086333,-0.78605
665.3816,664.6621,0.71955,5.300283,6.1888,-0.8885167
665.3816,664.6621,0.71954,5.300283,5.789533,-0.48925
665.3816,664.6621,0.71952,5.300283,5.89405,-0.5937667
665.3816,664.6621,0.71951,5.300283,6.169983,-0.8697
665.3816,664.6621,0.7195,5.300283,6.088433,-0.78815
665.3816,664.6621,0.71947,5.300283,5.46975,-0.1694667
665.3816,664.6621,0.71945,5.300283,6.021533,-0.72125
665.3816,664.6621,0.71945,5.300283,6.08425,-0.7839667
665.3816,664.6622,0.71944,5.300283,5.885683,-0.5854
665.3816,664.6622,0.71944,5.300283,5.9463,-0.6460167
665.3816,664.6622,0.71938,5.300283,5.875233,-0.57495
665.3816,664.6622,0.71937,5.300283,5.919117,-0.6188333
665.3816,664.6622,0.71937,5.300283,5.940033,-0.63975
665.3816,664.6623,0.71933,5.300283,5.59515,-0.2948667
665.3816,664.6623,0.71928,5.300283,5.9233,-0.6230167
665.3816,664.6624,0.71922,5.300283,5.772817,-0.4725333
665.3816,664.6625,0.71912,5.300283,5.8376,-0.5373167
665.3816,664.6625,0.71909,5.300283,5.963017,-0.6627333
665.3816,664.6626,0.71903,5.300283,5.873133,-0.57285
665.3816,664.6626,0.71898,5.300283,5.95465,-0.6543667
665.3816,664.6627,0.71892,5.300283,5.781167,-0.4808833
665.3816,664.6627,0.71885,5.300283,6.182517,-0.8822333
665.3816,664.6628,0.7188,5.300283,5.544983,-0.2447
665.3816,664.6628,0.7188,5.300283,5.82925,-0.5289667
665.3816,664.6628,0.71878,5.300283,5.810433,-0.51015
665.3816,664.6628,0.71878,5.300283,5.845967,-0.5456833
665.3816,664.6629,0.71869,5.300283,5.4488,-0.1485167
665.3816,664.6629,0.71869,5.300283,5.751917,-0.4516333
665.3816,664.6629,0.71866,5.300283,5.802083,-0.5018
665.3816,664.663,0.71864,5.300283,6.04245,-0.7421667
665.3816,664.663,0.71862,5.300283,5.453017,-0.1527333
665.3816,664.663,0.7186,5.300283,5.7979,-0.4976167
665.3816,664.663,0.71859,5.300283,5.620233,-0.31995
665.3816,664.6631,0.71851,5.300283,6.0529,-0.7526167
665.3816,664.6631,0.71848,5.300283,5.549167,-0.2488833
665.3816,664.6632,0.7184,5.300283,5.429983,-0.1297
665.3816,664.6633,0.71832,5.300283,5.791617,-0.4913333
665.3816,664.6633,0.71826,5.300283,4.510283,0.79
665.3816,664.6634,0.71817,5.300283,5.496917,-0.1966333
665.3816,664.6635,0.71814,5.300283,5.856417,-0.5561333
665.3816,664.6635,0.71812,5.300283,5.843883,-0.5436
665.3816,664.6635,0.71809,5.300283,5.760267,-0.4599833
665.3816,664.6637,0.7179,5.300283,6.180433,-0.88015
665.3816,664.6639,0.71768,5.300283,6.195067,-0.8947833
665.3816,664.6641,0.71749,5.300283,5.492733,-0.19245
665.3816,664.6642,0.71744,5.300283,6.174167,-0.8738833
665.3816,664.6642,0.71743,5.300283,4.51655,0.7837333
665.3816,664.6645,0.71708,5.300283,5.434167,-0.1338833
665.3816,664.6647,0.71695,5.300283,5.473917,-0.1736333
665.3816,664.6648,0.71684,5.300283,5.4572,-0.1569167
665.3816,664.6649,0.71665,5.300283,5.76655,-0.4662667
665.3816,664.665,0.71662,5.300283,5.929567,-0.6292833
665.3816,664.665,0.71656,5.300283,5.455117,-0.1548333
665.3816,664.6651,0.71646,5.300283,5.868967,-0.5686833
665.3816,664.6653,0.71633,5.300283,5.471833,-0.17155
665.3816,664.6653,0.7163,5.300283,6.19925,-0.8989667
665.3816,664.6654,0.71617,5.300283,5.526183,-0.2259
665.3816,664.6657,0.71587,5.300283,5.442533,-0.14225
665.3816,664.666,0.71561,5.300283,5.432083,-0.1318
665.3816,664.6662,0.7154,5.300283,4.501917,0.7983667
665.3816,664.6663,0.71525,5.300283,5.793717,-0.4934333
665.3816,664.6664,0.71523,5.300283,5.8397,-0.5394167
665.3816,664.6677,0.7139,5.300283,5.461383,-0.1611
665.3816,664.668,0.71361,5.300283,5.486467,-0.1861833
665.3816,664.6685,0.71311,5.300283,5.536633,-0.23635
665.3816,664.6686,0.71304,5.300283,5.459283,-0.159
665.3816,664.6689,0.71268,5.300283,5.4467,-0.1464167
665.3816,664.6694,0.71224,5.300283,5.41535,-0.1150667
665.3816,664.6698,0.71175,5.300283,5.476017,-0.1757333
665.3816,664.67,0.71157,5.300283,5.444617,-0.1443333
665.3816,664.6704,0.71118,5.300283,5.43835,-0.1380667
665.3816,664.6718,0.7098,5.300283,5.528267,-0.2279833
665.3816,664.6729,0.70866,5.300283,5.463467,-0.1631833
665.3816,664.673,0.70857,5.300283,5.450933,-0.15065
665.3816,664.6739,0.70766,5.300283,4.527,0.7732833
665.3816,664.6753,0.70629,5.300283,5.440433,-0.14015
665.3816,664.6767,0.70493,5.300283,5.1311,0.1691833
665.3816,664.6796,0.70203,5.300283,4.49565,0.8046333
665.3816,664.682,0.69965,5.300283,4.40995,0.8903333
665.3816,664.6824,0.69923,5.300283,4.512367,0.7879167
665.3816,664.6828,0.69878,5.300283,4.487283,0.813
665.3816,664.684,0.69762,5.300283,4.53955,0.7607333
665.3816,664.6841,0.69754,5.300283,4.407867,0.8924167
665.3816,664.6848,0.69682,5.300283,4.524917,0.7753667
665.3816,664.685,0.6966,5.300283,4.4016,0.8986833
665.3816,664.6854,0.6962,5.300283,5.156183,0.1441
665.3816,664.6867,0.69491,5.300283,4.439217,0.8610667
665.3816,664.6872,0.69442,5.300283,4.418317,0.8819667
665.3816,664.6879,0.69369,5.300283,4.4204,0.8798833
665.3816,664.6883,0.69327,5.300283,4.416217,0.8840667
665.3816,664.6884,0.69315,5.300283,4.426683,0.8736
665.3816,664.6895,0.69209,5.300283,4.405767,0.8945167
665.3816,664.6895,0.69207,5.300283,4.403683,0.8966
665.3816,664.6899,0.69167,5.300283,4.428767,0.8715167
665.3816,664.6912,0.69041,5.300283,4.43295,0.8673333
665.3816,664.6916,0.69,5.300283,4.41205,0.8882333
665.3816,664.6917,0.68985,5.300283,4.43085,0.8694333
665.3816,664.6931,0.68845,5.300283,4.4225,0.8777833
665.3816,664.6934,0.68815,5.300283,4.447583,0.8527
665.3816,664.695,0.6866,5.300283,4.449667,0.8506167
665.3816,664.7053,0.67629,5.300283,5.170817,0.1294667
665.3816,664.7088,0.67275,5.300283,5.181267,0.1190167
665.3816,664.7118,0.66984,5.300283,5.13945,0.1608333
665.3816,664.8172,0.56441,5.300283,6.109333,-0.80905
665.3816,664.8183,0.56333,5.300283,5.6683,-0.3680167
665.3816,664.8183,0.56332,5.300283,5.900317,-0.6000333
665.3816,664.8186,0.56298,5.300283,5.6913,-0.3910167
665.3816,664.8187,0.5629,5.300283,6.192967,-0.8926833
665.3816,664.8189,0.56269,5.300283,6.146983,-0.8467
665.3816,664.8192,0.56243,5.300283,6.161617,-0.8613333
665.3816,664.8192,0.56236,5.300283,5.65995,-0.3596667
665.3816,664.8197,0.56186,5.300283,6.054983,-0.7547
665.3816,664.8198,0.5618,5.300283,6.08215,-0.7818667
665.3816,664.8198,0.56177,5.300283,5.651583,-0.3513
665.3816,664.82,0.56162,5.300283,6.013183,-0.7129
665.3816,664.8201,0.56151,5.300283,6.098883,-0.7986
665.3816,664.8202,0.56145,5.300283,5.950483,-0.6502
665.3816,664.8203,0.56133,5.300283,6.088433,-0.78815
665.3816,664.8203,0.56129,5.300283,5.9045,-0.6042167
665.3816,664.8204,0.56118,5.300283,6.017367,-0.7170833
665.3816,664.8205,0.56112,5.300283,5.59515,-0.2948667
665.3816,664.8206,0.561,5.300283,6.119817,-0.8195333
665.3816,664.8206,0.56099,5.300283,5.969283,-0.669
665.3816,664.8207,0.56094,5.300283,6.140717,-0.8404333
665.3816,664.8207,0.56091,5.300283,5.672483,-0.3722
665.3816,664.8207,0.5609,5.300283,5.6474,-0.3471167
665.3816,664.8208,0.56084,5.300283,6.0947,-0.7944167
665.3816,664.8208,0.56081,5.300283,5.981833,-0.68155
665.3816,664.8208,0.56075,5.300283,5.877317,-0.5770333
665.3816,664.8209,0.56071,5.300283,5.93375,-0.6334667
665.3816,664.821,0.56059,5.300283,6.17625,-0.8759667
665.3816,664.8211,0.5605,5.300283,5.674583,-0.3743
665.3816,664.8213,0.56031,5.300283,5.948383,-0.6481
665.3816,664.8214,0.56025,5.300283,5.804167,-0.5038833
665.3816,664.8214,0.56018,5.300283,6.1658,-0.8655167
665.3816,664.8214,0.56017,5.300283,5.590967,-0.2906833
665.3816,664.8215,0.56014,5.300283,5.65785,-0.3575667
665.3816,664.8215,0.56014,5.300283,5.99855,-0.6982667
665.3816,664.8215,0.56012,5.300283,5.6056,-0.3053167
665.3816,664.8215,0.56011,5.300283,6.075883,-0.7756
665.3816,664.8215,0.56008,5.300283,5.93585,-0.6355667
665.3816,664.8215,0.56006,5.300283,5.85015,-0.5498667
665.3816,664.8216,0.56005,5.300283,5.917033,-0.61675
665.3816,664.8216,0.56002,5.300283,5.726833,-0.42655
665.3816,664.8216,0.56,5.300283,5.63695,-0.3366667
665.3816,664.8217,0.55989,5.300283,6.136533,-0.83625
665.3816,664.8217,0.55987,5.300283,5.5011,-0.2008167
665.3816,664.8217,0.55985,5.300283,5.6495,-0.3492167
665.3816,664.8218,0.55983,5.300283,6.195067,-0.8947833
665.3816,664.8218,0.55982,5.300283,5.517817,-0.2175333
665.3816,664.8218,0.55982,5.300283,6.034083,-0.7338
665.3816,664.8218,0.55981,5.300283,5.641133,-0.34085
665.3816,664.8218,0.55976,5.300283,5.6704,-0.3701167
665.3816,664.8218,0.55976,5.300283,6.180433,-0.88015
665.3816,664.8219,0.55975,5.300283,5.4279,-0.1276167
665.3816,664.8219,0.55974,5.300283,4.476833,0.82345
665.3816,664.8219,0.55969,5.300283,5.555433,-0.25515
665.3816,664.8219,0.55969,5.300283,5.8397,-0.5394167
665.3816,664.822,0.55965,5.300283,5.179167,0.1211167
665.3816,664.822,0.55964,5.300283,5.634867,-0.3345833
665.3816,664.822,0.55963,5.300283,5.822983,-0.5227
665.3816,664.822,0.55959,5.300283,5.557533,-0.25725
665.3816,664.822,0.55957,5.300283,5.522,-0.2217167
665.3816,664.8221,0.55949,5.300283,6.149083,-0.8488
665.3816,664.8221,0.55948,5.300283,5.889867,-0.5895833
665.3816,664.8221,0.55947,5.300283,5.4049,-0.1046167
665.3816,664.8221,0.55945,5.300283,5.51155,-0.2112667
665.3816,664.8221,0.55945,5.300283,5.896133,-0.59585
665.3816,664.8222,0.55943,5.300283,5.856417,-0.5561333
665.3816,664.8222,0.5594,5.300283,6.004817,-0.7045333
665.3816,664.8222,0.55939,5.300283,5.653667,-0.3533833
665.3816,664.8223,0.55932,5.300283,5.455117,-0.1548333
665.3816,664.8224,0.55924,5.300283,6.153267,-0.8529833
665.3816,664.8224,0.55923,5.300283,4.5061,0.7941833
665.3816,664.8224,0.55922,5.300283,5.538717,-0.2384333
665.3816,664.8224,0.55916,5.300283,5.450933,-0.15065
665.3816,664.8224,0.55916,5.300283,6.159533,-0.85925
665.3816,664.8225,0.55914,5.300283,5.728917,-0.4286333
665.3816,664.8225,0.55911,5.300283,5.643217,-0.3429333
665.3816,664.8225,0.5591,5.300283,6.19715,-0.8968667
665.3816,664.8225,0.55909,5.300283,5.942117,-0.6418333
665.3816,664.8225,0.55909,5.300283,6.06335,-0.7630667
665.3816,664.8225,0.55906,5.300283,5.9233,-0.6230167
665.3816,664.8225,0.55906,5.300283,6.04035,-0.7400667
665.3816,664.8226,0.55904,5.300283,5.5638,-0.2635167
665.3816,664.8226,0.55904,5.300283,5.582617,-0.2823333
665.3816,664.8226,0.55901,5.300283,5.07885,0.2214333
665.3816,664.8226,0.55901,5.300283,5.174983,0.1253
665.3816,664.8226,0.55901,5.300283,5.973467,-0.6731833
665.3816,664.8226,0.55899,5.300283,5.444617,-0.1443333
665.3816,664.8226,0.55897,5.300283,4.504017,0.7962667
665.3816,664.8226,0.55897,5.300283,5.559617,-0.2593333
665.3816,664.8227,0.55893,5.300283,5.48855,-0.1882667
665.3816,664.8227,0.5589,5.300283,6.1135,-0.8132167
665.3816,664.8227,0.55887,5.300283,5.476017,-0.1757333
665.3816,664.8228,0.55885,5.300283,6.015267,-0.7149833
665.3816,664.8228,0.55885,5.300283,6.117733,-0.81745
665.3816,664.8228,0.55883,5.300283,6.163717,-0.8634333
665.3816,664.8228,0.5588,5.300283,5.70175,-0.4014667
665.3816,664.8228,0.55878,5.300283,5.731017,-0.4307333
665.3816,664.8228,0.55876,5.300283,5.544983,-0.2447
665.3816,664.8229,0.55874,5.300283,5.611867,-0.3115833
665.3816,664.8229,0.55874,5.300283,6.190883,-0.8906
665.3816,664.8229,0.55873,5.300283,5.18335,0.1169333
665.3816,664.8229,0.55873,5.300283,5.868967,-0.5686833
665.3816,664.8229,0.55872,5.300283,6.17835,-0.8780667
665.3816,664.8229,0.55871,5.300283,5.708017,-0.4077333
665.3816,664.8229,0.5587,5.300283,5.494817,-0.1945333
665.3816,664.8229,0.5587,5.300283,5.63905,-0.3387667
665.3816,664.8229,0.5587,5.300283,5.739367,-0.4390833
665.3816,664.8229,0.55868,5.300283,4.472667,0.8276167
665.3816,664.8229,0.55868,5.300283,5.513633,-0.21335
665.3816,664.8229,0.55865,5.300283,6.167883,-0.8676
665.3816,664.823,0.55864,5.300283,5.810433,-0.51015
665.3816,664.823,0.55863,5.300283,5.676667,-0.3763833
665.3816,664.823,0.55863,5.300283,6.157433,-0.85715
665.3816,664.823,0.55861,5.300283,5.57425,-0.2739667
665.3816,664.823,0.55861,5.300283,5.705933,-0.40565
665.3816,664.823,0.55861,5.300283,6.002733,-0.70245
665.3816,664.8231,0.55853,5.300283,5.578433,-0.27815
665.3816,664.8231,0.55853,5.300283,5.609783,-0.3095
665.3816,664.8231,0.55849,5.300283,5.580517,-0.2802333
665.3816,664.8231,0.55848,5.300283,5.69965,-0.3993667
665.3816,664.8231,0.55846,5.300283,5.921217,-0.6209333
665.3816,664.8232,0.55845,5.300283,5.547083,-0.2468
665.3816,664.8232,0.55845,5.300283,5.898217,-0.5979333
665.3816,664.8232,0.55843,5.300283,5.461383,-0.1611
665.3816,664.8232,0.55843,5.300283,5.931667,-0.6313833
665.3816,664.8232,0.5584,5.300283,5.841783,-0.5415
665.3816,664.8232,0.55838,5.300283,5.53035,-0.2300667
665.3816,664.8232,0.55837,5.300283,5.940033,-0.63975
665.3816,664.8233,0.55835,5.300283,5.41745,-0.1171667
665.3816,664.8233,0.55833,5.300283,6.038267,-0.7379833
665.3816,664.8233,0.55832,5.300283,5.440433,-0.14015
665.3816,664.8233,0.55831,5.300283,5.714283,-0.414
665.3816,664.8233,0.55831,5.300283,6.0738,-0.7735167
665.3816,664.8233,0.55826,5.300283,5.471833,-0.17155
665.3816,664.8233,0.55826,5.300283,6.151167,-0.8508833
665.3816,664.8234,0.55824,5.300283,5.664133,-0.36385
665.3816,664.8234,0.55823,5.300283,5.442533,-0.14225
665.3816,664.8234,0.55822,5.300283,6.069617,-0.7693333
665.3816,664.8234,0.55821,5.300283,5.695483,-0.3952
665.3816,664.8234,0.55819,5.300283,6.1156,-0.8153167
665.3816,664.8234,0.55818,5.300283,5.601417,-0.3011333
665.3816,664.8234,0.55818,5.300283,5.992283,-0.692
665.3816,664.8234,0.55817,5.300283,5.463467,-0.1631833
665.3816,664.8234,0.55816,5.300283,6.107233,-0.80695
665.3816,664.8234,0.55815,5.300283,5.741467,-0.4411833
665.3816,664.8234,0.55815,5.300283,5.887767,-0.5874833
665.3816,664.8235,0.55813,5.300283,5.8188,-0.5185167
665.3816,664.8235,0.55812,5.300283,5.434167,-0.1338833
665.3816,664.8235,0.55808,5.300283,5.43625,-0.1359667
665.3816,664.8235,0.55808,5.300283,5.4467,-0.1464167
665.3816,664.8235,0.55808,5.300283,5.883583,-0.5833
665.3816,664.8235,0.55808,5.300283,6.130267,-0.8299833
665.3816,664.8235,0.55807,5.300283,5.597233,-0.29695
665.3816,664.8236,0.55804,5.300283,5.43835,-0.1380667
665.3816,664.8236,0.55804,5.300283,5.720567,-0.4202833
665.3816,664.8236,0.55803,5.300283,5.528267,-0.2279833
665.3816,664.8236,0.55802,5.300283,5.4488,-0.1485167
665.3816,664.8236,0.55801,5.300283,5.453017,-0.1527333
665.3816,664.8236,0.55801,5.300283,5.507367,-0.2070833
665.3816,664.8236,0.558,5.300283,5.53245,-0.2321667
665.3816,664.8236,0.558,5.300283,6.048717,-0.7484333
665.3816,664.8236,0.55799,5.300283,5.526183,-0.2259
665.3816,664.8237,0.55795,5.300283,5.411183,-0.1109
665.3816,664.8237,0.55795,5.300283,6.184617,-0.8843333
665.3816,664.8237,0.55794,5.300283,5.423717,-0.1234333
665.3816,664.8237,0.55793,5.300283,5.112283,0.188
665.3816,664.8237,0.55792,5.300283,5.854333,-0.55405
665.3816,664.8237,0.5579,5.300283,5.133183,0.1671
665.3816,664.8237,0.5579,5.300283,5.990183,-0.6899
665.3816,664.8237,0.5579,5.300283,6.182517,-0.8822333
665.3816,664.8237,0.55788,5.300283,5.687117,-0.3868333
665.3816,664.8237,0.55787,5.300283,6.086333,-0.78605
665.3816,664.8238,0.55785,5.300283,5.570067,-0.2697833
665.3816,664.8238,0.55784,5.300283,5.137367,0.1629167
665.3816,664.8238,0.55782,5.300283,5.114367,0.1859167
665.3816,664.8238,0.55782,5.300283,5.503183,-0.2029
665.3816,664.8238,0.55782,5.300283,5.67875,-0.3784667
665.3816,664.8238,0.55781,5.300283,5.413267,-0.1129833
665.3816,664.8238,0.5578,5.300283,6.067517,-0.7672333
665.3816,664.8238,0.55779,5.300283,5.630683,-0.3304
665.3816,664.8238,0.55779,5.300283,5.703833,-0.40355
665.3816,664.8238,0.55776,5.300283,5.473917,-0.1736333
665.3816,664.8238,0.55776,5.300283,5.534533,-0.23425
665.3816,664.8239,0.55772,5.300283,4.491467,0.8088167
665.3816,664.8239,0.55772,5.300283,5.6286,-0.3283167
665.3816,664.8239,0.55772,5.300283,5.80835,-0.5080667
665.3816,664.8239,0.55771,5.300283,5.599333,-0.29905
665.3816,664.8239,0.55771,5.300283,6.0508,-0.7505167
665.3816,664.8239,0.5577,5.300283,5.80625,-0.5059667
665.3816,664.8239,0.5577,5.300283,6.036167,-0.7358833
665.3816,664.8239,0.55769,5.300283,6.172067,-0.8717833
665.3816,664.8239,0.55766,5.300283,5.195883,0.1044
665.3816,664.8239,0.55765,5.300283,5.482283,-0.182
665.3816,664.8239,0.55765,5.300283,5.7958,-0.4955167
665.3816,664.824,0.55764,5.300283,5.402817,-0.1025333
665.3816,664.824,0.55762,5.300283,5.718467,-0.4181833
665.3816,664.824,0.55762,5.300283,5.9254,-0.6251167
665.3816,664.824,0.5576,5.300283,6.025717,-0.7254333
665.3816,664.824,0.55757,5.300283,5.549167,-0.2488833
665.3816,664.8241,0.55755,5.300283,5.407,-0.1067167
665.3816,664.8241,0.55755,5.300283,5.588883,-0.2886
665.3816,664.8241,0.55751,5.300283,5.177083,0.1232
665.3816,664.8241,0.55751,5.300283,5.603517,-0.3032333
665.3816,664.8241,0.55749,5.300283,5.645317,-0.3450333
665.3816,664.8241,0.55749,5.300283,5.8376,-0.5373167
665.3816,664.8241,0.55747,5.300283,6.065433,-0.76515
665.3816,664.8241,0.55746,5.300283,5.4572,-0.1569167
665.3816,664.8241,0.55746,5.300283,5.820883,-0.5206
665.3816,664.8242,0.55744,5.300283,4.51865,0.7816333
665.3816,664.8242,0.55738,5.300283,5.432083,-0.1318
665.3816,664.8242,0.55737,5.300283,6.132367,-0.8320833
665.3816,664.8243,0.55734,5.300283,5.55125,-0.2509667
665.3816,664.8243,0.55731,5.300283,5.5199,-0.2196167
665.3816,664.8243,0.55727,5.300283,5.4781,-0.1778167
665.3816,664.8243,0.55727,5.300283,6.1449,-0.8446167
665.3816,664.8243,0.55726,5.300283,5.762367,-0.4620833
665.3816,664.8243,0.55726,5.300283,5.8606,-0.5603167
665.3816,664.8243,0.55726,5.300283,6.011083,-0.7108
665.3816,664.8244,0.55724,5.300283,5.825067,-0.5247833
665.3816,664.8244,0.55721,5.300283,5.12065,0.1796333
665.3816,664.8244,0.55721,5.300283,5.459283,-0.159
665.3816,664.8244,0.5572,5.300283,5.421633,-0.12135
665.3816,664.8244,0.55718,5.300283,5.41535,-0.1150667
665.3816,664.8244,0.55717,5.300283,5.122733,0.17755
665.3816,664.8244,0.55716,5.300283,5.768633,-0.46835
665.3816,664.8244,0.55715,5.300283,5.72265,-0.4223667
665.3816,664.8245,0.55714,5.300283,5.515717,-0.2154333
665.3816,664.8245,0.55712,5.300283,6.10305,-0.8027667
665.3816,664.8245,0.55709,5.300283,5.770717,-0.4704333
665.3816,664.8245,0.55709,5.300283,6.023633,-0.72335
665.3816,664.8245,0.55707,5.300283,5.572167,-0.2718833
665.3816,664.8246,0.55705,5.300283,5.09975,0.2005333
665.3816,664.8246,0.55705,5.300283,5.46975,-0.1694667
665.3816,664.8246,0.55705,5.300283,6.057067,-0.7567833
665.3816,664.8246,0.55704,5.300283,5.5617,-0.2614167
665.3816,664.8246,0.55703,5.300283,5.833433,-0.53315
665.3816,664.8246,0.55702,5.300283,6.124,-0.8237167
665.3816,664.8246,0.55702,5.300283,6.1867,-0.8864167
665.3816,664.8246,0.557,5.300283,5.419533,-0.11925
665.3816,664.8246,0.557,5.300283,5.929567,-0.6292833
665.3816,664.8246,0.55699,5.300283,5.116467,0.1838167
665.3816,664.8246,0.55699,5.300283,5.812533,-0.51225
665.3816,664.8246,0.55697,5.300283,5.5429,-0.2426167
665.3816,664.8246,0.55697,5.300283,5.9024,-0.6021167
665.3816,664.8246,0.55696,5.300283,5.754,-0.4537167
665.3816,664.8247,0.55695,5.300283,5.124833,0.17545
665.3816,664.8247,0.55693,5.300283,5.662033,-0.36175
665.3816,664.8247,0.55692,5.300283,6.128183,-0.8279
665.3816,664.8247,0.55691,5.300283,5.799983,-0.4997
665.3816,664.8247,0.5569,5.300283,6.100967,-0.8006833
665.3816,664.8247,0.55689,5.300283,5.8815,-0.5812167
665.3816,664.8247,0.55687,5.300283,5.565883,-0.2656
665.3816,664.8248,0.55684,5.300283,5.536633,-0.23635
665.3816,664.8248,0.55683,5.300283,5.409083,-0.1088
665.3816,664.8248,0.55683,5.300283,5.496917,-0.1966333
665.3816,664.8248,0.55683,5.300283,5.737283,-0.437
665.3816,664.8248,0.55681,5.300283,5.181267,0.1190167
665.3816,664.8248,0.5568,5.300283,5.78535,-0.4850667
665.3816,664.8248,0.5568,5.300283,6.059167,-0.7588833
665.3816,664.8248,0.55679,5.300283,5.576333,-0.27605
665.3816,664.8248,0.55679,5.300283,6.080067,-0.7797833
665.3816,664.8248,0.55678,5.300283,6.142817,-0.8425333
665.3816,664.8248,0.55677,5.300283,5.666217,-0.3659333
665.3816,664.8248,0.55676,5.300283,5.1081,0.1921833
665.3816,664.8248,0.55676,5.300283,5.593067,-0.2927833
665.3816,664.8248,0.55676,5.300283,5.852233,-0.55195
665.3816,664.8249,0.55673,5.300283,5.505267,-0.2049833
665.3816,664.8249,0.55673,5.300283,5.7749,-0.4746167
665.3816,664.8249,0.55672,5.300283,5.567983,-0.2677
665.3816,664.8249,0.55671,5.300283,5.873133,-0.57285
665.3816,664.8249,0.5567,5.300283,5.164533,0.13575
665.3816,664.8249,0.5567,5.300283,5.400717,-0.1004333
665.3816,664.8249,0.5567,5.300283,5.682933,-0.38265
665.3816,664.8249,0.55667,5.300283,5.789533,-0.48925
665.3816,664.825,0.55664,5.300283,5.14155,0.1587333
665.3816,664.825,0.55662,5.300283,5.858517,-0.5582333
665.3816,664.825,0.5566,5.300283,5.126917,0.1733667
665.3816,664.825,0.55659,5.300283,5.465567,-0.1652833
665.3816,664.825,0.55658,5.300283,5.145733,0.15455
665.3816,664.825,0.55658,5.300283,5.802083,-0.5018
665.3816,664.825,0.55657,5.300283,5.135283,0.165
665.3816,664.825,0.55656,5.300283,5.61605,-0.3157667
665.3816,664.8251,0.55654,5.300283,5.7122,-0.4119167
665.3816,664.8251,0.55654,5.300283,5.91285,-0.6125667
665.3816,664.8251,0.55653,5.300283,5.831333,-0.53105
665.3816,664.8251,0.55653,5.300283,6.044533,-0.74425
665.3816,664.8251,0.55652,5.300283,5.129,0.1712833
665.3816,664.8251,0.55652,5.300283,5.607683,-0.3074
665.3816,664.8251,0.55647,5.300283,5.4802,-0.1799167
665.3816,664.8251,0.55647,5.300283,5.524083,-0.2238
665.3816,664.8251,0.55647,5.300283,5.78745,-0.4871667
665.3816,664.8251,0.55647,5.300283,6.1888,-0.8885167
665.3816,664.8251,0.55646,5.300283,5.484367,-0.1840833
665.3816,664.8252,0.55645,5.300283,5.492733,-0.19245
665.3816,664.8252,0.55645,5.300283,6.096783,-0.7965
665.3816,664.8252,0.55642,5.300283,5.6265,-0.3262167
665.3816,664.8252,0.55642,5.300283,6.174167,-0.8738833
665.3816,664.8252,0.55639,5.300283,5.845967,-0.5456833
665.3816,664.8252,0.55638,5.300283,5.586783,-0.2865
665.3816,664.8252,0.55638,5.300283,5.910767,-0.6104833
665.3816,664.8252,0.55637,5.300283,5.5408,-0.2405167
665.3816,664.8252,0.55637,5.300283,6.027817,-0.7275333
665.3816,664.8252,0.55636,5.300283,5.185433,0.11485
665.3816,664.8252,0.55636,5.300283,5.613967,-0.3136833
665.3816,664.8253,0.55633,5.300283,5.50945,-0.2091667
665.3816,664.8253,0.55631,5.300283,5.16245,0.1378333
665.3816,664.8253,0.5563,5.300283,5.103917,0.1963667
665.3816,664.8253,0.55627,5.300283,5.89195,-0.5916667
665.3816,664.8253,0.55625,5.300283,5.697567,-0.3972833
665.3816,664.8253,0.55625,5.300283,5.724733,-0.42445
665.3816,664.8254,0.55624,5.300283,5.143633,0.15665
665.3816,664.8254,0.55621,5.300283,5.843883,-0.5436
665.3816,664.8254,0.55619,5.300283,5.09765,0.2026333
665.3816,664.8254,0.55619,5.300283,5.7979,-0.4976167
665.3816,664.8254,0.55618,5.300283,5.101833,0.19845
665.3816,664.8254,0.55616,5.300283,5.4258,-0.1255167
665.3816,664.8254,0.55616,5.300283,5.716383,-0.4161
665.3816,664.8255,0.55615,5.300283,5.106017,0.1942667
665.3816,664.8255,0.55615,5.300283,5.166633,0.13365
665.3816,664.8255,0.55615,5.300283,5.168717,0.1315667
665.3816,664.8255,0.55613,5.300283,6.15535,-0.8550667
665.3816,664.8255,0.55612,5.300283,5.772817,-0.4725333
665.3816,664.8255,0.5561,5.300283,5.82715,-0.5268667
665.3816,664.8255,0.55609,5.300283,5.866867,-0.5665833
665.3816,664.8255,0.55609,5.300283,6.126083,-0.8258
665.3816,664.8256,0.55601,5.300283,5.655767,-0.3554833
665.3816,664.8256,0.556,5.300283,5.76655,-0.4662667
665.3816,664.8256,0.55596,5.300283,5.1499,0.1503833
665.3816,664.8257,0.55594,5.300283,5.6892,-0.3889167
665.3816,664.8257,0.55593,5.300283,5.68085,-0.3805667
665.3816,664.8257,0.55591,5.300283,6.0926,-0.7923167
665.3816,664.8257,0.55588,5.300283,5.87105,-0.5707667
665.3816,664.8257,0.55586,5.300283,5.632767,-0.3324833
665.3816,664.8257,0.55585,5.300283,5.13945,0.1608333
665.3816,664.8257,0.55585,5.300283,5.429983,-0.1297
665.3816,664.8258,0.55584,5.300283,5.5847,-0.2844167
665.3816,664.8258,0.55584,5.300283,5.693383,-0.3931
665.3816,664.8258,0.55584,5.300283,5.9442,-0.6439167
665.3816,664.8258,0.55583,5.300283,4.522817,0.7774667
665.3816,664.8258,0.55583,5.300283,5.835517,-0.5352333
665.3816,664.8258,0.55583,5.300283,6.0529,-0.7526167
665.3816,664.8258,0.55581,5.300283,5.74355,-0.4432667
665.3816,664.8258,0.55577,5.300283,5.908667,-0.6083833
665.3816,664.8259,0.55571,5.300283,5.46765,-0.1673667
665.3816,664.8259,0.55569,5.300283,5.864783,-0.5645
665.3816,664.8259,0.55567,5.300283,5.1311,0.1691833
665.3816,664.826,0.55565,5.300283,5.1102,0.1900833
665.3816,664.826,0.5556,5.300283,5.751917,-0.4516333
665.3816,664.826,0.55556,5.300283,5.97765,-0.6773667
665.3816,664.8261,0.55553,5.300283,5.55335,-0.2530667
665.3816,664.8261,0.55547,5.300283,5.486467,-0.1861833
665.3816,664.8262,0.55543,5.300283,5.710117,-0.4098333
665.3816,664.8262,0.55541,5.300283,5.11855,0.1817333
665.3816,664.8263,0.55534,5.300283,5.875233,-0.57495
665.3816,664.8263,0.55534,5.300283,6.19925,-0.8989667
665.3816,664.8263,0.55533,5.300283,5.82925,-0.5289667
665.3816,664.8263,0.55533,5.300283,5.937933,-0.63765
665.3816,664.8263,0.55531,5.300283,5.152,0.1482833
665.3816,664.8263,0.55531,5.300283,5.191717,0.1085667
665.3816,664.8263,0.5553,5.300283,5.9463,-0.6460167
665.3816,664.8263,0.5553,5.300283,6.06125,-0.7609667
665.3816,664.8263,0.55528,5.300283,5.083017,0.2172667
665.3816,664.8263,0.55526,5.300283,6.009,-0.7087167
665.3816,664.8264,0.55522,5.300283,5.793717,-0.4934333
665.3816,664.8264,0.55522,5.300283,6.046617,-0.7463333
665.3816,664.8264,0.55521,5.300283,6.169983,-0.8697
665.3816,664.8264,0.55517,5.300283,5.095567,0.2047167
665.3816,664.8265,0.55512,5.300283,5.499,-0.1987167
665.3816,664.8265,0.55511,5.300283,5.76445,-0.4641667
665.3816,664.8265,0.55509,5.300283,6.032,-0.7317167
665.3816,664.8265,0.55509,5.300283,6.04245,-0.7421667
665.3816,664.8265,0.55508,5.300283,5.158267,0.1420167
665.3816,664.8266,0.55502,5.300283,5.919117,-0.6188333
665.3816,664.8266,0.55501,5.300283,5.200067,0.1002167
665.3816,664.8266,0.55501,5.300283,5.622317,-0.3220333
665.3816,664.8266,0.55499,5.300283,5.16035,0.1399333
665.3816,664.8266,0.55496,5.300283,5.154083,0.1462
665.3816,664.8266,0.55496,5.300283,5.735183,-0.4349
665.3816,664.8267,0.55492,5.300283,6.111417,-0.8111333
665.3816,664.8268,0.5548,5.300283,5.747733,-0.44745
665.3816,664.8268,0.5548,5.300283,6.08425,-0.7839667
665.3816,664.8268,0.55477,5.300283,5.8167,-0.5164167
665.3816,664.8268,0.55476,5.300283,5.814617,-0.5143333
665.3816,664.8268,0.55476,5.300283,6.077983,-0.7777
665.3816,664.8269,0.55475,5.300283,4.501917,0.7983667
665.3816,664.8269,0.5547,5.300283,5.758183,-0.4579
665.3816,664.827,0.55462,5.300283,6.090517,-0.7902333
665.3816,664.827,0.55459,5.300283,4.487283,0.813
665.3816,664.827,0.55456,5.300283,4.403683,0.8966
665.3816,664.8271,0.55453,5.300283,5.1729,0.1273833
665.3816,664.8271,0.55452,5.300283,5.147817,0.1524667
665.3816,664.8271,0.55448,5.300283,5.187533,0.11275
665.3816,664.8272,0.5544,5.300283,4.512367,0.7879167
665.3816,664.8273,0.55429,5.300283,4.742283,0.558
665.3816,664.8273,0.55428,5.300283,6.0717,-0.7714167
665.3816,664.8274,0.55421,5.300283,5.927483,-0.6272
665.3816,664.8274,0.5542,5.300283,5.791617,-0.4913333
665.3816,664.8275,0.55414,5.300283,5.170817,0.1294667
665.3816,664.8275,0.55413,5.300283,4.468483,0.8318
665.3816,664.8275,0.55408,5.300283,6.10515,-0.8048667
665.3816,664.8275,0.55406,5.300283,5.89405,-0.5937667
665.3816,664.8276,0.55404,5.300283,5.189617,0.1106667
665.3816,664.8276,0.55403,5.300283,4.533267,0.7670167
665.3816,664.8276,0.55403,5.300283,5.906583,-0.6063
665.3816,664.8276,0.55401,5.300283,6.138633,-0.83835
665.3816,664.8277,0.55389,5.300283,5.093467,0.2068167
665.3816,664.8277,0.55388,5.300283,5.885683,-0.5854
665.3816,664.8278,0.55378,5.300283,5.781167,-0.4808833
665.3816,664.8279,0.55374,5.300283,5.091383,0.2089
665.3816,664.8279,0.55374,5.300283,5.685033,-0.38475
665.3816,664.8279,0.55373,5.300283,5.197983,0.1023
665.3816,664.8279,0.55369,5.300283,5.61815,-0.3178667
665.3816,664.828,0.55357,5.300283,4.746467,0.5538167
665.3816,664.828,0.55356,5.300283,6.13445,-0.8341667
665.3816,664.8281,0.55354,5.300283,4.733933,0.56635
665.3816,664.8281,0.55346,5.300283,4.449667,0.8506167
665.3816,664.8283,0.55331,5.300283,4.84475,0.4555333
665.3816,664.8283,0.55328,5.300283,5.156183,0.1441
665.3816,664.8283,0.55328,5.300283,5.783267,-0.4829833
665.3816,664.8284,0.55324,5.300283,5.624417,-0.3241333
665.3816,664.8284,0.55318,5.300283,4.752733,0.54755
665.3816,664.8285,0.55314,5.300283,5.745633,-0.44535
665.3816,664.8285,0.55311,5.300283,5.0893,0.2109833
665.3816,664.8286,0.55301,5.300283,5.994367,-0.6940833
665.3816,664.8286,0.55296,5.300283,5.760267,-0.4599833
665.3816,664.8287,0.55295,5.300283,4.45175,0.8485333
665.3816,664.8287,0.5529,5.300283,4.437133,0.86315
665.3816,664.8287,0.55286,5.300283,4.748567,0.5517167
665.3816,664.8287,0.55286,5.300283,5.620233,-0.31995
665.3816,664.8288,0.55283,5.300283,4.840567,0.4597167
665.3816,664.8289,0.55274,5.300283,4.4434,0.8568833
665.3816,664.8289,0.55274,5.300283,4.736017,0.5642667
665.3816,664.8289,0.55273,5.300283,5.0872,0.2130833
665.3816,664.8289,0.55272,5.300283,5.749817,-0.4495333
665.3816,664.8289,0.55267,5.300283,4.455933,0.84435
665.3816,664.8289,0.55266,5.300283,6.1219,-0.8216167
665.3816,664.8291,0.55254,5.300283,5.862683,-0.5624
665.3816,664.8291,0.55253,5.300283,5.848067,-0.5477833
665.3816,664.8293,0.55233,5.300283,4.756917,0.5433667
665.3816,664.8293,0.55233,5.300283,5.777,-0.4767167
665.3816,664.8293,0.55233,5.300283,5.91495,-0.6146667
665.3816,664.8294,0.55224,5.300283,4.593883,0.7064
665.3816,664.8294,0.55224,5.300283,6.021533,-0.72125
665.3816,664.8295,0.55213,5.300283,4.610617,0.6896667
665.3816,664.8295,0.55211,5.300283,4.7611,0.5391833
665.3816,664.8295,0.5521,5.300283,4.418317,0.8819667
665.3816,664.8295,0.55209,5.300283,4.836383,0.4639
665.3816,664.8295,0.55208,5.300283,4.759017,0.5412667
665.3816,664.8295,0.55207,5.300283,5.779083,-0.4788
665.3816,664.8297,0.55191,5.300283,4.53955,0.7607333
665.3816,664.8298,0.55184,5.300283,4.6127,0.6875833
665.3816,664.8298,0.55181,5.300283,4.4204,0.8798833
665.3816,664.8298,0.55179,5.300283,4.7402,0.5600833
665.3816,664.8299,0.55169,5.300283,4.763183,0.5371
665.3816,664.8299,0.55166,5.300283,4.773633,0.52665
665.3816,664.8301,0.55154,5.300283,4.541633,0.75865
665.3816,664.8301,0.55151,5.300283,4.493567,0.8067167
665.3816,664.8301,0.55148,5.300283,4.825933,0.47435
665.3816,664.8301,0.55147,5.300283,4.53745,0.7628333
665.3816,664.8302,0.55143,5.300283,4.75065,0.5496333
665.3816,664.8302,0.55139,5.300283,4.587617,0.7126667
665.3816,664.8302,0.55135,5.300283,5.1938,0.1064833
665.3816,664.8303,0.55132,5.300283,4.447583,0.8527
665.3816,664.8303,0.55127,5.300283,5.7561,-0.4558167
665.3816,664.8304,0.55118,5.300283,4.5479,0.7523833
665.3816,664.8304,0.55116,5.300283,4.769467,0.5308167
665.3816,664.8305,0.55114,5.300283,5.074667,0.2256167
665.3816,664.8305,0.55112,5.300283,4.577167,0.7231167
665.3816,664.8305,0.55112,5.300283,4.58135,0.7189333
665.3816,664.8306,0.55104,5.300283,4.744383,0.5559
665.3816,664.8306,0.55099,5.300283,4.4225,0.8777833
665.3816,664.8306,0.55099,5.300283,4.564633,0.73565
665.3816,664.8306,0.55095,5.300283,4.8552,0.4450833
665.3816,664.8307,0.55094,5.300283,4.5918,0.7084833
665.3816,664.8307,0.55093,5.300283,5.7331,-0.4328167
665.3816,664.8307,0.5509,5.300283,4.5291,0.7711833
665.3816,664.8307,0.55089,5.300283,4.598067,0.7022167
665.3816,664.8307,0.55086,5.300283,5.0663,0.2339833
665.3816,664.8308,0.55084,5.300283,5.080933,0.21935
665.3816,664.8308,0.55084,5.300283,5.49065,-0.1903667
665.3816,664.8308,0.55079,5.300283,4.77155,0.5287333
665.3816,664.8308,0.55078,5.300283,4.82175,0.4785333
665.3816,664.8308,0.55077,5.300283,4.4016,0.8986833
665.3816,664.8308,0.55077,5.300283,4.60015,0.7001333
665.3816,664.8309,0.5507,5.300283,4.805033,0.49525
665.3816,664.8309,0.55069,5.300283,4.765283,0.535
665.3816,664.8309,0.55067,5.300283,4.775733,0.52455
665.3816,664.8311,0.55054,5.300283,4.754833,0.54545
665.3816,664.8311,0.55049,5.300283,4.583433,0.71685
665.3816,664.8311,0.55046,5.300283,4.779917,0.5203667
665.3816,664.8311,0.55045,5.300283,4.767367,0.5329167
665.3816,664.8312,0.55043,5.300283,4.545817,0.7544667
665.3816,664.8312,0.55043,5.300283,4.562533,0.73775
665.3816,664.8312,0.55041,5.300283,4.55,0.7502833
665.3816,664.8312,0.5504,5.300283,4.784133,0.51615
665.3816,664.8312,0.55039,5.300283,4.604333,0.69595
665.3816,664.8312,0.55037,5.300283,4.460117,0.8401667
665.3816,664.8313,0.55034,5.300283,4.572983,0.7273
665.3816,664.8313,0.55033,5.300283,4.838467,0.4618167
665.3816,664.8313,0.55032,5.300283,4.4413,0.8589833
665.3816,664.8313,0.55031,5.300283,4.8113,0.4889833
665.3816,664.8315,0.55015,5.300283,5.879417,-0.5791333
665.3816,664.8315,0.55014,5.300283,4.510283,0.79
665.3816,664.8315,0.55014,5.300283,4.796667,0.5036167
665.3816,664.8315,0.55014,5.300283,4.819667,0.4806167
665.3816,664.8316,0.55004,5.300283,4.8134,0.4868833
665.3816,664.8316,0.55004,5.300283,4.82385,0.4764333
665.3816,664.8316,0.55003,5.300283,4.585533,0.71475
665.3816,664.8316,0.55003,5.300283,4.809217,0.4910667
665.3816,664.8316,0.55002,5.300283,4.595983,0.7043
665.3816,664.8316,0.55002,5.300283,4.777817,0.5224667
665.3816,664.8316,0.54995,5.300283,4.414133,0.88615
665.3816,664.8317,0.54994,5.300283,4.43295,0.8673333
665.3816,664.8317,0.54994,5.300283,4.4622,0.8380833
665.3816,664.8317,0.54993,5.300283,4.7904,0.5098833
665.3816,664.8317,0.54991,5.300283,4.788317,0.5119667
665.3816,664.8317,0.54986,5.300283,4.41205,0.8882333
665.3816,664.8318,0.54982,5.300283,4.608517,0.6917667
665.3816,664.8318,0.54982,5.300283,5.037033,0.26325
665.3816,664.8318,0.54979,5.300283,4.439217,0.8610667
665.3816,664.8318,0.54978,5.300283,4.445483,0.8548
665.3816,664.8318,0.54976,5.300283,4.807117,0.4931667
665.3816,664.8318,0.54976,5.300283,5.064217,0.2360667
665.3816,664.8319,0.54974,5.300283,4.794583,0.5057
665.3816,664.8319,0.54972,5.300283,5.07675,0.2235333
665.3816,664.8319,0.54971,5.300283,4.405767,0.8945167
665.3816,664.8319,0.5497,5.300283,4.60225,0.6980333
665.3816,664.8319,0.54967,5.300283,4.80085,0.4994333
665.3816,664.8319,0.54966,5.300283,4.815483,0.4848
665.3816,664.832,0.54962,5.300283,4.4643,0.8359833
665.3816,664.832,0.54958,5.300283,4.426683,0.8736
665.3816,664.832,0.54957,5.300283,5.085117,0.2151667
665.3816,664.8321,0.54951,5.300283,4.556267,0.7440167
665.3816,664.8321,0.54951,5.300283,4.782,0.5182833
665.3816,664.8321,0.54951,5.300283,5.072567,0.2277167
665.3816,664.8321,0.54948,5.300283,4.5688,0.7314833
665.3816,664.8321,0.54947,5.300283,4.786217,0.5140667
665.3816,664.8321,0.54945,5.300283,4.554167,0.7461167
665.3816,664.8322,0.54944,5.300283,4.56045,0.7398333
665.3816,664.8322,0.54938,5.300283,4.575083,0.7252
665.3816,664.8323,0.54927,5.300283,4.5709,0.7293833
665.3816,664.8324,0.54925,5.300283,4.407867,0.8924167
665.3816,664.8324,0.54925,5.300283,4.435033,0.86525
665.3816,664.8324,0.54925,5.300283,4.621067,0.6792167
665.3816,664.8324,0.54918,5.300283,4.848933,0.45135
665.3816,664.8325,0.54911,5.300283,4.45385,0.8464333
665.3816,664.8325,0.54907,5.300283,5.043317,0.2569667
665.3816,664.8326,0.54902,5.300283,4.618967,0.6813167
665.3816,664.8326,0.54901,5.300283,4.792483,0.5078
665.3816,664.8326,0.549,5.300283,4.817567,0.4827167
665.3816,664.8326,0.54897,5.300283,4.8322,0.4680833
665.3816,664.8326,0.54897,5.300283,5.062117,0.2381667
665.3816,664.8326,0.54896,5.300283,4.552083,0.7482
665.3816,664.8327,0.54894,5.300283,5.05585,0.2444333
665.3816,664.8327,0.5489,5.300283,4.625233,0.67505
665.3816,664.8327,0.5489,5.300283,4.828017,0.4722667
665.3816,664.8327,0.54888,5.300283,4.62315,0.6771333
665.3816,664.8328,0.54883,5.300283,4.80295,0.4973333
665.3816,664.8329,0.54867,5.300283,4.798767,0.5015167
665.3816,664.8329,0.54867,5.300283,4.84265,0.4576333
665.3816,664.8329,0.54865,5.300283,4.606433,0.69385
665.3816,664.8332,0.54845,5.300283,4.55835,0.7419333
665.3816,664.8332,0.54845,5.300283,4.725567,0.5747167
665.3816,664.8332,0.54843,5.300283,4.830117,0.4701667
665.3816,664.8332,0.54838,5.300283,4.57925,0.7210333
665.3816,664.8333,0.54827,5.300283,4.543717,0.7565667
665.3816,664.8334,0.54821,5.300283,4.8343,0.4659833
665.3816,664.8335,0.54811,5.300283,4.535367,0.7649167
665.3816,664.8336,0.54804,5.300283,4.424583,0.8757
665.3816,664.8336,0.54802,5.300283,4.566717,0.7335667
665.3816,664.8337,0.54794,5.300283,4.731833,0.56845
665.3816,664.8338,0.54783,5.300283,5.01195,0.2883333
665.3816,664.8338,0.54775,5.300283,5.028683,0.2716
665.3816,664.834,0.5476,5.300283,4.5897,0.7105833
665.3816,664.8341,0.54747,5.300283,4.72975,0.5705333
665.3816,664.8342,0.54743,5.300283,4.859383,0.4409
665.3816,664.8342,0.54736,5.300283,4.846833,0.45345
665.3816,664.8343,0.54734,5.300283,4.527,0.7732833
665.3816,664.8343,0.54728,5.300283,4.86565,0.4346333
665.3816,664.8345,0.54714,5.300283,4.428767,0.8715167
665.3816,664.8347,0.54695,5.300283,5.070483,0.2298
665.3816,664.8347,0.54694,5.300283,4.7172,0.5830833
665.3816,664.8348,0.54679,5.300283,5.026583,0.2737
665.3816,664.8348,0.54676,5.300283,5.009867,0.2904167
665.3816,664.8348,0.54676,5.300283,5.039133,0.26115
665.3816,664.8348,0.54675,5.300283,4.43085,0.8694333
665.3816,664.8349,0.54669,5.300283,4.531183,0.7691
665.3816,664.835,0.54665,5.300283,4.416217,0.8840667
665.3816,664.835,0.54656,5.300283,4.851017,0.4492667
665.3816,664.8351,0.54652,5.300283,4.723483,0.5768
665.3816,664.8351,0.54648,5.300283,4.7381,0.5621833
665.3816,664.8352,0.5464,5.300283,4.646133,0.65415
665.3816,664.8354,0.54624,5.300283,4.721383,0.5789
665.3816,664.8355,0.54613,5.300283,5.0454,0.2548833
665.3816,664.8355,0.54612,5.300283,4.458033,0.84225
665.3816,664.8356,0.54599,5.300283,4.710933,0.58935
665.3816,664.8357,0.54586,5.300283,5.01405,0.2862333
665.3816,664.8361,0.54554,5.300283,4.713033,0.58725
665.3816,664.8361,0.54546,5.300283,4.70675,0.5935333
665.3816,664.8363,0.5453,5.300283,4.913717,0.3865667
665.3816,664.8363,0.54529,5.300283,4.637783,0.6625
665.3816,664.8363,0.54529,5.300283,4.700483,0.5998
665.3816,664.8363,0.54527,5.300283,5.047483,0.2528
665.3816,664.8365,0.54506,5.300283,5.018233,0.28205
665.3816,664.8365,0.54505,5.300283,4.72765,0.5726333
665.3816,664.8366,0.54498,5.300283,4.635683,0.6646
665.3816,664.8366,0.54496,5.300283,4.639867,0.6604167
665.3816,664.8368,0.54484,5.300283,4.704667,0.5956167
665.3816,664.8368,0.54476,5.300283,5.016133,0.28415
665.3816,664.8369,0.54475,5.300283,4.40995,0.8903333
665.3816,664.8369,0.54475,5.300283,4.6336,0.6666833
665.3816,664.837,0.54464,5.300283,5.068383,0.2319
665.3816,664.837,0.54463,5.300283,4.662867,0.6374167
665.3816,664.837,0.54461,5.300283,4.8761,0.4241833
665.3816,664.837,0.54456,5.300283,4.6963,0.6039833
665.3816,664.8371,0.54446,5.300283,4.715117,0.5851667
665.3816,664.8371,0.54445,5.300283,4.629417,0.6708667
665.3816,664.8372,0.54443,5.300283,4.627333,0.67295
665.3816,664.8372,0.54442,5.300283,4.8531,0.4471833
665.3816,664.8372,0.5444,5.300283,4.6775,0.6227833
665.3816,664.8372,0.54436,5.300283,5.053767,0.2465167
665.3816,664.8373,0.54432,5.300283,4.652417,0.6478667
665.3816,664.8374,0.54423,5.300283,4.679583,0.6207
665.3816,664.8374,0.54418,5.300283,4.6545,0.6457833
665.3816,664.8374,0.54417,5.300283,4.614783,0.6855
665.3816,664.8375,0.54413,5.300283,4.648233,0.65205
665.3816,664.8376,0.54401,5.300283,5.0224,0.2778833
665.3816,664.8376,0.54398,5.300283,4.7193,0.5809833
665.3816,664.8376,0.54396,5.300283,4.683767,0.6165167
665.3816,664.8377,0.54391,5.300283,4.690033,0.61025
665.3816,664.8377,0.54389,5.300283,4.64405,0.6562333
665.3816,664.8377,0.54386,5.300283,4.660767,0.6395167
665.3816,664.8378,0.54384,5.300283,4.899083,0.4012
665.3816,664.8378,0.54376,5.300283,4.671217,0.6290667
665.3816,664.8379,0.54373,5.300283,4.631517,0.6687667
665.3816,664.8379,0.54368,5.300283,4.66495,0.6353333
665.3816,664.838,0.54356,5.300283,5.020317,0.2799667
665.3816,664.838,0.54356,5.300283,5.057933,0.24235
665.3816,664.8381,0.54353,5.300283,4.641967,0.6583167
665.3816,664.8381,0.54346,5.300283,4.650317,0.6499667
665.3816,664.8382,0.5434,5.300283,4.669133,0.63115
665.3816,664.8383,0.54334,5.300283,4.658683,0.6416
665.3816,664.8383,0.54333,5.300283,5.049583,0.2507
665.3816,664.8383,0.54331,5.300283,5.005683,0.2946
665.3816,664.8384,0.5432,5.300283,4.6984,0.6018833
665.3816,664.8385,0.54312,5.300283,4.6754,0.6248833
665.3816,664.8385,0.54311,5.300283,4.86355,0.4367333
665.3816,664.8385,0.5431,5.300283,4.897,0.4032833
665.3816,664.8386,0.54296,5.300283,4.694217,0.6060667
665.3816,664.8387,0.54291,5.300283,4.901183,0.3991
665.3816,664.8388,0.54276,5.300283,4.702583,0.5977
665.3816,664.8389,0.5427,5.300283,4.66705,0.6332333
665.3816,664.8389,0.54267,5.300283,4.880283,0.42
665.3816,664.839,0.54262,5.300283,4.6566,0.6436833
665.3816,664.8392,0.54241,5.300283,5.060033,0.24025
665.3816,664.8394,0.54222,5.300283,4.68585,0.6144333
665.3816,664.8394,0.54221,5.300283,4.692117,0.6081667
665.3816,664.8394,0.5422,5.300283,4.70885,0.5914333
665.3816,664.8395,0.54208,5.300283,4.995233,0.30505
665.3816,664.8396,0.54202,5.300283,5.0015,0.2987833
665.3816,664.8398,0.54181,5.300283,4.681667,0.6186167
665.3816,664.8399,0.54169,5.300283,4.988967,0.3113167
665.3816,664.8401,0.54155,5.300283,4.68795,0.6123333
665.3816,664.8401,0.54153,5.300283,5.0036,0.2966833
665.3816,664.8401,0.54147,5.300283,4.911633,0.38865
665.3816,664.8404,0.5412,5.300283,4.867733,0.43255
665.3816,664.8404,0.54117,5.300283,4.99315,0.3071333
665.3816,664.8405,0.54112,5.300283,5.03495,0.2653333
665.3816,664.8406,0.541,5.300283,5.030767,0.2695167
665.3816,664.8407,0.54091,5.300283,4.99105,0.3092333
665.3816,664.8407,0.54088,5.300283,5.0245,0.2757833
665.3816,664.8408,0.54078,5.300283,4.673317,0.6269667
665.3816,664.8409,0.54075,5.300283,4.997333,0.30295
665.3816,664.8411,0.54052,5.300283,4.905367,0.3949167
665.3816,664.8412,0.54042,5.300283,5.041217,0.2590667
665.3816,664.8412,0.54036,5.300283,4.616883,0.6834
665.3816,664.8412,0.54035,5.300283,4.888633,0.41165
665.3816,664.8415,0.5401,5.300283,4.926267,0.3740167
665.3816,664.8415,0.54008,5.300283,5.007783,0.2925
665.3816,664.8416,0.53998,5.300283,4.861467,0.4388167
665.3816,664.8416,0.53997,5.300283,4.869833,0.43045
665.3816,664.8418,0.53976,5.300283,4.999417,0.3008667
665.3816,664.8421,0.53953,5.300283,4.978517,0.3217667
665.3816,664.8421,0.53951,5.300283,4.882367,0.4179167
665.3816,664.8422,0.53943,5.300283,5.051667,0.2486167
665.3816,664.8422,0.5394,5.300283,4.919983,0.3803
665.3816,664.8424,0.53922,5.300283,4.88445,0.4158333
665.3816,664.8424,0.53916,5.300283,4.965967,0.3343167
665.3816,664.8426,0.53896,5.300283,4.9827,0.3175833
665.3816,664.8427,0.53886,5.300283,4.986883,0.3134
665.3816,664.8428,0.53885,5.300283,4.878183,0.4221
665.3816,664.8431,0.53854,5.300283,4.857283,0.443
665.3816,664.8432,0.53838,5.300283,4.922083,0.3782
665.3816,664.8434,0.53816,5.300283,5.032867,0.2674167
665.3816,664.8435,0.5381,5.300283,4.984783,0.3155
665.3816,664.8436,0.53802,5.300283,4.92835,0.3719333
665.3816,664.8437,0.53795,5.300283,4.894917,0.4053667
665.3816,664.8438,0.53776,5.300283,4.892817,0.4074667
665.3816,664.8439,0.5377,5.300283,4.934617,0.3656667
665.3816,664.8441,0.53751,5.300283,4.9179,0.3823833
665.3816,664.8442,0.53741,5.300283,4.909533,0.39075
665.3816,664.8443,0.53732,5.300283,4.871917,0.4283667
665.3816,664.8443,0.53728,5.300283,4.924167,0.3761167
665.3816,664.8444,0.53721,5.300283,4.88655,0.4137333
665.3816,664.8447,0.53692,5.300283,4.936717,0.3635667
665.3816,664.8447,0.53687,5.300283,4.915817,0.3844667
665.3816,664.8448,0.53675,5.300283,4.976417,0.3238667
665.3816,664.8449,0.53668,5.300283,4.9597,0.3405833
665.3816,664.8451,0.53654,5.300283,4.963883,0.3364
665.3816,664.8451,0.53651,5.300283,4.874,0.4262833
665.3816,664.8451,0.5365,5.300283,4.942983,0.3573
665.3816,664.8454,0.53621,5.300283,4.97015,0.3301333
665.3816,664.8454,0.53619,5.300283,4.890733,0.40955
665.3816,664.8454,0.53618,5.300283,4.9618,0.3384833
665.3816,664.8455,0.53615,5.300283,4.932533,0.36775
665.3816,664.8456,0.53603,5.300283,4.974333,0.32595
665.3816,664.8457,0.53593,5.300283,4.97225,0.3280333
665.3816,664.8458,0.53583,5.300283,4.903267,0.3970167
665.3816,664.8458,0.5358,5.300283,4.9409,0.3593833
665.3816,664.8459,0.53568,5.300283,4.947167,0.3531167
665.3816,664.846,0.5356,5.300283,4.9806,0.3196833
665.3816,664.846,0.53556,5.300283,4.930433,0.36985
665.3816,664.8461,0.53549,5.300283,4.968067,0.3322167
665.3816,664.8461,0.53545,5.300283,4.955517,0.3447667
665.3816,664.8462,0.53543,5.300283,4.957617,0.3426667
665.3816,664.8464,0.53525,5.300283,4.95135,0.3489333
665.3816,664.8464,0.53521,5.300283,4.94925,0.3510333
665.3816,664.8464,0.5352,5.300283,4.9388,0.3614833
665.3816,664.8465,0.53507,5.300283,4.953433,0.34685
665.3816,664.8467,0.53486,5.300283,4.945067,0.3552167
665.3816,664.8472,0.53443,5.300283,4.90745,0.3928333
665.3816,664.8578,0.52384,5.300283,5.843883,-0.5436
665.3816,664.8602,0.52143,5.300283,5.917033,-0.61675
665.3816,664.8607,0.52092,5.300283,6.149083,-0.8488
665.3816,664.8631,0.51852,5.300283,5.820883,-0.5206
665.3816,664.8633,0.51828,5.300283,5.07885,0.2214333
665.3816,664.8644,0.51719,5.300283,6.1156,-0.8153167
665.3816,664.8648,0.5168,5.300283,6.109333,-0.80905
665.3816,664.8651,0.51649,5.300283,5.083017,0.2172667
665.3816,664.8653,0.51634,5.300283,5.78745,-0.4871667
665.3816,664.866,0.51555,5.300283,6.117733,-0.81745
665.3816,664.8736,0.50802,5.300283,5.55125,-0.2509667
665.3816,664.9192,0.46244,5.300283,4.7381,0.5621833
665.3816,664.9419,0.43968,5.300283,4.7904,0.5098833
665.3816,664.9444,0.43715,5.300283,4.9618,0.3384833
665.3816,664.9497,0.43188,5.300283,4.80085,0.4994333
665.3816,664.9528,0.42879,5.300283,5.124833,0.17545
665.3816,664.9552,0.42641,5.300283,5.14155,0.1587333
665.3816,664.9587,0.42293,5.300283,5.12065,0.1796333
665.3816,664.9658,0.41578,5.300283,4.773633,0.52665
665.3816,664.9671,0.41453,5.300283,4.784133,0.51615
665.3816,664.9693,0.41225,5.300283,4.767367,0.5329167
665.3816,664.9725,0.40914,5.300283,4.8134,0.4868833
665.3816,664.9809,0.40066,5.300283,4.97015,0.3301333
665.3816,664.9816,0.40002,5.300283,4.514467,0.7858167
665.3816,664.9816,0.39999,5.300283,4.493567,0.8067167
665.3816,664.9835,0.39813,5.300283,4.53745,0.7628333
665.3816,664.9836,0.39803,5.300283,4.499833,0.80045
665.3816,664.9838,0.39781,5.300283,4.541633,0.75865
665.3816,664.9847,0.39691,5.300283,5.812533,-0.51225
665.3816,664.985,0.39665,5.300283,4.527,0.7732833
665.3816,664.9852,0.39639,5.300283,5.820883,-0.5206
665.3816,664.9852,0.39636,5.300283,4.497733,0.80255
665.3816,664.9857,0.39591,5.300283,4.51865,0.7816333
665.3816,664.9866,0.39501,5.300283,5.822983,-0.5227
665.3816,664.9868,0.39485,5.300283,5.845967,-0.5456833
665.3816,664.9874,0.39422,5.300283,4.508183,0.7921
665.3816,664.9875,0.39414,5.300283,4.51655,0.7837333
665.3816,664.9876,0.39404,5.300283,5.783267,-0.4829833
665.3816,664.9876,0.39397,5.300283,5.802083,-0.5018
665.3816,664.9876,0.39396,5.300283,4.533267,0.7670167
665.3816,664.9878,0.39376,5.300283,5.020317,0.2799667
665.3816,664.9878,0.39375,5.300283,4.504017,0.7962667
665.3816,664.9882,0.39341,5.300283,5.793717,-0.4934333
665.3816,664.9883,0.39333,5.300283,4.512367,0.7879167
665.3816,664.9886,0.39305,5.300283,5.777,-0.4767167
665.3816,664.9888,0.39283,5.300283,6.1888,-0.8885167
665.3816,664.9889,0.39271,5.300283,4.524917,0.7753667
665.3816,664.9889,0.3927,5.300283,5.78745,-0.4871667
665.3816,664.9889,0.39268,5.300283,5.825067,-0.5247833
665.3816,664.989,0.39264,5.300283,5.758183,-0.4579
665.3816,664.9891,0.39248,5.300283,4.522817,0.7774667
665.3816,664.9891,0.39246,5.300283,6.038267,-0.7379833
665.3816,664.9892,0.3924,5.300283,5.762367,-0.4620833
665.3816,664.9894,0.39222,5.300283,5.5408,-0.2405167
665.3816,664.9896,0.39201,5.300283,5.779083,-0.4788
665.3816,664.9897,0.39194,5.300283,5.804167,-0.5038833
665.3816,664.9897,0.39193,5.300283,5.791617,-0.4913333
665.3816,664.9898,0.39176,5.300283,5.781167,-0.4808833
665.3816,664.9899,0.39168,5.300283,5.799983,-0.4997
665.3816,664.99,0.39163,5.300283,5.741467,-0.4411833
665.3816,664.9901,0.39153,5.300283,5.770717,-0.4704333
665.3816,664.9902,0.39144,5.300283,5.8397,-0.5394167
665.3816,664.9902,0.3914,5.300283,5.754,-0.4537167
665.3816,664.9902,0.39139,5.300283,5.85015,-0.5498667
665.3816,664.9902,0.39135,5.300283,5.739367,-0.4390833
665.3816,664.9905,0.39115,5.300283,6.153267,-0.8529833
665.3816,664.9905,0.39108,5.300283,4.5061,0.7941833
665.3816,664.9906,0.391,5.300283,5.749817,-0.4495333
665.3816,664.9906,0.391,5.300283,5.843883,-0.5436
665.3816,664.9906,0.39098,5.300283,5.735183,-0.4349
665.3816,664.9908,0.39082,5.300283,6.04035,-0.7400667
665.3816,664.991,0.39062,5.300283,6.161617,-0.8613333
665.3816,664.9911,0.39053,5.300283,5.97555,-0.6752667
665.3816,664.9911,0.39045,5.300283,5.7749,-0.4746167
665.3816,664.9912,0.39043,5.300283,5.620233,-0.31995
665.3816,664.9913,0.39035,5.300283,6.142817,-0.8425333
665.3816,664.9913,0.39029,5.300283,5.854333,-0.55405
665.3816,664.9913,0.39029,5.300283,6.130267,-0.8299833
665.3816,664.9913,0.39028,5.300283,5.74355,-0.4432667
665.3816,664.9914,0.3902,5.300283,5.76445,-0.4641667
665.3816,664.9915,0.3901,5.300283,5.848067,-0.5477833
665.3816,664.9915,0.39005,5.300283,5.810433,-0.51015
665.3816,664.9916,0.38998,5.300283,5.76655,-0.4662667
665.3816,664.9916,0.38998,5.300283,6.044533,-0.74425
665.3816,664.9917,0.38994,5.300283,5.885683,-0.5854
665.3816,664.9917,0.3899,5.300283,6.013183,-0.7129
665.3816,664.9918,0.38983,5.300283,5.877317,-0.5770333
665.3816,664.9918,0.38976,5.300283,6.015267,-0.7149833
665.3816,664.9919,0.38971,5.300283,5.737283,-0.437
665.3816,664.9919,0.3897,5.300283,5.731017,-0.4307333
665.3816,664.9919,0.38969,5.300283,5.78535,-0.4850667
665.3816,664.9919,0.38969,5.300283,6.140717,-0.8404333
665.3816,664.9919,0.38965,5.300283,5.745633,-0.44535
665.3816,664.992,0.38963,5.300283,5.835517,-0.5352333
665.3816,664.992,0.38962,5.300283,5.7561,-0.4558167
665.3816,664.9921,0.38954,5.300283,5.927483,-0.6272
665.3816,664.9921,0.38952,5.300283,5.7979,-0.4976167
665.3816,664.9921,0.38947,5.300283,6.132367,-0.8320833
665.3816,664.9921,0.38946,5.300283,5.760267,-0.4599833
665.3816,664.9922,0.38944,5.300283,5.747733,-0.44745
665.3816,664.9922,0.38937,5.300283,5.751917,-0.4516333
665.3816,664.9922,0.38936,5.300283,5.547083,-0.2468
665.3816,664.9923,0.38935,5.300283,6.075883,-0.7756
665.3816,664.9923,0.38928,5.300283,5.768633,-0.46835
665.3816,664.9923,0.38926,5.300283,5.990183,-0.6899
665.3816,664.9923,0.38926,5.300283,6.19715,-0.8968667
665.3816,664.9923,0.38925,5.300283,5.858517,-0.5582333
665.3816,664.9925,0.38912,5.300283,5.950483,-0.6502
665.3816,664.9925,0.38912,5.300283,5.97765,-0.6773667
665.3816,664.9925,0.38908,5.300283,5.544983,-0.2447
665.3816,664.9925,0.38907,5.300283,5.95675,-0.6564667
665.3816,664.9926,0.38897,5.300283,5.879417,-0.5791333
665.3816,664.9927,0.3889,5.300283,5.9442,-0.6439167
665.3816,664.9927,0.38889,5.300283,6.088433,-0.78815
665.3816,664.9927,0.38887,5.300283,5.875233,-0.57495
665.3816,664.9928,0.38883,5.300283,6.126083,-0.8258
665.3816,664.9928,0.38881,5.300283,6.159533,-0.85925
665.3816,664.9928,0.38876,5.300283,4.510283,0.79
665.3816,664.9928,0.38876,5.300283,6.1219,-0.8216167
665.3816,664.9929,0.38874,5.300283,5.921217,-0.6209333
665.3816,664.9929,0.38866,5.300283,6.13445,-0.8341667
665.3816,664.9929,0.38865,5.300283,6.107233,-0.80695
665.3816,664.993,0.38862,5.300283,6.0738,-0.7735167
665.3816,664.993,0.38858,5.300283,6.17835,-0.8780667
665.3816,664.993,0.38857,5.300283,5.868967,-0.5686833
665.3816,664.9931,0.38855,5.300283,5.940033,-0.63975
665.3816,664.9931,0.38852,5.300283,5.565883,-0.2656
665.3816,664.9931,0.3885,5.300283,5.538717,-0.2384333
665.3816,664.9931,0.3885,5.300283,5.720567,-0.4202833
665.3816,664.9931,0.38849,5.300283,5.55335,-0.2530667
665.3816,664.9931,0.38848,5.300283,6.048717,-0.7484333
665.3816,664.9931,0.38848,5.300283,6.117733,-0.81745
665.3816,664.9931,0.38846,5.300283,5.937933,-0.63765
665.3816,664.9932,0.38844,5.300283,6.032,-0.7317167
665.3816,664.9932,0.38843,5.300283,5.89195,-0.5916667
665.3816,664.9932,0.38842,5.300283,5.979733,-0.67945
665.3816,664.9932,0.3884,5.300283,5.7331,-0.4328167
665.3816,664.9932,0.38838,5.300283,5.718467,-0.4181833
665.3816,664.9932,0.38838,5.300283,5.9672,-0.6669167
665.3816,664.9933,0.38833,5.300283,6.15535,-0.8550667
665.3816,664.9933,0.38827,5.300283,5.929567,-0.6292833
665.3816,664.9933,0.38825,5.300283,5.831333,-0.53105
665.3816,664.9934,0.38824,5.300283,6.0508,-0.7505167
665.3816,664.9934,0.38824,5.300283,6.109333,-0.80905
665.3816,664.9934,0.38823,5.300283,5.555433,-0.25515
665.3816,664.9934,0.38823,5.300283,6.19925,-0.8989667
665.3816,664.9934,0.38822,5.300283,5.726833,-0.42655
665.3816,664.9934,0.38822,5.300283,6.119817,-0.8195333
665.3816,664.9934,0.38821,5.300283,5.910767,-0.6104833
665.3816,664.9934,0.38818,5.300283,5.862683,-0.5624
665.3816,664.9934,0.38816,5.300283,5.969283,-0.669
665.3816,664.9935,0.38815,5.300283,5.973467,-0.6731833
665.3816,664.9935,0.38814,5.300283,6.027817,-0.7275333
665.3816,664.9935,0.3881,5.300283,6.190883,-0.8906
665.3816,664.9935,0.38808,5.300283,5.582617,-0.2823333
665.3816,664.9935,0.38808,5.300283,5.728917,-0.4286333
665.3816,664.9935,0.38808,5.300283,6.100967,-0.8006833
665.3816,664.9935,0.38808,5.300283,6.146983,-0.8467
665.3816,664.9935,0.38807,5.300283,5.5638,-0.2635167
665.3816,664.9936,0.38803,5.300283,5.772817,-0.4725333
665.3816,664.9936,0.38802,5.300283,5.952567,-0.6522833
665.3816,664.9936,0.38801,5.300283,6.059167,-0.7588833
665.3816,664.9936,0.38801,5.300283,6.136533,-0.83625
665.3816,664.9936,0.38796,5.300283,5.5847,-0.2844167
665.3816,664.9936,0.38796,5.300283,6.067517,-0.7672333
665.3816,664.9936,0.38796,5.300283,6.1658,-0.8655167
665.3816,664.9937,0.38795,5.300283,5.578433,-0.27815
665.3816,664.9937,0.38795,5.300283,5.72265,-0.4223667
665.3816,664.9937,0.38794,5.300283,6.151167,-0.8508833
665.3816,664.9937,0.38793,5.300283,6.0529,-0.7526167
665.3816,664.9937,0.38792,5.300283,5.6474,-0.3471167
665.3816,664.9937,0.38791,5.300283,5.609783,-0.3095
665.3816,664.9937,0.38791,5.300283,5.708017,-0.4077333
665.3816,664.9937,0.38791,5.300283,5.971383,-0.6711
665.3816,664.9937,0.3879,5.300283,6.04245,-0.7421667
665.3816,664.9937,0.38788,5.300283,5.55125,-0.2509667
665.3816,664.9937,0.38786,5.300283,5.6892,-0.3889167
665.3816,664.9938,0.38783,5.300283,5.6495,-0.3492167
665.3816,664.9938,0.38783,5.300283,6.009,-0.7087167
665.3816,664.9938,0.38782,5.300283,5.7122,-0.4119167
665.3816,664.9938,0.38781,5.300283,5.586783,-0.2865
665.3816,664.9938,0.3878,5.300283,5.63905,-0.3387667
665.3816,664.9938,0.38775,5.300283,5.887767,-0.5874833
665.3816,664.9938,0.38775,5.300283,5.960933,-0.66065
665.3816,664.9939,0.38773,5.300283,6.1867,-0.8864167
665.3816,664.9939,0.38771,5.300283,5.6286,-0.3283167
665.3816,664.9939,0.3877,5.300283,6.036167,-0.7358833
665.3816,664.9939,0.38769,5.300283,6.080067,-0.7797833
665.3816,664.9939,0.38768,5.300283,5.919117,-0.6188333
665.3816,664.9939,0.38767,5.300283,5.576333,-0.27605
665.3816,664.9939,0.38767,5.300283,5.710117,-0.4098333
665.3816,664.994,0.38765,5.300283,5.80835,-0.5080667
665.3816,664.9941,0.38753,5.300283,5.567983,-0.2677
665.3816,664.9941,0.38753,5.300283,6.096783,-0.7965
665.3816,664.9941,0.38752,5.300283,6.180433,-0.88015
665.3816,664.9941,0.38751,5.300283,5.724733,-0.42445
665.3816,664.9941,0.38751,5.300283,6.098883,-0.7986
665.3816,664.9941,0.3875,5.300283,5.8606,-0.5603167
665.3816,664.9941,0.38749,5.300283,5.889867,-0.5895833
665.3816,664.9941,0.38747,5.300283,5.674583,-0.3743
665.3816,664.9941,0.38747,5.300283,5.958833,-0.65855
665.3816,664.9941,0.38747,5.300283,6.0717,-0.7714167
665.3816,664.9942,0.38743,5.300283,5.5617,-0.2614167
665.3816,664.9942,0.38743,5.300283,5.682933,-0.38265
665.3816,664.9942,0.38742,5.300283,6.034083,-0.7338
665.3816,664.9942,0.38739,5.300283,6.06125,-0.7609667
665.3816,664.9942,0.38737,5.300283,5.651583,-0.3513
665.3816,664.9942,0.38737,5.300283,5.906583,-0.6063
665.3816,664.9942,0.38736,5.300283,5.597233,-0.29695
665.3816,664.9943,0.38732,5.300283,5.641133,-0.34085
665.3816,664.9943,0.38729,5.300283,5.440433,-0.14015
665.3816,664.9943,0.38729,5.300283,6.017367,-0.7170833
665.3816,664.9943,0.38729,5.300283,6.163717,-0.8634333
665.3816,664.9943,0.38728,5.300283,5.9024,-0.6021167
665.3816,664.9943,0.38727,5.300283,4.531183,0.7691
665.3816,664.9943,0.38726,5.300283,6.08215,-0.7818667
665.3816,664.9944,0.38724,5.300283,5.866867,-0.5665833
665.3816,664.9944,0.38722,5.300283,5.89405,-0.5937667
665.3816,664.9944,0.38721,5.300283,5.400717,-0.1004333
665.3816,664.9944,0.38721,5.300283,5.9881,-0.6878167
665.3816,664.9944,0.38718,5.300283,6.023633,-0.72335
665.3816,664.9944,0.38717,5.300283,5.588883,-0.2886
665.3816,664.9944,0.38717,5.300283,5.695483,-0.3952
665.3816,664.9944,0.38716,5.300283,5.601417,-0.3011333
665.3816,664.9945,0.38714,5.300283,5.526183,-0.2259
665.3816,664.9945,0.38714,5.300283,5.685033,-0.38475
665.3816,664.9945,0.38711,5.300283,6.124,-0.8237167
665.3816,664.9945,0.3871,5.300283,5.116467,0.1838167
665.3816,664.9945,0.3871,5.300283,5.898217,-0.5979333
665.3816,664.9945,0.3871,5.300283,6.0926,-0.7923167
665.3816,664.9945,0.38707,5.300283,5.99855,-0.6982667
665.3816,664.9946,0.38704,5.300283,5.662033,-0.36175
665.3816,664.9946,0.38703,5.300283,5.95465,-0.6543667
665.3816,664.9946,0.38703,5.300283,6.002733,-0.70245
665.3816,664.9946,0.38701,5.300283,5.693383,-0.3931
665.3816,664.9946,0.38697,5.300283,5.570067,-0.2697833
665.3816,664.9946,0.38697,5.300283,5.70175,-0.4014667
665.3816,664.9946,0.38696,5.300283,5.9254,-0.6251167
665.3816,664.9946,0.38696,5.300283,5.942117,-0.6418333
665.3816,664.9947,0.38691,5.300283,5.590967,-0.2906833
665.3816,664.9947,0.3869,5.300283,5.687117,-0.3868333
665.3816,664.9947,0.38689,5.300283,5.65785,-0.3575667
665.3816,664.9947,0.38689,5.300283,5.705933,-0.40565
665.3816,664.9947,0.38688,5.300283,6.0299,-0.7296167
665.3816,664.9947,0.38687,5.300283,5.9045,-0.6042167
665.3816,664.9947,0.38687,5.300283,5.91495,-0.6146667
665.3816,664.9947,0.38685,5.300283,5.714283,-0.414
665.3816,664.9948,0.38682,5.300283,5.61605,-0.3157667
665.3816,664.9948,0.38682,5.300283,5.645317,-0.3450333
665.3816,664.9948,0.38681,5.300283,6.011083,-0.7108
665.3816,664.9948,0.38679,5.300283,5.634867,-0.3345833
665.3816,664.9948,0.38678,5.300283,6.0947,-0.7944167
665.3816,664.9948,0.38677,5.300283,6.1449,-0.8446167
665.3816,664.9949,0.38675,5.300283,5.6056,-0.3053167
665.3816,664.9949,0.38671,5.300283,5.9651,-0.6648167
665.3816,664.9949,0.3867,5.300283,5.672483,-0.3722
665.3816,664.9949,0.38669,5.300283,5.69965,-0.3993667
665.3816,664.9949,0.38668,5.300283,5.981833,-0.68155
665.3816,664.9949,0.38667,5.300283,5.883583,-0.5833
665.3816,664.995,0.38663,5.300283,5.963017,-0.6627333
665.3816,664.995,0.38663,5.300283,6.1135,-0.8132167
665.3816,664.995,0.38662,5.300283,5.65995,-0.3596667
665.3816,664.995,0.38662,5.300283,5.814617,-0.5143333
665.3816,664.995,0.38661,5.300283,5.9233,-0.6230167
665.3816,664.995,0.38661,5.300283,6.192967,-0.8926833
665.3816,664.995,0.3866,5.300283,5.6683,-0.3680167
665.3816,664.995,0.38659,5.300283,5.622317,-0.3220333
665.3816,664.995,0.38658,5.300283,5.996467,-0.6961833
665.3816,664.995,0.38657,5.300283,5.992283,-0.692
665.3816,664.995,0.38655,5.300283,5.6913,-0.3910167
665.3816,664.9951,0.38651,5.300283,5.666217,-0.3659333
665.3816,664.9951,0.38651,5.300283,5.986017,-0.6857333
665.3816,664.9951,0.38651,5.300283,5.994367,-0.6940833
665.3816,664.9951,0.38651,5.300283,6.057067,-0.7567833
665.3816,664.9951,0.3865,5.300283,5.6265,-0.3262167
665.3816,664.9951,0.38648,5.300283,5.599333,-0.29905
665.3816,664.9951,0.38648,5.300283,5.68085,-0.3805667
665.3816,664.9951,0.38648,5.300283,6.128183,-0.8279
665.3816,664.9952,0.38643,5.300283,6.195067,-0.8947833
665.3816,664.9952,0.38641,5.300283,5.664133,-0.36385
665.3816,664.9952,0.38641,5.300283,5.93585,-0.6355667
665.3816,664.9952,0.38639,5.300283,6.172067,-0.8717833
665.3816,664.9952,0.38636,5.300283,6.086333,-0.78605
665.3816,664.9953,0.38632,5.300283,6.077983,-0.7777
665.3816,664.9953,0.3863,5.300283,6.174167,-0.8738833
665.3816,664.9953,0.38629,5.300283,5.580517,-0.2802333
665.3816,664.9953,0.38628,5.300283,5.716383,-0.4161
665.3816,664.9953,0.38626,5.300283,5.655767,-0.3554833
665.3816,664.9953,0.38626,5.300283,5.697567,-0.3972833
665.3816,664.9954,0.38625,5.300283,5.643217,-0.3429333
665.3816,664.9954,0.38623,5.300283,5.613967,-0.3136833
665.3816,664.9954,0.38622,5.300283,6.046617,-0.7463333
665.3816,664.9954,0.38621,5.300283,5.559617,-0.2593333
665.3816,664.9954,0.38621,5.300283,5.6704,-0.3701167
665.3816,664.9954,0.3862,5.300283,5.57425,-0.2739667
665.3816,664.9954,0.3862,5.300283,5.63695,-0.3366667
665.3816,664.9954,0.38618,5.300283,5.896133,-0.59585
665.3816,664.9954,0.38617,5.300283,5.59515,-0.2948667
665.3816,664.9954,0.38616,5.300283,5.557533,-0.25725
665.3816,664.9955,0.38615,5.300283,6.01945,-0.7191667
665.3816,664.9955,0.38611,5.300283,5.703833,-0.40355
665.3816,664.9955,0.38609,5.300283,6.069617,-0.7693333
665.3816,664.9955,0.38606,5.300283,6.138633,-0.83835
665.3816,664.9956,0.38604,5.300283,5.61815,-0.3178667
665.3816,664.9956,0.386,5.300283,5.653667,-0.3533833
665.3816,664.9956,0.38599,5.300283,5.607683,-0.3074
665.3816,664.9956,0.38598,5.300283,6.169983,-0.8697
665.3816,664.9956,0.38596,5.300283,6.10515,-0.8048667
665.3816,664.9956,0.38595,5.300283,6.08425,-0.7839667
665.3816,664.9957,0.38593,5.300283,5.603517,-0.3032333
665.3816,664.9957,0.38592,5.300283,5.908667,-0.6083833
665.3816,664.9957,0.38592,5.300283,6.025717,-0.7254333
665.3816,664.9957,0.38589,5.300283,5.676667,-0.3763833
665.3816,664.9957,0.38586,5.300283,5.4467,-0.1464167
665.3816,664.9958,0.38584,5.300283,5.632767,-0.3324833
665.3816,664.9958,0.38583,5.300283,5.67875,-0.3784667
665.3816,664.9958,0.3858,5.300283,6.090517,-0.7902333
665.3816,664.9959,0.38574,5.300283,5.7958,-0.4955167
665.3816,664.9959,0.38573,5.300283,6.000633,-0.70035
665.3816,664.9959,0.38573,5.300283,6.065433,-0.76515
665.3816,664.9959,0.38572,5.300283,6.006917,-0.7066333
665.3816,664.9959,0.38572,5.300283,6.06335,-0.7630667
665.3816,664.9959,0.3857,5.300283,6.021533,-0.72125
665.3816,664.9959,0.38569,5.300283,5.900317,-0.6000333
665.3816,664.9959,0.38566,5.300283,5.434167,-0.1338833
665.3816,664.9959,0.38566,5.300283,6.054983,-0.7547
665.3816,664.996,0.38564,5.300283,5.948383,-0.6481
665.3816,664.9961,0.38552,5.300283,6.10305,-0.8027667
665.3816,664.9961,0.3855,5.300283,5.593067,-0.2927833
665.3816,664.9961,0.38549,5.300283,5.917033,-0.61675
665.3816,664.9961,0.38547,5.300283,5.630683,-0.3304
665.3816,664.9962,0.38544,5.300283,5.624417,-0.3241333
665.3816,664.9962,0.38538,5.300283,5.572167,-0.2718833
665.3816,664.9962,0.38538,5.300283,5.8167,-0.5164167
665.3816,664.9963,0.38528,5.300283,6.111417,-0.8111333
665.3816,664.9964,0.38524,5.300283,5.9463,-0.6460167
665.3816,664.9966,0.38504,5.300283,5.8815,-0.5812167
665.3816,664.9967,0.38491,5.300283,5.983917,-0.6836333
665.3816,664.9967,0.38491,5.300283,6.182517,-0.8822333
665.3816,664.9967,0.38488,5.300283,6.149083,-0.8488
665.3816,664.9967,0.38487,5.300283,6.17625,-0.8759667
665.3816,664.9968,0.38479,5.300283,6.157433,-0.85715
665.3816,664.9968,0.38476,5.300283,6.184617,-0.8843333
665.3816,664.9969,0.3847,5.300283,6.167883,-0.8676
665.3816,664.9969,0.38467,5.300283,5.873133,-0.57285
665.3816,664.997,0.38462,5.300283,5.453017,-0.1527333
665.3816,664.997,0.38457,5.300283,5.492733,-0.19245
665.3816,664.997,0.38456,5.300283,5.931667,-0.6313833
665.3816,664.997,0.38455,5.300283,5.455117,-0.1548333
665.3816,664.9972,0.38439,5.300283,4.535367,0.7649167
665.3816,664.9973,0.38429,5.300283,5.91285,-0.6125667
665.3816,664.9974,0.38422,5.300283,6.004817,-0.7045333
665.3816,664.9974,0.38421,5.300283,6.1156,-0.8153167
665.3816,664.9974,0.38419,5.300283,5.856417,-0.5561333
665.3816,664.9974,0.38416,5.300283,5.549167,-0.2488833
665.3816,664.9975,0.3841,5.300283,5.93375,-0.6334667
665.3816,664.9976,0.38402,5.300283,5.444617,-0.1443333
665.3816,664.9977,0.38395,5.300283,5.611867,-0.3115833
665.3816,664.9982,0.38344,5.300283,5.87105,-0.5707667
665.3816,664.9984,0.38321,5.300283,5.789533,-0.48925
665.3816,664.999,0.38259,5.300283,5.8188,-0.5185167
665.3816,665.001,0.38056,5.300283,5.4488,-0.1485167
665.3816,665.0025,0.37907,5.300283,5.442533,-0.14225
665.3816,665.0186,0.36298,5.300283,4.51865,0.7816333
665.3816,665.0205,0.36112,5.300283,4.4016,0.8986833
665.3816,665.0238,0.35778,5.300283,4.403683,0.8966
665.3816,665.0564,0.32517,5.300283,5.43625,-0.1359667
665.3816,665.0694,0.31215,5.300283,5.630683,-0.3304
665.3816,665.0847,0.2969,5.300283,5.5847,-0.2844167
665.3816,665.0945,0.28706,5.300283,5.664133,-0.36385
665.3816,665.0963,0.2853,5.300283,5.68085,-0.3805667
665.3816,665.1033,0.27831,5.300283,5.63905,-0.3387667
665.3816,665.106,0.2756,5.300283,5.607683,-0.3074
665.3816,665.1165,0.2651,5.300283,5.70175,-0.4014667
665.3816,665.1168,0.26477,5.300283,5.682933,-0.38265
665.3816,665.1171,0.26454,5.300283,5.6892,-0.3889167
665.3816,665.1177,0.26393,5.300283,5.6704,-0.3701167
665.3816,665.1184,0.26317,5.300283,5.705933,-0.40565
665.3816,665.1232,0.2584,5.300283,5.195883,0.1044
665.3816,665.129,0.25265,5.300283,5.6474,-0.3471167
665.3816,665.1324,0.24917,5.300283,5.586783,-0.2865
665.3816,665.1365,0.24514,5.300283,5.739367,-0.4390833
665.3816,665.1512,0.23042,5.300283,5.695483,-0.3952
665.3816,665.1577,0.22391,5.300283,5.676667,-0.3763833
665.3816,665.1592,0.22238,5.300283,4.926267,0.3740167
665.3816,665.1708,0.21081,5.300283,5.687117,-0.3868333
665.3816,665.2778,0.1038,5.300283,4.700483,0.5998
665.3816,665.28,0.10158,5.300283,4.690033,0.61025
665.3816,665.2807,0.1009,5.300283,4.66705,0.6332333
665.3816,665.4869,-0.10526,5.300283,5.59515,-0.2948667
665.3816,665.4893,-0.10771,5.300283,5.593067,-0.2927833
665.3816,665.492,-0.11038,5.300283,5.526183,-0.2259
665.3816,665.4921,-0.11053,5.300283,5.739367,-0.4390833
665.3816,665.4938,-0.11223,5.300283,5.4049,-0.1046167
665.3816,665.4943,-0.1127,5.300283,5.607683,-0.3074
665.3816,665.4953,-0.11371,5.300283,5.4467,-0.1464167
665.3816,665.4954,-0.11377,5.300283,5.567983,-0.2677
665.3816,665.4961,-0.11451,5.300283,5.80835,-0.5080667
665.3816,665.4976,-0.11596,5.300283,5.770717,-0.4704333
665.3816,665.4979,-0.11629,5.300283,5.651583,-0.3513
665.3816,665.5012,-0.11958,5.300283,5.634867,-0.3345833
665.3816,665.5365,-0.15491,5.300283,5.703833,-0.40355
665.3816,665.5443,-0.16269,5.300283,5.601417,-0.3011333
665.3816,665.5701,-0.18847,5.300283,5.407,-0.1067167
665.3816,665.5961,-0.21455,5.300283,5.72265,-0.4223667
665.3816,665.6485,-0.26691,5.300283,5.8376,-0.5373167
665.3816,665.6501,-0.26847,5.300283,5.8167,-0.5164167
665.3816,665.6503,-0.26866,5.300283,5.80835,-0.5080667
665.3816,665.6504,-0.26877,5.300283,5.43625,-0.1359667
665.3816,665.6523,-0.27071,5.300283,5.758183,-0.4579
665.3816,665.6533,-0.27169,5.300283,5.7749,-0.4746167
665.3816,665.6534,-0.27184,5.300283,5.864783,-0.5645
665.3816,665.6536,-0.27201,5.300283,5.768633,-0.46835
665.3816,665.654,-0.27235,5.300283,5.781167,-0.4808833
665.3816,665.6542,-0.27261,5.300283,5.770717,-0.4704333
665.3816,665.6542,-0.27263,5.300283,5.910767,-0.6104833
665.3816,665.6544,-0.27281,5.300283,4.945067,0.3552167
665.3816,665.6545,-0.2729,5.300283,6.046617,-0.7463333
665.3816,665.6546,-0.27298,5.300283,5.4467,-0.1464167
665.3816,665.6547,-0.27312,5.300283,5.749817,-0.4495333
665.3816,665.655,-0.27337,5.300283,5.772817,-0.4725333
665.3816,665.655,-0.2734,5.300283,5.751917,-0.4516333
665.3816,665.6551,-0.2735,5.300283,5.900317,-0.6000333
665.3816,665.6554,-0.27384,5.300283,5.866867,-0.5665833
665.3816,665.6557,-0.27407,5.300283,5.789533,-0.48925
665.3816,665.6558,-0.27421,5.300283,4.986883,0.3134
665.3816,665.6559,-0.27435,5.300283,5.53035,-0.2300667
665.3816,665.6561,-0.27449,5.300283,5.737283,-0.437
665.3816,665.6561,-0.2745,5.300283,5.51155,-0.2112667
665.3816,665.6561,-0.27451,5.300283,5.754,-0.4537167
665.3816,665.6563,-0.27467,5.300283,5.494817,-0.1945333
665.3816,665.6564,-0.27485,5.300283,5.741467,-0.4411833
665.3816,665.6565,-0.27488,5.300283,5.524083,-0.2238
665.3816,665.6565,-0.27491,5.300283,5.557533,-0.25725
665.3816,665.6566,-0.275,5.300283,5.46765,-0.1673667
665.3816,665.6566,-0.27501,5.300283,5.461383,-0.1611
665.3816,665.6566,-0.27504,5.300283,5.78745,-0.4871667
665.3816,665.6567,-0.27511,5.300283,5.444617,-0.1443333
665.3816,665.6568,-0.27523,5.300283,5.515717,-0.2154333
665.3816,665.6569,-0.2753,5.300283,4.968067,0.3322167
665.3816,665.6569,-0.27533,5.300283,5.996467,-0.6961833
665.3816,665.6571,-0.27552,5.300283,5.716383,-0.4161
665.3816,665.6571,-0.27553,5.300283,6.111417,-0.8111333
665.3816,665.6572,-0.27555,5.300283,5.856417,-0.5561333
665.3816,665.6572,-0.2756,5.300283,5.471833,-0.17155
665.3816,665.6572,-0.27563,5.300283,5.762367,-0.4620833
665.3816,665.6573,-0.27568,5.300283,5.499,-0.1987167
665.3816,665.6573,-0.2757,5.300283,5.5199,-0.2196167
665.3816,665.6573,-0.27573,5.300283,6.059167,-0.7588833
665.3816,665.6574,-0.27576,5.300283,5.507367,-0.2070833
665.3816,665.6574,-0.27582,5.300283,5.718467,-0.4181833
665.3816,665.6575,-0.2759,5.300283,5.728917,-0.4286333
665.3816,665.6576,-0.27601,5.300283,5.482283,-0.182
665.3816,665.6577,-0.27608,5.300283,4.97015,0.3301333
665.3816,665.6577,-0.2761,5.300283,4.9618,0.3384833
665.3816,665.6577,-0.27611,5.300283,6.109333,-0.80905
665.3816,665.6577,-0.27612,5.300283,5.528267,-0.2279833
665.3816,665.6577,-0.27615,5.300283,5.48855,-0.1882667
665.3816,665.6578,-0.27622,5.300283,5.7958,-0.4955167
665.3816,665.6578,-0.27622,5.300283,6.067517,-0.7672333
665.3816,665.6578,-0.27623,5.300283,5.576333,-0.27605
665.3816,665.6578,-0.27624,5.300283,5.72265,-0.4223667
665.3816,665.6579,-0.27625,5.300283,6.117733,-0.81745
665.3816,665.6579,-0.27626,5.300283,5.538717,-0.2384333
665.3816,665.6579,-0.27628,5.300283,5.53245,-0.2321667
665.3816,665.6579,-0.27631,5.300283,5.739367,-0.4390833
665.3816,665.6579,-0.27631,5.300283,5.875233,-0.57495
665.3816,665.6579,-0.27633,5.300283,5.50945,-0.2091667
665.3816,665.658,-0.27635,5.300283,6.172067,-0.8717833
665.3816,665.658,-0.27636,5.300283,5.536633,-0.23635
665.3816,665.658,-0.2764,5.300283,5.476017,-0.1757333
665.3816,665.658,-0.27641,5.300283,5.544983,-0.2447
665.3816,665.6581,-0.27645,5.300283,5.4802,-0.1799167
665.3816,665.6581,-0.27645,5.300283,5.735183,-0.4349
665.3816,665.6581,-0.27647,5.300283,5.5408,-0.2405167
665.3816,665.6581,-0.27649,5.300283,5.486467,-0.1861833
665.3816,665.6581,-0.27649,5.300283,5.590967,-0.2906833
665.3816,665.6581,-0.27651,5.300283,5.453017,-0.1527333
665.3816,665.6581,-0.27654,5.300283,5.720567,-0.4202833
665.3816,665.6581,-0.27655,5.300283,5.503183,-0.2029
665.3816,665.6581,-0.27655,5.300283,5.555433,-0.25515
665.3816,665.6582,-0.27656,5.300283,5.55335,-0.2530667
665.3816,665.6582,-0.27656,5.300283,5.747733,-0.44745
665.3816,665.6582,-0.2766,5.300283,5.473917,-0.1736333
665.3816,665.6582,-0.27661,5.300283,5.724733,-0.42445
665.3816,665.6584,-0.27677,5.300283,5.534533,-0.23425
665.3816,665.6584,-0.2768,5.300283,5.565883,-0.2656
665.3816,665.6584,-0.2768,5.300283,5.80625,-0.5059667
665.3816,665.6584,-0.27682,5.300283,5.63695,-0.3366667
665.3816,665.6585,-0.27688,5.300283,5.4572,-0.1569167
665.3816,665.6585,-0.27688,5.300283,5.799983,-0.4997
665.3816,665.6585,-0.27693,5.300283,5.522,-0.2217167
665.3816,665.6586,-0.27703,5.300283,5.6056,-0.3053167
665.3816,665.6586,-0.27705,5.300283,5.898217,-0.5979333
665.3816,665.6587,-0.27714,5.300283,5.580517,-0.2802333
665.3816,665.6588,-0.27715,5.300283,5.634867,-0.3345833
665.3816,665.6588,-0.2772,5.300283,5.484367,-0.1840833
665.3816,665.6588,-0.27724,5.300283,5.804167,-0.5038833
665.3816,665.6589,-0.27731,5.300283,5.455117,-0.1548333
665.3816,665.6589,-0.27733,5.300283,5.463467,-0.1631833
665.3816,665.659,-0.27744,5.300283,5.7561,-0.4558167
665.3816,665.659,-0.27745,5.300283,5.5011,-0.2008167
665.3816,665.6591,-0.27746,5.300283,5.63905,-0.3387667
665.3816,665.6591,-0.27747,5.300283,6.1156,-0.8153167
665.3816,665.6591,-0.27748,5.300283,5.578433,-0.27815
665.3816,665.6591,-0.2775,5.300283,6.107233,-0.80695
665.3816,665.6591,-0.27755,5.300283,6.065433,-0.76515
665.3816,665.6592,-0.27761,5.300283,6.057067,-0.7567833
665.3816,665.6593,-0.27765,5.300283,5.91495,-0.6146667
665.3816,665.6593,-0.27767,5.300283,5.603517,-0.3032333
665.3816,665.6593,-0.2777,5.300283,5.641133,-0.34085
665.3816,665.6594,-0.27778,5.300283,5.74355,-0.4432667
665.3816,665.6594,-0.27785,5.300283,5.572167,-0.2718833
665.3816,665.6595,-0.27786,5.300283,5.588883,-0.2886
665.3816,665.6595,-0.27788,5.300283,5.630683,-0.3304
665.3816,665.6595,-0.27794,5.300283,6.01945,-0.7191667
665.3816,665.6595,-0.27794,5.300283,6.0947,-0.7944167
665.3816,665.6596,-0.27796,5.300283,4.957617,0.3426667
665.3816,665.6596,-0.27798,5.300283,5.61605,-0.3157667
665.3816,665.6596,-0.27799,5.300283,5.95675,-0.6564667
665.3816,665.6596,-0.27804,5.300283,5.549167,-0.2488833
665.3816,665.6597,-0.2781,5.300283,5.517817,-0.2175333
665.3816,665.6597,-0.27811,5.300283,5.745633,-0.44535
665.3816,665.6597,-0.27812,5.300283,5.46975,-0.1694667
665.3816,665.6598,-0.27815,5.300283,5.8815,-0.5812167
665.3816,665.6598,-0.27817,5.300283,5.9442,-0.6439167
665.3816,665.6598,-0.2782,5.300283,5.586783,-0.2865
665.3816,665.6598,-0.27823,5.300283,5.59515,-0.2948667
665.3816,665.6599,-0.27826,5.300283,5.459283,-0.159
665.3816,665.6599,-0.27827,5.300283,5.567983,-0.2677
665.3816,665.6599,-0.27827,5.300283,5.6474,-0.3471167
665.3816,665.6599,-0.27833,5.300283,6.10515,-0.8048667
665.3816,665.6599,-0.27835,5.300283,5.4781,-0.1778167
665.3816,665.6599,-0.27835,5.300283,5.868967,-0.5686833
665.3816,665.6599,-0.27835,5.300283,6.08215,-0.7818667
665.3816,665.66,-0.27838,5.300283,5.89405,-0.5937667
665.3816,665.66,-0.27839,5.300283,5.526183,-0.2259
665.3816,665.66,-0.27844,5.300283,5.465567,-0.1652833
665.3816,665.6601,-0.27849,5.300283,5.697567,-0.3972833
665.3816,665.6601,-0.27852,5.300283,5.76445,-0.4641667
665.3816,665.6601,-0.27853,5.300283,5.6683,-0.3680167
665.3816,665.6601,-0.27854,5.300283,5.653667,-0.3533833
665.3816,665.6602,-0.2786,5.300283,5.570067,-0.2697833
665.3816,665.6602,-0.27861,5.300283,5.726833,-0.42655
665.3816,665.6602,-0.27863,5.300283,5.7331,-0.4328167
665.3816,665.6602,-0.27863,5.300283,5.879417,-0.5791333
665.3816,665.6603,-0.27873,5.300283,5.963017,-0.6627333
665.3816,665.6603,-0.27874,5.300283,5.450933,-0.15065
665.3816,665.6604,-0.27876,5.300283,5.632767,-0.3324833
665.3816,665.6605,-0.27886,5.300283,5.5617,-0.2614167
665.3816,665.6605,-0.27895,5.300283,5.78535,-0.4850667
665.3816,665.6606,-0.27896,5.300283,5.57425,-0.2739667
665.3816,665.6606,-0.27897,5.300283,5.4488,-0.1485167
665.3816,665.6606,-0.27899,5.300283,5.4258,-0.1255167
665.3816,665.6606,-0.27904,5.300283,5.9024,-0.6021167
665.3816,665.6607,-0.27907,5.300283,5.622317,-0.3220333
665.3816,665.6607,-0.27908,5.300283,5.599333,-0.29905
665.3816,665.6607,-0.27908,5.300283,5.908667,-0.6083833
665.3816,665.6607,-0.2791,5.300283,5.5429,-0.2426167
665.3816,665.6607,-0.27912,5.300283,5.513633,-0.21335
665.3816,665.6607,-0.27912,5.300283,5.55125,-0.2509667
665.3816,665.6607,-0.27912,5.300283,5.779083,-0.4788
665.3816,665.6607,-0.27914,5.300283,5.662033,-0.36175
665.3816,665.6609,-0.27931,5.300283,5.674583,-0.3743
665.3816,665.6609,-0.27931,5.300283,5.682933,-0.38265
665.3816,665.6609,-0.27932,5.300283,5.760267,-0.4599833
665.3816,665.6609,-0.27932,5.300283,5.9672,-0.6669167
665.3816,665.6609,-0.27933,5.300283,5.6495,-0.3492167
665.3816,665.6609,-0.27935,5.300283,5.664133,-0.36385
665.3816,665.661,-0.27937,5.300283,5.731017,-0.4307333
665.3816,665.661,-0.27941,5.300283,5.9045,-0.6042167
665.3816,665.6611,-0.27946,5.300283,6.128183,-0.8279
665.3816,665.6611,-0.27948,5.300283,5.505267,-0.2049833
665.3816,665.6611,-0.27953,5.300283,5.582617,-0.2823333
665.3816,665.6611,-0.27953,5.300283,5.620233,-0.31995
665.3816,665.6611,-0.27953,5.300283,6.161617,-0.8613333
665.3816,665.6612,-0.27961,5.300283,5.981833,-0.68155
665.3816,665.6612,-0.27961,5.300283,6.088433,-0.78815
665.3816,665.6612,-0.27962,5.300283,6.174167,-0.8738833
665.3816,665.6612,-0.27965,5.300283,6.169983,-0.8697
665.3816,665.6614,-0.27977,5.300283,5.710117,-0.4098333
665.3816,665.6614,-0.27981,5.300283,5.714283,-0.414
665.3816,665.6615,-0.27988,5.300283,5.49065,-0.1903667
665.3816,665.6615,-0.27988,5.300283,6.0738,-0.7735167
665.3816,665.6616,-0.27997,5.300283,6.08425,-0.7839667
665.3816,665.6616,-0.27998,5.300283,5.68085,-0.3805667
665.3816,665.6616,-0.27999,5.300283,6.126083,-0.8258
665.3816,665.6616,-0.28003,5.300283,5.643217,-0.3429333
665.3816,665.6616,-0.28004,5.300283,5.862683,-0.5624
665.3816,665.6617,-0.28006,5.300283,5.708017,-0.4077333
665.3816,665.6617,-0.28007,5.300283,5.906583,-0.6063
665.3816,665.6617,-0.28011,5.300283,5.896133,-0.59585
665.3816,665.6617,-0.28015,5.300283,5.992283,-0.692
665.3816,665.6618,-0.28019,5.300283,6.044533,-0.74425
665.3816,665.6618,-0.28019,5.300283,6.1135,-0.8132167
665.3816,665.6618,-0.28021,5.300283,5.655767,-0.3554833
665.3816,665.6618,-0.28021,5.300283,5.929567,-0.6292833
665.3816,665.6619,-0.28028,5.300283,6.090517,-0.7902333
665.3816,665.6619,-0.28029,5.300283,5.6913,-0.3910167
665.3816,665.6619,-0.2803,5.300283,6.077983,-0.7777
665.3816,665.6619,-0.28031,5.300283,5.492733,-0.19245
665.3816,665.6619,-0.28032,5.300283,5.783267,-0.4829833
665.3816,665.662,-0.28041,5.300283,5.76655,-0.4662667
665.3816,665.662,-0.28044,5.300283,5.6704,-0.3701167
665.3816,665.6621,-0.28049,5.300283,4.974333,0.32595
665.3816,665.6621,-0.28051,5.300283,5.693383,-0.3931
665.3816,665.6621,-0.28053,5.300283,6.086333,-0.78605
665.3816,665.6623,-0.28066,5.300283,5.65995,-0.3596667
665.3816,665.6623,-0.28067,5.300283,6.004817,-0.7045333
665.3816,665.6623,-0.28069,5.300283,4.978517,0.3217667
665.3816,665.6623,-0.28072,5.300283,5.695483,-0.3952
665.3816,665.6623,-0.28072,5.300283,5.91285,-0.6125667
665.3816,665.6624,-0.28077,5.300283,5.6286,-0.3283167
665.3816,665.6624,-0.28078,5.300283,5.67875,-0.3784667
665.3816,665.6624,-0.28078,5.300283,5.687117,-0.3868333
665.3816,665.6624,-0.28079,5.300283,6.0717,-0.7714167
665.3816,665.6625,-0.2809,5.300283,5.609783,-0.3095
665.3816,665.6626,-0.281,5.300283,6.096783,-0.7965
665.3816,665.6626,-0.28101,5.300283,5.666217,-0.3659333
665.3816,665.6626,-0.28102,5.300283,5.705933,-0.40565
665.3816,665.6626,-0.28104,5.300283,5.597233,-0.29695
665.3816,665.6626,-0.28105,5.300283,6.002733,-0.70245
665.3816,665.6627,-0.28111,5.300283,5.496917,-0.1966333
665.3816,665.6627,-0.28111,5.300283,6.013183,-0.7129
665.3816,665.6627,-0.28113,5.300283,5.672483,-0.3722
665.3816,665.6627,-0.28114,5.300283,5.89195,-0.5916667
665.3816,665.6627,-0.28115,5.300283,5.6265,-0.3262167
665.3816,665.6628,-0.28122,5.300283,5.559617,-0.2593333
665.3816,665.6629,-0.28126,5.300283,5.43835,-0.1380667
665.3816,665.6629,-0.28127,5.300283,5.547083,-0.2468
665.3816,665.6629,-0.2813,5.300283,5.5847,-0.2844167
665.3816,665.6629,-0.28134,5.300283,5.927483,-0.6272
665.3816,665.663,-0.28141,5.300283,5.973467,-0.6731833
665.3816,665.663,-0.28143,5.300283,6.10305,-0.8027667
665.3816,665.6631,-0.28148,5.300283,5.65785,-0.3575667
665.3816,665.6631,-0.28149,5.300283,5.685033,-0.38475
665.3816,665.6632,-0.28159,5.300283,5.87105,-0.5707667
665.3816,665.6632,-0.28159,5.300283,5.994367,-0.6940833
665.3816,665.6633,-0.28166,5.300283,5.6892,-0.3889167
665.3816,665.6633,-0.28174,5.300283,5.703833,-0.40355
665.3816,665.6634,-0.28183,5.300283,5.593067,-0.2927833
665.3816,665.6634,-0.28184,5.300283,4.963883,0.3364
665.3816,665.6635,-0.28187,5.300283,5.651583,-0.3513
665.3816,665.6635,-0.28191,5.300283,5.69965,-0.3993667
665.3816,665.6636,-0.28198,5.300283,6.119817,-0.8195333
665.3816,665.6636,-0.28202,5.300283,5.676667,-0.3763833
665.3816,665.6636,-0.28205,5.300283,5.9881,-0.6878167
665.3816,665.6637,-0.28207,5.300283,6.132367,-0.8320833
665.3816,665.6637,-0.28211,5.300283,5.7122,-0.4119167
665.3816,665.6637,-0.28213,5.300283,5.611867,-0.3115833
665.3816,665.6638,-0.28215,5.300283,5.835517,-0.5352333
665.3816,665.6639,-0.28226,5.300283,5.645317,-0.3450333
665.3816,665.6639,-0.28228,5.300283,6.098883,-0.7986
665.3816,665.664,-0.28241,5.300283,6.009,-0.7087167
665.3816,665.664,-0.28244,5.300283,6.06335,-0.7630667
665.3816,665.6641,-0.28253,5.300283,5.607683,-0.3074
665.3816,665.6643,-0.28267,5.300283,5.793717,-0.4934333
665.3816,665.6644,-0.28284,5.300283,6.069617,-0.7693333
665.3816,665.6644,-0.28285,5.300283,5.5638,-0.2635167
665.3816,665.6646,-0.28303,5.300283,5.887767,-0.5874833
665.3816,665.6647,-0.28306,5.300283,5.61815,-0.3178667
665.3816,665.6649,-0.2833,5.300283,5.70175,-0.4014667
665.3816,665.6649,-0.28332,5.300283,6.100967,-0.8006833
665.3816,665.665,-0.28343,5.300283,5.948383,-0.6481
665.3816,665.6651,-0.28346,5.300283,5.843883,-0.5436
665.3816,665.6651,-0.28347,5.300283,6.0926,-0.7923167
665.3816,665.6653,-0.28366,5.300283,5.812533,-0.51225
665.3816,665.6653,-0.28369,5.300283,6.054983,-0.7547
665.3816,665.6653,-0.2837,5.300283,5.624417,-0.3241333
665.3816,665.6654,-0.2838,5.300283,4.965967,0.3343167
665.3816,665.6655,-0.28386,5.300283,5.613967,-0.3136833
665.3816,665.6661,-0.28451,5.300283,5.601417,-0.3011333
665.3816,665.6662,-0.28455,5.300283,6.075883,-0.7756
665.3816,665.6665,-0.28486,5.300283,5.979733,-0.67945
665.3816,665.6667,-0.28505,5.300283,5.8397,-0.5394167
665.3816,665.6672,-0.28557,5.300283,6.080067,-0.7797833
665.3816,665.6676,-0.28598,5.300283,5.877317,-0.5770333
665.3816,665.6689,-0.28734,5.300283,5.983917,-0.6836333
665.3816,665.7039,-0.32231,5.300283,5.634867,-0.3345833
665.3816,665.7244,-0.34282,5.300283,5.557533,-0.25725
665.3816,665.7738,-0.39224,5.300283,4.625233,0.67505
665.3816,665.7772,-0.39565,5.300283,4.658683,0.6416
665.3816,665.7774,-0.39576,5.300283,4.683767,0.6165167
665.3816,665.7775,-0.39589,5.300283,4.679583,0.6207
665.3816,665.7782,-0.39657,5.300283,4.6566,0.6436833
665.3816,665.7782,-0.39662,5.300283,4.694217,0.6060667
665.3816,665.7785,-0.39687,5.300283,4.6754,0.6248833
665.3816,665.7797,-0.3981,5.300283,4.64405,0.6562333
665.3816,665.7799,-0.3983,5.300283,4.68795,0.6123333
665.3816,665.78,-0.39842,5.300283,4.68585,0.6144333
665.3816,665.7813,-0.39967,5.300283,4.6545,0.6457833
665.3816,665.7817,-0.40005,5.300283,4.6984,0.6018833
665.3816,665.7819,-0.40026,5.300283,4.660767,0.6395167
665.3816,665.783,-0.40137,5.300283,4.702583,0.5977
665.3816,665.7839,-0.40229,5.300283,4.690033,0.61025
665.3816,665.7842,-0.40256,5.300283,4.669133,0.63115
665.3816,665.7846,-0.40299,5.300283,4.710933,0.58935
665.3816,665.7848,-0.40316,5.300283,4.650317,0.6499667
665.3816,665.7912,-0.40962,5.300283,4.566717,0.7335667
665.3816,665.7937,-0.41213,5.300283,4.6336,0.6666833
665.3816,665.8076,-0.42605,5.300283,4.618967,0.6813167
665.3816,665.8122,-0.43065,5.300283,4.53745,0.7628333
665.3816,665.8144,-0.43281,5.300283,4.646133,0.65415
665.3816,665.8166,-0.43496,5.300283,4.621067,0.6792167
665.3816,665.8179,-0.43626,5.300283,4.535367,0.7649167
665.3816,665.8179,-0.43626,5.300283,4.554167,0.7461167
665.3816,665.8205,-0.43891,5.300283,4.882367,0.4179167
665.3816,665.8207,-0.43913,5.300283,4.5479,0.7523833
665.3816,665.8207,-0.43915,5.300283,4.531183,0.7691
665.3816,665.821,-0.4394,5.300283,4.610617,0.6896667
665.3816,665.8215,-0.43993,5.300283,4.861467,0.4388167
665.3816,665.8216,-0.43997,5.300283,4.504017,0.7962667
665.3816,665.8216,-0.44002,5.300283,4.414133,0.88615
665.3816,665.8223,-0.44071,5.300283,4.871917,0.4283667
665.3816,665.8229,-0.44131,5.300283,4.405767,0.8945167
665.3816,665.8236,-0.44201,5.300283,4.6127,0.6875833
665.3816,665.8237,-0.44208,5.300283,4.4016,0.8986833
665.3816,665.8238,-0.44218,5.300283,4.512367,0.7879167
665.3816,665.8239,-0.44226,5.300283,4.595983,0.7043
665.3816,665.8241,-0.44245,5.300283,4.556267,0.7440167
665.3816,665.8241,-0.44247,5.300283,4.629417,0.6708667
665.3816,665.8242,-0.44258,5.300283,4.60015,0.7001333
665.3816,665.8244,-0.4428,5.300283,4.476833,0.82345
665.3816,665.8246,-0.44296,5.300283,4.424583,0.8757
665.3816,665.8246,-0.44302,5.300283,4.49565,0.8046333
665.3816,665.8249,-0.44332,5.300283,4.752733,0.54755
665.3816,665.8251,-0.44346,5.300283,4.40995,0.8903333
665.3816,665.8253,-0.44371,5.300283,4.8761,0.4241833
665.3816,665.8254,-0.44383,5.300283,4.545817,0.7544667
665.3816,665.8255,-0.44385,5.300283,4.60225,0.6980333
665.3816,665.8255,-0.4439,5.300283,4.522817,0.7774667
665.3816,665.8256,-0.44396,5.300283,4.639867,0.6604167
665.3816,665.8257,-0.44415,5.300283,4.5918,0.7084833
665.3816,665.8258,-0.44419,5.300283,4.407867,0.8924167
665.3816,665.826,-0.44443,5.300283,4.4434,0.8568833
665.3816,665.8261,-0.44452,5.300283,4.403683,0.8966
665.3816,665.8263,-0.44469,5.300283,4.869833,0.43045
665.3816,665.8263,-0.4447,5.300283,4.4204,0.8798833
665.3816,665.8263,-0.44471,5.300283,4.458033,0.84225
665.3816,665.8263,-0.44473,5.300283,4.5709,0.7293833
665.3816,665.8265,-0.44488,5.300283,4.86355,0.4367333
665.3816,665.8266,-0.44501,5.300283,4.4225,0.8777833
665.3816,665.8267,-0.44513,5.300283,4.608517,0.6917667
665.3816,665.8268,-0.44519,5.300283,4.575083,0.7252
665.3816,665.8268,-0.44519,5.300283,4.746467,0.5538167
665.3816,665.8269,-0.44526,5.300283,4.41205,0.8882333
665.3816,665.827,-0.44538,5.300283,4.848933,0.45135
665.3816,665.827,-0.44545,5.300283,4.5061,0.7941833
665.3816,665.8271,-0.44547,5.300283,4.614783,0.6855
665.3816,665.8271,-0.44554,5.300283,4.562533,0.73775
665.3816,665.8272,-0.44558,5.300283,4.58135,0.7189333
665.3816,665.8273,-0.44573,5.300283,4.55835,0.7419333
665.3816,665.8274,-0.44575,5.300283,4.426683,0.8736
665.3816,665.8276,-0.44597,5.300283,4.437133,0.86315
665.3816,665.8276,-0.44602,5.300283,4.43085,0.8694333
665.3816,665.8277,-0.4461,5.300283,4.45385,0.8464333
665.3816,665.8277,-0.44611,5.300283,4.418317,0.8819667
665.3816,665.8278,-0.44616,5.300283,4.439217,0.8610667
665.3816,665.8278,-0.44622,5.300283,4.572983,0.7273
665.3816,665.8279,-0.44626,5.300283,4.428767,0.8715167
665.3816,665.8279,-0.44628,5.300283,4.587617,0.7126667
665.3816,665.8281,-0.44648,5.300283,4.7611,0.5391833
665.3816,665.8281,-0.44649,5.300283,4.47475,0.8255333
665.3816,665.8283,-0.44666,5.300283,4.455933,0.84435
665.3816,665.8284,-0.44675,5.300283,4.55,0.7502833
665.3816,665.8284,-0.44681,5.300283,4.5897,0.7105833
665.3816,665.8284,-0.44682,5.300283,4.846833,0.45345
665.3816,665.8285,-0.44692,5.300283,4.4622,0.8380833
665.3816,665.8285,-0.44694,5.300283,4.775733,0.52455
665.3816,665.8286,-0.44697,5.300283,4.552083,0.7482
665.3816,665.8286,-0.44699,5.300283,4.449667,0.8506167
665.3816,665.8286,-0.44704,5.300283,4.43295,0.8673333
665.3816,665.8288,-0.44721,5.300283,4.541633,0.75865
665.3816,665.8288,-0.44722,5.300283,4.857283,0.443
665.3816,665.8289,-0.44726,5.300283,4.577167,0.7231167
665.3816,665.8289,-0.44728,5.300283,4.56045,0.7398333
665.3816,665.8289,-0.4473,5.300283,4.491467,0.8088167
665.3816,665.8289,-0.4473,5.300283,4.859383,0.4409
665.3816,665.829,-0.44739,5.300283,4.445483,0.8548
665.3816,665.829,-0.44739,5.300283,5.9442,-0.6439167
665.3816,665.829,-0.4474,5.300283,4.4643,0.8359833
665.3816,665.8291,-0.44749,5.300283,6.038267,-0.7379833
665.3816,665.8291,-0.44753,5.300283,4.472667,0.8276167
665.3816,665.8291,-0.44754,5.300283,4.45175,0.8485333
665.3816,665.8292,-0.44755,5.300283,4.4413,0.8589833
665.3816,665.8292,-0.44759,5.300283,5.921217,-0.6209333
665.3816,665.8292,-0.4476,5.300283,4.593883,0.7064
665.3816,665.8292,-0.44764,5.300283,4.72765,0.5726333
665.3816,665.8292,-0.44764,5.300283,5.986017,-0.6857333
665.3816,665.8293,-0.44765,5.300283,4.8531,0.4471833
665.3816,665.8293,-0.44766,5.300283,4.637783,0.6625
665.3816,665.8293,-0.44774,5.300283,4.744383,0.5559
665.3816,665.8293,-0.44775,5.300283,4.585533,0.71475
665.3816,665.8294,-0.44781,5.300283,4.468483,0.8318
665.3816,665.8295,-0.44786,5.300283,6.17625,-0.8759667
665.3816,665.8295,-0.44794,5.300283,4.520733,0.77955
665.3816,665.8296,-0.44796,5.300283,4.497733,0.80255
665.3816,665.8296,-0.44797,5.300283,4.890733,0.40955
665.3816,665.8296,-0.44803,5.300283,4.604333,0.69595
665.3816,665.8297,-0.44805,5.300283,4.851017,0.4492667
665.3816,665.8297,-0.44807,5.300283,4.892817,0.4074667
665.3816,665.8297,-0.44809,5.300283,6.009,-0.7087167
665.3816,665.8297,-0.44814,5.300283,4.625233,0.67505
665.3816,665.8297,-0.44814,5.300283,4.7402,0.5600833
665.3816,665.8298,-0.44816,5.300283,4.416217,0.8840667
665.3816,665.8298,-0.44821,5.300283,4.514467,0.7858167
665.3816,665.8298,-0.44823,5.300283,4.57925,0.7210333
665.3816,665.8298,-0.44825,5.300283,4.447583,0.8527
665.3816,665.8299,-0.44827,5.300283,6.011083,-0.7108
665.3816,665.8299,-0.44828,5.300283,5.09975,0.2005333
665.3816,665.8299,-0.44832,5.300283,4.483117,0.8171667
665.3816,665.8299,-0.44833,5.300283,4.903267,0.3970167
665.3816,665.83,-0.44836,5.300283,4.731833,0.56845
665.3816,665.83,-0.44839,5.300283,4.460117,0.8401667
665.3816,665.83,-0.4484,5.300283,4.631517,0.6687667
665.3816,665.8301,-0.44851,5.300283,4.466383,0.8339
665.3816,665.8301,-0.44854,5.300283,4.82385,0.4764333
665.3816,665.8302,-0.44859,5.300283,4.481017,0.8192667
665.3816,665.8302,-0.44863,5.300283,4.5688,0.7314833
665.3816,665.8302,-0.44864,5.300283,4.88445,0.4158333
665.3816,665.8303,-0.44868,5.300283,6.075883,-0.7756
665.3816,665.8303,-0.44872,5.300283,4.478933,0.82135
665.3816,665.8303,-0.44873,5.300283,5.973467,-0.6731833
665.3816,665.8303,-0.44874,5.300283,6.017367,-0.7170833
665.3816,665.8304,-0.44877,5.300283,4.911633,0.38865
665.3816,665.8304,-0.44877,5.300283,5.99855,-0.6982667
665.3816,665.8304,-0.44878,5.300283,4.499833,0.80045
665.3816,665.8304,-0.44879,5.300283,4.4852,0.8150833
665.3816,665.8304,-0.44883,5.300283,4.736017,0.5642667
665.3816,665.8304,-0.44883,5.300283,5.494817,-0.1945333
665.3816,665.8304,-0.44883,5.300283,6.025717,-0.7254333
665.3816,665.8305,-0.44886,5.300283,5.03495,0.2653333
665.3816,665.8305,-0.44891,5.300283,4.5291,0.7711833
665.3816,665.8305,-0.44893,5.300283,5.937933,-0.63765
665.3816,665.8305,-0.44894,5.300283,4.77155,0.5287333
665.3816,665.8305,-0.44894,5.300283,5.952567,-0.6522833
665.3816,665.8306,-0.44895,5.300283,6.19715,-0.8968667
665.3816,665.8306,-0.44896,5.300283,4.564633,0.73565
665.3816,665.8306,-0.44897,5.300283,4.470567,0.8297167
665.3816,665.8306,-0.44904,5.300283,5.047483,0.2528
665.3816,665.8307,-0.44908,5.300283,4.825933,0.47435
665.3816,665.8307,-0.44908,5.300283,5.049583,0.2507
665.3816,665.8307,-0.4491,5.300283,4.888633,0.41165
665.3816,665.8307,-0.4491,5.300283,5.95465,-0.6543667
665.3816,665.8307,-0.44911,5.300283,5.101833,0.19845
665.3816,665.8307,-0.44913,5.300283,4.527,0.7732833
665.3816,665.8307,-0.44913,5.300283,6.034083,-0.7338
665.3816,665.8307,-0.44914,5.300283,5.46765,-0.1673667
665.3816,665.8308,-0.44917,5.300283,4.733933,0.56635
665.3816,665.8308,-0.44918,5.300283,5.028683,0.2716
665.3816,665.8308,-0.44918,5.300283,5.4049,-0.1046167
665.3816,665.8308,-0.44922,5.300283,5.4572,-0.1569167
665.3816,665.8308,-0.44922,5.300283,5.93375,-0.6334667
665.3816,665.8308,-0.44923,5.300283,5.95675,-0.6564667
665.3816,665.8309,-0.44925,5.300283,4.7381,0.5621833
665.3816,665.8309,-0.44927,5.300283,4.51865,0.7816333
665.3816,665.8309,-0.44929,5.300283,6.027817,-0.7275333
665.3816,665.8309,-0.44931,5.300283,4.435033,0.86525
665.3816,665.8309,-0.44931,5.300283,4.62315,0.6771333
665.3816,665.8309,-0.44931,5.300283,6.06335,-0.7630667
665.3816,665.8309,-0.44934,5.300283,5.929567,-0.6292833
665.3816,665.831,-0.44937,5.300283,4.53955,0.7607333
665.3816,665.831,-0.44941,5.300283,5.057933,0.24235
665.3816,665.831,-0.44941,5.300283,6.1888,-0.8885167
665.3816,665.8311,-0.44945,5.300283,6.048717,-0.7484333
665.3816,665.8311,-0.44946,5.300283,5.01195,0.2883333
665.3816,665.8311,-0.4495,5.300283,5.0872,0.2130833
665.3816,665.8311,-0.44952,5.300283,5.950483,-0.6502
665.3816,665.8311,-0.44954,5.300283,5.461383,-0.1611
665.3816,665.8311,-0.44955,5.300283,5.026583,0.2737
665.3816,665.8311,-0.44955,5.300283,5.030767,0.2695167
665.3816,665.8311,-0.44955,5.300283,6.119817,-0.8195333
665.3816,665.8312,-0.44958,5.300283,4.598067,0.7022167
665.3816,665.8312,-0.44959,5.300283,5.09765,0.2026333
665.3816,665.8312,-0.4496,5.300283,5.49065,-0.1903667
665.3816,665.8312,-0.4496,5.300283,5.931667,-0.6313833
665.3816,665.8312,-0.44962,5.300283,6.1449,-0.8446167
665.3816,665.8313,-0.44967,5.300283,6.046617,-0.7463333
665.3816,665.8313,-0.44967,5.300283,6.067517,-0.7672333
665.3816,665.8313,-0.44968,5.300283,5.833433,-0.53315
665.3816,665.8313,-0.4497,5.300283,5.0224,0.2778833
665.3816,665.8313,-0.44972,5.300283,5.459283,-0.159
665.3816,665.8313,-0.44972,5.300283,5.476017,-0.1757333
665.3816,665.8313,-0.44972,5.300283,5.515717,-0.2154333
665.3816,665.8313,-0.44973,5.300283,4.487283,0.813
665.3816,665.8313,-0.44973,5.300283,4.8343,0.4659833
665.3816,665.8313,-0.44973,5.300283,5.862683,-0.5624
665.3816,665.8313,-0.44974,5.300283,6.015267,-0.7149833
665.3816,665.8314,-0.44975,5.300283,4.784133,0.51615
665.3816,665.8314,-0.44975,5.300283,5.039133,0.26115
665.3816,665.8314,-0.44975,5.300283,5.4258,-0.1255167
665.3816,665.8314,-0.44975,5.300283,6.132367,-0.8320833
665.3816,665.8314,-0.44975,5.300283,6.1867,-0.8864167
665.3816,665.8314,-0.44976,5.300283,5.0245,0.2757833
665.3816,665.8314,-0.44977,5.300283,5.450933,-0.15065
665.3816,665.8314,-0.44978,5.300283,4.759017,0.5412667
665.3816,665.8314,-0.44978,5.300283,5.948383,-0.6481
665.3816,665.8314,-0.44981,5.300283,6.054983,-0.7547
665.3816,665.8314,-0.44983,5.300283,5.020317,0.2799667
665.3816,665.8314,-0.44983,5.300283,5.037033,0.26325
665.3816,665.8314,-0.44984,5.300283,4.763183,0.5371
665.3816,665.8315,-0.44986,5.300283,5.482283,-0.182
665.3816,665.8315,-0.44986,5.300283,5.9672,-0.6669167
665.3816,665.8315,-0.44987,5.300283,5.440433,-0.14015
665.3816,665.8315,-0.44987,5.300283,5.97555,-0.6752667
665.3816,665.8315,-0.44989,5.300283,5.064217,0.2360667
665.3816,665.8315,-0.44989,5.300283,5.465567,-0.1652833
665.3816,665.8315,-0.44989,5.300283,5.674583,-0.3743
665.3816,665.8315,-0.4499,5.300283,5.07885,0.2214333
665.3816,665.8315,-0.44991,5.300283,5.9254,-0.6251167
665.3816,665.8315,-0.44991,5.300283,6.0508,-0.7505167
665.3816,665.8315,-0.44992,5.300283,5.4467,-0.1464167
665.3816,665.8315,-0.44993,5.300283,5.421633,-0.12135
665.3816,665.8315,-0.44994,5.300283,4.894917,0.4053667
665.3816,665.8315,-0.44994,5.300283,5.41535,-0.1150667
665.3816,665.8315,-0.44995,5.300283,5.041217,0.2590667
665.3816,665.8315,-0.44995,5.300283,5.407,-0.1067167
665.3816,665.8315,-0.44995,5.300283,6.057067,-0.7567833
665.3816,665.8316,-0.44997,5.300283,5.112283,0.188
665.3816,665.8316,-0.44997,5.300283,5.59515,-0.2948667
665.3816,665.8316,-0.44997,5.300283,5.958833,-0.65855
665.3816,665.8316,-0.44999,5.300283,5.423717,-0.1234333
665.3816,665.8316,-0.44999,5.300283,5.810433,-0.51015
665.3816,665.8316,-0.45,5.300283,5.9463,-0.6460167
665.3816,665.8316,-0.45,5.300283,5.963017,-0.6627333
665.3816,665.8316,-0.45001,5.300283,4.754833,0.54545
665.3816,665.8316,-0.45002,5.300283,5.413267,-0.1129833
665.3816,665.8316,-0.45002,5.300283,5.442533,-0.14225
665.3816,665.8316,-0.45003,5.300283,6.0738,-0.7735167
665.3816,665.8316,-0.45003,5.300283,6.100967,-0.8006833
665.3816,665.8316,-0.45004,5.300283,5.662033,-0.36175
665.3816,665.8316,-0.45004,5.300283,6.151167,-0.8508833
665.3816,665.8316,-0.45005,5.300283,5.1081,0.1921833
665.3816,665.8316,-0.45005,5.300283,6.000633,-0.70035
665.3816,665.8316,-0.45005,5.300283,6.157433,-0.85715
665.3816,665.8317,-0.45006,5.300283,5.106017,0.1942667
665.3816,665.8317,-0.45006,5.300283,5.703833,-0.40355
665.3816,665.8317,-0.45008,5.300283,4.583433,0.71685
665.3816,665.8317,-0.45008,5.300283,6.0299,-0.7296167
665.3816,665.8317,-0.45008,5.300283,6.182517,-0.8822333
665.3816,665.8317,-0.4501,5.300283,4.713033,0.58725
665.3816,665.8317,-0.45012,5.300283,5.65995,-0.3596667
665.3816,665.8317,-0.45014,5.300283,5.74355,-0.4432667
665.3816,665.8318,-0.45015,5.300283,5.927483,-0.6272
665.3816,665.8318,-0.45015,5.300283,6.013183,-0.7129
665.3816,665.8318,-0.45016,5.300283,5.82925,-0.5289667
665.3816,665.8318,-0.45018,5.300283,5.402817,-0.1025333
665.3816,665.8318,-0.45018,5.300283,5.4488,-0.1485167
665.3816,665.8318,-0.45018,5.300283,5.762367,-0.4620833
665.3816,665.8318,-0.45018,5.300283,6.136533,-0.83625
665.3816,665.8318,-0.45019,5.300283,5.072567,0.2277167
665.3816,665.8318,-0.45019,5.300283,5.578433,-0.27815
665.3816,665.8318,-0.4502,5.300283,4.8113,0.4889833
665.3816,665.8318,-0.45022,5.300283,5.576333,-0.27605
665.3816,665.8318,-0.45024,5.300283,5.051667,0.2486167
665.3816,665.8318,-0.45024,5.300283,5.601417,-0.3011333
665.3816,665.8319,-0.45025,5.300283,4.899083,0.4012
665.3816,665.8319,-0.45026,5.300283,4.84475,0.4555333
665.3816,665.8319,-0.45027,5.300283,5.643217,-0.3429333
665.3816,665.8319,-0.45027,5.300283,6.059167,-0.7588833
665.3816,665.8319,-0.45029,5.300283,5.01405,0.2862333
665.3816,665.8319,-0.45029,5.300283,5.0454,0.2548833
665.3816,665.8319,-0.45029,5.300283,5.6683,-0.3680167
665.3816,665.8319,-0.45029,5.300283,5.741467,-0.4411833
665.3816,665.8319,-0.45031,5.300283,5.411183,-0.1109
665.3816,665.8319,-0.45032,5.300283,5.749817,-0.4495333
665.3816,665.8319,-0.45032,5.300283,5.76445,-0.4641667
665.3816,665.8319,-0.45033,5.300283,5.43835,-0.1380667
665.3816,665.8319,-0.45033,5.300283,5.7561,-0.4558167
665.3816,665.8319,-0.45034,5.300283,5.942117,-0.6418333
665.3816,665.832,-0.45035,5.300283,5.434167,-0.1338833
665.3816,665.832,-0.45036,5.300283,5.005683,0.2946
665.3816,665.832,-0.45037,5.300283,5.429983,-0.1297
665.3816,665.832,-0.45037,5.300283,5.695483,-0.3952
665.3816,665.832,-0.45037,5.300283,5.845967,-0.5456833
665.3816,665.832,-0.45038,5.300283,5.5847,-0.2844167
665.3816,665.832,-0.45038,5.300283,5.735183,-0.4349
665.3816,665.832,-0.45039,5.300283,5.018233,0.28205
665.3816,665.832,-0.45039,5.300283,5.632767,-0.3324833
665.3816,665.832,-0.4504,5.300283,4.489383,0.8109
665.3816,665.832,-0.4504,5.300283,5.444617,-0.1443333
665.3816,665.832,-0.4504,5.300283,5.6913,-0.3910167
665.3816,665.832,-0.45041,5.300283,5.53245,-0.2321667
665.3816,665.832,-0.45041,5.300283,5.547083,-0.2468
665.3816,665.832,-0.45043,5.300283,5.6265,-0.3262167
665.3816,665.832,-0.45044,5.300283,5.0036,0.2966833
665.3816,665.832,-0.45044,5.300283,5.557533,-0.25725
665.3816,665.832,-0.45044,5.300283,5.580517,-0.2802333
665.3816,665.832,-0.45045,5.300283,5.622317,-0.3220333
665.3816,665.832,-0.45045,5.300283,5.87105,-0.5707667
665.3816,665.8321,-0.45046,5.300283,5.409083,-0.1088
665.3816,665.8321,-0.45046,5.300283,5.590967,-0.2906833
665.3816,665.8321,-0.45046,5.300283,5.82715,-0.5268667
665.3816,665.8321,-0.45047,5.300283,5.400717,-0.1004333
665.3816,665.8321,-0.4505,5.300283,4.765283,0.535
665.3816,665.8321,-0.4505,5.300283,5.0663,0.2339833
665.3816,665.8321,-0.4505,5.300283,5.607683,-0.3074
665.3816,665.8321,-0.45051,5.300283,5.114367,0.1859167
665.3816,665.8321,-0.45051,5.300283,5.768633,-0.46835
665.3816,665.8321,-0.45051,5.300283,5.908667,-0.6083833
665.3816,665.8321,-0.45052,5.300283,5.053767,0.2465167
665.3816,665.8321,-0.45052,5.300283,5.05585,0.2444333
665.3816,665.8321,-0.45052,5.300283,5.793717,-0.4934333
665.3816,665.8321,-0.45053,5.300283,5.737283,-0.437
665.3816,665.8321,-0.45053,5.300283,5.802083,-0.5018
665.3816,665.8321,-0.45054,5.300283,6.130267,-0.8299833
665.3816,665.8321,-0.45055,5.300283,6.128183,-0.8279
665.3816,665.8322,-0.45056,5.300283,5.586783,-0.2865
665.3816,665.8322,-0.45057,5.300283,5.559617,-0.2593333
665.3816,665.8322,-0.45057,5.300283,5.588883,-0.2886
665.3816,665.8322,-0.45057,5.300283,6.088433,-0.78815
665.3816,665.8322,-0.45059,5.300283,4.493567,0.8067167
665.3816,665.8322,-0.45059,5.300283,5.0893,0.2109833
665.3816,665.8322,-0.45059,5.300283,5.4279,-0.1276167
665.3816,665.8322,-0.4506,5.300283,5.8815,-0.5812167
665.3816,665.8322,-0.45061,5.300283,5.116467,0.1838167
665.3816,665.8322,-0.45061,5.300283,5.726833,-0.42655
665.3816,665.8322,-0.45061,5.300283,5.7331,-0.4328167
665.3816,665.8322,-0.45062,5.300283,5.0015,0.2987833
665.3816,665.8322,-0.45062,5.300283,5.103917,0.1963667
665.3816,665.8322,-0.45062,5.300283,5.538717,-0.2384333
665.3816,665.8322,-0.45063,5.300283,6.1156,-0.8153167
665.3816,665.8323,-0.45065,5.300283,5.666217,-0.3659333
665.3816,665.8323,-0.45066,5.300283,5.570067,-0.2697833
665.3816,665.8323,-0.45066,5.300283,5.63905,-0.3387667
665.3816,665.8323,-0.45066,5.300283,6.090517,-0.7902333
665.3816,665.8323,-0.45067,5.300283,4.777817,0.5224667
665.3816,665.8323,-0.45067,5.300283,5.536633,-0.23635
665.3816,665.8323,-0.45067,5.300283,5.61605,-0.3157667
665.3816,665.8323,-0.45067,5.300283,5.716383,-0.4161
665.3816,665.8323,-0.45067,5.300283,6.0947,-0.7944167
665.3816,665.8323,-0.45067,5.300283,6.126083,-0.8258
665.3816,665.8323,-0.45068,5.300283,5.12065,0.1796333
665.3816,665.8323,-0.45068,5.300283,5.653667,-0.3533833
665.3816,665.8323,-0.45068,5.300283,5.960933,-0.66065
665.3816,665.8323,-0.45068,5.300283,6.146983,-0.8467
665.3816,665.8323,-0.45069,5.300283,5.777,-0.4767167
665.3816,665.8323,-0.4507,5.300283,5.43625,-0.1359667
665.3816,665.8323,-0.45071,5.300283,5.009867,0.2904167
665.3816,665.8323,-0.45071,5.300283,5.7979,-0.4976167
665.3816,665.8323,-0.45072,5.300283,5.53035,-0.2300667
665.3816,665.8324,-0.45075,5.300283,5.043317,0.2569667
665.3816,665.8324,-0.45075,5.300283,6.174167,-0.8738833
665.3816,665.8324,-0.45077,5.300283,5.720567,-0.4202833
665.3816,665.8324,-0.45078,5.300283,5.007783,0.2925
665.3816,665.8324,-0.45079,5.300283,5.630683,-0.3304
665.3816,665.8324,-0.45079,5.300283,5.68085,-0.3805667
665.3816,665.8324,-0.45079,5.300283,6.190883,-0.8906
665.3816,665.8324,-0.4508,5.300283,5.783267,-0.4829833
665.3816,665.8324,-0.4508,5.300283,5.856417,-0.5561333
665.3816,665.8324,-0.45081,5.300283,6.021533,-0.72125
665.3816,665.8324,-0.45082,5.300283,4.75065,0.5496333
665.3816,665.8324,-0.45082,5.300283,5.879417,-0.5791333
665.3816,665.8324,-0.45083,5.300283,5.983917,-0.6836333
665.3816,665.8324,-0.45084,5.300283,6.08215,-0.7818667
665.3816,665.8324,-0.45085,5.300283,5.5638,-0.2635167
665.3816,665.8324,-0.45085,5.300283,5.841783,-0.5415
665.3816,665.8324,-0.45085,5.300283,6.032,-0.7317167
665.3816,665.8325,-0.45089,5.300283,5.770717,-0.4704333
665.3816,665.8325,-0.45089,5.300283,5.791617,-0.4913333
665.3816,665.8325,-0.45089,5.300283,5.8167,-0.5164167
665.3816,665.8325,-0.4509,5.300283,5.7958,-0.4955167
665.3816,665.8325,-0.4509,5.300283,5.910767,-0.6104833
665.3816,665.8325,-0.45091,5.300283,4.828017,0.4722667
665.3816,665.8325,-0.45092,5.300283,5.5617,-0.2614167
665.3816,665.8325,-0.45093,5.300283,5.48855,-0.1882667
665.3816,665.8325,-0.45093,5.300283,5.804167,-0.5038833
665.3816,665.8325,-0.45094,5.300283,5.6474,-0.3471167
665.3816,665.8325,-0.45094,5.300283,5.772817,-0.4725333
665.3816,665.8325,-0.45095,5.300283,6.044533,-0.74425
665.3816,665.8326,-0.45096,5.300283,4.794583,0.5057
665.3816,665.8326,-0.45097,5.300283,5.1102,0.1900833
665.3816,665.8326,-0.45098,5.300283,4.99105,0.3092333
665.3816,665.8326,-0.45098,5.300283,5.484367,-0.1840833
665.3816,665.8326,-0.45099,5.300283,5.697567,-0.3972833
665.3816,665.8326,-0.451,5.300283,5.032867,0.2674167
665.3816,665.8326,-0.451,5.300283,5.655767,-0.3554833
665.3816,665.8326,-0.451,5.300283,5.714283,-0.414
665.3816,665.8326,-0.45101,5.300283,5.687117,-0.3868333
665.3816,665.8326,-0.45101,5.300283,5.76655,-0.4662667
665.3816,665.8326,-0.45101,5.300283,5.7749,-0.4746167
665.3816,665.8326,-0.45102,5.300283,4.508183,0.7921
665.3816,665.8326,-0.45102,5.300283,4.909533,0.39075
665.3816,665.8326,-0.45102,5.300283,5.522,-0.2217167
665.3816,665.8326,-0.45102,5.300283,5.609783,-0.3095
665.3816,665.8326,-0.45102,5.300283,6.138633,-0.83835
665.3816,665.8326,-0.45103,5.300283,4.82175,0.4785333
665.3816,665.8326,-0.45103,5.300283,5.555433,-0.25515
665.3816,665.8326,-0.45103,5.300283,5.705933,-0.40565
665.3816,665.8326,-0.45103,5.300283,6.023633,-0.72335
665.3816,665.8326,-0.45104,5.300283,4.84265,0.4576333
665.3816,665.8326,-0.45104,5.300283,5.693383,-0.3931
665.3816,665.8326,-0.45105,5.300283,5.524083,-0.2238
665.3816,665.8327,-0.45106,5.300283,5.016133,0.28415
665.3816,665.8327,-0.45106,5.300283,5.419533,-0.11925
665.3816,665.8327,-0.45107,5.300283,5.549167,-0.2488833
665.3816,665.8327,-0.45107,5.300283,5.9045,-0.6042167
665.3816,665.8327,-0.45108,5.300283,5.672483,-0.3722
665.3816,665.8327,-0.45108,5.300283,6.172067,-0.8717833
665.3816,665.8327,-0.45109,5.300283,5.517817,-0.2175333
665.3816,665.8327,-0.4511,5.300283,5.074667,0.2256167
665.3816,665.8327,-0.45111,5.300283,5.745633,-0.44535
665.3816,665.8327,-0.45111,5.300283,5.751917,-0.4516333
665.3816,665.8327,-0.45111,5.300283,6.163717,-0.8634333
665.3816,665.8327,-0.45113,5.300283,5.5408,-0.2405167
665.3816,665.8327,-0.45113,5.300283,5.613967,-0.3136833
665.3816,665.8327,-0.45114,5.300283,6.1658,-0.8655167
665.3816,665.8328,-0.45115,5.300283,5.8376,-0.5373167
665.3816,665.8328,-0.45115,5.300283,5.858517,-0.5582333
665.3816,665.8328,-0.45115,5.300283,5.9024,-0.6021167
665.3816,665.8328,-0.45116,5.300283,4.836383,0.4639
665.3816,665.8328,-0.45116,5.300283,4.88655,0.4137333
665.3816,665.8328,-0.45116,5.300283,5.634867,-0.3345833
665.3816,665.8328,-0.45116,5.300283,5.724733,-0.42445
665.3816,665.8328,-0.45117,5.300283,5.060033,0.24025
665.3816,665.8328,-0.45117,5.300283,5.5429,-0.2426167
665.3816,665.8328,-0.45117,5.300283,5.55335,-0.2530667
665.3816,665.8328,-0.45117,5.300283,5.814617,-0.5143333
665.3816,665.8328,-0.45117,5.300283,5.885683,-0.5854
665.3816,665.8328,-0.45117,5.300283,6.0529,-0.7526167
665.3816,665.8328,-0.4512,5.300283,5.682933,-0.38265
665.3816,665.8328,-0.4512,5.300283,6.10515,-0.8048667
665.3816,665.8328,-0.4512,5.300283,6.117733,-0.81745
665.3816,665.8328,-0.45121,5.300283,5.11855,0.1817333
665.3816,665.8328,-0.45121,5.300283,6.169983,-0.8697
665.3816,665.8328,-0.45122,5.300283,5.900317,-0.6000333
665.3816,665.8328,-0.45122,5.300283,6.109333,-0.80905
665.3816,665.8328,-0.45123,5.300283,5.51155,-0.2112667
665.3816,665.8328,-0.45124,5.300283,5.565883,-0.2656
665.3816,665.8328,-0.45124,5.300283,5.739367,-0.4390833
665.3816,665.8328,-0.45124,5.300283,5.789533,-0.48925
665.3816,665.8328,-0.45124,5.300283,5.812533,-0.51225
665.3816,665.8329,-0.45126,5.300283,4.796667,0.5036167
665.3816,665.8329,-0.45126,5.300283,5.65785,-0.3575667
665.3816,665.8329,-0.45126,5.300283,5.747733,-0.44745
665.3816,665.8329,-0.45126,5.300283,6.13445,-0.8341667
665.3816,665.8329,-0.45127,5.300283,5.534533,-0.23425
665.3816,665.8329,-0.45127,5.300283,5.651583,-0.3513
665.3816,665.8329,-0.45127,5.300283,5.69965,-0.3993667
665.3816,665.8329,-0.45129,5.300283,5.6495,-0.3492167
665.3816,665.8329,-0.4513,5.300283,5.72265,-0.4223667
665.3816,665.8329,-0.4513,5.300283,6.195067,-0.8947833
665.3816,665.8329,-0.45131,5.300283,4.999417,0.3008667
665.3816,665.8329,-0.45131,5.300283,5.6286,-0.3283167
665.3816,665.8329,-0.45132,5.300283,5.083017,0.2172667
665.3816,665.8329,-0.45132,5.300283,5.085117,0.2151667
665.3816,665.8329,-0.45133,5.300283,5.624417,-0.3241333
665.3816,665.8329,-0.45133,5.300283,5.664133,-0.36385
665.3816,665.8329,-0.45134,5.300283,5.068383,0.2319
665.3816,665.833,-0.45136,5.300283,5.8397,-0.5394167
665.3816,665.833,-0.45137,5.300283,4.809217,0.4910667
665.3816,665.833,-0.45137,5.300283,5.122733,0.17755
665.3816,665.833,-0.45137,5.300283,6.077983,-0.7777
665.3816,665.833,-0.45138,5.300283,5.513633,-0.21335
665.3816,665.833,-0.45138,5.300283,5.599333,-0.29905
665.3816,665.833,-0.45138,5.300283,5.754,-0.4537167
665.3816,665.833,-0.45138,5.300283,5.864783,-0.5645
665.3816,665.833,-0.4514,5.300283,4.756917,0.5433667
665.3816,665.833,-0.45141,5.300283,5.89405,-0.5937667
665.3816,665.833,-0.45142,5.300283,5.718467,-0.4181833
665.3816,665.833,-0.45142,5.300283,5.799983,-0.4997
665.3816,665.833,-0.45143,5.300283,4.543717,0.7565667
665.3816,665.833,-0.45143,5.300283,5.758183,-0.4579
665.3816,665.833,-0.45144,5.300283,5.55125,-0.2509667
665.3816,665.833,-0.45144,5.300283,5.728917,-0.4286333
665.3816,665.8331,-0.45146,5.300283,6.192967,-0.8926833
665.3816,665.8331,-0.45147,5.300283,5.544983,-0.2447
665.3816,665.8331,-0.45147,5.300283,6.107233,-0.80695
665.3816,665.8331,-0.45148,5.300283,4.997333,0.30295
665.3816,665.8331,-0.45148,5.300283,6.184617,-0.8843333
665.3816,665.8331,-0.45149,5.300283,6.17835,-0.8780667
665.3816,665.8331,-0.45151,5.300283,4.510283,0.79
665.3816,665.8331,-0.45151,5.300283,5.41745,-0.1171667
665.3816,665.8331,-0.45151,5.300283,5.611867,-0.3115833
665.3816,665.8331,-0.45153,5.300283,5.496917,-0.1966333
665.3816,665.8331,-0.45154,5.300283,5.486467,-0.1861833
665.3816,665.8332,-0.45155,5.300283,5.093467,0.2068167
665.3816,665.8332,-0.45155,5.300283,5.889867,-0.5895833
665.3816,665.8332,-0.45156,5.300283,5.779083,-0.4788
665.3816,665.8332,-0.45156,5.300283,5.848067,-0.5477833
665.3816,665.8332,-0.45156,5.300283,5.877317,-0.5770333
665.3816,665.8332,-0.45157,5.300283,5.597233,-0.29695
665.3816,665.8332,-0.45157,5.300283,5.6056,-0.3053167
665.3816,665.8332,-0.45158,5.300283,5.091383,0.2089
665.3816,665.8332,-0.45158,5.300283,5.80625,-0.5059667
665.3816,665.8332,-0.45159,5.300283,5.63695,-0.3366667
665.3816,665.8332,-0.45159,5.300283,6.19925,-0.8989667
665.3816,665.8332,-0.4516,5.300283,5.820883,-0.5206
665.3816,665.8332,-0.45161,5.300283,5.124833,0.17545
665.3816,665.8332,-0.45162,5.300283,5.471833,-0.17155
665.3816,665.8332,-0.45162,5.300283,5.5199,-0.2196167
665.3816,665.8332,-0.45162,5.300283,5.6704,-0.3701167
665.3816,665.8332,-0.45162,5.300283,5.825067,-0.5247833
665.3816,665.8332,-0.45162,5.300283,5.843883,-0.5436
665.3816,665.8332,-0.45162,5.300283,5.873133,-0.57285
665.3816,665.8332,-0.45164,5.300283,5.731017,-0.4307333
665.3816,665.8333,-0.45165,5.300283,5.781167,-0.4808833
665.3816,665.8333,-0.45165,5.300283,5.919117,-0.6188333
665.3816,665.8333,-0.45166,5.300283,5.582617,-0.2823333
665.3816,665.8333,-0.45167,5.300283,4.524917,0.7753667
665.3816,665.8333,-0.45167,5.300283,5.57425,-0.2739667
665.3816,665.8333,-0.45167,5.300283,5.866867,-0.5665833
665.3816,665.8333,-0.45168,5.300283,5.685033,-0.38475
665.3816,665.8333,-0.45171,5.300283,5.6892,-0.3889167
665.3816,665.8333,-0.45172,5.300283,5.710117,-0.4098333
665.3816,665.8333,-0.45172,5.300283,5.898217,-0.5979333
665.3816,665.8333,-0.45173,5.300283,6.142817,-0.8425333
665.3816,665.8333,-0.45174,5.300283,5.503183,-0.2029
665.3816,665.8333,-0.45174,5.300283,6.036167,-0.7358833
665.3816,665.8333,-0.45174,5.300283,6.0926,-0.7923167
665.3816,665.8333,-0.45175,5.300283,6.111417,-0.8111333
665.3816,665.8334,-0.45177,5.300283,5.7122,-0.4119167
665.3816,665.8334,-0.45178,5.300283,5.526183,-0.2259
665.3816,665.8334,-0.45178,5.300283,5.78535,-0.4850667
665.3816,665.8334,-0.45179,5.300283,5.85015,-0.5498667
665.3816,665.8334,-0.4518,5.300283,4.662867,0.6374167
665.3816,665.8334,-0.4518,5.300283,6.167883,-0.8676
665.3816,665.8334,-0.45181,5.300283,4.815483,0.4848
665.3816,665.8334,-0.45182,5.300283,5.528267,-0.2279833
665.3816,665.8334,-0.45182,5.300283,6.08425,-0.7839667
665.3816,665.8334,-0.45183,5.300283,4.782,0.5182833
665.3816,665.8334,-0.45183,5.300283,5.641133,-0.34085
665.3816,665.8334,-0.45183,5.300283,5.835517,-0.5352333
665.3816,665.8334,-0.45183,5.300283,5.887767,-0.5874833
665.3816,665.8335,-0.45187,5.300283,5.940033,-0.63975
665.3816,665.8335,-0.45188,5.300283,5.645317,-0.3450333
665.3816,665.8335,-0.45189,5.300283,4.830117,0.4701667
665.3816,665.8335,-0.45189,5.300283,6.10305,-0.8027667
665.3816,665.8335,-0.45189,5.300283,6.180433,-0.88015
665.3816,665.8335,-0.4519,5.300283,5.567983,-0.2677
665.3816,665.8335,-0.4519,5.300283,5.620233,-0.31995
665.3816,665.8335,-0.45193,5.300283,5.5011,-0.2008167
665.3816,665.8335,-0.45193,5.300283,5.572167,-0.2718833
665.3816,665.8335,-0.45193,5.300283,5.822983,-0.5227
665.3816,665.8335,-0.45193,5.300283,6.096783,-0.7965
665.3816,665.8335,-0.45194,5.300283,5.676667,-0.3763833
665.3816,665.8335,-0.45195,5.300283,5.875233,-0.57495
665.3816,665.8336,-0.45196,5.300283,6.140717,-0.8404333
665.3816,665.8336,-0.45199,5.300283,4.805033,0.49525
665.3816,665.8336,-0.45199,5.300283,4.86565,0.4346333
665.3816,665.8336,-0.452,5.300283,5.70175,-0.4014667
665.3816,665.8336,-0.452,5.300283,5.93585,-0.6355667
665.3816,665.8336,-0.45201,5.300283,5.61815,-0.3178667
665.3816,665.8336,-0.45201,5.300283,5.80835,-0.5080667
665.3816,665.8336,-0.45203,5.300283,5.883583,-0.5833
665.3816,665.8336,-0.45204,5.300283,5.593067,-0.2927833
665.3816,665.8337,-0.45209,5.300283,5.708017,-0.4077333
665.3816,665.8337,-0.4521,5.300283,5.854333,-0.55405
665.3816,665.8337,-0.4521,5.300283,5.994367,-0.6940833
665.3816,665.8337,-0.45212,5.300283,5.463467,-0.1631833
665.3816,665.8337,-0.45213,5.300283,4.874,0.4262833
665.3816,665.8337,-0.45213,5.300283,5.67875,-0.3784667
665.3816,665.8337,-0.45214,5.300283,5.78745,-0.4871667
665.3816,665.8337,-0.45214,5.300283,5.868967,-0.5686833
665.3816,665.8338,-0.45215,5.300283,4.616883,0.6834
665.3816,665.8338,-0.45216,5.300283,6.0717,-0.7714167
665.3816,665.8338,-0.45216,5.300283,6.1219,-0.8216167
665.3816,665.8338,-0.45217,5.300283,4.773633,0.52665
665.3816,665.8338,-0.45218,5.300283,5.831333,-0.53105
665.3816,665.8338,-0.45219,5.300283,6.01945,-0.7191667
665.3816,665.8338,-0.45225,5.300283,6.086333,-0.78605
665.3816,665.8339,-0.45228,5.300283,4.533267,0.7670167
665.3816,665.8339,-0.45228,5.300283,5.603517,-0.3032333
665.3816,665.8339,-0.45229,5.300283,4.792483,0.5078
665.3816,665.8339,-0.45231,5.300283,5.760267,-0.4599833
665.3816,665.8339,-0.45235,5.300283,5.91285,-0.6125667
665.3816,665.834,-0.45236,5.300283,6.124,-0.8237167
665.3816,665.834,-0.45237,5.300283,5.507367,-0.2070833
665.3816,665.834,-0.45237,5.300283,5.8606,-0.5603167
665.3816,665.834,-0.45237,5.300283,6.161617,-0.8613333
665.3816,665.834,-0.4524,5.300283,5.505267,-0.2049833
665.3816,665.834,-0.45242,5.300283,6.069617,-0.7693333
665.3816,665.834,-0.45242,5.300283,6.153267,-0.8529833
665.3816,665.834,-0.45244,5.300283,4.788317,0.5119667
665.3816,665.8341,-0.45245,5.300283,5.89195,-0.5916667
665.3816,665.8341,-0.45245,5.300283,6.098883,-0.7986
665.3816,665.8341,-0.45247,5.300283,6.159533,-0.85925
665.3816,665.8341,-0.45248,5.300283,4.995233,0.30505
665.3816,665.8341,-0.45251,5.300283,4.840567,0.4597167
665.3816,665.8341,-0.45251,5.300283,5.126917,0.1733667
665.3816,665.8341,-0.45252,5.300283,4.606433,0.69385
665.3816,665.8341,-0.45252,5.300283,4.742283,0.558
665.3816,665.8341,-0.45253,5.300283,5.4781,-0.1778167
665.3816,665.8342,-0.45257,5.300283,5.8188,-0.5185167
665.3816,665.8342,-0.45259,5.300283,4.786217,0.5140667
665.3816,665.8342,-0.45259,5.300283,5.070483,0.2298
665.3816,665.8342,-0.4526,5.300283,4.779917,0.5203667
665.3816,665.8342,-0.45261,5.300283,4.769467,0.5308167
665.3816,665.8342,-0.45264,5.300283,5.095567,0.2047167
665.3816,665.8342,-0.45264,5.300283,6.149083,-0.8488
665.3816,665.8343,-0.45266,5.300283,4.767367,0.5329167
665.3816,665.8343,-0.4527,5.300283,6.006917,-0.7066333
665.3816,665.8343,-0.45271,5.300283,6.15535,-0.8550667
665.3816,665.8344,-0.45279,5.300283,4.8552,0.4450833
665.3816,665.8344,-0.45281,5.300283,5.896133,-0.59585
665.3816,665.8344,-0.45284,5.300283,5.473917,-0.1736333
665.3816,665.8345,-0.45288,5.300283,5.50945,-0.2091667
665.3816,665.8345,-0.45289,5.300283,5.062117,0.2381667
665.3816,665.8345,-0.45292,5.300283,4.913717,0.3865667
665.3816,665.8345,-0.45293,5.300283,5.852233,-0.55195
665.3816,665.8346,-0.45295,5.300283,5.91495,-0.6146667
665.3816,665.8346,-0.45298,5.300283,5.499,-0.1987167
665.3816,665.8346,-0.453,5.300283,6.080067,-0.7797833
665.3816,665.8346,-0.45301,5.300283,4.8322,0.4680833
665.3816,665.8347,-0.45315,5.300283,5.080933,0.21935
665.3816,665.8348,-0.45316,5.300283,4.6984,0.6018833
665.3816,665.8348,-0.45319,5.300283,4.725567,0.5747167
665.3816,665.8348,-0.45323,5.300283,4.798767,0.5015167
665.3816,665.8348,-0.45324,5.300283,4.807117,0.4931667
665.3816,665.8349,-0.45326,5.300283,5.492733,-0.19245
665.3816,665.8349,-0.45331,5.300283,5.917033,-0.61675
665.3816,665.835,-0.45338,5.300283,4.51655,0.7837333
665.3816,665.835,-0.45343,5.300283,5.46975,-0.1694667
665.3816,665.8351,-0.45349,5.300283,5.453017,-0.1527333
665.3816,665.8351,-0.45351,5.300283,6.065433,-0.76515
665.3816,665.8351,-0.45352,5.300283,5.129,0.1712833
665.3816,665.8351,-0.45353,5.300283,5.455117,-0.1548333
665.3816,665.8352,-0.45356,5.300283,6.1135,-0.8132167
665.3816,665.8352,-0.45357,5.300283,4.817567,0.4827167
665.3816,665.8352,-0.45361,5.300283,6.06125,-0.7609667
665.3816,665.8353,-0.45372,5.300283,4.721383,0.5789
665.3816,665.8353,-0.45373,5.300283,6.04035,-0.7400667
665.3816,665.8353,-0.45374,5.300283,5.906583,-0.6063
665.3816,665.8354,-0.45376,5.300283,5.133183,0.1671
665.3816,665.8354,-0.45377,5.300283,4.80085,0.4994333
665.3816,665.8355,-0.45386,5.300283,4.7904,0.5098833
665.3816,665.8355,-0.45388,5.300283,5.4802,-0.1799167
665.3816,665.8355,-0.45389,5.300283,4.867733,0.43255
665.3816,665.8355,-0.45393,5.300283,5.1311,0.1691833
665.3816,665.8355,-0.45394,5.300283,4.501917,0.7983667
665.3816,665.8356,-0.45398,5.300283,4.723483,0.5768
665.3816,665.8357,-0.45412,5.300283,5.07675,0.2235333
665.3816,665.8359,-0.45429,5.300283,4.566717,0.7335667
665.3816,665.836,-0.45435,5.300283,5.432083,-0.1318
665.3816,665.836,-0.45438,5.300283,4.658683,0.6416
665.3816,665.8361,-0.45447,5.300283,4.700483,0.5998
665.3816,665.8361,-0.45447,5.300283,4.710933,0.58935
665.3816,665.8361,-0.45455,5.300283,4.6775,0.6227833
665.3816,665.8362,-0.45465,5.300283,4.80295,0.4973333
665.3816,665.8363,-0.45467,5.300283,4.70885,0.5914333
665.3816,665.8363,-0.45467,5.300283,4.878183,0.4221
665.3816,665.8364,-0.45478,5.300283,4.68585,0.6144333
665.3816,665.8365,-0.45487,5.300283,4.7193,0.5809833
665.3816,665.8366,-0.45499,5.300283,4.64405,0.6562333
665.3816,665.8367,-0.45507,5.300283,4.660767,0.6395167
665.3816,665.8367,-0.4551,5.300283,4.669133,0.63115
665.3816,665.8367,-0.45511,5.300283,4.648233,0.65205
665.3816,665.8367,-0.45512,5.300283,4.679583,0.6207
665.3816,665.8369,-0.45528,5.300283,4.702583,0.5977
665.3816,665.837,-0.4554,5.300283,4.683767,0.6165167
665.3816,665.837,-0.45544,5.300283,4.919983,0.3803
665.3816,665.8371,-0.45554,5.300283,5.137367,0.1629167
665.3816,665.8372,-0.45558,5.300283,5.135283,0.165
665.3816,665.8372,-0.45559,5.300283,4.748567,0.5517167
665.3816,665.8372,-0.45559,5.300283,4.838467,0.4618167
665.3816,665.8373,-0.45574,5.300283,4.897,0.4032833
665.3816,665.8377,-0.45609,5.300283,4.692117,0.6081667
665.3816,665.8377,-0.4561,5.300283,4.68795,0.6123333
665.3816,665.8377,-0.45614,5.300283,4.641967,0.6583167
665.3816,665.8379,-0.45629,5.300283,4.819667,0.4806167
665.3816,665.838,-0.45636,5.300283,4.652417,0.6478667
665.3816,665.838,-0.45639,5.300283,4.66495,0.6353333
665.3816,665.8381,-0.45647,5.300283,4.6566,0.6436833
665.3816,665.8381,-0.45649,5.300283,4.72975,0.5705333
665.3816,665.8381,-0.45652,5.300283,4.650317,0.6499667
665.3816,665.8382,-0.4566,5.300283,4.6754,0.6248833
665.3816,665.8382,-0.4566,5.300283,4.694217,0.6060667
665.3816,665.8383,-0.45665,5.300283,4.9179,0.3823833
665.3816,665.8383,-0.45666,5.300283,4.715117,0.5851667
665.3816,665.8383,-0.45668,5.300283,4.704667,0.5956167
665.3816,665.8383,-0.45673,5.300283,4.932533,0.36775
665.3816,665.8386,-0.45698,5.300283,5.9233,-0.6230167
665.3816,665.8387,-0.45706,5.300283,4.8134,0.4868833
665.3816,665.8387,-0.45708,5.300283,5.13945,0.1608333
665.3816,665.8388,-0.4572,5.300283,4.673317,0.6269667
665.3816,665.8388,-0.45722,5.300283,4.7172,0.5830833
665.3816,665.8389,-0.4573,5.300283,4.99315,0.3071333
665.3816,665.8389,-0.45734,5.300283,5.14155,0.1587333
665.3816,665.8391,-0.45747,5.300283,4.915817,0.3844667
665.3816,665.8392,-0.45755,5.300283,4.690033,0.61025
665.3816,665.8392,-0.45757,5.300283,4.635683,0.6646
665.3816,665.8393,-0.45774,5.300283,4.926267,0.3740167
665.3816,665.8394,-0.4578,5.300283,5.143633,0.15665
665.3816,665.8394,-0.45783,5.300283,5.145733,0.15455
665.3816,665.8394,-0.45784,5.300283,4.9827,0.3175833
665.3816,665.8396,-0.45802,5.300283,4.70675,0.5935333
665.3816,665.8396,-0.45804,5.300283,5.1499,0.1503833
665.3816,665.8397,-0.4581,5.300283,4.681667,0.6186167
665.3816,665.8399,-0.45834,5.300283,4.66705,0.6332333
665.3816,665.84,-0.45835,5.300283,5.152,0.1482833
665.3816,665.84,-0.45843,5.300283,4.6963,0.6039833
665.3816,665.8402,-0.45856,5.300283,5.147817,0.1524667
665.3816,665.8402,-0.45858,5.300283,5.154083,0.1462
665.3816,665.8403,-0.45868,5.300283,4.671217,0.6290667
665.3816,665.8404,-0.4588,5.300283,6.04245,-0.7421667
665.3816,665.8404,-0.45882,5.300283,5.1938,0.1064833
665.3816,665.8405,-0.45891,5.300283,5.177083,0.1232
665.3816,665.8406,-0.45899,5.300283,5.185433,0.11485
665.3816,665.8407,-0.45907,5.300283,5.195883,0.1044
665.3816,665.8407,-0.45911,5.300283,5.16245,0.1378333
665.3816,665.8407,-0.45915,5.300283,5.179167,0.1211167
665.3816,665.8408,-0.45916,5.300283,5.170817,0.1294667
665.3816,665.8408,-0.45918,5.300283,5.1729,0.1273833
665.3816,665.8408,-0.45924,5.300283,5.158267,0.1420167
665.3816,665.8409,-0.45927,5.300283,5.168717,0.1315667
665.3816,665.841,-0.45937,5.300283,5.164533,0.13575
665.3816,665.841,-0.45941,5.300283,5.187533,0.11275
665.3816,665.841,-0.45942,5.300283,4.92835,0.3719333
665.3816,665.841,-0.45943,5.300283,5.18335,0.1169333
665.3816,665.841,-0.45943,5.300283,5.191717,0.1085667
665.3816,665.841,-0.45944,5.300283,5.189617,0.1106667
665.3816,665.8411,-0.45947,5.300283,5.200067,0.1002167
665.3816,665.8412,-0.45958,5.300283,5.16035,0.1399333
665.3816,665.8412,-0.45959,5.300283,5.166633,0.13365
665.3816,665.8414,-0.45977,5.300283,4.880283,0.42
665.3816,665.8414,-0.45978,5.300283,5.181267,0.1190167
665.3816,665.8416,-0.46003,5.300283,5.174983,0.1253
665.3816,665.8416,-0.46003,5.300283,5.197983,0.1023
665.3816,665.8417,-0.46006,5.300283,5.156183,0.1441
665.3816,665.8418,-0.46016,5.300283,4.6545,0.6457833
665.3816,665.8419,-0.4603,5.300283,4.988967,0.3113167
665.3816,665.8425,-0.46086,5.300283,4.986883,0.3134
665.3816,665.8427,-0.46111,5.300283,4.984783,0.3155
665.3816,665.8429,-0.46127,5.300283,4.976417,0.3238667
665.3816,665.8432,-0.4616,5.300283,4.901183,0.3991
665.3816,665.8437,-0.46207,5.300283,4.936717,0.3635667
665.3816,665.844,-0.46241,5.300283,4.9388,0.3614833
665.3816,665.8442,-0.46257,5.300283,4.924167,0.3761167
665.3816,665.8444,-0.46284,5.300283,4.9806,0.3196833
665.3816,665.8445,-0.46293,5.300283,4.974333,0.32595
665.3816,665.8446,-0.46298,5.300283,4.963883,0.3364
665.3816,665.8448,-0.46316,5.300283,4.957617,0.3426667
665.3816,665.8451,-0.46345,5.300283,4.978517,0.3217667
665.3816,665.8452,-0.46359,5.300283,4.97225,0.3280333
665.3816,665.8453,-0.46369,5.300283,4.930433,0.36985
665.3816,665.8459,-0.46428,5.300283,4.965967,0.3343167
665.3816,665.846,-0.46437,5.300283,4.9409,0.3593833
665.3816,665.8462,-0.46464,5.300283,4.97015,0.3301333
665.3816,665.8468,-0.46518,5.300283,4.922083,0.3782
665.3816,665.847,-0.46538,5.300283,4.955517,0.3447667
665.3816,665.847,-0.46543,5.300283,4.942983,0.3573
665.3816,665.8474,-0.46578,5.300283,4.968067,0.3322167
665.3816,665.8478,-0.46624,5.300283,4.934617,0.3656667
665.3816,665.8483,-0.46669,5.300283,4.94925,0.3510333
665.3816,665.8487,-0.46714,5.300283,4.947167,0.3531167
665.3816,665.8487,-0.46715,5.300283,4.9597,0.3405833
665.3816,665.849,-0.46742,5.300283,4.9618,0.3384833
665.3816,665.8491,-0.4675,5.300283,4.953433,0.34685
665.3816,665.8497,-0.46811,5.300283,4.95135,0.3489333
665.3816,665.8499,-0.46834,5.300283,4.945067,0.3552167
665.3816,665.8593,-0.47775,5.300283,5.9651,-0.6648167
665.3816,665.8599,-0.47833,5.300283,5.9881,-0.6878167
665.3816,665.8602,-0.4786,5.300283,6.004817,-0.7045333
665.3816,665.8604,-0.4788,5.300283,5.992283,-0.692
665.3816,665.8639,-0.48231,5.300283,4.746467,0.5538167
665.3816,665.8642,-0.48263,5.300283,5.996467,-0.6961833
665.3816,665.8651,-0.48346,5.300283,5.97765,-0.6773667
665.3816,665.8664,-0.48476,5.300283,5.981833,-0.68155
665.3816,665.8668,-0.48525,5.300283,6.002733,-0.70245
665.3816,665.8673,-0.48571,5.300283,5.971383,-0.6711
665.3816,665.8684,-0.48677,5.300283,5.93375,-0.6334667
665.3816,665.8684,-0.48684,5.300283,5.990183,-0.6899
665.3816,665.8685,-0.48693,5.300283,5.979733,-0.67945
665.3816,665.8686,-0.48697,5.300283,5.969283,-0.669
665.3816,665.8697,-0.48813,5.300283,6.034083,-0.7338
665.3816,665.8698,-0.48824,5.300283,6.044533,-0.74425
665.3816,665.8699,-0.48833,5.300283,6.015267,-0.7149833
665.3816,665.8708,-0.48922,5.300283,5.921217,-0.6209333
665.3816,665.8709,-0.48928,5.300283,6.038267,-0.7379833
665.3816,665.871,-0.48938,5.300283,6.048717,-0.7484333
665.3816,665.871,-0.48944,5.300283,5.476017,-0.1757333
665.3816,665.8711,-0.48947,5.300283,6.090517,-0.7902333
665.3816,665.8713,-0.48968,5.300283,6.023633,-0.72335
665.3816,665.8713,-0.48974,5.300283,6.027817,-0.7275333
665.3816,665.8715,-0.48989,5.300283,5.49065,-0.1903667
665.3816,665.8717,-0.49007,5.300283,5.461383,-0.1611
665.3816,665.8717,-0.49009,5.300283,5.986017,-0.6857333
665.3816,665.8718,-0.49017,5.300283,6.032,-0.7317167
665.3816,665.8718,-0.49019,5.300283,6.04035,-0.7400667
665.3816,665.8718,-0.4902,5.300283,5.46765,-0.1673667
665.3816,665.8719,-0.49032,5.300283,5.482283,-0.182
665.3816,665.872,-0.49038,5.300283,6.0738,-0.7735167
665.3816,665.8721,-0.49047,5.300283,5.9254,-0.6251167
665.3816,665.8721,-0.49053,5.300283,5.958833,-0.65855
665.3816,665.8723,-0.49067,5.300283,5.465567,-0.1652833
665.3816,665.8723,-0.49068,5.300283,6.01945,-0.7191667
665.3816,665.8723,-0.49072,5.300283,5.9442,-0.6439167
665.3816,665.8724,-0.49076,5.300283,5.4488,-0.1485167
665.3816,665.8724,-0.49078,5.300283,5.95465,-0.6543667
665.3816,665.8724,-0.49081,5.300283,5.440433,-0.14015
665.3816,665.8724,-0.49081,5.300283,5.948383,-0.6481
665.3816,665.8724,-0.49083,5.300283,5.442533,-0.14225
665.3816,665.8725,-0.49091,5.300283,5.494817,-0.1945333
665.3816,665.8726,-0.49096,5.300283,5.43835,-0.1380667
665.3816,665.8726,-0.49102,5.300283,6.06335,-0.7630667
665.3816,665.8727,-0.49106,5.300283,5.459283,-0.159
665.3816,665.8728,-0.49117,5.300283,5.931667,-0.6313833
665.3816,665.8728,-0.49117,5.300283,6.017367,-0.7170833
665.3816,665.8728,-0.49119,5.300283,6.013183,-0.7129
665.3816,665.8728,-0.49123,5.300283,5.450933,-0.15065
665.3816,665.8728,-0.49124,5.300283,5.434167,-0.1338833
665.3816,665.8729,-0.49127,5.300283,5.4467,-0.1464167
665.3816,665.8729,-0.49127,5.300283,6.0299,-0.7296167
665.3816,665.873,-0.49138,5.300283,5.402817,-0.1025333
665.3816,665.873,-0.4914,5.300283,6.0508,-0.7505167
665.3816,665.8731,-0.49146,5.300283,5.41745,-0.1171667
665.3816,665.8731,-0.49151,5.300283,5.93585,-0.6355667
665.3816,665.8732,-0.49155,5.300283,5.4572,-0.1569167
665.3816,665.8732,-0.49157,5.300283,5.950483,-0.6502
665.3816,665.8732,-0.49158,5.300283,6.067517,-0.7672333
665.3816,665.8732,-0.49162,5.300283,5.444617,-0.1443333
665.3816,665.8732,-0.49163,5.300283,5.413267,-0.1129833
665.3816,665.8733,-0.49168,5.300283,6.0529,-0.7526167
665.3816,665.8734,-0.49179,5.300283,5.4279,-0.1276167
665.3816,665.8735,-0.49191,5.300283,5.9672,-0.6669167
665.3816,665.8735,-0.49194,5.300283,6.075883,-0.7756
665.3816,665.8736,-0.49202,5.300283,6.009,-0.7087167
665.3816,665.8736,-0.49202,5.300283,6.057067,-0.7567833
665.3816,665.8736,-0.49203,5.300283,5.983917,-0.6836333
665.3816,665.8736,-0.49204,5.300283,5.43625,-0.1359667
665.3816,665.8737,-0.49208,5.300283,6.021533,-0.72125
665.3816,665.8737,-0.49214,5.300283,5.41535,-0.1150667
665.3816,665.8738,-0.49217,5.300283,5.95675,-0.6564667
665.3816,665.8739,-0.49228,5.300283,5.4258,-0.1255167
665.3816,665.8739,-0.49229,5.300283,6.025717,-0.7254333
665.3816,665.8739,-0.4923,5.300283,5.407,-0.1067167
665.3816,665.874,-0.49239,5.300283,6.011083,-0.7108
665.3816,665.8741,-0.49245,5.300283,6.046617,-0.7463333
665.3816,665.8741,-0.49252,5.300283,5.429983,-0.1297
665.3816,665.8741,-0.49255,5.300283,5.973467,-0.6731833
665.3816,665.8744,-0.49275,5.300283,5.994367,-0.6940833
665.3816,665.8744,-0.49276,5.300283,6.006917,-0.7066333
665.3816,665.8744,-0.49284,5.300283,5.942117,-0.6418333
665.3816,665.8745,-0.49291,5.300283,6.054983,-0.7547
665.3816,665.8745,-0.49292,5.300283,5.927483,-0.6272
665.3816,665.8745,-0.49295,5.300283,5.409083,-0.1088
665.3816,665.8747,-0.49307,5.300283,5.421633,-0.12135
665.3816,665.8747,-0.49308,5.300283,6.036167,-0.7358833
665.3816,665.8747,-0.49309,5.300283,6.000633,-0.70035
665.3816,665.8748,-0.49317,5.300283,5.952567,-0.6522833
665.3816,665.8748,-0.49321,5.300283,6.059167,-0.7588833
665.3816,665.8749,-0.49329,5.300283,5.9463,-0.6460167
665.3816,665.8749,-0.4933,5.300283,5.97555,-0.6752667
665.3816,665.8749,-0.49333,5.300283,5.411183,-0.1109
665.3816,665.875,-0.4934,5.300283,5.423717,-0.1234333
665.3816,665.875,-0.49343,5.300283,5.4049,-0.1046167
665.3816,665.875,-0.49345,5.300283,5.99855,-0.6982667
665.3816,665.8754,-0.49381,5.300283,5.419533,-0.11925
665.3816,665.8754,-0.49382,5.300283,5.937933,-0.63765
665.3816,665.8755,-0.49387,5.300283,5.400717,-0.1004333
665.3816,665.8758,-0.4942,5.300283,6.119817,-0.8195333
665.3816,665.876,-0.49442,5.300283,5.940033,-0.63975
665.3816,665.876,-0.49445,5.300283,5.963017,-0.6627333
665.3816,665.8767,-0.49508,5.300283,5.960933,-0.66065
665.3816,665.8769,-0.49528,5.300283,5.929567,-0.6292833
665.3816,665.9199,-0.53828,5.300283,5.041217,0.2590667
665.3816,665.9283,-0.54672,5.300283,4.95135,0.3489333
665.3816,665.9322,-0.55062,5.300283,4.97225,0.3280333
665.3816,665.9363,-0.55468,5.300283,4.995233,0.30505
665.3816,665.9366,-0.55505,5.300283,4.9409,0.3593833
665.3816,665.9445,-0.56293,5.300283,4.932533,0.36775
665.3816,665.9679,-0.58632,5.300283,5.833433,-0.53315
665.3816,665.9682,-0.58658,5.300283,5.770717,-0.4704333
665.3816,665.9754,-0.59379,5.300283,5.754,-0.4537167
665.3816,665.9763,-0.59465,5.300283,5.82925,-0.5289667
665.3816,665.9765,-0.59493,5.300283,5.804167,-0.5038833
665.3816,665.9772,-0.59562,5.300283,5.852233,-0.55195
665.3816,665.9772,-0.59564,5.300283,5.8397,-0.5394167
665.3816,665.9774,-0.5958,5.300283,5.843883,-0.5436
665.3816,665.9786,-0.59702,5.300283,4.524917,0.7753667
665.3816,665.9788,-0.59718,5.300283,5.74355,-0.4432667
665.3816,665.979,-0.5974,5.300283,5.720567,-0.4202833
665.3816,665.9795,-0.59794,5.300283,5.747733,-0.44745
665.3816,665.9802,-0.59857,5.300283,5.739367,-0.4390833
665.3816,665.9804,-0.59877,5.300283,5.82715,-0.5268667
665.3816,665.9809,-0.59927,5.300283,5.779083,-0.4788
665.3816,665.9811,-0.59952,5.300283,5.758183,-0.4579
665.3816,665.9818,-0.60017,5.300283,5.864783,-0.5645
665.3816,665.9819,-0.60025,5.300283,5.76655,-0.4662667
665.3816,665.9826,-0.60097,5.300283,5.877317,-0.5770333
665.3816,665.9834,-0.60184,5.300283,5.85015,-0.5498667
665.3816,665.9836,-0.60202,5.300283,5.883583,-0.5833
665.3816,665.9837,-0.60209,5.300283,6.1135,-0.8132167
665.3816,665.984,-0.60244,5.300283,5.726833,-0.42655
665.3816,665.9842,-0.6026,5.300283,5.751917,-0.4516333
665.3816,665.9845,-0.60291,5.300283,5.80625,-0.5059667
665.3816,665.9846,-0.60305,5.300283,5.777,-0.4767167
665.3816,665.9849,-0.60326,5.300283,5.741467,-0.4411833
665.3816,665.985,-0.60339,5.300283,5.737283,-0.437
665.3816,665.9854,-0.60375,5.300283,4.978517,0.3217667
665.3816,665.9854,-0.60381,5.300283,5.603517,-0.3032333
665.3816,665.9857,-0.60408,5.300283,5.624417,-0.3241333
665.3816,665.9857,-0.60411,5.300283,5.695483,-0.3952
665.3816,665.9857,-0.60411,5.300283,5.718467,-0.4181833
665.3816,665.9857,-0.60413,5.300283,5.7979,-0.4976167
665.3816,665.9861,-0.60454,5.300283,6.08215,-0.7818667
665.3816,665.9862,-0.60458,5.300283,5.61815,-0.3178667
665.3816,665.9863,-0.60471,5.300283,5.453017,-0.1527333
665.3816,665.9863,-0.60471,5.300283,5.735183,-0.4349
665.3816,665.9869,-0.60531,5.300283,5.820883,-0.5206
665.3816,665.987,-0.60541,5.300283,5.7331,-0.4328167
665.3816,665.9872,-0.60556,5.300283,5.607683,-0.3074
665.3816,665.9873,-0.60565,5.300283,6.096783,-0.7965
665.3816,665.9873,-0.60568,5.300283,5.580517,-0.2802333
665.3816,665.9874,-0.60581,5.300283,5.576333,-0.27605
665.3816,665.9874,-0.60584,5.300283,5.5638,-0.2635167
665.3816,665.9875,-0.60587,5.300283,5.517817,-0.2175333
665.3816,665.9875,-0.60588,5.300283,5.6286,-0.3283167
665.3816,665.9875,-0.60588,5.300283,6.0738,-0.7735167
665.3816,665.9875,-0.60591,5.300283,5.643217,-0.3429333
665.3816,665.9875,-0.60592,5.300283,5.760267,-0.4599833
665.3816,665.9876,-0.60598,5.300283,5.547083,-0.2468
665.3816,665.9878,-0.60615,5.300283,5.620233,-0.31995
665.3816,665.9878,-0.60618,5.300283,5.515717,-0.2154333
665.3816,665.9883,-0.60669,5.300283,5.749817,-0.4495333
665.3816,665.9883,-0.60673,5.300283,5.440433,-0.14015
665.3816,665.9884,-0.60684,5.300283,5.772817,-0.4725333
665.3816,665.9885,-0.60692,5.300283,5.68085,-0.3805667
665.3816,665.9886,-0.60702,5.300283,5.630683,-0.3304
665.3816,665.9887,-0.60709,5.300283,6.0508,-0.7505167
665.3816,665.9888,-0.60716,5.300283,5.473917,-0.1736333
665.3816,665.9888,-0.60716,5.300283,5.611867,-0.3115833
665.3816,665.9888,-0.60722,5.300283,6.08425,-0.7839667
665.3816,665.9888,-0.60723,5.300283,5.459283,-0.159
665.3816,665.9889,-0.60731,5.300283,5.593067,-0.2927833
665.3816,665.989,-0.60742,5.300283,5.43625,-0.1359667
665.3816,665.989,-0.60742,5.300283,5.492733,-0.19245
665.3816,665.9891,-0.60745,5.300283,5.7749,-0.4746167
665.3816,665.9891,-0.6075,5.300283,5.4467,-0.1464167
665.3816,665.9891,-0.6075,5.300283,5.728917,-0.4286333
665.3816,665.9891,-0.60755,5.300283,5.710117,-0.4098333
665.3816,665.9892,-0.60761,5.300283,5.613967,-0.3136833
665.3816,665.9892,-0.60763,5.300283,5.55335,-0.2530667
665.3816,665.9893,-0.60769,5.300283,4.984783,0.3155
665.3816,665.9894,-0.60779,5.300283,5.476017,-0.1757333
665.3816,665.9895,-0.60787,5.300283,5.507367,-0.2070833
665.3816,665.9895,-0.60794,5.300283,5.455117,-0.1548333
665.3816,665.9896,-0.608,5.300283,5.708017,-0.4077333
665.3816,665.9896,-0.60801,5.300283,5.7122,-0.4119167
665.3816,665.9897,-0.60809,5.300283,5.8606,-0.5603167
665.3816,665.9897,-0.60814,5.300283,5.5847,-0.2844167
665.3816,665.9898,-0.60816,5.300283,5.590967,-0.2906833
665.3816,665.9899,-0.60833,5.300283,4.501917,0.7983667
665.3816,665.99,-0.60835,5.300283,6.080067,-0.7797833
665.3816,665.99,-0.60837,5.300283,5.622317,-0.3220333
665.3816,665.99,-0.60839,5.300283,5.641133,-0.34085
665.3816,665.9901,-0.60851,5.300283,5.557533,-0.25725
665.3816,665.9901,-0.60853,5.300283,5.582617,-0.2823333
665.3816,665.9902,-0.60858,5.300283,5.875233,-0.57495
665.3816,665.9902,-0.60859,5.300283,5.862683,-0.5624
665.3816,665.9902,-0.6086,5.300283,5.4572,-0.1569167
665.3816,665.9902,-0.60863,5.300283,5.4781,-0.1778167
665.3816,665.9903,-0.6087,5.300283,5.570067,-0.2697833
665.3816,665.9903,-0.6087,5.300283,5.572167,-0.2718833
665.3816,665.9903,-0.6087,5.300283,5.6056,-0.3053167
665.3816,665.9903,-0.60874,5.300283,5.461383,-0.1611
665.3816,665.9904,-0.60879,5.300283,5.578433,-0.27815
665.3816,665.9904,-0.6088,5.300283,5.48855,-0.1882667
665.3816,665.9904,-0.6088,5.300283,5.601417,-0.3011333
665.3816,665.9904,-0.6088,5.300283,5.703833,-0.40355
665.3816,665.9904,-0.60882,5.300283,5.559617,-0.2593333
665.3816,665.9904,-0.60883,5.300283,5.63695,-0.3366667
665.3816,665.9905,-0.60889,5.300283,5.528267,-0.2279833
665.3816,665.9905,-0.60893,5.300283,5.465567,-0.1652833
665.3816,665.9906,-0.60898,5.300283,5.597233,-0.29695
665.3816,665.9906,-0.609,5.300283,4.974333,0.32595
665.3816,665.9906,-0.60901,5.300283,5.536633,-0.23635
665.3816,665.9907,-0.60906,5.300283,5.46975,-0.1694667
665.3816,665.9907,-0.60907,5.300283,5.714283,-0.414
665.3816,665.9907,-0.60908,5.300283,5.8167,-0.5164167
665.3816,665.9907,-0.60911,5.300283,5.46765,-0.1673667
665.3816,665.9907,-0.60913,5.300283,5.705933,-0.40565
665.3816,665.9908,-0.6092,5.300283,5.549167,-0.2488833
665.3816,665.9909,-0.60934,5.300283,6.10515,-0.8048667
665.3816,665.9911,-0.60947,5.300283,5.442533,-0.14225
665.3816,665.9911,-0.60948,5.300283,5.484367,-0.1840833
665.3816,665.9911,-0.60951,5.300283,5.544983,-0.2447
665.3816,665.9912,-0.60961,5.300283,5.609783,-0.3095
665.3816,665.9913,-0.60965,5.300283,5.55125,-0.2509667
665.3816,665.9913,-0.60973,5.300283,5.57425,-0.2739667
665.3816,665.9914,-0.6098,5.300283,5.674583,-0.3743
665.3816,665.9914,-0.60982,5.300283,5.682933,-0.38265
665.3816,665.9915,-0.60987,5.300283,5.4258,-0.1255167
665.3816,665.9915,-0.60991,5.300283,4.968067,0.3322167
665.3816,665.9915,-0.60992,5.300283,5.65995,-0.3596667
665.3816,665.9915,-0.60993,5.300283,5.906583,-0.6063
665.3816,665.9915,-0.60994,5.300283,5.482283,-0.182
665.3816,665.9915,-0.60994,5.300283,5.5199,-0.2196167
665.3816,665.9916,-0.60996,5.300283,5.586783,-0.2865
665.3816,665.9917,-0.61005,5.300283,5.5408,-0.2405167
665.3816,665.9917,-0.61008,5.300283,5.61605,-0.3157667
665.3816,665.9917,-0.61009,5.300283,5.645317,-0.3450333
665.3816,665.9917,-0.61012,5.300283,5.971383,-0.6711
665.3816,665.9917,-0.61013,5.300283,5.538717,-0.2384333
665.3816,665.9917,-0.61013,5.300283,5.567983,-0.2677
665.3816,665.9917,-0.61014,5.300283,5.53245,-0.2321667
665.3816,665.9917,-0.61014,5.300283,5.5617,-0.2614167
665.3816,665.9918,-0.6102,5.300283,5.513633,-0.21335
665.3816,665.9918,-0.61021,5.300283,5.471833,-0.17155
665.3816,665.9919,-0.61029,5.300283,5.4488,-0.1485167
665.3816,665.9919,-0.61032,5.300283,5.565883,-0.2656
665.3816,665.9919,-0.61034,5.300283,5.5011,-0.2008167
665.3816,665.9919,-0.61035,5.300283,5.812533,-0.51225
665.3816,665.992,-0.61038,5.300283,5.676667,-0.3763833
665.3816,665.992,-0.61042,5.300283,5.555433,-0.25515
665.3816,665.9921,-0.61046,5.300283,5.524083,-0.2238
665.3816,665.9921,-0.61047,5.300283,5.831333,-0.53105
665.3816,665.9921,-0.6105,5.300283,5.67875,-0.3784667
665.3816,665.9921,-0.61051,5.300283,5.588883,-0.2886
665.3816,665.9921,-0.61052,5.300283,5.599333,-0.29905
665.3816,665.9921,-0.61053,5.300283,5.653667,-0.3533833
665.3816,665.9921,-0.61053,5.300283,5.78535,-0.4850667
665.3816,665.9922,-0.61059,5.300283,5.526183,-0.2259
665.3816,665.9923,-0.61067,5.300283,5.672483,-0.3722
665.3816,665.9923,-0.6107,5.300283,5.499,-0.1987167
665.3816,665.9924,-0.61076,5.300283,5.858517,-0.5582333
665.3816,665.9924,-0.61078,5.300283,5.496917,-0.1966333
665.3816,665.9924,-0.6108,5.300283,5.534533,-0.23425
665.3816,665.9925,-0.61086,5.300283,5.51155,-0.2112667
665.3816,665.9926,-0.61101,5.300283,5.503183,-0.2029
665.3816,665.9926,-0.61103,5.300283,5.50945,-0.2091667
665.3816,665.9926,-0.61103,5.300283,5.697567,-0.3972833
665.3816,665.9927,-0.61105,5.300283,5.4802,-0.1799167
665.3816,665.9927,-0.61107,5.300283,5.463467,-0.1631833
665.3816,665.9927,-0.61109,5.300283,5.434167,-0.1338833
665.3816,665.9927,-0.61111,5.300283,5.6913,-0.3910167
665.3816,665.9927,-0.61114,5.300283,5.522,-0.2217167
665.3816,665.9929,-0.61132,5.300283,5.409083,-0.1088
665.3816,665.9931,-0.61148,5.300283,5.8188,-0.5185167
665.3816,665.9931,-0.61149,5.300283,5.59515,-0.2948667
665.3816,665.9936,-0.61203,5.300283,5.958833,-0.65855
665.3816,665.9937,-0.61207,5.300283,5.724733,-0.42445
665.3816,665.9938,-0.61222,5.300283,5.505267,-0.2049833
665.3816,665.9939,-0.61228,5.300283,5.53035,-0.2300667
665.3816,665.9939,-0.61234,5.300283,5.716383,-0.4161
665.3816,665.994,-0.61235,5.300283,5.49065,-0.1903667
665.3816,665.994,-0.61237,5.300283,5.685033,-0.38475
665.3816,665.994,-0.61238,5.300283,5.6704,-0.3701167
665.3816,665.994,-0.61238,5.300283,5.731017,-0.4307333
665.3816,665.9941,-0.61253,5.300283,5.494817,-0.1945333
665.3816,665.9941,-0.61254,5.300283,5.76445,-0.4641667
665.3816,665.9942,-0.61256,5.300283,5.662033,-0.36175
665.3816,665.9942,-0.61258,5.300283,4.947167,0.3531167
665.3816,665.9942,-0.61258,5.300283,5.6265,-0.3262167
665.3816,665.9942,-0.61264,5.300283,5.6495,-0.3492167
665.3816,665.9942,-0.61264,5.300283,5.664133,-0.36385
665.3816,665.9943,-0.61269,5.300283,5.651583,-0.3513
665.3816,665.9945,-0.61285,5.300283,5.5429,-0.2426167
665.3816,665.9946,-0.61302,5.300283,5.78745,-0.4871667
665.3816,665.9947,-0.61309,5.300283,5.687117,-0.3868333
665.3816,665.9948,-0.61317,5.300283,5.6892,-0.3889167
665.3816,665.9948,-0.61317,5.300283,6.10305,-0.8027667
665.3816,665.9952,-0.61363,5.300283,5.486467,-0.1861833
665.3816,665.9953,-0.61369,5.300283,5.65785,-0.3575667
665.3816,665.9957,-0.61406,5.300283,5.450933,-0.15065
665.3816,665.9957,-0.61414,5.300283,5.693383,-0.3931
665.3816,665.996,-0.61438,5.300283,5.634867,-0.3345833
665.3816,665.996,-0.61441,5.300283,5.63905,-0.3387667
665.3816,665.996,-0.61443,5.300283,5.783267,-0.4829833
665.3816,665.9964,-0.61477,5.300283,5.6474,-0.3471167
665.3816,665.9967,-0.61514,5.300283,5.43835,-0.1380667
665.3816,665.997,-0.61539,5.300283,5.89195,-0.5916667
665.3816,665.9972,-0.61555,5.300283,5.666217,-0.3659333
665.3816,665.9977,-0.61615,5.300283,5.6683,-0.3680167
665.3816,665.9981,-0.61651,5.300283,5.887767,-0.5874833
665.3816,665.9986,-0.61703,5.300283,5.655767,-0.3554833
665.3816,665.9988,-0.61724,5.300283,5.632767,-0.3324833
665.3816,665.9991,-0.61749,5.300283,5.70175,-0.4014667
665.3816,666.0146,-0.63302,5.300283,5.028683,0.2716
665.3816,666.0253,-0.64372,5.300283,5.72265,-0.4223667
665.3816,666.0331,-0.6515,5.300283,5.848067,-0.5477833
665.3816,666.0552,-0.67359,5.300283,5.4802,-0.1799167
665.3816,666.0597,-0.67811,5.300283,5.572167,-0.2718833
665.3816,666.0613,-0.67966,5.300283,5.6056,-0.3053167
665.3816,666.0629,-0.68126,5.300283,5.515717,-0.2154333
665.3816,666.0675,-0.68593,5.300283,5.444617,-0.1443333
665.3816,666.0719,-0.69034,5.300283,5.41745,-0.1171667
665.3816,666.0732,-0.69158,5.300283,5.461383,-0.1611
665.3816,666.0735,-0.69191,5.300283,5.777,-0.4767167
665.3816,666.0738,-0.69222,5.300283,5.80835,-0.5080667
665.3816,666.0747,-0.69313,5.300283,5.43625,-0.1359667
665.3816,666.0767,-0.69509,5.300283,5.762367,-0.4620833
665.3816,666.077,-0.69535,5.300283,5.78535,-0.4850667
665.3816,666.0777,-0.6961,5.300283,5.772817,-0.4725333
665.3816,666.0783,-0.69667,5.300283,5.770717,-0.4704333
665.3816,666.0799,-0.69826,5.300283,5.804167,-0.5038833
665.3816,666.0808,-0.69916,5.300283,5.419533,-0.11925
665.3816,666.0811,-0.69953,5.300283,5.783267,-0.4829833
665.3816,666.0827,-0.70109,5.300283,5.7979,-0.4976167
665.3816,666.0837,-0.70208,5.300283,5.7561,-0.4558167
665.3816,666.0851,-0.70348,5.300283,5.6495,-0.3492167
665.3816,666.0851,-0.70353,5.300283,5.754,-0.4537167
665.3816,666.0897,-0.70808,5.300283,5.76445,-0.4641667
665.3816,666.0903,-0.70875,5.300283,5.76655,-0.4662667
665.3816,666.0944,-0.71279,5.300283,5.473917,-0.1736333
665.3816,666.105,-0.72337,5.300283,5.74355,-0.4432667
665.3816,666.1986,-0.81703,5.300283,5.4049,-0.1046167
665.3816,666.2674,-0.8858,5.300283,4.930433,0.36985
665.3816,666.276,-0.89439,5.300283,4.955517,0.3447667
665.3816,666.2777,-0.8961,5.300283,4.658683,0.6416
,,,,,
