681.3327,4.5667,1954,,,
Mascot MZ,MassHunter MZ,MZ Difference,Mascot RT,MassHunter RT,RT Difference
681.3327,680.4545,0.87822,4.566667,4.36815,0.1985167
681.3327,680.4855,0.84725,4.566667,4.9827,-0.4160333
681.3327,680.5039,0.82878,4.566667,5.030767,-0.4641
681.3327,680.5133,0.81943,4.566667,5.020317,-0.45365
681.3327,680.5208,0.81185,4.566667,4.9806,-0.4139333
681.3327,680.5217,0.81099,4.566667,5.35265,-0.7859833
681.3327,680.5259,0.80675,4.566667,5.0015,-0.4348333
681.3327,680.5382,0.79446,4.566667,5.018233,-0.4515667
681.3327,680.5384,0.79433,4.566667,5.037033,-0.4703667
681.3327,680.5982,0.73446,4.566667,5.252317,-0.68565
681.3327,680.6329,0.69984,4.566667,4.869833,-0.3031667
681.3327,680.6338,0.69893,4.566667,5.348467,-0.7818
681.3327,680.6361,0.69663,4.566667,4.071317,0.49535
681.3327,680.638,0.69474,4.566667,4.067133,0.4995333
681.3327,680.6383,0.69443,4.566667,4.0734,0.4932667
681.3327,680.6385,0.69417,4.566667,5.060033,-0.4933667
681.3327,680.6433,0.68941,4.566667,5.009867,-0.4432
681.3327,680.644,0.68873,4.566667,4.986883,-0.4202167
681.3327,680.644,0.68873,4.566667,5.0015,-0.4348333
681.3327,680.6455,0.68718,4.566667,5.03495,-0.4682833
681.3327,680.647,0.68574,4.566667,4.085933,0.4807333
681.3327,680.6474,0.68527,4.566667,5.030767,-0.4641
681.3327,680.6491,0.68357,4.566667,4.819667,-0.253
681.3327,680.6495,0.68325,4.566667,5.114367,-0.5477
681.3327,680.6499,0.68283,4.566667,4.857283,-0.2906167
681.3327,680.6501,0.6826,4.566667,5.0245,-0.4578333
681.3327,680.6502,0.68255,4.566667,5.116467,-0.5498
681.3327,680.6503,0.68243,4.566667,4.99315,-0.4264833
681.3327,680.6506,0.68209,4.566667,5.0036,-0.4369333
681.3327,680.6526,0.68014,4.566667,5.346383,-0.7797167
681.3327,680.6538,0.67891,4.566667,5.007783,-0.4411167
681.3327,680.6542,0.67846,4.566667,5.005683,-0.4390167
681.3327,680.6543,0.67845,4.566667,4.999417,-0.43275
681.3327,680.6543,0.67841,4.566667,5.091383,-0.5247167
681.3327,680.6544,0.67835,4.566667,5.026583,-0.4599167
681.3327,680.6545,0.67819,4.566667,4.72765,-0.1609833
681.3327,680.6549,0.67778,4.566667,4.984783,-0.4181167
681.3327,680.6551,0.67756,4.566667,5.032867,-0.4662
681.3327,680.6553,0.67741,4.566667,4.7172,-0.1505333
681.3327,680.6553,0.67737,4.566667,5.423717,-0.85705
681.3327,680.6553,0.67736,4.566667,5.018233,-0.4515667
681.3327,680.6559,0.67684,4.566667,4.06295,0.5037167
681.3327,680.6562,0.67645,4.566667,4.374417,0.19225
681.3327,680.6565,0.6762,4.566667,5.4488,-0.8821333
681.3327,680.6569,0.67583,4.566667,5.26695,-0.7002833
681.3327,680.6621,0.67056,4.566667,4.919983,-0.3533167
681.3327,680.6628,0.66989,4.566667,4.882367,-0.3157
681.3327,680.6636,0.66909,4.566667,4.721383,-0.1547167
681.3327,680.6727,0.66001,4.566667,5.292033,-0.7253667
681.3327,680.6727,0.65999,4.566667,4.846833,-0.2801667
681.3327,680.6745,0.65818,4.566667,4.871917,-0.30525
681.3327,680.6799,0.65276,4.566667,5.2983,-0.7316333
681.3327,680.6806,0.65209,4.566667,5.26905,-0.7023833
681.3327,680.6827,0.64999,4.566667,4.393233,0.1734333
681.3327,680.6832,0.64946,4.566667,5.30875,-0.7420833
681.3327,680.6854,0.64733,4.566667,5.35265,-0.7859833
681.3327,680.6863,0.6464,4.566667,5.271133,-0.7044667
681.3327,680.6865,0.64619,4.566667,5.13945,-0.5727833
681.3327,680.6866,0.64605,4.566667,4.72765,-0.1609833
681.3327,680.6878,0.64487,4.566667,5.2774,-0.7107333
681.3327,680.6887,0.64402,4.566667,4.934617,-0.36795
681.3327,680.6889,0.64384,4.566667,5.285767,-0.7191
681.3327,680.6895,0.64319,4.566667,4.386967,0.1797
681.3327,680.6914,0.64126,4.566667,5.340117,-0.77345
681.3327,680.6918,0.64091,4.566667,4.4204,0.1462667
681.3327,680.6919,0.64084,4.566667,5.1311,-0.5644333
681.3327,680.6919,0.64084,4.566667,5.302483,-0.7358167
681.3327,680.692,0.64072,4.566667,5.3213,-0.7546333
681.3327,680.6925,0.64025,4.566667,5.33175,-0.7650833
681.3327,680.6925,0.64024,4.566667,4.41205,0.1546167
681.3327,680.6938,0.63888,4.566667,4.384867,0.1818
681.3327,680.6945,0.63823,4.566667,4.374417,0.19225
681.3327,680.6946,0.63812,4.566667,5.26695,-0.7002833
681.3327,680.6948,0.63794,4.566667,4.40995,0.1567167
681.3327,680.6953,0.63735,4.566667,4.4413,0.1253667
681.3327,680.6959,0.63679,4.566667,4.4016,0.1650667
681.3327,680.696,0.63673,4.566667,4.376517,0.19015
681.3327,680.6974,0.63535,4.566667,4.8343,-0.2676333
681.3327,680.6974,0.63534,4.566667,5.126917,-0.56025
681.3327,680.6975,0.63523,4.566667,5.103917,-0.53725
681.3327,680.698,0.63467,4.566667,5.085117,-0.51845
681.3327,680.6993,0.63335,4.566667,5.264867,-0.6982
681.3327,680.6997,0.633,4.566667,4.407867,0.1588
681.3327,680.6998,0.63289,4.566667,5.24815,-0.6814833
681.3327,680.7002,0.6325,4.566667,4.947167,-0.3805
681.3327,680.7006,0.63213,4.566667,5.411183,-0.8445167
681.3327,680.7007,0.63196,4.566667,4.43295,0.1337167
681.3327,680.701,0.63167,4.566667,5.319217,-0.75255
681.3327,680.7013,0.6314,4.566667,5.329667,-0.763
681.3327,680.7023,0.6304,4.566667,4.974333,-0.4076667
681.3327,680.7027,0.63001,4.566667,5.09975,-0.5330833
681.3327,680.7028,0.62994,4.566667,5.068383,-0.5017167
681.3327,680.703,0.62969,4.566667,5.106017,-0.53935
681.3327,680.7032,0.62949,4.566667,4.965967,-0.3993
681.3327,680.7041,0.62865,4.566667,5.064217,-0.49755
681.3327,680.7041,0.62863,4.566667,5.3422,-0.7755333
681.3327,680.7042,0.62846,4.566667,5.083017,-0.51635
681.3327,680.7044,0.62826,4.566667,5.122733,-0.5560667
681.3327,680.7045,0.62818,4.566667,5.070483,-0.5038167
681.3327,680.7046,0.62814,4.566667,5.283683,-0.7170167
681.3327,680.7048,0.62789,4.566667,5.080933,-0.5142667
681.3327,680.7049,0.62779,4.566667,5.05585,-0.4891833
681.3327,680.7051,0.62764,4.566667,5.060033,-0.4933667
681.3327,680.7059,0.62679,4.566667,5.0893,-0.5226333
681.3327,680.7061,0.62657,4.566667,5.114367,-0.5477
681.3327,680.7063,0.62637,4.566667,5.091383,-0.5247167
681.3327,680.7063,0.62637,4.566667,5.124833,-0.5581667
681.3327,680.7064,0.62627,4.566667,5.051667,-0.485
681.3327,680.7074,0.62529,4.566667,5.07885,-0.5121833
681.3327,680.7074,0.62525,4.566667,5.057933,-0.4912667
681.3327,680.7077,0.62497,4.566667,5.026583,-0.4599167
681.3327,680.7082,0.62454,4.566667,5.037033,-0.4703667
681.3327,680.7087,0.62405,4.566667,4.978517,-0.41185
681.3327,680.7087,0.62398,4.566667,5.095567,-0.5289
681.3327,680.7088,0.62393,4.566667,5.093467,-0.5268
681.3327,680.7088,0.62391,4.566667,5.09765,-0.5309833
681.3327,680.7089,0.62377,4.566667,4.968067,-0.4014
681.3327,680.709,0.62373,4.566667,5.206333,-0.6396667
681.3327,680.709,0.62372,4.566667,5.016133,-0.4494667
681.3327,680.7092,0.62353,4.566667,5.116467,-0.5498
681.3327,680.7092,0.6235,4.566667,5.241867,-0.6752
681.3327,680.7092,0.62349,4.566667,5.0224,-0.4557333
681.3327,680.7092,0.62347,4.566667,5.01195,-0.4452833
681.3327,680.7092,0.62347,4.566667,5.101833,-0.5351667
681.3327,680.7093,0.6234,4.566667,5.0872,-0.5205333
681.3327,680.7094,0.62328,4.566667,5.039133,-0.4724667
681.3327,680.7095,0.62321,4.566667,5.074667,-0.508
681.3327,680.7098,0.62293,4.566667,5.007783,-0.4411167
681.3327,680.7098,0.62287,4.566667,4.9806,-0.4139333
681.3327,680.7098,0.62286,4.566667,5.005683,-0.4390167
681.3327,680.7099,0.62276,4.566667,4.995233,-0.4285667
681.3327,680.71,0.62268,4.566667,5.0015,-0.4348333
681.3327,680.7101,0.62258,4.566667,5.2565,-0.6898333
681.3327,680.7102,0.62254,4.566667,5.344283,-0.7776167
681.3327,680.7102,0.62247,4.566667,4.976417,-0.40975
681.3327,680.7103,0.62237,4.566667,4.997333,-0.4306667
681.3327,680.7104,0.6223,4.566667,5.0454,-0.4787333
681.3327,680.7104,0.62229,4.566667,4.988967,-0.4223
681.3327,680.7104,0.62228,4.566667,5.03495,-0.4682833
681.3327,680.7105,0.62217,4.566667,5.020317,-0.45365
681.3327,680.7106,0.62213,4.566667,5.049583,-0.4829167
681.3327,680.7107,0.622,4.566667,4.97015,-0.4034833
681.3327,680.7107,0.62195,4.566667,5.0036,-0.4369333
681.3327,680.7108,0.62188,4.566667,4.984783,-0.4181167
681.3327,680.7108,0.62187,4.566667,4.97225,-0.4055833
681.3327,680.711,0.62174,4.566667,5.053767,-0.4871
681.3327,680.7113,0.62144,4.566667,5.01405,-0.4473833
681.3327,680.7113,0.62142,4.566667,5.030767,-0.4641
681.3327,680.7114,0.62132,4.566667,5.009867,-0.4432
681.3327,680.7114,0.62129,4.566667,5.028683,-0.4620167
681.3327,680.7114,0.62126,4.566667,4.999417,-0.43275
681.3327,680.7116,0.62112,4.566667,5.0663,-0.4996333
681.3327,680.7118,0.62091,4.566667,5.041217,-0.47455
681.3327,680.7118,0.62089,4.566667,5.043317,-0.47665
681.3327,680.712,0.62066,4.566667,5.218883,-0.6522167
681.3327,680.7122,0.62053,4.566667,4.99315,-0.4264833
681.3327,680.7122,0.62052,4.566667,5.047483,-0.4808167
681.3327,680.7122,0.6205,4.566667,5.112283,-0.5456167
681.3327,680.7122,0.62047,4.566667,5.018233,-0.4515667
681.3327,680.7123,0.62037,4.566667,4.99105,-0.4243833
681.3327,680.7123,0.62036,4.566667,5.333833,-0.7671667
681.3327,680.7125,0.62018,4.566667,4.9827,-0.4160333
681.3327,680.7127,0.62003,4.566667,5.0245,-0.4578333
681.3327,680.7136,0.61915,4.566667,5.1081,-0.5414333
681.3327,680.7137,0.61905,4.566667,5.072567,-0.5059
681.3327,680.7139,0.61879,4.566667,5.062117,-0.49545
681.3327,680.714,0.6187,4.566667,5.032867,-0.4662
681.3327,680.7143,0.61837,4.566667,4.986883,-0.4202167
681.3327,680.7152,0.61751,4.566667,5.1102,-0.5435333
681.3327,680.7168,0.61588,4.566667,5.327567,-0.7609
681.3327,680.7175,0.61523,4.566667,5.07675,-0.5100833
681.3327,680.7189,0.61378,4.566667,5.11855,-0.5518833
681.3327,680.73,0.60268,4.566667,5.271133,-0.7044667
681.3327,680.7732,0.5595,4.566667,5.007783,-0.4411167
681.3327,680.7833,0.54936,4.566667,5.0224,-0.4557333
681.3327,680.8003,0.53239,4.566667,5.0015,-0.4348333
681.3327,680.8056,0.5271,4.566667,5.223067,-0.6564
681.3327,680.8104,0.52228,4.566667,4.004433,0.5622333
681.3327,680.8111,0.52161,4.566667,4.071317,0.49535
681.3327,680.8136,0.51911,4.566667,3.981433,0.5852333
681.3327,680.8138,0.51891,4.566667,3.954267,0.6124
681.3327,680.8138,0.51888,4.566667,3.906183,0.6604833
681.3327,680.8139,0.51885,4.566667,3.99815,0.5685167
681.3327,680.8139,0.5188,4.566667,3.950083,0.6165833
681.3327,680.8145,0.51823,4.566667,3.93545,0.6312167
681.3327,680.8147,0.51799,4.566667,3.793317,0.77335
681.3327,680.8148,0.51787,4.566667,3.97935,0.5873167
681.3327,680.8152,0.51746,4.566667,3.97725,0.5894167
681.3327,680.8153,0.5174,4.566667,4.012783,0.5538833
681.3327,680.8154,0.51731,4.566667,3.933367,0.6333
681.3327,680.8156,0.51714,4.566667,4.033683,0.5329833
681.3327,680.8157,0.51699,4.566667,4.00025,0.5664167
681.3327,680.8159,0.51676,4.566667,4.060867,0.5058
681.3327,680.816,0.51673,4.566667,3.856017,0.71065
681.3327,680.816,0.51667,4.566667,3.922917,0.64375
681.3327,680.8168,0.51587,4.566667,3.778683,0.7879833
681.3327,680.8169,0.51585,4.566667,5.229333,-0.6626667
681.3327,680.8169,0.51576,4.566667,3.782867,0.7838
681.3327,680.817,0.51565,4.566667,5.369367,-0.8027
681.3327,680.8172,0.5155,4.566667,4.455933,0.1107333
681.3327,680.8172,0.51547,4.566667,3.902,0.6646667
681.3327,680.8172,0.51545,4.566667,3.908283,0.6583833
681.3327,680.8173,0.51542,4.566667,3.895733,0.6709333
681.3327,680.8173,0.51541,4.566667,3.993967,0.5727
681.3327,680.8173,0.51536,4.566667,4.0525,0.5141667
681.3327,680.8174,0.51526,4.566667,4.127783,0.4388833
681.3327,680.8175,0.51523,4.566667,3.879017,0.68765
681.3327,680.8175,0.51522,4.566667,3.747333,0.8193333
681.3327,680.8176,0.51511,4.566667,3.964717,0.60195
681.3327,680.8177,0.51504,4.566667,4.767367,-0.2007
681.3327,680.8177,0.51498,4.566667,3.918733,0.6479333
681.3327,680.8177,0.51497,4.566667,3.991883,0.5747833
681.3327,680.8178,0.51492,4.566667,3.749433,0.8172333
681.3327,680.8178,0.51492,4.566667,4.058767,0.5079
681.3327,680.8178,0.51488,4.566667,3.874833,0.6918333
681.3327,680.8178,0.51487,4.566667,3.866483,0.7001833
681.3327,680.818,0.51473,4.566667,3.76405,0.8026167
681.3327,680.818,0.5147,4.566667,3.82885,0.7378167
681.3327,680.8181,0.5146,4.566667,4.01905,0.5476167
681.3327,680.8182,0.5145,4.566667,4.0086,0.5580667
681.3327,680.8182,0.51449,4.566667,3.899917,0.66675
681.3327,680.8183,0.51444,4.566667,3.843483,0.7231833
681.3327,680.8184,0.51434,4.566667,3.912467,0.6542
681.3327,680.8185,0.51421,4.566667,4.236467,0.3302
681.3327,680.8185,0.5142,4.566667,4.002333,0.5643333
681.3327,680.8186,0.51413,4.566667,4.025333,0.5413333
681.3327,680.8186,0.5141,4.566667,4.085933,0.4807333
681.3327,680.8186,0.51409,4.566667,3.927083,0.6395833
681.3327,680.8186,0.51406,4.566667,4.027417,0.53925
681.3327,680.8187,0.51404,4.566667,4.280367,0.2863
681.3327,680.8187,0.51401,4.566667,3.996067,0.5706
681.3327,680.8188,0.51388,4.566667,3.759883,0.8067833
681.3327,680.8188,0.51388,4.566667,5.3422,-0.7755333
681.3327,680.8189,0.51381,4.566667,3.85185,0.7148167
681.3327,680.819,0.51372,4.566667,4.0107,0.5559667
681.3327,680.8191,0.51363,4.566667,4.1152,0.4514667
681.3327,680.8191,0.51361,4.566667,4.13405,0.4326167
681.3327,680.8193,0.51345,4.566667,4.226017,0.34065
681.3327,680.8193,0.51341,4.566667,3.74315,0.8235167
681.3327,680.8194,0.51328,4.566667,3.87065,0.6960167
681.3327,680.8194,0.51325,4.566667,3.943817,0.62285
681.3327,680.8196,0.51314,4.566667,4.45385,0.1128167
681.3327,680.8196,0.51312,4.566667,4.255283,0.3113833
681.3327,680.8196,0.51311,4.566667,4.228117,0.33855
681.3327,680.8196,0.51307,4.566667,4.037867,0.5288
681.3327,680.8196,0.51306,4.566667,4.02115,0.5455167
681.3327,680.8197,0.51303,4.566667,3.7766,0.7900667
681.3327,680.8197,0.51303,4.566667,5.170817,-0.60415
681.3327,680.8197,0.51302,4.566667,3.973067,0.5936
681.3327,680.8197,0.51296,4.566667,3.8205,0.7461667
681.3327,680.8199,0.51282,4.566667,3.761967,0.8047
681.3327,680.8199,0.51278,4.566667,4.006517,0.56015
681.3327,680.8199,0.51278,4.566667,4.28455,0.2821167
681.3327,680.8199,0.51275,4.566667,3.780783,0.7858833
681.3327,680.8199,0.51275,4.566667,4.035783,0.5308833
681.3327,680.82,0.51268,4.566667,3.970983,0.5956833
681.3327,680.8201,0.51265,4.566667,3.74525,0.8214167
681.3327,680.8201,0.51264,4.566667,3.837217,0.72945
681.3327,680.8201,0.51263,4.566667,4.276183,0.2904833
681.3327,680.8201,0.51261,4.566667,4.069217,0.49745
681.3327,680.8202,0.51254,4.566667,4.4204,0.1462667
681.3327,680.8202,0.51253,4.566667,3.76615,0.8005167
681.3327,680.8202,0.51252,4.566667,3.887383,0.6792833
681.3327,680.8203,0.51241,4.566667,3.8832,0.6834667
681.3327,680.8203,0.5124,4.566667,3.847667,0.719
681.3327,680.8204,0.51234,4.566667,4.66705,-0.1003833
681.3327,680.8204,0.51226,4.566667,4.232283,0.3343833
681.3327,680.8205,0.51217,4.566667,4.320083,0.2465833
681.3327,680.8206,0.51211,4.566667,3.8393,0.7273667
681.3327,680.8206,0.51211,4.566667,5.30875,-0.7420833
681.3327,680.8206,0.51208,4.566667,4.2741,0.2925667
681.3327,680.8206,0.51206,4.566667,3.805867,0.7608
681.3327,680.8207,0.51197,4.566667,4.207217,0.35945
681.3327,680.8207,0.51196,4.566667,4.117333,0.4493333
681.3327,680.8208,0.51192,4.566667,4.014883,0.5517833
681.3327,680.8208,0.51191,4.566667,5.3213,-0.7546333
681.3327,680.8208,0.5119,4.566667,4.2532,0.3134667
681.3327,680.8209,0.51184,4.566667,3.730617,0.83605
681.3327,680.8209,0.51184,4.566667,4.102667,0.464
681.3327,680.8209,0.51179,4.566667,4.24275,0.3239167
681.3327,680.8209,0.51177,4.566667,3.89155,0.6751167
681.3327,680.8209,0.51176,4.566667,4.050417,0.51625
681.3327,680.821,0.51173,4.566667,4.68795,-0.1212833
681.3327,680.821,0.51169,4.566667,3.89365,0.6730167
681.3327,680.821,0.51167,4.566667,3.864383,0.7022833
681.3327,680.8211,0.51165,4.566667,3.983517,0.58315
681.3327,680.8211,0.51163,4.566667,4.0943,0.4723667
681.3327,680.8211,0.51158,4.566667,3.718067,0.8486
681.3327,680.8212,0.51152,4.566667,4.10685,0.4598167
681.3327,680.8212,0.51148,4.566667,4.2302,0.3364667
681.3327,680.8212,0.51147,4.566667,3.801683,0.7649833
681.3327,680.8214,0.51134,4.566667,5.0454,-0.4787333
681.3327,680.8214,0.51126,4.566667,3.8602,0.7064667
681.3327,680.8215,0.51125,4.566667,4.683767,-0.1171
681.3327,680.8215,0.51122,4.566667,3.826767,0.7399
681.3327,680.8215,0.51122,4.566667,4.223933,0.3427333
681.3327,680.8215,0.5112,4.566667,4.24065,0.3260167
681.3327,680.8216,0.51112,4.566667,4.131967,0.4347
681.3327,680.8217,0.51103,4.566667,4.246917,0.31975
681.3327,680.8217,0.51099,4.566667,3.985617,0.58105
681.3327,680.8217,0.51096,4.566667,4.272,0.2946667
681.3327,680.8218,0.51089,4.566667,4.1884,0.3782667
681.3327,680.8218,0.51087,4.566667,3.8811,0.6855667
681.3327,680.8218,0.51087,4.566667,4.203033,0.3636333
681.3327,680.8219,0.51083,4.566667,3.9898,0.5768667
681.3327,680.8219,0.51083,4.566667,4.786217,-0.21955
681.3327,680.8219,0.51077,4.566667,3.736883,0.8297833
681.3327,680.8219,0.51077,4.566667,4.211383,0.3552833
681.3327,680.8219,0.51077,4.566667,4.351433,0.2152333
681.3327,680.822,0.51073,4.566667,4.334717,0.23195
681.3327,680.822,0.51071,4.566667,4.044133,0.5225333
681.3327,680.822,0.51071,4.566667,4.322167,0.2445
681.3327,680.822,0.51069,4.566667,4.26365,0.3030167
681.3327,680.822,0.51068,4.566667,3.975167,0.5915
681.3327,680.822,0.51068,4.566667,4.307533,0.2591333
681.3327,680.822,0.51067,4.566667,3.803767,0.7629
681.3327,680.8221,0.51061,4.566667,4.238567,0.3281
681.3327,680.8221,0.51059,4.566667,4.2511,0.3155667
681.3327,680.8221,0.51057,4.566667,3.7557,0.8109667
681.3327,680.8221,0.51055,4.566667,3.889467,0.6772
681.3327,680.8221,0.51055,4.566667,4.161233,0.4054333
681.3327,680.8222,0.51051,4.566667,3.925,0.6416667
681.3327,680.8222,0.51047,4.566667,3.7348,0.8318667
681.3327,680.8222,0.51047,4.566667,4.395317,0.17135
681.3327,680.8223,0.51044,4.566667,4.098483,0.4681833
681.3327,680.8223,0.51044,4.566667,4.32425,0.2424167
681.3327,680.8223,0.51043,4.566667,5.33175,-0.7650833
681.3327,680.8223,0.5104,4.566667,4.309633,0.2570333
681.3327,680.8224,0.51033,4.566667,4.138233,0.4284333
681.3327,680.8224,0.51033,4.566667,4.3368,0.2298667
681.3327,680.8224,0.5103,4.566667,4.1445,0.4221667
681.3327,680.8224,0.5103,4.566667,4.286633,0.2800333
681.3327,680.8224,0.51029,4.566667,4.36815,0.1985167
681.3327,680.8225,0.5102,4.566667,4.111017,0.45565
681.3327,680.8225,0.51016,4.566667,4.016967,0.5497
681.3327,680.8225,0.51016,4.566667,4.332617,0.23405
681.3327,680.8226,0.5101,4.566667,3.8623,0.7043667
681.3327,680.8226,0.51008,4.566667,3.929183,0.6374833
681.3327,680.8226,0.51007,4.566667,4.1257,0.4409667
681.3327,680.8226,0.51005,4.566667,4.32635,0.2403167
681.3327,680.8227,0.51001,4.566667,4.075483,0.4911833
681.3327,680.8227,0.50999,4.566667,4.299183,0.2674833
681.3327,680.8227,0.50998,4.566667,4.38905,0.1776167
681.3327,680.8228,0.50994,4.566667,3.833033,0.7336333
681.3327,680.8229,0.50985,4.566667,4.121517,0.44515
681.3327,680.8229,0.50977,4.566667,4.40995,0.1567167
681.3327,680.8229,0.50976,4.566667,4.407867,0.1588
681.3327,680.823,0.50973,4.566667,4.345167,0.2215
681.3327,680.823,0.50972,4.566667,4.26155,0.3051167
681.3327,680.823,0.50969,4.566667,3.897833,0.6688333
681.3327,680.823,0.50967,4.566667,4.090117,0.47655
681.3327,680.8231,0.50963,4.566667,3.9689,0.5977667
681.3327,680.8231,0.50961,4.566667,4.366067,0.2006
681.3327,680.8231,0.50958,4.566667,3.876933,0.6897333
681.3327,680.8231,0.50956,4.566667,3.858117,0.70855
681.3327,680.8232,0.50953,4.566667,5.325483,-0.7588167
681.3327,680.8232,0.50952,4.566667,4.359783,0.2068833
681.3327,680.8232,0.50946,4.566667,3.824667,0.742
681.3327,680.8233,0.50939,4.566667,4.447583,0.1190833
681.3327,680.8233,0.50938,4.566667,4.386967,0.1797
681.3327,680.8233,0.50936,4.566667,4.1675,0.3991667
681.3327,680.8233,0.50936,4.566667,4.343067,0.2236
681.3327,680.8233,0.50936,4.566667,5.005683,-0.4390167
681.3327,680.8234,0.50931,4.566667,4.328433,0.2382333
681.3327,680.8234,0.50928,4.566667,3.87275,0.6939167
681.3327,680.8234,0.50926,4.566667,4.056683,0.5099833
681.3327,680.8234,0.50926,4.566667,5.047483,-0.4808167
681.3327,680.8235,0.50922,4.566667,4.361883,0.2047833
681.3327,680.8235,0.50919,4.566667,3.751517,0.81515
681.3327,680.8235,0.50917,4.566667,3.9041,0.6625667
681.3327,680.8236,0.50911,4.566667,4.265733,0.3009333
681.3327,680.8236,0.50911,4.566667,4.338883,0.2277833
681.3327,680.8236,0.50911,4.566667,4.437133,0.1295333
681.3327,680.8236,0.50907,4.566667,3.84975,0.7169167
681.3327,680.8236,0.50906,4.566667,4.384867,0.1818
681.3327,680.8237,0.50902,4.566667,4.43295,0.1337167
681.3327,680.8237,0.50901,4.566667,5.312933,-0.7462667
681.3327,680.8237,0.509,4.566667,4.288733,0.2779333
681.3327,680.8237,0.50898,4.566667,5.264867,-0.6982
681.3327,680.8237,0.50897,4.566667,4.355617,0.21105
681.3327,680.8238,0.50893,4.566667,4.17795,0.3887167
681.3327,680.8238,0.50891,4.566667,4.3577,0.2089667
681.3327,680.8238,0.50889,4.566667,4.4016,0.1650667
681.3327,680.8238,0.50885,4.566667,3.772417,0.79425
681.3327,680.8238,0.50885,4.566667,4.077583,0.4890833
681.3327,680.8238,0.50885,4.566667,4.140317,0.42635
681.3327,680.8239,0.50883,4.566667,4.376517,0.19015
681.3327,680.8239,0.50881,4.566667,4.340983,0.2256833
681.3327,680.8239,0.50881,4.566667,4.3786,0.1880667
681.3327,680.8239,0.5088,4.566667,4.15705,0.4096167
681.3327,680.824,0.50866,4.566667,3.910367,0.6563
681.3327,680.8241,0.50864,4.566667,4.41205,0.1546167
681.3327,680.8243,0.50843,4.566667,4.21975,0.3469167
681.3327,680.8243,0.50838,4.566667,4.192583,0.3740833
681.3327,680.8243,0.50836,4.566667,4.295,0.2716667
681.3327,680.8243,0.50835,4.566667,4.45175,0.1149167
681.3327,680.8244,0.50834,4.566667,4.06295,0.5037167
681.3327,680.8244,0.50833,4.566667,4.152867,0.4138
681.3327,680.8244,0.5083,4.566667,4.363967,0.2027
681.3327,680.8244,0.50825,4.566667,4.466383,0.1002833
681.3327,680.8245,0.50824,4.566667,4.353517,0.21315
681.3327,680.8245,0.50824,4.566667,5.218883,-0.6522167
681.3327,680.8245,0.50821,4.566667,3.816317,0.75035
681.3327,680.8245,0.5082,4.566667,4.370233,0.1964333
681.3327,680.8245,0.50819,4.566667,4.6775,-0.1108333
681.3327,680.8245,0.50818,4.566667,4.3159,0.2507667
681.3327,680.8245,0.50818,4.566667,4.403683,0.1629833
681.3327,680.8245,0.50817,4.566667,4.9806,-0.4139333
681.3327,680.8246,0.50815,4.566667,4.221833,0.3448333
681.3327,680.8246,0.50814,4.566667,4.215567,0.3511
681.3327,680.8246,0.50807,4.566667,4.445483,0.1211833
681.3327,680.8247,0.50805,4.566667,3.757783,0.8088833
681.3327,680.8247,0.50801,4.566667,4.297083,0.2695833
681.3327,680.8247,0.508,4.566667,4.39115,0.1755167
681.3327,680.8247,0.50799,4.566667,4.119417,0.44725
681.3327,680.8248,0.50794,4.566667,4.244833,0.3218333
681.3327,680.8248,0.50786,4.566667,4.311717,0.25495
681.3327,680.8249,0.5078,4.566667,4.426683,0.1399833
681.3327,680.8249,0.50778,4.566667,4.416217,0.15045
681.3327,680.825,0.50771,4.566667,4.4434,0.1232667
681.3327,680.825,0.50768,4.566667,4.449667,0.117
681.3327,680.8251,0.50761,4.566667,4.142417,0.42425
681.3327,680.8252,0.50755,4.566667,4.10475,0.4619167
681.3327,680.8252,0.50755,4.566667,4.374417,0.19225
681.3327,680.8252,0.50754,4.566667,4.217667,0.349
681.3327,680.8252,0.50745,4.566667,5.22725,-0.6605833
681.3327,680.8253,0.50743,4.566667,5.37355,-0.8068833
681.3327,680.8253,0.50742,4.566667,3.868567,0.6981
681.3327,680.8253,0.5074,4.566667,5.243967,-0.6773
681.3327,680.8253,0.50739,4.566667,3.8414,0.7252667
681.3327,680.8253,0.50739,4.566667,4.301267,0.2654
681.3327,680.8253,0.50739,4.566667,4.372333,0.1943333
681.3327,680.8254,0.5073,4.566667,4.28245,0.2842167
681.3327,680.8254,0.50729,4.566667,4.150783,0.4158833
681.3327,680.8255,0.50719,4.566667,4.393233,0.1734333
681.3327,680.8257,0.50702,4.566667,4.269917,0.29675
681.3327,680.8257,0.50701,4.566667,5.329667,-0.763
681.3327,680.8257,0.50695,4.566667,4.169583,0.3970833
681.3327,680.8258,0.50693,4.566667,4.184217,0.38245
681.3327,680.8258,0.50691,4.566667,5.3861,-0.8194333
681.3327,680.8258,0.50688,4.566667,4.349333,0.2173333
681.3327,680.8258,0.50688,4.566667,4.428767,0.1379
681.3327,680.8258,0.50687,4.566667,4.3138,0.2528667
681.3327,680.8258,0.50685,4.566667,4.17585,0.3908167
681.3327,680.8259,0.50683,4.566667,4.234383,0.3322833
681.3327,680.8259,0.50678,4.566667,4.13615,0.4305167
681.3327,680.8259,0.50677,4.566667,4.330533,0.2361333
681.3327,680.826,0.50669,4.566667,5.361017,-0.79435
681.3327,680.826,0.50668,4.566667,4.290817,0.27585
681.3327,680.8261,0.50665,4.566667,3.9459,0.6207667
681.3327,680.8261,0.50665,4.566667,4.382783,0.1838833
681.3327,680.8261,0.50663,4.566667,4.257367,0.3093
681.3327,680.8261,0.50658,4.566667,5.3631,-0.7964333
681.3327,680.8262,0.50652,4.566667,4.15495,0.4117167
681.3327,680.8262,0.50649,4.566667,4.397417,0.16925
681.3327,680.8262,0.50649,4.566667,4.439217,0.12745
681.3327,680.8262,0.50648,4.566667,4.148683,0.4179833
681.3327,680.8262,0.50645,4.566667,4.213483,0.3531833
681.3327,680.8262,0.50645,4.566667,4.34725,0.2194167
681.3327,680.8263,0.50643,4.566667,4.088033,0.4786333
681.3327,680.8263,0.50642,4.566667,4.267817,0.29885
681.3327,680.8263,0.50639,4.566667,5.057933,-0.4912667
681.3327,680.8264,0.50634,4.566667,3.83095,0.7357167
681.3327,680.8264,0.50629,4.566667,4.673317,-0.10665
681.3327,680.8264,0.50626,4.566667,4.418317,0.14835
681.3327,680.8265,0.5062,4.566667,4.405767,0.1609
681.3327,680.8265,0.50618,4.566667,3.937533,0.6291333
681.3327,680.8265,0.50617,4.566667,4.30545,0.2612167
681.3327,680.8265,0.50615,4.566667,5.296217,-0.72955
681.3327,680.8266,0.50614,4.566667,4.43085,0.1358167
681.3327,680.8266,0.50614,4.566667,5.233517,-0.66685
681.3327,680.8266,0.50606,4.566667,4.3807,0.1859667
681.3327,680.8267,0.50601,4.566667,5.346383,-0.7797167
681.3327,680.8267,0.50598,4.566667,4.8113,-0.2446333
681.3327,680.8268,0.50594,4.566667,4.30335,0.2633167
681.3327,680.8269,0.5058,4.566667,4.249017,0.31765
681.3327,680.8269,0.50577,4.566667,5.440433,-0.8737667
681.3327,680.827,0.50574,4.566667,4.108933,0.4577333
681.3327,680.827,0.50572,4.566667,4.100567,0.4661
681.3327,680.827,0.50571,4.566667,4.200933,0.3657333
681.3327,680.827,0.5057,4.566667,3.770333,0.7963333
681.3327,680.827,0.50569,4.566667,4.414133,0.1525333
681.3327,680.8271,0.50559,4.566667,4.3995,0.1671667
681.3327,680.8272,0.50554,4.566667,4.278267,0.2884
681.3327,680.8272,0.50554,4.566667,5.260683,-0.6940167
681.3327,680.8272,0.50551,4.566667,5.41535,-0.8486833
681.3327,680.8272,0.50547,4.566667,3.72225,0.8444167
681.3327,680.8273,0.50541,4.566667,5.2795,-0.7128333
681.3327,680.8274,0.50532,4.566667,4.190483,0.3761833
681.3327,680.8275,0.5052,4.566667,5.009867,-0.4432
681.3327,680.8276,0.50514,4.566667,4.435033,0.1316333
681.3327,680.8276,0.50512,4.566667,5.315033,-0.7483667
681.3327,680.8276,0.50511,4.566667,5.271133,-0.7044667
681.3327,680.8277,0.50504,4.566667,3.835117,0.73155
681.3327,680.8277,0.50504,4.566667,4.196767,0.3699
681.3327,680.8277,0.50499,4.566667,4.694217,-0.12755
681.3327,680.8277,0.50497,4.566667,4.4225,0.1441667
681.3327,680.8278,0.50488,4.566667,4.19885,0.3678167
681.3327,680.8278,0.50487,4.566667,4.1654,0.4012667
681.3327,680.8278,0.50486,4.566667,4.460117,0.10655
681.3327,680.8279,0.50481,4.566667,3.741067,0.8256
681.3327,680.8279,0.50478,4.566667,4.99105,-0.4243833
681.3327,680.8279,0.50477,4.566667,5.407,-0.8403333
681.3327,680.8279,0.50476,4.566667,4.4413,0.1253667
681.3327,680.828,0.5047,4.566667,4.046233,0.5204333
681.3327,680.828,0.50469,4.566667,5.384,-0.8173333
681.3327,680.828,0.50468,4.566667,4.163317,0.40335
681.3327,680.8281,0.5046,4.566667,4.669133,-0.1024667
681.3327,680.8281,0.50459,4.566667,4.424583,0.1420833
681.3327,680.8281,0.50458,4.566667,5.252317,-0.68565
681.3327,680.8281,0.50458,4.566667,5.294133,-0.7274667
681.3327,680.8282,0.50447,4.566667,4.70885,-0.1421833
681.3327,680.8283,0.50439,4.566667,4.1236,0.4430667
681.3327,680.8284,0.50434,4.566667,4.0734,0.4932667
681.3327,680.8284,0.50431,4.566667,5.05585,-0.4891833
681.3327,680.8284,0.50425,4.566667,5.333833,-0.7671667
681.3327,680.8284,0.50425,4.566667,5.413267,-0.8466
681.3327,680.8285,0.50424,4.566667,4.798767,-0.2321
681.3327,680.8285,0.5042,4.566667,4.129867,0.4368
681.3327,680.8285,0.50417,4.566667,4.180033,0.3866333
681.3327,680.8286,0.50407,4.566667,4.159133,0.4075333
681.3327,680.8287,0.50396,4.566667,5.241867,-0.6752
681.3327,680.8288,0.50395,4.566667,4.259467,0.3072
681.3327,680.8288,0.50395,4.566667,5.379817,-0.81315
681.3327,680.829,0.50373,4.566667,4.8134,-0.2467333
681.3327,680.8291,0.50364,4.566667,4.4643,0.1023667
681.3327,680.8292,0.50354,4.566667,4.815483,-0.2488167
681.3327,680.8292,0.5035,4.566667,4.4622,0.1044667
681.3327,680.8292,0.50349,4.566667,4.205117,0.36155
681.3327,680.8292,0.50349,4.566667,5.461383,-0.8947167
681.3327,680.8292,0.50347,4.566667,4.317983,0.2486833
681.3327,680.8292,0.50346,4.566667,4.458033,0.1086333
681.3327,680.8293,0.50345,4.566667,5.2565,-0.6898333
681.3327,680.8293,0.50343,4.566667,5.154083,-0.5874167
681.3327,680.8293,0.50343,4.566667,5.388183,-0.8215167
681.3327,680.8293,0.5034,4.566667,4.809217,-0.24255
681.3327,680.8294,0.50332,4.566667,4.1466,0.4200667
681.3327,680.8294,0.50327,4.566667,5.064217,-0.49755
681.3327,680.8294,0.50327,4.566667,5.37565,-0.8089833
681.3327,680.8294,0.50326,4.566667,4.113117,0.45355
681.3327,680.8297,0.50303,4.566667,4.997333,-0.4306667
681.3327,680.8298,0.50291,4.566667,4.846833,-0.2801667
681.3327,680.8298,0.50291,4.566667,4.859383,-0.2927167
681.3327,680.83,0.50267,4.566667,5.037033,-0.4703667
681.3327,680.83,0.50267,4.566667,5.2356,-0.6689333
681.3327,680.8302,0.50245,4.566667,4.173767,0.3929
681.3327,680.8304,0.50233,4.566667,4.825933,-0.2592667
681.3327,680.8304,0.50229,4.566667,4.1863,0.3803667
681.3327,680.8305,0.50221,4.566667,4.171683,0.3949833
681.3327,680.8305,0.50216,4.566667,5.145733,-0.5790667
681.3327,680.8306,0.5021,4.566667,5.381917,-0.81525
681.3327,680.8309,0.50181,4.566667,4.851017,-0.28435
681.3327,680.8309,0.50178,4.566667,4.836383,-0.2697167
681.3327,680.8309,0.50178,4.566667,5.041217,-0.47455
681.3327,680.831,0.50174,4.566667,5.275317,-0.70865
681.3327,680.831,0.50171,4.566667,4.830117,-0.26345
681.3327,680.831,0.50166,4.566667,5.306667,-0.74
681.3327,680.8311,0.50164,4.566667,5.152,-0.5853333
681.3327,680.8311,0.50164,4.566667,5.409083,-0.8424167
681.3327,680.8311,0.50156,4.566667,4.081767,0.4849
681.3327,680.8314,0.50134,4.566667,5.4049,-0.8382333
681.3327,680.8318,0.50092,4.566667,4.182133,0.3845333
681.3327,680.8319,0.50084,4.566667,5.01195,-0.4452833
681.3327,680.8319,0.50078,4.566667,5.302483,-0.7358167
681.3327,680.832,0.50069,4.566667,4.978517,-0.41185
681.3327,680.832,0.50065,4.566667,4.792483,-0.2258167
681.3327,680.8321,0.50058,4.566667,4.82385,-0.2571833
681.3327,680.8321,0.50057,4.566667,5.220967,-0.6543
681.3327,680.8322,0.50054,4.566667,4.838467,-0.2718
681.3327,680.8322,0.50048,4.566667,5.400717,-0.83405
681.3327,680.8322,0.50047,4.566667,4.848933,-0.2822667
681.3327,680.8323,0.50044,4.566667,4.86355,-0.2968833
681.3327,680.8323,0.50037,4.566667,4.08385,0.4828167
681.3327,680.8324,0.50026,4.566667,5.262783,-0.6961167
681.3327,680.8324,0.50025,4.566667,3.78705,0.7796167
681.3327,680.8324,0.50025,4.566667,4.2093,0.3573667
681.3327,680.8324,0.50025,4.566667,5.14155,-0.5748833
681.3327,680.8325,0.50018,4.566667,5.07885,-0.5121833
681.3327,680.8326,0.50013,4.566667,4.819667,-0.253
681.3327,680.8326,0.50006,4.566667,5.239783,-0.6731167
681.3327,680.8327,0.50002,4.566667,5.358917,-0.79225
681.3327,680.8327,0.5,4.566667,4.777817,-0.21115
681.3327,680.8328,0.49993,4.566667,4.82175,-0.2550833
681.3327,680.8328,0.49992,4.566667,4.0964,0.4702667
681.3327,680.8328,0.49986,4.566667,4.976417,-0.40975
681.3327,680.8329,0.49982,4.566667,5.28785,-0.7211833
681.3327,680.8329,0.49979,4.566667,5.070483,-0.5038167
681.3327,680.8329,0.49978,4.566667,4.782,-0.2153333
681.3327,680.8329,0.49978,4.566667,4.9827,-0.4160333
681.3327,680.8329,0.49977,4.566667,4.2929,0.2737667
681.3327,680.8329,0.49976,4.566667,4.710933,-0.1442667
681.3327,680.833,0.49972,4.566667,4.861467,-0.2948
681.3327,680.8331,0.49963,4.566667,5.039133,-0.4724667
681.3327,680.8331,0.49958,4.566667,5.016133,-0.4494667
681.3327,680.8332,0.49952,4.566667,4.7172,-0.1505333
681.3327,680.8332,0.49952,4.566667,4.986883,-0.4202167
681.3327,680.8332,0.49952,4.566667,5.1499,-0.5832333
681.3327,680.8332,0.49948,4.566667,4.8322,-0.2655333
681.3327,680.8333,0.49941,4.566667,5.062117,-0.49545
681.3327,680.8334,0.49934,4.566667,5.101833,-0.5351667
681.3327,680.8334,0.49934,4.566667,5.16035,-0.5936833
681.3327,680.8334,0.49932,4.566667,5.35265,-0.7859833
681.3327,680.8334,0.49927,4.566667,4.796667,-0.23
681.3327,680.8335,0.49921,4.566667,4.995233,-0.4285667
681.3327,680.8336,0.49911,4.566667,5.22515,-0.6584833
681.3327,680.8336,0.49906,4.566667,4.7193,-0.1526333
681.3327,680.8337,0.49901,4.566667,5.2983,-0.7316333
681.3327,680.8338,0.49892,4.566667,5.181267,-0.6146
681.3327,680.8339,0.49879,4.566667,4.805033,-0.2383667
681.3327,680.834,0.49874,4.566667,4.828017,-0.26135
681.3327,680.834,0.4987,4.566667,5.344283,-0.7776167
681.3327,680.834,0.49869,4.566667,5.2377,-0.6710333
681.3327,680.8341,0.49864,4.566667,4.194667,0.372
681.3327,680.8342,0.4985,4.566667,5.0663,-0.4996333
681.3327,680.8344,0.49828,4.566667,4.965967,-0.3993
681.3327,680.8344,0.49827,4.566667,4.84475,-0.2780833
681.3327,680.8344,0.49826,4.566667,4.984783,-0.4181167
681.3327,680.8345,0.49824,4.566667,4.840567,-0.2739
681.3327,680.8345,0.49824,4.566667,5.133183,-0.5665167
681.3327,680.8345,0.49822,4.566667,5.354733,-0.7880667
681.3327,680.8346,0.49815,4.566667,4.713033,-0.1463667
681.3327,680.8346,0.49814,4.566667,5.129,-0.5623333
681.3327,680.8346,0.49813,4.566667,4.779917,-0.21325
681.3327,680.8346,0.49811,4.566667,4.9618,-0.3951333
681.3327,680.8346,0.49809,4.566667,4.8552,-0.2885333
681.3327,680.8346,0.49808,4.566667,5.030767,-0.4641
681.3327,680.8347,0.49803,4.566667,5.2586,-0.6919333
681.3327,680.8347,0.49795,4.566667,5.049583,-0.4829167
681.3327,680.8348,0.49787,4.566667,4.869833,-0.3031667
681.3327,680.8348,0.49785,4.566667,4.8531,-0.2864333
681.3327,680.8349,0.49779,4.566667,4.788317,-0.22165
681.3327,680.835,0.49774,4.566667,4.807117,-0.24045
681.3327,680.8351,0.49763,4.566667,5.1081,-0.5414333
681.3327,680.8351,0.4976,4.566667,5.053767,-0.4871
681.3327,680.8352,0.49753,4.566667,5.0245,-0.4578333
681.3327,680.8352,0.49752,4.566667,5.085117,-0.51845
681.3327,680.8352,0.4975,4.566667,4.746467,-0.1798
681.3327,680.8352,0.49747,4.566667,5.250233,-0.6835667
681.3327,680.8353,0.49739,4.566667,5.09765,-0.5309833
681.3327,680.8353,0.49738,4.566667,4.953433,-0.3867667
681.3327,680.8355,0.49724,4.566667,4.909533,-0.3428667
681.3327,680.8355,0.49722,4.566667,4.94925,-0.3825833
681.3327,680.8355,0.49721,4.566667,4.756917,-0.19025
681.3327,680.8355,0.49721,4.566667,5.390267,-0.8236
681.3327,680.8355,0.4972,4.566667,4.9388,-0.3721333
681.3327,680.8355,0.49717,4.566667,4.77155,-0.2048833
681.3327,680.8355,0.49717,4.566667,5.074667,-0.508
681.3327,680.8356,0.49714,4.566667,4.9597,-0.3930333
681.3327,680.8357,0.49703,4.566667,4.974333,-0.4076667
681.3327,680.8357,0.49698,4.566667,5.164533,-0.5978667
681.3327,680.8357,0.49695,4.566667,4.8343,-0.2676333
681.3327,680.8358,0.49693,4.566667,4.72975,-0.1630833
681.3327,680.8358,0.49692,4.566667,4.930433,-0.3637667
681.3327,680.8358,0.4969,4.566667,4.936717,-0.37005
681.3327,680.8359,0.49683,4.566667,4.84265,-0.2759833
681.3327,680.8359,0.49676,4.566667,4.817567,-0.2509
681.3327,680.836,0.49674,4.566667,4.97015,-0.4034833
681.3327,680.836,0.49674,4.566667,5.116467,-0.5498
681.3327,680.836,0.49672,4.566667,4.942983,-0.3763167
681.3327,680.8361,0.49665,4.566667,4.9409,-0.3742333
681.3327,680.8361,0.49658,4.566667,4.945067,-0.3784
681.3327,680.8362,0.49652,4.566667,5.093467,-0.5268
681.3327,680.8362,0.49651,4.566667,4.932533,-0.3658667
681.3327,680.8362,0.49649,4.566667,5.114367,-0.5477
681.3327,680.8362,0.49645,4.566667,4.97225,-0.4055833
681.3327,680.8363,0.49644,4.566667,5.095567,-0.5289
681.3327,680.8363,0.4964,4.566667,5.13945,-0.5727833
681.3327,680.8364,0.49632,4.566667,5.124833,-0.5581667
681.3327,680.8364,0.49629,4.566667,4.922083,-0.3554167
681.3327,680.8364,0.49628,4.566667,5.137367,-0.5707
681.3327,680.8365,0.49619,4.566667,5.0893,-0.5226333
681.3327,680.8365,0.49618,4.566667,5.01405,-0.4473833
681.3327,680.8366,0.49614,4.566667,4.723483,-0.1568167
681.3327,680.8366,0.49611,4.566667,4.878183,-0.3115167
681.3327,680.8366,0.49611,4.566667,5.1311,-0.5644333
681.3327,680.8366,0.4961,4.566667,4.882367,-0.3157
681.3327,680.8366,0.49607,4.566667,4.968067,-0.4014
681.3327,680.8367,0.49601,4.566667,4.880283,-0.3136167
681.3327,680.8367,0.49598,4.566667,4.911633,-0.3449667
681.3327,680.8368,0.49591,4.566667,4.924167,-0.3575
681.3327,680.8368,0.49591,4.566667,4.957617,-0.39095
681.3327,680.8368,0.4959,4.566667,5.032867,-0.4662
681.3327,680.8369,0.49578,4.566667,4.963883,-0.3972167
681.3327,680.8369,0.49576,4.566667,4.871917,-0.30525
681.3327,680.8369,0.49576,4.566667,5.103917,-0.53725
681.3327,680.8371,0.49562,4.566667,5.335933,-0.7692667
681.3327,680.8372,0.49554,4.566667,5.371467,-0.8048
681.3327,680.8372,0.49552,4.566667,4.86565,-0.2989833
681.3327,680.8372,0.49551,4.566667,4.947167,-0.3805
681.3327,680.8372,0.49547,4.566667,5.051667,-0.485
681.3327,680.8373,0.49544,4.566667,5.106017,-0.53935
681.3327,680.8373,0.49539,4.566667,4.955517,-0.38885
681.3327,680.8373,0.49536,4.566667,5.068383,-0.5017167
681.3327,680.8375,0.49516,4.566667,4.899083,-0.3324167
681.3327,680.8377,0.49496,4.566667,4.752733,-0.1860667
681.3327,680.8378,0.49491,4.566667,4.99315,-0.4264833
681.3327,680.8379,0.49485,4.566667,4.919983,-0.3533167
681.3327,680.8379,0.49483,4.566667,4.725567,-0.1589
681.3327,680.8379,0.49483,4.566667,5.12065,-0.5539833
681.3327,680.8379,0.49477,4.566667,4.890733,-0.3240667
681.3327,680.838,0.49472,4.566667,4.731833,-0.1651667
681.3327,680.838,0.49472,4.566667,5.09975,-0.5330833
681.3327,680.838,0.49471,4.566667,4.742283,-0.1756167
681.3327,680.8381,0.49463,4.566667,4.744383,-0.1777167
681.3327,680.8381,0.4946,4.566667,4.934617,-0.36795
681.3327,680.8381,0.49457,4.566667,5.091383,-0.5247167
681.3327,680.8382,0.49451,4.566667,4.915817,-0.34915
681.3327,680.8382,0.49448,4.566667,4.715117,-0.14845
681.3327,680.8383,0.49438,4.566667,4.9179,-0.3512333
681.3327,680.8384,0.49434,4.566667,5.367283,-0.8006167
681.3327,680.8384,0.49432,4.566667,4.759017,-0.19235
681.3327,680.8384,0.49432,4.566667,5.39445,-0.8277833
681.3327,680.8384,0.49431,4.566667,4.80295,-0.2362833
681.3327,680.8385,0.49421,4.566667,5.126917,-0.56025
681.3327,680.8385,0.49418,4.566667,4.897,-0.3303333
681.3327,680.8386,0.49415,4.566667,5.1102,-0.5435333
681.3327,680.8386,0.49407,4.566667,4.72765,-0.1609833
681.3327,680.8387,0.49404,4.566667,5.11855,-0.5518833
681.3327,680.8387,0.49399,4.566667,4.905367,-0.3387
681.3327,680.8387,0.49399,4.566667,4.926267,-0.3596
681.3327,680.8387,0.49398,4.566667,4.736017,-0.16935
681.3327,680.8387,0.49397,4.566667,4.748567,-0.1819
681.3327,680.8388,0.49388,4.566667,4.903267,-0.3366
681.3327,680.8388,0.49388,4.566667,5.0872,-0.5205333
681.3327,680.8389,0.49381,4.566667,4.999417,-0.43275
681.3327,680.8389,0.49376,4.566667,4.773633,-0.2069667
681.3327,680.839,0.49368,4.566667,4.92835,-0.3616833
681.3327,680.8391,0.49361,4.566667,4.894917,-0.32825
681.3327,680.8391,0.49361,4.566667,5.122733,-0.5560667
681.3327,680.8391,0.4936,4.566667,4.874,-0.3073333
681.3327,680.8392,0.49354,4.566667,4.857283,-0.2906167
681.3327,680.8392,0.4935,4.566667,5.0036,-0.4369333
681.3327,680.8392,0.49345,4.566667,4.901183,-0.3345167
681.3327,680.8392,0.49345,4.566667,4.913717,-0.34705
681.3327,680.8393,0.49341,4.566667,4.888633,-0.3219667
681.3327,680.8393,0.49338,4.566667,4.80085,-0.2341833
681.3327,680.8396,0.49311,4.566667,5.26695,-0.7002833
681.3327,680.8396,0.49308,4.566667,5.0224,-0.4557333
681.3327,680.8397,0.49303,4.566667,5.083017,-0.51635
681.3327,680.8397,0.49295,4.566667,5.028683,-0.4620167
681.3327,680.8398,0.49294,4.566667,4.88445,-0.3177833
681.3327,680.8398,0.49285,4.566667,5.143633,-0.5769667
681.3327,680.8399,0.49282,4.566667,5.072567,-0.5059
681.3327,680.84,0.49267,4.566667,4.784133,-0.2174667
681.3327,680.8402,0.49254,4.566667,4.867733,-0.3010667
681.3327,680.8403,0.49235,4.566667,4.75065,-0.1839833
681.3327,680.8404,0.49226,4.566667,4.892817,-0.32615
681.3327,680.8406,0.49215,4.566667,5.348467,-0.7818
681.3327,680.8406,0.49206,4.566667,5.080933,-0.5142667
681.3327,680.8407,0.49202,4.566667,4.721383,-0.1547167
681.3327,680.8408,0.49194,4.566667,4.90745,-0.3407833
681.3327,680.8408,0.49189,4.566667,4.8761,-0.3094333
681.3327,680.8408,0.49186,4.566667,5.07675,-0.5100833
681.3327,680.841,0.49175,4.566667,5.135283,-0.5686167
681.3327,680.8411,0.4916,4.566667,5.112283,-0.5456167
681.3327,680.8411,0.49156,4.566667,4.733933,-0.1672667
681.3327,680.8412,0.49154,4.566667,5.043317,-0.47665
681.3327,680.8414,0.49134,4.566667,4.754833,-0.1881667
681.3327,680.8414,0.49134,4.566667,4.763183,-0.1965167
681.3327,680.8415,0.49117,4.566667,4.7381,-0.1714333
681.3327,680.8415,0.49115,4.566667,5.3004,-0.7337333
681.3327,680.8416,0.49114,4.566667,4.988967,-0.4223
681.3327,680.8416,0.49107,4.566667,5.147817,-0.58115
681.3327,680.8417,0.491,4.566667,4.95135,-0.3846833
681.3327,680.8418,0.49095,4.566667,4.7611,-0.1944333
681.3327,680.8419,0.49082,4.566667,4.769467,-0.2028
681.3327,680.8424,0.49031,4.566667,4.7402,-0.1735333
681.3327,680.8428,0.48985,4.566667,4.88655,-0.3198833
681.3327,680.8445,0.48825,4.566667,5.453017,-0.88635
681.3327,680.8445,0.48821,4.566667,4.794583,-0.2279167
681.3327,680.8446,0.48814,4.566667,4.765283,-0.1986167
681.3327,680.8469,0.48583,4.566667,5.03495,-0.4682833
681.3327,680.8487,0.48405,4.566667,5.465567,-0.8989
681.3327,680.8491,0.48359,4.566667,5.0015,-0.4348333
681.3327,680.8499,0.48283,4.566667,5.156183,-0.5895167
681.3327,680.8512,0.4815,4.566667,5.020317,-0.45365
681.3327,680.8578,0.47487,4.566667,5.018233,-0.4515667
681.3327,680.8849,0.44777,4.566667,5.306667,-0.74
681.3327,680.9705,0.3622,4.566667,4.82385,-0.2571833
681.3327,680.9708,0.36194,4.566667,4.215567,0.3511
681.3327,680.9729,0.35979,4.566667,4.236467,0.3302
681.3327,680.9734,0.35926,4.566667,4.211383,0.3552833
681.3327,680.9747,0.35802,4.566667,4.238567,0.3281
681.3327,680.9748,0.35786,4.566667,4.24065,0.3260167
681.3327,680.9759,0.35682,4.566667,4.213483,0.3531833
681.3327,680.976,0.35668,4.566667,4.280367,0.2863
681.3327,680.9763,0.35641,4.566667,4.255283,0.3113833
681.3327,680.9764,0.35635,4.566667,4.24275,0.3239167
681.3327,680.9765,0.35624,4.566667,4.249017,0.31765
681.3327,680.9769,0.35576,4.566667,4.200933,0.3657333
681.3327,680.9771,0.35564,4.566667,4.246917,0.31975
681.3327,680.9773,0.35542,4.566667,4.226017,0.34065
681.3327,680.9776,0.35506,4.566667,4.26365,0.3030167
681.3327,680.9779,0.35478,4.566667,4.234383,0.3322833
681.3327,680.9781,0.35458,4.566667,4.244833,0.3218333
681.3327,680.9787,0.35402,4.566667,4.269917,0.29675
681.3327,680.979,0.35366,4.566667,4.376517,0.19015
681.3327,680.9792,0.35348,4.566667,4.221833,0.3448333
681.3327,680.9793,0.35344,4.566667,4.290817,0.27585
681.3327,680.9802,0.35251,4.566667,5.037033,-0.4703667
681.3327,680.9804,0.35229,4.566667,4.2741,0.2925667
681.3327,680.981,0.35174,4.566667,4.223933,0.3427333
681.3327,680.9823,0.35036,4.566667,4.2532,0.3134667
681.3327,680.9829,0.34984,4.566667,4.259467,0.3072
681.3327,680.9836,0.34914,4.566667,5.020317,-0.45365
681.3327,680.9843,0.34835,4.566667,4.913717,-0.34705
681.3327,680.9844,0.34829,4.566667,5.444617,-0.87795
681.3327,680.9851,0.34761,4.566667,4.922083,-0.3554167
681.3327,680.9861,0.34658,4.566667,4.190483,0.3761833
681.3327,680.9865,0.34623,4.566667,5.0245,-0.4578333
681.3327,680.9866,0.3461,4.566667,5.016133,-0.4494667
681.3327,680.9872,0.34555,4.566667,5.007783,-0.4411167
681.3327,680.9881,0.34457,4.566667,5.01195,-0.4452833
681.3327,680.9887,0.34396,4.566667,5.419533,-0.8528667
681.3327,680.9891,0.34362,4.566667,4.999417,-0.43275
681.3327,680.9954,0.33734,4.566667,5.350567,-0.7839
681.3327,680.9956,0.33714,4.566667,4.286633,0.2800333
681.3327,680.9966,0.33609,4.566667,4.733933,-0.1672667
681.3327,681.0003,0.33243,4.566667,5.421633,-0.8549667
681.3327,681.0025,0.33024,4.566667,4.840567,-0.2739
681.3327,681.0075,0.32523,4.566667,4.4434,0.1232667
681.3327,681.0164,0.31634,4.566667,5.2795,-0.7128333
681.3327,681.017,0.31574,4.566667,4.869833,-0.3031667
681.3327,681.0175,0.3152,4.566667,4.9806,-0.4139333
681.3327,681.0189,0.31376,4.566667,4.86565,-0.2989833
681.3327,681.019,0.3137,4.566667,4.984783,-0.4181167
681.3327,681.0197,0.31301,4.566667,5.049583,-0.4829167
681.3327,681.0199,0.31277,4.566667,5.304583,-0.7379167
681.3327,681.0227,0.31001,4.566667,4.9409,-0.3742333
681.3327,681.0248,0.30787,4.566667,4.988967,-0.4223
681.3327,681.0251,0.30761,4.566667,5.028683,-0.4620167
681.3327,681.0254,0.30734,4.566667,5.11855,-0.5518833
681.3327,681.0263,0.30636,4.566667,5.13945,-0.5727833
681.3327,681.0275,0.30524,4.566667,4.809217,-0.24255
681.3327,681.0279,0.30484,4.566667,5.250233,-0.6835667
681.3327,681.0283,0.30444,4.566667,4.99105,-0.4243833
681.3327,681.0291,0.30355,4.566667,5.103917,-0.53725
681.3327,681.0292,0.30351,4.566667,4.796667,-0.23
681.3327,681.03,0.30268,4.566667,5.197983,-0.6313167
681.3327,681.0311,0.3016,4.566667,5.0224,-0.4557333
681.3327,681.0311,0.30158,4.566667,4.405767,0.1609
681.3327,681.0335,0.29917,4.566667,5.032867,-0.4662
681.3327,681.035,0.2977,4.566667,5.106017,-0.53935
681.3327,681.0354,0.29733,4.566667,5.026583,-0.4599167
681.3327,681.0355,0.29723,4.566667,5.091383,-0.5247167
681.3327,681.0356,0.29707,4.566667,5.041217,-0.47455
681.3327,681.0397,0.29302,4.566667,4.9827,-0.4160333
681.3327,681.0404,0.29228,4.566667,5.057933,-0.4912667
681.3327,681.0413,0.29144,4.566667,5.0454,-0.4787333
681.3327,681.0413,0.29141,4.566667,5.0872,-0.5205333
681.3327,681.0416,0.29106,4.566667,5.009867,-0.4432
681.3327,681.0422,0.29049,4.566667,5.005683,-0.4390167
681.3327,681.0424,0.29027,4.566667,5.018233,-0.4515667
681.3327,681.0429,0.28979,4.566667,4.978517,-0.41185
681.3327,681.043,0.28975,4.566667,5.039133,-0.4724667
681.3327,681.043,0.28971,4.566667,5.016133,-0.4494667
681.3327,681.0435,0.28924,4.566667,5.051667,-0.485
681.3327,681.0437,0.28898,4.566667,4.976417,-0.40975
681.3327,681.0438,0.28895,4.566667,5.043317,-0.47665
681.3327,681.0439,0.28876,4.566667,5.037033,-0.4703667
681.3327,681.044,0.28866,4.566667,5.0036,-0.4369333
681.3327,681.044,0.28865,4.566667,4.986883,-0.4202167
681.3327,681.0448,0.28795,4.566667,5.01195,-0.4452833
681.3327,681.045,0.28768,4.566667,4.995233,-0.4285667
681.3327,681.0452,0.28747,4.566667,5.095567,-0.5289
681.3327,681.0456,0.28713,4.566667,5.0015,-0.4348333
681.3327,681.0457,0.28698,4.566667,5.070483,-0.5038167
681.3327,681.046,0.28669,4.566667,4.997333,-0.4306667
681.3327,681.046,0.28666,4.566667,5.064217,-0.49755
681.3327,681.0468,0.28591,4.566667,5.0245,-0.4578333
681.3327,681.047,0.28569,4.566667,4.999417,-0.43275
681.3327,681.0497,0.28297,4.566667,5.03495,-0.4682833
681.3327,681.052,0.28068,4.566667,4.99315,-0.4264833
681.3327,681.053,0.2797,4.566667,5.01405,-0.4473833
681.3327,681.053,0.27965,4.566667,5.007783,-0.4411167
681.3327,681.0541,0.27861,4.566667,5.020317,-0.45365
681.3327,681.0548,0.27785,4.566667,5.030767,-0.4641
681.3327,681.1077,0.22504,4.566667,5.285767,-0.7191
681.3327,681.1101,0.22265,4.566667,5.018233,-0.4515667
681.3327,681.1152,0.21754,4.566667,5.106017,-0.53935
681.3327,681.123,0.20974,4.566667,5.0015,-0.4348333
681.3327,681.4474,-0.11472,4.566667,4.445483,0.1211833
681.3327,681.4523,-0.11956,4.566667,4.30335,0.2633167
681.3327,681.4525,-0.11978,4.566667,4.0316,0.5350667
681.3327,681.4534,-0.12066,4.566667,4.257367,0.3093
681.3327,681.4535,-0.12081,4.566667,4.08385,0.4828167
681.3327,681.454,-0.12127,4.566667,4.309633,0.2570333
681.3327,681.4541,-0.12136,4.566667,4.1257,0.4409667
681.3327,681.4551,-0.12244,4.566667,4.3995,0.1671667
681.3327,681.4573,-0.12458,4.566667,4.117333,0.4493333
681.3327,681.4581,-0.12539,4.566667,4.223933,0.3427333
681.3327,681.4582,-0.12547,4.566667,4.322167,0.2445
681.3327,681.4585,-0.1258,4.566667,4.060867,0.5058
681.3327,681.459,-0.12627,4.566667,4.1466,0.4200667
681.3327,681.4596,-0.12687,4.566667,4.03995,0.5267167
681.3327,681.4596,-0.12692,4.566667,4.127783,0.4388833
681.3327,681.4601,-0.12743,4.566667,4.108933,0.4577333
681.3327,681.4605,-0.12775,4.566667,4.43085,0.1358167
681.3327,681.4617,-0.12899,4.566667,4.048317,0.51835
681.3327,681.5096,-0.1769,4.566667,5.317117,-0.75045
681.3327,681.5262,-0.19354,4.566667,4.445483,0.1211833
681.3327,681.5982,-0.26545,4.566667,4.466383,0.1002833
681.3327,681.6034,-0.27066,4.566667,4.435033,0.1316333
681.3327,681.6093,-0.27657,4.566667,4.445483,0.1211833
681.3327,681.6103,-0.2776,4.566667,5.264867,-0.6982
681.3327,681.6108,-0.27807,4.566667,4.4413,0.1253667
681.3327,681.611,-0.27829,4.566667,4.416217,0.15045
681.3327,681.6137,-0.28105,4.566667,4.43085,0.1358167
681.3327,681.614,-0.2813,4.566667,4.447583,0.1190833
681.3327,681.6147,-0.28199,4.566667,4.437133,0.1295333
681.3327,681.6168,-0.28412,4.566667,4.458033,0.1086333
681.3327,681.6174,-0.28474,4.566667,4.4434,0.1232667
681.3327,681.6195,-0.28679,4.566667,4.43295,0.1337167
681.3327,681.6198,-0.28708,4.566667,4.428767,0.1379
681.3327,681.62,-0.28731,4.566667,4.426683,0.1399833
681.3327,681.6223,-0.2896,4.566667,4.460117,0.10655
681.3327,681.6254,-0.29271,4.566667,4.449667,0.117
681.3327,681.6294,-0.2967,4.566667,4.455933,0.1107333
681.3327,681.6303,-0.29764,4.566667,4.439217,0.12745
681.3327,681.6352,-0.30251,4.566667,4.259467,0.3072
681.3327,681.6374,-0.30473,4.566667,4.215567,0.3511
681.3327,681.638,-0.30531,4.566667,4.45385,0.1128167
681.3327,681.6382,-0.30554,4.566667,4.217667,0.349
681.3327,681.6389,-0.30622,4.566667,4.21975,0.3469167
681.3327,681.6398,-0.30705,4.566667,4.244833,0.3218333
681.3327,681.6401,-0.30741,4.566667,4.276183,0.2904833
681.3327,681.6406,-0.30789,4.566667,4.249017,0.31765
681.3327,681.6408,-0.30812,4.566667,4.226017,0.34065
681.3327,681.6408,-0.30814,4.566667,4.255283,0.3113833
681.3327,681.6411,-0.30838,4.566667,4.28245,0.2842167
681.3327,681.6412,-0.30849,4.566667,4.874,-0.3073333
681.3327,681.6412,-0.30853,4.566667,4.2302,0.3364667
681.3327,681.642,-0.30931,4.566667,4.888633,-0.3219667
681.3327,681.642,-0.30931,4.566667,5.312933,-0.7462667
681.3327,681.6421,-0.30939,4.566667,4.265733,0.3009333
681.3327,681.6422,-0.30955,4.566667,4.238567,0.3281
681.3327,681.6423,-0.30959,4.566667,4.234383,0.3322833
681.3327,681.6423,-0.30961,4.566667,4.2532,0.3134667
681.3327,681.6424,-0.3097,4.566667,4.257367,0.3093
681.3327,681.6424,-0.30971,4.566667,4.26155,0.3051167
681.3327,681.6428,-0.31012,4.566667,4.269917,0.29675
681.3327,681.6429,-0.31022,4.566667,4.435033,0.1316333
681.3327,681.643,-0.31026,4.566667,4.968067,-0.4014
681.3327,681.643,-0.31031,4.566667,5.243967,-0.6773
681.3327,681.643,-0.31032,4.566667,4.30335,0.2633167
681.3327,681.6431,-0.31038,4.566667,4.8531,-0.2864333
681.3327,681.6431,-0.31045,4.566667,4.228117,0.33855
681.3327,681.6432,-0.31053,4.566667,4.3159,0.2507667
681.3327,681.6433,-0.31056,4.566667,4.2741,0.2925667
681.3327,681.6435,-0.31078,4.566667,4.223933,0.3427333
681.3327,681.6435,-0.31081,4.566667,4.236467,0.3302
681.3327,681.6439,-0.31115,4.566667,4.288733,0.2779333
681.3327,681.644,-0.31132,4.566667,4.24275,0.3239167
681.3327,681.6441,-0.3114,4.566667,4.232283,0.3343833
681.3327,681.6442,-0.31152,4.566667,4.221833,0.3448333
681.3327,681.6444,-0.31167,4.566667,4.311717,0.25495
681.3327,681.6449,-0.31224,4.566667,4.26365,0.3030167
681.3327,681.6452,-0.31246,4.566667,5.037033,-0.4703667
681.3327,681.6455,-0.31285,4.566667,4.301267,0.2654
681.3327,681.646,-0.31326,4.566667,4.272,0.2946667
681.3327,681.6462,-0.31351,4.566667,4.295,0.2716667
681.3327,681.6464,-0.31368,4.566667,4.213483,0.3531833
681.3327,681.6465,-0.31379,4.566667,4.2511,0.3155667
681.3327,681.6475,-0.31482,4.566667,4.246917,0.31975
681.3327,681.6476,-0.3149,4.566667,4.267817,0.29885
681.3327,681.6481,-0.31541,4.566667,4.280367,0.2863
681.3327,681.6487,-0.31599,4.566667,4.24065,0.3260167
681.3327,681.6489,-0.31618,4.566667,4.880283,-0.3136167
681.3327,681.6489,-0.31619,4.566667,4.871917,-0.30525
681.3327,681.6489,-0.31622,4.566667,4.861467,-0.2948
681.3327,681.6491,-0.31639,4.566667,4.278267,0.2884
681.3327,681.65,-0.31729,4.566667,4.30545,0.2612167
681.3327,681.6502,-0.31752,4.566667,5.252317,-0.68565
681.3327,681.6504,-0.31769,4.566667,4.867733,-0.3010667
681.3327,681.6507,-0.31799,4.566667,4.290817,0.27585
681.3327,681.6509,-0.31817,4.566667,4.897,-0.3303333
681.3327,681.6516,-0.3189,4.566667,4.84475,-0.2780833
681.3327,681.6518,-0.31914,4.566667,5.3422,-0.7755333
681.3327,681.6524,-0.31968,4.566667,4.28455,0.2821167
681.3327,681.6533,-0.3206,4.566667,4.840567,-0.2739
681.3327,681.6533,-0.32062,4.566667,4.297083,0.2695833
681.3327,681.6537,-0.32105,4.566667,4.131967,0.4347
681.3327,681.6539,-0.32123,4.566667,4.90745,-0.3407833
681.3327,681.6545,-0.32183,4.566667,4.86355,-0.2968833
681.3327,681.6546,-0.32192,4.566667,4.890733,-0.3240667
681.3327,681.6549,-0.32216,4.566667,4.8343,-0.2676333
681.3327,681.6558,-0.32314,4.566667,4.84265,-0.2759833
681.3327,681.656,-0.32333,4.566667,4.8761,-0.3094333
681.3327,681.656,-0.32334,4.566667,4.905367,-0.3387
681.3327,681.657,-0.32431,4.566667,4.88655,-0.3198833
681.3327,681.6571,-0.32438,4.566667,4.82385,-0.2571833
681.3327,681.6604,-0.32769,4.566667,4.88445,-0.3177833
681.3327,681.6606,-0.32793,4.566667,5.317117,-0.75045
681.3327,681.6621,-0.32938,4.566667,5.43835,-0.8716833
681.3327,681.6636,-0.33091,4.566667,4.878183,-0.3115167
681.3327,681.6649,-0.33216,4.566667,4.848933,-0.2822667
681.3327,681.672,-0.33926,4.566667,4.99315,-0.4264833
681.3327,681.6722,-0.33947,4.566667,4.805033,-0.2383667
681.3327,681.6761,-0.34336,4.566667,4.869833,-0.3031667
681.3327,681.6772,-0.34453,4.566667,4.830117,-0.26345
681.3327,681.6824,-0.34974,4.566667,4.888633,-0.3219667
681.3327,681.6882,-0.35549,4.566667,4.867733,-0.3010667
681.3327,681.6883,-0.35559,4.566667,4.8343,-0.2676333
681.3327,681.6892,-0.35648,4.566667,4.815483,-0.2488167
681.3327,681.6931,-0.36041,4.566667,5.168717,-0.60205
681.3327,681.6946,-0.3619,4.566667,4.859383,-0.2927167
681.3327,681.6952,-0.36254,4.566667,4.7611,-0.1944333
681.3327,681.701,-0.3683,4.566667,4.86355,-0.2968833
681.3327,681.7138,-0.38115,4.566667,5.03495,-0.4682833
681.3327,681.8178,-0.48508,4.566667,5.4572,-0.8905333
681.3327,681.8183,-0.48562,4.566667,5.434167,-0.8675
681.3327,681.819,-0.48633,4.566667,5.152,-0.5853333
681.3327,681.8194,-0.48671,4.566667,5.348467,-0.7818
681.3327,681.8198,-0.48712,4.566667,5.423717,-0.85705
681.3327,681.8202,-0.48755,4.566667,5.01405,-0.4473833
681.3327,681.8205,-0.48777,4.566667,4.773633,-0.2069667
681.3327,681.8207,-0.48804,4.566667,5.409083,-0.8424167
681.3327,681.8209,-0.48818,4.566667,5.018233,-0.4515667
681.3327,681.8209,-0.48823,4.566667,5.4467,-0.8800333
681.3327,681.821,-0.48834,4.566667,5.2983,-0.7316333
681.3327,681.8213,-0.48858,4.566667,5.28995,-0.7232833
681.3327,681.8213,-0.48863,4.566667,5.442533,-0.8758667
681.3327,681.8214,-0.48867,4.566667,5.440433,-0.8737667
681.3327,681.8215,-0.48884,4.566667,5.325483,-0.7588167
681.3327,681.8219,-0.48922,4.566667,5.208433,-0.6417667
681.3327,681.822,-0.48926,4.566667,5.444617,-0.87795
681.3327,681.8221,-0.48938,4.566667,5.302483,-0.7358167
681.3327,681.8221,-0.48938,4.566667,5.429983,-0.8633167
681.3327,681.8224,-0.48967,4.566667,5.020317,-0.45365
681.3327,681.8224,-0.48972,4.566667,5.2147,-0.6480333
681.3327,681.8227,-0.49004,4.566667,5.402817,-0.83615
681.3327,681.8228,-0.49008,4.566667,5.2356,-0.6689333
681.3327,681.8231,-0.49037,4.566667,5.16035,-0.5936833
681.3327,681.8231,-0.49044,4.566667,5.306667,-0.74
681.3327,681.8235,-0.49081,4.566667,5.371467,-0.8048
681.3327,681.8235,-0.49084,4.566667,5.4258,-0.8591333
681.3327,681.8236,-0.49094,4.566667,5.338017,-0.77135
681.3327,681.8237,-0.49103,4.566667,5.064217,-0.49755
681.3327,681.8238,-0.49105,4.566667,5.4488,-0.8821333
681.3327,681.8239,-0.49122,4.566667,5.223067,-0.6564
681.3327,681.8242,-0.49145,4.566667,5.43625,-0.8695833
681.3327,681.8242,-0.49149,4.566667,4.238567,0.3281
681.3327,681.8245,-0.49176,4.566667,5.174983,-0.6083167
681.3327,681.8245,-0.49179,4.566667,5.296217,-0.72955
681.3327,681.8246,-0.49186,4.566667,5.032867,-0.4662
681.3327,681.8246,-0.4919,4.566667,4.2741,0.2925667
681.3327,681.8248,-0.49208,4.566667,4.272,0.2946667
681.3327,681.8248,-0.49211,4.566667,4.10685,0.4598167
681.3327,681.8249,-0.49218,4.566667,5.0224,-0.4557333
681.3327,681.8249,-0.49221,4.566667,4.297083,0.2695833
681.3327,681.8249,-0.49223,4.566667,4.715117,-0.14845
681.3327,681.825,-0.49233,4.566667,4.278267,0.2884
681.3327,681.8251,-0.49237,4.566667,4.710933,-0.1442667
681.3327,681.8251,-0.4924,4.566667,4.30335,0.2633167
681.3327,681.8251,-0.4924,4.566667,5.30875,-0.7420833
681.3327,681.8251,-0.49242,4.566667,4.060867,0.5058
681.3327,681.8251,-0.49243,4.566667,4.299183,0.2674833
681.3327,681.8251,-0.49243,4.566667,5.340117,-0.77345
681.3327,681.8252,-0.49245,4.566667,4.997333,-0.4306667
681.3327,681.8252,-0.49253,4.566667,4.259467,0.3072
681.3327,681.8252,-0.49255,4.566667,4.025333,0.5413333
681.3327,681.8252,-0.49255,4.566667,4.2929,0.2737667
681.3327,681.8252,-0.49255,4.566667,5.453017,-0.88635
681.3327,681.8253,-0.49256,4.566667,4.311717,0.25495
681.3327,681.8253,-0.49261,4.566667,4.012783,0.5538833
681.3327,681.8253,-0.49261,4.566667,5.304583,-0.7379167
681.3327,681.8253,-0.49264,4.566667,4.215567,0.3511
681.3327,681.8253,-0.49264,4.566667,4.901183,-0.3345167
681.3327,681.8254,-0.49268,4.566667,4.978517,-0.41185
681.3327,681.8254,-0.49269,4.566667,4.2302,0.3364667
681.3327,681.8254,-0.49271,4.566667,5.3422,-0.7755333
681.3327,681.8254,-0.49273,4.566667,4.301267,0.2654
681.3327,681.8254,-0.49274,4.566667,5.315033,-0.7483667
681.3327,681.8255,-0.49275,4.566667,4.102667,0.464
681.3327,681.8255,-0.49275,4.566667,5.455117,-0.88845
681.3327,681.8255,-0.49279,4.566667,5.31085,-0.7441833
681.3327,681.8255,-0.49281,4.566667,4.257367,0.3093
681.3327,681.8255,-0.49281,4.566667,5.2774,-0.7107333
681.3327,681.8255,-0.49283,4.566667,4.255283,0.3113833
681.3327,681.8255,-0.49284,4.566667,4.002333,0.5643333
681.3327,681.8256,-0.49286,4.566667,4.081767,0.4849
681.3327,681.8256,-0.49286,4.566667,5.419533,-0.8528667
681.3327,681.8256,-0.49293,4.566667,4.24275,0.3239167
681.3327,681.8256,-0.49293,4.566667,4.269917,0.29675
681.3327,681.8256,-0.49294,4.566667,5.051667,-0.485
681.3327,681.8256,-0.49294,4.566667,5.068383,-0.5017167
681.3327,681.8256,-0.49295,4.566667,4.117333,0.4493333
681.3327,681.8256,-0.49295,4.566667,4.236467,0.3302
681.3327,681.8256,-0.49295,4.566667,4.871917,-0.30525
681.3327,681.8257,-0.49296,4.566667,4.13405,0.4326167
681.3327,681.8257,-0.49297,4.566667,4.004433,0.5622333
681.3327,681.8257,-0.49298,4.566667,4.704667,-0.138
681.3327,681.8257,-0.49299,4.566667,4.288733,0.2779333
681.3327,681.8257,-0.49302,4.566667,4.244833,0.3218333
681.3327,681.8257,-0.49303,4.566667,4.3138,0.2528667
681.3327,681.8257,-0.49304,4.566667,3.853933,0.7127333
681.3327,681.8257,-0.49305,4.566667,4.0086,0.5580667
681.3327,681.8258,-0.49306,4.566667,4.234383,0.3322833
681.3327,681.8258,-0.49306,4.566667,4.692117,-0.12545
681.3327,681.8258,-0.49307,4.566667,4.280367,0.2863
681.3327,681.8258,-0.49307,4.566667,5.461383,-0.8947167
681.3327,681.8258,-0.49308,4.566667,3.996067,0.5706
681.3327,681.8258,-0.49308,4.566667,4.00025,0.5664167
681.3327,681.8258,-0.49308,4.566667,4.0107,0.5559667
681.3327,681.8258,-0.49308,4.566667,5.377733,-0.8110667
681.3327,681.8258,-0.4931,4.566667,3.82885,0.7378167
681.3327,681.8258,-0.4931,4.566667,4.6775,-0.1108333
681.3327,681.8258,-0.4931,4.566667,5.275317,-0.70865
681.3327,681.8258,-0.49311,4.566667,4.26365,0.3030167
681.3327,681.8258,-0.49312,4.566667,4.6984,-0.1317333
681.3327,681.8258,-0.49313,4.566667,4.8531,-0.2864333
681.3327,681.8258,-0.49313,4.566667,5.346383,-0.7797167
681.3327,681.8258,-0.49314,4.566667,5.26695,-0.7002833
681.3327,681.8258,-0.49314,4.566667,5.3004,-0.7337333
681.3327,681.8258,-0.49315,4.566667,4.077583,0.4890833
681.3327,681.8259,-0.49316,4.566667,3.715983,0.8506833
681.3327,681.8259,-0.49316,4.566667,4.28245,0.2842167
681.3327,681.8259,-0.49316,4.566667,4.725567,-0.1589
681.3327,681.8259,-0.49319,4.566667,4.276183,0.2904833
681.3327,681.8259,-0.49319,4.566667,4.309633,0.2570333
681.3327,681.8259,-0.49319,4.566667,5.4279,-0.8612333
681.3327,681.8259,-0.4932,4.566667,4.265733,0.3009333
681.3327,681.8259,-0.4932,4.566667,4.7193,-0.1526333
681.3327,681.8259,-0.49321,4.566667,5.317117,-0.75045
681.3327,681.8259,-0.49322,4.566667,3.707617,0.85905
681.3327,681.8259,-0.49322,4.566667,4.295,0.2716667
681.3327,681.8259,-0.49322,4.566667,4.694217,-0.12755
681.3327,681.826,-0.49325,4.566667,4.085933,0.4807333
681.3327,681.826,-0.49325,4.566667,4.246917,0.31975
681.3327,681.826,-0.49325,4.566667,4.39115,0.1755167
681.3327,681.826,-0.49326,4.566667,3.835117,0.73155
681.3327,681.826,-0.49326,4.566667,4.01905,0.5476167
681.3327,681.826,-0.49327,4.566667,3.983517,0.58315
681.3327,681.826,-0.49327,4.566667,4.70885,-0.1421833
681.3327,681.826,-0.49327,4.566667,4.99105,-0.4243833
681.3327,681.826,-0.49328,4.566667,4.0316,0.5350667
681.3327,681.826,-0.49328,4.566667,4.968067,-0.4014
681.3327,681.826,-0.49329,4.566667,3.843483,0.7231833
681.3327,681.826,-0.49329,4.566667,4.069217,0.49745
681.3327,681.826,-0.49329,4.566667,4.1152,0.4514667
681.3327,681.826,-0.4933,4.566667,4.30545,0.2612167
681.3327,681.826,-0.49331,4.566667,4.046233,0.5204333
681.3327,681.826,-0.49331,4.566667,4.3159,0.2507667
681.3327,681.826,-0.49334,4.566667,4.159133,0.4075333
681.3327,681.826,-0.49334,4.566667,4.286633,0.2800333
681.3327,681.8261,-0.49335,4.566667,4.054583,0.5120833
681.3327,681.8261,-0.49335,4.566667,4.071317,0.49535
681.3327,681.8261,-0.49335,4.566667,4.221833,0.3448333
681.3327,681.8261,-0.49336,4.566667,3.981433,0.5852333
681.3327,681.8261,-0.49337,4.566667,4.173767,0.3929
681.3327,681.8261,-0.49339,4.566667,4.874,-0.3073333
681.3327,681.8261,-0.4934,4.566667,4.857283,-0.2906167
681.3327,681.8261,-0.49341,4.566667,3.85185,0.7148167
681.3327,681.8261,-0.49342,4.566667,3.72225,0.8444167
681.3327,681.8261,-0.49342,4.566667,4.290817,0.27585
681.3327,681.8261,-0.49343,4.566667,4.006517,0.56015
681.3327,681.8261,-0.49343,4.566667,4.226017,0.34065
681.3327,681.8261,-0.49343,4.566667,4.232283,0.3343833
681.3327,681.8261,-0.49344,4.566667,3.810033,0.7566333
681.3327,681.8261,-0.49344,4.566667,3.8602,0.7064667
681.3327,681.8261,-0.49344,4.566667,4.905367,-0.3387
681.3327,681.8261,-0.49345,4.566667,4.092217,0.47445
681.3327,681.8262,-0.49346,4.566667,4.890733,-0.3240667
681.3327,681.8262,-0.49346,4.566667,5.028683,-0.4620167
681.3327,681.8262,-0.49347,4.566667,4.3577,0.2089667
681.3327,681.8262,-0.49348,4.566667,3.816317,0.75035
681.3327,681.8262,-0.49348,4.566667,4.129867,0.4368
681.3327,681.8262,-0.49349,4.566667,3.709717,0.85695
681.3327,681.8262,-0.4935,4.566667,4.098483,0.4681833
681.3327,681.8262,-0.49351,4.566667,3.95635,0.6103167
681.3327,681.8262,-0.49351,4.566667,4.466383,0.1002833
681.3327,681.8262,-0.49352,4.566667,4.2511,0.3155667
681.3327,681.8262,-0.49352,4.566667,4.3368,0.2298667
681.3327,681.8262,-0.49353,4.566667,4.17795,0.3887167
681.3327,681.8262,-0.49354,4.566667,3.688817,0.87785
681.3327,681.8262,-0.49354,4.566667,4.048317,0.51835
681.3327,681.8262,-0.49355,4.566667,3.695083,0.8715833
681.3327,681.8263,-0.49356,4.566667,3.778683,0.7879833
681.3327,681.8263,-0.49356,4.566667,3.801683,0.7649833
681.3327,681.8263,-0.49356,4.566667,3.950083,0.6165833
681.3327,681.8263,-0.49356,4.566667,5.106017,-0.53935
681.3327,681.8263,-0.49356,4.566667,5.329667,-0.763
681.3327,681.8263,-0.49357,4.566667,3.991883,0.5747833
681.3327,681.8263,-0.49357,4.566667,4.04205,0.5246167
681.3327,681.8263,-0.49357,4.566667,4.228117,0.33855
681.3327,681.8263,-0.49359,4.566667,3.856017,0.71065
681.3327,681.8263,-0.49359,4.566667,3.9668,0.5998667
681.3327,681.8263,-0.49359,4.566667,3.9898,0.5768667
681.3327,681.8263,-0.4936,4.566667,3.84975,0.7169167
681.3327,681.8263,-0.4936,4.566667,3.874833,0.6918333
681.3327,681.8263,-0.4936,4.566667,4.10475,0.4619167
681.3327,681.8263,-0.4936,4.566667,4.70675,-0.1400833
681.3327,681.8263,-0.49361,4.566667,3.899917,0.66675
681.3327,681.8263,-0.49361,4.566667,4.683767,-0.1171
681.3327,681.8263,-0.49361,4.566667,4.930433,-0.3637667
681.3327,681.8263,-0.49361,4.566667,5.243967,-0.6773
681.3327,681.8263,-0.49362,4.566667,3.866483,0.7001833
681.3327,681.8263,-0.49362,4.566667,4.108933,0.4577333
681.3327,681.8263,-0.49362,4.566667,4.386967,0.1797
681.3327,681.8263,-0.49363,4.566667,3.824667,0.742
681.3327,681.8263,-0.49363,4.566667,3.941717,0.62495
681.3327,681.8263,-0.49363,4.566667,3.9459,0.6207667
681.3327,681.8263,-0.49363,4.566667,4.0295,0.5371667
681.3327,681.8263,-0.49363,4.566667,4.06295,0.5037167
681.3327,681.8263,-0.49363,4.566667,4.075483,0.4911833
681.3327,681.8263,-0.49364,4.566667,3.795417,0.77125
681.3327,681.8263,-0.49364,4.566667,3.8184,0.7482667
681.3327,681.8263,-0.49364,4.566667,3.864383,0.7022833
681.3327,681.8263,-0.49364,4.566667,4.119417,0.44725
681.3327,681.8263,-0.49364,4.566667,4.24065,0.3260167
681.3327,681.8263,-0.49364,4.566667,4.880283,-0.3136167
681.3327,681.8264,-0.49365,4.566667,3.937533,0.6291333
681.3327,681.8264,-0.49365,4.566667,4.332617,0.23405
681.3327,681.8264,-0.49367,4.566667,3.929183,0.6374833
681.3327,681.8264,-0.49367,4.566667,4.065033,0.5016333
681.3327,681.8264,-0.49367,4.566667,4.455933,0.1107333
681.3327,681.8264,-0.49368,4.566667,3.902,0.6646667
681.3327,681.8264,-0.49368,4.566667,4.023233,0.5434333
681.3327,681.8264,-0.49368,4.566667,4.68585,-0.1191833
681.3327,681.8264,-0.49369,4.566667,3.895733,0.6709333
681.3327,681.8264,-0.49369,4.566667,4.353517,0.21315
681.3327,681.8264,-0.4937,4.566667,3.774517,0.79215
681.3327,681.8264,-0.4937,4.566667,3.803767,0.7629
681.3327,681.8264,-0.4937,4.566667,3.80795,0.7587167
681.3327,681.8264,-0.4937,4.566667,4.037867,0.5288
681.3327,681.8264,-0.4937,4.566667,4.17585,0.3908167
681.3327,681.8264,-0.49371,4.566667,3.78705,0.7796167
681.3327,681.8264,-0.49372,4.566667,3.686717,0.87995
681.3327,681.8264,-0.49372,4.566667,3.693,0.8736667
681.3327,681.8264,-0.49372,4.566667,4.351433,0.2152333
681.3327,681.8264,-0.49373,4.566667,3.7766,0.7900667
681.3327,681.8264,-0.49373,4.566667,3.954267,0.6124
681.3327,681.8264,-0.49374,4.566667,3.772417,0.79425
681.3327,681.8264,-0.49374,4.566667,3.985617,0.58105
681.3327,681.8264,-0.49374,4.566667,4.2532,0.3134667
681.3327,681.8265,-0.49375,4.566667,4.307533,0.2591333
681.3327,681.8265,-0.49376,4.566667,4.90745,-0.3407833
681.3327,681.8265,-0.49377,4.566667,4.731833,-0.1651667
681.3327,681.8265,-0.49378,4.566667,3.678367,0.8883
681.3327,681.8265,-0.49378,4.566667,5.3652,-0.7985333
681.3327,681.8265,-0.49379,4.566667,4.171683,0.3949833
681.3327,681.8265,-0.49379,4.566667,4.384867,0.1818
681.3327,681.8265,-0.4938,4.566667,4.1884,0.3782667
681.3327,681.8265,-0.4938,4.566667,4.32635,0.2403167
681.3327,681.8265,-0.49381,4.566667,3.847667,0.719
681.3327,681.8265,-0.49381,4.566667,3.876933,0.6897333
681.3327,681.8265,-0.49381,4.566667,4.223933,0.3427333
681.3327,681.8265,-0.49382,4.566667,4.035783,0.5308833
681.3327,681.8265,-0.49382,4.566667,4.184217,0.38245
681.3327,681.8265,-0.49382,4.566667,4.424583,0.1420833
681.3327,681.8265,-0.49383,4.566667,3.76615,0.8005167
681.3327,681.8265,-0.49383,4.566667,4.0943,0.4723667
681.3327,681.8265,-0.49383,4.566667,4.182133,0.3845333
681.3327,681.8265,-0.49384,4.566667,3.812133,0.7545333
681.3327,681.8265,-0.49384,4.566667,4.03995,0.5267167
681.3327,681.8265,-0.49384,4.566667,4.267817,0.29885
681.3327,681.8265,-0.49385,4.566667,3.87065,0.6960167
681.3327,681.8266,-0.49386,4.566667,3.833033,0.7336333
681.3327,681.8266,-0.49386,4.566667,3.8832,0.6834667
681.3327,681.8266,-0.49386,4.566667,4.45385,0.1128167
681.3327,681.8266,-0.49386,4.566667,4.4622,0.1044667
681.3327,681.8266,-0.49387,4.566667,3.89365,0.6730167
681.3327,681.8266,-0.49387,4.566667,4.088033,0.4786333
681.3327,681.8266,-0.49387,4.566667,4.1257,0.4409667
681.3327,681.8266,-0.49387,4.566667,5.28785,-0.7211833
681.3327,681.8266,-0.49388,4.566667,3.805867,0.7608
681.3327,681.8266,-0.49388,4.566667,4.355617,0.21105
681.3327,681.8266,-0.49389,4.566667,3.922917,0.64375
681.3327,681.8266,-0.49389,4.566667,3.933367,0.6333
681.3327,681.8266,-0.49389,4.566667,4.359783,0.2068833
681.3327,681.8266,-0.4939,4.566667,3.699267,0.8674
681.3327,681.8266,-0.4939,4.566667,3.751517,0.81515
681.3327,681.8266,-0.4939,4.566667,4.869833,-0.3031667
681.3327,681.8266,-0.49391,4.566667,3.697167,0.8695
681.3327,681.8266,-0.49391,4.566667,3.70135,0.8653167
681.3327,681.8266,-0.49391,4.566667,3.837217,0.72945
681.3327,681.8266,-0.49391,4.566667,4.28455,0.2821167
681.3327,681.8266,-0.49392,4.566667,3.738983,0.8276833
681.3327,681.8266,-0.49392,4.566667,3.747333,0.8193333
681.3327,681.8266,-0.49392,4.566667,4.317983,0.2486833
681.3327,681.8266,-0.49392,4.566667,4.366067,0.2006
681.3327,681.8266,-0.49393,4.566667,3.780783,0.7858833
681.3327,681.8266,-0.49393,4.566667,4.345167,0.2215
681.3327,681.8266,-0.49394,4.566667,3.960533,0.6061333
681.3327,681.8266,-0.49394,4.566667,4.13615,0.4305167
681.3327,681.8266,-0.49394,4.566667,4.322167,0.2445
681.3327,681.8266,-0.49395,4.566667,3.868567,0.6981
681.3327,681.8266,-0.49395,4.566667,4.033683,0.5329833
681.3327,681.8267,-0.49396,4.566667,4.1466,0.4200667
681.3327,681.8267,-0.49397,4.566667,3.8414,0.7252667
681.3327,681.8267,-0.49397,4.566667,4.4643,0.1023667
681.3327,681.8267,-0.49398,4.566667,3.68255,0.8841167
681.3327,681.8267,-0.49398,4.566667,3.736883,0.8297833
681.3327,681.8267,-0.49398,4.566667,3.95845,0.6082167
681.3327,681.8267,-0.49398,4.566667,4.0525,0.5141667
681.3327,681.8267,-0.49398,4.566667,4.334717,0.23195
681.3327,681.8267,-0.49398,4.566667,4.72975,-0.1630833
681.3327,681.8267,-0.49399,4.566667,3.718067,0.8486
681.3327,681.8267,-0.49399,4.566667,3.784967,0.7817
681.3327,681.8267,-0.49399,4.566667,4.909533,-0.3428667
681.3327,681.8267,-0.494,4.566667,3.791233,0.7754333
681.3327,681.8267,-0.494,4.566667,4.45175,0.1149167
681.3327,681.8267,-0.49401,4.566667,3.943817,0.62285
681.3327,681.8267,-0.49401,4.566667,4.08385,0.4828167
681.3327,681.8267,-0.49401,4.566667,4.15705,0.4096167
681.3327,681.8267,-0.49402,4.566667,4.0964,0.4702667
681.3327,681.8267,-0.49402,4.566667,4.34725,0.2194167
681.3327,681.8267,-0.49402,4.566667,4.361883,0.2047833
681.3327,681.8267,-0.49403,4.566667,3.70345,0.8632167
681.3327,681.8267,-0.49403,4.566667,3.761967,0.8047
681.3327,681.8267,-0.49403,4.566667,3.858117,0.70855
681.3327,681.8267,-0.49403,4.566667,4.067133,0.4995333
681.3327,681.8267,-0.49403,4.566667,4.194667,0.372
681.3327,681.8267,-0.49404,4.566667,3.887383,0.6792833
681.3327,681.8267,-0.49404,4.566667,3.9877,0.5789667
681.3327,681.8267,-0.49404,4.566667,4.32425,0.2424167
681.3327,681.8267,-0.49404,4.566667,4.700483,-0.1338167
681.3327,681.8267,-0.49405,4.566667,4.056683,0.5099833
681.3327,681.8268,-0.49406,4.566667,3.730617,0.83605
681.3327,681.8268,-0.49406,4.566667,3.8623,0.7043667
681.3327,681.8268,-0.49406,4.566667,4.211383,0.3552833
681.3327,681.8268,-0.49406,4.566667,4.320083,0.2465833
681.3327,681.8268,-0.49406,4.566667,4.363967,0.2027
681.3327,681.8268,-0.49407,4.566667,3.684633,0.8820333
681.3327,681.8268,-0.49407,4.566667,3.9041,0.6625667
681.3327,681.8268,-0.49407,4.566667,3.931267,0.6354
681.3327,681.8268,-0.49407,4.566667,4.43085,0.1358167
681.3327,681.8268,-0.49408,4.566667,3.826767,0.7399
681.3327,681.8268,-0.49408,4.566667,3.845567,0.7211
681.3327,681.8268,-0.49409,4.566667,4.016967,0.5497
681.3327,681.8268,-0.49409,4.566667,4.050417,0.51625
681.3327,681.8268,-0.49409,4.566667,4.374417,0.19225
681.3327,681.8268,-0.49409,4.566667,4.4016,0.1650667
681.3327,681.8268,-0.4941,4.566667,3.674183,0.8924833
681.3327,681.8268,-0.4941,4.566667,4.140317,0.42635
681.3327,681.8268,-0.4941,4.566667,4.38905,0.1776167
681.3327,681.8268,-0.4941,4.566667,4.458033,0.1086333
681.3327,681.8268,-0.49411,4.566667,3.749433,0.8172333
681.3327,681.8268,-0.49411,4.566667,4.894917,-0.32825
681.3327,681.8268,-0.49412,4.566667,4.192583,0.3740833
681.3327,681.8268,-0.49413,4.566667,4.340983,0.2256833
681.3327,681.8268,-0.49414,4.566667,3.68045,0.8862167
681.3327,681.8268,-0.49414,4.566667,3.74315,0.8235167
681.3327,681.8268,-0.49414,4.566667,3.8393,0.7273667
681.3327,681.8268,-0.49414,4.566667,4.169583,0.3970833
681.3327,681.8268,-0.49414,4.566667,4.328433,0.2382333
681.3327,681.8268,-0.49414,4.566667,4.370233,0.1964333
681.3327,681.8268,-0.49414,4.566667,4.767367,-0.2007
681.3327,681.8269,-0.49415,4.566667,3.975167,0.5915
681.3327,681.8269,-0.49415,4.566667,4.190483,0.3761833
681.3327,681.8269,-0.49415,4.566667,4.26155,0.3051167
681.3327,681.8269,-0.49415,4.566667,5.39655,-0.8298833
681.3327,681.8269,-0.49416,4.566667,3.7139,0.8527667
681.3327,681.8269,-0.49416,4.566667,3.920817,0.64585
681.3327,681.8269,-0.49416,4.566667,4.903267,-0.3366
681.3327,681.8269,-0.49417,4.566667,3.7327,0.8339667
681.3327,681.8269,-0.49417,4.566667,3.97725,0.5894167
681.3327,681.8269,-0.49417,4.566667,4.4204,0.1462667
681.3327,681.8269,-0.49418,4.566667,3.768233,0.7984333
681.3327,681.8269,-0.49419,4.566667,4.4413,0.1253667
681.3327,681.8269,-0.49419,4.566667,4.445483,0.1211833
681.3327,681.8269,-0.49419,4.566667,4.742283,-0.1756167
681.3327,681.8269,-0.4942,4.566667,3.897833,0.6688333
681.3327,681.8269,-0.4942,4.566667,4.111017,0.45565
681.3327,681.8269,-0.49421,4.566667,3.925,0.6416667
681.3327,681.8269,-0.49421,4.566667,4.349333,0.2173333
681.3327,681.8269,-0.49422,4.566667,3.705533,0.8611333
681.3327,681.8269,-0.49422,4.566667,3.87275,0.6939167
681.3327,681.8269,-0.49422,4.566667,4.4225,0.1441667
681.3327,681.8269,-0.49422,4.566667,5.3213,-0.7546333
681.3327,681.8269,-0.49423,4.566667,4.395317,0.17135
681.3327,681.8269,-0.49423,4.566667,5.039133,-0.4724667
681.3327,681.8269,-0.49424,4.566667,3.759883,0.8067833
681.3327,681.8269,-0.49424,4.566667,3.814217,0.75245
681.3327,681.8269,-0.49424,4.566667,4.127783,0.4388833
681.3327,681.8269,-0.49424,4.566667,4.1863,0.3803667
681.3327,681.827,-0.49425,4.566667,3.889467,0.6772
681.3327,681.827,-0.49425,4.566667,4.121517,0.44515
681.3327,681.827,-0.49425,4.566667,4.1654,0.4012667
681.3327,681.827,-0.49426,4.566667,3.7118,0.8548667
681.3327,681.827,-0.49426,4.566667,3.947983,0.6186833
681.3327,681.827,-0.49426,4.566667,5.0245,-0.4578333
681.3327,681.827,-0.49426,4.566667,5.137367,-0.5707
681.3327,681.827,-0.49427,4.566667,4.205117,0.36155
681.3327,681.827,-0.49427,4.566667,4.343067,0.2236
681.3327,681.827,-0.49427,4.566667,4.414133,0.1525333
681.3327,681.827,-0.49428,4.566667,4.21975,0.3469167
681.3327,681.827,-0.49428,4.566667,4.3807,0.1859667
681.3327,681.827,-0.49428,4.566667,4.68795,-0.1212833
681.3327,681.827,-0.49429,4.566667,3.939633,0.6270333
681.3327,681.827,-0.49429,4.566667,3.97935,0.5873167
681.3327,681.827,-0.49429,4.566667,4.418317,0.14835
681.3327,681.827,-0.49429,4.566667,4.426683,0.1399833
681.3327,681.827,-0.4943,4.566667,3.741067,0.8256
681.3327,681.827,-0.4943,4.566667,4.1445,0.4221667
681.3327,681.827,-0.49431,4.566667,3.952167,0.6145
681.3327,681.827,-0.49431,4.566667,4.437133,0.1295333
681.3327,681.827,-0.49432,4.566667,3.789133,0.7775333
681.3327,681.827,-0.49432,4.566667,4.393233,0.1734333
681.3327,681.827,-0.49432,4.566667,4.41205,0.1546167
681.3327,681.827,-0.49433,4.566667,3.908283,0.6583833
681.3327,681.827,-0.49433,4.566667,3.93545,0.6312167
681.3327,681.827,-0.49433,4.566667,4.207217,0.35945
681.3327,681.827,-0.49434,4.566667,3.7348,0.8318667
681.3327,681.827,-0.49434,4.566667,4.338883,0.2277833
681.3327,681.827,-0.49434,4.566667,4.382783,0.1838833
681.3327,681.827,-0.49434,4.566667,4.40995,0.1567167
681.3327,681.827,-0.49435,4.566667,3.67,0.8966667
681.3327,681.8271,-0.49436,4.566667,3.667917,0.89875
681.3327,681.8271,-0.49436,4.566667,3.91455,0.6521167
681.3327,681.8271,-0.49436,4.566667,4.027417,0.53925
681.3327,681.8271,-0.49436,4.566667,4.3995,0.1671667
681.3327,681.8271,-0.49436,4.566667,4.8343,-0.2676333
681.3327,681.8271,-0.49436,4.566667,4.888633,-0.3219667
681.3327,681.8271,-0.49437,4.566667,4.3786,0.1880667
681.3327,681.8271,-0.49437,4.566667,4.846833,-0.2801667
681.3327,681.8271,-0.49438,4.566667,4.058767,0.5079
681.3327,681.8271,-0.49438,4.566667,4.142417,0.42425
681.3327,681.8271,-0.49438,4.566667,4.892817,-0.32615
681.3327,681.8271,-0.49439,4.566667,3.782867,0.7838
681.3327,681.8271,-0.4944,4.566667,3.83095,0.7357167
681.3327,681.8271,-0.4944,4.566667,4.15495,0.4117167
681.3327,681.8271,-0.4944,4.566667,4.897,-0.3303333
681.3327,681.8271,-0.49441,4.566667,3.6909,0.8757667
681.3327,681.8271,-0.49441,4.566667,3.7536,0.8130667
681.3327,681.8271,-0.49441,4.566667,4.405767,0.1609
681.3327,681.8271,-0.49441,4.566667,4.8761,-0.3094333
681.3327,681.8271,-0.49442,4.566667,3.7975,0.7691667
681.3327,681.8271,-0.49442,4.566667,3.799583,0.7670833
681.3327,681.8271,-0.49442,4.566667,3.822583,0.7440833
681.3327,681.8271,-0.49443,4.566667,3.770333,0.7963333
681.3327,681.8271,-0.49443,4.566667,3.99815,0.5685167
681.3327,681.8271,-0.49443,4.566667,5.080933,-0.5142667
681.3327,681.8271,-0.49444,4.566667,3.7557,0.8109667
681.3327,681.8271,-0.49444,4.566667,3.970983,0.5956833
681.3327,681.8271,-0.49444,4.566667,3.993967,0.5727
681.3327,681.8271,-0.49444,4.566667,4.161233,0.4054333
681.3327,681.8271,-0.49445,4.566667,3.793317,0.77335
681.3327,681.8271,-0.49445,4.566667,3.962617,0.60405
681.3327,681.8271,-0.49445,4.566667,4.447583,0.1190833
681.3327,681.8271,-0.49445,4.566667,5.294133,-0.7274667
681.3327,681.8272,-0.49446,4.566667,4.079667,0.487
681.3327,681.8272,-0.49446,4.566667,4.180033,0.3866333
681.3327,681.8272,-0.49447,4.566667,4.138233,0.4284333
681.3327,681.8272,-0.49447,4.566667,4.372333,0.1943333
681.3327,681.8272,-0.49448,4.566667,4.02115,0.5455167
681.3327,681.8272,-0.49448,4.566667,4.1675,0.3991667
681.3327,681.8272,-0.49448,4.566667,4.2093,0.3573667
681.3327,681.8272,-0.49449,4.566667,3.973067,0.5936
681.3327,681.8272,-0.4945,4.566667,3.910367,0.6563
681.3327,681.8272,-0.4945,4.566667,4.19885,0.3678167
681.3327,681.8272,-0.4945,4.566667,4.84475,-0.2780833
681.3327,681.8272,-0.49451,4.566667,4.044133,0.5225333
681.3327,681.8272,-0.49452,4.566667,3.918733,0.6479333
681.3327,681.8272,-0.49452,4.566667,4.014883,0.5517833
681.3327,681.8272,-0.49453,4.566667,4.196767,0.3699
681.3327,681.8272,-0.49453,4.566667,4.733933,-0.1672667
681.3327,681.8272,-0.49454,4.566667,4.200933,0.3657333
681.3327,681.8272,-0.49454,4.566667,4.97225,-0.4055833
681.3327,681.8273,-0.49455,4.566667,3.72435,0.8423167
681.3327,681.8273,-0.49456,4.566667,3.916633,0.6500333
681.3327,681.8273,-0.49457,4.566667,4.213483,0.3531833
681.3327,681.8273,-0.49457,4.566667,4.878183,-0.3115167
681.3327,681.8273,-0.49459,4.566667,4.330533,0.2361333
681.3327,681.8273,-0.49459,4.566667,4.449667,0.117
681.3327,681.8273,-0.49459,4.566667,5.323383,-0.7567167
681.3327,681.8273,-0.4946,4.566667,4.131967,0.4347
681.3327,681.8273,-0.49462,4.566667,4.090117,0.47655
681.3327,681.8273,-0.49463,4.566667,3.672083,0.8945833
681.3327,681.8273,-0.49463,4.566667,4.4434,0.1232667
681.3327,681.8273,-0.49464,4.566667,4.882367,-0.3157
681.3327,681.8274,-0.49466,4.566667,3.964717,0.60195
681.3327,681.8274,-0.49468,4.566667,4.217667,0.349
681.3327,681.8274,-0.49469,4.566667,3.726433,0.8402333
681.3327,681.8274,-0.49469,4.566667,4.163317,0.40335
681.3327,681.8274,-0.49469,4.566667,4.6963,-0.1296333
681.3327,681.8274,-0.4947,4.566667,3.74525,0.8214167
681.3327,681.8274,-0.4947,4.566667,4.915817,-0.34915
681.3327,681.8274,-0.4947,4.566667,5.43835,-0.8716833
681.3327,681.8274,-0.49471,4.566667,3.8205,0.7461667
681.3327,681.8274,-0.49471,4.566667,3.927083,0.6395833
681.3327,681.8274,-0.49472,4.566667,3.9689,0.5977667
681.3327,681.8274,-0.49472,4.566667,4.397417,0.16925
681.3327,681.8274,-0.49472,4.566667,5.101833,-0.5351667
681.3327,681.8274,-0.49473,4.566667,3.76405,0.8026167
681.3327,681.8274,-0.49474,4.566667,3.906183,0.6604833
681.3327,681.8274,-0.49474,4.566667,4.867733,-0.3010667
681.3327,681.8274,-0.49474,4.566667,5.220967,-0.6543
681.3327,681.8274,-0.49474,4.566667,5.37355,-0.8068833
681.3327,681.8275,-0.49476,4.566667,4.403683,0.1629833
681.3327,681.8275,-0.49476,4.566667,5.432083,-0.8654167
681.3327,681.8275,-0.49477,4.566667,4.203033,0.3636333
681.3327,681.8275,-0.49478,4.566667,3.720167,0.8465
681.3327,681.8275,-0.49478,4.566667,5.057933,-0.4912667
681.3327,681.8275,-0.49478,4.566667,5.07675,-0.5100833
681.3327,681.8275,-0.4948,4.566667,4.1236,0.4430667
681.3327,681.8275,-0.49481,4.566667,4.148683,0.4179833
681.3327,681.8275,-0.49482,4.566667,4.88655,-0.3198833
681.3327,681.8275,-0.49483,4.566667,3.912467,0.6542
681.3327,681.8275,-0.49483,4.566667,4.100567,0.4661
681.3327,681.8275,-0.49484,4.566667,3.89155,0.6751167
681.3327,681.8275,-0.49484,4.566667,4.113117,0.45355
681.3327,681.8275,-0.49485,4.566667,4.376517,0.19015
681.3327,681.8275,-0.49485,4.566667,4.851017,-0.28435
681.3327,681.8276,-0.49486,4.566667,4.36815,0.1985167
681.3327,681.8276,-0.49487,4.566667,4.150783,0.4158833
681.3327,681.8276,-0.49487,4.566667,4.942983,-0.3763167
681.3327,681.8276,-0.49489,4.566667,3.757783,0.8088833
681.3327,681.8276,-0.49489,4.566667,4.428767,0.1379
681.3327,681.8276,-0.4949,4.566667,3.728533,0.8381333
681.3327,681.8276,-0.49491,4.566667,3.879017,0.68765
681.3327,681.8276,-0.49491,4.566667,4.407867,0.1588
681.3327,681.8276,-0.49492,4.566667,4.152867,0.4138
681.3327,681.8276,-0.49494,4.566667,4.439217,0.12745
681.3327,681.8276,-0.49495,4.566667,4.786217,-0.21955
681.3327,681.8276,-0.49495,4.566667,5.354733,-0.7880667
681.3327,681.8277,-0.49496,4.566667,4.702583,-0.1359167
681.3327,681.8277,-0.49498,4.566667,3.676267,0.8904
681.3327,681.8277,-0.49501,4.566667,4.0734,0.4932667
681.3327,681.8278,-0.49507,4.566667,3.8811,0.6855667
681.3327,681.8278,-0.49509,4.566667,5.103917,-0.53725
681.3327,681.8278,-0.49511,4.566667,4.7172,-0.1505333
681.3327,681.8278,-0.49512,4.566667,4.984783,-0.4181167
681.3327,681.8278,-0.49513,4.566667,4.9179,-0.3512333
681.3327,681.8278,-0.49514,4.566667,4.249017,0.31765
681.3327,681.8279,-0.49516,4.566667,4.43295,0.1337167
681.3327,681.8279,-0.49516,4.566667,4.815483,-0.2488167
681.3327,681.8279,-0.49517,4.566667,4.671217,-0.10455
681.3327,681.8279,-0.49518,4.566667,4.86355,-0.2968833
681.3327,681.8279,-0.49519,4.566667,4.924167,-0.3575
681.3327,681.8279,-0.4952,4.566667,4.88445,-0.3177833
681.3327,681.8279,-0.49521,4.566667,4.72765,-0.1609833
681.3327,681.8279,-0.49523,4.566667,3.885283,0.6813833
681.3327,681.8279,-0.49523,4.566667,4.861467,-0.2948
681.3327,681.828,-0.49526,4.566667,4.681667,-0.115
681.3327,681.828,-0.49526,4.566667,4.963883,-0.3972167
681.3327,681.828,-0.49527,4.566667,4.859383,-0.2927167
681.3327,681.828,-0.49527,4.566667,5.070483,-0.5038167
681.3327,681.828,-0.49531,4.566667,4.460117,0.10655
681.3327,681.828,-0.49534,4.566667,4.9597,-0.3930333
681.3327,681.8281,-0.49537,4.566667,4.435033,0.1316333
681.3327,681.8281,-0.49539,4.566667,4.926267,-0.3596
681.3327,681.8281,-0.49541,4.566667,4.86565,-0.2989833
681.3327,681.8282,-0.49547,4.566667,4.899083,-0.3324167
681.3327,681.8282,-0.49548,4.566667,5.01195,-0.4452833
681.3327,681.8282,-0.49552,4.566667,5.413267,-0.8466
681.3327,681.8282,-0.49553,4.566667,5.344283,-0.7776167
681.3327,681.8283,-0.49555,4.566667,5.463467,-0.8968
681.3327,681.8283,-0.49559,4.566667,4.723483,-0.1568167
681.3327,681.8283,-0.49561,4.566667,5.319217,-0.75255
681.3327,681.8284,-0.49566,4.566667,5.026583,-0.4599167
681.3327,681.8284,-0.49574,4.566667,5.0015,-0.4348333
681.3327,681.8284,-0.49575,4.566667,4.752733,-0.1860667
681.3327,681.8285,-0.49576,4.566667,5.292033,-0.7253667
681.3327,681.8285,-0.49584,4.566667,4.416217,0.15045
681.3327,681.8285,-0.49584,4.566667,5.085117,-0.51845
681.3327,681.8285,-0.49585,4.566667,4.7402,-0.1735333
681.3327,681.8285,-0.49585,4.566667,4.8552,-0.2885333
681.3327,681.8286,-0.49587,4.566667,4.919983,-0.3533167
681.3327,681.8287,-0.49597,4.566667,4.669133,-0.1024667
681.3327,681.8287,-0.49599,4.566667,4.825933,-0.2592667
681.3327,681.8287,-0.49601,4.566667,4.947167,-0.3805
681.3327,681.8287,-0.49604,4.566667,4.713033,-0.1463667
681.3327,681.8287,-0.49604,4.566667,4.945067,-0.3784
681.3327,681.8288,-0.49609,4.566667,4.922083,-0.3554167
681.3327,681.8288,-0.49612,4.566667,5.3631,-0.7964333
681.3327,681.8288,-0.49614,4.566667,4.66705,-0.1003833
681.3327,681.8288,-0.49614,4.566667,5.264867,-0.6982
681.3327,681.8289,-0.49618,4.566667,5.392367,-0.8257
681.3327,681.8289,-0.49621,4.566667,5.0036,-0.4369333
681.3327,681.8289,-0.49622,4.566667,5.239783,-0.6731167
681.3327,681.8289,-0.49623,4.566667,5.060033,-0.4933667
681.3327,681.8289,-0.49624,4.566667,5.07885,-0.5121833
681.3327,681.8289,-0.49625,4.566667,4.955517,-0.38885
681.3327,681.829,-0.49627,4.566667,5.260683,-0.6940167
681.3327,681.829,-0.49628,4.566667,4.7611,-0.1944333
681.3327,681.829,-0.49631,4.566667,4.840567,-0.2739
681.3327,681.829,-0.49631,4.566667,4.913717,-0.34705
681.3327,681.8291,-0.49635,4.566667,4.792483,-0.2258167
681.3327,681.8291,-0.4964,4.566667,4.784133,-0.2174667
681.3327,681.8292,-0.49645,4.566667,4.679583,-0.1129167
681.3327,681.8292,-0.49648,4.566667,5.35265,-0.7859833
681.3327,681.8292,-0.49649,4.566667,4.848933,-0.2822667
681.3327,681.8292,-0.49654,4.566667,4.805033,-0.2383667
681.3327,681.8293,-0.49655,4.566667,5.147817,-0.58115
681.3327,681.8293,-0.49658,4.566667,4.794583,-0.2279167
681.3327,681.8293,-0.49658,4.566667,5.072567,-0.5059
681.3327,681.8293,-0.49658,4.566667,5.116467,-0.5498
681.3327,681.8293,-0.49659,4.566667,4.690033,-0.1233667
681.3327,681.8293,-0.49659,4.566667,4.965967,-0.3993
681.3327,681.8293,-0.49664,4.566667,4.934617,-0.36795
681.3327,681.8294,-0.49666,4.566667,4.911633,-0.3449667
681.3327,681.8295,-0.49676,4.566667,4.6754,-0.1087333
681.3327,681.8295,-0.49677,4.566667,5.043317,-0.47665
681.3327,681.8295,-0.4968,4.566667,4.775733,-0.2090667
681.3327,681.8295,-0.49683,4.566667,4.82385,-0.2571833
681.3327,681.8296,-0.49685,4.566667,4.995233,-0.4285667
681.3327,681.8296,-0.49691,4.566667,5.095567,-0.5289
681.3327,681.8298,-0.49707,4.566667,4.82175,-0.2550833
681.3327,681.8299,-0.49718,4.566667,4.953433,-0.3867667
681.3327,681.8299,-0.49721,4.566667,5.241867,-0.6752
681.3327,681.8299,-0.49724,4.566667,4.9409,-0.3742333
681.3327,681.83,-0.49725,4.566667,5.0893,-0.5226333
681.3327,681.83,-0.49726,4.566667,4.9388,-0.3721333
681.3327,681.83,-0.4973,4.566667,4.94925,-0.3825833
681.3327,681.83,-0.49731,4.566667,4.75065,-0.1839833
681.3327,681.8301,-0.49741,4.566667,4.721383,-0.1547167
681.3327,681.8301,-0.49743,4.566667,5.250233,-0.6835667
681.3327,681.8302,-0.49746,4.566667,4.828017,-0.26135
681.3327,681.8302,-0.49746,4.566667,4.9827,-0.4160333
681.3327,681.8302,-0.49747,4.566667,5.016133,-0.4494667
681.3327,681.8302,-0.4975,4.566667,4.9806,-0.4139333
681.3327,681.8302,-0.49753,4.566667,5.093467,-0.5268
681.3327,681.8302,-0.49754,4.566667,4.830117,-0.26345
681.3327,681.8303,-0.49756,4.566667,4.809217,-0.24255
681.3327,681.8303,-0.49761,4.566667,4.95135,-0.3846833
681.3327,681.8303,-0.49761,4.566667,5.074667,-0.508
681.3327,681.8304,-0.49768,4.566667,4.756917,-0.19025
681.3327,681.8304,-0.49769,4.566667,5.312933,-0.7462667
681.3327,681.8304,-0.49773,4.566667,4.673317,-0.10665
681.3327,681.8305,-0.49775,4.566667,4.838467,-0.2718
681.3327,681.8306,-0.49788,4.566667,4.736017,-0.16935
681.3327,681.8306,-0.49791,4.566667,4.976417,-0.40975
681.3327,681.8308,-0.4981,4.566667,4.836383,-0.2697167
681.3327,681.8308,-0.4981,4.566667,4.97015,-0.4034833
681.3327,681.8309,-0.49815,4.566667,5.037033,-0.4703667
681.3327,681.8309,-0.4982,4.566667,5.26905,-0.7023833
681.3327,681.8311,-0.49836,4.566667,4.988967,-0.4223
681.3327,681.8311,-0.49837,4.566667,5.3861,-0.8194333
681.3327,681.8312,-0.49848,4.566667,5.041217,-0.47455
681.3327,681.8312,-0.4985,4.566667,4.769467,-0.2028
681.3327,681.8313,-0.49858,4.566667,4.932533,-0.3658667
681.3327,681.8313,-0.49859,4.566667,4.7904,-0.2237333
681.3327,681.8314,-0.49867,4.566667,5.411183,-0.8445167
681.3327,681.8314,-0.49873,4.566667,4.84265,-0.2759833
681.3327,681.8315,-0.49878,4.566667,5.133183,-0.5665167
681.3327,681.8315,-0.49883,4.566667,4.936717,-0.37005
681.3327,681.8315,-0.49885,4.566667,5.281583,-0.7149167
681.3327,681.8316,-0.49886,4.566667,4.765283,-0.1986167
681.3327,681.8316,-0.49894,4.566667,4.957617,-0.39095
681.3327,681.8318,-0.49906,4.566667,5.09975,-0.5330833
681.3327,681.8318,-0.49906,4.566667,5.164533,-0.5978667
681.3327,681.8318,-0.49912,4.566667,4.807117,-0.24045
681.3327,681.8319,-0.49918,4.566667,5.0454,-0.4787333
681.3327,681.8319,-0.49919,4.566667,4.817567,-0.2509
681.3327,681.8321,-0.49936,4.566667,5.030767,-0.4641
681.3327,681.8323,-0.49956,4.566667,4.819667,-0.253
681.3327,681.8324,-0.49973,4.566667,4.782,-0.2153333
681.3327,681.8324,-0.49973,4.566667,4.8113,-0.2446333
681.3327,681.8325,-0.49984,4.566667,5.112283,-0.5456167
681.3327,681.8326,-0.49993,4.566667,4.8322,-0.2655333
681.3327,681.8327,-0.50002,4.566667,4.974333,-0.4076667
681.3327,681.8328,-0.50006,4.566667,5.283683,-0.7170167
681.3327,681.8329,-0.50017,4.566667,5.047483,-0.4808167
681.3327,681.8329,-0.50025,4.566667,5.252317,-0.68565
681.3327,681.833,-0.50031,4.566667,4.9618,-0.3951333
681.3327,681.833,-0.50031,4.566667,5.005683,-0.4390167
681.3327,681.833,-0.50033,4.566667,5.129,-0.5623333
681.3327,681.833,-0.50035,4.566667,5.361017,-0.79435
681.3327,681.8331,-0.50037,4.566667,4.999417,-0.43275
681.3327,681.8331,-0.50042,4.566667,4.80295,-0.2362833
681.3327,681.8332,-0.50046,4.566667,5.11855,-0.5518833
681.3327,681.8333,-0.5006,4.566667,4.759017,-0.19235
681.3327,681.8333,-0.50064,4.566667,4.754833,-0.1881667
681.3327,681.8334,-0.50066,4.566667,5.09765,-0.5309833
681.3327,681.8334,-0.50071,4.566667,5.459283,-0.8926167
681.3327,681.8334,-0.50074,4.566667,5.24605,-0.6793833
681.3327,681.8339,-0.50122,4.566667,4.92835,-0.3616833
681.3327,681.8339,-0.50124,4.566667,5.009867,-0.4432
681.3327,681.8341,-0.50135,4.566667,5.350567,-0.7839
681.3327,681.8341,-0.50136,4.566667,4.796667,-0.23
681.3327,681.8341,-0.50142,4.566667,4.798767,-0.2321
681.3327,681.8343,-0.50156,4.566667,5.12065,-0.5539833
681.3327,681.8343,-0.50157,4.566667,5.254417,-0.68775
681.3327,681.8343,-0.50162,4.566667,4.80085,-0.2341833
681.3327,681.8343,-0.50165,4.566667,4.788317,-0.22165
681.3327,681.8344,-0.50169,4.566667,5.007783,-0.4411167
681.3327,681.8347,-0.50201,4.566667,4.8134,-0.2467333
681.3327,681.8348,-0.50211,4.566667,5.03495,-0.4682833
681.3327,681.8348,-0.50214,4.566667,4.77155,-0.2048833
681.3327,681.8349,-0.50223,4.566667,5.1102,-0.5435333
681.3327,681.835,-0.50225,4.566667,5.122733,-0.5560667
681.3327,681.835,-0.50226,4.566667,4.744383,-0.1777167
681.3327,681.835,-0.50228,4.566667,5.333833,-0.7671667
681.3327,681.835,-0.50233,4.566667,5.218883,-0.6522167
681.3327,681.8351,-0.50242,4.566667,5.062117,-0.49545
681.3327,681.8352,-0.50249,4.566667,5.369367,-0.8027
681.3327,681.8352,-0.50251,4.566667,5.154083,-0.5874167
681.3327,681.8352,-0.50252,4.566667,5.327567,-0.7609
681.3327,681.8352,-0.50254,4.566667,5.335933,-0.7692667
681.3327,681.8354,-0.50272,4.566667,5.285767,-0.7191
681.3327,681.8356,-0.50287,4.566667,4.779917,-0.21325
681.3327,681.8356,-0.50293,4.566667,5.262783,-0.6961167
681.3327,681.8358,-0.50312,4.566667,5.400717,-0.83405
681.3327,681.836,-0.5033,4.566667,4.746467,-0.1798
681.3327,681.8362,-0.50354,4.566667,5.124833,-0.5581667
681.3327,681.8367,-0.504,4.566667,5.083017,-0.51635
681.3327,681.8369,-0.50416,4.566667,4.763183,-0.1965167
681.3327,681.837,-0.50426,4.566667,5.33175,-0.7650833
681.3327,681.8371,-0.50441,4.566667,4.986883,-0.4202167
681.3327,681.8372,-0.50448,4.566667,5.135283,-0.5686167
681.3327,681.8372,-0.50453,4.566667,5.358917,-0.79225
681.3327,681.8377,-0.50498,4.566667,5.126917,-0.56025
681.3327,681.8377,-0.50501,4.566667,4.777817,-0.21115
681.3327,681.8379,-0.50515,4.566667,5.13945,-0.5727833
681.3327,681.8385,-0.5058,4.566667,5.0872,-0.5205333
681.3327,681.8385,-0.50582,4.566667,5.356833,-0.7901667
681.3327,681.8388,-0.50608,4.566667,5.24815,-0.6814833
681.3327,681.8389,-0.50625,4.566667,5.14155,-0.5748833
681.3327,681.8392,-0.50653,4.566667,4.99315,-0.4264833
681.3327,681.84,-0.50725,4.566667,5.145733,-0.5790667
681.3327,681.8402,-0.50748,4.566667,5.2377,-0.6710333
681.3327,681.8403,-0.50757,4.566667,5.049583,-0.4829167
681.3327,681.8408,-0.50812,4.566667,5.271133,-0.7044667
681.3327,681.8409,-0.50817,4.566667,5.114367,-0.5477
681.3327,681.841,-0.50835,4.566667,5.0663,-0.4996333
681.3327,681.8429,-0.51021,4.566667,5.1081,-0.5414333
681.3327,681.8444,-0.5117,4.566667,5.379817,-0.81315
681.3327,681.8448,-0.51209,4.566667,5.1311,-0.5644333
681.3327,681.8456,-0.51291,4.566667,4.748567,-0.1819
681.3327,681.8472,-0.51445,4.566667,5.143633,-0.5769667
681.3327,681.8472,-0.51453,4.566667,4.7381,-0.1714333
681.3327,681.8483,-0.51564,4.566667,5.2795,-0.7128333
681.3327,681.8528,-0.52007,4.566667,5.4049,-0.8382333
681.3327,681.8581,-0.52536,4.566667,5.103917,-0.53725
681.3327,681.8589,-0.52623,4.566667,5.37355,-0.8068833
681.3327,681.862,-0.52926,4.566667,4.773633,-0.2069667
681.3327,681.8635,-0.53076,4.566667,5.35265,-0.7859833
681.3327,681.8635,-0.53078,4.566667,4.731833,-0.1651667
681.3327,681.8636,-0.53086,4.566667,5.296217,-0.72955
681.3327,681.8642,-0.53155,4.566667,4.733933,-0.1672667
681.3327,681.8659,-0.53319,4.566667,5.413267,-0.8466
681.3327,681.8661,-0.53339,4.566667,4.6775,-0.1108333
681.3327,681.8661,-0.53341,4.566667,4.681667,-0.115
681.3327,681.8669,-0.53416,4.566667,4.736017,-0.16935
681.3327,681.8674,-0.53471,4.566667,4.715117,-0.14845
681.3327,681.8677,-0.53497,4.566667,4.70885,-0.1421833
681.3327,681.8678,-0.53511,4.566667,4.723483,-0.1568167
681.3327,681.8691,-0.53635,4.566667,4.70675,-0.1400833
681.3327,681.8691,-0.53641,4.566667,4.704667,-0.138
681.3327,681.8691,-0.53642,4.566667,4.683767,-0.1171
681.3327,681.8692,-0.53647,4.566667,4.7193,-0.1526333
681.3327,681.8692,-0.53652,4.566667,4.7402,-0.1735333
681.3327,681.8694,-0.53665,4.566667,4.671217,-0.10455
681.3327,681.8694,-0.5367,4.566667,4.72975,-0.1630833
681.3327,681.8695,-0.53677,4.566667,4.6963,-0.1296333
681.3327,681.8696,-0.53694,4.566667,4.72765,-0.1609833
681.3327,681.8696,-0.53695,4.566667,4.694217,-0.12755
681.3327,681.87,-0.53727,4.566667,4.725567,-0.1589
681.3327,681.87,-0.53733,4.566667,4.700483,-0.1338167
681.3327,681.8702,-0.53747,4.566667,4.721383,-0.1547167
681.3327,681.8702,-0.53754,4.566667,4.68795,-0.1212833
681.3327,681.8703,-0.53758,4.566667,4.692117,-0.12545
681.3327,681.8704,-0.53766,4.566667,5.348467,-0.7818
681.3327,681.8705,-0.53777,4.566667,4.690033,-0.1233667
681.3327,681.8708,-0.53812,4.566667,4.710933,-0.1442667
681.3327,681.8709,-0.53819,4.566667,4.742283,-0.1756167
681.3327,681.8713,-0.53859,4.566667,4.68585,-0.1191833
681.3327,681.8713,-0.53862,4.566667,4.7611,-0.1944333
681.3327,681.8717,-0.53903,4.566667,4.702583,-0.1359167
681.3327,681.8718,-0.53913,4.566667,4.713033,-0.1463667
681.3327,681.8723,-0.53965,4.566667,4.7172,-0.1505333
681.3327,681.8737,-0.54102,4.566667,4.6984,-0.1317333
681.3327,681.8778,-0.54511,4.566667,5.41745,-0.8507833
681.3327,681.8781,-0.54537,4.566667,5.4258,-0.8591333
681.3327,681.8823,-0.54961,4.566667,5.409083,-0.8424167
681.3327,681.8837,-0.55102,4.566667,5.440433,-0.8737667
681.3327,681.9211,-0.58844,4.566667,4.027417,0.53925
681.3327,681.9292,-0.59654,4.566667,4.102667,0.464
681.3327,681.9341,-0.6014,4.566667,4.978517,-0.41185
681.3327,681.9521,-0.61939,4.566667,4.32635,0.2403167
681.3327,681.9535,-0.62076,4.566667,3.728533,0.8381333
681.3327,681.9536,-0.62088,4.566667,4.067133,0.4995333
681.3327,681.955,-0.62233,4.566667,4.2093,0.3573667
681.3327,681.9552,-0.62248,4.566667,3.9898,0.5768667
681.3327,681.9555,-0.62283,4.566667,4.048317,0.51835
681.3327,681.9557,-0.62302,4.566667,4.397417,0.16925
681.3327,681.9559,-0.62318,4.566667,4.215567,0.3511
681.3327,681.9559,-0.62321,4.566667,4.0086,0.5580667
681.3327,681.9561,-0.62339,4.566667,4.416217,0.15045
681.3327,681.9561,-0.62341,4.566667,4.058767,0.5079
681.3327,681.9569,-0.6242,4.566667,4.190483,0.3761833
681.3327,681.9574,-0.62465,4.566667,4.1257,0.4409667
681.3327,681.9574,-0.62474,4.566667,4.0734,0.4932667
681.3327,681.9575,-0.62482,4.566667,3.991883,0.5747833
681.3327,681.9578,-0.6251,4.566667,4.19885,0.3678167
681.3327,681.958,-0.62527,4.566667,4.192583,0.3740833
681.3327,681.9587,-0.62596,4.566667,3.9041,0.6625667
681.3327,681.9587,-0.62596,4.566667,3.906183,0.6604833
681.3327,681.959,-0.6263,4.566667,4.363967,0.2027
681.3327,681.9591,-0.62642,4.566667,3.738983,0.8276833
681.3327,681.9592,-0.62647,4.566667,3.741067,0.8256
681.3327,681.9592,-0.62648,4.566667,4.207217,0.35945
681.3327,681.9594,-0.62666,4.566667,4.4204,0.1462667
681.3327,681.9594,-0.62668,4.566667,3.996067,0.5706
681.3327,681.9594,-0.62674,4.566667,4.439217,0.12745
681.3327,681.9595,-0.6268,4.566667,4.054583,0.5120833
681.3327,681.9597,-0.62702,4.566667,4.046233,0.5204333
681.3327,681.9598,-0.62706,4.566667,4.121517,0.44515
681.3327,681.9598,-0.62707,4.566667,3.72435,0.8423167
681.3327,681.9598,-0.62707,4.566667,3.889467,0.6772
681.3327,681.96,-0.62725,4.566667,3.899917,0.66675
681.3327,681.96,-0.62725,4.566667,3.912467,0.6542
681.3327,681.96,-0.62727,4.566667,4.455933,0.1107333
681.3327,681.9601,-0.6274,4.566667,3.74525,0.8214167
681.3327,681.9601,-0.62742,4.566667,4.386967,0.1797
681.3327,681.9603,-0.62761,4.566667,3.9877,0.5789667
681.3327,681.9603,-0.62762,4.566667,4.071317,0.49535
681.3327,681.9604,-0.62771,4.566667,4.1445,0.4221667
681.3327,681.9604,-0.62771,4.566667,4.17585,0.3908167
681.3327,681.9608,-0.6281,4.566667,4.343067,0.2236
681.3327,681.9611,-0.62842,4.566667,3.7348,0.8318667
681.3327,681.9612,-0.62853,4.566667,4.41205,0.1546167
681.3327,681.9617,-0.62897,4.566667,4.221833,0.3448333
681.3327,681.9617,-0.62897,4.566667,4.376517,0.19015
681.3327,681.962,-0.62932,4.566667,4.060867,0.5058
681.3327,681.9621,-0.62941,4.566667,3.8811,0.6855667
681.3327,681.9623,-0.62961,4.566667,4.437133,0.1295333
681.3327,681.9623,-0.62963,4.566667,4.200933,0.3657333
681.3327,681.9626,-0.62986,4.566667,4.050417,0.51625
681.3327,681.9629,-0.63016,4.566667,4.322167,0.2445
681.3327,681.9632,-0.63045,4.566667,4.4413,0.1253667
681.3327,681.9634,-0.63067,4.566667,4.213483,0.3531833
681.3327,681.9635,-0.63082,4.566667,4.196767,0.3699
681.3327,681.9636,-0.63091,4.566667,4.338883,0.2277833
681.3327,681.9639,-0.6312,4.566667,4.4016,0.1650667
681.3327,681.9641,-0.63136,4.566667,4.265733,0.3009333
681.3327,681.9642,-0.63145,4.566667,4.370233,0.1964333
681.3327,681.9642,-0.6315,4.566667,4.32425,0.2424167
681.3327,681.9643,-0.63158,4.566667,4.355617,0.21105
681.3327,681.9644,-0.63166,4.566667,4.211383,0.3552833
681.3327,681.9648,-0.63212,4.566667,4.395317,0.17135
681.3327,681.9648,-0.63213,4.566667,4.424583,0.1420833
681.3327,681.9649,-0.63223,4.566667,4.4225,0.1441667
681.3327,681.9651,-0.63243,4.566667,4.1863,0.3803667
681.3327,681.9657,-0.63298,4.566667,4.374417,0.19225
681.3327,681.9659,-0.63316,4.566667,4.04205,0.5246167
681.3327,681.9659,-0.6332,4.566667,4.328433,0.2382333
681.3327,681.9664,-0.63365,4.566667,4.317983,0.2486833
681.3327,681.9669,-0.6342,4.566667,4.217667,0.349
681.3327,681.9671,-0.63437,4.566667,4.372333,0.1943333
681.3327,681.9673,-0.63464,4.566667,4.01905,0.5476167
681.3327,681.9676,-0.63487,4.566667,4.246917,0.31975
681.3327,681.9677,-0.63502,4.566667,4.3995,0.1671667
681.3327,681.9681,-0.63538,4.566667,4.26365,0.3030167
681.3327,681.9682,-0.63549,4.566667,4.24065,0.3260167
681.3327,681.9682,-0.63549,4.566667,4.384867,0.1818
681.3327,681.9683,-0.63556,4.566667,4.382783,0.1838833
681.3327,681.9683,-0.63557,4.566667,4.1152,0.4514667
681.3327,681.9685,-0.63576,4.566667,4.311717,0.25495
681.3327,681.9685,-0.63581,4.566667,4.3786,0.1880667
681.3327,681.9688,-0.63611,4.566667,4.276183,0.2904833
681.3327,681.9692,-0.63647,4.566667,4.320083,0.2465833
681.3327,681.9694,-0.63666,4.566667,4.43295,0.1337167
681.3327,681.9706,-0.63788,4.566667,4.86355,-0.2968833
681.3327,681.9714,-0.63871,4.566667,4.38905,0.1776167
681.3327,681.9724,-0.63968,4.566667,4.255283,0.3113833
681.3327,681.9725,-0.63977,4.566667,4.223933,0.3427333
681.3327,681.9727,-0.63998,4.566667,4.21975,0.3469167
681.3327,681.9727,-0.63999,4.566667,4.26155,0.3051167
681.3327,681.9731,-0.64041,4.566667,4.269917,0.29675
681.3327,681.9734,-0.64069,4.566667,4.840567,-0.2739
681.3327,681.9737,-0.64103,4.566667,4.82385,-0.2571833
681.3327,681.9739,-0.64125,4.566667,4.307533,0.2591333
681.3327,681.9741,-0.64143,4.566667,4.3159,0.2507667
681.3327,681.9742,-0.64152,4.566667,4.278267,0.2884
681.3327,681.9746,-0.64191,4.566667,4.28245,0.2842167
681.3327,681.9746,-0.64192,4.566667,4.249017,0.31765
681.3327,681.9747,-0.64203,4.566667,4.232283,0.3343833
681.3327,681.9748,-0.64206,4.566667,4.238567,0.3281
681.3327,681.9751,-0.64242,4.566667,4.228117,0.33855
681.3327,681.9755,-0.64281,4.566667,4.297083,0.2695833
681.3327,681.9756,-0.64291,4.566667,4.861467,-0.2948
681.3327,681.9759,-0.64316,4.566667,4.244833,0.3218333
681.3327,681.9765,-0.64379,4.566667,4.2929,0.2737667
681.3327,681.9766,-0.64387,4.566667,4.2511,0.3155667
681.3327,681.9769,-0.64418,4.566667,4.2302,0.3364667
681.3327,681.9778,-0.64506,4.566667,4.890733,-0.3240667
681.3327,681.9791,-0.64638,4.566667,4.744383,-0.1777167
681.3327,681.9794,-0.64667,4.566667,4.30545,0.2612167
681.3327,681.9794,-0.64674,4.566667,4.234383,0.3322833
681.3327,681.9799,-0.64717,4.566667,4.257367,0.3093
681.3327,681.9801,-0.64745,4.566667,4.924167,-0.3575
681.3327,681.9806,-0.64787,4.566667,4.725567,-0.1589
681.3327,681.9807,-0.64805,4.566667,4.8343,-0.2676333
681.3327,681.9814,-0.64868,4.566667,4.288733,0.2779333
681.3327,681.9818,-0.64905,4.566667,4.869833,-0.3031667
681.3327,681.9822,-0.64949,4.566667,4.236467,0.3302
681.3327,681.9823,-0.64959,4.566667,4.8552,-0.2885333
681.3327,681.9824,-0.64975,4.566667,4.851017,-0.28435
681.3327,681.9828,-0.65008,4.566667,4.892817,-0.32615
681.3327,681.9829,-0.65019,4.566667,4.874,-0.3073333
681.3327,681.9829,-0.65023,4.566667,4.24275,0.3239167
681.3327,681.9833,-0.65064,4.566667,4.286633,0.2800333
681.3327,681.9834,-0.65068,4.566667,4.295,0.2716667
681.3327,681.9839,-0.65119,4.566667,4.226017,0.34065
681.3327,681.984,-0.65127,4.566667,4.28455,0.2821167
681.3327,681.9849,-0.65219,4.566667,4.857283,-0.2906167
681.3327,681.9851,-0.65237,4.566667,4.39115,0.1755167
681.3327,681.9854,-0.65274,4.566667,4.309633,0.2570333
681.3327,681.9855,-0.65275,4.566667,4.825933,-0.2592667
681.3327,681.9856,-0.65292,4.566667,4.7193,-0.1526333
681.3327,681.9863,-0.65356,4.566667,5.312933,-0.7462667
681.3327,681.9865,-0.65383,4.566667,4.859383,-0.2927167
681.3327,681.9868,-0.65413,4.566667,4.888633,-0.3219667
681.3327,681.9869,-0.65424,4.566667,4.871917,-0.30525
681.3327,681.9876,-0.65485,4.566667,4.819667,-0.253
681.3327,681.988,-0.65533,4.566667,4.9179,-0.3512333
681.3327,681.9883,-0.65565,4.566667,4.2532,0.3134667
681.3327,681.9886,-0.65589,4.566667,4.88445,-0.3177833
681.3327,681.9891,-0.65642,4.566667,4.894917,-0.32825
681.3327,681.9892,-0.65651,4.566667,4.752733,-0.1860667
681.3327,681.9894,-0.65669,4.566667,4.828017,-0.26135
681.3327,681.9907,-0.65798,4.566667,4.393233,0.1734333
681.3327,681.9907,-0.658,4.566667,4.002333,0.5643333
681.3327,681.991,-0.6583,4.566667,4.880283,-0.3136167
681.3327,681.9915,-0.6588,4.566667,4.8113,-0.2446333
681.3327,681.9922,-0.65954,4.566667,4.88655,-0.3198833
681.3327,681.9924,-0.65974,4.566667,4.290817,0.27585
681.3327,681.9927,-0.66003,4.566667,4.403683,0.1629833
681.3327,681.9931,-0.66036,4.566667,4.82175,-0.2550833
681.3327,681.9931,-0.66039,4.566667,4.932533,-0.3658667
681.3327,681.9936,-0.66088,4.566667,4.84475,-0.2780833
681.3327,681.9946,-0.66194,4.566667,4.435033,0.1316333
681.3327,681.9949,-0.66216,4.566667,4.80085,-0.2341833
681.3327,681.9955,-0.66277,4.566667,4.805033,-0.2383667
681.3327,681.9972,-0.66446,4.566667,4.72975,-0.1630833
681.3327,681.9973,-0.66463,4.566667,4.40995,0.1567167
681.3327,682.0032,-0.67052,4.566667,4.418317,0.14835
681.3327,682.0049,-0.67223,4.566667,4.830117,-0.26345
681.3327,682.0056,-0.67295,4.566667,4.80295,-0.2362833
681.3327,682.008,-0.67533,4.566667,4.874,-0.3073333
681.3327,682.0147,-0.68204,4.566667,5.453017,-0.88635
681.3327,682.0181,-0.68541,4.566667,5.442533,-0.8758667
681.3327,682.0204,-0.68766,4.566667,5.411183,-0.8445167
681.3327,682.028,-0.69529,4.566667,4.882367,-0.3157
681.3327,682.0302,-0.69747,4.566667,4.4643,0.1023667
681.3327,682.0308,-0.69814,4.566667,5.4258,-0.8591333
681.3327,682.0793,-0.74663,4.566667,4.838467,-0.2718
681.3327,682.085,-0.75227,4.566667,4.8531,-0.2864333
681.3327,682.0851,-0.75235,4.566667,4.807117,-0.24045
681.3327,682.0853,-0.7526,4.566667,4.710933,-0.1442667
681.3327,682.095,-0.76225,4.566667,4.874,-0.3073333
681.3327,682.0957,-0.76296,4.566667,4.819667,-0.253
681.3327,682.1047,-0.772,4.566667,4.4413,0.1253667
681.3327,682.1053,-0.7726,4.566667,4.435033,0.1316333
681.3327,682.1079,-0.77523,4.566667,4.4434,0.1232667
681.3327,682.1083,-0.77556,4.566667,4.4204,0.1462667
681.3327,682.1092,-0.77653,4.566667,4.439217,0.12745
681.3327,682.1102,-0.77748,4.566667,4.45175,0.1149167
681.3327,682.1185,-0.78583,4.566667,4.445483,0.1211833
681.3327,682.121,-0.78833,4.566667,4.213483,0.3531833
681.3327,682.1279,-0.79516,4.566667,4.869833,-0.3031667
681.3327,682.1298,-0.7971,4.566667,4.775733,-0.2090667
,,,,,
