681.3238,5.616,2076,,,
Mascot MZ,MassHunter MZ,MZ Difference,Mascot RT,MassHunter RT,RT Difference
681.3238,680.4855,0.83835,5.615983,4.9827,0.6332833
681.3238,680.4963,0.82749,5.615983,5.724733,-0.10875
681.3238,680.4986,0.82517,5.615983,5.731017,-0.1150333
681.3238,680.5039,0.81988,5.615983,5.030767,0.5852167
681.3238,680.5098,0.81401,5.615983,5.7331,-0.1171167
681.3238,680.5133,0.81053,5.615983,5.020317,0.5956667
681.3238,680.5208,0.80295,5.615983,4.9806,0.6353833
681.3238,680.5217,0.80209,5.615983,5.35265,0.2633333
681.3238,680.5259,0.79785,5.615983,5.0015,0.6144833
681.3238,680.5382,0.78556,5.615983,5.018233,0.59775
681.3238,680.5384,0.78543,5.615983,5.037033,0.57895
681.3238,680.5767,0.74707,5.615983,6.364367,-0.7483833
681.3238,680.5777,0.74606,5.615983,6.36645,-0.7504667
681.3238,680.5804,0.74343,5.615983,5.718467,-0.1024833
681.3238,680.5811,0.7427,5.615983,6.360183,-0.7442
681.3238,680.5819,0.74188,5.615983,6.36855,-0.7525667
681.3238,680.582,0.74181,5.615983,6.32465,-0.7086667
681.3238,680.5825,0.74129,5.615983,6.2285,-0.6125167
681.3238,680.5826,0.74118,5.615983,6.211783,-0.5958
681.3238,680.5826,0.74115,5.615983,6.34765,-0.7316667
681.3238,680.583,0.74077,5.615983,6.47515,-0.8591667
681.3238,680.5831,0.74069,5.615983,6.3769,-0.7609167
681.3238,680.5836,0.74016,5.615983,6.3351,-0.7191167
681.3238,680.5837,0.74013,5.615983,6.297483,-0.6815
681.3238,680.5839,0.73992,5.615983,6.341367,-0.7253833
681.3238,680.584,0.73981,5.615983,6.307933,-0.69195
681.3238,680.5841,0.73967,5.615983,6.356,-0.7400167
681.3238,680.5848,0.73899,5.615983,6.351817,-0.7358333
681.3238,680.585,0.73881,5.615983,6.2306,-0.6146167
681.3238,680.585,0.73876,5.615983,6.245233,-0.62925
681.3238,680.5853,0.73852,5.615983,6.3142,-0.6982167
681.3238,680.5855,0.7383,5.615983,6.289117,-0.6731333
681.3238,680.5857,0.73812,5.615983,6.247317,-0.6313333
681.3238,680.5858,0.73802,5.615983,6.215967,-0.5999833
681.3238,680.5859,0.73788,5.615983,6.51485,-0.8988667
681.3238,680.586,0.7378,5.615983,6.477233,-0.86125
681.3238,680.5863,0.73748,5.615983,6.30375,-0.6877667
681.3238,680.5864,0.7374,5.615983,6.32675,-0.7107667
681.3238,680.5864,0.73737,5.615983,6.284933,-0.66895
681.3238,680.5865,0.73733,5.615983,6.502317,-0.8863333
681.3238,680.5867,0.73714,5.615983,6.481417,-0.8654333
681.3238,680.5868,0.73702,5.615983,6.3163,-0.7003167
681.3238,680.5869,0.73694,5.615983,6.2933,-0.6773167
681.3238,680.5871,0.73674,5.615983,6.322567,-0.7065833
681.3238,680.5873,0.73647,5.615983,6.468867,-0.8528833
681.3238,680.5873,0.73646,5.615983,6.339283,-0.7233
681.3238,680.5874,0.73644,5.615983,6.479317,-0.8633333
681.3238,680.5876,0.73618,5.615983,6.4835,-0.8675167
681.3238,680.5882,0.73559,5.615983,6.328833,-0.71285
681.3238,680.5884,0.73544,5.615983,6.305833,-0.68985
681.3238,680.5885,0.73526,5.615983,6.34555,-0.7295667
681.3238,680.5885,0.73526,5.615983,6.49395,-0.8779667
681.3238,680.5887,0.73508,5.615983,6.498133,-0.88215
681.3238,680.5888,0.73499,5.615983,6.318383,-0.7024
681.3238,680.5889,0.73494,5.615983,6.25985,-0.6438667
681.3238,680.589,0.7348,5.615983,6.487683,-0.8717
681.3238,680.589,0.73478,5.615983,6.299567,-0.6835833
681.3238,680.5892,0.73459,5.615983,6.287033,-0.67105
681.3238,680.5894,0.73443,5.615983,6.508583,-0.8926
681.3238,680.5895,0.73427,5.615983,6.312117,-0.6961333
681.3238,680.5901,0.73368,5.615983,6.5065,-0.8905167
681.3238,680.5901,0.73367,5.615983,6.320467,-0.7044833
681.3238,680.5904,0.73337,5.615983,6.500233,-0.88425
681.3238,680.5908,0.73297,5.615983,6.4856,-0.8696167
681.3238,680.5915,0.73234,5.615983,6.489767,-0.8737833
681.3238,680.5915,0.73231,5.615983,6.5044,-0.8884167
681.3238,680.592,0.73183,5.615983,6.349733,-0.73375
681.3238,680.592,0.73182,5.615983,6.47305,-0.8570667
681.3238,680.592,0.7318,5.615983,6.21805,-0.6020667
681.3238,680.5923,0.73152,5.615983,6.226417,-0.6104333
681.3238,680.5926,0.73122,5.615983,6.512767,-0.8967833
681.3238,680.5926,0.73118,5.615983,6.333017,-0.7170333
681.3238,680.5932,0.73056,5.615983,6.491867,-0.8758833
681.3238,680.594,0.72981,5.615983,6.49605,-0.8800667
681.3238,680.5941,0.72975,5.615983,6.295383,-0.6794
681.3238,680.5944,0.72937,5.615983,6.510683,-0.8947
681.3238,680.5947,0.72909,5.615983,6.343467,-0.7274833
681.3238,680.5955,0.72834,5.615983,6.266133,-0.65015
681.3238,680.5964,0.72744,5.615983,6.310017,-0.6940333
681.3238,680.5982,0.72556,5.615983,5.252317,0.3636667
681.3238,680.5987,0.72512,5.615983,6.372733,-0.75675
681.3238,680.6012,0.72264,5.615983,6.330917,-0.7149333
681.3238,680.6112,0.71256,5.615983,6.353917,-0.7379333
681.3238,680.6191,0.70471,5.615983,6.341367,-0.7253833
681.3238,680.6197,0.70411,5.615983,6.351817,-0.7358333
681.3238,680.62,0.70384,5.615983,6.34765,-0.7316667
681.3238,680.6238,0.70002,5.615983,6.36855,-0.7525667
681.3238,680.6249,0.69891,5.615983,6.2306,-0.6146167
681.3238,680.6263,0.69749,5.615983,6.3372,-0.7212167
681.3238,680.6269,0.69689,5.615983,6.203417,-0.5874333
681.3238,680.6274,0.69642,5.615983,6.211783,-0.5958
681.3238,680.6302,0.69364,5.615983,6.15535,-0.5393667
681.3238,680.6309,0.69285,5.615983,6.17835,-0.5623667
681.3238,680.6309,0.69285,5.615983,6.360183,-0.7442
681.3238,680.6312,0.69259,5.615983,6.159533,-0.54355
681.3238,680.6315,0.69228,5.615983,6.180433,-0.56445
681.3238,680.6319,0.69193,5.615983,6.146983,-0.531
681.3238,680.6319,0.6919,5.615983,6.169983,-0.554
681.3238,680.6321,0.69174,5.615983,6.19715,-0.5811667
681.3238,680.6322,0.69161,5.615983,6.167883,-0.5519
681.3238,680.6322,0.6916,5.615983,6.130267,-0.5142833
681.3238,680.6323,0.6915,5.615983,6.2076,-0.5916167
681.3238,680.6323,0.69149,5.615983,6.163717,-0.5477333
681.3238,680.6324,0.6914,5.615983,6.151167,-0.5351833
681.3238,680.6326,0.69118,5.615983,6.142817,-0.5268333
681.3238,680.6327,0.69105,5.615983,6.149083,-0.5331
681.3238,680.6329,0.69094,5.615983,4.869833,0.74615
681.3238,680.6332,0.69056,5.615983,6.1888,-0.5728167
681.3238,680.6333,0.69054,5.615983,6.128183,-0.5122
681.3238,680.6334,0.69041,5.615983,6.172067,-0.5560833
681.3238,680.6336,0.69021,5.615983,6.17625,-0.5602667
681.3238,680.6337,0.69008,5.615983,6.161617,-0.5456333
681.3238,680.6338,0.69003,5.615983,5.348467,0.2675167
681.3238,680.6339,0.6899,5.615983,6.1658,-0.5498167
681.3238,680.634,0.68985,5.615983,6.1867,-0.5707167
681.3238,680.6342,0.68961,5.615983,6.138633,-0.52265
681.3238,680.6343,0.68952,5.615983,6.1449,-0.5289167
681.3238,680.6344,0.6894,5.615983,6.132367,-0.5163833
681.3238,680.6348,0.689,5.615983,6.136533,-0.52055
681.3238,680.6351,0.68869,5.615983,6.184617,-0.5686333
681.3238,680.6355,0.68825,5.615983,6.140717,-0.5247333
681.3238,680.6358,0.68802,5.615983,6.174167,-0.5581833
681.3238,680.6358,0.68797,5.615983,6.13445,-0.5184667
681.3238,680.6361,0.68771,5.615983,6.182517,-0.5665333
681.3238,680.6363,0.68755,5.615983,6.190883,-0.5749
681.3238,680.6363,0.68752,5.615983,6.153267,-0.5372833
681.3238,680.6371,0.68668,5.615983,6.157433,-0.54145
681.3238,680.6373,0.68654,5.615983,6.195067,-0.5790833
681.3238,680.6385,0.68527,5.615983,5.060033,0.55595
681.3238,680.6433,0.68051,5.615983,5.009867,0.6061167
681.3238,680.644,0.67983,5.615983,4.986883,0.6291
681.3238,680.644,0.67983,5.615983,5.0015,0.6144833
681.3238,680.6455,0.67828,5.615983,5.03495,0.5810333
681.3238,680.6474,0.67637,5.615983,5.030767,0.5852167
681.3238,680.6491,0.67467,5.615983,4.819667,0.7963167
681.3238,680.6495,0.67435,5.615983,5.114367,0.5016167
681.3238,680.6499,0.67393,5.615983,4.857283,0.7587
681.3238,680.6501,0.6737,5.615983,5.0245,0.5914833
681.3238,680.6502,0.67365,5.615983,5.116467,0.4995167
681.3238,680.6503,0.67353,5.615983,4.99315,0.6228333
681.3238,680.6506,0.67319,5.615983,5.0036,0.6123833
681.3238,680.6526,0.67124,5.615983,5.346383,0.2696
681.3238,680.6538,0.67001,5.615983,5.007783,0.6082
681.3238,680.6542,0.66956,5.615983,5.005683,0.6103
681.3238,680.6543,0.66955,5.615983,4.999417,0.6165667
681.3238,680.6543,0.66951,5.615983,5.091383,0.5246
681.3238,680.6544,0.66945,5.615983,5.026583,0.5894
681.3238,680.6545,0.66929,5.615983,4.72765,0.8883333
681.3238,680.6549,0.66888,5.615983,4.984783,0.6312
681.3238,680.6551,0.66866,5.615983,5.032867,0.5831167
681.3238,680.6553,0.66851,5.615983,4.7172,0.8987833
681.3238,680.6553,0.66847,5.615983,5.423717,0.1922667
681.3238,680.6553,0.66846,5.615983,5.018233,0.59775
681.3238,680.6565,0.6673,5.615983,5.4488,0.1671833
681.3238,680.6569,0.66693,5.615983,5.26695,0.3490333
681.3238,680.6621,0.66166,5.615983,4.919983,0.696
681.3238,680.6628,0.66099,5.615983,4.882367,0.7336167
681.3238,680.6636,0.66019,5.615983,4.721383,0.8946
681.3238,680.6646,0.65917,5.615983,6.1219,-0.5059167
681.3238,680.6708,0.65298,5.615983,6.107233,-0.49125
681.3238,680.6727,0.65111,5.615983,5.292033,0.32395
681.3238,680.6727,0.65109,5.615983,4.846833,0.76915
681.3238,680.6745,0.64928,5.615983,4.871917,0.7440667
681.3238,680.6768,0.64704,5.615983,6.08425,-0.4682667
681.3238,680.6776,0.64618,5.615983,5.879417,-0.2634333
681.3238,680.6786,0.64524,5.615983,6.080067,-0.4640833
681.3238,680.6799,0.64391,5.615983,6.075883,-0.4599
681.3238,680.6799,0.64386,5.615983,5.2983,0.3176833
681.3238,680.6806,0.64319,5.615983,5.26905,0.3469333
681.3238,680.6814,0.64238,5.615983,5.858517,-0.2425333
681.3238,680.6816,0.64219,5.615983,6.054983,-0.439
681.3238,680.6824,0.64137,5.615983,5.791617,-0.1756333
681.3238,680.6832,0.64056,5.615983,5.30875,0.3072333
681.3238,680.6854,0.63843,5.615983,5.35265,0.2633333
681.3238,680.6854,0.63836,5.615983,5.873133,-0.25715
681.3238,680.6863,0.6375,5.615983,5.271133,0.34485
681.3238,680.6865,0.63729,5.615983,5.13945,0.4765333
681.3238,680.6866,0.63715,5.615983,4.72765,0.8883333
681.3238,680.6878,0.63597,5.615983,5.2774,0.3385833
681.3238,680.6883,0.63549,5.615983,6.086333,-0.47035
681.3238,680.6887,0.63512,5.615983,4.934617,0.6813667
681.3238,680.6889,0.63494,5.615983,5.285767,0.3302167
681.3238,680.6894,0.63441,5.615983,5.7979,-0.1819167
681.3238,680.6897,0.63413,5.615983,5.831333,-0.21535
681.3238,680.6911,0.6327,5.615983,5.78535,-0.1693667
681.3238,680.6914,0.63236,5.615983,5.340117,0.2758667
681.3238,680.6919,0.63194,5.615983,5.1311,0.4848833
681.3238,680.6919,0.63194,5.615983,5.302483,0.3135
681.3238,680.692,0.63182,5.615983,5.3213,0.2946833
681.3238,680.6925,0.63135,5.615983,5.33175,0.2842333
681.3238,680.6926,0.63124,5.615983,5.80625,-0.1902667
681.3238,680.693,0.63077,5.615983,5.7958,-0.1798167
681.3238,680.6937,0.63009,5.615983,5.7749,-0.1589167
681.3238,680.6939,0.62987,5.615983,5.770717,-0.1547333
681.3238,680.694,0.62984,5.615983,5.814617,-0.1986333
681.3238,680.694,0.62982,5.615983,5.76445,-0.1484667
681.3238,680.6943,0.62951,5.615983,5.783267,-0.1672833
681.3238,680.6944,0.62941,5.615983,5.751917,-0.1359333
681.3238,680.6945,0.62926,5.615983,5.76655,-0.1505667
681.3238,680.6946,0.62922,5.615983,5.26695,0.3490333
681.3238,680.6946,0.62919,5.615983,5.875233,-0.25925
681.3238,680.6951,0.62866,5.615983,5.747733,-0.13175
681.3238,680.6956,0.62823,5.615983,5.718467,-0.1024833
681.3238,680.6956,0.62823,5.615983,5.833433,-0.21745
681.3238,680.6956,0.62817,5.615983,5.739367,-0.1233833
681.3238,680.6961,0.62772,5.615983,5.716383,-0.1004
681.3238,680.6961,0.62771,5.615983,5.720567,-0.1045833
681.3238,680.6961,0.62769,5.615983,5.749817,-0.1338333
681.3238,680.6961,0.62768,5.615983,5.7331,-0.1171167
681.3238,680.6962,0.62761,5.615983,5.758183,-0.1422
681.3238,680.6962,0.62758,5.615983,5.731017,-0.1150333
681.3238,680.6963,0.62753,5.615983,5.741467,-0.1254833
681.3238,680.6963,0.62748,5.615983,5.735183,-0.1192
681.3238,680.6965,0.62732,5.615983,5.745633,-0.12965
681.3238,680.6968,0.62702,5.615983,5.74355,-0.1275667
681.3238,680.6969,0.62687,5.615983,5.7561,-0.1401167
681.3238,680.6974,0.62645,5.615983,4.8343,0.7816833
681.3238,680.6974,0.62644,5.615983,5.126917,0.4890667
681.3238,680.6975,0.62633,5.615983,5.103917,0.5120667
681.3238,680.6975,0.62633,5.615983,5.724733,-0.10875
681.3238,680.6975,0.62626,5.615983,5.728917,-0.1129333
681.3238,680.6977,0.62611,5.615983,5.777,-0.1610167
681.3238,680.698,0.62577,5.615983,5.085117,0.5308667
681.3238,680.6981,0.62567,5.615983,5.779083,-0.1631
681.3238,680.6983,0.62555,5.615983,5.72265,-0.1066667
681.3238,680.6983,0.62555,5.615983,5.781167,-0.1651833
681.3238,680.6985,0.62526,5.615983,5.726833,-0.11085
681.3238,680.6988,0.62505,5.615983,5.762367,-0.1463833
681.3238,680.6988,0.62502,5.615983,5.760267,-0.1442833
681.3238,680.6993,0.62452,5.615983,5.754,-0.1380167
681.3238,680.6993,0.62445,5.615983,5.264867,0.3511167
681.3238,680.6995,0.6243,5.615983,5.737283,-0.1213
681.3238,680.6998,0.62403,5.615983,5.772817,-0.1568333
681.3238,680.6998,0.62399,5.615983,5.24815,0.3678333
681.3238,680.7002,0.6236,5.615983,4.947167,0.6688167
681.3238,680.7006,0.62323,5.615983,5.411183,0.2048
681.3238,680.701,0.62277,5.615983,5.319217,0.2967667
681.3238,680.7013,0.6225,5.615983,5.329667,0.2863167
681.3238,680.7013,0.62247,5.615983,5.768633,-0.15265
681.3238,680.702,0.62182,5.615983,5.789533,-0.17355
681.3238,680.7023,0.6215,5.615983,4.974333,0.64165
681.3238,680.7027,0.62111,5.615983,5.09975,0.5162333
681.3238,680.7028,0.62104,5.615983,5.068383,0.5476
681.3238,680.703,0.62079,5.615983,5.106017,0.5099667
681.3238,680.7032,0.62059,5.615983,4.965967,0.6500167
681.3238,680.7033,0.62046,5.615983,5.793717,-0.1777333
681.3238,680.7041,0.61975,5.615983,5.064217,0.5517667
681.3238,680.7041,0.61973,5.615983,5.3422,0.2737833
681.3238,680.7042,0.61956,5.615983,5.083017,0.5329667
681.3238,680.7044,0.61936,5.615983,5.122733,0.49325
681.3238,680.7045,0.61928,5.615983,5.070483,0.5455
681.3238,680.7046,0.61924,5.615983,5.283683,0.3323
681.3238,680.7048,0.61899,5.615983,5.080933,0.53505
681.3238,680.7049,0.61889,5.615983,5.05585,0.5601333
681.3238,680.7051,0.61874,5.615983,5.060033,0.55595
681.3238,680.7059,0.61789,5.615983,5.0893,0.5266833
681.3238,680.7061,0.61767,5.615983,5.114367,0.5016167
681.3238,680.7063,0.61747,5.615983,5.091383,0.5246
681.3238,680.7063,0.61747,5.615983,5.124833,0.49115
681.3238,680.7064,0.61737,5.615983,5.051667,0.5643167
681.3238,680.7074,0.61639,5.615983,5.07885,0.5371333
681.3238,680.7074,0.61635,5.615983,5.057933,0.55805
681.3238,680.7077,0.61607,5.615983,5.026583,0.5894
681.3238,680.7082,0.61564,5.615983,5.037033,0.57895
681.3238,680.7087,0.61515,5.615983,4.978517,0.6374667
681.3238,680.7087,0.61508,5.615983,5.095567,0.5204167
681.3238,680.7088,0.61503,5.615983,5.093467,0.5225167
681.3238,680.7088,0.61501,5.615983,5.09765,0.5183333
681.3238,680.7089,0.61487,5.615983,4.968067,0.6479167
681.3238,680.709,0.61483,5.615983,5.206333,0.40965
681.3238,680.709,0.61482,5.615983,5.016133,0.59985
681.3238,680.7092,0.61463,5.615983,5.116467,0.4995167
681.3238,680.7092,0.6146,5.615983,5.241867,0.3741167
681.3238,680.7092,0.61459,5.615983,5.0224,0.5935833
681.3238,680.7092,0.61457,5.615983,5.01195,0.6040333
681.3238,680.7092,0.61457,5.615983,5.101833,0.51415
681.3238,680.7093,0.6145,5.615983,5.0872,0.5287833
681.3238,680.7094,0.61438,5.615983,5.039133,0.57685
681.3238,680.7095,0.61431,5.615983,5.074667,0.5413167
681.3238,680.7098,0.61403,5.615983,5.007783,0.6082
681.3238,680.7098,0.61397,5.615983,4.9806,0.6353833
681.3238,680.7098,0.61396,5.615983,5.005683,0.6103
681.3238,680.7099,0.61386,5.615983,4.995233,0.62075
681.3238,680.71,0.61378,5.615983,5.0015,0.6144833
681.3238,680.7101,0.61368,5.615983,5.2565,0.3594833
681.3238,680.7102,0.61364,5.615983,5.344283,0.2717
681.3238,680.7102,0.61357,5.615983,4.976417,0.6395667
681.3238,680.7103,0.61347,5.615983,4.997333,0.61865
681.3238,680.7104,0.6134,5.615983,5.0454,0.5705833
681.3238,680.7104,0.61339,5.615983,4.988967,0.6270167
681.3238,680.7104,0.61338,5.615983,5.03495,0.5810333
681.3238,680.7105,0.61327,5.615983,5.020317,0.5956667
681.3238,680.7106,0.61323,5.615983,5.049583,0.5664
681.3238,680.7107,0.6131,5.615983,4.97015,0.6458333
681.3238,680.7107,0.61305,5.615983,5.0036,0.6123833
681.3238,680.7108,0.61298,5.615983,4.984783,0.6312
681.3238,680.7108,0.61297,5.615983,4.97225,0.6437333
681.3238,680.711,0.61284,5.615983,5.053767,0.5622167
681.3238,680.7113,0.61254,5.615983,5.01405,0.6019333
681.3238,680.7113,0.61252,5.615983,5.030767,0.5852167
681.3238,680.7114,0.61242,5.615983,5.009867,0.6061167
681.3238,680.7114,0.61239,5.615983,5.028683,0.5873
681.3238,680.7114,0.61236,5.615983,4.999417,0.6165667
681.3238,680.7116,0.61222,5.615983,5.0663,0.5496833
681.3238,680.7118,0.61201,5.615983,5.041217,0.5747667
681.3238,680.7118,0.61199,5.615983,5.043317,0.5726667
681.3238,680.712,0.61176,5.615983,5.218883,0.3971
681.3238,680.7122,0.61163,5.615983,4.99315,0.6228333
681.3238,680.7122,0.61162,5.615983,5.047483,0.5685
681.3238,680.7122,0.6116,5.615983,5.112283,0.5037
681.3238,680.7122,0.61157,5.615983,5.018233,0.59775
681.3238,680.7123,0.61147,5.615983,4.99105,0.6249333
681.3238,680.7123,0.61146,5.615983,5.333833,0.28215
681.3238,680.7125,0.61128,5.615983,4.9827,0.6332833
681.3238,680.7127,0.61113,5.615983,5.0245,0.5914833
681.3238,680.7136,0.61025,5.615983,5.1081,0.5078833
681.3238,680.7137,0.61015,5.615983,5.072567,0.5434167
681.3238,680.7139,0.60989,5.615983,5.062117,0.5538667
681.3238,680.714,0.6098,5.615983,5.032867,0.5831167
681.3238,680.7143,0.60947,5.615983,4.986883,0.6291
681.3238,680.7152,0.60861,5.615983,5.1102,0.5057833
681.3238,680.7168,0.60698,5.615983,5.327567,0.2884167
681.3238,680.7175,0.60633,5.615983,5.07675,0.5392333
681.3238,680.7189,0.60488,5.615983,5.11855,0.4974333
681.3238,680.73,0.59378,5.615983,5.271133,0.34485
681.3238,680.7732,0.5506,5.615983,5.007783,0.6082
681.3238,680.7833,0.54046,5.615983,5.0224,0.5935833
681.3238,680.8003,0.52349,5.615983,5.0015,0.6144833
681.3238,680.8048,0.51901,5.615983,5.718467,-0.1024833
681.3238,680.8056,0.5182,5.615983,5.223067,0.3929167
681.3238,680.8065,0.51729,5.615983,5.731017,-0.1150333
681.3238,680.8078,0.51602,5.615983,5.76445,-0.1484667
681.3238,680.8079,0.51591,5.615983,5.7749,-0.1589167
681.3238,680.8082,0.51561,5.615983,5.802083,-0.1861
681.3238,680.8086,0.51523,5.615983,5.770717,-0.1547333
681.3238,680.809,0.51483,5.615983,5.76655,-0.1505667
681.3238,680.809,0.51482,5.615983,5.779083,-0.1631
681.3238,680.8092,0.51458,5.615983,5.812533,-0.19655
681.3238,680.8098,0.51395,5.615983,5.7958,-0.1798167
681.3238,680.81,0.51383,5.615983,5.783267,-0.1672833
681.3238,680.8101,0.51375,5.615983,5.80625,-0.1902667
681.3238,680.8103,0.51351,5.615983,5.758183,-0.1422
681.3238,680.8107,0.51307,5.615983,5.762367,-0.1463833
681.3238,680.8108,0.51295,5.615983,5.777,-0.1610167
681.3238,680.8109,0.51288,5.615983,5.791617,-0.1756333
681.3238,680.8111,0.5127,5.615983,5.789533,-0.17355
681.3238,680.8111,0.5127,5.615983,5.799983,-0.184
681.3238,680.8111,0.51267,5.615983,5.737283,-0.1213
681.3238,680.8116,0.51219,5.615983,5.781167,-0.1651833
681.3238,680.8118,0.51199,5.615983,5.768633,-0.15265
681.3238,680.8122,0.51163,5.615983,5.78745,-0.1714667
681.3238,680.8122,0.51157,5.615983,5.8167,-0.2007167
681.3238,680.8123,0.51153,5.615983,5.78535,-0.1693667
681.3238,680.8125,0.51126,5.615983,5.810433,-0.19445
681.3238,680.8128,0.51098,5.615983,5.751917,-0.1359333
681.3238,680.8128,0.51098,5.615983,5.814617,-0.1986333
681.3238,680.8133,0.51055,5.615983,5.820883,-0.2049
681.3238,680.8138,0.50997,5.615983,5.80835,-0.1923667
681.3238,680.8139,0.50991,5.615983,5.760267,-0.1442833
681.3238,680.8141,0.50974,5.615983,5.793717,-0.1777333
681.3238,680.8142,0.50964,5.615983,5.772817,-0.1568333
681.3238,680.8148,0.509,5.615983,5.7561,-0.1401167
681.3238,680.8149,0.50888,5.615983,5.745633,-0.12965
681.3238,680.8149,0.50888,5.615983,5.804167,-0.1881833
681.3238,680.815,0.50878,5.615983,5.46765,0.1483333
681.3238,680.8153,0.50848,5.615983,5.724733,-0.10875
681.3238,680.8156,0.50817,5.615983,5.7979,-0.1819167
681.3238,680.8158,0.50801,5.615983,5.7331,-0.1171167
681.3238,680.8159,0.50792,5.615983,6.130267,-0.5142833
681.3238,680.8161,0.50765,5.615983,5.739367,-0.1233833
681.3238,680.8163,0.5075,5.615983,5.754,-0.1380167
681.3238,680.8168,0.507,5.615983,5.726833,-0.11085
681.3238,680.8169,0.50695,5.615983,5.229333,0.38665
681.3238,680.817,0.50675,5.615983,5.369367,0.2466167
681.3238,680.8171,0.50673,5.615983,6.142817,-0.5268333
681.3238,680.8176,0.50621,5.615983,5.89195,-0.2759667
681.3238,680.8177,0.50614,5.615983,4.767367,0.8486167
681.3238,680.8177,0.5061,5.615983,5.747733,-0.13175
681.3238,680.8187,0.50507,5.615983,5.741467,-0.1254833
681.3238,680.8188,0.50498,5.615983,5.3422,0.2737833
681.3238,680.8197,0.50413,5.615983,5.170817,0.4451667
681.3238,680.8199,0.50392,5.615983,5.716383,-0.1004
681.3238,680.8204,0.50341,5.615983,5.749817,-0.1338333
681.3238,680.8206,0.50321,5.615983,5.30875,0.3072333
681.3238,680.8206,0.50316,5.615983,5.728917,-0.1129333
681.3238,680.8208,0.50301,5.615983,5.3213,0.2946833
681.3238,680.8214,0.50244,5.615983,5.0454,0.5705833
681.3238,680.8219,0.50193,5.615983,4.786217,0.8297667
681.3238,680.8223,0.50153,5.615983,5.33175,0.2842333
681.3238,680.8228,0.50102,5.615983,5.8188,-0.2028167
681.3238,680.8232,0.50063,5.615983,5.325483,0.2905
681.3238,680.8233,0.50046,5.615983,5.005683,0.6103
681.3238,680.8234,0.50036,5.615983,5.047483,0.5685
681.3238,680.8237,0.50011,5.615983,5.312933,0.30305
681.3238,680.8237,0.50008,5.615983,5.264867,0.3511167
681.3238,680.8245,0.49934,5.615983,5.218883,0.3971
681.3238,680.8245,0.49927,5.615983,4.9806,0.6353833
681.3238,680.8249,0.49887,5.615983,5.900317,-0.2843333
681.3238,680.8252,0.49855,5.615983,5.22725,0.3887333
681.3238,680.8253,0.49853,5.615983,5.37355,0.2424333
681.3238,680.8253,0.4985,5.615983,5.243967,0.3720167
681.3238,680.8253,0.49846,5.615983,5.845967,-0.2299833
681.3238,680.8257,0.49811,5.615983,5.329667,0.2863167
681.3238,680.8258,0.49803,5.615983,5.843883,-0.2279
681.3238,680.8258,0.49802,5.615983,5.8815,-0.2655167
681.3238,680.8258,0.49801,5.615983,5.3861,0.2298833
681.3238,680.826,0.4978,5.615983,5.82715,-0.2111667
681.3238,680.826,0.49779,5.615983,5.361017,0.2549667
681.3238,680.8261,0.49768,5.615983,5.3631,0.2528833
681.3238,680.8263,0.49749,5.615983,5.057933,0.55805
681.3238,680.8265,0.49725,5.615983,5.296217,0.3197667
681.3238,680.8266,0.49724,5.615983,5.233517,0.3824667
681.3238,680.8267,0.49711,5.615983,5.346383,0.2696
681.3238,680.8267,0.49708,5.615983,4.8113,0.8046833
681.3238,680.8269,0.49687,5.615983,5.440433,0.17555
681.3238,680.8272,0.49664,5.615983,5.260683,0.3553
681.3238,680.8272,0.49661,5.615983,5.41535,0.2006333
681.3238,680.8273,0.49651,5.615983,5.2795,0.3364833
681.3238,680.8275,0.4963,5.615983,5.009867,0.6061167
681.3238,680.8276,0.49622,5.615983,5.315033,0.30095
681.3238,680.8276,0.49621,5.615983,5.271133,0.34485
681.3238,680.8279,0.49588,5.615983,4.99105,0.6249333
681.3238,680.8279,0.49587,5.615983,5.407,0.2089833
681.3238,680.828,0.4958,5.615983,6.3581,-0.7421167
681.3238,680.828,0.49579,5.615983,5.384,0.2319833
681.3238,680.8281,0.49571,5.615983,5.822983,-0.207
681.3238,680.8281,0.49568,5.615983,5.252317,0.3636667
681.3238,680.8281,0.49568,5.615983,5.294133,0.32185
681.3238,680.8281,0.49567,5.615983,5.825067,-0.2090833
681.3238,680.8283,0.49555,5.615983,5.883583,-0.2676
681.3238,680.8284,0.49541,5.615983,5.05585,0.5601333
681.3238,680.8284,0.49535,5.615983,5.333833,0.28215
681.3238,680.8284,0.49535,5.615983,5.413267,0.2027167
681.3238,680.8285,0.49534,5.615983,4.798767,0.8172167
681.3238,680.8285,0.49532,5.615983,5.89405,-0.2780667
681.3238,680.8287,0.49506,5.615983,5.241867,0.3741167
681.3238,680.8288,0.49505,5.615983,5.379817,0.2361667
681.3238,680.829,0.49483,5.615983,4.8134,0.8025833
681.3238,680.8292,0.49464,5.615983,4.815483,0.8005
681.3238,680.8292,0.49459,5.615983,5.461383,0.1546
681.3238,680.8293,0.49455,5.615983,5.2565,0.3594833
681.3238,680.8293,0.49453,5.615983,5.154083,0.4619
681.3238,680.8293,0.49453,5.615983,5.388183,0.2278
681.3238,680.8293,0.4945,5.615983,4.809217,0.8067667
681.3238,680.8294,0.4944,5.615983,5.885683,-0.2697
681.3238,680.8294,0.49437,5.615983,5.064217,0.5517667
681.3238,680.8294,0.49437,5.615983,5.37565,0.2403333
681.3238,680.8295,0.49434,5.615983,5.8606,-0.2446167
681.3238,680.8297,0.49413,5.615983,4.997333,0.61865
681.3238,680.8297,0.49412,5.615983,5.856417,-0.2404333
681.3238,680.8297,0.49412,5.615983,5.879417,-0.2634333
681.3238,680.8298,0.49401,5.615983,4.846833,0.76915
681.3238,680.8298,0.49401,5.615983,4.859383,0.7566
681.3238,680.83,0.49385,5.615983,6.34765,-0.7316667
681.3238,680.83,0.49377,5.615983,5.037033,0.57895
681.3238,680.83,0.49377,5.615983,5.2356,0.3803833
681.3238,680.8301,0.49375,5.615983,6.341367,-0.7253833
681.3238,680.8301,0.49371,5.615983,5.873133,-0.25715
681.3238,680.8303,0.49353,5.615983,6.151167,-0.5351833
681.3238,680.8303,0.4935,5.615983,5.848067,-0.2320833
681.3238,680.8304,0.49343,5.615983,4.825933,0.79005
681.3238,680.8304,0.49342,5.615983,5.87105,-0.2550667
681.3238,680.8305,0.49326,5.615983,5.145733,0.47025
681.3238,680.8306,0.4932,5.615983,5.381917,0.2340667
681.3238,680.8307,0.49313,5.615983,5.854333,-0.23835
681.3238,680.8308,0.49303,5.615983,6.372733,-0.75675
681.3238,680.8308,0.49302,5.615983,6.280767,-0.6647833
681.3238,680.8308,0.49296,5.615983,5.866867,-0.2508833
681.3238,680.8309,0.49291,5.615983,4.851017,0.7649667
681.3238,680.8309,0.49288,5.615983,4.836383,0.7796
681.3238,680.8309,0.49288,5.615983,5.041217,0.5747667
681.3238,680.831,0.49284,5.615983,5.275317,0.3406667
681.3238,680.831,0.49281,5.615983,4.830117,0.7858667
681.3238,680.831,0.49276,5.615983,5.306667,0.3093167
681.3238,680.8311,0.49274,5.615983,5.152,0.4639833
681.3238,680.8311,0.49274,5.615983,5.409083,0.2069
681.3238,680.8313,0.49252,5.615983,6.333017,-0.7170333
681.3238,680.8314,0.49244,5.615983,5.4049,0.2110833
681.3238,680.8315,0.49233,5.615983,6.353917,-0.7379333
681.3238,680.8316,0.49216,5.615983,6.330917,-0.7149333
681.3238,680.8319,0.49194,5.615983,5.01195,0.6040333
681.3238,680.8319,0.49188,5.615983,5.302483,0.3135
681.3238,680.832,0.49179,5.615983,4.978517,0.6374667
681.3238,680.832,0.49179,5.615983,6.21805,-0.6020667
681.3238,680.832,0.49175,5.615983,4.792483,0.8235
681.3238,680.8321,0.49168,5.615983,4.82385,0.7921333
681.3238,680.8321,0.49167,5.615983,5.220967,0.3950167
681.3238,680.8321,0.49167,5.615983,5.8397,-0.2237167
681.3238,680.8322,0.49164,5.615983,4.838467,0.7775167
681.3238,680.8322,0.49163,5.615983,6.213867,-0.5978833
681.3238,680.8322,0.49158,5.615983,5.400717,0.2152667
681.3238,680.8322,0.49157,5.615983,4.848933,0.76705
681.3238,680.8323,0.49154,5.615983,4.86355,0.7524333
681.3238,680.8324,0.49136,5.615983,5.262783,0.3532
681.3238,680.8324,0.49135,5.615983,5.14155,0.4744333
681.3238,680.8325,0.49128,5.615983,5.07885,0.5371333
681.3238,680.8326,0.49123,5.615983,4.819667,0.7963167
681.3238,680.8326,0.49116,5.615983,5.239783,0.3762
681.3238,680.8327,0.49112,5.615983,5.358917,0.2570667
681.3238,680.8327,0.4911,5.615983,4.777817,0.8381667
681.3238,680.8328,0.49103,5.615983,4.82175,0.7942333
681.3238,680.8328,0.49096,5.615983,4.976417,0.6395667
681.3238,680.8329,0.49092,5.615983,5.28785,0.3281333
681.3238,680.8329,0.49089,5.615983,5.070483,0.5455
681.3238,680.8329,0.49088,5.615983,4.782,0.8339833
681.3238,680.8329,0.49088,5.615983,4.9827,0.6332833
681.3238,680.833,0.49082,5.615983,4.861467,0.7545167
681.3238,680.833,0.49079,5.615983,6.2306,-0.6146167
681.3238,680.8331,0.49073,5.615983,5.039133,0.57685
681.3238,680.8331,0.49068,5.615983,5.016133,0.59985
681.3238,680.8332,0.49064,5.615983,6.232683,-0.6167
681.3238,680.8332,0.49062,5.615983,4.7172,0.8987833
681.3238,680.8332,0.49062,5.615983,4.986883,0.6291
681.3238,680.8332,0.49062,5.615983,5.1499,0.4660833
681.3238,680.8332,0.49058,5.615983,4.8322,0.7837833
681.3238,680.8333,0.49055,5.615983,6.34555,-0.7295667
681.3238,680.8333,0.49051,5.615983,5.062117,0.5538667
681.3238,680.8334,0.49044,5.615983,5.101833,0.51415
681.3238,680.8334,0.49044,5.615983,5.16035,0.4556333
681.3238,680.8334,0.49042,5.615983,5.35265,0.2633333
681.3238,680.8334,0.49037,5.615983,4.796667,0.8193167
681.3238,680.8334,0.49036,5.615983,6.310017,-0.6940333
681.3238,680.8335,0.49031,5.615983,4.995233,0.62075
681.3238,680.8335,0.49029,5.615983,6.2097,-0.5937167
681.3238,680.8336,0.49021,5.615983,5.22515,0.3908333
681.3238,680.8336,0.49017,5.615983,5.841783,-0.2258
681.3238,680.8336,0.49016,5.615983,4.7193,0.8966833
681.3238,680.8337,0.49015,5.615983,6.32675,-0.7107667
681.3238,680.8337,0.49011,5.615983,5.2983,0.3176833
681.3238,680.8337,0.49009,5.615983,6.264033,-0.64805
681.3238,680.8337,0.49006,5.615983,6.328833,-0.71285
681.3238,680.8338,0.49005,5.615983,6.28285,-0.6668667
681.3238,680.8338,0.49002,5.615983,5.181267,0.4347167
681.3238,680.8339,0.48989,5.615983,4.805033,0.81095
681.3238,680.834,0.48984,5.615983,4.828017,0.7879667
681.3238,680.834,0.48983,5.615983,6.379,-0.7630167
681.3238,680.834,0.4898,5.615983,5.344283,0.2717
681.3238,680.834,0.48979,5.615983,5.2377,0.3782833
681.3238,680.8341,0.48972,5.615983,5.831333,-0.21535
681.3238,680.8341,0.4897,5.615983,5.82925,-0.2132667
681.3238,680.8342,0.48964,5.615983,6.291217,-0.6752333
681.3238,680.8342,0.4896,5.615983,5.0663,0.5496833
681.3238,680.8343,0.48949,5.615983,5.875233,-0.25925
681.3238,680.8344,0.48938,5.615983,4.965967,0.6500167
681.3238,680.8344,0.48937,5.615983,4.84475,0.7712333
681.3238,680.8344,0.48936,5.615983,4.984783,0.6312
681.3238,680.8345,0.48934,5.615983,4.840567,0.7754167
681.3238,680.8345,0.48934,5.615983,5.133183,0.4828
681.3238,680.8345,0.48932,5.615983,5.354733,0.26125
681.3238,680.8346,0.48924,5.615983,5.129,0.4869833
681.3238,680.8346,0.48923,5.615983,4.779917,0.8360667
681.3238,680.8346,0.48921,5.615983,4.9618,0.6541833
681.3238,680.8346,0.48919,5.615983,4.8552,0.7607833
681.3238,680.8346,0.48919,5.615983,5.858517,-0.2425333
681.3238,680.8346,0.48919,5.615983,6.274483,-0.6585
681.3238,680.8346,0.48918,5.615983,5.030767,0.5852167
681.3238,680.8346,0.48916,5.615983,6.36645,-0.7504667
681.3238,680.8347,0.48913,5.615983,5.2586,0.3573833
681.3238,680.8347,0.48913,5.615983,6.318383,-0.7024
681.3238,680.8347,0.48911,5.615983,6.362283,-0.7463
681.3238,680.8347,0.48905,5.615983,5.049583,0.5664
681.3238,680.8348,0.489,5.615983,5.85015,-0.2341667
681.3238,680.8348,0.48897,5.615983,4.869833,0.74615
681.3238,680.8348,0.48895,5.615983,4.8531,0.7628833
681.3238,680.8349,0.48892,5.615983,6.32465,-0.7086667
681.3238,680.8349,0.48891,5.615983,6.343467,-0.7274833
681.3238,680.8349,0.48889,5.615983,4.788317,0.8276667
681.3238,680.835,0.48884,5.615983,4.807117,0.8088667
681.3238,680.835,0.48876,5.615983,6.356,-0.7400167
681.3238,680.8351,0.48873,5.615983,5.1081,0.5078833
681.3238,680.8351,0.4887,5.615983,5.053767,0.5622167
681.3238,680.8351,0.48868,5.615983,6.211783,-0.5958
681.3238,680.8351,0.48866,5.615983,6.3351,-0.7191167
681.3238,680.8352,0.48863,5.615983,5.0245,0.5914833
681.3238,680.8352,0.48862,5.615983,5.085117,0.5308667
681.3238,680.8352,0.4886,5.615983,4.746467,0.8695167
681.3238,680.8352,0.48857,5.615983,5.250233,0.36575
681.3238,680.8353,0.48849,5.615983,5.09765,0.5183333
681.3238,680.8353,0.48848,5.615983,4.953433,0.66255
681.3238,680.8354,0.48844,5.615983,6.301667,-0.6856833
681.3238,680.8355,0.48834,5.615983,4.909533,0.70645
681.3238,680.8355,0.48832,5.615983,4.94925,0.6667333
681.3238,680.8355,0.48832,5.615983,6.339283,-0.7233
681.3238,680.8355,0.48831,5.615983,4.756917,0.8590667
681.3238,680.8355,0.48831,5.615983,5.390267,0.2257167
681.3238,680.8355,0.4883,5.615983,4.9388,0.6771833
681.3238,680.8355,0.48827,5.615983,4.77155,0.8444333
681.3238,680.8355,0.48827,5.615983,5.074667,0.5413167
681.3238,680.8356,0.48824,5.615983,4.9597,0.6562833
681.3238,680.8356,0.48824,5.615983,6.312117,-0.6961333
681.3238,680.8356,0.48823,5.615983,6.3163,-0.7003167
681.3238,680.8356,0.48817,5.615983,6.349733,-0.73375
681.3238,680.8357,0.48813,5.615983,4.974333,0.64165
681.3238,680.8357,0.48811,5.615983,6.364367,-0.7483833
681.3238,680.8357,0.48808,5.615983,5.164533,0.45145
681.3238,680.8357,0.48805,5.615983,4.8343,0.7816833
681.3238,680.8357,0.48805,5.615983,6.498133,-0.88215
681.3238,680.8358,0.48803,5.615983,4.72975,0.8862333
681.3238,680.8358,0.48802,5.615983,4.930433,0.68555
681.3238,680.8358,0.488,5.615983,4.936717,0.6792667
681.3238,680.8359,0.48795,5.615983,6.253583,-0.6376
681.3238,680.8359,0.48793,5.615983,4.84265,0.7733333
681.3238,680.8359,0.48786,5.615983,4.817567,0.7984167
681.3238,680.8359,0.48786,5.615983,5.731017,-0.1150333
681.3238,680.836,0.48784,5.615983,4.97015,0.6458333
681.3238,680.836,0.48784,5.615983,5.116467,0.4995167
681.3238,680.836,0.48782,5.615983,4.942983,0.673
681.3238,680.8361,0.48775,5.615983,4.9409,0.6750833
681.3238,680.8361,0.48768,5.615983,4.945067,0.6709167
681.3238,680.8361,0.48766,5.615983,6.299567,-0.6835833
681.3238,680.8362,0.48762,5.615983,5.093467,0.5225167
681.3238,680.8362,0.48762,5.615983,6.203417,-0.5874333
681.3238,680.8362,0.48761,5.615983,4.932533,0.68345
681.3238,680.8362,0.4876,5.615983,6.243133,-0.62715
681.3238,680.8362,0.48759,5.615983,5.114367,0.5016167
681.3238,680.8362,0.48757,5.615983,5.74355,-0.1275667
681.3238,680.8362,0.48757,5.615983,6.500233,-0.88425
681.3238,680.8362,0.48755,5.615983,4.97225,0.6437333
681.3238,680.8363,0.48754,5.615983,5.095567,0.5204167
681.3238,680.8363,0.48752,5.615983,6.2285,-0.6125167
681.3238,680.8363,0.4875,5.615983,5.13945,0.4765333
681.3238,680.8364,0.48744,5.615983,6.3142,-0.6982167
681.3238,680.8364,0.48742,5.615983,5.124833,0.49115
681.3238,680.8364,0.48742,5.615983,6.370633,-0.75465
681.3238,680.8364,0.48739,5.615983,4.922083,0.6939
681.3238,680.8364,0.48738,5.615983,5.137367,0.4786167
681.3238,680.8364,0.48738,5.615983,6.51485,-0.8988667
681.3238,680.8365,0.48731,5.615983,6.305833,-0.68985
681.3238,680.8365,0.48729,5.615983,5.0893,0.5266833
681.3238,680.8365,0.48728,5.615983,5.01405,0.6019333
681.3238,680.8366,0.48724,5.615983,4.723483,0.8925
681.3238,680.8366,0.48724,5.615983,5.718467,-0.1024833
681.3238,680.8366,0.48721,5.615983,4.878183,0.7378
681.3238,680.8366,0.48721,5.615983,5.1311,0.4848833
681.3238,680.8366,0.4872,5.615983,4.882367,0.7336167
681.3238,680.8366,0.48718,5.615983,6.383183,-0.7672
681.3238,680.8366,0.48717,5.615983,4.968067,0.6479167
681.3238,680.8366,0.48715,5.615983,6.26195,-0.6459667
681.3238,680.8367,0.48714,5.615983,6.36855,-0.7525667
681.3238,680.8367,0.48711,5.615983,4.880283,0.7357
681.3238,680.8367,0.48708,5.615983,4.911633,0.70435
681.3238,680.8368,0.48701,5.615983,4.924167,0.6918167
681.3238,680.8368,0.48701,5.615983,4.957617,0.6583667
681.3238,680.8368,0.48701,5.615983,6.226417,-0.6104333
681.3238,680.8368,0.487,5.615983,5.032867,0.5831167
681.3238,680.8369,0.48688,5.615983,4.963883,0.6521
681.3238,680.8369,0.48686,5.615983,4.871917,0.7440667
681.3238,680.8369,0.48686,5.615983,5.103917,0.5120667
681.3238,680.837,0.48684,5.615983,6.295383,-0.6794
681.3238,680.8371,0.48672,5.615983,5.335933,0.28005
681.3238,680.8371,0.48668,5.615983,6.307933,-0.69195
681.3238,680.8372,0.48664,5.615983,5.371467,0.2445167
681.3238,680.8372,0.48662,5.615983,4.86565,0.7503333
681.3238,680.8372,0.48661,5.615983,4.947167,0.6688167
681.3238,680.8372,0.4866,5.615983,5.864783,-0.2488
681.3238,680.8372,0.48658,5.615983,5.735183,-0.1192
681.3238,680.8372,0.48657,5.615983,5.051667,0.5643167
681.3238,680.8373,0.48654,5.615983,5.106017,0.5099667
681.3238,680.8373,0.48649,5.615983,4.955517,0.6604667
681.3238,680.8373,0.48646,5.615983,5.068383,0.5476
681.3238,680.8375,0.48626,5.615983,4.899083,0.7169
681.3238,680.8377,0.48615,5.615983,6.3769,-0.7609167
681.3238,680.8377,0.48611,5.615983,6.215967,-0.5999833
681.3238,680.8377,0.48606,5.615983,4.752733,0.86325
681.3238,680.8378,0.48601,5.615983,4.99315,0.6228333
681.3238,680.8378,0.48601,5.615983,6.322567,-0.7065833
681.3238,680.8378,0.486,5.615983,6.30375,-0.6877667
681.3238,680.8379,0.48595,5.615983,4.919983,0.696
681.3238,680.8379,0.48593,5.615983,4.725567,0.8904167
681.3238,680.8379,0.48593,5.615983,5.12065,0.4953333
681.3238,680.8379,0.48587,5.615983,4.890733,0.72525
681.3238,680.838,0.48582,5.615983,4.731833,0.88415
681.3238,680.838,0.48582,5.615983,5.09975,0.5162333
681.3238,680.838,0.48582,5.615983,6.385267,-0.7692833
681.3238,680.838,0.48581,5.615983,4.742283,0.8737
681.3238,680.8381,0.48573,5.615983,4.744383,0.8716
681.3238,680.8381,0.48571,5.615983,6.236867,-0.6208833
681.3238,680.8381,0.4857,5.615983,4.934617,0.6813667
681.3238,680.8381,0.48567,5.615983,5.091383,0.5246
681.3238,680.8382,0.48565,5.615983,6.320467,-0.7044833
681.3238,680.8382,0.48561,5.615983,4.915817,0.7001667
681.3238,680.8383,0.48555,5.615983,6.502317,-0.8863333
681.3238,680.8383,0.48548,5.615983,4.9179,0.6980833
681.3238,680.8383,0.48546,5.615983,6.23895,-0.6229667
681.3238,680.8383,0.48545,5.615983,5.868967,-0.2529833
681.3238,680.8384,0.48544,5.615983,5.367283,0.2487
681.3238,680.8384,0.48542,5.615983,4.759017,0.8569667
681.3238,680.8384,0.48542,5.615983,5.39445,0.2215333
681.3238,680.8384,0.48541,5.615983,4.80295,0.8130333
681.3238,680.8385,0.48531,5.615983,5.126917,0.4890667
681.3238,680.8385,0.48528,5.615983,4.897,0.7189833
681.3238,680.8386,0.48525,5.615983,5.1102,0.5057833
681.3238,680.8386,0.48517,5.615983,4.72765,0.8883333
681.3238,680.8387,0.48514,5.615983,5.11855,0.4974333
681.3238,680.8387,0.48509,5.615983,4.905367,0.7106167
681.3238,680.8387,0.48509,5.615983,4.926267,0.6897167
681.3238,680.8387,0.48508,5.615983,4.736017,0.8799667
681.3238,680.8387,0.48507,5.615983,4.748567,0.8674167
681.3238,680.8388,0.48498,5.615983,4.903267,0.7127167
681.3238,680.8388,0.48498,5.615983,5.0872,0.5287833
681.3238,680.8389,0.48491,5.615983,4.999417,0.6165667
681.3238,680.8389,0.48488,5.615983,6.3372,-0.7212167
681.3238,680.8389,0.48486,5.615983,4.773633,0.84235
681.3238,680.8389,0.48486,5.615983,6.297483,-0.6815
681.3238,680.839,0.48478,5.615983,4.92835,0.6876333
681.3238,680.839,0.48476,5.615983,6.360183,-0.7442
681.3238,680.8391,0.48472,5.615983,6.510683,-0.8947
681.3238,680.8391,0.48471,5.615983,4.894917,0.7210667
681.3238,680.8391,0.48471,5.615983,5.122733,0.49325
681.3238,680.8391,0.48471,5.615983,6.508583,-0.8926
681.3238,680.8391,0.4847,5.615983,4.874,0.7419833
681.3238,680.8392,0.48464,5.615983,4.857283,0.7587
681.3238,680.8392,0.4846,5.615983,5.0036,0.6123833
681.3238,680.8392,0.48455,5.615983,4.901183,0.7148
681.3238,680.8392,0.48455,5.615983,4.913717,0.7022667
681.3238,680.8393,0.48451,5.615983,4.888633,0.72735
681.3238,680.8393,0.48448,5.615983,4.80085,0.8151333
681.3238,680.8394,0.4844,5.615983,6.491867,-0.8758833
681.3238,680.8395,0.48428,5.615983,6.289117,-0.6731333
681.3238,680.8396,0.48421,5.615983,5.26695,0.3490333
681.3238,680.8396,0.48418,5.615983,5.0224,0.5935833
681.3238,680.8397,0.48413,5.615983,5.083017,0.5329667
681.3238,680.8397,0.48405,5.615983,5.028683,0.5873
681.3238,680.8398,0.48404,5.615983,4.88445,0.7315333
681.3238,680.8398,0.48403,5.615983,6.351817,-0.7358333
681.3238,680.8398,0.48395,5.615983,5.143633,0.47235
681.3238,680.8399,0.48392,5.615983,5.072567,0.5434167
681.3238,680.8399,0.48391,5.615983,5.862683,-0.2467
681.3238,680.84,0.48383,5.615983,6.234783,-0.6188
681.3238,680.84,0.48379,5.615983,6.47515,-0.8591667
681.3238,680.84,0.48377,5.615983,4.784133,0.83185
681.3238,680.8402,0.48364,5.615983,4.867733,0.74825
681.3238,680.8403,0.48353,5.615983,6.5044,-0.8884167
681.3238,680.8403,0.48345,5.615983,4.75065,0.8653333
681.3238,680.8404,0.48337,5.615983,6.489767,-0.8737833
681.3238,680.8404,0.48336,5.615983,4.892817,0.7231667
681.3238,680.8405,0.48334,5.615983,6.4856,-0.8696167
681.3238,680.8405,0.48334,5.615983,6.49605,-0.8800667
681.3238,680.8406,0.48325,5.615983,5.348467,0.2675167
681.3238,680.8406,0.48316,5.615983,5.080933,0.53505
681.3238,680.8407,0.48312,5.615983,4.721383,0.8946
681.3238,680.8408,0.48304,5.615983,4.90745,0.7085333
681.3238,680.8408,0.48303,5.615983,6.479317,-0.8633333
681.3238,680.8408,0.48299,5.615983,4.8761,0.7398833
681.3238,680.8408,0.48297,5.615983,5.852233,-0.23625
681.3238,680.8408,0.48297,5.615983,6.245233,-0.62925
681.3238,680.8408,0.48296,5.615983,5.07675,0.5392333
681.3238,680.8408,0.48296,5.615983,6.481417,-0.8654333
681.3238,680.841,0.48285,5.615983,5.135283,0.4807
681.3238,680.841,0.4828,5.615983,5.960933,-0.34495
681.3238,680.8411,0.48271,5.615983,5.9672,-0.3512167
681.3238,680.8411,0.4827,5.615983,5.112283,0.5037
681.3238,680.8411,0.48266,5.615983,4.733933,0.88205
681.3238,680.8412,0.48264,5.615983,5.043317,0.5726667
681.3238,680.8414,0.48244,5.615983,4.754833,0.86115
681.3238,680.8414,0.48244,5.615983,4.763183,0.8528
681.3238,680.8415,0.48227,5.615983,4.7381,0.8778833
681.3238,680.8415,0.48225,5.615983,5.3004,0.3155833
681.3238,680.8416,0.48224,5.615983,4.988967,0.6270167
681.3238,680.8416,0.48217,5.615983,5.147817,0.4681667
681.3238,680.8416,0.48216,5.615983,6.470967,-0.8549833
681.3238,680.8417,0.4821,5.615983,4.95135,0.6646333
681.3238,680.8418,0.48205,5.615983,4.7611,0.8548833
681.3238,680.8418,0.48204,5.615983,6.4835,-0.8675167
681.3238,680.8419,0.48192,5.615983,4.769467,0.8465167
681.3238,680.842,0.4818,5.615983,6.487683,-0.8717
681.3238,680.8421,0.48169,5.615983,6.013183,-0.3972
681.3238,680.8422,0.48161,5.615983,5.95675,-0.3407667
681.3238,680.8422,0.48159,5.615983,5.99855,-0.3825667
681.3238,680.8424,0.48141,5.615983,4.7402,0.8757833
681.3238,680.8424,0.48141,5.615983,6.512767,-0.8967833
681.3238,680.8425,0.48134,5.615983,6.5065,-0.8905167
681.3238,680.8427,0.48114,5.615983,6.391533,-0.77555
681.3238,680.8428,0.48095,5.615983,4.88655,0.7294333
681.3238,680.843,0.4808,5.615983,5.979733,-0.36375
681.3238,680.8432,0.48062,5.615983,5.929567,-0.3135833
681.3238,680.8432,0.48059,5.615983,5.948383,-0.3324
681.3238,680.8435,0.48031,5.615983,6.47305,-0.8570667
681.3238,680.8437,0.48009,5.615983,6.276583,-0.6606
681.3238,680.8438,0.47997,5.615983,6.49395,-0.8779667
681.3238,680.8442,0.47964,5.615983,6.374817,-0.7588333
681.3238,680.8444,0.47943,5.615983,6.468867,-0.8528833
681.3238,680.8445,0.47935,5.615983,5.453017,0.1629667
681.3238,680.8445,0.47935,5.615983,5.940033,-0.32405
681.3238,680.8445,0.47931,5.615983,4.794583,0.8214
681.3238,680.8446,0.47924,5.615983,4.765283,0.8507
681.3238,680.8447,0.47908,5.615983,6.45215,-0.8361667
681.3238,680.8449,0.4789,5.615983,6.4647,-0.8487167
681.3238,680.8453,0.47849,5.615983,6.38735,-0.7713667
681.3238,680.8454,0.47845,5.615983,6.2494,-0.6334167
681.3238,680.8454,0.47844,5.615983,5.996467,-0.3804833
681.3238,680.8454,0.47842,5.615983,6.381083,-0.7651
681.3238,680.8455,0.4783,5.615983,5.942117,-0.3261333
681.3238,680.8456,0.47823,5.615983,6.011083,-0.3951
681.3238,680.8459,0.47791,5.615983,6.015267,-0.3992833
681.3238,680.8459,0.47788,5.615983,6.038267,-0.4222833
681.3238,680.8461,0.47774,5.615983,6.395717,-0.7797333
681.3238,680.8461,0.47773,5.615983,6.447967,-0.8319833
681.3238,680.8461,0.47772,5.615983,6.477233,-0.86125
681.3238,680.8462,0.47763,5.615983,6.393633,-0.77765
681.3238,680.8463,0.47755,5.615983,6.38945,-0.7734667
681.3238,680.8464,0.47745,5.615983,5.973467,-0.3574833
681.3238,680.8465,0.47726,5.615983,6.027817,-0.4118333
681.3238,680.8466,0.47722,5.615983,6.437517,-0.8215333
681.3238,680.8468,0.47698,5.615983,5.9463,-0.3303167
681.3238,680.8469,0.47693,5.615983,5.03495,0.5810333
681.3238,680.8471,0.47671,5.615983,6.401983,-0.786
681.3238,680.8472,0.47658,5.615983,6.450067,-0.8340833
681.3238,680.8474,0.47643,5.615983,6.009,-0.3930167
681.3238,680.8474,0.47639,5.615983,6.456333,-0.84035
681.3238,680.8475,0.4763,5.615983,6.460517,-0.8445333
681.3238,680.8475,0.47629,5.615983,6.433333,-0.81735
681.3238,680.8476,0.47617,5.615983,5.9651,-0.3491167
681.3238,680.8478,0.47597,5.615983,6.429167,-0.8131833
681.3238,680.8479,0.47593,5.615983,6.435433,-0.81945
681.3238,680.8479,0.47591,5.615983,5.963017,-0.3470333
681.3238,680.8479,0.47588,5.615983,6.3999,-0.7839167
681.3238,680.848,0.47581,5.615983,6.45425,-0.8382667
681.3238,680.848,0.47576,5.615983,6.404083,-0.7881
681.3238,680.8481,0.47571,5.615983,6.406167,-0.7901833
681.3238,680.8482,0.47564,5.615983,6.424983,-0.809
681.3238,680.8482,0.47559,5.615983,5.981833,-0.36585
681.3238,680.8482,0.47559,5.615983,6.422883,-0.8069
681.3238,680.8483,0.47555,5.615983,6.439617,-0.8236333
681.3238,680.8483,0.47555,5.615983,6.4626,-0.8466167
681.3238,680.8483,0.47553,5.615983,6.445883,-0.8299
681.3238,680.8484,0.47539,5.615983,6.408267,-0.7922833
681.3238,680.8484,0.47538,5.615983,6.41035,-0.7943667
681.3238,680.8484,0.47535,5.615983,5.97555,-0.3595667
681.3238,680.8485,0.47533,5.615983,6.3978,-0.7818167
681.3238,680.8486,0.47521,5.615983,6.427067,-0.8110833
681.3238,680.8487,0.47515,5.615983,5.465567,0.1504167
681.3238,680.8487,0.47508,5.615983,6.466783,-0.8508
681.3238,680.8487,0.47507,5.615983,5.97765,-0.3616667
681.3238,680.849,0.47482,5.615983,6.002733,-0.38675
681.3238,680.8491,0.47473,5.615983,6.000633,-0.38465
681.3238,680.8491,0.47471,5.615983,6.046617,-0.4306333
681.3238,680.8491,0.47469,5.615983,5.0015,0.6144833
681.3238,680.8491,0.47466,5.615983,6.418717,-0.8027333
681.3238,680.8492,0.47458,5.615983,6.416617,-0.8006333
681.3238,680.8493,0.47445,5.615983,5.958833,-0.34285
681.3238,680.8495,0.47433,5.615983,6.4208,-0.8048167
681.3238,680.8499,0.47393,5.615983,5.156183,0.4598
681.3238,680.85,0.47384,5.615983,6.04245,-0.4264667
681.3238,680.8501,0.47372,5.615983,5.95465,-0.3386667
681.3238,680.8507,0.47313,5.615983,6.412433,-0.79645
681.3238,680.8512,0.47263,5.615983,5.983917,-0.3679333
681.3238,680.8512,0.4726,5.615983,5.020317,0.5956667
681.3238,680.8512,0.47257,5.615983,6.458417,-0.8424333
681.3238,680.8516,0.47218,5.615983,5.72265,-0.1066667
681.3238,680.8517,0.47209,5.615983,6.443783,-0.8278
681.3238,680.8517,0.47207,5.615983,6.4417,-0.8257167
681.3238,680.8518,0.47197,5.615983,6.414533,-0.79855
681.3238,680.8519,0.47185,5.615983,6.023633,-0.40765
681.3238,680.8521,0.47173,5.615983,6.43125,-0.8152667
681.3238,680.853,0.47078,5.615983,5.990183,-0.3742
681.3238,680.854,0.46982,5.615983,5.992283,-0.3763
681.3238,680.8554,0.46845,5.615983,5.921217,-0.3052333
681.3238,680.8578,0.46597,5.615983,5.018233,0.59775
681.3238,680.8611,0.46265,5.615983,5.51155,0.1044333
681.3238,680.8692,0.45457,5.615983,5.515717,0.1002667
681.3238,680.8849,0.43887,5.615983,5.306667,0.3093167
681.3238,680.9475,0.37626,5.615983,6.351817,-0.7358333
681.3238,680.9619,0.36188,5.615983,6.353917,-0.7379333
681.3238,680.9643,0.35948,5.615983,6.17835,-0.5623667
681.3238,680.9645,0.35929,5.615983,6.136533,-0.52055
681.3238,680.9645,0.35926,5.615983,6.151167,-0.5351833
681.3238,680.965,0.35883,5.615983,6.182517,-0.5665333
681.3238,680.965,0.35877,5.615983,6.195067,-0.5790833
681.3238,680.9655,0.35826,5.615983,6.15535,-0.5393667
681.3238,680.966,0.35779,5.615983,6.146983,-0.531
681.3238,680.9664,0.35741,5.615983,6.13445,-0.5184667
681.3238,680.9665,0.35732,5.615983,6.174167,-0.5581833
681.3238,680.9669,0.35689,5.615983,6.128183,-0.5122
681.3238,680.967,0.3568,5.615983,6.157433,-0.54145
681.3238,680.9673,0.35654,5.615983,6.1658,-0.5498167
681.3238,680.9676,0.35616,5.615983,6.163717,-0.5477333
681.3238,680.9682,0.35561,5.615983,6.161617,-0.5456333
681.3238,680.9683,0.35549,5.615983,6.169983,-0.554
681.3238,680.9685,0.35527,5.615983,6.180433,-0.56445
681.3238,680.969,0.35476,5.615983,6.153267,-0.5372833
681.3238,680.9692,0.35462,5.615983,6.130267,-0.5142833
681.3238,680.9692,0.3546,5.615983,6.149083,-0.5331
681.3238,680.9698,0.35404,5.615983,6.172067,-0.5560833
681.3238,680.97,0.35384,5.615983,6.2076,-0.5916167
681.3238,680.9701,0.3537,5.615983,6.159533,-0.54355
681.3238,680.9704,0.35338,5.615983,6.1867,-0.5707167
681.3238,680.9705,0.3533,5.615983,4.82385,0.7921333
681.3238,680.9706,0.35322,5.615983,6.138633,-0.52265
681.3238,680.9708,0.35298,5.615983,6.1449,-0.5289167
681.3238,680.9711,0.35272,5.615983,6.140717,-0.5247333
681.3238,680.9715,0.35228,5.615983,6.167883,-0.5519
681.3238,680.9716,0.35221,5.615983,6.126083,-0.5101
681.3238,680.9725,0.35132,5.615983,6.184617,-0.5686333
681.3238,680.9725,0.35128,5.615983,6.142817,-0.5268333
681.3238,680.9726,0.35121,5.615983,6.190883,-0.5749
681.3238,680.9726,0.3512,5.615983,6.17625,-0.5602667
681.3238,680.9735,0.35027,5.615983,6.132367,-0.5163833
681.3238,680.974,0.34978,5.615983,6.192967,-0.5769833
681.3238,680.9802,0.34361,5.615983,5.037033,0.57895
681.3238,680.9836,0.34024,5.615983,5.020317,0.5956667
681.3238,680.9843,0.33945,5.615983,4.913717,0.7022667
681.3238,680.9844,0.33939,5.615983,5.444617,0.1713667
681.3238,680.9851,0.33871,5.615983,4.922083,0.6939
681.3238,680.9865,0.33733,5.615983,5.0245,0.5914833
681.3238,680.9866,0.3372,5.615983,5.016133,0.59985
681.3238,680.9872,0.33665,5.615983,5.007783,0.6082
681.3238,680.9881,0.33567,5.615983,5.01195,0.6040333
681.3238,680.9887,0.33506,5.615983,5.419533,0.19645
681.3238,680.9891,0.33472,5.615983,4.999417,0.6165667
681.3238,680.9954,0.32844,5.615983,5.350567,0.2654167
681.3238,680.9966,0.32719,5.615983,4.733933,0.88205
681.3238,681.0003,0.32353,5.615983,5.421633,0.19435
681.3238,681.0025,0.32134,5.615983,4.840567,0.7754167
681.3238,681.0037,0.32008,5.615983,6.08425,-0.4682667
681.3238,681.0045,0.31926,5.615983,6.126083,-0.5101
681.3238,681.0051,0.31865,5.615983,6.098883,-0.4829
681.3238,681.0053,0.31847,5.615983,6.067517,-0.4515333
681.3238,681.0064,0.31738,5.615983,6.0926,-0.4766167
681.3238,681.0076,0.31618,5.615983,6.086333,-0.47035
681.3238,681.0087,0.31509,5.615983,6.10305,-0.4870667
681.3238,681.0094,0.31443,5.615983,6.088433,-0.47245
681.3238,681.0111,0.31271,5.615983,6.100967,-0.4849833
681.3238,681.0125,0.31128,5.615983,6.077983,-0.462
681.3238,681.0164,0.30744,5.615983,5.2795,0.3364833
681.3238,681.017,0.30684,5.615983,4.869833,0.74615
681.3238,681.0175,0.3063,5.615983,4.9806,0.6353833
681.3238,681.0189,0.30486,5.615983,4.86565,0.7503333
681.3238,681.019,0.3048,5.615983,4.984783,0.6312
681.3238,681.0197,0.30411,5.615983,5.049583,0.5664
681.3238,681.0199,0.30387,5.615983,5.304583,0.3114
681.3238,681.0227,0.30111,5.615983,4.9409,0.6750833
681.3238,681.0248,0.29897,5.615983,4.988967,0.6270167
681.3238,681.0251,0.29871,5.615983,5.028683,0.5873
681.3238,681.0254,0.29844,5.615983,5.11855,0.4974333
681.3238,681.0263,0.29746,5.615983,5.13945,0.4765333
681.3238,681.0267,0.29712,5.615983,5.762367,-0.1463833
681.3238,681.0267,0.29709,5.615983,5.728917,-0.1129333
681.3238,681.0272,0.29665,5.615983,5.726833,-0.11085
681.3238,681.0275,0.29634,5.615983,4.809217,0.8067667
681.3238,681.0275,0.29631,5.615983,5.754,-0.1380167
681.3238,681.0278,0.29604,5.615983,5.718467,-0.1024833
681.3238,681.0279,0.29594,5.615983,5.250233,0.36575
681.3238,681.0283,0.29554,5.615983,4.99105,0.6249333
681.3238,681.029,0.2948,5.615983,5.72265,-0.1066667
681.3238,681.0291,0.29465,5.615983,5.103917,0.5120667
681.3238,681.0292,0.29461,5.615983,4.796667,0.8193167
681.3238,681.0293,0.29454,5.615983,5.749817,-0.1338333
681.3238,681.0295,0.29434,5.615983,5.731017,-0.1150333
681.3238,681.0296,0.29424,5.615983,5.7331,-0.1171167
681.3238,681.0297,0.29414,5.615983,5.724733,-0.10875
681.3238,681.0298,0.29396,5.615983,5.737283,-0.1213
681.3238,681.03,0.29378,5.615983,5.197983,0.418
681.3238,681.03,0.29375,5.615983,5.720567,-0.1045833
681.3238,681.0302,0.29365,5.615983,5.7561,-0.1401167
681.3238,681.0305,0.29325,5.615983,5.76655,-0.1505667
681.3238,681.0307,0.29308,5.615983,5.716383,-0.1004
681.3238,681.0307,0.29308,5.615983,5.739367,-0.1233833
681.3238,681.0309,0.2929,5.615983,5.747733,-0.13175
681.3238,681.031,0.29278,5.615983,5.760267,-0.1442833
681.3238,681.0311,0.2927,5.615983,5.0224,0.5935833
681.3238,681.0312,0.29265,5.615983,5.735183,-0.1192
681.3238,681.0327,0.2911,5.615983,5.745633,-0.12965
681.3238,681.0334,0.29038,5.615983,5.741467,-0.1254833
681.3238,681.0335,0.29031,5.615983,5.74355,-0.1275667
681.3238,681.0335,0.29027,5.615983,5.032867,0.5831167
681.3238,681.035,0.2888,5.615983,5.106017,0.5099667
681.3238,681.0354,0.28843,5.615983,5.026583,0.5894
681.3238,681.0355,0.28833,5.615983,5.091383,0.5246
681.3238,681.0356,0.28817,5.615983,5.041217,0.5747667
681.3238,681.0367,0.2871,5.615983,5.751917,-0.1359333
681.3238,681.0397,0.28412,5.615983,4.9827,0.6332833
681.3238,681.0404,0.28338,5.615983,5.057933,0.55805
681.3238,681.0413,0.28254,5.615983,5.0454,0.5705833
681.3238,681.0413,0.28251,5.615983,5.0872,0.5287833
681.3238,681.0416,0.28216,5.615983,5.009867,0.6061167
681.3238,681.0422,0.28159,5.615983,5.005683,0.6103
681.3238,681.0424,0.28137,5.615983,5.018233,0.59775
681.3238,681.0429,0.28089,5.615983,4.978517,0.6374667
681.3238,681.043,0.28085,5.615983,5.039133,0.57685
681.3238,681.043,0.28081,5.615983,5.016133,0.59985
681.3238,681.0435,0.28034,5.615983,5.051667,0.5643167
681.3238,681.0437,0.28008,5.615983,4.976417,0.6395667
681.3238,681.0438,0.28005,5.615983,5.043317,0.5726667
681.3238,681.0439,0.27986,5.615983,5.037033,0.57895
681.3238,681.044,0.27976,5.615983,5.0036,0.6123833
681.3238,681.044,0.27975,5.615983,4.986883,0.6291
681.3238,681.0448,0.27905,5.615983,5.01195,0.6040333
681.3238,681.045,0.27878,5.615983,4.995233,0.62075
681.3238,681.0452,0.27857,5.615983,5.095567,0.5204167
681.3238,681.0456,0.27823,5.615983,5.0015,0.6144833
681.3238,681.0457,0.27808,5.615983,5.070483,0.5455
681.3238,681.046,0.27779,5.615983,4.997333,0.61865
681.3238,681.046,0.27776,5.615983,5.064217,0.5517667
681.3238,681.0468,0.27701,5.615983,5.0245,0.5914833
681.3238,681.047,0.27679,5.615983,4.999417,0.6165667
681.3238,681.0497,0.27407,5.615983,5.03495,0.5810333
681.3238,681.052,0.27178,5.615983,4.99315,0.6228333
681.3238,681.053,0.2708,5.615983,5.01405,0.6019333
681.3238,681.053,0.27075,5.615983,5.007783,0.6082
681.3238,681.0541,0.26971,5.615983,5.020317,0.5956667
681.3238,681.0548,0.26895,5.615983,5.030767,0.5852167
681.3238,681.0799,0.24386,5.615983,6.341367,-0.7253833
681.3238,681.0803,0.2435,5.615983,6.356,-0.7400167
681.3238,681.0804,0.24343,5.615983,6.360183,-0.7442
681.3238,681.0804,0.24339,5.615983,6.3351,-0.7191167
681.3238,681.0806,0.24315,5.615983,6.34765,-0.7316667
681.3238,681.0809,0.24293,5.615983,6.353917,-0.7379333
681.3238,681.0811,0.24268,5.615983,6.3581,-0.7421167
681.3238,681.0821,0.24172,5.615983,6.25985,-0.6438667
681.3238,681.0824,0.24137,5.615983,6.30375,-0.6877667
681.3238,681.0825,0.24129,5.615983,6.3372,-0.7212167
681.3238,681.0835,0.2403,5.615983,6.289117,-0.6731333
681.3238,681.0843,0.23952,5.615983,6.362283,-0.7463
681.3238,681.0844,0.23943,5.615983,6.4835,-0.8675167
681.3238,681.0846,0.23923,5.615983,6.34555,-0.7295667
681.3238,681.0847,0.23908,5.615983,6.307933,-0.69195
681.3238,681.0847,0.23907,5.615983,6.328833,-0.71285
681.3238,681.085,0.23882,5.615983,6.481417,-0.8654333
681.3238,681.0851,0.23867,5.615983,6.32465,-0.7086667
681.3238,681.0852,0.23856,5.615983,6.2306,-0.6146167
681.3238,681.0856,0.23824,5.615983,6.333017,-0.7170333
681.3238,681.0857,0.23806,5.615983,6.36855,-0.7525667
681.3238,681.0867,0.23713,5.615983,6.349733,-0.73375
681.3238,681.0867,0.23711,5.615983,6.339283,-0.7233
681.3238,681.0868,0.23705,5.615983,6.372733,-0.75675
681.3238,681.0868,0.23697,5.615983,6.512767,-0.8967833
681.3238,681.0869,0.23686,5.615983,6.320467,-0.7044833
681.3238,681.0871,0.23674,5.615983,6.3142,-0.6982167
681.3238,681.0871,0.23665,5.615983,6.330917,-0.7149333
681.3238,681.0877,0.23607,5.615983,6.36645,-0.7504667
681.3238,681.0879,0.23586,5.615983,6.305833,-0.68985
681.3238,681.0884,0.23538,5.615983,6.297483,-0.6815
681.3238,681.0885,0.23532,5.615983,6.301667,-0.6856833
681.3238,681.0889,0.23487,5.615983,6.5065,-0.8905167
681.3238,681.089,0.23478,5.615983,6.32675,-0.7107667
681.3238,681.0891,0.23467,5.615983,6.51485,-0.8988667
681.3238,681.0893,0.23454,5.615983,6.508583,-0.8926
681.3238,681.0893,0.23445,5.615983,6.5044,-0.8884167
681.3238,681.0897,0.23415,5.615983,6.500233,-0.88425
681.3238,681.0897,0.23415,5.615983,6.502317,-0.8863333
681.3238,681.0913,0.23247,5.615983,6.510683,-0.8947
681.3238,681.0921,0.23165,5.615983,6.322567,-0.7065833
681.3238,681.0925,0.23128,5.615983,6.4856,-0.8696167
681.3238,681.093,0.2308,5.615983,6.312117,-0.6961333
681.3238,681.0942,0.22956,5.615983,6.268217,-0.6522333
681.3238,681.1077,0.21614,5.615983,5.285767,0.3302167
681.3238,681.1101,0.21375,5.615983,5.018233,0.59775
681.3238,681.1152,0.20864,5.615983,5.106017,0.5099667
681.3238,681.123,0.20084,5.615983,5.0015,0.6144833
681.3238,681.4242,-0.10037,5.615983,4.805033,0.81095
681.3238,681.426,-0.10223,5.615983,4.909533,0.70645
681.3238,681.5096,-0.1858,5.615983,5.317117,0.2988667
681.3238,681.5807,-0.25693,5.615983,6.34765,-0.7316667
681.3238,681.5843,-0.26051,5.615983,6.353917,-0.7379333
681.3238,681.5945,-0.27068,5.615983,6.351817,-0.7358333
681.3238,681.6103,-0.2865,5.615983,5.264867,0.3511167
681.3238,681.6223,-0.29845,5.615983,5.8815,-0.2655167
681.3238,681.6229,-0.29907,5.615983,5.95675,-0.3407667
681.3238,681.6232,-0.29943,5.615983,5.919117,-0.3031333
681.3238,681.6235,-0.29966,5.615983,5.89405,-0.2780667
681.3238,681.6237,-0.29988,5.615983,5.93585,-0.3198667
681.3238,681.6249,-0.30112,5.615983,5.887767,-0.2717833
681.3238,681.6253,-0.30148,5.615983,5.93375,-0.3177667
681.3238,681.6256,-0.30184,5.615983,5.929567,-0.3135833
681.3238,681.6257,-0.30188,5.615983,5.896133,-0.28015
681.3238,681.626,-0.30224,5.615983,5.97555,-0.3595667
681.3238,681.6267,-0.30291,5.615983,5.908667,-0.2926833
681.3238,681.6269,-0.30315,5.615983,5.937933,-0.32195
681.3238,681.6271,-0.30331,5.615983,5.91495,-0.2989667
681.3238,681.6273,-0.30346,5.615983,5.950483,-0.3345
681.3238,681.6273,-0.30352,5.615983,5.971383,-0.3554
681.3238,681.6274,-0.30364,5.615983,5.91285,-0.2968667
681.3238,681.6275,-0.30373,5.615983,5.948383,-0.3324
681.3238,681.6276,-0.3038,5.615983,5.89195,-0.2759667
681.3238,681.6276,-0.3038,5.615983,5.940033,-0.32405
681.3238,681.6277,-0.30387,5.615983,5.910767,-0.2947833
681.3238,681.6277,-0.3039,5.615983,5.898217,-0.2822333
681.3238,681.6278,-0.30396,5.615983,5.793717,-0.1777333
681.3238,681.6278,-0.30399,5.615983,5.9463,-0.3303167
681.3238,681.6279,-0.3041,5.615983,5.921217,-0.3052333
681.3238,681.6279,-0.30413,5.615983,5.963017,-0.3470333
681.3238,681.6283,-0.30446,5.615983,5.973467,-0.3574833
681.3238,681.6283,-0.30451,5.615983,5.873133,-0.25715
681.3238,681.6284,-0.30457,5.615983,5.9442,-0.3282167
681.3238,681.6285,-0.30466,5.615983,5.9045,-0.2885167
681.3238,681.6286,-0.30483,5.615983,5.889867,-0.2738833
681.3238,681.6289,-0.30505,5.615983,5.958833,-0.34285
681.3238,681.6289,-0.3051,5.615983,5.95465,-0.3386667
681.3238,681.629,-0.30516,5.615983,5.917033,-0.30105
681.3238,681.6291,-0.30529,5.615983,5.900317,-0.2843333
681.3238,681.6292,-0.30536,5.615983,5.8376,-0.2216167
681.3238,681.6293,-0.30551,5.615983,5.8397,-0.2237167
681.3238,681.6295,-0.30568,5.615983,5.9254,-0.3094167
681.3238,681.6296,-0.30577,5.615983,5.9233,-0.3073167
681.3238,681.6297,-0.30586,5.615983,5.852233,-0.23625
681.3238,681.6298,-0.30603,5.615983,5.960933,-0.34495
681.3238,681.63,-0.30616,5.615983,5.952567,-0.3365833
681.3238,681.6303,-0.30647,5.615983,5.942117,-0.3261333
681.3238,681.6303,-0.30648,5.615983,5.8606,-0.2446167
681.3238,681.6308,-0.30695,5.615983,5.931667,-0.3156833
681.3238,681.6308,-0.30699,5.615983,5.883583,-0.2676
681.3238,681.6309,-0.30711,5.615983,5.7979,-0.1819167
681.3238,681.6311,-0.30731,5.615983,5.854333,-0.23835
681.3238,681.6311,-0.30734,5.615983,5.82925,-0.2132667
681.3238,681.6312,-0.30743,5.615983,5.812533,-0.19655
681.3238,681.6312,-0.30744,5.615983,6.190883,-0.5749
681.3238,681.6316,-0.30781,5.615983,6.163717,-0.5477333
681.3238,681.6316,-0.30784,5.615983,5.822983,-0.207
681.3238,681.6317,-0.30787,5.615983,5.7958,-0.1798167
681.3238,681.6317,-0.30793,5.615983,5.8188,-0.2028167
681.3238,681.6321,-0.30832,5.615983,5.885683,-0.2697
681.3238,681.6322,-0.30835,5.615983,5.97765,-0.3616667
681.3238,681.6324,-0.3086,5.615983,5.804167,-0.1881833
681.3238,681.6324,-0.3086,5.615983,5.80625,-0.1902667
681.3238,681.6325,-0.30874,5.615983,5.820883,-0.2049
681.3238,681.6327,-0.30885,5.615983,6.159533,-0.54355
681.3238,681.6328,-0.30898,5.615983,5.825067,-0.2090833
681.3238,681.6337,-0.30994,5.615983,5.927483,-0.3115
681.3238,681.6338,-0.31002,5.615983,5.864783,-0.2488
681.3238,681.6349,-0.31111,5.615983,5.814617,-0.1986333
681.3238,681.635,-0.31125,5.615983,6.184617,-0.5686333
681.3238,681.6353,-0.31153,5.615983,5.843883,-0.2279
681.3238,681.6355,-0.31166,5.615983,5.831333,-0.21535
681.3238,681.6355,-0.31174,5.615983,6.142817,-0.5268333
681.3238,681.6356,-0.31181,5.615983,5.835517,-0.2195333
681.3238,681.6358,-0.31204,5.615983,5.80835,-0.1923667
681.3238,681.636,-0.31224,5.615983,5.810433,-0.19445
681.3238,681.6363,-0.31248,5.615983,6.151167,-0.5351833
681.3238,681.6363,-0.31249,5.615983,5.841783,-0.2258
681.3238,681.6367,-0.31288,5.615983,6.1867,-0.5707167
681.3238,681.6368,-0.31299,5.615983,6.157433,-0.54145
681.3238,681.638,-0.31422,5.615983,6.161617,-0.5456333
681.3238,681.6384,-0.31464,5.615983,5.906583,-0.2906
681.3238,681.6386,-0.31481,5.615983,5.848067,-0.2320833
681.3238,681.6407,-0.31694,5.615983,6.169983,-0.554
681.3238,681.6412,-0.31739,5.615983,4.874,0.7419833
681.3238,681.642,-0.31821,5.615983,4.888633,0.72735
681.3238,681.642,-0.31821,5.615983,5.312933,0.30305
681.3238,681.643,-0.31916,5.615983,4.968067,0.6479167
681.3238,681.643,-0.31917,5.615983,6.1449,-0.5289167
681.3238,681.643,-0.31921,5.615983,5.243967,0.3720167
681.3238,681.6431,-0.31928,5.615983,4.8531,0.7628833
681.3238,681.6452,-0.32136,5.615983,5.037033,0.57895
681.3238,681.6489,-0.32508,5.615983,4.880283,0.7357
681.3238,681.6489,-0.32509,5.615983,4.871917,0.7440667
681.3238,681.6489,-0.32512,5.615983,4.861467,0.7545167
681.3238,681.6502,-0.32642,5.615983,5.252317,0.3636667
681.3238,681.6504,-0.32659,5.615983,4.867733,0.74825
681.3238,681.6509,-0.32707,5.615983,4.897,0.7189833
681.3238,681.6516,-0.3278,5.615983,4.84475,0.7712333
681.3238,681.6518,-0.32804,5.615983,5.3422,0.2737833
681.3238,681.6533,-0.3295,5.615983,4.840567,0.7754167
681.3238,681.6539,-0.33013,5.615983,4.90745,0.7085333
681.3238,681.6545,-0.33073,5.615983,4.86355,0.7524333
681.3238,681.6546,-0.33082,5.615983,4.890733,0.72525
681.3238,681.6549,-0.33106,5.615983,4.8343,0.7816833
681.3238,681.6558,-0.33204,5.615983,4.84265,0.7733333
681.3238,681.656,-0.33223,5.615983,4.8761,0.7398833
681.3238,681.656,-0.33224,5.615983,4.905367,0.7106167
681.3238,681.657,-0.33321,5.615983,4.88655,0.7294333
681.3238,681.6571,-0.33328,5.615983,4.82385,0.7921333
681.3238,681.6573,-0.33346,5.615983,5.833433,-0.21745
681.3238,681.6604,-0.33659,5.615983,4.88445,0.7315333
681.3238,681.6606,-0.33683,5.615983,5.317117,0.2988667
681.3238,681.6621,-0.33828,5.615983,5.43835,0.1776333
681.3238,681.6636,-0.33981,5.615983,4.878183,0.7378
681.3238,681.6649,-0.34106,5.615983,4.848933,0.76705
681.3238,681.6664,-0.34256,5.615983,5.8167,-0.2007167
681.3238,681.6702,-0.34641,5.615983,5.718467,-0.1024833
681.3238,681.672,-0.34816,5.615983,4.99315,0.6228333
681.3238,681.6722,-0.34837,5.615983,4.805033,0.81095
681.3238,681.6722,-0.3484,5.615983,5.825067,-0.2090833
681.3238,681.6724,-0.34864,5.615983,5.814617,-0.1986333
681.3238,681.6761,-0.35226,5.615983,4.869833,0.74615
681.3238,681.6763,-0.35255,5.615983,5.831333,-0.21535
681.3238,681.6766,-0.35285,5.615983,5.8397,-0.2237167
681.3238,681.6769,-0.35312,5.615983,5.810433,-0.19445
681.3238,681.6772,-0.35343,5.615983,4.830117,0.7858667
681.3238,681.6783,-0.35446,5.615983,5.8188,-0.2028167
681.3238,681.6798,-0.35602,5.615983,5.80835,-0.1923667
681.3238,681.6804,-0.3566,5.615983,5.80625,-0.1902667
681.3238,681.6824,-0.35864,5.615983,4.888633,0.72735
681.3238,681.6825,-0.3587,5.615983,5.804167,-0.1881833
681.3238,681.6828,-0.35899,5.615983,6.21805,-0.6020667
681.3238,681.6831,-0.35932,5.615983,5.812533,-0.19655
681.3238,681.6838,-0.35997,5.615983,5.820883,-0.2049
681.3238,681.6848,-0.36101,5.615983,5.754,-0.1380167
681.3238,681.6855,-0.36172,5.615983,5.843883,-0.2279
681.3238,681.6865,-0.3627,5.615983,5.822983,-0.207
681.3238,681.6882,-0.36439,5.615983,4.867733,0.74825
681.3238,681.6883,-0.36449,5.615983,4.8343,0.7816833
681.3238,681.6892,-0.36538,5.615983,4.815483,0.8005
681.3238,681.692,-0.36818,5.615983,5.731017,-0.1150333
681.3238,681.6931,-0.36931,5.615983,5.168717,0.4472667
681.3238,681.694,-0.37017,5.615983,5.716383,-0.1004
681.3238,681.6946,-0.3708,5.615983,4.859383,0.7566
681.3238,681.6952,-0.37144,5.615983,4.7611,0.8548833
681.3238,681.7002,-0.37636,5.615983,5.735183,-0.1192
681.3238,681.701,-0.3772,5.615983,4.86355,0.7524333
681.3238,681.7138,-0.39005,5.615983,5.03495,0.5810333
681.3238,681.8135,-0.48971,5.615983,5.929567,-0.3135833
681.3238,681.8144,-0.49063,5.615983,6.203417,-0.5874333
681.3238,681.8147,-0.49085,5.615983,6.096783,-0.4808
681.3238,681.8153,-0.49149,5.615983,6.174167,-0.5581833
681.3238,681.8154,-0.49158,5.615983,6.3372,-0.7212167
681.3238,681.8154,-0.49163,5.615983,6.08425,-0.4682667
681.3238,681.8159,-0.49206,5.615983,5.779083,-0.1631
681.3238,681.816,-0.49218,5.615983,5.777,-0.1610167
681.3238,681.8162,-0.49236,5.615983,5.9254,-0.3094167
681.3238,681.8162,-0.49236,5.615983,6.192967,-0.5769833
681.3238,681.8162,-0.49237,5.615983,5.82715,-0.2111667
681.3238,681.8164,-0.49261,5.615983,6.184617,-0.5686333
681.3238,681.8165,-0.49268,5.615983,6.362283,-0.7463
681.3238,681.8165,-0.49269,5.615983,5.735183,-0.1192
681.3238,681.8167,-0.49291,5.615983,5.82925,-0.2132667
681.3238,681.8167,-0.49295,5.615983,6.065433,-0.44945
681.3238,681.8168,-0.49299,5.615983,5.751917,-0.1359333
681.3238,681.817,-0.49315,5.615983,5.91495,-0.2989667
681.3238,681.817,-0.49315,5.615983,5.919117,-0.3031333
681.3238,681.817,-0.49322,5.615983,5.793717,-0.1777333
681.3238,681.817,-0.49322,5.615983,6.222233,-0.60625
681.3238,681.8172,-0.49337,5.615983,5.728917,-0.1129333
681.3238,681.8173,-0.49348,5.615983,6.132367,-0.5163833
681.3238,681.8173,-0.49353,5.615983,5.804167,-0.1881833
681.3238,681.8177,-0.49392,5.615983,5.822983,-0.207
681.3238,681.8177,-0.49394,5.615983,6.100967,-0.4849833
681.3238,681.8178,-0.49398,5.615983,5.4572,0.1587833
681.3238,681.8178,-0.49399,5.615983,5.8188,-0.2028167
681.3238,681.8178,-0.494,5.615983,6.151167,-0.5351833
681.3238,681.818,-0.4942,5.615983,6.169983,-0.554
681.3238,681.8182,-0.49438,5.615983,5.820883,-0.2049
681.3238,681.8182,-0.49441,5.615983,6.088433,-0.47245
681.3238,681.8182,-0.49443,5.615983,5.7749,-0.1589167
681.3238,681.8183,-0.49446,5.615983,5.8167,-0.2007167
681.3238,681.8183,-0.49447,5.615983,5.739367,-0.1233833
681.3238,681.8183,-0.49447,5.615983,5.78535,-0.1693667
681.3238,681.8183,-0.49448,5.615983,5.7958,-0.1798167
681.3238,681.8183,-0.49449,5.615983,5.741467,-0.1254833
681.3238,681.8183,-0.49452,5.615983,5.434167,0.1818167
681.3238,681.8184,-0.49455,5.615983,5.760267,-0.1442833
681.3238,681.8184,-0.49456,5.615983,5.80835,-0.1923667
681.3238,681.8184,-0.49464,5.615983,5.758183,-0.1422
681.3238,681.8186,-0.49476,5.615983,5.76445,-0.1484667
681.3238,681.8186,-0.49477,5.615983,6.201333,-0.58535
681.3238,681.8186,-0.49478,5.615983,5.950483,-0.3345
681.3238,681.8186,-0.49481,5.615983,5.8376,-0.2216167
681.3238,681.8186,-0.49484,5.615983,5.720567,-0.1045833
681.3238,681.8187,-0.49486,5.615983,5.724733,-0.10875
681.3238,681.8187,-0.49487,5.615983,6.349733,-0.73375
681.3238,681.8187,-0.49489,5.615983,6.1135,-0.4975167
681.3238,681.8188,-0.49505,5.615983,5.716383,-0.1004
681.3238,681.8189,-0.49507,5.615983,6.098883,-0.4829
681.3238,681.8189,-0.49515,5.615983,6.322567,-0.7065833
681.3238,681.819,-0.49516,5.615983,6.245233,-0.62925
681.3238,681.819,-0.49517,5.615983,5.747733,-0.13175
681.3238,681.819,-0.49523,5.615983,5.152,0.4639833
681.3238,681.819,-0.49525,5.615983,6.278667,-0.6626833
681.3238,681.8191,-0.49531,5.615983,5.858517,-0.2425333
681.3238,681.8192,-0.49535,5.615983,5.781167,-0.1651833
681.3238,681.8192,-0.49538,5.615983,5.833433,-0.21745
681.3238,681.8192,-0.4954,5.615983,5.76655,-0.1505667
681.3238,681.8192,-0.4954,5.615983,6.1658,-0.5498167
681.3238,681.8192,-0.49544,5.615983,6.226417,-0.6104333
681.3238,681.8193,-0.49545,5.615983,5.789533,-0.17355
681.3238,681.8193,-0.49545,5.615983,5.7979,-0.1819167
681.3238,681.8193,-0.49545,5.615983,5.80625,-0.1902667
681.3238,681.8193,-0.49546,5.615983,5.910767,-0.2947833
681.3238,681.8193,-0.4955,5.615983,5.835517,-0.2195333
681.3238,681.8194,-0.49561,5.615983,5.348467,0.2675167
681.3238,681.8194,-0.49562,5.615983,6.401983,-0.786
681.3238,681.8194,-0.49563,5.615983,6.0738,-0.4578167
681.3238,681.8195,-0.49566,5.615983,5.864783,-0.2488
681.3238,681.8195,-0.4957,5.615983,5.718467,-0.1024833
681.3238,681.8195,-0.49572,5.615983,6.236867,-0.6208833
681.3238,681.8195,-0.49573,5.615983,6.213867,-0.5978833
681.3238,681.8196,-0.49582,5.615983,5.745633,-0.12965
681.3238,681.8196,-0.49584,5.615983,5.9045,-0.2885167
681.3238,681.8197,-0.4959,5.615983,5.89195,-0.2759667
681.3238,681.8198,-0.49602,5.615983,5.423717,0.1922667
681.3238,681.8198,-0.49603,5.615983,5.814617,-0.1986333
681.3238,681.8198,-0.49603,5.615983,5.841783,-0.2258
681.3238,681.8198,-0.49605,5.615983,5.7561,-0.1401167
681.3238,681.8198,-0.49605,5.615983,5.825067,-0.2090833
681.3238,681.8199,-0.49606,5.615983,5.791617,-0.1756333
681.3238,681.8199,-0.49606,5.615983,6.328833,-0.71285
681.3238,681.82,-0.49621,5.615983,5.74355,-0.1275667
681.3238,681.8201,-0.49631,5.615983,5.887767,-0.2717833
681.3238,681.8202,-0.49635,5.615983,5.78745,-0.1714667
681.3238,681.8202,-0.49645,5.615983,5.01405,0.6019333
681.3238,681.8203,-0.49647,5.615983,6.149083,-0.5331
681.3238,681.8203,-0.4965,5.615983,5.726833,-0.11085
681.3238,681.8203,-0.49652,5.615983,6.234783,-0.6188
681.3238,681.8203,-0.49653,5.615983,5.799983,-0.184
681.3238,681.8203,-0.49655,5.615983,6.23895,-0.6229667
681.3238,681.8204,-0.49659,5.615983,6.159533,-0.54355
681.3238,681.8204,-0.49664,5.615983,5.7331,-0.1171167
681.3238,681.8205,-0.49665,5.615983,5.810433,-0.19445
681.3238,681.8205,-0.49665,5.615983,5.845967,-0.2299833
681.3238,681.8205,-0.49666,5.615983,5.772817,-0.1568333
681.3238,681.8205,-0.49667,5.615983,4.773633,0.84235
681.3238,681.8205,-0.49671,5.615983,6.247317,-0.6313333
681.3238,681.8206,-0.49679,5.615983,6.0717,-0.4557167
681.3238,681.8207,-0.49687,5.615983,6.1156,-0.4996167
681.3238,681.8207,-0.49689,5.615983,6.172067,-0.5560833
681.3238,681.8207,-0.49691,5.615983,6.0508,-0.4348167
681.3238,681.8207,-0.49693,5.615983,6.211783,-0.5958
681.3238,681.8207,-0.49694,5.615983,5.409083,0.2069
681.3238,681.8208,-0.49697,5.615983,5.494817,0.1211667
681.3238,681.8208,-0.49704,5.615983,5.768633,-0.15265
681.3238,681.8209,-0.49707,5.615983,6.512767,-0.8967833
681.3238,681.8209,-0.49708,5.615983,5.018233,0.59775
681.3238,681.8209,-0.49708,5.615983,5.8397,-0.2237167
681.3238,681.8209,-0.49713,5.615983,5.4467,0.1692833
681.3238,681.821,-0.49718,5.615983,5.749817,-0.1338333
681.3238,681.821,-0.49719,5.615983,5.72265,-0.1066667
681.3238,681.821,-0.4972,5.615983,5.906583,-0.2906
681.3238,681.821,-0.49721,5.615983,5.731017,-0.1150333
681.3238,681.821,-0.49724,5.615983,5.2983,0.3176833
681.3238,681.8211,-0.49727,5.615983,5.921217,-0.3052333
681.3238,681.8211,-0.49731,5.615983,5.812533,-0.19655
681.3238,681.8212,-0.49741,5.615983,5.770717,-0.1547333
681.3238,681.8212,-0.49742,5.615983,5.762367,-0.1463833
681.3238,681.8212,-0.49742,5.615983,6.075883,-0.4599
681.3238,681.8212,-0.49743,5.615983,6.268217,-0.6522333
681.3238,681.8212,-0.49744,5.615983,5.885683,-0.2697
681.3238,681.8213,-0.49748,5.615983,5.28995,0.3260333
681.3238,681.8213,-0.49753,5.615983,5.442533,0.17345
681.3238,681.8213,-0.49753,5.615983,5.783267,-0.1672833
681.3238,681.8213,-0.49753,5.615983,6.372733,-0.75675
681.3238,681.8213,-0.49754,5.615983,5.85015,-0.2341667
681.3238,681.8213,-0.49754,5.615983,6.2724,-0.6564167
681.3238,681.8214,-0.49756,5.615983,6.333017,-0.7170333
681.3238,681.8214,-0.49757,5.615983,5.440433,0.17555
681.3238,681.8214,-0.49758,5.615983,6.2515,-0.6355167
681.3238,681.8214,-0.49759,5.615983,5.802083,-0.1861
681.3238,681.8214,-0.4976,5.615983,5.877317,-0.2613333
681.3238,681.8214,-0.49762,5.615983,6.2306,-0.6146167
681.3238,681.8215,-0.49774,5.615983,5.325483,0.2905
681.3238,681.8216,-0.49775,5.615983,6.30375,-0.6877667
681.3238,681.8216,-0.49782,5.615983,5.879417,-0.2634333
681.3238,681.8216,-0.49783,5.615983,6.25985,-0.6438667
681.3238,681.8217,-0.49793,5.615983,6.274483,-0.6585
681.3238,681.8217,-0.49794,5.615983,6.182517,-0.5665333
681.3238,681.8218,-0.49797,5.615983,6.3163,-0.7003167
681.3238,681.8218,-0.49802,5.615983,6.059167,-0.4431833
681.3238,681.8219,-0.49807,5.615983,5.831333,-0.21535
681.3238,681.8219,-0.49807,5.615983,6.06125,-0.4452667
681.3238,681.8219,-0.49807,5.615983,6.180433,-0.56445
681.3238,681.8219,-0.49812,5.615983,5.208433,0.40755
681.3238,681.8219,-0.49812,5.615983,6.224333,-0.60835
681.3238,681.822,-0.49816,5.615983,5.444617,0.1713667
681.3238,681.822,-0.49816,5.615983,5.848067,-0.2320833
681.3238,681.822,-0.49816,5.615983,5.889867,-0.2738833
681.3238,681.8221,-0.49826,5.615983,6.1219,-0.5059167
681.3238,681.8221,-0.49828,5.615983,5.302483,0.3135
681.3238,681.8221,-0.49828,5.615983,5.429983,0.186
681.3238,681.8221,-0.49831,5.615983,6.3351,-0.7191167
681.3238,681.8222,-0.4984,5.615983,5.873133,-0.25715
681.3238,681.8222,-0.49843,5.615983,6.276583,-0.6606
681.3238,681.8223,-0.49851,5.615983,5.900317,-0.2843333
681.3238,681.8223,-0.49854,5.615983,6.090517,-0.4745333
681.3238,681.8223,-0.49854,5.615983,6.117733,-0.50175
681.3238,681.8224,-0.49857,5.615983,5.020317,0.5956667
681.3238,681.8224,-0.4986,5.615983,6.3769,-0.7609167
681.3238,681.8224,-0.49862,5.615983,5.2147,0.4012833
681.3238,681.8225,-0.49867,5.615983,6.069617,-0.4536333
681.3238,681.8225,-0.49873,5.615983,6.301667,-0.6856833
681.3238,681.8225,-0.49873,5.615983,6.502317,-0.8863333
681.3238,681.8226,-0.49885,5.615983,6.19715,-0.5811667
681.3238,681.8227,-0.4989,5.615983,6.021533,-0.40555
681.3238,681.8227,-0.49894,5.615983,5.402817,0.2131667
681.3238,681.8228,-0.49896,5.615983,6.351817,-0.7358333
681.3238,681.8228,-0.49898,5.615983,5.2356,0.3803833
681.3238,681.8228,-0.49898,5.615983,6.130267,-0.5142833
681.3238,681.8228,-0.49902,5.615983,5.737283,-0.1213
681.3238,681.8228,-0.49902,5.615983,6.287033,-0.67105
681.3238,681.8228,-0.49903,5.615983,6.19925,-0.5832667
681.3238,681.8228,-0.49904,5.615983,6.0926,-0.4766167
681.3238,681.8229,-0.49915,5.615983,6.291217,-0.6752333
681.3238,681.823,-0.49916,5.615983,6.126083,-0.5101
681.3238,681.8231,-0.49926,5.615983,6.215967,-0.5999833
681.3238,681.8231,-0.49927,5.615983,5.16035,0.4556333
681.3238,681.8231,-0.49929,5.615983,5.856417,-0.2404333
681.3238,681.8231,-0.49934,5.615983,5.306667,0.3093167
681.3238,681.8232,-0.49938,5.615983,5.931667,-0.3156833
681.3238,681.8232,-0.49943,5.615983,6.163717,-0.5477333
681.3238,681.8233,-0.49945,5.615983,6.17835,-0.5623667
681.3238,681.8233,-0.49949,5.615983,5.898217,-0.2822333
681.3238,681.8233,-0.4995,5.615983,6.2285,-0.6125167
681.3238,681.8233,-0.49952,5.615983,6.26195,-0.6459667
681.3238,681.8233,-0.49954,5.615983,6.111417,-0.4954333
681.3238,681.8235,-0.49966,5.615983,6.153267,-0.5372833
681.3238,681.8235,-0.49971,5.615983,5.371467,0.2445167
681.3238,681.8235,-0.49972,5.615983,6.04035,-0.4243667
681.3238,681.8235,-0.49973,5.615983,5.51155,0.1044333
681.3238,681.8235,-0.49974,5.615983,5.4258,0.1901833
681.3238,681.8236,-0.49977,5.615983,6.243133,-0.62715
681.3238,681.8236,-0.49977,5.615983,6.299567,-0.6835833
681.3238,681.8236,-0.49978,5.615983,5.8815,-0.2655167
681.3238,681.8236,-0.49979,5.615983,5.843883,-0.2279
681.3238,681.8236,-0.4998,5.615983,6.10305,-0.4870667
681.3238,681.8236,-0.4998,5.615983,6.2933,-0.6773167
681.3238,681.8236,-0.49982,5.615983,6.232683,-0.6167
681.3238,681.8236,-0.49984,5.615983,5.338017,0.2779667
681.3238,681.8237,-0.4999,5.615983,5.87105,-0.2550667
681.3238,681.8237,-0.49993,5.615983,5.064217,0.5517667
681.3238,681.8238,-0.49995,5.615983,5.4488,0.1671833
681.3238,681.8238,-0.49999,5.615983,6.195067,-0.5790833
681.3238,681.8238,-0.50002,5.615983,5.754,-0.1380167
681.3238,681.8238,-0.50002,5.615983,6.2076,-0.5916167
681.3238,681.8239,-0.50007,5.615983,5.917033,-0.30105
681.3238,681.8239,-0.50012,5.615983,5.223067,0.3929167
681.3238,681.8239,-0.50015,5.615983,6.307933,-0.69195
681.3238,681.824,-0.50018,5.615983,6.167883,-0.5519
681.3238,681.824,-0.50021,5.615983,6.13445,-0.5184667
681.3238,681.8241,-0.50027,5.615983,5.852233,-0.23625
681.3238,681.8241,-0.50028,5.615983,6.330917,-0.7149333
681.3238,681.8241,-0.50033,5.615983,6.0947,-0.4787167
681.3238,681.8241,-0.50034,5.615983,6.341367,-0.7253833
681.3238,681.8242,-0.50035,5.615983,5.43625,0.1797333
681.3238,681.8242,-0.5004,5.615983,6.353917,-0.7379333
681.3238,681.8242,-0.50042,5.615983,5.883583,-0.2676
681.3238,681.8243,-0.50051,5.615983,6.4208,-0.8048167
681.3238,681.8243,-0.50052,5.615983,6.295383,-0.6794
681.3238,681.8243,-0.50055,5.615983,6.2097,-0.5937167
681.3238,681.8244,-0.50059,5.615983,6.49395,-0.8779667
681.3238,681.8244,-0.50062,5.615983,6.1867,-0.5707167
681.3238,681.8245,-0.50066,5.615983,5.174983,0.441
681.3238,681.8245,-0.50069,5.615983,5.296217,0.3197667
681.3238,681.8245,-0.5007,5.615983,6.28285,-0.6668667
681.3238,681.8245,-0.50074,5.615983,6.109333,-0.49335
681.3238,681.8245,-0.50074,5.615983,6.32675,-0.7107667
681.3238,681.8246,-0.50076,5.615983,5.032867,0.5831167
681.3238,681.8247,-0.50087,5.615983,6.080067,-0.4640833
681.3238,681.8248,-0.50096,5.615983,6.339283,-0.7233
681.3238,681.8249,-0.50108,5.615983,5.0224,0.5935833
681.3238,681.8249,-0.50112,5.615983,6.036167,-0.4201833
681.3238,681.8249,-0.50113,5.615983,6.057067,-0.4410833
681.3238,681.825,-0.50116,5.615983,6.190883,-0.5749
681.3238,681.825,-0.50119,5.615983,6.22015,-0.6041667
681.3238,681.825,-0.50122,5.615983,5.875233,-0.25925
681.3238,681.8251,-0.50127,5.615983,6.257767,-0.6417833
681.3238,681.8251,-0.50128,5.615983,6.391533,-0.77555
681.3238,681.8251,-0.5013,5.615983,5.30875,0.3072333
681.3238,681.8251,-0.50133,5.615983,5.340117,0.2758667
681.3238,681.8252,-0.50135,5.615983,4.997333,0.61865
681.3238,681.8252,-0.50135,5.615983,6.4835,-0.8675167
681.3238,681.8252,-0.50138,5.615983,5.8606,-0.2446167
681.3238,681.8252,-0.50143,5.615983,6.21805,-0.6020667
681.3238,681.8252,-0.50145,5.615983,5.453017,0.1629667
681.3238,681.8253,-0.50147,5.615983,6.255683,-0.6397
681.3238,681.8253,-0.50149,5.615983,6.305833,-0.68985
681.3238,681.8253,-0.50151,5.615983,5.304583,0.3114
681.3238,681.8253,-0.50154,5.615983,4.901183,0.7148
681.3238,681.8254,-0.50157,5.615983,6.280767,-0.6647833
681.3238,681.8254,-0.50158,5.615983,4.978517,0.6374667
681.3238,681.8254,-0.50161,5.615983,5.3422,0.2737833
681.3238,681.8254,-0.50162,5.615983,5.507367,0.1086167
681.3238,681.8254,-0.50164,5.615983,5.315033,0.30095
681.3238,681.8255,-0.50165,5.615983,5.455117,0.1608667
681.3238,681.8255,-0.50169,5.615983,5.31085,0.3051333
681.3238,681.8255,-0.5017,5.615983,6.205517,-0.5895333
681.3238,681.8255,-0.50171,5.615983,5.2774,0.3385833
681.3238,681.8255,-0.50171,5.615983,6.253583,-0.6376
681.3238,681.8255,-0.50171,5.615983,6.343467,-0.7274833
681.3238,681.8256,-0.50176,5.615983,5.419533,0.19645
681.3238,681.8256,-0.50178,5.615983,6.429167,-0.8131833
681.3238,681.8256,-0.50184,5.615983,5.051667,0.5643167
681.3238,681.8256,-0.50184,5.615983,5.068383,0.5476
681.3238,681.8256,-0.50185,5.615983,4.871917,0.7440667
681.3238,681.8257,-0.50189,5.615983,6.128183,-0.5122
681.3238,681.8257,-0.50193,5.615983,6.34765,-0.7316667
681.3238,681.8257,-0.50195,5.615983,6.481417,-0.8654333
681.3238,681.8258,-0.50197,5.615983,5.461383,0.1546
681.3238,681.8258,-0.50198,5.615983,5.377733,0.23825
681.3238,681.8258,-0.50199,5.615983,6.318383,-0.7024
681.3238,681.8258,-0.502,5.615983,5.275317,0.3406667
681.3238,681.8258,-0.50203,5.615983,4.8531,0.7628833
681.3238,681.8258,-0.50203,5.615983,5.346383,0.2696
681.3238,681.8258,-0.50204,5.615983,5.26695,0.3490333
681.3238,681.8258,-0.50204,5.615983,5.3004,0.3155833
681.3238,681.8259,-0.50206,5.615983,4.725567,0.8904167
681.3238,681.8259,-0.50208,5.615983,6.067517,-0.4515333
681.3238,681.8259,-0.50209,5.615983,5.4279,0.1880833
681.3238,681.8259,-0.5021,5.615983,4.7193,0.8966833
681.3238,681.8259,-0.50211,5.615983,5.317117,0.2988667
681.3238,681.8259,-0.50213,5.615983,6.119817,-0.5038333
681.3238,681.826,-0.50217,5.615983,4.99105,0.6249333
681.3238,681.826,-0.50218,5.615983,4.968067,0.6479167
681.3238,681.8261,-0.50227,5.615983,6.370633,-0.75465
681.3238,681.8261,-0.50229,5.615983,4.874,0.7419833
681.3238,681.8261,-0.5023,5.615983,4.857283,0.7587
681.3238,681.8261,-0.50232,5.615983,6.4856,-0.8696167
681.3238,681.8261,-0.50234,5.615983,4.905367,0.7106167
681.3238,681.8262,-0.50236,5.615983,4.890733,0.72525
681.3238,681.8262,-0.50236,5.615983,5.028683,0.5873
681.3238,681.8262,-0.50236,5.615983,6.2494,-0.6334167
681.3238,681.8263,-0.50246,5.615983,5.106017,0.5099667
681.3238,681.8263,-0.50246,5.615983,5.329667,0.2863167
681.3238,681.8263,-0.50246,5.615983,6.47515,-0.8591667
681.3238,681.8263,-0.50249,5.615983,6.266133,-0.65015
681.3238,681.8263,-0.50251,5.615983,4.930433,0.68555
681.3238,681.8263,-0.50251,5.615983,5.243967,0.3720167
681.3238,681.8263,-0.50254,5.615983,4.880283,0.7357
681.3238,681.8265,-0.50266,5.615983,4.90745,0.7085333
681.3238,681.8265,-0.50267,5.615983,4.731833,0.88415
681.3238,681.8265,-0.50268,5.615983,5.3652,0.2507833
681.3238,681.8265,-0.50268,5.615983,6.3142,-0.6982167
681.3238,681.8266,-0.50277,5.615983,5.28785,0.3281333
681.3238,681.8266,-0.50278,5.615983,6.08215,-0.4661667
681.3238,681.8266,-0.5028,5.615983,4.869833,0.74615
681.3238,681.8266,-0.5028,5.615983,6.140717,-0.5247333
681.3238,681.8267,-0.50286,5.615983,5.854333,-0.23835
681.3238,681.8267,-0.50288,5.615983,4.72975,0.8862333
681.3238,681.8267,-0.50289,5.615983,4.909533,0.70645
681.3238,681.8267,-0.50293,5.615983,5.50945,0.1065333
681.3238,681.8268,-0.50301,5.615983,4.894917,0.7210667
681.3238,681.8268,-0.50302,5.615983,5.9024,-0.2864167
681.3238,681.8268,-0.50304,5.615983,4.767367,0.8486167
681.3238,681.8269,-0.50305,5.615983,5.39655,0.2194333
681.3238,681.8269,-0.50306,5.615983,4.903267,0.7127167
681.3238,681.8269,-0.50309,5.615983,4.742283,0.8737
681.3238,681.8269,-0.50312,5.615983,5.3213,0.2946833
681.3238,681.8269,-0.50313,5.615983,5.039133,0.57685
681.3238,681.8269,-0.50314,5.615983,6.289117,-0.6731333
681.3238,681.827,-0.50316,5.615983,5.0245,0.5914833
681.3238,681.827,-0.50316,5.615983,5.137367,0.4786167
681.3238,681.8271,-0.50326,5.615983,4.8343,0.7816833
681.3238,681.8271,-0.50326,5.615983,4.888633,0.72735
681.3238,681.8271,-0.50327,5.615983,4.846833,0.76915
681.3238,681.8271,-0.50328,5.615983,4.892817,0.7231667
681.3238,681.8271,-0.50328,5.615983,6.142817,-0.5268333
681.3238,681.8271,-0.5033,5.615983,4.897,0.7189833
681.3238,681.8271,-0.50331,5.615983,4.8761,0.7398833
681.3238,681.8271,-0.50333,5.615983,5.080933,0.53505
681.3238,681.8271,-0.50335,5.615983,5.294133,0.32185
681.3238,681.8272,-0.50337,5.615983,6.500233,-0.88425
681.3238,681.8272,-0.5034,5.615983,4.84475,0.7712333
681.3238,681.8272,-0.50343,5.615983,4.733933,0.88205
681.3238,681.8272,-0.50344,5.615983,4.97225,0.6437333
681.3238,681.8273,-0.50347,5.615983,4.878183,0.7378
681.3238,681.8273,-0.50349,5.615983,5.323383,0.2926
681.3238,681.8273,-0.50354,5.615983,4.882367,0.7336167
681.3238,681.8274,-0.50356,5.615983,6.395717,-0.7797333
681.3238,681.8274,-0.50358,5.615983,6.487683,-0.8717
681.3238,681.8274,-0.5036,5.615983,4.915817,0.7001667
681.3238,681.8274,-0.5036,5.615983,5.43835,0.1776333
681.3238,681.8274,-0.50362,5.615983,5.101833,0.51415
681.3238,681.8274,-0.50364,5.615983,4.867733,0.74825
681.3238,681.8274,-0.50364,5.615983,5.220967,0.3950167
681.3238,681.8274,-0.50364,5.615983,5.37355,0.2424333
681.3238,681.8275,-0.50366,5.615983,5.432083,0.1839
681.3238,681.8275,-0.50368,5.615983,5.057933,0.55805
681.3238,681.8275,-0.50368,5.615983,5.07675,0.5392333
681.3238,681.8275,-0.50369,5.615983,5.896133,-0.28015
681.3238,681.8275,-0.50372,5.615983,4.88655,0.7294333
681.3238,681.8275,-0.50375,5.615983,4.851017,0.7649667
681.3238,681.8276,-0.50377,5.615983,4.942983,0.673
681.3238,681.8276,-0.50385,5.615983,4.786217,0.8297667
681.3238,681.8276,-0.50385,5.615983,5.354733,0.26125
681.3238,681.8278,-0.50399,5.615983,5.103917,0.5120667
681.3238,681.8278,-0.50401,5.615983,4.7172,0.8987833
681.3238,681.8278,-0.50402,5.615983,4.984783,0.6312
681.3238,681.8278,-0.50403,5.615983,4.9179,0.6980833
681.3238,681.8279,-0.50406,5.615983,4.815483,0.8005
681.3238,681.8279,-0.50408,5.615983,4.86355,0.7524333
681.3238,681.8279,-0.50409,5.615983,4.924167,0.6918167
681.3238,681.8279,-0.5041,5.615983,4.88445,0.7315333
681.3238,681.8279,-0.50411,5.615983,4.72765,0.8883333
681.3238,681.8279,-0.50413,5.615983,4.861467,0.7545167
681.3238,681.828,-0.50416,5.615983,4.963883,0.6521
681.3238,681.828,-0.50417,5.615983,4.859383,0.7566
681.3238,681.828,-0.50417,5.615983,5.070483,0.5455
681.3238,681.828,-0.50422,5.615983,5.866867,-0.2508833
681.3238,681.828,-0.50424,5.615983,4.9597,0.6562833
681.3238,681.8281,-0.50429,5.615983,4.926267,0.6897167
681.3238,681.8281,-0.50431,5.615983,4.86565,0.7503333
681.3238,681.8282,-0.50437,5.615983,4.899083,0.7169
681.3238,681.8282,-0.50438,5.615983,5.01195,0.6040333
681.3238,681.8282,-0.50441,5.615983,6.1888,-0.5728167
681.3238,681.8282,-0.50442,5.615983,5.413267,0.2027167
681.3238,681.8282,-0.50443,5.615983,5.344283,0.2717
681.3238,681.8283,-0.50445,5.615983,5.463467,0.1525167
681.3238,681.8283,-0.50449,5.615983,4.723483,0.8925
681.3238,681.8283,-0.50451,5.615983,5.319217,0.2967667
681.3238,681.8284,-0.50456,5.615983,5.026583,0.5894
681.3238,681.8284,-0.50461,5.615983,6.360183,-0.7442
681.3238,681.8284,-0.50461,5.615983,6.374817,-0.7588333
681.3238,681.8284,-0.50464,5.615983,5.0015,0.6144833
681.3238,681.8284,-0.50465,5.615983,4.752733,0.86325
681.3238,681.8285,-0.50466,5.615983,5.292033,0.32395
681.3238,681.8285,-0.50474,5.615983,5.085117,0.5308667
681.3238,681.8285,-0.50475,5.615983,4.7402,0.8757833
681.3238,681.8285,-0.50475,5.615983,4.8552,0.7607833
681.3238,681.8286,-0.50477,5.615983,4.919983,0.696
681.3238,681.8286,-0.5048,5.615983,6.424983,-0.809
681.3238,681.8287,-0.50489,5.615983,4.825933,0.79005
681.3238,681.8287,-0.50491,5.615983,4.947167,0.6688167
681.3238,681.8287,-0.50492,5.615983,6.264033,-0.64805
681.3238,681.8287,-0.50494,5.615983,4.945067,0.6709167
681.3238,681.8288,-0.50495,5.615983,6.364367,-0.7483833
681.3238,681.8288,-0.50499,5.615983,4.922083,0.6939
681.3238,681.8288,-0.50502,5.615983,5.3631,0.2528833
681.3238,681.8288,-0.50504,5.615983,5.264867,0.3511167
681.3238,681.8289,-0.50508,5.615983,5.392367,0.2236167
681.3238,681.8289,-0.50511,5.615983,5.0036,0.6123833
681.3238,681.8289,-0.50512,5.615983,5.239783,0.3762
681.3238,681.8289,-0.50513,5.615983,5.060033,0.55595
681.3238,681.8289,-0.50514,5.615983,5.07885,0.5371333
681.3238,681.8289,-0.50515,5.615983,4.955517,0.6604667
681.3238,681.829,-0.50517,5.615983,5.260683,0.3553
681.3238,681.829,-0.50518,5.615983,4.7611,0.8548833
681.3238,681.829,-0.50521,5.615983,4.840567,0.7754167
681.3238,681.829,-0.50521,5.615983,4.913717,0.7022667
681.3238,681.829,-0.50524,5.615983,6.470967,-0.8549833
681.3238,681.8291,-0.50525,5.615983,4.792483,0.8235
681.3238,681.8291,-0.50527,5.615983,5.868967,-0.2529833
681.3238,681.8291,-0.50527,5.615983,6.138633,-0.52265
681.3238,681.8291,-0.5053,5.615983,4.784133,0.83185
681.3238,681.8292,-0.50538,5.615983,5.35265,0.2633333
681.3238,681.8292,-0.50539,5.615983,4.848933,0.76705
681.3238,681.8292,-0.50544,5.615983,4.805033,0.81095
681.3238,681.8293,-0.50545,5.615983,5.147817,0.4681667
681.3238,681.8293,-0.50548,5.615983,4.794583,0.8214
681.3238,681.8293,-0.50548,5.615983,5.072567,0.5434167
681.3238,681.8293,-0.50548,5.615983,5.116467,0.4995167
681.3238,681.8293,-0.50549,5.615983,4.965967,0.6500167
681.3238,681.8293,-0.5055,5.615983,6.086333,-0.47035
681.3238,681.8293,-0.50554,5.615983,4.934617,0.6813667
681.3238,681.8293,-0.50555,5.615983,6.4626,-0.8466167
681.3238,681.8294,-0.50556,5.615983,4.911633,0.70435
681.3238,681.8295,-0.50567,5.615983,5.043317,0.5726667
681.3238,681.8295,-0.50568,5.615983,6.297483,-0.6815
681.3238,681.8295,-0.5057,5.615983,4.775733,0.84025
681.3238,681.8295,-0.50573,5.615983,4.82385,0.7921333
681.3238,681.8296,-0.50575,5.615983,4.995233,0.62075
681.3238,681.8296,-0.50581,5.615983,5.095567,0.5204167
681.3238,681.8296,-0.50581,5.615983,6.477233,-0.86125
681.3238,681.8298,-0.50597,5.615983,4.82175,0.7942333
681.3238,681.8299,-0.50608,5.615983,4.953433,0.66255
681.3238,681.8299,-0.50611,5.615983,5.241867,0.3741167
681.3238,681.8299,-0.50614,5.615983,4.9409,0.6750833
681.3238,681.8299,-0.50614,5.615983,6.385267,-0.7692833
681.3238,681.83,-0.50615,5.615983,5.0893,0.5266833
681.3238,681.83,-0.50615,5.615983,6.406167,-0.7901833
681.3238,681.83,-0.50616,5.615983,4.9388,0.6771833
681.3238,681.83,-0.50618,5.615983,6.136533,-0.52055
681.3238,681.83,-0.5062,5.615983,4.94925,0.6667333
681.3238,681.83,-0.50621,5.615983,4.75065,0.8653333
681.3238,681.8301,-0.50631,5.615983,4.721383,0.8946
681.3238,681.8301,-0.50633,5.615983,5.250233,0.36575
681.3238,681.8302,-0.50636,5.615983,4.828017,0.7879667
681.3238,681.8302,-0.50636,5.615983,4.9827,0.6332833
681.3238,681.8302,-0.50637,5.615983,5.016133,0.59985
681.3238,681.8302,-0.50637,5.615983,6.458417,-0.8424333
681.3238,681.8302,-0.50638,5.615983,6.383183,-0.7672
681.3238,681.8302,-0.5064,5.615983,4.9806,0.6353833
681.3238,681.8302,-0.50643,5.615983,5.093467,0.5225167
681.3238,681.8302,-0.50644,5.615983,4.830117,0.7858667
681.3238,681.8302,-0.50645,5.615983,6.445883,-0.8299
681.3238,681.8303,-0.50646,5.615983,4.809217,0.8067667
681.3238,681.8303,-0.50651,5.615983,4.95135,0.6646333
681.3238,681.8303,-0.50651,5.615983,5.074667,0.5413167
681.3238,681.8304,-0.50658,5.615983,4.756917,0.8590667
681.3238,681.8304,-0.50659,5.615983,5.312933,0.30305
681.3238,681.8305,-0.50665,5.615983,4.838467,0.7775167
681.3238,681.8306,-0.50675,5.615983,6.418717,-0.8027333
681.3238,681.8306,-0.50676,5.615983,6.468867,-0.8528833
681.3238,681.8306,-0.50678,5.615983,4.736017,0.8799667
681.3238,681.8306,-0.50681,5.615983,4.976417,0.6395667
681.3238,681.8308,-0.50699,5.615983,6.124,-0.5080167
681.3238,681.8308,-0.507,5.615983,4.836383,0.7796
681.3238,681.8308,-0.507,5.615983,4.97015,0.6458333
681.3238,681.8309,-0.50705,5.615983,5.037033,0.57895
681.3238,681.8309,-0.5071,5.615983,5.26905,0.3469333
681.3238,681.8309,-0.5071,5.615983,6.36855,-0.7525667
681.3238,681.8311,-0.50726,5.615983,4.988967,0.6270167
681.3238,681.8311,-0.50727,5.615983,5.3861,0.2298833
681.3238,681.8311,-0.50728,5.615983,6.312117,-0.6961333
681.3238,681.8312,-0.50738,5.615983,5.041217,0.5747667
681.3238,681.8312,-0.5074,5.615983,4.769467,0.8465167
681.3238,681.8312,-0.50745,5.615983,6.054983,-0.439
681.3238,681.8313,-0.50748,5.615983,4.932533,0.68345
681.3238,681.8313,-0.50749,5.615983,4.7904,0.8255833
681.3238,681.8313,-0.50754,5.615983,6.43125,-0.8152667
681.3238,681.8314,-0.50757,5.615983,5.411183,0.2048
681.3238,681.8314,-0.50759,5.615983,6.41035,-0.7943667
681.3238,681.8314,-0.50763,5.615983,4.84265,0.7733333
681.3238,681.8315,-0.50768,5.615983,5.133183,0.4828
681.3238,681.8315,-0.50773,5.615983,4.936717,0.6792667
681.3238,681.8315,-0.50775,5.615983,5.281583,0.3344
681.3238,681.8316,-0.50776,5.615983,4.765283,0.8507
681.3238,681.8316,-0.50784,5.615983,4.957617,0.6583667
681.3238,681.8318,-0.50796,5.615983,5.09975,0.5162333
681.3238,681.8318,-0.50796,5.615983,5.164533,0.45145
681.3238,681.8318,-0.50802,5.615983,4.807117,0.8088667
681.3238,681.8319,-0.50806,5.615983,6.414533,-0.79855
681.3238,681.8319,-0.50808,5.615983,5.0454,0.5705833
681.3238,681.8319,-0.50809,5.615983,4.817567,0.7984167
681.3238,681.8321,-0.50826,5.615983,5.030767,0.5852167
681.3238,681.8323,-0.50846,5.615983,4.819667,0.7963167
681.3238,681.8324,-0.50863,5.615983,4.782,0.8339833
681.3238,681.8324,-0.50863,5.615983,4.8113,0.8046833
681.3238,681.8325,-0.50874,5.615983,5.112283,0.5037
681.3238,681.8326,-0.50883,5.615983,4.8322,0.7837833
681.3238,681.8327,-0.50892,5.615983,4.974333,0.64165
681.3238,681.8328,-0.50896,5.615983,5.283683,0.3323
681.3238,681.8328,-0.509,5.615983,6.466783,-0.8508
681.3238,681.8329,-0.50907,5.615983,5.047483,0.5685
681.3238,681.8329,-0.50915,5.615983,5.252317,0.3636667
681.3238,681.833,-0.50921,5.615983,4.9618,0.6541833
681.3238,681.833,-0.50921,5.615983,5.005683,0.6103
681.3238,681.833,-0.50923,5.615983,5.129,0.4869833
681.3238,681.833,-0.50925,5.615983,5.361017,0.2549667
681.3238,681.8331,-0.50927,5.615983,4.999417,0.6165667
681.3238,681.8331,-0.50932,5.615983,4.80295,0.8130333
681.3238,681.8332,-0.50936,5.615983,5.11855,0.4974333
681.3238,681.8333,-0.5095,5.615983,4.759017,0.8569667
681.3238,681.8333,-0.50954,5.615983,4.754833,0.86115
681.3238,681.8334,-0.50956,5.615983,5.09765,0.5183333
681.3238,681.8334,-0.50961,5.615983,5.459283,0.1567
681.3238,681.8334,-0.50964,5.615983,5.24605,0.3699333
681.3238,681.8339,-0.51012,5.615983,4.92835,0.6876333
681.3238,681.8339,-0.51014,5.615983,5.009867,0.6061167
681.3238,681.834,-0.51017,5.615983,6.47305,-0.8570667
681.3238,681.8341,-0.51025,5.615983,5.350567,0.2654167
681.3238,681.8341,-0.51026,5.615983,4.796667,0.8193167
681.3238,681.8341,-0.51032,5.615983,4.798767,0.8172167
681.3238,681.8343,-0.51046,5.615983,5.12065,0.4953333
681.3238,681.8343,-0.51047,5.615983,5.254417,0.3615667
681.3238,681.8343,-0.51052,5.615983,4.80085,0.8151333
681.3238,681.8343,-0.51055,5.615983,4.788317,0.8276667
681.3238,681.8344,-0.51059,5.615983,5.007783,0.6082
681.3238,681.8347,-0.51091,5.615983,4.8134,0.8025833
681.3238,681.8348,-0.51101,5.615983,5.03495,0.5810333
681.3238,681.8348,-0.51104,5.615983,4.77155,0.8444333
681.3238,681.8349,-0.51113,5.615983,5.1102,0.5057833
681.3238,681.835,-0.51115,5.615983,5.122733,0.49325
681.3238,681.835,-0.51116,5.615983,4.744383,0.8716
681.3238,681.835,-0.51118,5.615983,5.333833,0.28215
681.3238,681.835,-0.51123,5.615983,5.218883,0.3971
681.3238,681.8351,-0.51128,5.615983,6.404083,-0.7881
681.3238,681.8351,-0.51128,5.615983,6.416617,-0.8006333
681.3238,681.8351,-0.51132,5.615983,5.062117,0.5538667
681.3238,681.8352,-0.51139,5.615983,5.369367,0.2466167
681.3238,681.8352,-0.51141,5.615983,5.154083,0.4619
681.3238,681.8352,-0.51142,5.615983,5.327567,0.2884167
681.3238,681.8352,-0.51144,5.615983,5.335933,0.28005
681.3238,681.8353,-0.51152,5.615983,6.3999,-0.7839167
681.3238,681.8354,-0.51162,5.615983,5.285767,0.3302167
681.3238,681.8356,-0.51177,5.615983,4.779917,0.8360667
681.3238,681.8356,-0.51183,5.615983,5.262783,0.3532
681.3238,681.8357,-0.51187,5.615983,6.439617,-0.8236333
681.3238,681.8358,-0.51202,5.615983,5.400717,0.2152667
681.3238,681.836,-0.5122,5.615983,4.746467,0.8695167
681.3238,681.836,-0.51221,5.615983,6.45215,-0.8361667
681.3238,681.8362,-0.5124,5.615983,6.447967,-0.8319833
681.3238,681.8362,-0.51244,5.615983,5.124833,0.49115
681.3238,681.8367,-0.5129,5.615983,5.083017,0.5329667
681.3238,681.8369,-0.51306,5.615983,4.763183,0.8528
681.3238,681.837,-0.51316,5.615983,5.33175,0.2842333
681.3238,681.8371,-0.51331,5.615983,4.986883,0.6291
681.3238,681.8372,-0.51338,5.615983,5.135283,0.4807
681.3238,681.8372,-0.51343,5.615983,5.358917,0.2570667
681.3238,681.8375,-0.51367,5.615983,6.443783,-0.8278
681.3238,681.8377,-0.51388,5.615983,5.126917,0.4890667
681.3238,681.8377,-0.51391,5.615983,4.777817,0.8381667
681.3238,681.8379,-0.51405,5.615983,5.13945,0.4765333
681.3238,681.838,-0.51416,5.615983,6.456333,-0.84035
681.3238,681.838,-0.51421,5.615983,6.460517,-0.8445333
681.3238,681.8385,-0.5147,5.615983,5.0872,0.5287833
681.3238,681.8385,-0.51472,5.615983,5.356833,0.25915
681.3238,681.8388,-0.51498,5.615983,5.24815,0.3678333
681.3238,681.8389,-0.51515,5.615983,5.14155,0.4744333
681.3238,681.8392,-0.51543,5.615983,4.99315,0.6228333
681.3238,681.8397,-0.51586,5.615983,5.862683,-0.2467
681.3238,681.84,-0.51615,5.615983,5.145733,0.47025
681.3238,681.8402,-0.51638,5.615983,5.2377,0.3782833
681.3238,681.8403,-0.51647,5.615983,5.049583,0.5664
681.3238,681.8407,-0.51695,5.615983,6.38735,-0.7713667
681.3238,681.8408,-0.51702,5.615983,5.271133,0.34485
681.3238,681.8409,-0.51707,5.615983,5.114367,0.5016167
681.3238,681.841,-0.51725,5.615983,5.0663,0.5496833
681.3238,681.8427,-0.51893,5.615983,6.427067,-0.8110833
681.3238,681.8429,-0.51911,5.615983,5.1081,0.5078833
681.3238,681.8437,-0.51991,5.615983,6.435433,-0.81945
681.3238,681.8444,-0.5206,5.615983,5.379817,0.2361667
681.3238,681.8448,-0.52099,5.615983,5.1311,0.4848833
681.3238,681.8456,-0.52181,5.615983,4.748567,0.8674167
681.3238,681.8472,-0.52335,5.615983,5.143633,0.47235
681.3238,681.8472,-0.52343,5.615983,4.7381,0.8778833
681.3238,681.8483,-0.52454,5.615983,5.2795,0.3364833
681.3238,681.8501,-0.52635,5.615983,6.096783,-0.4808
681.3238,681.8515,-0.52768,5.615983,6.06125,-0.4452667
681.3238,681.8528,-0.52897,5.615983,5.4049,0.2110833
681.3238,681.8573,-0.53347,5.615983,5.751917,-0.1359333
681.3238,681.8579,-0.53407,5.615983,5.728917,-0.1129333
681.3238,681.8581,-0.53426,5.615983,5.103917,0.5120667
681.3238,681.8584,-0.53458,5.615983,5.735183,-0.1192
681.3238,681.8589,-0.53513,5.615983,5.37355,0.2424333
681.3238,681.8591,-0.53526,5.615983,5.781167,-0.1651833
681.3238,681.8604,-0.5366,5.615983,5.741467,-0.1254833
681.3238,681.8605,-0.53673,5.615983,6.034083,-0.4181
681.3238,681.862,-0.53816,5.615983,4.773633,0.84235
681.3238,681.8621,-0.53833,5.615983,5.739367,-0.1233833
681.3238,681.8633,-0.53952,5.615983,6.069617,-0.4536333
681.3238,681.8635,-0.53966,5.615983,5.35265,0.2633333
681.3238,681.8635,-0.53968,5.615983,4.731833,0.88415
681.3238,681.8636,-0.53976,5.615983,5.296217,0.3197667
681.3238,681.8642,-0.54045,5.615983,4.733933,0.88205
681.3238,681.8644,-0.54063,5.615983,5.779083,-0.1631
681.3238,681.8658,-0.54202,5.615983,5.793717,-0.1777333
681.3238,681.8659,-0.54209,5.615983,5.413267,0.2027167
681.3238,681.8663,-0.54246,5.615983,6.038267,-0.4222833
681.3238,681.8669,-0.54306,5.615983,4.736017,0.8799667
681.3238,681.8672,-0.5434,5.615983,5.822983,-0.207
681.3238,681.8678,-0.54401,5.615983,4.723483,0.8925
681.3238,681.8681,-0.54432,5.615983,5.78535,-0.1693667
681.3238,681.8682,-0.54439,5.615983,5.852233,-0.23625
681.3238,681.8686,-0.54484,5.615983,5.873133,-0.25715
681.3238,681.8692,-0.54537,5.615983,4.7193,0.8966833
681.3238,681.8692,-0.54541,5.615983,5.898217,-0.2822333
681.3238,681.8692,-0.54542,5.615983,4.7402,0.8757833
681.3238,681.8693,-0.54547,5.615983,5.770717,-0.1547333
681.3238,681.8694,-0.5456,5.615983,4.72975,0.8862333
681.3238,681.8696,-0.54584,5.615983,4.72765,0.8883333
681.3238,681.87,-0.54617,5.615983,4.725567,0.8904167
681.3238,681.8702,-0.54637,5.615983,4.721383,0.8946
681.3238,681.8704,-0.54656,5.615983,5.348467,0.2675167
681.3238,681.8707,-0.54694,5.615983,5.791617,-0.1756333
681.3238,681.8709,-0.54709,5.615983,4.742283,0.8737
681.3238,681.8709,-0.54712,5.615983,5.908667,-0.2926833
681.3238,681.8713,-0.54752,5.615983,4.7611,0.8548833
681.3238,681.8718,-0.54795,5.615983,5.9024,-0.2864167
681.3238,681.8721,-0.54827,5.615983,5.8606,-0.2446167
681.3238,681.8722,-0.54842,5.615983,5.87105,-0.2550667
681.3238,681.8723,-0.54853,5.615983,5.981833,-0.36585
681.3238,681.8723,-0.54855,5.615983,4.7172,0.8987833
681.3238,681.8724,-0.54864,5.615983,5.864783,-0.2488
681.3238,681.8726,-0.54883,5.615983,5.7979,-0.1819167
681.3238,681.8727,-0.54892,5.615983,5.810433,-0.19445
681.3238,681.8728,-0.54898,5.615983,5.983917,-0.3679333
681.3238,681.8728,-0.54904,5.615983,5.783267,-0.1672833
681.3238,681.873,-0.54918,5.615983,5.814617,-0.1986333
681.3238,681.8733,-0.54952,5.615983,5.875233,-0.25925
681.3238,681.8733,-0.54955,5.615983,5.868967,-0.2529833
681.3238,681.8735,-0.54972,5.615983,5.89405,-0.2780667
681.3238,681.8736,-0.5498,5.615983,5.992283,-0.3763
681.3238,681.8738,-0.55005,5.615983,5.777,-0.1610167
681.3238,681.8741,-0.55032,5.615983,5.835517,-0.2195333
681.3238,681.8743,-0.55051,5.615983,5.799983,-0.184
681.3238,681.8745,-0.55065,5.615983,5.825067,-0.2090833
681.3238,681.8745,-0.55067,5.615983,5.7958,-0.1798167
681.3238,681.8745,-0.55073,5.615983,5.854333,-0.23835
681.3238,681.8747,-0.55089,5.615983,5.9672,-0.3512167
681.3238,681.8747,-0.55094,5.615983,5.8815,-0.2655167
681.3238,681.8749,-0.55107,5.615983,5.804167,-0.1881833
681.3238,681.875,-0.55123,5.615983,5.80835,-0.1923667
681.3238,681.8751,-0.55132,5.615983,5.910767,-0.2947833
681.3238,681.8751,-0.55132,5.615983,5.921217,-0.3052333
681.3238,681.8751,-0.55132,5.615983,5.973467,-0.3574833
681.3238,681.8752,-0.55144,5.615983,5.887767,-0.2717833
681.3238,681.8754,-0.55157,5.615983,5.958833,-0.34285
681.3238,681.8754,-0.55159,5.615983,5.900317,-0.2843333
681.3238,681.8755,-0.55169,5.615983,5.789533,-0.17355
681.3238,681.8756,-0.55184,5.615983,5.95675,-0.3407667
681.3238,681.8756,-0.55185,5.615983,5.841783,-0.2258
681.3238,681.8758,-0.55195,5.615983,5.848067,-0.2320833
681.3238,681.8758,-0.552,5.615983,5.917033,-0.30105
681.3238,681.8758,-0.55204,5.615983,5.9463,-0.3303167
681.3238,681.876,-0.55216,5.615983,5.9651,-0.3491167
681.3238,681.876,-0.55218,5.615983,5.971383,-0.3554
681.3238,681.8762,-0.55236,5.615983,5.896133,-0.28015
681.3238,681.8762,-0.55239,5.615983,5.950483,-0.3345
681.3238,681.8762,-0.55244,5.615983,5.89195,-0.2759667
681.3238,681.8762,-0.55244,5.615983,5.91495,-0.2989667
681.3238,681.8762,-0.55244,5.615983,5.940033,-0.32405
681.3238,681.8763,-0.55248,5.615983,5.78745,-0.1714667
681.3238,681.8763,-0.55248,5.615983,5.95465,-0.3386667
681.3238,681.8763,-0.55248,5.615983,5.97555,-0.3595667
681.3238,681.8763,-0.55249,5.615983,5.80625,-0.1902667
681.3238,681.8763,-0.55254,5.615983,5.9233,-0.3073167
681.3238,681.8764,-0.5526,5.615983,5.885683,-0.2697
681.3238,681.8764,-0.55262,5.615983,5.906583,-0.2906
681.3238,681.8765,-0.55269,5.615983,5.960933,-0.34495
681.3238,681.8765,-0.55273,5.615983,5.931667,-0.3156833
681.3238,681.8766,-0.55276,5.615983,5.929567,-0.3135833
681.3238,681.8769,-0.55315,5.615983,5.9254,-0.3094167
681.3238,681.8771,-0.55325,5.615983,5.889867,-0.2738833
681.3238,681.8774,-0.55358,5.615983,5.919117,-0.3031333
681.3238,681.8775,-0.55373,5.615983,5.8376,-0.2216167
681.3238,681.8776,-0.55376,5.615983,5.802083,-0.1861
681.3238,681.8778,-0.55401,5.615983,5.41745,0.1985333
681.3238,681.8778,-0.55401,5.615983,5.877317,-0.2613333
681.3238,681.8779,-0.5541,5.615983,5.82715,-0.2111667
681.3238,681.878,-0.55423,5.615983,5.820883,-0.2049
681.3238,681.8781,-0.55427,5.615983,5.4258,0.1901833
681.3238,681.8781,-0.55432,5.615983,5.845967,-0.2299833
681.3238,681.8781,-0.55433,5.615983,5.9045,-0.2885167
681.3238,681.8783,-0.55454,5.615983,5.93585,-0.3198667
681.3238,681.8785,-0.55473,5.615983,5.85015,-0.2341667
681.3238,681.8786,-0.55475,5.615983,5.952567,-0.3365833
681.3238,681.8787,-0.55486,5.615983,5.9442,-0.3282167
681.3238,681.8787,-0.55492,5.615983,5.937933,-0.32195
681.3238,681.8787,-0.55494,5.615983,5.963017,-0.3470333
681.3238,681.8788,-0.555,5.615983,5.812533,-0.19655
681.3238,681.8789,-0.55513,5.615983,5.942117,-0.3261333
681.3238,681.8791,-0.5553,5.615983,5.843883,-0.2279
681.3238,681.8791,-0.55531,5.615983,5.8167,-0.2007167
681.3238,681.8792,-0.55538,5.615983,5.831333,-0.21535
681.3238,681.8794,-0.55557,5.615983,5.969283,-0.3533
681.3238,681.8797,-0.55593,5.615983,5.879417,-0.2634333
681.3238,681.8798,-0.55597,5.615983,5.91285,-0.2968667
681.3238,681.8798,-0.55599,5.615983,5.93375,-0.3177667
681.3238,681.8799,-0.55613,5.615983,5.833433,-0.21745
681.3238,681.8805,-0.55666,5.615983,5.927483,-0.3115
681.3238,681.8808,-0.55699,5.615983,5.8188,-0.2028167
681.3238,681.8811,-0.5573,5.615983,5.883583,-0.2676
681.3238,681.8813,-0.55747,5.615983,5.948383,-0.3324
681.3238,681.8814,-0.55763,5.615983,5.82925,-0.2132667
681.3238,681.8823,-0.55851,5.615983,5.409083,0.2069
681.3238,681.8837,-0.55992,5.615983,5.440433,0.17555
681.3238,681.9341,-0.6103,5.615983,4.978517,0.6374667
681.3238,681.9454,-0.62161,5.615983,5.760267,-0.1442833
681.3238,681.9608,-0.63697,5.615983,6.153267,-0.5372833
681.3238,681.9698,-0.64597,5.615983,6.2076,-0.5916167
681.3238,681.9706,-0.64678,5.615983,4.86355,0.7524333
681.3238,681.9734,-0.64959,5.615983,4.840567,0.7754167
681.3238,681.9737,-0.64993,5.615983,4.82385,0.7921333
681.3238,681.9756,-0.65181,5.615983,4.861467,0.7545167
681.3238,681.9778,-0.65396,5.615983,4.890733,0.72525
681.3238,681.9791,-0.65528,5.615983,4.744383,0.8716
681.3238,681.9801,-0.65635,5.615983,4.924167,0.6918167
681.3238,681.9806,-0.65677,5.615983,4.725567,0.8904167
681.3238,681.9807,-0.65695,5.615983,4.8343,0.7816833
681.3238,681.9818,-0.65795,5.615983,4.869833,0.74615
681.3238,681.9823,-0.65849,5.615983,4.8552,0.7607833
681.3238,681.9824,-0.65865,5.615983,4.851017,0.7649667
681.3238,681.9828,-0.65898,5.615983,4.892817,0.7231667
681.3238,681.9829,-0.65909,5.615983,4.874,0.7419833
681.3238,681.9849,-0.66109,5.615983,4.857283,0.7587
681.3238,681.9855,-0.66165,5.615983,4.825933,0.79005
681.3238,681.9856,-0.66182,5.615983,4.7193,0.8966833
681.3238,681.9863,-0.66246,5.615983,5.312933,0.30305
681.3238,681.9865,-0.66273,5.615983,4.859383,0.7566
681.3238,681.9868,-0.66303,5.615983,4.888633,0.72735
681.3238,681.9869,-0.66314,5.615983,4.871917,0.7440667
681.3238,681.9876,-0.66375,5.615983,4.819667,0.7963167
681.3238,681.988,-0.66423,5.615983,4.9179,0.6980833
681.3238,681.9886,-0.66479,5.615983,4.88445,0.7315333
681.3238,681.9891,-0.66532,5.615983,4.894917,0.7210667
681.3238,681.9892,-0.66541,5.615983,4.752733,0.86325
681.3238,681.9894,-0.66559,5.615983,4.828017,0.7879667
681.3238,681.991,-0.6672,5.615983,4.880283,0.7357
681.3238,681.9915,-0.6677,5.615983,4.8113,0.8046833
681.3238,681.9922,-0.66844,5.615983,4.88655,0.7294333
681.3238,681.9931,-0.66926,5.615983,4.82175,0.7942333
681.3238,681.9931,-0.66929,5.615983,4.932533,0.68345
681.3238,681.9936,-0.66978,5.615983,4.84475,0.7712333
681.3238,681.9949,-0.67106,5.615983,4.80085,0.8151333
681.3238,681.9955,-0.67167,5.615983,4.805033,0.81095
681.3238,681.9972,-0.67336,5.615983,4.72975,0.8862333
681.3238,681.9995,-0.67571,5.615983,6.124,-0.5080167
681.3238,681.9998,-0.67598,5.615983,5.825067,-0.2090833
681.3238,682.0049,-0.68113,5.615983,4.830117,0.7858667
681.3238,682.0056,-0.68185,5.615983,4.80295,0.8130333
681.3238,682.0077,-0.68388,5.615983,5.46765,0.1483333
681.3238,682.008,-0.68423,5.615983,4.874,0.7419833
681.3238,682.0147,-0.69094,5.615983,5.453017,0.1629667
681.3238,682.0152,-0.69144,5.615983,5.82925,-0.2132667
681.3238,682.0181,-0.69431,5.615983,5.442533,0.17345
681.3238,682.0204,-0.69656,5.615983,5.411183,0.2048
681.3238,682.0219,-0.69806,5.615983,5.735183,-0.1192
681.3238,682.0259,-0.70207,5.615983,5.768633,-0.15265
681.3238,682.028,-0.70419,5.615983,4.882367,0.7336167
681.3238,682.0297,-0.70592,5.615983,5.486467,0.1295167
681.3238,682.0308,-0.70704,5.615983,5.4258,0.1901833
681.3238,682.0376,-0.71378,5.615983,6.19925,-0.5832667
681.3238,682.0793,-0.75553,5.615983,4.838467,0.7775167
681.3238,682.0826,-0.75882,5.615983,6.479317,-0.8633333
681.3238,682.085,-0.76117,5.615983,4.8531,0.7628833
681.3238,682.0851,-0.76125,5.615983,4.807117,0.8088667
681.3238,682.0869,-0.76311,5.615983,6.470967,-0.8549833
681.3238,682.095,-0.77115,5.615983,4.874,0.7419833
681.3238,682.0957,-0.77186,5.615983,4.819667,0.7963167
681.3238,682.1023,-0.77846,5.615983,5.74355,-0.1275667
681.3238,682.1196,-0.79584,5.615983,5.799983,-0.184
681.3238,682.1199,-0.79608,5.615983,5.7979,-0.1819167
681.3238,682.1213,-0.79745,5.615983,5.87105,-0.2550667
681.3238,682.1215,-0.79766,5.615983,5.793717,-0.1777333
681.3238,682.1216,-0.79778,5.615983,5.783267,-0.1672833
681.3238,682.1224,-0.79862,5.615983,5.8376,-0.2216167
681.3238,682.1227,-0.79894,5.615983,5.898217,-0.2822333
681.3238,682.1239,-0.80007,5.615983,5.95465,-0.3386667
681.3238,682.1239,-0.80009,5.615983,5.97555,-0.3595667
681.3238,682.124,-0.80018,5.615983,5.971383,-0.3554
681.3238,682.1244,-0.80062,5.615983,5.906583,-0.2906
681.3238,682.1245,-0.80072,5.615983,5.875233,-0.25925
681.3238,682.1245,-0.80075,5.615983,5.789533,-0.17355
681.3238,682.1247,-0.80088,5.615983,5.822983,-0.207
681.3238,682.1256,-0.80183,5.615983,5.973467,-0.3574833
681.3238,682.126,-0.80224,5.615983,5.8815,-0.2655167
681.3238,682.1262,-0.80238,5.615983,5.9442,-0.3282167
681.3238,682.1264,-0.80256,5.615983,5.921217,-0.3052333
681.3238,682.1266,-0.80278,5.615983,5.814617,-0.1986333
681.3238,682.1267,-0.80289,5.615983,5.779083,-0.1631
681.3238,682.1267,-0.80294,5.615983,5.9024,-0.2864167
681.3238,682.1269,-0.80313,5.615983,5.95675,-0.3407667
681.3238,682.1269,-0.80314,5.615983,5.82925,-0.2132667
681.3238,682.1271,-0.80333,5.615983,5.866867,-0.2508833
681.3238,682.1272,-0.80338,5.615983,5.93585,-0.3198667
681.3238,682.1273,-0.80348,5.615983,5.981833,-0.36585
681.3238,682.1273,-0.80349,5.615983,5.983917,-0.3679333
681.3238,682.1273,-0.80355,5.615983,5.82715,-0.2111667
681.3238,682.1276,-0.80381,5.615983,5.781167,-0.1651833
681.3238,682.1276,-0.80381,5.615983,5.929567,-0.3135833
681.3238,682.1276,-0.80382,5.615983,6.048717,-0.4327333
681.3238,682.1277,-0.80386,5.615983,5.9254,-0.3094167
681.3238,682.1277,-0.8039,5.615983,5.879417,-0.2634333
681.3238,682.1278,-0.80399,5.615983,5.812533,-0.19655
681.3238,682.1278,-0.80404,5.615983,5.958833,-0.34285
681.3238,682.1279,-0.80406,5.615983,4.869833,0.74615
681.3238,682.1281,-0.80429,5.615983,5.960933,-0.34495
681.3238,682.1283,-0.80448,5.615983,5.9651,-0.3491167
681.3238,682.1283,-0.80449,5.615983,5.950483,-0.3345
681.3238,682.1283,-0.80452,5.615983,5.7749,-0.1589167
681.3238,682.1284,-0.80458,5.615983,5.948383,-0.3324
681.3238,682.1286,-0.80477,5.615983,5.810433,-0.19445
681.3238,682.1286,-0.80483,5.615983,5.9233,-0.3073167
681.3238,682.1287,-0.80494,5.615983,5.825067,-0.2090833
681.3238,682.1288,-0.80497,5.615983,5.80625,-0.1902667
681.3238,682.1289,-0.80507,5.615983,5.963017,-0.3470333
681.3238,682.1289,-0.80513,5.615983,5.854333,-0.23835
681.3238,682.129,-0.80516,5.615983,5.940033,-0.32405
681.3238,682.129,-0.80523,5.615983,5.89195,-0.2759667
681.3238,682.129,-0.80524,5.615983,5.791617,-0.1756333
681.3238,682.1291,-0.80534,5.615983,5.942117,-0.3261333
681.3238,682.1291,-0.80535,5.615983,5.927483,-0.3115
681.3238,682.1292,-0.80538,5.615983,5.78745,-0.1714667
681.3238,682.1292,-0.80544,5.615983,5.900317,-0.2843333
681.3238,682.1292,-0.80544,5.615983,5.992283,-0.3763
681.3238,682.1293,-0.80547,5.615983,5.9672,-0.3512167
681.3238,682.1294,-0.80558,5.615983,5.7958,-0.1798167
681.3238,682.1295,-0.80575,5.615983,5.952567,-0.3365833
681.3238,682.1296,-0.80576,5.615983,5.89405,-0.2780667
681.3238,682.1297,-0.80587,5.615983,5.93375,-0.3177667
681.3238,682.1298,-0.80597,5.615983,5.931667,-0.3156833
681.3238,682.1298,-0.80598,5.615983,5.97765,-0.3616667
681.3238,682.1298,-0.806,5.615983,4.775733,0.84025
681.3238,682.1298,-0.80602,5.615983,5.883583,-0.2676
681.3238,682.1299,-0.80607,5.615983,5.910767,-0.2947833
681.3238,682.1299,-0.8061,5.615983,5.908667,-0.2926833
681.3238,682.13,-0.80623,5.615983,5.833433,-0.21745
681.3238,682.1301,-0.80629,5.615983,5.896133,-0.28015
681.3238,682.1301,-0.80635,5.615983,5.917033,-0.30105
681.3238,682.1303,-0.80648,5.615983,5.8167,-0.2007167
681.3238,682.1305,-0.80673,5.615983,5.9463,-0.3303167
681.3238,682.1306,-0.80684,5.615983,5.937933,-0.32195
681.3238,682.1307,-0.80687,5.615983,5.919117,-0.3031333
681.3238,682.1309,-0.80715,5.615983,5.802083,-0.1861
681.3238,682.1313,-0.80746,5.615983,5.889867,-0.2738833
681.3238,682.1314,-0.80759,5.615983,5.91495,-0.2989667
681.3238,682.1315,-0.80768,5.615983,5.91285,-0.2968667
681.3238,682.1319,-0.80814,5.615983,5.969283,-0.3533
681.3238,682.1321,-0.80827,5.615983,5.804167,-0.1881833
681.3238,682.1324,-0.80856,5.615983,5.835517,-0.2195333
681.3238,682.1326,-0.80883,5.615983,5.80835,-0.1923667
681.3238,682.1327,-0.80885,5.615983,5.885683,-0.2697
681.3238,682.1333,-0.80954,5.615983,5.9045,-0.2885167
681.3238,682.1335,-0.8097,5.615983,5.820883,-0.2049
681.3238,682.1338,-0.81001,5.615983,5.887767,-0.2717833
681.3238,682.1339,-0.81008,5.615983,5.85015,-0.2341667
681.3238,682.1345,-0.81066,5.615983,5.8188,-0.2028167
681.3238,682.1415,-0.81773,5.615983,5.877317,-0.2613333
681.3238,682.155,-0.83116,5.615983,5.97765,-0.3616667
,,,,,
