887.4544,6.9867,2325,,,
Mascot MZ,MassHunter MZ,MZ Difference,Mascot RT,MassHunter RT,RT Difference
887.4544,886.5616,0.89276,6.9867,6.826333,0.1603667
887.4544,886.5733,0.88114,6.9867,6.830517,0.1561833
887.4544,886.5756,0.87879,6.9867,6.797067,0.1896333
887.4544,886.577,0.87743,6.9867,6.805433,0.1812667
887.4544,886.5795,0.87493,6.9867,6.803333,0.1833667
887.4544,886.6313,0.82311,6.9867,6.098883,0.8878167
887.4544,886.6884,0.76597,6.9867,6.477233,0.5094667
887.4544,886.6924,0.76204,6.9867,6.117733,0.8689667
887.4544,886.6961,0.75835,6.9867,6.466783,0.5199167
887.4544,886.6982,0.75622,6.9867,6.130267,0.8564333
887.4544,886.6999,0.75447,6.9867,6.17625,0.81045
887.4544,886.7038,0.75056,6.9867,6.124,0.8627
887.4544,886.7061,0.74833,6.9867,6.10305,0.88365
887.4544,886.7061,0.74828,6.9867,6.100967,0.8857333
887.4544,886.7063,0.74813,6.9867,6.1156,0.8711
887.4544,886.7068,0.74762,6.9867,6.456333,0.5303667
887.4544,886.7079,0.74646,6.9867,6.10515,0.88155
887.4544,886.7081,0.74634,6.9867,6.090517,0.8961833
887.4544,886.7093,0.74508,6.9867,6.109333,0.8773667
887.4544,886.7096,0.74477,6.9867,6.096783,0.8899167
887.4544,886.7108,0.7436,6.9867,6.088433,0.8982667
887.4544,886.7117,0.74271,6.9867,6.2097,0.777
887.4544,886.712,0.74242,6.9867,6.0947,0.892
887.4544,886.7176,0.73676,6.9867,6.107233,0.8794667
887.4544,886.7189,0.73547,6.9867,6.0926,0.8941
887.4544,886.7205,0.73394,6.9867,6.098883,0.8878167
887.4544,886.7284,0.72599,6.9867,7.148217,-0.1615167
887.4544,886.7343,0.72009,6.9867,7.1524,-0.1657
887.4544,886.735,0.71939,6.9867,7.16285,-0.17615
887.4544,886.7387,0.71573,6.9867,7.233917,-0.2472167
887.4544,886.7397,0.71469,6.9867,7.164933,-0.1782333
887.4544,886.7406,0.71378,6.9867,6.111417,0.8752833
887.4544,886.7407,0.7137,6.9867,7.154483,-0.1677833
887.4544,886.7411,0.7133,6.9867,7.158667,-0.1719667
887.4544,886.7416,0.71283,6.9867,7.1503,-0.1636
887.4544,886.7437,0.71072,6.9867,6.146983,0.8397167
887.4544,886.7441,0.71029,6.9867,6.1449,0.8418
887.4544,886.7455,0.70894,6.9867,7.200467,-0.2137667
887.4544,886.7458,0.7086,6.9867,7.156567,-0.1698667
887.4544,886.7461,0.70831,6.9867,7.196283,-0.2095833
887.4544,886.7461,0.70829,6.9867,7.227633,-0.2409333
887.4544,886.7465,0.70785,6.9867,6.215967,0.7707333
887.4544,886.7466,0.70781,6.9867,6.126083,0.8606167
887.4544,886.7466,0.70779,6.9867,7.1712,-0.1845
887.4544,886.7468,0.70762,6.9867,7.206733,-0.2200333
887.4544,886.7469,0.70747,6.9867,6.169983,0.8167167
887.4544,886.7469,0.70747,6.9867,7.175383,-0.1886833
887.4544,886.7471,0.70732,6.9867,7.121033,-0.1343333
887.4544,886.7472,0.70724,6.9867,7.20465,-0.21795
887.4544,886.7473,0.70709,6.9867,7.210917,-0.2242167
887.4544,886.7473,0.70708,6.9867,7.179567,-0.1928667
887.4544,886.7474,0.70703,6.9867,7.177483,-0.1907833
887.4544,886.7475,0.70686,6.9867,6.6737,0.313
887.4544,886.7478,0.70658,6.9867,7.18375,-0.19705
887.4544,886.7483,0.70614,6.9867,6.1135,0.8732
887.4544,886.7485,0.70595,6.9867,7.167017,-0.1803167
887.4544,886.7485,0.70589,6.9867,7.18165,-0.19495
887.4544,886.7485,0.70587,6.9867,6.1219,0.8648
887.4544,886.7486,0.70582,6.9867,7.1942,-0.2075
887.4544,886.7489,0.70547,6.9867,7.198383,-0.2116833
887.4544,886.749,0.70544,6.9867,7.1921,-0.2054
887.4544,886.749,0.70544,6.9867,7.217183,-0.2304833
887.4544,886.7492,0.70523,6.9867,7.187933,-0.2012333
887.4544,886.7497,0.70469,6.9867,7.254817,-0.2681167
887.4544,886.7501,0.70429,6.9867,7.219283,-0.2325833
887.4544,886.7502,0.70419,6.9867,7.20255,-0.21585
887.4544,886.7504,0.70401,6.9867,7.169117,-0.1824167
887.4544,886.7505,0.7039,6.9867,7.213,-0.2263
887.4544,886.7512,0.7032,6.9867,7.185833,-0.1991333
887.4544,886.7514,0.70297,6.9867,7.1733,-0.1866
887.4544,886.7519,0.70251,6.9867,7.102233,-0.1155333
887.4544,886.7524,0.702,6.9867,6.130267,0.8564333
887.4544,886.7525,0.70192,6.9867,7.240183,-0.2534833
887.4544,886.7526,0.70176,6.9867,7.106417,-0.1197167
887.4544,886.7531,0.70128,6.9867,7.238083,-0.2513833
887.4544,886.7533,0.70108,6.9867,6.705067,0.2816333
887.4544,886.7534,0.70097,6.9867,6.13445,0.85225
887.4544,886.7538,0.70064,6.9867,7.190017,-0.2033167
887.4544,886.7539,0.7005,6.9867,7.146117,-0.1594167
887.4544,886.7541,0.70033,6.9867,7.236,-0.2493
887.4544,886.7545,0.69993,6.9867,7.1294,-0.1427
887.4544,886.7545,0.69991,6.9867,6.767767,0.2189333
887.4544,886.7547,0.69974,6.9867,6.138633,0.8480667
887.4544,886.7547,0.69966,6.9867,6.149083,0.8376167
887.4544,886.7552,0.69921,6.9867,6.136533,0.8501667
887.4544,886.7554,0.69897,6.9867,6.161617,0.8250833
887.4544,886.7557,0.69869,6.9867,7.221367,-0.2346667
887.4544,886.7558,0.69857,6.9867,7.2151,-0.2284
887.4544,886.7559,0.69855,6.9867,7.0876,-0.1009
887.4544,886.7562,0.69825,6.9867,6.124,0.8627
887.4544,886.7565,0.69787,6.9867,6.77195,0.21475
887.4544,886.7567,0.69768,6.9867,7.223467,-0.2367667
887.4544,886.7567,0.69766,6.9867,7.29035,-0.30365
887.4544,886.7569,0.69745,6.9867,7.231817,-0.2451167
887.4544,886.7572,0.69715,6.9867,6.088433,0.8982667
887.4544,886.758,0.69639,6.9867,7.229733,-0.2430333
887.4544,886.7581,0.69628,6.9867,6.68625,0.30045
887.4544,886.7581,0.69628,6.9867,6.778217,0.2084833
887.4544,886.7582,0.69619,6.9867,6.117733,0.8689667
887.4544,886.7582,0.69619,6.9867,7.208833,-0.2221333
887.4544,886.7589,0.69548,6.9867,6.792883,0.1938167
887.4544,886.759,0.69542,6.9867,6.786617,0.2000833
887.4544,886.7591,0.69532,6.9867,6.142817,0.8438833
887.4544,886.7591,0.69531,6.9867,6.8765,0.1102
887.4544,886.7593,0.69511,6.9867,6.128183,0.8585167
887.4544,886.7595,0.69494,6.9867,6.880667,0.1060333
887.4544,886.7595,0.69487,6.9867,6.872317,0.1143833
887.4544,886.7598,0.69461,6.9867,6.132367,0.8543333
887.4544,886.7601,0.6943,6.9867,6.232683,0.7540167
887.4544,886.7602,0.69422,6.9867,6.794983,0.1917167
887.4544,886.7603,0.69408,6.9867,6.776117,0.2105833
887.4544,886.7605,0.69388,6.9867,7.089683,-0.1029833
887.4544,886.7606,0.69382,6.9867,6.813783,0.1729167
887.4544,886.7607,0.69374,6.9867,6.799167,0.1875333
887.4544,886.7607,0.69367,6.9867,7.093867,-0.1071667
887.4544,886.7608,0.69359,6.9867,6.834683,0.1520167
887.4544,886.7609,0.69354,6.9867,6.847233,0.1394667
887.4544,886.761,0.69338,6.9867,6.8117,0.175
887.4544,886.7612,0.69319,6.9867,6.82215,0.16455
887.4544,886.7613,0.69312,6.9867,6.826333,0.1603667
887.4544,886.7613,0.69306,6.9867,6.7887,0.198
887.4544,886.7613,0.69305,6.9867,7.095967,-0.1092667
887.4544,886.7615,0.69293,6.9867,6.830517,0.1561833
887.4544,886.7615,0.69288,6.9867,6.803333,0.1833667
887.4544,886.7616,0.69285,6.9867,6.7908,0.1959
887.4544,886.7616,0.6928,6.9867,6.807517,0.1791833
887.4544,886.7616,0.69276,6.9867,6.151167,0.8355333
887.4544,886.7617,0.69274,6.9867,6.828417,0.1582833
887.4544,886.7619,0.69246,6.9867,6.805433,0.1812667
887.4544,886.7619,0.69246,6.9867,7.273617,-0.2869167
887.4544,886.7621,0.69232,6.9867,6.820067,0.1666333
887.4544,886.7622,0.69222,6.9867,6.80125,0.18545
887.4544,886.7625,0.69189,6.9867,6.840967,0.1457333
887.4544,886.7626,0.69181,6.9867,6.8556,0.1311
887.4544,886.7628,0.69164,6.9867,6.817967,0.1687333
887.4544,886.7628,0.69161,6.9867,6.159533,0.8271667
887.4544,886.7628,0.69159,6.9867,6.8326,0.1541
887.4544,886.7629,0.69154,6.9867,6.84305,0.14365
887.4544,886.763,0.69139,6.9867,6.784533,0.2021667
887.4544,886.763,0.69137,6.9867,6.119817,0.8668833
887.4544,886.7631,0.69133,6.9867,6.868133,0.1185667
887.4544,886.7631,0.6913,6.9867,6.838867,0.1478333
887.4544,886.7631,0.69129,6.9867,6.849317,0.1373833
887.4544,886.7632,0.69121,6.9867,6.809617,0.1770833
887.4544,886.7632,0.69117,6.9867,6.824233,0.1624667
887.4544,886.7633,0.69108,6.9867,6.1156,0.8711
887.4544,886.7633,0.69105,6.9867,6.84515,0.14155
887.4544,886.7634,0.69103,6.9867,6.8535,0.1332
887.4544,886.7634,0.69098,6.9867,6.815883,0.1708167
887.4544,886.7635,0.69089,6.9867,6.797067,0.1896333
887.4544,886.7642,0.69017,6.9867,6.851417,0.1352833
887.4544,886.7644,0.69,6.9867,6.861867,0.1248333
887.4544,886.7644,0.68996,6.9867,7.250633,-0.2639333
887.4544,886.7648,0.68957,6.9867,6.836783,0.1499167
887.4544,886.7652,0.68918,6.9867,6.859767,0.1269333
887.4544,886.7656,0.6888,6.9867,6.213867,0.7728333
887.4544,886.7659,0.68847,6.9867,6.86605,0.12065
887.4544,886.7659,0.68846,6.9867,6.86395,0.12275
887.4544,886.7663,0.68807,6.9867,6.857683,0.1290167
887.4544,886.7664,0.68795,6.9867,6.882767,0.1039333
887.4544,886.7671,0.68733,6.9867,6.167883,0.8188167
887.4544,886.7676,0.68683,6.9867,6.870217,0.1164833
887.4544,886.7689,0.68555,6.9867,6.7824,0.2043
887.4544,886.7708,0.68362,6.9867,6.8744,0.1123
887.4544,886.771,0.68336,6.9867,7.104317,-0.1176167
887.4544,886.7746,0.67982,6.9867,6.878583,0.1081167
887.4544,886.7762,0.6782,6.9867,6.7803,0.2064
887.4544,886.7808,0.67362,6.9867,6.88485,0.10185
887.4544,886.7841,0.67033,6.9867,6.090517,0.8961833
887.4544,886.7899,0.66455,6.9867,6.8765,0.1102
887.4544,886.7932,0.66116,6.9867,6.774033,0.2126667
887.4544,886.7942,0.66021,6.9867,6.767767,0.2189333
887.4544,886.7956,0.65877,6.9867,6.757317,0.2293833
887.4544,886.8057,0.64874,6.9867,6.76985,0.21685
887.4544,886.8371,0.61728,6.9867,6.109333,0.8773667
887.4544,886.9459,0.5085,6.9867,7.371867,-0.3851667
887.4544,886.9469,0.5075,6.9867,7.229733,-0.2430333
887.4544,886.9471,0.50726,6.9867,7.18165,-0.19495
887.4544,886.9473,0.5071,6.9867,6.291217,0.6954833
887.4544,886.9475,0.50688,6.9867,6.401983,0.5847167
887.4544,886.9482,0.5062,6.9867,7.217183,-0.2304833
887.4544,886.9483,0.50612,6.9867,7.35095,-0.36425
887.4544,886.9484,0.50595,6.9867,7.1085,-0.1218
887.4544,886.9485,0.50594,6.9867,6.356,0.6307
887.4544,886.9486,0.50583,6.9867,6.23895,0.74775
887.4544,886.9486,0.50583,6.9867,6.573383,0.4133167
887.4544,886.9488,0.50561,6.9867,6.49605,0.49065
887.4544,886.9488,0.50559,6.9867,6.2076,0.7791
887.4544,886.9489,0.50554,6.9867,6.395717,0.5909833
887.4544,886.949,0.50539,6.9867,6.6528,0.3339
887.4544,886.9491,0.50529,6.9867,7.244367,-0.2576667
887.4544,886.9491,0.50527,6.9867,6.445883,0.5408167
887.4544,886.9492,0.5052,6.9867,6.284933,0.7017667
887.4544,886.9492,0.50519,6.9867,6.606817,0.3798833
887.4544,886.9493,0.50513,6.9867,6.406167,0.5805333
887.4544,886.9493,0.50512,6.9867,6.287033,0.6996667
887.4544,886.9494,0.50501,6.9867,6.542033,0.4446667
887.4544,886.9494,0.50501,6.9867,7.304967,-0.3182667
887.4544,886.9494,0.50498,6.9867,6.41035,0.57635
887.4544,886.9494,0.50496,6.9867,6.107233,0.8794667
887.4544,886.9495,0.5049,6.9867,7.102233,-0.1155333
887.4544,886.9495,0.50486,6.9867,6.404083,0.5826167
887.4544,886.9496,0.50485,6.9867,6.151167,0.8355333
887.4544,886.9496,0.50483,6.9867,7.37395,-0.38725
887.4544,886.9496,0.50481,6.9867,6.243133,0.7435667
887.4544,886.9497,0.50474,6.9867,7.1315,-0.1448
887.4544,886.9497,0.50473,6.9867,6.732233,0.2544667
887.4544,886.9497,0.50469,6.9867,7.100133,-0.1134333
887.4544,886.9497,0.50468,6.9867,7.185833,-0.1991333
887.4544,886.9497,0.50467,6.9867,7.2569,-0.2702
887.4544,886.9497,0.50467,6.9867,7.273617,-0.2869167
887.4544,886.9497,0.50466,6.9867,6.180433,0.8062667
887.4544,886.9498,0.50464,6.9867,6.422883,0.5638167
887.4544,886.9498,0.50464,6.9867,6.617267,0.3694333
887.4544,886.9498,0.5046,6.9867,6.3769,0.6098
887.4544,886.9498,0.50458,6.9867,6.391533,0.5951667
887.4544,886.9498,0.50457,6.9867,7.1524,-0.1657
887.4544,886.9499,0.50447,6.9867,6.433333,0.5533667
887.4544,886.95,0.50444,6.9867,6.3999,0.5868
887.4544,886.95,0.50444,6.9867,6.5901,0.3966
887.4544,886.95,0.50439,6.9867,7.317517,-0.3308167
887.4544,886.95,0.50439,6.9867,7.3405,-0.3538
887.4544,886.95,0.50437,6.9867,6.416617,0.5700833
887.4544,886.95,0.50436,6.9867,6.49395,0.49275
887.4544,886.9501,0.50434,6.9867,6.274483,0.7122167
887.4544,886.9501,0.50428,6.9867,6.429167,0.5575333
887.4544,886.9501,0.50428,6.9867,6.519033,0.4676667
887.4544,886.9501,0.50428,6.9867,7.2987,-0.312
887.4544,886.9501,0.50426,6.9867,6.5483,0.4384
887.4544,886.9501,0.50426,6.9867,7.346783,-0.3600833
887.4544,886.9502,0.50422,6.9867,6.232683,0.7540167
887.4544,886.9502,0.50421,6.9867,6.51695,0.46975
887.4544,886.9502,0.50421,6.9867,7.323783,-0.3370833
887.4544,886.9502,0.5042,6.9867,7.29035,-0.30365
887.4544,886.9502,0.5042,6.9867,7.3426,-0.3559
887.4544,886.9502,0.50418,6.9867,6.7803,0.2064
887.4544,886.9502,0.50416,6.9867,6.53575,0.45095
887.4544,886.9502,0.50415,6.9867,6.481417,0.5052833
887.4544,886.9503,0.50411,6.9867,7.348867,-0.3621667
887.4544,886.9503,0.5041,6.9867,7.3196,-0.3329
887.4544,886.9503,0.50409,6.9867,6.161617,0.8250833
887.4544,886.9503,0.50408,6.9867,6.4208,0.5659
887.4544,886.9504,0.50403,6.9867,6.51485,0.47185
887.4544,886.9504,0.50403,6.9867,6.5274,0.4593
887.4544,886.9504,0.50402,6.9867,6.149083,0.8376167
887.4544,886.9504,0.50402,6.9867,6.333017,0.6536833
887.4544,886.9504,0.50399,6.9867,7.338417,-0.3517167
887.4544,886.9504,0.50397,6.9867,6.128183,0.8585167
887.4544,886.9504,0.50396,6.9867,6.10515,0.88155
887.4544,886.9505,0.50395,6.9867,7.369767,-0.3830667
887.4544,886.9505,0.50394,6.9867,7.284067,-0.2973667
887.4544,886.9505,0.50393,6.9867,7.254817,-0.2681167
887.4544,886.9505,0.50392,6.9867,6.34765,0.63905
887.4544,886.9505,0.5039,6.9867,7.336333,-0.3496333
887.4544,886.9505,0.50389,6.9867,6.307933,0.6787667
887.4544,886.9505,0.50389,6.9867,6.554567,0.4321333
887.4544,886.9505,0.50389,6.9867,6.725967,0.2607333
887.4544,886.9505,0.50389,6.9867,7.275717,-0.2890167
887.4544,886.9505,0.50386,6.9867,7.327967,-0.3412667
887.4544,886.9506,0.50385,6.9867,6.167883,0.8188167
887.4544,886.9506,0.50381,6.9867,7.09805,-0.11135
887.4544,886.9506,0.50381,6.9867,7.344683,-0.3579833
887.4544,886.9506,0.50375,6.9867,6.341367,0.6453333
887.4544,886.9506,0.50375,6.9867,6.36645,0.62025
887.4544,886.9507,0.50374,6.9867,6.146983,0.8397167
887.4544,886.9507,0.5037,6.9867,7.1503,-0.1636
887.4544,886.9507,0.50369,6.9867,6.776117,0.2105833
887.4544,886.9508,0.50364,6.9867,6.72805,0.25865
887.4544,886.9508,0.50364,6.9867,6.786617,0.2000833
887.4544,886.9508,0.50361,6.9867,6.470967,0.5157333
887.4544,886.9508,0.50359,6.9867,7.263167,-0.2764667
887.4544,886.9508,0.50358,6.9867,6.381083,0.6056167
887.4544,886.9508,0.50356,6.9867,6.379,0.6077
887.4544,886.9508,0.50355,6.9867,6.38945,0.59725
887.4544,886.9508,0.50355,6.9867,7.265267,-0.2785667
887.4544,886.9509,0.50354,6.9867,7.302883,-0.3161833
887.4544,886.9509,0.50354,6.9867,7.33005,-0.34335
887.4544,886.9509,0.50353,6.9867,7.2778,-0.2911
887.4544,886.9509,0.50352,6.9867,6.236867,0.7498333
887.4544,886.9509,0.50352,6.9867,6.723867,0.2628333
887.4544,886.9509,0.50352,6.9867,7.294517,-0.3078167
887.4544,886.9509,0.50351,6.9867,6.374817,0.6118833
887.4544,886.9509,0.50347,6.9867,6.36855,0.61815
887.4544,886.9509,0.50347,6.9867,6.66325,0.32345
887.4544,886.9509,0.50346,6.9867,6.280767,0.7059333
887.4544,886.9509,0.50346,6.9867,6.53785,0.44885
887.4544,886.951,0.50344,6.9867,6.15535,0.83135
887.4544,886.951,0.50344,6.9867,6.47515,0.51155
887.4544,886.951,0.50344,6.9867,7.252717,-0.2660167
887.4544,886.951,0.50343,6.9867,7.261083,-0.2743833
887.4544,886.951,0.50342,6.9867,6.550383,0.4363167
887.4544,886.951,0.50342,6.9867,6.7594,0.2273
887.4544,886.951,0.50342,6.9867,7.315433,-0.3287333
887.4544,886.951,0.5034,6.9867,7.127317,-0.1406167
887.4544,886.951,0.50338,6.9867,6.3372,0.6495
887.4544,886.951,0.50336,6.9867,6.60055,0.38615
887.4544,886.9511,0.50334,6.9867,6.4417,0.545
887.4544,886.9511,0.50333,6.9867,6.577567,0.4091333
887.4544,886.9511,0.50331,6.9867,6.119817,0.8668833
887.4544,886.9511,0.5033,6.9867,6.201333,0.7853667
887.4544,886.9511,0.50329,6.9867,6.278667,0.7080333
887.4544,886.9511,0.50329,6.9867,6.5922,0.3945
887.4544,886.9511,0.50328,6.9867,6.226417,0.7602833
887.4544,886.9511,0.50327,6.9867,6.172067,0.8146333
887.4544,886.9511,0.50326,6.9867,6.2515,0.7352
887.4544,886.9511,0.50326,6.9867,6.353917,0.6327833
887.4544,886.9511,0.50325,6.9867,6.17625,0.81045
887.4544,886.9512,0.50323,6.9867,7.26945,-0.28275
887.4544,886.9512,0.50322,6.9867,6.659083,0.3276167
887.4544,886.9512,0.5032,6.9867,6.270317,0.7163833
887.4544,886.9512,0.5032,6.9867,7.33215,-0.34545
887.4544,886.9512,0.50319,6.9867,6.13445,0.85225
887.4544,886.9512,0.50316,6.9867,6.297483,0.6892167
887.4544,886.9513,0.50313,6.9867,6.211783,0.7749167
887.4544,886.9513,0.50313,6.9867,6.408267,0.5784333
887.4544,886.9513,0.50313,6.9867,6.588017,0.3986833
887.4544,886.9513,0.50312,6.9867,7.26735,-0.28065
887.4544,886.9513,0.50311,6.9867,6.153267,0.8334333
887.4544,886.9513,0.50309,6.9867,6.45425,0.53245
887.4544,886.9513,0.50309,6.9867,6.813783,0.1729167
887.4544,886.9513,0.50309,6.9867,7.0876,-0.1009
887.4544,886.9513,0.50308,6.9867,6.10305,0.88365
887.4544,886.9513,0.50306,6.9867,7.250633,-0.2639333
887.4544,886.9514,0.50304,6.9867,6.571283,0.4154167
887.4544,886.9514,0.50304,6.9867,6.7176,0.2691
887.4544,886.9514,0.50303,6.9867,6.203417,0.7832833
887.4544,886.9514,0.50302,6.9867,6.3581,0.6286
887.4544,886.9514,0.50302,6.9867,6.360183,0.6265167
887.4544,886.9514,0.50302,6.9867,6.370633,0.6160667
887.4544,886.9514,0.50302,6.9867,6.567117,0.4195833
887.4544,886.9514,0.50301,6.9867,7.281983,-0.2952833
887.4544,886.9514,0.503,6.9867,6.132367,0.8543333
887.4544,886.9514,0.503,6.9867,6.679983,0.3067167
887.4544,886.9514,0.50299,6.9867,6.671617,0.3150833
887.4544,886.9514,0.50299,6.9867,7.258983,-0.2722833
887.4544,886.9514,0.50299,6.9867,7.2799,-0.2932
887.4544,886.9514,0.50298,6.9867,6.468867,0.5178333
887.4544,886.9514,0.50298,6.9867,7.242267,-0.2555667
887.4544,886.9514,0.50297,6.9867,6.70715,0.27955
887.4544,886.9514,0.50297,6.9867,6.742683,0.2440167
887.4544,886.9515,0.50295,6.9867,6.328833,0.6578667
887.4544,886.9515,0.50293,6.9867,6.126083,0.8606167
887.4544,886.9515,0.50292,6.9867,6.2306,0.7561
887.4544,886.9515,0.5029,6.9867,6.385267,0.6014333
887.4544,886.9515,0.50287,6.9867,6.182517,0.8041833
887.4544,886.9515,0.50287,6.9867,6.466783,0.5199167
887.4544,886.9515,0.50286,6.9867,6.55875,0.42795
887.4544,886.9515,0.50285,6.9867,6.4626,0.5241
887.4544,886.9515,0.50285,6.9867,7.11895,-0.13225
887.4544,886.9516,0.50284,6.9867,6.25985,0.72685
887.4544,886.9516,0.50282,6.9867,6.648633,0.3380667
887.4544,886.9516,0.50281,6.9867,6.3351,0.6516
887.4544,886.9516,0.50281,6.9867,6.489767,0.4969333
887.4544,886.9516,0.5028,6.9867,6.322567,0.6641333
887.4544,886.9516,0.50279,6.9867,6.383183,0.6035167
887.4544,886.9516,0.50277,6.9867,7.334233,-0.3475333
887.4544,886.9516,0.50275,6.9867,6.098883,0.8878167
887.4544,886.9516,0.50275,6.9867,6.224333,0.7623667
887.4544,886.9517,0.50274,6.9867,7.35305,-0.36635
887.4544,886.9517,0.50273,6.9867,6.560833,0.4258667
887.4544,886.9517,0.50271,6.9867,6.414533,0.5721667
887.4544,886.9517,0.50271,6.9867,6.552483,0.4342167
887.4544,886.9517,0.50271,6.9867,6.634,0.3527
887.4544,886.9517,0.5027,6.9867,6.1156,0.8711
887.4544,886.9517,0.50269,6.9867,6.192967,0.7937333
887.4544,886.9517,0.50269,6.9867,6.2933,0.6934
887.4544,886.9517,0.50268,6.9867,6.443783,0.5429167
887.4544,886.9517,0.50268,6.9867,7.313333,-0.3266333
887.4544,886.9517,0.50267,6.9867,6.34555,0.64115
887.4544,886.9517,0.50265,6.9867,6.362283,0.6244167
887.4544,886.9517,0.50265,6.9867,6.498133,0.4885667
887.4544,886.9518,0.50264,6.9867,6.0926,0.8941
887.4544,886.9518,0.50264,6.9867,6.289117,0.6975833
887.4544,886.9518,0.50264,6.9867,7.357233,-0.3705333
887.4544,886.9518,0.50263,6.9867,6.705067,0.2816333
887.4544,886.9518,0.50263,6.9867,7.286167,-0.2994667
887.4544,886.9518,0.50262,6.9867,6.351817,0.6348833
887.4544,886.9518,0.50262,6.9867,6.594283,0.3924167
887.4544,886.9518,0.50261,6.9867,6.372733,0.6139667
887.4544,886.9518,0.5026,6.9867,7.248533,-0.2618333
887.4544,886.9518,0.50259,6.9867,6.124,0.8627
887.4544,886.9518,0.50259,6.9867,6.213867,0.7728333
887.4544,886.9518,0.50259,6.9867,6.276583,0.7101167
887.4544,886.9519,0.50255,6.9867,7.3008,-0.3141
887.4544,886.9519,0.50253,6.9867,6.364367,0.6223333
887.4544,886.9519,0.50253,6.9867,7.144033,-0.1573333
887.4544,886.9519,0.50251,6.9867,6.529483,0.4572167
887.4544,886.9519,0.50251,6.9867,7.271533,-0.2848333
887.4544,886.9519,0.50247,6.9867,6.17835,0.80835
887.4544,886.9519,0.50247,6.9867,6.1888,0.7979
887.4544,886.9519,0.50246,6.9867,6.539933,0.4467667
887.4544,886.952,0.50245,6.9867,6.4835,0.5032
887.4544,886.952,0.50243,6.9867,6.719683,0.2670167
887.4544,886.952,0.50242,6.9867,6.5253,0.4614
887.4544,886.952,0.50242,6.9867,7.307067,-0.3203667
887.4544,886.952,0.50241,6.9867,6.169983,0.8167167
887.4544,886.952,0.50239,6.9867,6.140717,0.8459833
887.4544,886.952,0.50239,6.9867,6.1449,0.8418
887.4544,886.952,0.50237,6.9867,6.136533,0.8501667
887.4544,886.952,0.50236,6.9867,6.318383,0.6683167
887.4544,886.952,0.50235,6.9867,6.661167,0.3255333
887.4544,886.9521,0.50232,6.9867,6.205517,0.7811833
887.4544,886.9521,0.50231,6.9867,6.111417,0.8752833
887.4544,886.9521,0.50231,6.9867,7.28825,-0.30155
887.4544,886.9521,0.5023,6.9867,6.100967,0.8857333
887.4544,886.9521,0.50227,6.9867,6.157433,0.8292667
887.4544,886.9521,0.50226,6.9867,6.138633,0.8480667
887.4544,886.9521,0.50226,6.9867,6.163717,0.8229833
887.4544,886.9522,0.50224,6.9867,7.296617,-0.3099167
887.4544,886.9522,0.50223,6.9867,6.0947,0.892
887.4544,886.9522,0.50222,6.9867,6.215967,0.7707333
887.4544,886.9522,0.50222,6.9867,6.7406,0.2461
887.4544,886.9522,0.50219,6.9867,6.088433,0.8982667
887.4544,886.9522,0.50216,6.9867,7.31125,-0.32455
887.4544,886.9522,0.50216,6.9867,7.325883,-0.3391833
887.4544,886.9523,0.50215,6.9867,6.57965,0.40705
887.4544,886.9523,0.50212,6.9867,6.22015,0.76655
887.4544,886.9523,0.50209,6.9867,6.608917,0.3777833
887.4544,886.9523,0.50209,6.9867,7.3217,-0.335
887.4544,886.9523,0.50208,6.9867,6.1658,0.8209
887.4544,886.9523,0.50208,6.9867,6.596367,0.3903333
887.4544,886.9523,0.50208,6.9867,6.638183,0.3485167
887.4544,886.9523,0.50206,6.9867,6.694617,0.2920833
887.4544,886.9524,0.50205,6.9867,6.2724,0.7143
887.4544,886.9524,0.50205,6.9867,6.418717,0.5679833
887.4544,886.9524,0.50203,6.9867,6.1219,0.8648
887.4544,886.9524,0.50199,6.9867,6.26195,0.72475
887.4544,886.9524,0.50199,6.9867,6.636083,0.3506167
887.4544,886.9524,0.50199,6.9867,6.6967,0.29
887.4544,886.9524,0.50198,6.9867,7.1942,-0.2075
887.4544,886.9524,0.50197,6.9867,6.117733,0.8689667
887.4544,886.9524,0.50196,6.9867,6.096783,0.8899167
887.4544,886.9525,0.50194,6.9867,6.508583,0.4781167
887.4544,886.9525,0.5019,6.9867,6.32465,0.66205
887.4544,886.9525,0.50188,6.9867,6.736417,0.2502833
887.4544,886.9525,0.50186,6.9867,6.38735,0.59935
887.4544,886.9525,0.50185,6.9867,6.778217,0.2084833
887.4544,886.9526,0.50183,6.9867,6.090517,0.8961833
887.4544,886.9526,0.50183,6.9867,6.627717,0.3589833
887.4544,886.9526,0.50179,6.9867,6.47305,0.51365
887.4544,886.9526,0.50177,6.9867,6.5044,0.4823
887.4544,886.9526,0.50177,6.9867,7.359317,-0.3726167
887.4544,886.9526,0.50176,6.9867,6.6737,0.313
887.4544,886.9526,0.50175,6.9867,7.13985,-0.15315
887.4544,886.9527,0.50173,6.9867,6.190883,0.7958167
887.4544,886.9527,0.50172,6.9867,6.130267,0.8564333
887.4544,886.9527,0.50172,6.9867,6.159533,0.8271667
887.4544,886.9527,0.50171,6.9867,6.142817,0.8438833
887.4544,886.9527,0.50171,6.9867,6.66535,0.32135
887.4544,886.9527,0.50171,6.9867,6.763583,0.2231167
887.4544,886.9527,0.50169,6.9867,6.690433,0.2962667
887.4544,886.9527,0.50168,6.9867,6.3163,0.6704
887.4544,886.9527,0.50167,6.9867,6.60265,0.38405
887.4544,886.9527,0.50166,6.9867,6.598467,0.3882333
887.4544,886.9527,0.50166,6.9867,6.682067,0.3046333
887.4544,886.9528,0.50164,6.9867,6.21805,0.76865
887.4544,886.9528,0.50164,6.9867,6.301667,0.6850333
887.4544,886.9528,0.50164,6.9867,6.692517,0.2941833
887.4544,886.9528,0.50162,6.9867,7.30915,-0.32245
887.4544,886.9528,0.50159,6.9867,6.109333,0.8773667
887.4544,886.9528,0.50158,6.9867,6.174167,0.8125333
887.4544,886.9528,0.50157,6.9867,6.247317,0.7393833
887.4544,886.9528,0.50157,6.9867,6.533667,0.4530333
887.4544,886.9528,0.50157,6.9867,7.292433,-0.3057333
887.4544,886.9529,0.50154,6.9867,6.585917,0.4007833
887.4544,886.9529,0.50152,6.9867,6.245233,0.7414667
887.4544,886.9529,0.50151,6.9867,6.427067,0.5596333
887.4544,886.9529,0.50151,6.9867,7.091783,-0.1050833
887.4544,886.9529,0.50149,6.9867,7.187933,-0.2012333
887.4544,886.9529,0.50148,6.9867,6.581733,0.4049667
887.4544,886.9529,0.50147,6.9867,6.435433,0.5512667
887.4544,886.9529,0.50146,6.9867,6.195067,0.7916333
887.4544,886.9529,0.50146,6.9867,6.424983,0.5617167
887.4544,886.953,0.50143,6.9867,6.521133,0.4655667
887.4544,886.953,0.50139,6.9867,6.255683,0.7310167
887.4544,886.953,0.50138,6.9867,6.502317,0.4843833
887.4544,886.953,0.50136,6.9867,6.1867,0.8
887.4544,886.953,0.50135,6.9867,6.6758,0.3109
887.4544,886.9531,0.50134,6.9867,7.123133,-0.1364333
887.4544,886.9531,0.50131,6.9867,6.709233,0.2774667
887.4544,886.9531,0.50128,6.9867,6.439617,0.5470833
887.4544,886.9532,0.50124,6.9867,6.412433,0.5742667
887.4544,886.9532,0.50122,6.9867,6.531583,0.4551167
887.4544,886.9532,0.5012,6.9867,6.684167,0.3025333
887.4544,886.9533,0.50112,6.9867,6.184617,0.8020833
887.4544,886.9533,0.50112,6.9867,6.744767,0.2419333
887.4544,886.9533,0.50111,6.9867,6.19925,0.78745
887.4544,886.9533,0.50111,6.9867,6.479317,0.5073833
887.4544,886.9533,0.50111,6.9867,7.355133,-0.3684333
887.4544,886.9533,0.50109,6.9867,6.491867,0.4948333
887.4544,886.9533,0.50109,6.9867,6.5065,0.4802
887.4544,886.9533,0.50106,6.9867,6.6319,0.3548
887.4544,886.9534,0.50103,6.9867,6.565017,0.4216833
887.4544,886.9534,0.50102,6.9867,6.62355,0.36315
887.4544,886.9534,0.50102,6.9867,6.646533,0.3401667
887.4544,886.9534,0.50101,6.9867,6.2285,0.7582
887.4544,886.9534,0.50101,6.9867,6.299567,0.6871333
887.4544,886.9534,0.501,6.9867,6.30375,0.68295
887.4544,886.9534,0.501,6.9867,6.667433,0.3192667
887.4544,886.9534,0.50099,6.9867,6.2097,0.777
887.4544,886.9534,0.50098,6.9867,6.339283,0.6474167
887.4544,886.9534,0.50097,6.9867,6.458417,0.5282833
887.4544,886.9534,0.50097,6.9867,6.562933,0.4237667
887.4544,886.9535,0.50093,6.9867,6.74895,0.23775
887.4544,886.9535,0.50092,6.9867,6.4856,0.5011
887.4544,886.9535,0.50091,6.9867,6.264033,0.7226667
887.4544,886.9535,0.50088,6.9867,6.713417,0.2732833
887.4544,886.9535,0.50087,6.9867,6.305833,0.6808667
887.4544,886.9535,0.50087,6.9867,6.523217,0.4634833
887.4544,886.9535,0.50087,6.9867,6.6131,0.3736
887.4544,886.9536,0.50078,6.9867,6.583833,0.4028667
887.4544,886.9537,0.50075,6.9867,6.45215,0.53455
887.4544,886.9537,0.50073,6.9867,6.1135,0.8732
887.4544,886.9537,0.50067,6.9867,6.546217,0.4404833
887.4544,886.9537,0.50066,6.9867,6.4647,0.522
887.4544,886.9537,0.50066,6.9867,6.544117,0.4425833
887.4544,886.9538,0.50065,6.9867,6.619367,0.3673333
887.4544,886.9538,0.50064,6.9867,7.24645,-0.25975
887.4544,886.9538,0.50063,6.9867,6.3142,0.6725
887.4544,886.9538,0.5006,6.9867,6.715517,0.2711833
887.4544,886.9538,0.50057,6.9867,7.367683,-0.3809833
887.4544,886.9538,0.50056,6.9867,6.2494,0.7373
887.4544,886.9538,0.50056,6.9867,6.477233,0.5094667
887.4544,886.9538,0.50055,6.9867,6.5692,0.4175
887.4544,886.9539,0.50054,6.9867,6.688333,0.2983667
887.4544,886.9539,0.50051,6.9867,6.698783,0.2879167
887.4544,886.9539,0.5005,6.9867,6.700883,0.2858167
887.4544,886.9539,0.50047,6.9867,6.702967,0.2837333
887.4544,886.954,0.50044,6.9867,6.640267,0.3464333
887.4544,886.954,0.50043,6.9867,6.650717,0.3359833
887.4544,886.954,0.50042,6.9867,6.799167,0.1875333
887.4544,886.954,0.5004,6.9867,6.450067,0.5366333
887.4544,886.954,0.5004,6.9867,6.774033,0.2126667
887.4544,886.954,0.50039,6.9867,6.43125,0.55545
887.4544,886.954,0.50037,6.9867,6.268217,0.7184833
887.4544,886.954,0.50037,6.9867,6.3978,0.5889
887.4544,886.954,0.50036,6.9867,7.3635,-0.3768
887.4544,886.9541,0.50031,6.9867,6.266133,0.7205667
887.4544,886.9541,0.50029,6.9867,6.257767,0.7289333
887.4544,886.9542,0.50024,6.9867,6.820067,0.1666333
887.4544,886.9542,0.50023,6.9867,6.512767,0.4739333
887.4544,886.9542,0.50022,6.9867,6.295383,0.6913167
887.4544,886.9542,0.50021,6.9867,6.803333,0.1833667
887.4544,886.9542,0.5002,6.9867,7.133583,-0.1468833
887.4544,886.9543,0.50014,6.9867,6.393633,0.5930667
887.4544,886.9543,0.50012,6.9867,6.24105,0.74565
887.4544,886.9543,0.50008,6.9867,6.320467,0.6662333
887.4544,886.9543,0.50007,6.9867,6.487683,0.4990167
887.4544,886.9543,0.50007,6.9867,6.7385,0.2482
887.4544,886.9543,0.50006,6.9867,6.234783,0.7519167
887.4544,886.9543,0.50006,6.9867,7.121033,-0.1343333
887.4544,886.9543,0.50005,6.9867,6.755217,0.2314833
887.4544,886.9544,0.5,6.9867,6.437517,0.5491833
887.4544,886.9544,0.5,6.9867,6.556667,0.4300333
887.4544,886.9544,0.49999,6.9867,6.32675,0.65995
887.4544,886.9544,0.49999,6.9867,6.734317,0.2523833
887.4544,886.9544,0.49998,6.9867,6.349733,0.6369667
887.4544,886.9544,0.49997,6.9867,6.75105,0.23565
887.4544,886.9544,0.49995,6.9867,6.711333,0.2753667
887.4544,886.9545,0.4999,6.9867,6.447967,0.5387333
887.4544,886.9545,0.49989,6.9867,6.253583,0.7331167
887.4544,886.9545,0.49988,6.9867,6.757317,0.2293833
887.4544,886.9545,0.49987,6.9867,6.575467,0.4112333
887.4544,886.9546,0.49984,6.9867,6.721783,0.2649167
887.4544,886.9546,0.49983,6.9867,6.312117,0.6745833
887.4544,886.9546,0.49982,6.9867,6.460517,0.5261833
887.4544,886.9546,0.49981,6.9867,6.82215,0.16455
887.4544,886.9546,0.4998,6.9867,6.500233,0.4864667
887.4544,886.9546,0.4998,6.9867,6.68625,0.30045
887.4544,886.9546,0.49979,6.9867,6.222233,0.7644667
887.4544,886.9546,0.49978,6.9867,6.88485,0.10185
887.4544,886.9546,0.49977,6.9867,6.330917,0.6557833
887.4544,886.9547,0.49975,6.9867,6.807517,0.1791833
887.4544,886.9547,0.49974,6.9867,6.28285,0.70385
887.4544,886.9547,0.49965,6.9867,6.343467,0.6432333
887.4544,886.9548,0.49964,6.9867,6.80125,0.18545
887.4544,886.9548,0.49962,6.9867,7.361417,-0.3747167
887.4544,886.9548,0.49956,6.9867,6.310017,0.6766833
887.4544,886.9548,0.49955,6.9867,6.629817,0.3568833
887.4544,886.9549,0.49951,6.9867,6.510683,0.4760167
887.4544,886.9549,0.49951,6.9867,6.604733,0.3819667
887.4544,886.9549,0.49948,6.9867,6.677883,0.3088167
887.4544,886.955,0.49937,6.9867,6.611,0.3757
887.4544,886.9551,0.49933,6.9867,6.77195,0.21475
887.4544,886.9551,0.49932,6.9867,7.158667,-0.1719667
887.4544,886.9551,0.49929,6.9867,6.64235,0.34435
887.4544,886.9553,0.4991,6.9867,6.62145,0.36525
887.4544,886.9553,0.49906,6.9867,6.456333,0.5303667
887.4544,886.9553,0.49905,6.9867,6.882767,0.1039333
887.4544,886.9554,0.49904,6.9867,6.6549,0.3318
887.4544,886.9554,0.49904,6.9867,7.137767,-0.1510667
887.4544,886.9554,0.49901,6.9867,6.19715,0.78955
887.4544,886.9554,0.49901,6.9867,6.615183,0.3715167
887.4544,886.9555,0.49894,6.9867,6.76985,0.21685
887.4544,886.9555,0.49891,6.9867,6.765667,0.2210333
887.4544,886.9555,0.49886,6.9867,6.815883,0.1708167
887.4544,886.9556,0.49882,6.9867,6.7824,0.2043
887.4544,886.9556,0.49881,6.9867,7.179567,-0.1928667
887.4544,886.9557,0.49873,6.9867,7.106417,-0.1197167
887.4544,886.9557,0.4987,6.9867,6.753133,0.2335667
887.4544,886.9557,0.49868,6.9867,6.826333,0.1603667
887.4544,886.9557,0.49866,6.9867,6.7887,0.198
887.4544,886.9558,0.49859,6.9867,6.7615,0.2252
887.4544,886.9559,0.49854,6.9867,6.851417,0.1352833
887.4544,886.9559,0.49849,6.9867,7.238083,-0.2513833
887.4544,886.9559,0.49848,6.9867,7.219283,-0.2325833
887.4544,886.956,0.49844,6.9867,6.838867,0.1478333
887.4544,886.956,0.49839,6.9867,6.8117,0.175
887.4544,886.9562,0.49821,6.9867,7.18375,-0.19705
887.4544,886.9562,0.49818,6.9867,6.794983,0.1917167
887.4544,886.9562,0.49816,6.9867,7.110583,-0.1238833
887.4544,886.9563,0.49812,6.9867,6.73015,0.25655
887.4544,886.9564,0.49797,6.9867,6.64445,0.34225
887.4544,886.9565,0.49792,6.9867,7.233917,-0.2472167
887.4544,886.9565,0.49786,6.9867,7.236,-0.2493
887.4544,886.9566,0.49777,6.9867,6.625633,0.3610667
887.4544,886.9569,0.49754,6.9867,6.805433,0.1812667
887.4544,886.9569,0.49752,6.9867,6.809617,0.1770833
887.4544,886.9569,0.49751,6.9867,6.746867,0.2398333
887.4544,886.9569,0.49751,6.9867,6.7908,0.1959
887.4544,886.9569,0.49749,6.9867,6.8744,0.1123
887.4544,886.957,0.49743,6.9867,6.817967,0.1687333
887.4544,886.957,0.4974,6.9867,6.86605,0.12065
887.4544,886.9572,0.49724,6.9867,7.382317,-0.3956167
887.4544,886.9572,0.4972,6.9867,7.16285,-0.17615
887.4544,886.9574,0.49699,6.9867,6.861867,0.1248333
887.4544,886.9576,0.49684,6.9867,7.089683,-0.1029833
887.4544,886.9576,0.49684,6.9867,7.093867,-0.1071667
887.4544,886.9577,0.49667,6.9867,6.834683,0.1520167
887.4544,886.9578,0.49662,6.9867,6.669533,0.3171667
887.4544,886.9578,0.49658,6.9867,6.880667,0.1060333
887.4544,886.9578,0.49657,6.9867,6.784533,0.2021667
887.4544,886.9578,0.49656,6.9867,6.8326,0.1541
887.4544,886.9579,0.49654,6.9867,6.847233,0.1394667
887.4544,886.958,0.4964,6.9867,6.824233,0.1624667
887.4544,886.9581,0.49633,6.9867,7.125217,-0.1385167
887.4544,886.9581,0.49633,6.9867,7.365583,-0.3788833
887.4544,886.9582,0.49622,6.9867,7.240183,-0.2534833
887.4544,886.9582,0.4962,6.9867,6.767767,0.2189333
887.4544,886.9583,0.49612,6.9867,7.146117,-0.1594167
887.4544,886.9583,0.49611,6.9867,6.849317,0.1373833
887.4544,886.9583,0.49606,6.9867,6.792883,0.1938167
887.4544,886.9585,0.49589,6.9867,7.164933,-0.1782333
887.4544,886.9585,0.49588,6.9867,6.828417,0.1582833
887.4544,886.959,0.49537,6.9867,6.857683,0.1290167
887.4544,886.9591,0.49532,6.9867,6.86395,0.12275
887.4544,886.9593,0.49513,6.9867,6.656983,0.3297167
887.4544,886.9593,0.49513,6.9867,7.114767,-0.1280667
887.4544,886.9593,0.49512,6.9867,7.196283,-0.2095833
887.4544,886.9593,0.49511,6.9867,6.836783,0.1499167
887.4544,886.9593,0.49506,6.9867,7.378133,-0.3914333
887.4544,886.9594,0.49496,6.9867,6.868133,0.1185667
887.4544,886.9598,0.49456,6.9867,6.797067,0.1896333
887.4544,886.9599,0.49454,6.9867,7.156567,-0.1698667
887.4544,886.9599,0.49446,6.9867,7.1921,-0.2054
887.4544,886.9602,0.49416,6.9867,6.84305,0.14365
887.4544,886.9606,0.49381,6.9867,6.8556,0.1311
887.4544,886.9607,0.49374,6.9867,6.84515,0.14155
887.4544,886.9607,0.49372,6.9867,7.167017,-0.1803167
887.4544,886.9608,0.49357,6.9867,7.14195,-0.15525
887.4544,886.9609,0.4935,6.9867,7.116867,-0.1301667
887.4544,886.9611,0.4933,6.9867,6.872317,0.1143833
887.4544,886.9614,0.49299,6.9867,6.830517,0.1561833
887.4544,886.9616,0.49283,6.9867,6.8765,0.1102
887.4544,886.9619,0.49253,6.9867,6.840967,0.1457333
887.4544,886.962,0.49245,6.9867,6.859767,0.1269333
887.4544,886.962,0.49243,6.9867,7.135667,-0.1489667
887.4544,886.9622,0.49224,6.9867,7.190017,-0.2033167
887.4544,886.9623,0.49206,6.9867,7.104317,-0.1176167
887.4544,886.9624,0.49205,6.9867,6.870217,0.1164833
887.4544,886.9625,0.49186,6.9867,7.1294,-0.1427
887.4544,886.9627,0.49172,6.9867,6.878583,0.1081167
887.4544,886.9633,0.49114,6.9867,7.175383,-0.1886833
887.4544,886.9635,0.49092,6.9867,7.148217,-0.1615167
887.4544,886.9635,0.49092,6.9867,7.380217,-0.3935167
887.4544,886.9636,0.49083,6.9867,7.386483,-0.3997833
887.4544,886.9637,0.49071,6.9867,7.20255,-0.21585
887.4544,886.9642,0.49023,6.9867,7.095967,-0.1092667
887.4544,886.9645,0.48991,6.9867,7.1733,-0.1866
887.4544,886.9645,0.48986,6.9867,7.177483,-0.1907833
887.4544,886.9653,0.48905,6.9867,7.198383,-0.2116833
887.4544,886.9655,0.48893,6.9867,7.16075,-0.17405
887.4544,886.9658,0.48856,6.9867,6.8535,0.1332
887.4544,886.9661,0.48832,6.9867,7.154483,-0.1677833
887.4544,886.9662,0.48823,6.9867,7.208833,-0.2221333
887.4544,886.9662,0.48823,6.9867,7.210917,-0.2242167
887.4544,886.9671,0.48726,6.9867,7.112683,-0.1259833
887.4544,886.9672,0.48724,6.9867,7.231817,-0.2451167
887.4544,886.9685,0.48589,6.9867,7.1712,-0.1845
887.4544,886.9704,0.48404,6.9867,7.43875,-0.45205
887.4544,886.9719,0.48245,6.9867,7.376033,-0.3893333
887.4544,886.9747,0.47965,6.9867,7.392767,-0.4060667
887.4544,886.9748,0.47957,6.9867,7.396933,-0.4102333
887.4544,886.975,0.47941,6.9867,7.399033,-0.4123333
887.4544,886.975,0.47937,6.9867,7.20465,-0.21795
887.4544,886.9759,0.47854,6.9867,7.388583,-0.4018833
887.4544,886.9771,0.4773,6.9867,7.213,-0.2263
887.4544,886.978,0.47642,6.9867,7.227633,-0.2409333
887.4544,886.9805,0.4739,6.9867,7.514033,-0.5273333
887.4544,886.9811,0.47333,6.9867,7.660333,-0.6736333
887.4544,886.9813,0.47315,6.9867,7.55165,-0.56495
887.4544,886.9814,0.47295,6.9867,7.4785,-0.4918
887.4544,886.982,0.47242,6.9867,7.570467,-0.5837667
887.4544,886.9823,0.47211,6.9867,7.434567,-0.4478667
887.4544,886.9825,0.47192,6.9867,7.526567,-0.5398667
887.4544,886.9825,0.47191,6.9867,7.3844,-0.3977
887.4544,886.9827,0.47172,6.9867,7.37395,-0.38725
887.4544,886.9828,0.47158,6.9867,7.491033,-0.5043333
887.4544,886.9828,0.47156,6.9867,7.4283,-0.4416
887.4544,886.983,0.47143,6.9867,7.608083,-0.6213833
887.4544,886.983,0.4714,6.9867,7.493133,-0.5064333
887.4544,886.9831,0.47129,6.9867,7.560017,-0.5733167
887.4544,886.9832,0.47115,6.9867,7.597633,-0.6109333
887.4544,886.9834,0.471,6.9867,7.599733,-0.6130333
887.4544,886.9834,0.47098,6.9867,7.430383,-0.4436833
887.4544,886.9836,0.4708,6.9867,7.580917,-0.5942167
887.4544,886.9838,0.47055,6.9867,7.484767,-0.4980667
887.4544,886.9839,0.47047,6.9867,7.432467,-0.4457667
887.4544,886.9841,0.47027,6.9867,7.534933,-0.5482333
887.4544,886.9843,0.47012,6.9867,7.649883,-0.6631833
887.4544,886.9844,0.47,6.9867,7.440833,-0.4541333
887.4544,886.9845,0.46989,6.9867,7.5203,-0.5336
887.4544,886.9846,0.46981,6.9867,7.507767,-0.5210667
887.4544,886.9846,0.4698,6.9867,7.57255,-0.58585
887.4544,886.9847,0.46972,6.9867,7.461783,-0.4750833
887.4544,886.9848,0.4696,6.9867,7.50985,-0.52315
887.4544,886.9848,0.46957,6.9867,7.70005,-0.71335
887.4544,886.9851,0.46931,6.9867,7.59345,-0.60675
887.4544,886.9851,0.4693,6.9867,7.5642,-0.5775
887.4544,886.9851,0.46927,6.9867,7.411567,-0.4248667
887.4544,886.9852,0.46918,6.9867,7.401117,-0.4144167
887.4544,886.9854,0.46903,6.9867,7.771117,-0.7844167
887.4544,886.9855,0.46893,6.9867,7.5851,-0.5984
887.4544,886.9856,0.46875,6.9867,7.409483,-0.4227833
887.4544,886.9857,0.46867,6.9867,7.459683,-0.4729833
887.4544,886.986,0.46838,6.9867,7.41575,-0.42905
887.4544,886.9861,0.46833,6.9867,7.739767,-0.7530667
887.4544,886.9861,0.46832,6.9867,7.72095,-0.73425
887.4544,886.9861,0.46825,6.9867,7.43665,-0.44995
887.4544,886.9864,0.46803,6.9867,7.217183,-0.2304833
887.4544,886.9865,0.46793,6.9867,7.78575,-0.79905
887.4544,886.9865,0.46788,6.9867,7.445017,-0.4583167
887.4544,886.9865,0.46785,6.9867,7.583,-0.5963
887.4544,886.9865,0.46785,6.9867,7.606,-0.6193
887.4544,886.9866,0.4678,6.9867,7.591367,-0.6046667
887.4544,886.9866,0.46777,6.9867,7.687517,-0.7008167
887.4544,886.9866,0.46776,6.9867,7.442917,-0.4562167
887.4544,886.9867,0.46768,6.9867,7.46595,-0.47925
887.4544,886.9868,0.46757,6.9867,7.628983,-0.6422833
887.4544,886.987,0.4674,6.9867,7.495217,-0.5085167
887.4544,886.987,0.46736,6.9867,7.451333,-0.4646333
887.4544,886.9873,0.46706,6.9867,7.716767,-0.7300667
887.4544,886.9875,0.46694,6.9867,7.403217,-0.4165167
887.4544,886.9876,0.46685,6.9867,7.674967,-0.6882667
887.4544,886.9876,0.46676,6.9867,7.524483,-0.5377833
887.4544,886.9876,0.46676,6.9867,7.662433,-0.6757333
887.4544,886.9878,0.46657,6.9867,7.792017,-0.8053167
887.4544,886.9879,0.46654,6.9867,7.474317,-0.4876167
887.4544,886.9879,0.46654,6.9867,7.5412,-0.5545
887.4544,886.9879,0.46651,6.9867,7.643617,-0.6569167
887.4544,886.9879,0.46645,6.9867,7.6248,-0.6381
887.4544,886.988,0.46644,6.9867,7.6039,-0.6172
887.4544,886.988,0.46641,6.9867,7.61645,-0.62975
887.4544,886.988,0.46638,6.9867,7.413667,-0.4269667
887.4544,886.9881,0.46628,6.9867,7.63735,-0.65065
887.4544,886.9882,0.46621,6.9867,7.539117,-0.5524167
887.4544,886.9882,0.46619,6.9867,7.422017,-0.4353167
887.4544,886.9882,0.46619,6.9867,7.750217,-0.7635167
887.4544,886.9882,0.46618,6.9867,7.706317,-0.7196167
887.4544,886.9882,0.46617,6.9867,7.5621,-0.5754
887.4544,886.9883,0.4661,6.9867,7.670783,-0.6840833
887.4544,886.9884,0.46597,6.9867,7.612267,-0.6255667
887.4544,886.9884,0.46595,6.9867,7.63525,-0.64855
887.4544,886.9886,0.46577,6.9867,7.4576,-0.4709
887.4544,886.9886,0.46577,6.9867,7.555833,-0.5691333
887.4544,886.9886,0.46577,6.9867,7.74185,-0.75515
887.4544,886.9887,0.46569,6.9867,7.503583,-0.5168833
887.4544,886.9887,0.46567,6.9867,7.528667,-0.5419667
887.4544,886.9887,0.46566,6.9867,7.666617,-0.6799167
887.4544,886.9888,0.46561,6.9867,7.601817,-0.6151167
887.4544,886.9888,0.46558,6.9867,7.53075,-0.54405
887.4544,886.9889,0.46554,6.9867,7.532833,-0.5461333
887.4544,886.9889,0.46547,6.9867,7.576733,-0.5900333
887.4544,886.989,0.46545,6.9867,7.61435,-0.62765
887.4544,886.989,0.46538,6.9867,7.656167,-0.6694667
887.4544,886.9891,0.46534,6.9867,7.470133,-0.4834333
887.4544,886.9891,0.46528,6.9867,7.545383,-0.5586833
887.4544,886.9891,0.46527,6.9867,7.482683,-0.4959833
887.4544,886.9892,0.46524,6.9867,7.501483,-0.5147833
887.4544,886.9892,0.4652,6.9867,7.518217,-0.5315167
887.4544,886.9894,0.46504,6.9867,7.4053,-0.4186
887.4544,886.9894,0.465,6.9867,7.59555,-0.60885
887.4544,886.9895,0.46494,6.9867,7.70215,-0.71545
887.4544,886.9895,0.46489,6.9867,7.704233,-0.7175333
887.4544,886.9895,0.46486,6.9867,7.7732,-0.7865
887.4544,886.9896,0.46483,6.9867,7.48895,-0.50225
887.4544,886.9896,0.46483,6.9867,7.737683,-0.7509833
887.4544,886.9897,0.46474,6.9867,7.681233,-0.6945333
887.4544,886.9897,0.46473,6.9867,7.7126,-0.7259
887.4544,886.9898,0.46461,6.9867,7.537017,-0.5503167
887.4544,886.9898,0.46459,6.9867,7.39485,-0.40815
887.4544,886.99,0.46438,6.9867,7.4994,-0.5127
887.4544,886.99,0.46436,6.9867,7.639433,-0.6527333
887.4544,886.99,0.46436,6.9867,7.714683,-0.7279833
887.4544,886.99,0.46435,6.9867,7.72305,-0.73635
887.4544,886.9901,0.46434,6.9867,7.55375,-0.56705
887.4544,886.9902,0.46423,6.9867,7.654067,-0.6673667
887.4544,886.9902,0.46422,6.9867,7.4471,-0.4604
887.4544,886.9903,0.46411,6.9867,7.631083,-0.6443833
887.4544,886.9903,0.46411,6.9867,7.746033,-0.7593333
887.4544,886.9904,0.46397,6.9867,7.633167,-0.6464667
887.4544,886.9904,0.46397,6.9867,7.74395,-0.75725
887.4544,886.9904,0.46396,6.9867,7.610183,-0.6234833
887.4544,886.9905,0.46393,6.9867,7.57465,-0.58795
887.4544,886.9905,0.46392,6.9867,7.65825,-0.67155
887.4544,886.9905,0.46391,6.9867,7.568367,-0.5816667
887.4544,886.9906,0.4638,6.9867,7.587183,-0.6004833
887.4544,886.9906,0.4638,6.9867,7.685417,-0.6987167
887.4544,886.9907,0.46372,6.9867,7.718867,-0.7321667
887.4544,886.9907,0.46369,6.9867,7.566283,-0.5795833
887.4544,886.9908,0.46361,6.9867,7.641533,-0.6548333
887.4544,886.991,0.4634,6.9867,7.543283,-0.5565833
887.4544,886.991,0.46336,6.9867,7.549567,-0.5628667
887.4544,886.9911,0.46331,6.9867,7.6896,-0.7029
887.4544,886.9911,0.46329,6.9867,7.783667,-0.7969667
887.4544,886.9912,0.46324,6.9867,7.645717,-0.6590167
887.4544,886.9913,0.46308,6.9867,7.578817,-0.5921167
887.4544,886.9914,0.46299,6.9867,7.664517,-0.6778167
887.4544,886.9915,0.4629,6.9867,7.4555,-0.4688
887.4544,886.9915,0.46286,6.9867,7.727217,-0.7405167
887.4544,886.9916,0.46282,6.9867,7.620633,-0.6339333
887.4544,886.9916,0.46276,6.9867,7.651983,-0.6652833
887.4544,886.9917,0.4627,6.9867,7.618533,-0.6318333
887.4544,886.9917,0.4627,6.9867,7.693783,-0.7070833
887.4544,886.9919,0.46253,6.9867,7.505667,-0.5189667
887.4544,886.9919,0.46249,6.9867,7.463867,-0.4771667
887.4544,886.9921,0.46228,6.9867,7.4973,-0.5106
887.4544,886.9923,0.46208,6.9867,7.516117,-0.5294167
887.4544,886.9926,0.46182,6.9867,7.7335,-0.7468
887.4544,886.9928,0.46165,6.9867,7.371867,-0.3851667
887.4544,886.9928,0.46164,6.9867,7.557917,-0.5712167
887.4544,886.9928,0.46162,6.9867,7.6478,-0.6611
887.4544,886.9929,0.46148,6.9867,7.480583,-0.4938833
887.4544,886.993,0.46142,6.9867,7.511933,-0.5252333
887.4544,886.993,0.4614,6.9867,7.424117,-0.4374167
887.4544,886.9932,0.46118,6.9867,7.4764,-0.4897
887.4544,886.9933,0.46114,6.9867,7.547467,-0.5607667
887.4544,886.9933,0.46112,6.9867,7.7544,-0.7677
887.4544,886.9937,0.46072,6.9867,7.695867,-0.7091667
887.4544,886.9937,0.46065,6.9867,7.622717,-0.6360167
887.4544,886.9938,0.46063,6.9867,7.472233,-0.4855333
887.4544,886.9938,0.46062,6.9867,7.683333,-0.6966333
887.4544,886.9942,0.4602,6.9867,7.589267,-0.6025667
887.4544,886.9946,0.45979,6.9867,7.41785,-0.43115
887.4544,886.9951,0.45926,6.9867,7.758583,-0.7718833
887.4544,886.9963,0.45814,6.9867,7.4262,-0.4395
887.4544,886.9975,0.45687,6.9867,7.419933,-0.4332333
887.4544,886.9989,0.45547,6.9867,7.48685,-0.50015
887.4544,887.0047,0.4497,6.9867,7.453417,-0.4667167
887.4544,887.0156,0.43877,6.9867,6.491867,0.4948333
887.4544,887.0629,0.39152,6.9867,7.156567,-0.1698667
887.4544,887.0686,0.38582,6.9867,7.1712,-0.1845
887.4544,887.0702,0.38423,6.9867,7.1503,-0.1636
887.4544,887.0708,0.38363,6.9867,7.16285,-0.17615
887.4544,887.0728,0.3816,6.9867,7.167017,-0.1803167
887.4544,887.0728,0.38156,6.9867,7.18375,-0.19705
887.4544,887.0733,0.38109,6.9867,7.22555,-0.23885
887.4544,887.074,0.38043,6.9867,7.16075,-0.17405
887.4544,887.0742,0.38019,6.9867,7.175383,-0.1886833
887.4544,887.0747,0.3797,6.9867,7.1524,-0.1657
887.4544,887.0752,0.37924,6.9867,7.208833,-0.2221333
887.4544,887.0754,0.37899,6.9867,7.179567,-0.1928667
887.4544,887.0756,0.37881,6.9867,7.2778,-0.2911
887.4544,887.0756,0.3788,6.9867,7.169117,-0.1824167
887.4544,887.0757,0.37866,6.9867,7.144033,-0.1573333
887.4544,887.0761,0.37835,6.9867,7.206733,-0.2200333
887.4544,887.0765,0.3779,6.9867,7.190017,-0.2033167
887.4544,887.0769,0.37753,6.9867,7.185833,-0.1991333
887.4544,887.0773,0.37712,6.9867,6.77195,0.21475
887.4544,887.0774,0.37703,6.9867,6.124,0.8627
887.4544,887.0776,0.37684,6.9867,7.20465,-0.21795
887.4544,887.0776,0.37677,6.9867,7.18165,-0.19495
887.4544,887.0784,0.37605,6.9867,7.164933,-0.1782333
887.4544,887.0784,0.37597,6.9867,7.1921,-0.2054
887.4544,887.0786,0.37579,6.9867,7.1733,-0.1866
887.4544,887.0788,0.37557,6.9867,7.275717,-0.2890167
887.4544,887.0792,0.3752,6.9867,7.198383,-0.2116833
887.4544,887.0793,0.37514,6.9867,7.248533,-0.2618333
887.4544,887.0806,0.37381,6.9867,7.20255,-0.21585
887.4544,887.0808,0.37359,6.9867,7.210917,-0.2242167
887.4544,887.0809,0.37353,6.9867,7.187933,-0.2012333
887.4544,887.081,0.37344,6.9867,7.177483,-0.1907833
887.4544,887.0811,0.37325,6.9867,7.196283,-0.2095833
887.4544,887.0813,0.37313,6.9867,7.254817,-0.2681167
887.4544,887.0813,0.37306,6.9867,6.138633,0.8480667
887.4544,887.0818,0.37259,6.9867,6.149083,0.8376167
887.4544,887.0825,0.37187,6.9867,7.200467,-0.2137667
887.4544,887.0838,0.37058,6.9867,7.1942,-0.2075
887.4544,887.0839,0.3705,6.9867,6.1156,0.8711
887.4544,887.084,0.37039,6.9867,6.1449,0.8418
887.4544,887.0848,0.36964,6.9867,7.30915,-0.32245
887.4544,887.0849,0.36953,6.9867,7.284067,-0.2973667
887.4544,887.0849,0.36949,6.9867,7.273617,-0.2869167
887.4544,887.0852,0.36918,6.9867,6.0926,0.8941
887.4544,887.0861,0.36833,6.9867,6.136533,0.8501667
887.4544,887.0862,0.36822,6.9867,7.219283,-0.2325833
887.4544,887.0867,0.3677,6.9867,6.1219,0.8648
887.4544,887.0873,0.3671,6.9867,7.223467,-0.2367667
887.4544,887.0874,0.367,6.9867,6.151167,0.8355333
887.4544,887.0878,0.3666,6.9867,6.146983,0.8397167
887.4544,887.0882,0.36623,6.9867,7.093867,-0.1071667
887.4544,887.0886,0.36577,6.9867,7.089683,-0.1029833
887.4544,887.0887,0.36572,6.9867,6.126083,0.8606167
887.4544,887.0892,0.36525,6.9867,6.130267,0.8564333
887.4544,887.0892,0.36521,6.9867,6.169983,0.8167167
887.4544,887.0893,0.36506,6.9867,6.096783,0.8899167
887.4544,887.0896,0.36478,6.9867,7.213,-0.2263
887.4544,887.09,0.36442,6.9867,6.7176,0.2691
887.4544,887.0905,0.36392,6.9867,6.1135,0.8732
887.4544,887.0905,0.36389,6.9867,6.159533,0.8271667
887.4544,887.0908,0.36357,6.9867,6.725967,0.2607333
887.4544,887.0909,0.36348,6.9867,7.229733,-0.2430333
887.4544,887.0921,0.3623,6.9867,7.334233,-0.3475333
887.4544,887.0922,0.36219,6.9867,7.217183,-0.2304833
887.4544,887.0923,0.36208,6.9867,7.2799,-0.2932
887.4544,887.0924,0.36201,6.9867,6.128183,0.8585167
887.4544,887.0926,0.36177,6.9867,6.1658,0.8209
887.4544,887.0928,0.36162,6.9867,6.111417,0.8752833
887.4544,887.0929,0.36146,6.9867,6.10515,0.88155
887.4544,887.093,0.36143,6.9867,6.117733,0.8689667
887.4544,887.0934,0.36103,6.9867,6.098883,0.8878167
887.4544,887.0945,0.35995,6.9867,6.13445,0.85225
887.4544,887.0945,0.35986,6.9867,6.119817,0.8668833
887.4544,887.0949,0.35948,6.9867,6.799167,0.1875333
887.4544,887.095,0.3594,6.9867,6.174167,0.8125333
887.4544,887.0961,0.35833,6.9867,7.26945,-0.28275
887.4544,887.0969,0.35754,6.9867,6.132367,0.8543333
887.4544,887.0982,0.35616,6.9867,6.17625,0.81045
887.4544,887.0984,0.35602,6.9867,6.80125,0.18545
887.4544,887.0984,0.35598,6.9867,6.815883,0.1708167
887.4544,887.0984,0.35596,6.9867,6.82215,0.16455
887.4544,887.0987,0.35569,6.9867,6.813783,0.1729167
887.4544,887.0988,0.35561,6.9867,6.805433,0.1812667
887.4544,887.0988,0.35558,6.9867,6.742683,0.2440167
887.4544,887.0993,0.35511,6.9867,6.721783,0.2649167
887.4544,887.0996,0.35479,6.9867,6.142817,0.8438833
887.4544,887.0996,0.35479,6.9867,6.826333,0.1603667
887.4544,887.1,0.35445,6.9867,6.807517,0.1791833
887.4544,887.1006,0.35383,6.9867,6.824233,0.1624667
887.4544,887.1006,0.35382,6.9867,6.8117,0.175
887.4544,887.1006,0.35382,6.9867,7.263167,-0.2764667
887.4544,887.1006,0.35381,6.9867,6.7908,0.1959
887.4544,887.1007,0.35367,6.9867,6.820067,0.1666333
887.4544,887.1009,0.35355,6.9867,6.15535,0.83135
887.4544,887.1009,0.35354,6.9867,6.1867,0.8
887.4544,887.1011,0.35331,6.9867,6.817967,0.1687333
887.4544,887.1012,0.35317,6.9867,6.803333,0.1833667
887.4544,887.1015,0.35289,6.9867,6.809617,0.1770833
887.4544,887.1019,0.35249,6.9867,6.794983,0.1917167
887.4544,887.1025,0.35194,6.9867,6.792883,0.1938167
887.4544,887.1038,0.35063,6.9867,6.797067,0.1896333
887.4544,887.1047,0.34972,6.9867,6.744767,0.2419333
887.4544,887.105,0.34945,6.9867,6.784533,0.2021667
887.4544,887.1061,0.34827,6.9867,6.830517,0.1561833
887.4544,887.1062,0.34823,6.9867,6.828417,0.1582833
887.4544,887.1063,0.34807,6.9867,6.8326,0.1541
887.4544,887.1064,0.34803,6.9867,6.705067,0.2816333
887.4544,887.1064,0.34801,6.9867,6.836783,0.1499167
887.4544,887.1076,0.34679,6.9867,6.715517,0.2711833
887.4544,887.1079,0.34645,6.9867,6.167883,0.8188167
887.4544,887.1083,0.34613,6.9867,6.694617,0.2920833
887.4544,887.1083,0.34612,6.9867,6.84305,0.14365
887.4544,887.1086,0.34577,6.9867,6.2306,0.7561
887.4544,887.1096,0.34482,6.9867,6.746867,0.2398333
887.4544,887.1098,0.34464,6.9867,6.840967,0.1457333
887.4544,887.1098,0.3446,6.9867,6.688333,0.2983667
887.4544,887.1099,0.34447,6.9867,6.7887,0.198
887.4544,887.112,0.34239,6.9867,6.763583,0.2231167
887.4544,887.1122,0.34216,6.9867,6.84515,0.14155
887.4544,887.1129,0.3415,6.9867,7.261083,-0.2743833
887.4544,887.113,0.34142,6.9867,6.838867,0.1478333
887.4544,887.113,0.34138,6.9867,6.834683,0.1520167
887.4544,887.1133,0.34111,6.9867,6.757317,0.2293833
887.4544,887.1134,0.34104,6.9867,6.75105,0.23565
887.4544,887.1135,0.34091,6.9867,7.29035,-0.30365
887.4544,887.1139,0.3405,6.9867,6.7803,0.2064
887.4544,887.1141,0.34031,6.9867,6.786617,0.2000833
887.4544,887.1145,0.33988,6.9867,6.7615,0.2252
887.4544,887.1154,0.339,6.9867,6.684167,0.3025333
887.4544,887.1159,0.33853,6.9867,6.650717,0.3359833
887.4544,887.1162,0.3382,6.9867,6.736417,0.2502833
887.4544,887.1164,0.33798,6.9867,6.734317,0.2523833
887.4544,887.1165,0.33789,6.9867,6.7824,0.2043
887.4544,887.1183,0.33608,6.9867,6.870217,0.1164833
887.4544,887.1186,0.33585,6.9867,6.847233,0.1394667
887.4544,887.1206,0.33384,6.9867,6.8535,0.1332
887.4544,887.1209,0.33352,6.9867,6.776117,0.2105833
887.4544,887.121,0.33341,6.9867,6.671617,0.3150833
887.4544,887.121,0.33339,6.9867,6.702967,0.2837333
887.4544,887.1211,0.33332,6.9867,6.8556,0.1311
887.4544,887.1212,0.33316,6.9867,6.86605,0.12065
887.4544,887.1215,0.33291,6.9867,6.861867,0.1248333
887.4544,887.1217,0.33268,6.9867,6.646533,0.3401667
887.4544,887.1221,0.33233,6.9867,6.68625,0.30045
887.4544,887.1221,0.33226,6.9867,6.753133,0.2335667
887.4544,887.1233,0.33108,6.9867,6.878583,0.1081167
887.4544,887.1236,0.33085,6.9867,6.849317,0.1373833
887.4544,887.1236,0.33085,6.9867,6.88485,0.10185
887.4544,887.1236,0.3308,6.9867,6.86395,0.12275
887.4544,887.124,0.3304,6.9867,6.880667,0.1060333
887.4544,887.1241,0.33032,6.9867,6.851417,0.1352833
887.4544,887.1242,0.33023,6.9867,6.77195,0.21475
887.4544,887.1244,0.33004,6.9867,6.698783,0.2879167
887.4544,887.1244,0.32996,6.9867,6.778217,0.2084833
887.4544,887.1245,0.32994,6.9867,6.765667,0.2210333
887.4544,887.1251,0.32932,6.9867,6.857683,0.1290167
887.4544,887.1252,0.32916,6.9867,6.7406,0.2461
887.4544,887.1256,0.32884,6.9867,6.713417,0.2732833
887.4544,887.1257,0.32872,6.9867,6.882767,0.1039333
887.4544,887.1279,0.32652,6.9867,6.8765,0.1102
887.4544,887.1281,0.32627,6.9867,6.859767,0.1269333
887.4544,887.1287,0.32568,6.9867,6.872317,0.1143833
887.4544,887.1299,0.32447,6.9867,6.8744,0.1123
887.4544,887.1302,0.32419,6.9867,6.76985,0.21685
887.4544,887.1303,0.32409,6.9867,6.868133,0.1185667
887.4544,887.1327,0.32168,6.9867,6.7594,0.2273
887.4544,887.1332,0.32123,6.9867,6.774033,0.2126667
887.4544,887.1342,0.32015,6.9867,6.661167,0.3255333
887.4544,887.1357,0.31871,6.9867,6.767767,0.2189333
887.4544,887.1746,0.27977,6.9867,6.669533,0.3171667
887.4544,887.1902,0.26421,6.9867,6.109333,0.8773667
887.4544,887.1946,0.25976,6.9867,6.5044,0.4823
887.4544,887.1977,0.2567,6.9867,6.100967,0.8857333
887.4544,887.2001,0.25434,6.9867,6.53575,0.45095
887.4544,887.2005,0.2539,6.9867,6.5274,0.4593
887.4544,887.2012,0.25321,6.9867,6.128183,0.8585167
887.4544,887.2025,0.25193,6.9867,6.1658,0.8209
887.4544,887.2053,0.24905,6.9867,6.47515,0.51155
887.4544,887.2063,0.24814,6.9867,6.107233,0.8794667
887.4544,887.2067,0.24766,6.9867,6.184617,0.8020833
887.4544,887.2075,0.24687,6.9867,6.203417,0.7832833
887.4544,887.2076,0.2468,6.9867,6.17625,0.81045
887.4544,887.2087,0.24573,6.9867,6.466783,0.5199167
887.4544,887.2092,0.24516,6.9867,6.096783,0.8899167
887.4544,887.2094,0.24501,6.9867,6.481417,0.5052833
887.4544,887.2105,0.24389,6.9867,6.2724,0.7143
887.4544,887.2105,0.24387,6.9867,6.489767,0.4969333
887.4544,887.2106,0.24378,6.9867,6.149083,0.8376167
887.4544,887.2115,0.24286,6.9867,6.10305,0.88365
887.4544,887.2117,0.2427,6.9867,6.1135,0.8732
887.4544,887.2118,0.24265,6.9867,6.479317,0.5073833
887.4544,887.2121,0.24231,6.9867,6.1219,0.8648
887.4544,887.2123,0.24208,6.9867,6.117733,0.8689667
887.4544,887.2144,0.24,6.9867,6.10515,0.88155
887.4544,887.2156,0.23879,6.9867,6.456333,0.5303667
887.4544,887.2157,0.23866,6.9867,6.124,0.8627
887.4544,887.216,0.23843,6.9867,6.1449,0.8418
887.4544,887.2161,0.23828,6.9867,6.098883,0.8878167
887.4544,887.2165,0.23788,6.9867,6.088433,0.8982667
887.4544,887.2166,0.23781,6.9867,6.232683,0.7540167
887.4544,887.2198,0.23455,6.9867,6.45425,0.53245
887.4544,887.2208,0.23364,6.9867,6.111417,0.8752833
887.4544,887.221,0.23339,6.9867,6.45215,0.53455
887.4544,887.2241,0.23028,6.9867,6.0926,0.8941
887.4544,887.2285,0.22594,6.9867,6.23895,0.74775
887.4544,887.2775,0.17689,6.9867,7.396933,-0.4102333
887.4544,887.2834,0.17105,6.9867,6.677883,0.3088167
887.4544,887.2853,0.16906,6.9867,6.698783,0.2879167
887.4544,887.2875,0.16691,6.9867,6.669533,0.3171667
887.4544,887.2897,0.16475,6.9867,6.66535,0.32135
887.4544,887.2897,0.16466,6.9867,6.650717,0.3359833
887.4544,887.2904,0.16404,6.9867,6.7887,0.198
887.4544,887.2906,0.16385,6.9867,6.694617,0.2920833
887.4544,887.2907,0.16369,6.9867,6.702967,0.2837333
887.4544,887.2908,0.16361,6.9867,6.786617,0.2000833
887.4544,887.2924,0.16205,6.9867,6.755217,0.2314833
887.4544,887.2929,0.16154,6.9867,6.815883,0.1708167
887.4544,887.293,0.1614,6.9867,6.809617,0.1770833
887.4544,887.2936,0.16082,6.9867,6.882767,0.1039333
887.4544,887.2939,0.16054,6.9867,6.836783,0.1499167
887.4544,887.2941,0.16029,6.9867,6.803333,0.1833667
887.4544,887.2942,0.16019,6.9867,6.70715,0.27955
887.4544,887.2946,0.15982,6.9867,6.7824,0.2043
887.4544,887.2947,0.15968,6.9867,6.820067,0.1666333
887.4544,887.2947,0.15968,6.9867,6.834683,0.1520167
887.4544,887.2948,0.15964,6.9867,6.744767,0.2419333
887.4544,887.2948,0.15961,6.9867,6.807517,0.1791833
887.4544,887.2949,0.15952,6.9867,6.847233,0.1394667
887.4544,887.295,0.15944,6.9867,6.826333,0.1603667
887.4544,887.295,0.1594,6.9867,6.797067,0.1896333
887.4544,887.295,0.15936,6.9867,6.849317,0.1373833
887.4544,887.295,0.15935,6.9867,6.859767,0.1269333
887.4544,887.2951,0.15933,6.9867,6.851417,0.1352833
887.4544,887.2951,0.15929,6.9867,6.872317,0.1143833
887.4544,887.2952,0.15921,6.9867,6.784533,0.2021667
887.4544,887.2952,0.15921,6.9867,6.84305,0.14365
887.4544,887.2952,0.15919,6.9867,6.47515,0.51155
887.4544,887.2952,0.15919,6.9867,6.868133,0.1185667
887.4544,887.2958,0.15863,6.9867,6.830517,0.1561833
887.4544,887.2958,0.15856,6.9867,6.824233,0.1624667
887.4544,887.2962,0.15823,6.9867,6.690433,0.2962667
887.4544,887.2962,0.15815,6.9867,6.82215,0.16455
887.4544,887.2962,0.15815,6.9867,6.878583,0.1081167
887.4544,887.2963,0.15806,6.9867,6.870217,0.1164833
887.4544,887.2964,0.15802,6.9867,6.88485,0.10185
887.4544,887.2966,0.1578,6.9867,6.861867,0.1248333
887.4544,887.2968,0.15764,6.9867,6.646533,0.3401667
887.4544,887.2969,0.15748,6.9867,6.840967,0.1457333
887.4544,887.2971,0.15732,6.9867,6.813783,0.1729167
887.4544,887.2971,0.15727,6.9867,6.828417,0.1582833
887.4544,887.2972,0.15723,6.9867,6.8535,0.1332
887.4544,887.2973,0.15714,6.9867,6.8556,0.1311
887.4544,887.2974,0.15701,6.9867,6.84515,0.14155
887.4544,887.2975,0.15689,6.9867,6.86395,0.12275
887.4544,887.2977,0.1567,6.9867,6.817967,0.1687333
887.4544,887.2977,0.1567,6.9867,6.86605,0.12065
887.4544,887.2977,0.15666,6.9867,6.776117,0.2105833
887.4544,887.298,0.15642,6.9867,6.80125,0.18545
887.4544,887.298,0.15638,6.9867,6.688333,0.2983667
887.4544,887.2981,0.1563,6.9867,6.794983,0.1917167
887.4544,887.2983,0.15613,6.9867,6.8326,0.1541
887.4544,887.2983,0.15611,6.9867,6.857683,0.1290167
887.4544,887.2983,0.15609,6.9867,6.757317,0.2293833
887.4544,887.2986,0.15583,6.9867,6.880667,0.1060333
887.4544,887.2987,0.15568,6.9867,6.8765,0.1102
887.4544,887.2988,0.15559,6.9867,6.763583,0.2231167
887.4544,887.2994,0.15498,6.9867,6.8744,0.1123
887.4544,887.3003,0.15415,6.9867,6.8117,0.175
887.4544,887.3003,0.15414,6.9867,6.77195,0.21475
887.4544,887.301,0.15342,6.9867,6.838867,0.1478333
887.4544,887.3015,0.1529,6.9867,6.700883,0.2858167
887.4544,887.3021,0.15232,6.9867,6.805433,0.1812667
887.4544,887.303,0.15144,6.9867,6.659083,0.3276167
887.4544,887.3035,0.15085,6.9867,6.679983,0.3067167
887.4544,887.304,0.15044,6.9867,6.7908,0.1959
887.4544,887.3054,0.14903,6.9867,6.799167,0.1875333
887.4544,887.3058,0.14862,6.9867,6.778217,0.2084833
887.4544,887.559,-0.10463,6.9867,6.130267,0.8564333
887.4544,887.5651,-0.11068,6.9867,6.1219,0.8648
887.4544,887.5657,-0.11134,6.9867,7.2799,-0.2932
887.4544,887.5679,-0.11348,6.9867,6.117733,0.8689667
887.4544,887.5679,-0.11355,6.9867,6.149083,0.8376167
887.4544,887.5922,-0.13784,6.9867,7.206733,-0.2200333
887.4544,887.6011,-0.14675,6.9867,7.252717,-0.2660167
887.4544,887.6039,-0.14946,6.9867,6.098883,0.8878167
887.4544,887.6051,-0.15073,6.9867,7.254817,-0.2681167
887.4544,887.6082,-0.15379,6.9867,7.258983,-0.2722833
887.4544,887.6207,-0.16626,6.9867,6.6549,0.3318
887.4544,887.621,-0.16657,6.9867,6.702967,0.2837333
887.4544,887.6214,-0.16703,6.9867,6.679983,0.3067167
887.4544,887.6226,-0.16818,6.9867,6.688333,0.2983667
887.4544,887.6232,-0.16881,6.9867,6.6967,0.29
887.4544,887.6241,-0.16973,6.9867,6.7594,0.2273
887.4544,887.6245,-0.17011,6.9867,6.45425,0.53245
887.4544,887.6257,-0.1713,6.9867,6.851417,0.1352833
887.4544,887.6261,-0.17169,6.9867,6.70715,0.27955
887.4544,887.6261,-0.17169,6.9867,6.836783,0.1499167
887.4544,887.6267,-0.17227,6.9867,6.857683,0.1290167
887.4544,887.6268,-0.17241,6.9867,6.870217,0.1164833
887.4544,887.6274,-0.17299,6.9867,6.84305,0.14365
887.4544,887.6274,-0.17304,6.9867,6.84515,0.14155
887.4544,887.6276,-0.1732,6.9867,6.698783,0.2879167
887.4544,887.6278,-0.17338,6.9867,6.68625,0.30045
887.4544,887.6285,-0.17411,6.9867,6.847233,0.1394667
887.4544,887.6291,-0.17469,6.9867,6.86605,0.12065
887.4544,887.6292,-0.17476,6.9867,6.8117,0.175
887.4544,887.6293,-0.17486,6.9867,6.826333,0.1603667
887.4544,887.6294,-0.17497,6.9867,6.8765,0.1102
887.4544,887.6298,-0.17543,6.9867,6.838867,0.1478333
887.4544,887.63,-0.17556,6.9867,6.834683,0.1520167
887.4544,887.6303,-0.17585,6.9867,6.8744,0.1123
887.4544,887.6303,-0.1759,6.9867,6.880667,0.1060333
887.4544,887.6306,-0.17616,6.9867,6.824233,0.1624667
887.4544,887.6306,-0.17623,6.9867,6.872317,0.1143833
887.4544,887.6307,-0.17631,6.9867,6.8535,0.1332
887.4544,887.6308,-0.17636,6.9867,6.828417,0.1582833
887.4544,887.6309,-0.17651,6.9867,6.830517,0.1561833
887.4544,887.631,-0.17657,6.9867,6.709233,0.2774667
887.4544,887.6313,-0.17692,6.9867,6.617267,0.3694333
887.4544,887.6315,-0.17713,6.9867,6.690433,0.2962667
887.4544,887.6316,-0.17724,6.9867,6.878583,0.1081167
887.4544,887.6318,-0.17736,6.9867,6.82215,0.16455
887.4544,887.6318,-0.17741,6.9867,6.719683,0.2670167
887.4544,887.632,-0.1776,6.9867,6.8556,0.1311
887.4544,887.6323,-0.17792,6.9867,6.859767,0.1269333
887.4544,887.6324,-0.17798,6.9867,6.820067,0.1666333
887.4544,887.633,-0.17855,6.9867,6.80125,0.18545
887.4544,887.633,-0.17863,6.9867,6.849317,0.1373833
887.4544,887.6331,-0.17871,6.9867,6.861867,0.1248333
887.4544,887.6332,-0.17882,6.9867,6.774033,0.2126667
887.4544,887.6336,-0.17919,6.9867,6.882767,0.1039333
887.4544,887.6338,-0.17941,6.9867,6.646533,0.3401667
887.4544,887.6338,-0.17941,6.9867,6.840967,0.1457333
887.4544,887.6344,-0.18,6.9867,6.519033,0.4676667
887.4544,887.6344,-0.18003,6.9867,6.8326,0.1541
887.4544,887.6348,-0.18035,6.9867,6.723867,0.2628333
887.4544,887.6348,-0.18035,6.9867,6.817967,0.1687333
887.4544,887.6348,-0.1804,6.9867,6.88485,0.10185
887.4544,887.6351,-0.18071,6.9867,6.75105,0.23565
887.4544,887.6352,-0.18084,6.9867,6.799167,0.1875333
887.4544,887.6356,-0.18117,6.9867,6.868133,0.1185667
887.4544,887.6371,-0.18266,6.9867,6.755217,0.2314833
887.4544,887.6375,-0.18313,6.9867,6.815883,0.1708167
887.4544,887.6381,-0.18375,6.9867,6.797067,0.1896333
887.4544,887.6383,-0.18392,6.9867,6.807517,0.1791833
887.4544,887.6395,-0.18509,6.9867,6.809617,0.1770833
887.4544,887.6413,-0.18686,6.9867,6.803333,0.1833667
887.4544,887.6433,-0.18889,6.9867,6.86395,0.12275
887.4544,887.6843,-0.22994,6.9867,6.318383,0.6683167
887.4544,887.6944,-0.23998,6.9867,6.1888,0.7979
887.4544,887.6961,-0.24168,6.9867,7.355133,-0.3684333
887.4544,887.7057,-0.25129,6.9867,6.161617,0.8250833
887.4544,887.7065,-0.25214,6.9867,6.424983,0.5617167
887.4544,887.7129,-0.25855,6.9867,6.2097,0.777
887.4544,887.7151,-0.26072,6.9867,6.130267,0.8564333
887.4544,887.7153,-0.2609,6.9867,6.2494,0.7373
887.4544,887.7153,-0.26092,6.9867,6.169983,0.8167167
887.4544,887.7189,-0.2645,6.9867,6.201333,0.7853667
887.4544,887.7203,-0.26594,6.9867,6.213867,0.7728333
887.4544,887.7269,-0.27252,6.9867,6.343467,0.6432333
887.4544,887.7281,-0.27373,6.9867,6.13445,0.85225
887.4544,887.7317,-0.27731,6.9867,6.364367,0.6223333
887.4544,887.7319,-0.27752,6.9867,6.23895,0.74775
887.4544,887.7335,-0.27913,6.9867,6.111417,0.8752833
887.4544,887.7349,-0.28051,6.9867,6.203417,0.7832833
887.4544,887.7362,-0.28179,6.9867,6.21805,0.76865
887.4544,887.7363,-0.28188,6.9867,6.096783,0.8899167
887.4544,887.7372,-0.28283,6.9867,7.177483,-0.1907833
887.4544,887.7395,-0.28506,6.9867,6.2515,0.7352
887.4544,887.7409,-0.28649,6.9867,7.190017,-0.2033167
887.4544,887.7417,-0.28728,6.9867,6.232683,0.7540167
887.4544,887.7422,-0.28778,6.9867,6.339283,0.6474167
887.4544,887.7425,-0.28807,6.9867,7.1942,-0.2075
887.4544,887.7429,-0.28846,6.9867,6.715517,0.2711833
887.4544,887.7434,-0.28898,6.9867,7.179567,-0.1928667
887.4544,887.7439,-0.28951,6.9867,7.206733,-0.2200333
887.4544,887.7448,-0.29037,6.9867,7.18375,-0.19705
887.4544,887.7455,-0.2911,6.9867,7.210917,-0.2242167
887.4544,887.7456,-0.29124,6.9867,7.18165,-0.19495
887.4544,887.7457,-0.29134,6.9867,7.22555,-0.23885
887.4544,887.746,-0.29158,6.9867,7.175383,-0.1886833
887.4544,887.7462,-0.29178,6.9867,7.35305,-0.36635
887.4544,887.7462,-0.2918,6.9867,7.28825,-0.30155
887.4544,887.7466,-0.29221,6.9867,7.336333,-0.3496333
887.4544,887.7467,-0.29232,6.9867,7.185833,-0.1991333
887.4544,887.7468,-0.29242,6.9867,7.20255,-0.21585
887.4544,887.7468,-0.29243,6.9867,6.1219,0.8648
887.4544,887.747,-0.29258,6.9867,7.294517,-0.3078167
887.4544,887.7477,-0.29335,6.9867,7.187933,-0.2012333
887.4544,887.7478,-0.29338,6.9867,7.223467,-0.2367667
887.4544,887.7478,-0.29343,6.9867,7.167017,-0.1803167
887.4544,887.7479,-0.29347,6.9867,7.198383,-0.2116833
887.4544,887.7479,-0.29351,6.9867,7.3405,-0.3538
887.4544,887.7483,-0.29388,6.9867,7.233917,-0.2472167
887.4544,887.7493,-0.29489,6.9867,7.200467,-0.2137667
887.4544,887.7495,-0.29506,6.9867,7.213,-0.2263
887.4544,887.7497,-0.29526,6.9867,7.323783,-0.3370833
887.4544,887.75,-0.29555,6.9867,7.229733,-0.2430333
887.4544,887.7501,-0.2957,6.9867,7.1712,-0.1845
887.4544,887.7502,-0.29578,6.9867,7.3008,-0.3141
887.4544,887.7503,-0.29594,6.9867,7.327967,-0.3412667
887.4544,887.7504,-0.29603,6.9867,7.344683,-0.3579833
887.4544,887.7505,-0.29607,6.9867,7.20465,-0.21795
887.4544,887.7506,-0.29625,6.9867,7.208833,-0.2221333
887.4544,887.7507,-0.29633,6.9867,7.1921,-0.2054
887.4544,887.7509,-0.29649,6.9867,7.286167,-0.2994667
887.4544,887.7509,-0.29651,6.9867,7.325883,-0.3391833
887.4544,887.7514,-0.29702,6.9867,7.2151,-0.2284
887.4544,887.7516,-0.29717,6.9867,6.711333,0.2753667
887.4544,887.7517,-0.29728,6.9867,6.2076,0.7791
887.4544,887.7518,-0.29745,6.9867,6.705067,0.2816333
887.4544,887.752,-0.29756,6.9867,7.33215,-0.34545
887.4544,887.7521,-0.29772,6.9867,7.221367,-0.2346667
887.4544,887.7525,-0.29812,6.9867,7.29035,-0.30365
887.4544,887.7538,-0.29936,6.9867,7.219283,-0.2325833
887.4544,887.7543,-0.29988,6.9867,6.721783,0.2649167
887.4544,887.7544,-0.29997,6.9867,6.10515,0.88155
887.4544,887.7549,-0.30054,6.9867,7.3196,-0.3329
887.4544,887.755,-0.30061,6.9867,7.196283,-0.2095833
887.4544,887.7553,-0.30087,6.9867,7.302883,-0.3161833
887.4544,887.7555,-0.3011,6.9867,7.31125,-0.32455
887.4544,887.7556,-0.30122,6.9867,7.231817,-0.2451167
887.4544,887.7559,-0.30148,6.9867,7.307067,-0.3203667
887.4544,887.7562,-0.30176,6.9867,7.313333,-0.3266333
887.4544,887.7565,-0.30209,6.9867,7.292433,-0.3057333
887.4544,887.7567,-0.30229,6.9867,7.361417,-0.3747167
887.4544,887.7569,-0.30254,6.9867,7.304967,-0.3182667
887.4544,887.7572,-0.30276,6.9867,7.315433,-0.3287333
887.4544,887.7574,-0.30301,6.9867,7.217183,-0.2304833
887.4544,887.7581,-0.30372,6.9867,7.317517,-0.3308167
887.4544,887.7582,-0.30384,6.9867,6.80125,0.18545
887.4544,887.7584,-0.30397,6.9867,6.794983,0.1917167
887.4544,887.7589,-0.30449,6.9867,6.723867,0.2628333
887.4544,887.7597,-0.30531,6.9867,7.3217,-0.335
887.4544,887.7598,-0.30544,6.9867,7.284067,-0.2973667
887.4544,887.7604,-0.30602,6.9867,6.7908,0.1959
887.4544,887.7605,-0.3061,6.9867,7.2987,-0.312
887.4544,887.7614,-0.30701,6.9867,7.3426,-0.3559
887.4544,887.7619,-0.30747,6.9867,7.33005,-0.34335
887.4544,887.7621,-0.30766,6.9867,6.8117,0.175
887.4544,887.7624,-0.30797,6.9867,6.736417,0.2502833
887.4544,887.7624,-0.30803,6.9867,7.238083,-0.2513833
887.4544,887.7624,-0.30805,6.9867,7.2778,-0.2911
887.4544,887.7641,-0.30968,6.9867,6.34555,0.64115
887.4544,887.7674,-0.31302,6.9867,6.734317,0.2523833
887.4544,887.7675,-0.31314,6.9867,7.296617,-0.3099167
887.4544,887.7676,-0.31318,6.9867,6.742683,0.2440167
887.4544,887.7683,-0.3139,6.9867,6.60265,0.38405
887.4544,887.7687,-0.31429,6.9867,7.248533,-0.2618333
887.4544,887.7694,-0.31496,6.9867,6.82215,0.16455
887.4544,887.7695,-0.31511,6.9867,6.128183,0.8585167
887.4544,887.7721,-0.31768,6.9867,6.820067,0.1666333
887.4544,887.7726,-0.31825,6.9867,7.30915,-0.32245
887.4544,887.7727,-0.31828,6.9867,6.817967,0.1687333
887.4544,887.7731,-0.31875,6.9867,6.153267,0.8334333
887.4544,887.7733,-0.31893,6.9867,6.809617,0.1770833
887.4544,887.7737,-0.31932,6.9867,6.803333,0.1833667
887.4544,887.7739,-0.31954,6.9867,6.702967,0.2837333
887.4544,887.7748,-0.32041,6.9867,6.792883,0.1938167
887.4544,887.7757,-0.32133,6.9867,6.882767,0.1039333
887.4544,887.7761,-0.32173,6.9867,6.797067,0.1896333
887.4544,887.7765,-0.32214,6.9867,6.799167,0.1875333
887.4544,887.7785,-0.32409,6.9867,6.824233,0.1624667
887.4544,887.7789,-0.32445,6.9867,6.840967,0.1457333
887.4544,887.7801,-0.32566,6.9867,6.828417,0.1582833
887.4544,887.7802,-0.3258,6.9867,6.7887,0.198
887.4544,887.7803,-0.32592,6.9867,6.805433,0.1812667
887.4544,887.7808,-0.32638,6.9867,6.834683,0.1520167
887.4544,887.7812,-0.32675,6.9867,6.807517,0.1791833
887.4544,887.7814,-0.32701,6.9867,6.753133,0.2335667
887.4544,887.7822,-0.32778,6.9867,6.815883,0.1708167
887.4544,887.7824,-0.32796,6.9867,6.700883,0.2858167
887.4544,887.7828,-0.3284,6.9867,6.826333,0.1603667
887.4544,887.7835,-0.32907,6.9867,6.778217,0.2084833
887.4544,887.7842,-0.32979,6.9867,6.68625,0.30045
887.4544,887.786,-0.33156,6.9867,6.838867,0.1478333
887.4544,887.7865,-0.33207,6.9867,6.709233,0.2774667
887.4544,887.7871,-0.33268,6.9867,6.84515,0.14155
887.4544,887.7882,-0.33384,6.9867,6.830517,0.1561833
887.4544,887.7887,-0.33428,6.9867,6.849317,0.1373833
887.4544,887.789,-0.33456,6.9867,6.847233,0.1394667
887.4544,887.7901,-0.33571,6.9867,6.765667,0.2210333
887.4544,887.7904,-0.33598,6.9867,6.8535,0.1332
887.4544,887.7906,-0.33616,6.9867,6.794983,0.1917167
887.4544,887.7908,-0.3364,6.9867,6.861867,0.1248333
887.4544,887.7911,-0.33667,6.9867,6.851417,0.1352833
887.4544,887.7913,-0.33687,6.9867,6.870217,0.1164833
887.4544,887.7914,-0.33702,6.9867,6.8744,0.1123
887.4544,887.7928,-0.33837,6.9867,6.705067,0.2816333
887.4544,887.793,-0.3386,6.9867,6.755217,0.2314833
887.4544,887.7931,-0.33871,6.9867,6.84305,0.14365
887.4544,887.7932,-0.33876,6.9867,6.836783,0.1499167
887.4544,887.7934,-0.33895,6.9867,6.86605,0.12065
887.4544,887.7935,-0.33912,6.9867,6.859767,0.1269333
887.4544,887.7937,-0.33934,6.9867,6.8765,0.1102
887.4544,887.7961,-0.34169,6.9867,6.8326,0.1541
887.4544,887.7964,-0.34199,6.9867,6.872317,0.1143833
887.4544,887.7967,-0.34226,6.9867,6.86395,0.12275
887.4544,887.7967,-0.34227,6.9867,6.8556,0.1311
887.4544,887.7975,-0.34312,6.9867,6.868133,0.1185667
887.4544,887.799,-0.34458,6.9867,6.857683,0.1290167
887.4544,887.7992,-0.34475,6.9867,6.88485,0.10185
887.4544,887.8,-0.34563,6.9867,6.098883,0.8878167
887.4544,887.8012,-0.34679,6.9867,6.7176,0.2691
887.4544,887.8017,-0.34727,6.9867,6.878583,0.1081167
887.4544,887.8077,-0.35329,6.9867,6.880667,0.1060333
887.4544,887.81,-0.35556,6.9867,6.719683,0.2670167
887.4544,887.8152,-0.3608,6.9867,6.80125,0.18545
887.4544,887.8242,-0.36975,6.9867,6.7615,0.2252
887.4544,887.8256,-0.37118,6.9867,6.8117,0.175
887.4544,887.8452,-0.39078,6.9867,6.117733,0.8689667
887.4544,887.8458,-0.39143,6.9867,6.554567,0.4321333
887.4544,887.9528,-0.49842,6.9867,6.88485,0.10185
887.4544,887.9529,-0.49852,6.9867,7.3405,-0.3538
887.4544,887.953,-0.49858,6.9867,6.870217,0.1164833
887.4544,887.9531,-0.49869,6.9867,6.857683,0.1290167
887.4544,887.9532,-0.49883,6.9867,7.33005,-0.34335
887.4544,887.9537,-0.49926,6.9867,6.682067,0.3046333
887.4544,887.9537,-0.4993,6.9867,6.84515,0.14155
887.4544,887.9537,-0.49933,6.9867,7.248533,-0.2618333
887.4544,887.9538,-0.49936,6.9867,6.692517,0.2941833
887.4544,887.9538,-0.49942,6.9867,7.338417,-0.3517167
887.4544,887.9539,-0.49947,6.9867,6.684167,0.3025333
887.4544,887.9539,-0.49951,6.9867,7.37395,-0.38725
887.4544,887.954,-0.49956,6.9867,7.20465,-0.21795
887.4544,887.954,-0.49961,6.9867,7.263167,-0.2764667
887.4544,887.9541,-0.49969,6.9867,7.327967,-0.3412667
887.4544,887.9541,-0.4997,6.9867,7.3217,-0.335
887.4544,887.9541,-0.4997,6.9867,7.35095,-0.36425
887.4544,887.9541,-0.49971,6.9867,7.334233,-0.3475333
887.4544,887.9541,-0.49972,6.9867,6.8765,0.1102
887.4544,887.9543,-0.49989,6.9867,7.344683,-0.3579833
887.4544,887.9543,-0.49991,6.9867,7.26945,-0.28275
887.4544,887.9543,-0.49992,6.9867,6.878583,0.1081167
887.4544,887.9544,-0.5,6.9867,6.70715,0.27955
887.4544,887.9544,-0.50002,6.9867,6.661167,0.3255333
887.4544,887.9544,-0.50003,6.9867,6.6737,0.313
887.4544,887.9545,-0.50007,6.9867,7.244367,-0.2576667
887.4544,887.9545,-0.50013,6.9867,7.336333,-0.3496333
887.4544,887.9546,-0.5002,6.9867,7.296617,-0.3099167
887.4544,887.9546,-0.50021,6.9867,7.265267,-0.2785667
887.4544,887.9546,-0.50022,6.9867,7.252717,-0.2660167
887.4544,887.9547,-0.50028,6.9867,6.656983,0.3297167
887.4544,887.9547,-0.50028,6.9867,6.677883,0.3088167
887.4544,887.9547,-0.5003,6.9867,7.378133,-0.3914333
887.4544,887.9547,-0.50031,6.9867,6.66535,0.32135
887.4544,887.9547,-0.50035,6.9867,7.325883,-0.3391833
887.4544,887.9548,-0.50036,6.9867,6.849317,0.1373833
887.4544,887.9548,-0.50038,6.9867,6.8556,0.1311
887.4544,887.9548,-0.50038,6.9867,6.882767,0.1039333
887.4544,887.9548,-0.5004,6.9867,7.80665,-0.81995
887.4544,887.9548,-0.50044,6.9867,7.254817,-0.2681167
887.4544,887.9549,-0.50048,6.9867,7.28825,-0.30155
887.4544,887.9549,-0.50053,6.9867,7.258983,-0.2722833
887.4544,887.955,-0.50056,6.9867,7.359317,-0.3726167
887.4544,887.955,-0.50059,6.9867,7.1942,-0.2075
887.4544,887.955,-0.50059,6.9867,7.825467,-0.8387667
887.4544,887.955,-0.50063,6.9867,7.886083,-0.8993833
887.4544,887.9551,-0.50069,6.9867,7.87145,-0.88475
887.4544,887.9551,-0.5007,6.9867,6.679983,0.3067167
887.4544,887.9551,-0.50072,6.9867,7.2569,-0.2702
887.4544,887.9552,-0.50076,6.9867,6.719683,0.2670167
887.4544,887.9552,-0.50078,6.9867,7.875633,-0.8889333
887.4544,887.9552,-0.50079,6.9867,6.636083,0.3506167
887.4544,887.9552,-0.50082,6.9867,7.317517,-0.3308167
887.4544,887.9552,-0.50083,6.9867,6.711333,0.2753667
887.4544,887.9553,-0.50087,6.9867,6.64235,0.34435
887.4544,887.9553,-0.50087,6.9867,6.650717,0.3359833
887.4544,887.9553,-0.50087,6.9867,7.292433,-0.3057333
887.4544,887.9553,-0.50091,6.9867,6.6758,0.3109
887.4544,887.9553,-0.50094,6.9867,6.6549,0.3318
887.4544,887.9553,-0.50094,6.9867,7.275717,-0.2890167
887.4544,887.9554,-0.501,6.9867,7.281983,-0.2952833
887.4544,887.9554,-0.501,6.9867,7.323783,-0.3370833
887.4544,887.9554,-0.50102,6.9867,7.361417,-0.3747167
887.4544,887.9554,-0.50103,6.9867,7.33215,-0.34545
887.4544,887.9555,-0.50105,6.9867,7.273617,-0.2869167
887.4544,887.9555,-0.50106,6.9867,6.861867,0.1248333
887.4544,887.9555,-0.50111,6.9867,6.671617,0.3150833
887.4544,887.9555,-0.50111,6.9867,6.868133,0.1185667
887.4544,887.9555,-0.50113,6.9867,6.847233,0.1394667
887.4544,887.9556,-0.50115,6.9867,7.196283,-0.2095833
887.4544,887.9556,-0.50115,6.9867,7.865167,-0.8784667
887.4544,887.9556,-0.50116,6.9867,6.659083,0.3276167
887.4544,887.9556,-0.50117,6.9867,6.6967,0.29
887.4544,887.9556,-0.50117,6.9867,7.35305,-0.36635
887.4544,887.9556,-0.50119,6.9867,7.227633,-0.2409333
887.4544,887.9556,-0.50123,6.9867,6.429167,0.5575333
887.4544,887.9556,-0.50123,6.9867,7.206733,-0.2200333
887.4544,887.9556,-0.50123,6.9867,7.286167,-0.2994667
887.4544,887.9556,-0.50124,6.9867,7.2799,-0.2932
887.4544,887.9556,-0.50124,6.9867,7.459683,-0.4729833
887.4544,887.9556,-0.50125,6.9867,7.284067,-0.2973667
887.4544,887.9557,-0.50127,6.9867,7.271533,-0.2848333
887.4544,887.9557,-0.50127,6.9867,7.838,-0.8513
887.4544,887.9557,-0.50128,6.9867,7.31125,-0.32455
887.4544,887.9557,-0.50131,6.9867,6.725967,0.2607333
887.4544,887.9557,-0.50131,6.9867,7.777383,-0.7906833
887.4544,887.9557,-0.50133,6.9867,7.369767,-0.3830667
887.4544,887.9557,-0.50134,6.9867,7.238083,-0.2513833
887.4544,887.9557,-0.50135,6.9867,7.158667,-0.1719667
887.4544,887.9558,-0.50136,6.9867,6.815883,0.1708167
887.4544,887.9558,-0.50136,6.9867,7.114767,-0.1280667
887.4544,887.9558,-0.50138,6.9867,7.346783,-0.3600833
887.4544,887.9558,-0.50142,6.9867,7.432467,-0.4457667
887.4544,887.9558,-0.50142,6.9867,7.7753,-0.7886
887.4544,887.9558,-0.50143,6.9867,7.13985,-0.15315
887.4544,887.9559,-0.50145,6.9867,7.250633,-0.2639333
887.4544,887.9559,-0.50146,6.9867,6.734317,0.2523833
887.4544,887.9559,-0.50146,6.9867,7.125217,-0.1385167
887.4544,887.9559,-0.50147,6.9867,6.799167,0.1875333
887.4544,887.9559,-0.5015,6.9867,6.820067,0.1666333
887.4544,887.9559,-0.5015,6.9867,6.82215,0.16455
887.4544,887.9559,-0.5015,6.9867,7.110583,-0.1238833
887.4544,887.9559,-0.50154,6.9867,6.68625,0.30045
887.4544,887.9559,-0.50154,6.9867,7.261083,-0.2743833
887.4544,887.9559,-0.50154,6.9867,7.3008,-0.3141
887.4544,887.9559,-0.50154,6.9867,7.445017,-0.4583167
887.4544,887.956,-0.50157,6.9867,6.698783,0.2879167
887.4544,887.956,-0.50157,6.9867,7.30915,-0.32245
887.4544,887.956,-0.5016,6.9867,7.1085,-0.1218
887.4544,887.956,-0.5016,6.9867,7.82965,-0.84295
887.4544,887.956,-0.50161,6.9867,7.861,-0.8743
887.4544,887.956,-0.50162,6.9867,7.26735,-0.28065
887.4544,887.956,-0.50163,6.9867,7.61435,-0.62765
887.4544,887.956,-0.50164,6.9867,6.351817,0.6348833
887.4544,887.9561,-0.50166,6.9867,7.29035,-0.30365
887.4544,887.9561,-0.50166,6.9867,7.2987,-0.312
887.4544,887.9561,-0.50167,6.9867,6.66325,0.32345
887.4544,887.9561,-0.50167,6.9867,7.815017,-0.8283167
887.4544,887.9561,-0.50168,6.9867,7.2778,-0.2911
887.4544,887.9561,-0.50169,6.9867,7.568367,-0.5816667
887.4544,887.9561,-0.50171,6.9867,6.36855,0.61815
887.4544,887.9561,-0.50172,6.9867,7.219283,-0.2325833
887.4544,887.9561,-0.50173,6.9867,6.575467,0.4112333
887.4544,887.9561,-0.50173,6.9867,6.86395,0.12275
887.4544,887.9561,-0.50174,6.9867,6.784533,0.2021667
887.4544,887.9562,-0.50177,6.9867,7.187933,-0.2012333
887.4544,887.9562,-0.50178,6.9867,7.233917,-0.2472167
887.4544,887.9562,-0.50178,6.9867,7.3426,-0.3559
887.4544,887.9562,-0.50179,6.9867,7.4471,-0.4604
887.4544,887.9562,-0.5018,6.9867,6.688333,0.2983667
887.4544,887.9562,-0.5018,6.9867,6.851417,0.1352833
887.4544,887.9562,-0.50181,6.9867,6.638183,0.3485167
887.4544,887.9562,-0.50183,6.9867,7.376033,-0.3893333
887.4544,887.9562,-0.50185,6.9867,6.648633,0.3380667
887.4544,887.9562,-0.50185,6.9867,6.702967,0.2837333
887.4544,887.9562,-0.50185,6.9867,7.127317,-0.1406167
887.4544,887.9563,-0.50186,6.9867,6.41035,0.57635
887.4544,887.9563,-0.50186,6.9867,6.813783,0.1729167
887.4544,887.9563,-0.50188,6.9867,6.669533,0.3171667
887.4544,887.9563,-0.50188,6.9867,7.382317,-0.3956167
887.4544,887.9563,-0.50188,6.9867,7.537017,-0.5503167
887.4544,887.9563,-0.50189,6.9867,6.489767,0.4969333
887.4544,887.9563,-0.5019,6.9867,6.667433,0.3192667
887.4544,887.9563,-0.5019,6.9867,7.104317,-0.1176167
887.4544,887.9563,-0.50191,6.9867,6.395717,0.5909833
887.4544,887.9563,-0.50191,6.9867,6.640267,0.3464333
887.4544,887.9563,-0.50191,6.9867,7.365583,-0.3788833
887.4544,887.9563,-0.50191,6.9867,7.758583,-0.7718833
887.4544,887.9563,-0.50192,6.9867,6.529483,0.4572167
887.4544,887.9563,-0.50192,6.9867,7.093867,-0.1071667
887.4544,887.9563,-0.50192,6.9867,7.307067,-0.3203667
887.4544,887.9563,-0.50193,6.9867,6.86605,0.12065
887.4544,887.9563,-0.50193,6.9867,7.190017,-0.2033167
887.4544,887.9563,-0.50194,6.9867,6.270317,0.7163833
887.4544,887.9564,-0.50195,6.9867,7.0876,-0.1009
887.4544,887.9564,-0.50195,6.9867,7.1503,-0.1636
887.4544,887.9564,-0.50195,6.9867,7.7544,-0.7677
887.4544,887.9564,-0.50198,6.9867,6.765667,0.2210333
887.4544,887.9564,-0.50199,6.9867,7.735583,-0.7488833
887.4544,887.9564,-0.502,6.9867,6.694617,0.2920833
887.4544,887.9564,-0.502,6.9867,7.528667,-0.5419667
887.4544,887.9564,-0.50203,6.9867,7.835917,-0.8492167
887.4544,887.9564,-0.50204,6.9867,7.794117,-0.8074167
887.4544,887.9565,-0.50205,6.9867,6.763583,0.2231167
887.4544,887.9565,-0.50206,6.9867,6.792883,0.1938167
887.4544,887.9565,-0.50209,6.9867,6.577567,0.4091333
887.4544,887.9565,-0.50209,6.9867,6.794983,0.1917167
887.4544,887.9565,-0.50209,6.9867,7.102233,-0.1155333
887.4544,887.9565,-0.5021,6.9867,6.807517,0.1791833
887.4544,887.9565,-0.5021,6.9867,7.409483,-0.4227833
887.4544,887.9565,-0.50211,6.9867,6.767767,0.2189333
887.4544,887.9565,-0.50212,6.9867,6.7824,0.2043
887.4544,887.9565,-0.50213,6.9867,7.304967,-0.3182667
887.4544,887.9565,-0.50214,6.9867,6.404083,0.5826167
887.4544,887.9565,-0.50214,6.9867,6.5253,0.4614
887.4544,887.9565,-0.50215,6.9867,6.705067,0.2816333
887.4544,887.9566,-0.50216,6.9867,6.840967,0.1457333
887.4544,887.9566,-0.50216,6.9867,6.84305,0.14365
887.4544,887.9566,-0.50217,6.9867,7.622717,-0.6360167
887.4544,887.9566,-0.50218,6.9867,7.85055,-0.86385
887.4544,887.9566,-0.50219,6.9867,6.43125,0.55545
887.4544,887.9566,-0.50219,6.9867,7.3196,-0.3329
887.4544,887.9566,-0.50219,6.9867,7.792017,-0.8053167
887.4544,887.9566,-0.5022,6.9867,6.803333,0.1833667
887.4544,887.9566,-0.50221,6.9867,7.167017,-0.1803167
887.4544,887.9566,-0.50223,6.9867,7.242267,-0.2555667
887.4544,887.9566,-0.50223,6.9867,7.844267,-0.8575667
887.4544,887.9566,-0.50225,6.9867,7.302883,-0.3161833
887.4544,887.9567,-0.50226,6.9867,6.401983,0.5847167
887.4544,887.9567,-0.50226,6.9867,6.715517,0.2711833
887.4544,887.9567,-0.50227,6.9867,7.842183,-0.8554833
887.4544,887.9567,-0.50228,6.9867,7.4053,-0.4186
887.4544,887.9567,-0.5023,6.9867,6.60265,0.38405
887.4544,887.9567,-0.5023,6.9867,6.6319,0.3548
887.4544,887.9567,-0.5023,6.9867,6.7406,0.2461
887.4544,887.9567,-0.5023,6.9867,7.41575,-0.42905
887.4544,887.9567,-0.50233,6.9867,6.6528,0.3339
887.4544,887.9567,-0.50233,6.9867,6.75105,0.23565
887.4544,887.9567,-0.50234,6.9867,7.357233,-0.3705333
887.4544,887.9568,-0.50235,6.9867,6.627717,0.3589833
887.4544,887.9568,-0.50235,6.9867,7.18375,-0.19705
887.4544,887.9568,-0.50235,6.9867,7.50985,-0.52315
887.4544,887.9568,-0.50236,6.9867,7.539117,-0.5524167
887.4544,887.9568,-0.50237,6.9867,6.439617,0.5470833
887.4544,887.9568,-0.50237,6.9867,7.4994,-0.5127
887.4544,887.9568,-0.50238,6.9867,6.690433,0.2962667
887.4544,887.9568,-0.50238,6.9867,6.776117,0.2105833
887.4544,887.9568,-0.50239,6.9867,7.348867,-0.3621667
887.4544,887.9568,-0.5024,6.9867,6.700883,0.2858167
887.4544,887.9568,-0.5024,6.9867,7.8798,-0.8931
887.4544,887.9568,-0.50242,6.9867,7.11895,-0.13225
887.4544,887.9568,-0.50243,6.9867,7.516117,-0.5294167
887.4544,887.9568,-0.50244,6.9867,6.51695,0.46975
887.4544,887.9568,-0.50244,6.9867,6.588017,0.3986833
887.4544,887.9569,-0.50245,6.9867,7.14195,-0.15525
887.4544,887.9569,-0.50245,6.9867,7.662433,-0.6757333
887.4544,887.9569,-0.50246,6.9867,6.291217,0.6954833
887.4544,887.9569,-0.50246,6.9867,6.732233,0.2544667
887.4544,887.9569,-0.50246,6.9867,7.800383,-0.8136833
887.4544,887.9569,-0.50247,6.9867,6.62145,0.36525
887.4544,887.9569,-0.50247,6.9867,6.824233,0.1624667
887.4544,887.9569,-0.50247,6.9867,7.315433,-0.3287333
887.4544,887.9569,-0.50247,6.9867,7.472233,-0.4855333
887.4544,887.9569,-0.50248,6.9867,6.412433,0.5742667
887.4544,887.9569,-0.50248,6.9867,6.723867,0.2628333
887.4544,887.9569,-0.50248,6.9867,6.8535,0.1332
887.4544,887.9569,-0.50249,6.9867,6.4647,0.522
887.4544,887.9569,-0.50249,6.9867,6.562933,0.4237667
887.4544,887.9569,-0.50249,6.9867,7.236,-0.2493
887.4544,887.9569,-0.5025,6.9867,7.802467,-0.8157667
887.4544,887.9569,-0.50251,6.9867,6.571283,0.4154167
887.4544,887.9569,-0.50252,6.9867,6.498133,0.4885667
887.4544,887.9569,-0.50253,6.9867,6.433333,0.5533667
887.4544,887.9569,-0.50253,6.9867,6.49605,0.49065
887.4544,887.9569,-0.50254,6.9867,6.45425,0.53245
887.4544,887.9569,-0.50254,6.9867,6.80125,0.18545
887.4544,887.9569,-0.50254,6.9867,7.683333,-0.6966333
887.4544,887.957,-0.50255,6.9867,6.4208,0.5659
887.4544,887.957,-0.50256,6.9867,7.294517,-0.3078167
887.4544,887.957,-0.5026,6.9867,6.774033,0.2126667
887.4544,887.957,-0.50261,6.9867,6.72805,0.25865
887.4544,887.957,-0.50261,6.9867,6.859767,0.1269333
887.4544,887.957,-0.50261,6.9867,7.766933,-0.7802333
887.4544,887.957,-0.50262,6.9867,6.581733,0.4049667
887.4544,887.957,-0.50262,6.9867,7.852633,-0.8659333
887.4544,887.957,-0.50264,6.9867,6.51485,0.47185
887.4544,887.957,-0.50264,6.9867,6.62355,0.36315
887.4544,887.957,-0.50264,6.9867,6.73015,0.25655
887.4544,887.957,-0.50265,6.9867,7.5412,-0.5545
887.4544,887.9571,-0.50266,6.9867,6.4417,0.545
887.4544,887.9571,-0.50267,6.9867,6.437517,0.5491833
887.4544,887.9571,-0.50267,6.9867,7.121033,-0.1343333
887.4544,887.9571,-0.50268,6.9867,7.371867,-0.3851667
887.4544,887.9571,-0.50268,6.9867,7.833817,-0.8471167
887.4544,887.9571,-0.50269,6.9867,6.721783,0.2649167
887.4544,887.9571,-0.50269,6.9867,7.208833,-0.2221333
887.4544,887.9571,-0.50269,6.9867,7.5642,-0.5775
887.4544,887.9571,-0.50271,6.9867,6.757317,0.2293833
887.4544,887.9571,-0.50271,6.9867,7.177483,-0.1907833
887.4544,887.9571,-0.50272,6.9867,6.312117,0.6745833
887.4544,887.9571,-0.50273,6.9867,6.372733,0.6139667
887.4544,887.9571,-0.50273,6.9867,7.240183,-0.2534833
887.4544,887.9571,-0.50274,6.9867,7.2151,-0.2284
887.4544,887.9571,-0.50275,6.9867,6.2285,0.7582
887.4544,887.9571,-0.50275,6.9867,6.560833,0.4258667
887.4544,887.9571,-0.50275,6.9867,6.646533,0.3401667
887.4544,887.9571,-0.50275,6.9867,7.403217,-0.4165167
887.4544,887.9571,-0.50275,6.9867,7.65825,-0.67155
887.4544,887.9572,-0.50276,6.9867,6.333017,0.6536833
887.4544,887.9572,-0.50276,6.9867,6.550383,0.4363167
887.4544,887.9572,-0.50276,6.9867,7.72095,-0.73425
887.4544,887.9572,-0.50278,6.9867,6.2494,0.7373
887.4544,887.9572,-0.50278,6.9867,6.4856,0.5011
887.4544,887.9572,-0.50278,6.9867,7.461783,-0.4750833
887.4544,887.9572,-0.50279,6.9867,6.205517,0.7811833
887.4544,887.9572,-0.50279,6.9867,7.3844,-0.3977
887.4544,887.9572,-0.5028,6.9867,6.736417,0.2502833
887.4544,887.9572,-0.50281,6.9867,6.215967,0.7707333
887.4544,887.9572,-0.50281,6.9867,6.880667,0.1060333
887.4544,887.9572,-0.50281,6.9867,7.112683,-0.1259833
887.4544,887.9572,-0.50282,6.9867,7.687517,-0.7008167
887.4544,887.9572,-0.50284,6.9867,6.709233,0.2774667
887.4544,887.9572,-0.50284,6.9867,6.828417,0.1582833
887.4544,887.9573,-0.50285,6.9867,6.341367,0.6453333
887.4544,887.9573,-0.50286,6.9867,7.399033,-0.4123333
887.4544,887.9573,-0.50287,6.9867,6.3581,0.6286
887.4544,887.9573,-0.50287,6.9867,6.521133,0.4655667
887.4544,887.9573,-0.50287,6.9867,7.1294,-0.1427
887.4544,887.9573,-0.50287,6.9867,7.1712,-0.1845
887.4544,887.9573,-0.50287,6.9867,7.5203,-0.5336
887.4544,887.9573,-0.50288,6.9867,6.211783,0.7749167
887.4544,887.9573,-0.50289,6.9867,6.203417,0.7832833
887.4544,887.9573,-0.50289,6.9867,7.1315,-0.1448
887.4544,887.9573,-0.5029,6.9867,6.349733,0.6369667
887.4544,887.9573,-0.5029,6.9867,7.672883,-0.6861833
887.4544,887.9573,-0.50291,6.9867,6.435433,0.5512667
887.4544,887.9573,-0.50291,6.9867,7.7314,-0.7447
887.4544,887.9573,-0.50291,6.9867,7.74395,-0.75725
887.4544,887.9573,-0.50292,6.9867,7.43875,-0.45205
887.4544,887.9573,-0.50293,6.9867,7.213,-0.2263
887.4544,887.9573,-0.50294,6.9867,6.381083,0.6056167
887.4544,887.9574,-0.50296,6.9867,6.502317,0.4843833
887.4544,887.9574,-0.50296,6.9867,6.512767,0.4739333
887.4544,887.9574,-0.50296,6.9867,6.872317,0.1143833
887.4544,887.9574,-0.50296,6.9867,7.779483,-0.7927833
887.4544,887.9574,-0.50296,6.9867,7.84845,-0.86175
887.4544,887.9574,-0.50297,6.9867,6.234783,0.7519167
887.4544,887.9574,-0.50298,6.9867,6.57965,0.40705
887.4544,887.9574,-0.50298,6.9867,6.608917,0.3777833
887.4544,887.9574,-0.50298,6.9867,6.64445,0.34225
887.4544,887.9574,-0.50298,6.9867,7.175383,-0.1886833
887.4544,887.9574,-0.50299,6.9867,7.137767,-0.1510667
887.4544,887.9574,-0.503,6.9867,6.5692,0.4175
887.4544,887.9574,-0.503,6.9867,6.583833,0.4028667
887.4544,887.9574,-0.50302,6.9867,6.487683,0.4990167
887.4544,887.9574,-0.50302,6.9867,6.596367,0.3903333
887.4544,887.9574,-0.50302,6.9867,7.59555,-0.60885
887.4544,887.9574,-0.50304,6.9867,6.634,0.3527
887.4544,887.9574,-0.50304,6.9867,7.6269,-0.6402
887.4544,887.9574,-0.50305,6.9867,6.414533,0.5721667
887.4544,887.9574,-0.50305,6.9867,7.135667,-0.1489667
887.4544,887.9575,-0.50306,6.9867,6.330917,0.6557833
887.4544,887.9575,-0.50306,6.9867,6.753133,0.2335667
887.4544,887.9575,-0.50307,6.9867,6.817967,0.1687333
887.4544,887.9575,-0.50307,6.9867,6.834683,0.1520167
887.4544,887.9575,-0.50308,6.9867,6.7615,0.2252
887.4544,887.9575,-0.5031,6.9867,6.5922,0.3945
887.4544,887.9575,-0.5031,6.9867,7.589267,-0.6025667
887.4544,887.9575,-0.50311,6.9867,6.45215,0.53455
887.4544,887.9575,-0.50311,6.9867,6.778217,0.2084833
887.4544,887.9575,-0.50312,6.9867,7.1733,-0.1866
887.4544,887.9575,-0.50312,6.9867,7.4764,-0.4897
887.4544,887.9575,-0.50312,6.9867,7.48685,-0.50015
887.4544,887.9575,-0.50313,6.9867,7.670783,-0.6840833
887.4544,887.9575,-0.50315,6.9867,6.477233,0.5094667
887.4544,887.9575,-0.50315,6.9867,6.713417,0.2732833
887.4544,887.9576,-0.50316,6.9867,6.424983,0.5617167
887.4544,887.9576,-0.50316,6.9867,6.466783,0.5199167
887.4544,887.9576,-0.50316,6.9867,6.8744,0.1123
887.4544,887.9576,-0.50316,6.9867,7.511933,-0.5252333
887.4544,887.9576,-0.50316,6.9867,7.61645,-0.62975
887.4544,887.9576,-0.50317,6.9867,6.370633,0.6160667
887.4544,887.9576,-0.50318,6.9867,6.374817,0.6118833
887.4544,887.9576,-0.50318,6.9867,6.836783,0.1499167
887.4544,887.9576,-0.50318,6.9867,7.229733,-0.2430333
887.4544,887.9576,-0.50318,6.9867,7.725133,-0.7384333
887.4544,887.9576,-0.50318,6.9867,7.821283,-0.8345833
887.4544,887.9576,-0.50319,6.9867,6.28285,0.70385
887.4544,887.9576,-0.50319,6.9867,7.495217,-0.5085167
887.4544,887.9576,-0.5032,6.9867,6.19715,0.78955
887.4544,887.9576,-0.5032,6.9867,6.606817,0.3798833
887.4544,887.9576,-0.50321,6.9867,6.53785,0.44885
887.4544,887.9576,-0.50321,6.9867,7.144033,-0.1573333
887.4544,887.9576,-0.50322,6.9867,6.23895,0.74775
887.4544,887.9576,-0.50322,6.9867,6.25985,0.72685
887.4544,887.9576,-0.50322,6.9867,6.38945,0.59725
887.4544,887.9576,-0.50322,6.9867,7.313333,-0.3266333
887.4544,887.9576,-0.50323,6.9867,6.266133,0.7205667
887.4544,887.9576,-0.50324,6.9867,6.30375,0.68295
887.4544,887.9576,-0.50325,6.9867,6.567117,0.4195833
887.4544,887.9576,-0.50325,6.9867,7.424117,-0.4374167
887.4544,887.9577,-0.50326,6.9867,6.322567,0.6641333
887.4544,887.9577,-0.50327,6.9867,6.3351,0.6516
887.4544,887.9577,-0.50327,6.9867,6.826333,0.1603667
887.4544,887.9577,-0.50328,6.9867,6.34765,0.63905
887.4544,887.9577,-0.50328,6.9867,6.76985,0.21685
887.4544,887.9577,-0.50329,6.9867,6.49395,0.49275
887.4544,887.9577,-0.50329,6.9867,7.570467,-0.5837667
887.4544,887.9577,-0.5033,6.9867,7.7126,-0.7259
887.4544,887.9577,-0.50331,6.9867,6.533667,0.4530333
887.4544,887.9577,-0.50331,6.9867,7.123133,-0.1364333
887.4544,887.9577,-0.50332,6.9867,6.2097,0.777
887.4544,887.9577,-0.50332,6.9867,7.3635,-0.3768
887.4544,887.9577,-0.50332,6.9867,7.367683,-0.3809833
887.4544,887.9577,-0.50334,6.9867,7.396933,-0.4102333
887.4544,887.9578,-0.50335,6.9867,7.1921,-0.2054
887.4544,887.9578,-0.50336,6.9867,6.180433,0.8062667
887.4544,887.9578,-0.50336,6.9867,6.3999,0.5868
887.4544,887.9578,-0.50336,6.9867,6.445883,0.5408167
887.4544,887.9578,-0.50336,6.9867,6.519033,0.4676667
887.4544,887.9578,-0.50336,6.9867,7.440833,-0.4541333
887.4544,887.9578,-0.50336,6.9867,7.587183,-0.6004833
887.4544,887.9578,-0.50337,6.9867,6.19925,0.78745
887.4544,887.9578,-0.50337,6.9867,6.201333,0.7853667
887.4544,887.9578,-0.50337,6.9867,7.198383,-0.2116833
887.4544,887.9578,-0.50338,6.9867,6.744767,0.2419333
887.4544,887.9578,-0.50339,6.9867,6.508583,0.4781167
887.4544,887.9578,-0.5034,6.9867,6.393633,0.5930667
887.4544,887.9578,-0.5034,6.9867,6.427067,0.5596333
887.4544,887.9578,-0.5034,6.9867,6.5483,0.4384
887.4544,887.9578,-0.50341,6.9867,6.786617,0.2000833
887.4544,887.9578,-0.50341,6.9867,7.442917,-0.4562167
887.4544,887.9578,-0.50341,6.9867,7.63735,-0.65065
887.4544,887.9578,-0.50342,6.9867,7.8589,-0.8722
887.4544,887.9578,-0.50343,6.9867,6.32675,0.65995
887.4544,887.9578,-0.50343,6.9867,6.460517,0.5261833
887.4544,887.9578,-0.50344,6.9867,6.232683,0.7540167
887.4544,887.9578,-0.50344,6.9867,6.305833,0.6808667
887.4544,887.9578,-0.50344,6.9867,6.343467,0.6432333
887.4544,887.9578,-0.50344,6.9867,6.755217,0.2314833
887.4544,887.9578,-0.50344,6.9867,7.09805,-0.11135
887.4544,887.9578,-0.50344,6.9867,7.380217,-0.3935167
887.4544,887.9579,-0.50345,6.9867,7.620633,-0.6339333
887.4544,887.9579,-0.50346,6.9867,6.2076,0.7791
887.4544,887.9579,-0.50346,6.9867,6.456333,0.5303667
887.4544,887.9579,-0.50346,6.9867,6.468867,0.5178333
887.4544,887.9579,-0.50346,6.9867,6.74895,0.23775
887.4544,887.9579,-0.50346,6.9867,7.555833,-0.5691333
887.4544,887.9579,-0.50347,6.9867,7.223467,-0.2367667
887.4544,887.9579,-0.50347,6.9867,7.4555,-0.4688
887.4544,887.9579,-0.50348,6.9867,6.339283,0.6474167
887.4544,887.9579,-0.50348,6.9867,6.391533,0.5951667
887.4544,887.9579,-0.50349,6.9867,7.518217,-0.5315167
887.4544,887.9579,-0.50351,6.9867,6.353917,0.6327833
887.4544,887.9579,-0.50351,6.9867,6.7385,0.2482
887.4544,887.9579,-0.50352,6.9867,6.310017,0.6766833
887.4544,887.9579,-0.50352,6.9867,6.544117,0.4425833
887.4544,887.9579,-0.50352,6.9867,7.148217,-0.1615167
887.4544,887.9579,-0.50352,6.9867,7.355133,-0.3684333
887.4544,887.9579,-0.50353,6.9867,6.7594,0.2273
887.4544,887.9579,-0.50354,6.9867,6.556667,0.4300333
887.4544,887.9579,-0.50354,6.9867,7.507767,-0.5210667
887.4544,887.9579,-0.50354,6.9867,7.769033,-0.7823333
887.4544,887.9579,-0.50355,6.9867,6.245233,0.7414667
887.4544,887.9579,-0.50355,6.9867,6.360183,0.6265167
887.4544,887.9579,-0.50355,6.9867,7.545383,-0.5586833
887.4544,887.958,-0.50356,6.9867,6.247317,0.7393833
887.4544,887.958,-0.50356,6.9867,6.276583,0.7101167
887.4544,887.958,-0.50356,6.9867,6.542033,0.4446667
887.4544,887.958,-0.50356,6.9867,7.666617,-0.6799167
887.4544,887.958,-0.50357,6.9867,6.17625,0.81045
887.4544,887.958,-0.50357,6.9867,7.169117,-0.1824167
887.4544,887.958,-0.50357,6.9867,7.695867,-0.7091667
887.4544,887.958,-0.50358,6.9867,6.5901,0.3966
887.4544,887.958,-0.50358,6.9867,7.484767,-0.4980667
887.4544,887.958,-0.50359,6.9867,6.47305,0.51365
887.4544,887.958,-0.50359,6.9867,7.434567,-0.4478667
887.4544,887.958,-0.50359,6.9867,7.543283,-0.5565833
887.4544,887.958,-0.5036,6.9867,7.831733,-0.8450333
887.4544,887.958,-0.50361,6.9867,6.192967,0.7937333
887.4544,887.958,-0.50361,6.9867,6.450067,0.5366333
887.4544,887.958,-0.50362,6.9867,6.422883,0.5638167
887.4544,887.958,-0.50362,6.9867,6.481417,0.5052833
887.4544,887.958,-0.50362,6.9867,6.805433,0.1812667
887.4544,887.958,-0.50362,6.9867,7.091783,-0.1050833
887.4544,887.958,-0.50362,6.9867,7.651983,-0.6652833
887.4544,887.958,-0.50363,6.9867,6.598467,0.3882333
887.4544,887.958,-0.50363,6.9867,6.830517,0.1561833
887.4544,887.958,-0.50364,6.9867,6.797067,0.1896333
887.4544,887.958,-0.50365,6.9867,6.107233,0.8794667
887.4544,887.958,-0.50365,6.9867,6.546217,0.4404833
887.4544,887.958,-0.50365,6.9867,6.55875,0.42795
887.4544,887.9581,-0.50366,6.9867,6.17835,0.80835
887.4544,887.9581,-0.50366,6.9867,6.301667,0.6850333
887.4544,887.9581,-0.50367,6.9867,6.617267,0.3694333
887.4544,887.9581,-0.50367,6.9867,6.7887,0.198
887.4544,887.9581,-0.50368,6.9867,6.408267,0.5784333
887.4544,887.9581,-0.50369,6.9867,6.236867,0.7498333
887.4544,887.9581,-0.50369,6.9867,6.5065,0.4802
887.4544,887.9581,-0.50369,6.9867,6.531583,0.4551167
887.4544,887.9581,-0.50369,6.9867,7.106417,-0.1197167
887.4544,887.9581,-0.50369,6.9867,7.154483,-0.1677833
887.4544,887.9581,-0.50369,6.9867,7.411567,-0.4248667
887.4544,887.9581,-0.5037,6.9867,6.379,0.6077
887.4544,887.9581,-0.5037,6.9867,7.505667,-0.5189667
887.4544,887.9581,-0.5037,6.9867,7.6687,-0.682
887.4544,887.9581,-0.5037,6.9867,7.714683,-0.7279833
887.4544,887.9581,-0.50371,6.9867,6.190883,0.7958167
887.4544,887.9581,-0.50371,6.9867,6.284933,0.7017667
887.4544,887.9581,-0.50372,6.9867,7.413667,-0.4269667
887.4544,887.9581,-0.50373,6.9867,6.24105,0.74565
887.4544,887.9581,-0.50373,6.9867,6.418717,0.5679833
887.4544,887.9581,-0.50373,6.9867,6.565017,0.4216833
887.4544,887.9581,-0.50374,6.9867,6.625633,0.3610667
887.4544,887.9581,-0.50374,6.9867,7.729317,-0.7426167
887.4544,887.9582,-0.50375,6.9867,6.38735,0.59935
887.4544,887.9582,-0.50375,6.9867,6.47515,0.51155
887.4544,887.9582,-0.50375,6.9867,7.854717,-0.8680167
887.4544,887.9582,-0.50376,6.9867,6.255683,0.7310167
887.4544,887.9582,-0.50376,6.9867,7.739767,-0.7530667
887.4544,887.9582,-0.50378,6.9867,6.594283,0.3924167
887.4544,887.9582,-0.50378,6.9867,6.746867,0.2398333
887.4544,887.9582,-0.50379,6.9867,6.364367,0.6223333
887.4544,887.9582,-0.50379,6.9867,7.633167,-0.6464667
887.4544,887.9582,-0.5038,6.9867,6.32465,0.66205
887.4544,887.9582,-0.5038,6.9867,6.510683,0.4760167
887.4544,887.9582,-0.5038,6.9867,7.22555,-0.23885
887.4544,887.9582,-0.50381,6.9867,6.224333,0.7623667
887.4544,887.9582,-0.50381,6.9867,6.320467,0.6662333
887.4544,887.9582,-0.50384,6.9867,7.4973,-0.5106
887.4544,887.9583,-0.50385,6.9867,6.447967,0.5387333
887.4544,887.9583,-0.50385,6.9867,7.18165,-0.19495
887.4544,887.9583,-0.50385,6.9867,7.72305,-0.73635
887.4544,887.9583,-0.50388,6.9867,6.26195,0.72475
887.4544,887.9583,-0.50388,6.9867,6.8117,0.175
887.4544,887.9583,-0.50388,6.9867,7.560017,-0.5733167
887.4544,887.9583,-0.50389,6.9867,7.4785,-0.4918
887.4544,887.9583,-0.50389,6.9867,7.681233,-0.6945333
887.4544,887.9583,-0.5039,6.9867,6.278667,0.7080333
887.4544,887.9583,-0.5039,6.9867,6.383183,0.6035167
887.4544,887.9583,-0.50391,6.9867,7.606,-0.6193
887.4544,887.9583,-0.50391,6.9867,7.756483,-0.7697833
887.4544,887.9583,-0.50392,6.9867,6.53575,0.45095
887.4544,887.9583,-0.50392,6.9867,6.60055,0.38615
887.4544,887.9583,-0.50392,6.9867,7.388583,-0.4018833
887.4544,887.9583,-0.50392,6.9867,7.697967,-0.7112667
887.4544,887.9583,-0.50393,6.9867,6.280767,0.7059333
887.4544,887.9583,-0.50393,6.9867,6.362283,0.6244167
887.4544,887.9583,-0.50394,6.9867,6.253583,0.7331167
887.4544,887.9583,-0.50394,6.9867,6.443783,0.5429167
887.4544,887.9583,-0.50394,6.9867,7.116867,-0.1301667
887.4544,887.9584,-0.50396,6.9867,6.109333,0.8773667
887.4544,887.9584,-0.50397,6.9867,6.1658,0.8209
887.4544,887.9584,-0.50397,6.9867,6.1888,0.7979
887.4544,887.9584,-0.50397,6.9867,6.34555,0.64115
887.4544,887.9584,-0.50397,6.9867,6.77195,0.21475
887.4544,887.9584,-0.50397,6.9867,7.41785,-0.43115
887.4544,887.9584,-0.50398,6.9867,6.2306,0.7561
887.4544,887.9584,-0.50398,6.9867,6.2515,0.7352
887.4544,887.9584,-0.50399,6.9867,6.611,0.3757
887.4544,887.9584,-0.50399,6.9867,7.221367,-0.2346667
887.4544,887.9584,-0.50399,6.9867,7.810833,-0.8241333
887.4544,887.9584,-0.504,6.9867,7.24645,-0.25975
887.4544,887.9584,-0.50401,6.9867,7.760667,-0.7739667
887.4544,887.9584,-0.50402,6.9867,6.7176,0.2691
887.4544,887.9584,-0.50403,6.9867,6.3769,0.6098
887.4544,887.9584,-0.50404,6.9867,6.10305,0.88365
887.4544,887.9584,-0.50405,6.9867,6.328833,0.6578667
887.4544,887.9584,-0.50405,6.9867,6.3372,0.6495
887.4544,887.9584,-0.50405,6.9867,7.7962,-0.8095
887.4544,887.9585,-0.50406,6.9867,7.6917,-0.705
887.4544,887.9585,-0.50407,6.9867,7.217183,-0.2304833
887.4544,887.9585,-0.50407,6.9867,7.549567,-0.5628667
887.4544,887.9585,-0.50407,6.9867,7.601817,-0.6151167
887.4544,887.9585,-0.50408,6.9867,6.268217,0.7184833
887.4544,887.9585,-0.50408,6.9867,7.501483,-0.5147833
887.4544,887.9585,-0.50408,6.9867,7.716767,-0.7300667
887.4544,887.9585,-0.50409,6.9867,6.151167,0.8355333
887.4544,887.9585,-0.50409,6.9867,6.274483,0.7122167
887.4544,887.9585,-0.50409,6.9867,6.287033,0.6996667
887.4544,887.9585,-0.50409,6.9867,6.479317,0.5073833
887.4544,887.9585,-0.50409,6.9867,7.812917,-0.8262167
887.4544,887.9585,-0.5041,6.9867,6.264033,0.7226667
887.4544,887.9585,-0.5041,6.9867,6.4835,0.5032
887.4544,887.9585,-0.5041,6.9867,7.522383,-0.5356833
887.4544,887.9585,-0.50411,6.9867,6.195067,0.7916333
887.4544,887.9585,-0.50412,6.9867,6.174167,0.8125333
887.4544,887.9585,-0.50412,6.9867,7.57465,-0.58795
887.4544,887.9585,-0.50412,6.9867,7.610183,-0.6234833
887.4544,887.9585,-0.50413,6.9867,6.3163,0.6704
887.4544,887.9585,-0.50413,6.9867,6.470967,0.5157333
887.4544,887.9585,-0.50413,6.9867,7.133583,-0.1468833
887.4544,887.9585,-0.50413,6.9867,7.392767,-0.4060667
887.4544,887.9585,-0.50414,6.9867,6.3142,0.6725
887.4544,887.9586,-0.50416,6.9867,6.385267,0.6014333
887.4544,887.9586,-0.50417,6.9867,7.474317,-0.4876167
887.4544,887.9586,-0.50418,6.9867,7.43665,-0.44995
887.4544,887.9586,-0.50419,6.9867,6.539933,0.4467667
887.4544,887.9586,-0.50419,6.9867,7.5621,-0.5754
887.4544,887.9586,-0.5042,6.9867,6.1156,0.8711
887.4544,887.9586,-0.5042,6.9867,6.1867,0.8
887.4544,887.9586,-0.50421,6.9867,6.5274,0.4593
887.4544,887.9586,-0.50422,6.9867,7.5851,-0.5984
887.4544,887.9586,-0.50423,6.9867,6.213867,0.7728333
887.4544,887.9586,-0.50423,6.9867,6.523217,0.4634833
887.4544,887.9586,-0.50423,6.9867,6.619367,0.3673333
887.4544,887.9586,-0.50424,6.9867,7.146117,-0.1594167
887.4544,887.9587,-0.50425,6.9867,6.128183,0.8585167
887.4544,887.9587,-0.50425,6.9867,6.161617,0.8250833
887.4544,887.9587,-0.50425,6.9867,6.573383,0.4133167
887.4544,887.9587,-0.50426,6.9867,6.10515,0.88155
887.4544,887.9587,-0.50426,6.9867,7.48895,-0.50225
887.4544,887.9587,-0.50427,6.9867,6.146983,0.8397167
887.4544,887.9587,-0.50427,6.9867,6.554567,0.4321333
887.4544,887.9587,-0.50428,6.9867,7.704233,-0.7175333
887.4544,887.9587,-0.50429,6.9867,6.138633,0.8480667
887.4544,887.9587,-0.50429,6.9867,7.547467,-0.5607667
887.4544,887.9587,-0.50431,6.9867,6.297483,0.6892167
887.4544,887.9587,-0.50431,6.9867,7.514033,-0.5273333
887.4544,887.9587,-0.50433,6.9867,7.39485,-0.40815
887.4544,887.9587,-0.50434,6.9867,6.163717,0.8229833
887.4544,887.9587,-0.50434,6.9867,6.36645,0.62025
887.4544,887.9587,-0.50434,6.9867,7.649883,-0.6631833
887.4544,887.9588,-0.50436,6.9867,6.100967,0.8857333
887.4544,887.9588,-0.50436,6.9867,6.289117,0.6975833
887.4544,887.9588,-0.50436,6.9867,7.532833,-0.5461333
887.4544,887.9588,-0.50436,6.9867,7.783667,-0.7969667
887.4544,887.9588,-0.50437,6.9867,6.13445,0.85225
887.4544,887.9588,-0.50437,6.9867,6.356,0.6307
887.4544,887.9588,-0.50437,6.9867,6.6131,0.3736
887.4544,887.9588,-0.50439,6.9867,6.167883,0.8188167
887.4544,887.9588,-0.50439,6.9867,6.615183,0.3715167
887.4544,887.9588,-0.5044,6.9867,6.22015,0.76655
887.4544,887.9588,-0.5044,6.9867,7.089683,-0.1029833
887.4544,887.9588,-0.50442,6.9867,6.299567,0.6871333
887.4544,887.9588,-0.50442,6.9867,7.493133,-0.5064333
887.4544,887.9588,-0.50443,6.9867,7.390667,-0.4039667
887.4544,887.9588,-0.50443,6.9867,7.4262,-0.4395
887.4544,887.9589,-0.50449,6.9867,6.604733,0.3819667
887.4544,887.9589,-0.50449,6.9867,7.156567,-0.1698667
887.4544,887.9589,-0.5045,6.9867,6.124,0.8627
887.4544,887.9589,-0.50451,6.9867,6.809617,0.1770833
887.4544,887.9589,-0.50453,6.9867,6.0926,0.8941
887.4544,887.9589,-0.50453,6.9867,6.4626,0.5241
887.4544,887.9589,-0.50454,6.9867,7.210917,-0.2242167
887.4544,887.959,-0.50457,6.9867,6.130267,0.8564333
887.4544,887.959,-0.50457,6.9867,6.132367,0.8543333
887.4544,887.959,-0.50457,6.9867,7.618533,-0.6318333
887.4544,887.959,-0.50457,6.9867,7.708417,-0.7217167
887.4544,887.959,-0.50458,6.9867,6.552483,0.4342167
887.4544,887.959,-0.50458,6.9867,7.6478,-0.6611
887.4544,887.959,-0.50458,6.9867,7.693783,-0.7070833
887.4544,887.959,-0.50458,6.9867,7.787833,-0.8011333
887.4544,887.959,-0.50459,6.9867,6.172067,0.8146333
887.4544,887.959,-0.50459,6.9867,7.55375,-0.56705
887.4544,887.959,-0.5046,6.9867,6.21805,0.76865
887.4544,887.959,-0.5046,6.9867,7.491033,-0.5043333
887.4544,887.959,-0.50461,6.9867,7.57255,-0.58585
887.4544,887.959,-0.50462,6.9867,7.798283,-0.8115833
887.4544,887.959,-0.50463,6.9867,6.226417,0.7602833
887.4544,887.959,-0.50463,6.9867,6.500233,0.4864667
887.4544,887.959,-0.50464,6.9867,6.15535,0.83135
887.4544,887.959,-0.50464,6.9867,7.463867,-0.4771667
887.4544,887.9591,-0.50466,6.9867,6.1219,0.8648
887.4544,887.9591,-0.50466,6.9867,6.318383,0.6683167
887.4544,887.9591,-0.50466,6.9867,7.231817,-0.2451167
887.4544,887.9591,-0.50467,6.9867,6.153267,0.8334333
887.4544,887.9591,-0.50468,6.9867,6.136533,0.8501667
887.4544,887.9591,-0.50468,6.9867,7.645717,-0.6590167
887.4544,887.9591,-0.50469,6.9867,7.20255,-0.21585
887.4544,887.9591,-0.5047,6.9867,6.0947,0.892
887.4544,887.9591,-0.50471,6.9867,6.098883,0.8878167
887.4544,887.9591,-0.50471,6.9867,6.2724,0.7143
887.4544,887.9591,-0.50472,6.9867,6.416617,0.5700833
887.4544,887.9591,-0.50473,6.9867,6.491867,0.4948333
887.4544,887.9591,-0.50473,6.9867,7.808733,-0.8220333
887.4544,887.9591,-0.50474,6.9867,7.877717,-0.8910167
887.4544,887.9592,-0.50475,6.9867,6.119817,0.8668833
887.4544,887.9592,-0.50475,6.9867,7.78575,-0.79905
887.4544,887.9592,-0.50477,6.9867,6.307933,0.6787667
887.4544,887.9592,-0.5048,6.9867,7.643617,-0.6569167
887.4544,887.9592,-0.50481,6.9867,7.16285,-0.17615
887.4544,887.9592,-0.50483,6.9867,6.8326,0.1541
887.4544,887.9592,-0.50483,6.9867,7.591367,-0.6046667
887.4544,887.9592,-0.50484,6.9867,6.117733,0.8689667
887.4544,887.9593,-0.50486,6.9867,7.597633,-0.6109333
887.4544,887.9593,-0.50487,6.9867,7.46805,-0.48135
887.4544,887.9593,-0.50488,6.9867,7.706317,-0.7196167
887.4544,887.9593,-0.50489,6.9867,6.3978,0.5889
887.4544,887.9593,-0.50489,6.9867,6.585917,0.4007833
887.4544,887.9593,-0.50489,6.9867,7.8171,-0.8304
887.4544,887.9593,-0.5049,6.9867,7.74185,-0.75515
887.4544,887.9593,-0.50491,6.9867,6.838867,0.1478333
887.4544,887.9593,-0.50492,6.9867,6.406167,0.5805333
887.4544,887.9593,-0.50493,6.9867,7.789933,-0.8032333
887.4544,887.9593,-0.50494,6.9867,6.222233,0.7644667
887.4544,887.9593,-0.50495,6.9867,6.182517,0.8041833
887.4544,887.9593,-0.50495,6.9867,6.458417,0.5282833
887.4544,887.9593,-0.50495,6.9867,7.656167,-0.6694667
887.4544,887.9594,-0.50496,6.9867,7.674967,-0.6882667
887.4544,887.9594,-0.50497,6.9867,7.578817,-0.5921167
887.4544,887.9594,-0.50498,6.9867,6.629817,0.3568833
887.4544,887.9594,-0.50499,6.9867,6.1135,0.8732
887.4544,887.9594,-0.50499,6.9867,6.184617,0.8020833
887.4544,887.9594,-0.50499,6.9867,7.557917,-0.5712167
887.4544,887.9594,-0.50499,6.9867,7.654067,-0.6673667
887.4544,887.9594,-0.50501,6.9867,7.580917,-0.5942167
887.4544,887.9594,-0.50501,6.9867,7.685417,-0.6987167
887.4544,887.9594,-0.50501,6.9867,7.823367,-0.8366667
887.4544,887.9594,-0.50502,6.9867,6.243133,0.7435667
887.4544,887.9594,-0.50503,6.9867,7.608083,-0.6213833
887.4544,887.9594,-0.50504,6.9867,7.873533,-0.8868333
887.4544,887.9594,-0.50505,6.9867,6.096783,0.8899167
887.4544,887.9595,-0.50506,6.9867,6.111417,0.8752833
887.4544,887.9595,-0.50506,6.9867,7.70005,-0.71335
887.4544,887.9595,-0.50506,6.9867,7.856817,-0.8701167
887.4544,887.9595,-0.50509,6.9867,6.140717,0.8459833
887.4544,887.9595,-0.50509,6.9867,7.883983,-0.8972833
887.4544,887.9595,-0.5051,6.9867,6.159533,0.8271667
887.4544,887.9595,-0.5051,6.9867,6.2933,0.6934
887.4544,887.9595,-0.5051,6.9867,7.4074,-0.4207
887.4544,887.9595,-0.5051,6.9867,7.53075,-0.54405
887.4544,887.9595,-0.50512,6.9867,7.4283,-0.4416
887.4544,887.9595,-0.50513,6.9867,7.59345,-0.60675
887.4544,887.9595,-0.50513,6.9867,7.846367,-0.8596667
887.4544,887.9596,-0.50515,6.9867,7.470133,-0.4834333
887.4544,887.9596,-0.50516,6.9867,6.157433,0.8292667
887.4544,887.9596,-0.50516,6.9867,7.503583,-0.5168833
887.4544,887.9596,-0.50516,6.9867,7.6039,-0.6172
887.4544,887.9596,-0.50517,6.9867,7.422017,-0.4353167
887.4544,887.9596,-0.50521,6.9867,7.100133,-0.1134333
887.4544,887.9596,-0.50522,6.9867,7.1524,-0.1657
887.4544,887.9596,-0.50524,6.9867,6.1449,0.8418
887.4544,887.9597,-0.50526,6.9867,6.5044,0.4823
887.4544,887.9597,-0.50527,6.9867,7.179567,-0.1928667
887.4544,887.9597,-0.50528,6.9867,7.748133,-0.7614333
887.4544,887.9597,-0.50529,6.9867,6.126083,0.8606167
887.4544,887.9597,-0.50529,6.9867,6.257767,0.7289333
887.4544,887.9597,-0.50531,6.9867,7.82755,-0.84085
887.4544,887.9597,-0.50532,6.9867,6.149083,0.8376167
887.4544,887.9597,-0.50533,6.9867,6.169983,0.8167167
887.4544,887.9597,-0.50534,6.9867,7.55165,-0.56495
887.4544,887.9597,-0.50535,6.9867,6.088433,0.8982667
887.4544,887.9598,-0.50537,6.9867,6.742683,0.2440167
887.4544,887.9598,-0.50538,6.9867,7.524483,-0.5377833
887.4544,887.9598,-0.5054,6.9867,7.6896,-0.7029
887.4544,887.9598,-0.50542,6.9867,7.8819,-0.8952
887.4544,887.9598,-0.50543,6.9867,7.401117,-0.4144167
887.4544,887.9598,-0.50543,6.9867,7.612267,-0.6255667
887.4544,887.9598,-0.50543,6.9867,7.7105,-0.7238
887.4544,887.9598,-0.50545,6.9867,7.480583,-0.4938833
887.4544,887.9599,-0.50549,6.9867,7.677067,-0.6903667
887.4544,887.9599,-0.50552,6.9867,7.576733,-0.5900333
887.4544,887.9599,-0.50553,6.9867,6.295383,0.6913167
887.4544,887.9599,-0.50554,6.9867,7.4492,-0.4625
887.4544,887.96,-0.50559,6.9867,7.737683,-0.7509833
887.4544,887.9601,-0.50566,6.9867,7.76275,-0.77605
887.4544,887.9601,-0.50567,6.9867,6.7803,0.2064
887.4544,887.9601,-0.50567,6.9867,7.76485,-0.77815
887.4544,887.9601,-0.50568,6.9867,7.7335,-0.7468
887.4544,887.9601,-0.50571,6.9867,7.718867,-0.7321667
887.4544,887.9601,-0.50573,6.9867,7.386483,-0.3997833
887.4544,887.9601,-0.50574,6.9867,7.641533,-0.6548333
887.4544,887.9601,-0.50575,6.9867,7.63525,-0.64855
887.4544,887.9602,-0.50577,6.9867,7.6248,-0.6381
887.4544,887.9602,-0.5058,6.9867,6.7908,0.1959
887.4544,887.9602,-0.5058,6.9867,7.200467,-0.2137667
887.4544,887.9602,-0.50582,6.9867,6.142817,0.8438833
887.4544,887.9602,-0.50583,6.9867,7.16075,-0.17405
887.4544,887.9602,-0.50584,6.9867,7.628983,-0.6422833
887.4544,887.9603,-0.50588,6.9867,7.664517,-0.6778167
887.4544,887.9603,-0.50589,6.9867,7.185833,-0.1991333
887.4544,887.9603,-0.50589,6.9867,7.67915,-0.69245
887.4544,887.9603,-0.50593,6.9867,7.660333,-0.6736333
887.4544,887.9603,-0.50593,6.9867,7.867267,-0.8805667
887.4544,887.9604,-0.50596,6.9867,7.164933,-0.1782333
887.4544,887.9604,-0.50598,6.9867,7.526567,-0.5398667
887.4544,887.9604,-0.506,6.9867,7.863083,-0.8763833
887.4544,887.9605,-0.50606,6.9867,7.599733,-0.6130333
887.4544,887.9605,-0.50606,6.9867,7.7523,-0.7656
887.4544,887.9605,-0.50613,6.9867,7.482683,-0.4959833
887.4544,887.9605,-0.50613,6.9867,7.7732,-0.7865
887.4544,887.9605,-0.50613,6.9867,7.804567,-0.8178667
887.4544,887.9606,-0.50616,6.9867,7.430383,-0.4436833
887.4544,887.9606,-0.50617,6.9867,7.534933,-0.5482333
887.4544,887.9606,-0.5062,6.9867,7.639433,-0.6527333
887.4544,887.9606,-0.50621,6.9867,7.771117,-0.7844167
887.4544,887.9606,-0.50624,6.9867,6.090517,0.8961833
887.4544,887.9607,-0.50626,6.9867,7.727217,-0.7405167
887.4544,887.9607,-0.50627,6.9867,7.819183,-0.8324833
887.4544,887.9608,-0.50637,6.9867,7.746033,-0.7593333
887.4544,887.9608,-0.50638,6.9867,7.46595,-0.47925
887.4544,887.9608,-0.50639,6.9867,7.583,-0.5963
887.4544,887.9609,-0.50649,6.9867,7.631083,-0.6443833
887.4544,887.9609,-0.5065,6.9867,7.70215,-0.71545
887.4544,887.961,-0.50664,6.9867,7.095967,-0.1092667
887.4544,887.9611,-0.50665,6.9867,7.750217,-0.7635167
887.4544,887.9613,-0.50689,6.9867,7.453417,-0.4667167
887.4544,887.9613,-0.5069,6.9867,7.451333,-0.4646333
887.4544,887.9614,-0.50698,6.9867,7.4576,-0.4709
887.4544,887.9615,-0.50708,6.9867,7.8401,-0.8534
887.4544,887.962,-0.50758,6.9867,7.86935,-0.88265
887.4544,887.9621,-0.5077,6.9867,7.419933,-0.4332333
887.4544,887.9622,-0.50777,6.9867,7.566283,-0.5795833
887.4544,887.9623,-0.50794,6.9867,7.781567,-0.7948667
887.4544,888.0584,-0.60405,6.9867,7.1712,-0.1845
887.4544,888.0627,-0.60828,6.9867,7.371867,-0.3851667
887.4544,888.0654,-0.61101,6.9867,6.51695,0.46975
887.4544,888.0658,-0.61138,6.9867,6.429167,0.5575333
887.4544,888.0678,-0.61337,6.9867,6.688333,0.2983667
887.4544,888.0691,-0.61471,6.9867,7.187933,-0.2012333
887.4544,888.0694,-0.61496,6.9867,6.458417,0.5282833
887.4544,888.0696,-0.6152,6.9867,6.5253,0.4614
887.4544,888.0701,-0.61567,6.9867,7.18375,-0.19705
887.4544,888.0707,-0.61627,6.9867,6.542033,0.4446667
887.4544,888.0713,-0.61686,6.9867,7.219283,-0.2325833
887.4544,888.0715,-0.6171,6.9867,7.169117,-0.1824167
887.4544,888.0716,-0.6172,6.9867,7.177483,-0.1907833
887.4544,888.0718,-0.61744,6.9867,6.47515,0.51155
887.4544,888.0719,-0.6175,6.9867,7.275717,-0.2890167
887.4544,888.0728,-0.61836,6.9867,6.682067,0.3046333
887.4544,888.073,-0.6186,6.9867,6.391533,0.5951667
887.4544,888.0732,-0.61876,6.9867,7.175383,-0.1886833
887.4544,888.0735,-0.61912,6.9867,7.271533,-0.2848333
887.4544,888.0747,-0.62028,6.9867,7.196283,-0.2095833
887.4544,888.0748,-0.62038,6.9867,7.190017,-0.2033167
887.4544,888.0753,-0.62089,6.9867,7.344683,-0.3579833
887.4544,888.0753,-0.62094,6.9867,6.2076,0.7791
887.4544,888.0758,-0.62144,6.9867,7.2151,-0.2284
887.4544,888.0761,-0.62174,6.9867,6.401983,0.5847167
887.4544,888.0766,-0.62216,6.9867,6.70715,0.27955
887.4544,888.0773,-0.62289,6.9867,6.343467,0.6432333
887.4544,888.0773,-0.62292,6.9867,6.725967,0.2607333
887.4544,888.0774,-0.62303,6.9867,6.661167,0.3255333
887.4544,888.0782,-0.6238,6.9867,7.167017,-0.1803167
887.4544,888.0787,-0.62429,6.9867,7.380217,-0.3935167
887.4544,888.0787,-0.62433,6.9867,7.179567,-0.1928667
887.4544,888.0789,-0.62447,6.9867,7.198383,-0.2116833
887.4544,888.079,-0.62456,6.9867,7.213,-0.2263
887.4544,888.08,-0.62559,6.9867,7.185833,-0.1991333
887.4544,888.0805,-0.62614,6.9867,7.35095,-0.36425
887.4544,888.081,-0.6266,6.9867,7.206733,-0.2200333
887.4544,888.081,-0.62661,6.9867,7.3405,-0.3538
887.4544,888.0814,-0.62696,6.9867,7.348867,-0.3621667
887.4544,888.0815,-0.62713,6.9867,7.20255,-0.21585
887.4544,888.0815,-0.62713,6.9867,7.210917,-0.2242167
887.4544,888.0815,-0.62715,6.9867,7.18165,-0.19495
887.4544,888.082,-0.62761,6.9867,7.33005,-0.34335
887.4544,888.0826,-0.62816,6.9867,7.33215,-0.34545
887.4544,888.083,-0.62861,6.9867,6.3978,0.5889
887.4544,888.0832,-0.62882,6.9867,7.336333,-0.3496333
887.4544,888.0834,-0.62905,6.9867,7.2799,-0.2932
887.4544,888.0835,-0.62913,6.9867,6.414533,0.5721667
887.4544,888.0836,-0.62924,6.9867,7.29035,-0.30365
887.4544,888.0844,-0.62998,6.9867,7.28825,-0.30155
887.4544,888.0845,-0.63006,6.9867,7.244367,-0.2576667
887.4544,888.0849,-0.63054,6.9867,6.339283,0.6474167
887.4544,888.085,-0.63062,6.9867,7.359317,-0.3726167
887.4544,888.085,-0.63063,6.9867,7.208833,-0.2221333
887.4544,888.0854,-0.63101,6.9867,6.577567,0.4091333
887.4544,888.0855,-0.63109,6.9867,7.1921,-0.2054
887.4544,888.0855,-0.63112,6.9867,7.313333,-0.3266333
887.4544,888.0856,-0.63117,6.9867,7.30915,-0.32245
887.4544,888.0856,-0.63123,6.9867,7.221367,-0.2346667
887.4544,888.0857,-0.63126,6.9867,7.20465,-0.21795
887.4544,888.0858,-0.63139,6.9867,7.217183,-0.2304833
887.4544,888.0858,-0.6314,6.9867,7.3426,-0.3559
887.4544,888.0859,-0.63153,6.9867,7.325883,-0.3391833
887.4544,888.0861,-0.63165,6.9867,6.310017,0.6766833
887.4544,888.0863,-0.63191,6.9867,7.3008,-0.3141
887.4544,888.0865,-0.63206,6.9867,7.286167,-0.2994667
887.4544,888.0865,-0.63215,6.9867,7.317517,-0.3308167
887.4544,888.0866,-0.63216,6.9867,6.6319,0.3548
887.4544,888.0866,-0.63218,6.9867,7.323783,-0.3370833
887.4544,888.0867,-0.63234,6.9867,7.302883,-0.3161833
887.4544,888.0868,-0.63242,6.9867,7.334233,-0.3475333
887.4544,888.0869,-0.63246,6.9867,6.7385,0.2482
887.4544,888.0869,-0.63252,6.9867,7.31125,-0.32455
887.4544,888.087,-0.63263,6.9867,7.315433,-0.3287333
887.4544,888.0877,-0.6333,6.9867,7.338417,-0.3517167
887.4544,888.0877,-0.63332,6.9867,6.847233,0.1394667
887.4544,888.0878,-0.63344,6.9867,7.3217,-0.335
887.4544,888.0882,-0.63378,6.9867,7.304967,-0.3182667
887.4544,888.0886,-0.63422,6.9867,7.327967,-0.3412667
887.4544,888.0887,-0.63426,6.9867,7.294517,-0.3078167
887.4544,888.0889,-0.63448,6.9867,6.636083,0.3506167
887.4544,888.089,-0.63456,6.9867,6.817967,0.1687333
887.4544,888.0892,-0.63484,6.9867,7.284067,-0.2973667
887.4544,888.0896,-0.63521,6.9867,7.307067,-0.3203667
887.4544,888.0896,-0.63522,6.9867,7.265267,-0.2785667
887.4544,888.0897,-0.63532,6.9867,6.36645,0.62025
887.4544,888.0898,-0.63545,6.9867,7.346783,-0.3600833
887.4544,888.0904,-0.63597,6.9867,7.292433,-0.3057333
887.4544,888.0905,-0.63614,6.9867,6.356,0.6307
887.4544,888.0908,-0.63643,6.9867,7.296617,-0.3099167
887.4544,888.091,-0.63662,6.9867,7.281983,-0.2952833
887.4544,888.0911,-0.63669,6.9867,6.702967,0.2837333
887.4544,888.0915,-0.6371,6.9867,7.3196,-0.3329
887.4544,888.0918,-0.63738,6.9867,6.583833,0.4028667
887.4544,888.092,-0.63764,6.9867,7.2987,-0.312
887.4544,888.0925,-0.63806,6.9867,7.200467,-0.2137667
887.4544,888.0928,-0.63838,6.9867,6.328833,0.6578667
887.4544,888.0933,-0.63895,6.9867,6.778217,0.2084833
887.4544,888.0937,-0.63931,6.9867,6.508583,0.4781167
887.4544,888.0947,-0.6403,6.9867,6.815883,0.1708167
887.4544,888.0948,-0.64039,6.9867,6.732233,0.2544667
887.4544,888.0964,-0.64197,6.9867,6.291217,0.6954833
887.4544,888.0964,-0.64198,6.9867,7.357233,-0.3705333
887.4544,888.0971,-0.64267,6.9867,6.510683,0.4760167
887.4544,888.0974,-0.64302,6.9867,6.746867,0.2398333
887.4544,888.0974,-0.64303,6.9867,6.295383,0.6913167
887.4544,888.0981,-0.64371,6.9867,6.341367,0.6453333
887.4544,888.0983,-0.6439,6.9867,6.34765,0.63905
887.4544,888.0989,-0.64446,6.9867,6.364367,0.6223333
887.4544,888.0991,-0.64468,6.9867,6.32465,0.66205
887.4544,888.0992,-0.64479,6.9867,6.838867,0.1478333
887.4544,888.0995,-0.64506,6.9867,6.721783,0.2649167
887.4544,888.0995,-0.6451,6.9867,6.360183,0.6265167
887.4544,888.0995,-0.6451,6.9867,6.546217,0.4404833
887.4544,888.1,-0.6456,6.9867,6.25985,0.72685
887.4544,888.1002,-0.64585,6.9867,6.64445,0.34225
887.4544,888.1008,-0.6464,6.9867,6.2494,0.7373
887.4544,888.101,-0.64656,6.9867,6.2306,0.7561
887.4544,888.1011,-0.64667,6.9867,6.489767,0.4969333
887.4544,888.1011,-0.64669,6.9867,6.6528,0.3339
887.4544,888.1014,-0.64697,6.9867,6.684167,0.3025333
887.4544,888.1018,-0.64738,6.9867,6.4626,0.5241
887.4544,888.1019,-0.64753,6.9867,6.736417,0.2502833
887.4544,888.102,-0.64762,6.9867,6.257767,0.7289333
887.4544,888.1022,-0.64776,6.9867,6.805433,0.1812667
887.4544,888.1022,-0.64778,6.9867,6.692517,0.2941833
887.4544,888.1024,-0.64802,6.9867,6.650717,0.3359833
887.4544,888.1027,-0.64828,6.9867,6.28285,0.70385
887.4544,888.1031,-0.64868,6.9867,7.2569,-0.2702
887.4544,888.1035,-0.64908,6.9867,6.287033,0.6996667
887.4544,888.1036,-0.64917,6.9867,6.247317,0.7393833
887.4544,888.1042,-0.64977,6.9867,6.322567,0.6641333
887.4544,888.1042,-0.64984,6.9867,6.253583,0.7331167
887.4544,888.1044,-0.65002,6.9867,6.15535,0.83135
887.4544,888.1045,-0.65007,6.9867,6.201333,0.7853667
887.4544,888.1046,-0.65017,6.9867,6.138633,0.8480667
887.4544,888.1046,-0.6502,6.9867,6.8326,0.1541
887.4544,888.1047,-0.65033,6.9867,6.333017,0.6536833
887.4544,888.1052,-0.65082,6.9867,6.215967,0.7707333
887.4544,888.1055,-0.65105,6.9867,6.82215,0.16455
887.4544,888.106,-0.65165,6.9867,6.560833,0.4258667
887.4544,888.1064,-0.65203,6.9867,6.255683,0.7310167
887.4544,888.1069,-0.65249,6.9867,6.301667,0.6850333
887.4544,888.1075,-0.65314,6.9867,6.491867,0.4948333
887.4544,888.1089,-0.65448,6.9867,6.234783,0.7519167
887.4544,888.1096,-0.65519,6.9867,6.533667,0.4530333
887.4544,888.1102,-0.6558,6.9867,6.146983,0.8397167
887.4544,888.1104,-0.65596,6.9867,6.23895,0.74775
887.4544,888.1106,-0.65621,6.9867,6.617267,0.3694333
887.4544,888.1117,-0.65728,6.9867,6.3163,0.6704
887.4544,888.1117,-0.6573,6.9867,6.470967,0.5157333
887.4544,888.1123,-0.65793,6.9867,6.870217,0.1164833
887.4544,888.1125,-0.65806,6.9867,6.45425,0.53245
887.4544,888.1125,-0.65809,6.9867,6.353917,0.6327833
887.4544,888.1145,-0.66007,6.9867,6.698783,0.2879167
887.4544,888.1159,-0.66153,6.9867,6.836783,0.1499167
887.4544,888.1171,-0.66271,6.9867,6.851417,0.1352833
887.4544,888.1172,-0.66276,6.9867,6.646533,0.3401667
887.4544,888.1197,-0.66526,6.9867,6.820067,0.1666333
887.4544,888.1201,-0.66569,6.9867,6.817967,0.1687333
887.4544,888.1206,-0.66621,6.9867,6.8556,0.1311
887.4544,888.1206,-0.66625,6.9867,6.830517,0.1561833
887.4544,888.1212,-0.66682,6.9867,6.840967,0.1457333
887.4544,888.122,-0.66763,6.9867,6.849317,0.1373833
887.4544,888.1223,-0.66793,6.9867,6.84305,0.14365
887.4544,888.1236,-0.66915,6.9867,6.66325,0.32345
887.4544,888.1268,-0.67245,6.9867,6.6131,0.3736
887.4544,888.1275,-0.67306,6.9867,6.8117,0.175
887.4544,888.1295,-0.67515,6.9867,7.227633,-0.2409333
887.4544,888.1332,-0.67885,6.9867,6.868133,0.1185667
887.4544,888.1386,-0.68417,6.9867,6.84515,0.14155
887.4544,888.1454,-0.69101,6.9867,6.236867,0.7498333
887.4544,888.1468,-0.69238,6.9867,6.2494,0.7373
887.4544,888.148,-0.69358,6.9867,7.187933,-0.2012333
887.4544,888.1541,-0.69967,6.9867,6.7615,0.2252
887.4544,888.1614,-0.70703,6.9867,6.8535,0.1332
887.4544,888.181,-0.72656,6.9867,6.828417,0.1582833
887.4544,888.1857,-0.73132,6.9867,6.307933,0.6787667
887.4544,888.2182,-0.76376,6.9867,6.2076,0.7791
887.4544,888.2214,-0.76699,6.9867,6.2097,0.777
887.4544,888.2218,-0.76743,6.9867,6.253583,0.7331167
887.4544,888.2225,-0.76812,6.9867,6.278667,0.7080333
887.4544,888.2229,-0.76846,6.9867,6.23895,0.74775
887.4544,888.2296,-0.77518,6.9867,7.2569,-0.2702
887.4544,888.265,-0.81057,6.9867,6.234783,0.7519167
887.4544,888.2721,-0.81767,6.9867,6.333017,0.6536833
887.4544,888.2898,-0.83539,6.9867,6.847233,0.1394667
887.4544,888.2905,-0.83609,6.9867,6.8556,0.1311
,,,,,
