965.1928,4.922,3034,,,
Mascot MZ,MassHunter MZ,MZ Difference,Mascot RT,MassHunter RT,RT Difference
965.1928,964.4231,0.76965,4.92205,4.57925,0.3428
965.1928,964.4262,0.76665,4.92205,4.562533,0.3595167
965.1928,964.4264,0.76636,4.92205,4.476833,0.4452167
965.1928,964.427,0.76584,4.92205,4.4413,0.48075
965.1928,964.4272,0.76564,4.92205,4.5688,0.35325
965.1928,964.4273,0.76552,4.92205,4.491467,0.4305833
965.1928,964.4283,0.76452,4.92205,4.439217,0.4828333
965.1928,964.4289,0.76392,4.92205,4.815483,0.1065667
965.1928,964.429,0.76377,4.92205,4.493567,0.4284833
965.1928,964.4291,0.7637,4.92205,4.531183,0.3908667
965.1928,964.4292,0.76364,4.92205,4.447583,0.4744667
965.1928,964.4292,0.76358,4.92205,4.512367,0.4096833
965.1928,964.4293,0.76355,4.92205,4.564633,0.3574167
965.1928,964.4293,0.76355,4.92205,4.566717,0.3553333
965.1928,964.4296,0.76319,4.92205,4.522817,0.3992333
965.1928,964.4297,0.76309,4.92205,4.43085,0.4912
965.1928,964.4297,0.76307,4.92205,4.487283,0.4347667
965.1928,964.4297,0.76306,4.92205,4.4225,0.49955
965.1928,964.4299,0.76294,4.92205,4.449667,0.4723833
965.1928,964.4301,0.76269,4.92205,4.55,0.37205
965.1928,964.4304,0.76243,4.92205,4.499833,0.4222167
965.1928,964.4306,0.76219,4.92205,4.428767,0.4932833
965.1928,964.4306,0.76217,4.92205,4.40995,0.5121
965.1928,964.4307,0.76212,4.92205,4.414133,0.5079167
965.1928,964.4307,0.7621,4.92205,4.575083,0.3469667
965.1928,964.431,0.76184,4.92205,4.585533,0.3365167
965.1928,964.431,0.76181,4.92205,4.278267,0.6437833
965.1928,964.4311,0.76172,4.92205,4.535367,0.3866833
965.1928,964.4312,0.76163,4.92205,4.41205,0.51
965.1928,964.4312,0.76158,4.92205,4.458033,0.4640167
965.1928,964.4313,0.76149,4.92205,4.286633,0.6354167
965.1928,964.4313,0.76146,4.92205,4.5479,0.37415
965.1928,964.4314,0.76143,4.92205,4.4204,0.50165
965.1928,964.4315,0.76133,4.92205,4.2741,0.64795
965.1928,964.4315,0.7613,4.92205,4.288733,0.6333167
965.1928,964.4315,0.76128,4.92205,4.478933,0.4431167
965.1928,964.4317,0.76114,4.92205,4.299183,0.6228667
965.1928,964.4317,0.76113,4.92205,4.424583,0.4974667
965.1928,964.4317,0.76112,4.92205,4.508183,0.4138667
965.1928,964.4317,0.76111,4.92205,4.497733,0.4243167
965.1928,964.4317,0.7611,4.92205,4.386967,0.5350833
965.1928,964.4317,0.76109,4.92205,4.403683,0.5183667
965.1928,964.4318,0.76103,4.92205,4.30335,0.6187
965.1928,964.4318,0.76097,4.92205,4.504017,0.4180333
965.1928,964.4319,0.7609,4.92205,4.3995,0.52255
965.1928,964.4319,0.76087,4.92205,4.384867,0.5371833
965.1928,964.4321,0.76075,4.92205,4.2929,0.62915
965.1928,964.4321,0.76069,4.92205,4.533267,0.3887833
965.1928,964.4321,0.76067,4.92205,4.38905,0.533
965.1928,964.4322,0.76062,4.92205,4.311717,0.6103333
965.1928,964.4322,0.7606,4.92205,4.4016,0.52045
965.1928,964.4322,0.7606,4.92205,4.543717,0.3783333
965.1928,964.4323,0.76054,4.92205,4.382783,0.5392667
965.1928,964.4323,0.76054,4.92205,4.5061,0.41595
965.1928,964.4323,0.76049,4.92205,4.28455,0.6375
965.1928,964.4323,0.76049,4.92205,4.370233,0.5518167
965.1928,964.4324,0.76038,4.92205,4.3577,0.56435
965.1928,964.4324,0.76036,4.92205,4.4643,0.45775
965.1928,964.4325,0.76035,4.92205,4.556267,0.3657833
965.1928,964.4325,0.76028,4.92205,4.393233,0.5288167
965.1928,964.4325,0.76028,4.92205,4.395317,0.5267333
965.1928,964.4325,0.76028,4.92205,4.466383,0.4556667
965.1928,964.4325,0.76026,4.92205,4.309633,0.6124167
965.1928,964.4325,0.76026,4.92205,4.374417,0.5476333
965.1928,964.4326,0.76024,4.92205,4.397417,0.5246333
965.1928,964.4326,0.76016,4.92205,4.334717,0.5873333
965.1928,964.4326,0.76015,4.92205,4.28245,0.6396
965.1928,964.4327,0.76014,4.92205,4.520733,0.4013167
965.1928,964.4327,0.76007,4.92205,4.3138,0.60825
965.1928,964.4327,0.76007,4.92205,4.366067,0.5559833
965.1928,964.4327,0.76006,4.92205,4.301267,0.6207833
965.1928,964.4328,0.76003,4.92205,4.295,0.62705
965.1928,964.4328,0.76003,4.92205,4.483117,0.4389333
965.1928,964.4328,0.76002,4.92205,4.4434,0.47865
965.1928,964.4328,0.75998,4.92205,4.514467,0.4075833
965.1928,964.4328,0.75997,4.92205,4.39115,0.5309
965.1928,964.4328,0.75996,4.92205,4.343067,0.5789833
965.1928,964.4329,0.75995,4.92205,4.426683,0.4953667
965.1928,964.4329,0.75994,4.92205,4.372333,0.5497167
965.1928,964.4329,0.75993,4.92205,4.351433,0.5706167
965.1928,964.4329,0.75991,4.92205,4.332617,0.5894333
965.1928,964.4329,0.75991,4.92205,4.355617,0.5664333
965.1928,964.4329,0.75989,4.92205,4.501917,0.4201333
965.1928,964.4329,0.75987,4.92205,4.290817,0.6312333
965.1928,964.433,0.75985,4.92205,4.363967,0.5580833
965.1928,964.433,0.75983,4.92205,4.53745,0.3846
965.1928,964.433,0.75981,4.92205,4.340983,0.5810667
965.1928,964.433,0.7598,4.92205,4.297083,0.6249667
965.1928,964.433,0.75979,4.92205,4.3368,0.58525
965.1928,964.4331,0.75974,4.92205,4.3159,0.60615
965.1928,964.4331,0.75971,4.92205,4.353517,0.5685333
965.1928,964.4331,0.75966,4.92205,4.554167,0.3678833
965.1928,964.4332,0.75963,4.92205,4.328433,0.5936167
965.1928,964.4332,0.75957,4.92205,4.56045,0.3616
965.1928,964.4332,0.75956,4.92205,4.307533,0.6145167
965.1928,964.4333,0.75955,4.92205,4.51865,0.4034
965.1928,964.4333,0.75953,4.92205,4.36815,0.5539
965.1928,964.4333,0.75951,4.92205,4.30545,0.6166
965.1928,964.4333,0.7595,4.92205,4.552083,0.3699667
965.1928,964.4334,0.75944,4.92205,4.359783,0.5622667
965.1928,964.4334,0.75941,4.92205,4.545817,0.3762333
965.1928,964.4334,0.75938,4.92205,4.53955,0.3825
965.1928,964.4335,0.75933,4.92205,4.345167,0.5768833
965.1928,964.4335,0.75931,4.92205,4.3786,0.54345
965.1928,964.4335,0.7593,4.92205,4.361883,0.5601667
965.1928,964.4335,0.75929,4.92205,4.317983,0.6040667
965.1928,964.4335,0.75926,4.92205,4.32425,0.5978
965.1928,964.4336,0.75919,4.92205,4.32635,0.5957
965.1928,964.4336,0.75919,4.92205,4.55835,0.3637
965.1928,964.4336,0.75918,4.92205,4.320083,0.6019667
965.1928,964.4337,0.75913,4.92205,4.330533,0.5915167
965.1928,964.4337,0.7591,4.92205,4.577167,0.3448833
965.1928,964.4338,0.75902,4.92205,4.416217,0.5058333
965.1928,964.4339,0.75895,4.92205,4.405767,0.5162833
965.1928,964.4339,0.75893,4.92205,4.524917,0.3971333
965.1928,964.4339,0.75887,4.92205,4.43295,0.4891
965.1928,964.4339,0.75885,4.92205,4.322167,0.5998833
965.1928,964.434,0.75877,4.92205,4.376517,0.5455333
965.1928,964.4341,0.75868,4.92205,4.34725,0.5748
965.1928,964.4342,0.75864,4.92205,4.349333,0.5727167
965.1928,964.4342,0.75864,4.92205,4.418317,0.5037333
965.1928,964.4342,0.75859,4.92205,4.527,0.39505
965.1928,964.4343,0.75853,4.92205,4.445483,0.4765667
965.1928,964.4344,0.7584,4.92205,4.407867,0.5141833
965.1928,964.4345,0.75832,4.92205,4.489383,0.4326667
965.1928,964.4345,0.75831,4.92205,4.4622,0.45985
965.1928,964.4345,0.7583,4.92205,4.338883,0.5831667
965.1928,964.4346,0.75821,4.92205,4.5291,0.39295
965.1928,964.4347,0.75813,4.92205,4.45385,0.4682
965.1928,964.4347,0.75812,4.92205,4.3807,0.54135
965.1928,964.4347,0.7581,4.92205,4.4852,0.43685
965.1928,964.4347,0.75809,4.92205,4.541633,0.3804167
965.1928,964.4347,0.75808,4.92205,4.435033,0.4870167
965.1928,964.4347,0.75808,4.92205,4.47475,0.4473
965.1928,964.4348,0.75798,4.92205,4.481017,0.4410333
965.1928,964.435,0.75779,4.92205,4.49565,0.4264
965.1928,964.4352,0.75763,4.92205,4.276183,0.6458667
965.1928,964.4352,0.75762,4.92205,4.58135,0.3407
965.1928,964.4353,0.75753,4.92205,4.510283,0.4117667
965.1928,964.4357,0.75711,4.92205,4.470567,0.4514833
965.1928,964.436,0.75684,4.92205,4.472667,0.4493833
965.1928,964.4377,0.7551,4.92205,4.280367,0.6416833
965.1928,964.4379,0.75491,4.92205,4.5709,0.35115
965.1928,964.4382,0.75462,4.92205,4.437133,0.4849167
965.1928,964.4393,0.75352,4.92205,4.51655,0.4055
965.1928,964.4395,0.7533,4.92205,5.37565,-0.4536
965.1928,964.4396,0.75318,4.92205,5.35265,-0.4306
965.1928,964.4406,0.75221,4.92205,4.455933,0.4661167
965.1928,964.4417,0.75106,4.92205,4.572983,0.3490667
965.1928,964.4423,0.75053,4.92205,4.468483,0.4535667
965.1928,964.4897,0.70308,4.92205,5.80835,-0.8863
965.1928,964.4907,0.70213,4.92205,5.820883,-0.8988333
965.1928,964.491,0.70177,4.92205,5.793717,-0.8716667
965.1928,964.4917,0.70114,4.92205,5.220967,-0.2989167
965.1928,964.4932,0.69963,4.92205,4.2532,0.66885
965.1928,964.4935,0.69935,4.92205,5.7749,-0.85285
965.1928,964.4936,0.69918,4.92205,5.8167,-0.89465
965.1928,964.4938,0.69899,4.92205,5.714283,-0.7922333
965.1928,964.4938,0.69895,4.92205,5.8188,-0.89675
965.1928,964.4943,0.69854,4.92205,4.272,0.65005
965.1928,964.4944,0.69838,4.92205,5.705933,-0.7838833
965.1928,964.4945,0.69833,4.92205,5.687117,-0.7650667
965.1928,964.4945,0.69829,4.92205,5.810433,-0.8883833
965.1928,964.4946,0.69815,4.92205,5.695483,-0.7734333
965.1928,964.4947,0.69814,4.92205,5.804167,-0.8821167
965.1928,964.4947,0.69809,4.92205,5.791617,-0.8695667
965.1928,964.495,0.69779,4.92205,5.223067,-0.3010167
965.1928,964.4951,0.69771,4.92205,5.737283,-0.8152333
965.1928,964.4954,0.69741,4.92205,5.814617,-0.8925667
965.1928,964.4954,0.69737,4.92205,4.28245,0.6396
965.1928,964.4955,0.69732,4.92205,5.799983,-0.8779333
965.1928,964.4955,0.6973,4.92205,5.76655,-0.8445
965.1928,964.4955,0.69729,4.92205,5.78535,-0.8633
965.1928,964.4956,0.69722,4.92205,5.802083,-0.8800333
965.1928,964.4957,0.69711,4.92205,5.6474,-0.72535
965.1928,964.4957,0.69711,4.92205,5.68085,-0.7588
965.1928,964.4958,0.69701,4.92205,5.74355,-0.8215
965.1928,964.4959,0.69692,4.92205,4.255283,0.6667667
965.1928,964.4959,0.69692,4.92205,5.80625,-0.8842
965.1928,964.496,0.69676,4.92205,5.783267,-0.8612167
965.1928,964.4961,0.69666,4.92205,5.779083,-0.8570333
965.1928,964.4961,0.69665,4.92205,5.720567,-0.7985167
965.1928,964.4962,0.69658,4.92205,5.682933,-0.7608833
965.1928,964.4963,0.69654,4.92205,5.697567,-0.7755167
965.1928,964.4965,0.69625,4.92205,5.741467,-0.8194167
965.1928,964.4966,0.69624,4.92205,5.747733,-0.8256833
965.1928,964.4966,0.69616,4.92205,5.812533,-0.8904833
965.1928,964.4967,0.69608,4.92205,5.716383,-0.7943333
965.1928,964.4968,0.69604,4.92205,5.67875,-0.7567
965.1928,964.4968,0.69598,4.92205,5.655767,-0.7337167
965.1928,964.4969,0.6959,4.92205,5.137367,-0.2153167
965.1928,964.4971,0.69574,4.92205,5.6265,-0.70445
965.1928,964.4971,0.69571,4.92205,5.724733,-0.8026833
965.1928,964.4972,0.69562,4.92205,5.7561,-0.83405
965.1928,964.4972,0.6956,4.92205,5.6704,-0.74835
965.1928,964.4972,0.6956,4.92205,5.781167,-0.8591167
965.1928,964.4972,0.69556,4.92205,5.749817,-0.8277667
965.1928,964.4973,0.69554,4.92205,5.634867,-0.7128167
965.1928,964.4973,0.69551,4.92205,5.6683,-0.74625
965.1928,964.4973,0.69551,4.92205,5.789533,-0.8674833
965.1928,964.4973,0.69547,4.92205,5.745633,-0.8235833
965.1928,964.4974,0.69541,4.92205,5.69965,-0.7776
965.1928,964.4974,0.6954,4.92205,5.76445,-0.8424
965.1928,964.4975,0.69534,4.92205,5.768633,-0.8465833
965.1928,964.4975,0.6953,4.92205,5.735183,-0.8131333
965.1928,964.4975,0.6953,4.92205,5.751917,-0.8298667
965.1928,964.4976,0.69517,4.92205,5.739367,-0.8173167
965.1928,964.4977,0.6951,4.92205,5.492733,-0.5706833
965.1928,964.4977,0.69505,4.92205,5.718467,-0.7964167
965.1928,964.4977,0.69505,4.92205,5.770717,-0.8486667
965.1928,964.4978,0.69503,4.92205,5.726833,-0.8047833
965.1928,964.4978,0.69501,4.92205,5.651583,-0.7295333
965.1928,964.4978,0.695,4.92205,5.590967,-0.6689167
965.1928,964.4978,0.69499,4.92205,5.645317,-0.7232667
965.1928,964.4978,0.69496,4.92205,5.6495,-0.72745
965.1928,964.4978,0.69496,4.92205,5.65785,-0.7358
965.1928,964.4979,0.69493,4.92205,5.507367,-0.5853167
965.1928,964.4979,0.6949,4.92205,5.662033,-0.7399833
965.1928,964.498,0.69477,4.92205,5.63905,-0.717
965.1928,964.498,0.69476,4.92205,5.622317,-0.7002667
965.1928,964.4981,0.69474,4.92205,5.632767,-0.7107167
965.1928,964.4981,0.69471,4.92205,5.578433,-0.6563833
965.1928,964.4981,0.69468,4.92205,5.674583,-0.7525333
965.1928,964.4982,0.69462,4.92205,5.666217,-0.7441667
965.1928,964.4982,0.69458,4.92205,5.4781,-0.55605
965.1928,964.4982,0.69458,4.92205,5.588883,-0.6668333
965.1928,964.4983,0.69453,4.92205,5.6913,-0.76925
965.1928,964.4983,0.6945,4.92205,5.603517,-0.6814667
965.1928,964.4984,0.6944,4.92205,5.607683,-0.6856333
965.1928,964.4984,0.69439,4.92205,5.4802,-0.55815
965.1928,964.4984,0.69439,4.92205,5.49065,-0.5686
965.1928,964.4984,0.69436,4.92205,5.601417,-0.6793667
965.1928,964.4985,0.69435,4.92205,5.731017,-0.8089667
965.1928,964.4985,0.69434,4.92205,5.61815,-0.6961
965.1928,964.4985,0.69432,4.92205,5.57425,-0.6522
965.1928,964.4985,0.69432,4.92205,5.772817,-0.8507667
965.1928,964.4985,0.69431,4.92205,5.6286,-0.70655
965.1928,964.4985,0.69429,4.92205,5.7979,-0.87585
965.1928,964.4985,0.69427,4.92205,5.624417,-0.7023667
965.1928,964.4986,0.69424,4.92205,5.703833,-0.7817833
965.1928,964.4986,0.69423,4.92205,5.597233,-0.6751833
965.1928,964.4986,0.69422,4.92205,5.620233,-0.6981833
965.1928,964.4986,0.69422,4.92205,5.7122,-0.79015
965.1928,964.4986,0.69421,4.92205,5.48855,-0.5665
965.1928,964.4986,0.6942,4.92205,5.61605,-0.694
965.1928,964.4986,0.69418,4.92205,5.473917,-0.5518667
965.1928,964.4986,0.69418,4.92205,5.5638,-0.64175
965.1928,964.4986,0.69415,4.92205,5.471833,-0.5497833
965.1928,964.4986,0.69415,4.92205,5.484367,-0.5623167
965.1928,964.4986,0.69415,4.92205,5.643217,-0.7211667
965.1928,964.4987,0.69414,4.92205,5.630683,-0.7086333
965.1928,964.4987,0.69413,4.92205,5.693383,-0.7713333
965.1928,964.4987,0.69411,4.92205,5.494817,-0.5727667
965.1928,964.4987,0.69407,4.92205,5.6056,-0.68355
965.1928,964.4987,0.69405,4.92205,5.5199,-0.59785
965.1928,964.4988,0.69403,4.92205,4.265733,0.6563167
965.1928,964.4988,0.69403,4.92205,5.762367,-0.8403167
965.1928,964.4988,0.69402,4.92205,5.63695,-0.7149
965.1928,964.4988,0.69402,4.92205,5.672483,-0.7504333
965.1928,964.4988,0.69401,4.92205,5.641133,-0.7190833
965.1928,964.4988,0.694,4.92205,5.496917,-0.5748667
965.1928,964.4988,0.694,4.92205,5.53245,-0.6104
965.1928,964.4988,0.694,4.92205,5.557533,-0.6354833
965.1928,964.4989,0.69386,4.92205,5.599333,-0.6772833
965.1928,964.499,0.69383,4.92205,5.664133,-0.7420833
965.1928,964.499,0.69383,4.92205,5.7958,-0.87375
965.1928,964.499,0.69379,4.92205,5.377733,-0.4556833
965.1928,964.499,0.69378,4.92205,5.522,-0.59995
965.1928,964.499,0.69377,4.92205,5.515717,-0.5936667
965.1928,964.499,0.69376,4.92205,5.499,-0.57695
965.1928,964.4991,0.69372,4.92205,5.653667,-0.7316167
965.1928,964.4991,0.69368,4.92205,5.586783,-0.6647333
965.1928,964.4991,0.69368,4.92205,5.609783,-0.6877333
965.1928,964.4991,0.69365,4.92205,5.758183,-0.8361333
965.1928,964.4992,0.69363,4.92205,5.59515,-0.6731
965.1928,964.4992,0.69359,4.92205,5.547083,-0.6250333
965.1928,964.4992,0.69355,4.92205,5.65995,-0.7379
965.1928,964.4993,0.6935,4.92205,5.78745,-0.8654
965.1928,964.4993,0.69349,4.92205,5.576333,-0.6542833
965.1928,964.4993,0.69349,4.92205,5.710117,-0.7880667
965.1928,964.4993,0.69348,4.92205,5.536633,-0.6145833
965.1928,964.4993,0.69347,4.92205,5.5011,-0.57905
965.1928,964.4994,0.69345,4.92205,5.50945,-0.5874
965.1928,964.4994,0.69344,4.92205,5.613967,-0.6919167
965.1928,964.4994,0.69341,4.92205,5.70175,-0.7797
965.1928,964.4995,0.69333,4.92205,5.51155,-0.5895
965.1928,964.4995,0.69331,4.92205,5.538717,-0.6166667
965.1928,964.4995,0.6933,4.92205,5.593067,-0.6710167
965.1928,964.4995,0.69328,4.92205,5.476017,-0.5539667
965.1928,964.4995,0.69328,4.92205,5.505267,-0.5832167
965.1928,964.4995,0.69328,4.92205,5.517817,-0.5957667
965.1928,964.4995,0.69326,4.92205,5.570067,-0.6480167
965.1928,964.4995,0.69326,4.92205,5.611867,-0.6898167
965.1928,964.4996,0.6932,4.92205,5.534533,-0.6124833
965.1928,964.4996,0.6932,4.92205,5.728917,-0.8068667
965.1928,964.4996,0.69319,4.92205,5.676667,-0.7546167
965.1928,964.4996,0.69319,4.92205,5.754,-0.83195
965.1928,964.4996,0.69315,4.92205,5.5408,-0.61875
965.1928,964.4997,0.69313,4.92205,5.55335,-0.6313
965.1928,964.4997,0.6931,4.92205,5.513633,-0.5915833
965.1928,964.4997,0.69308,4.92205,5.6892,-0.76715
965.1928,964.4997,0.69305,4.92205,5.565883,-0.6438333
965.1928,964.4998,0.69302,4.92205,5.524083,-0.6020333
965.1928,964.4998,0.69298,4.92205,5.503183,-0.5811333
965.1928,964.4999,0.69293,4.92205,5.482283,-0.5602333
965.1928,964.4999,0.69293,4.92205,5.5429,-0.62085
965.1928,964.4999,0.69292,4.92205,5.555433,-0.6333833
965.1928,964.4999,0.69292,4.92205,5.582617,-0.6605667
965.1928,964.4999,0.69291,4.92205,4.276183,0.6458667
965.1928,964.5,0.69285,4.92205,5.526183,-0.6041333
965.1928,964.5,0.69281,4.92205,5.685033,-0.7629833
965.1928,964.5,0.69279,4.92205,5.580517,-0.6584667
965.1928,964.5,0.69278,4.92205,5.777,-0.85495
965.1928,964.5001,0.69267,4.92205,5.459283,-0.5372333
965.1928,964.5001,0.69265,4.92205,5.572167,-0.6501167
965.1928,964.5002,0.69261,4.92205,5.559617,-0.6375667
965.1928,964.5002,0.6926,4.92205,5.760267,-0.8382167
965.1928,964.5002,0.69258,4.92205,5.55125,-0.6292
965.1928,964.5002,0.69257,4.92205,5.53035,-0.6083
965.1928,964.5003,0.69254,4.92205,5.544983,-0.6229333
965.1928,964.5003,0.69249,4.92205,5.46975,-0.5477
965.1928,964.5004,0.69244,4.92205,4.2741,0.64795
965.1928,964.5004,0.69244,4.92205,5.486467,-0.5644167
965.1928,964.5005,0.69225,4.92205,5.528267,-0.6062167
965.1928,964.5005,0.69225,4.92205,5.5847,-0.66265
965.1928,964.5006,0.69221,4.92205,5.567983,-0.6459333
965.1928,964.5006,0.69219,4.92205,5.465567,-0.5435167
965.1928,964.5006,0.69219,4.92205,5.549167,-0.6271167
965.1928,964.5007,0.69207,4.92205,5.46765,-0.5456
965.1928,964.5008,0.69204,4.92205,5.7331,-0.81105
965.1928,964.5009,0.69185,4.92205,5.5617,-0.63965
965.1928,964.501,0.69178,4.92205,5.72265,-0.8006
965.1928,964.5015,0.69127,4.92205,5.371467,-0.4494167
965.1928,964.5016,0.69118,4.92205,4.499833,0.4222167
965.1928,964.5017,0.6911,4.92205,5.708017,-0.7859667
965.1928,964.5018,0.69099,4.92205,5.369367,-0.4473167
965.1928,964.5023,0.69052,4.92205,5.12065,-0.1986
965.1928,964.5023,0.69049,4.92205,4.5291,0.39295
965.1928,964.5025,0.6903,4.92205,5.361017,-0.4389667
965.1928,964.5025,0.69029,4.92205,5.463467,-0.5414167
965.1928,964.5027,0.69008,4.92205,5.358917,-0.4368667
965.1928,964.5028,0.69003,4.92205,5.154083,-0.2320333
965.1928,964.5028,0.68996,4.92205,5.388183,-0.4661333
965.1928,964.5029,0.68993,4.92205,5.455117,-0.5330667
965.1928,964.5031,0.6897,4.92205,5.402817,-0.4807667
965.1928,964.5033,0.68952,4.92205,5.243967,-0.3219167
965.1928,964.5033,0.6895,4.92205,5.147817,-0.2257667
965.1928,964.5033,0.68945,4.92205,5.4572,-0.53515
965.1928,964.5036,0.68918,4.92205,5.206333,-0.2842833
965.1928,964.5036,0.68918,4.92205,5.4049,-0.48285
965.1928,964.5036,0.68917,4.92205,5.3631,-0.44105
965.1928,964.5037,0.68913,4.92205,5.16245,-0.2404
965.1928,964.5037,0.68908,4.92205,5.461383,-0.5393333
965.1928,964.5038,0.68901,4.92205,4.514467,0.4075833
965.1928,964.5041,0.68867,4.92205,5.229333,-0.3072833
965.1928,964.5042,0.68862,4.92205,4.259467,0.6625833
965.1928,964.5042,0.68862,4.92205,5.384,-0.46195
965.1928,964.5042,0.68858,4.92205,5.350567,-0.4285167
965.1928,964.5043,0.68854,4.92205,5.450933,-0.5288833
965.1928,964.5043,0.68846,4.92205,5.1311,-0.20905
965.1928,964.5044,0.68845,4.92205,4.510283,0.4117667
965.1928,964.5048,0.688,4.92205,5.381917,-0.4598667
965.1928,964.5049,0.68791,4.92205,5.356833,-0.4347833
965.1928,964.5049,0.68788,4.92205,5.41535,-0.4933
965.1928,964.505,0.68783,4.92205,4.51655,0.4055
965.1928,964.505,0.68775,4.92205,4.524917,0.3971333
965.1928,964.5051,0.68767,4.92205,5.4258,-0.50375
965.1928,964.5051,0.68766,4.92205,5.239783,-0.3177333
965.1928,964.5051,0.68766,4.92205,5.335933,-0.4138833
965.1928,964.5051,0.68765,4.92205,5.354733,-0.4326833
965.1928,964.5052,0.68762,4.92205,5.453017,-0.5309667
965.1928,964.5052,0.6876,4.92205,5.133183,-0.2111333
965.1928,964.5052,0.68757,4.92205,5.407,-0.48495
965.1928,964.5052,0.68756,4.92205,5.4279,-0.50585
965.1928,964.5053,0.68754,4.92205,5.3652,-0.44315
965.1928,964.5054,0.68743,4.92205,5.41745,-0.4954
965.1928,964.5054,0.68738,4.92205,5.346383,-0.4243333
965.1928,964.5055,0.68734,4.92205,5.434167,-0.5121167
965.1928,964.5055,0.68726,4.92205,5.143633,-0.2215833
965.1928,964.5056,0.68723,4.92205,5.413267,-0.4912167
965.1928,964.5056,0.68721,4.92205,5.43625,-0.5142
965.1928,964.5056,0.6872,4.92205,5.35265,-0.4306
965.1928,964.5056,0.68717,4.92205,5.122733,-0.2006833
965.1928,964.5056,0.68715,4.92205,4.784133,0.1379167
965.1928,964.5056,0.68715,4.92205,5.37355,-0.4515
965.1928,964.5057,0.68711,4.92205,5.367283,-0.4452333
965.1928,964.5057,0.6871,4.92205,4.51865,0.4034
965.1928,964.5058,0.68699,4.92205,5.33175,-0.4097
965.1928,964.5059,0.68694,4.92205,5.233517,-0.3114667
965.1928,964.5059,0.68692,4.92205,5.231417,-0.3093667
965.1928,964.5059,0.6869,4.92205,5.4488,-0.52675
965.1928,964.506,0.68683,4.92205,5.39655,-0.4745
965.1928,964.506,0.68682,4.92205,5.444617,-0.5225667
965.1928,964.506,0.68677,4.92205,5.28995,-0.3679
965.1928,964.506,0.68675,4.92205,5.409083,-0.4870333
965.1928,964.5061,0.68672,4.92205,5.379817,-0.4577667
965.1928,964.5061,0.68667,4.92205,5.421633,-0.4995833
965.1928,964.5062,0.68663,4.92205,4.522817,0.3992333
965.1928,964.5062,0.68663,4.92205,5.340117,-0.4180667
965.1928,964.5063,0.68651,4.92205,5.13945,-0.2174
965.1928,964.5063,0.68651,4.92205,5.2586,-0.33655
965.1928,964.5063,0.68651,4.92205,5.39445,-0.4724
965.1928,964.5064,0.68641,4.92205,5.344283,-0.4222333
965.1928,964.5064,0.68639,4.92205,5.329667,-0.4076167
965.1928,964.5064,0.68638,4.92205,4.543717,0.3783333
965.1928,964.5064,0.68638,4.92205,5.348467,-0.4264167
965.1928,964.5064,0.68636,4.92205,5.241867,-0.3198167
965.1928,964.5065,0.68633,4.92205,5.338017,-0.4159667
965.1928,964.5065,0.68629,4.92205,5.327567,-0.4055167
965.1928,964.5065,0.68628,4.92205,5.126917,-0.2048667
965.1928,964.5065,0.68627,4.92205,5.43835,-0.5163
965.1928,964.5066,0.68619,4.92205,5.114367,-0.1923167
965.1928,964.5066,0.68619,4.92205,5.2377,-0.31565
965.1928,964.5066,0.68618,4.92205,4.80085,0.1212
965.1928,964.5067,0.6861,4.92205,4.508183,0.4138667
965.1928,964.5069,0.6859,4.92205,5.051667,-0.1296167
965.1928,964.5069,0.68589,4.92205,4.520733,0.4013167
965.1928,964.5069,0.68585,4.92205,5.4467,-0.52465
965.1928,964.507,0.68583,4.92205,5.24605,-0.324
965.1928,964.507,0.68583,4.92205,5.3213,-0.39925
965.1928,964.507,0.68582,4.92205,5.275317,-0.3532667
965.1928,964.5071,0.68575,4.92205,5.304583,-0.3825333
965.1928,964.5071,0.68573,4.92205,5.312933,-0.3908833
965.1928,964.5071,0.68571,4.92205,5.264867,-0.3428167
965.1928,964.5071,0.6857,4.92205,5.057933,-0.1358833
965.1928,964.5071,0.68566,4.92205,5.429983,-0.5079333
965.1928,964.5072,0.68564,4.92205,5.3861,-0.46405
965.1928,964.5072,0.68563,4.92205,5.3004,-0.37835
965.1928,964.5072,0.68556,4.92205,5.135283,-0.2132333
965.1928,964.5073,0.68553,4.92205,5.124833,-0.2027833
965.1928,964.5073,0.68547,4.92205,5.129,-0.20695
965.1928,964.5073,0.68545,4.92205,4.26155,0.6605
965.1928,964.5073,0.68545,4.92205,5.281583,-0.3595333
965.1928,964.5074,0.68536,4.92205,5.333833,-0.4117833
965.1928,964.5075,0.68528,4.92205,5.423717,-0.5016667
965.1928,964.5075,0.68526,4.92205,5.262783,-0.3407333
965.1928,964.5076,0.68519,4.92205,4.531183,0.3908667
965.1928,964.5076,0.68517,4.92205,5.317117,-0.3950667
965.1928,964.5076,0.68517,4.92205,5.319217,-0.3971667
965.1928,964.5078,0.68504,4.92205,5.145733,-0.2236833
965.1928,964.5078,0.68504,4.92205,5.419533,-0.4974833
965.1928,964.5078,0.68503,4.92205,5.315033,-0.3929833
965.1928,964.5078,0.68503,4.92205,5.398633,-0.4765833
965.1928,964.5078,0.685,4.92205,5.292033,-0.3699833
965.1928,964.5078,0.68496,4.92205,5.2356,-0.31355
965.1928,964.5078,0.68495,4.92205,4.815483,0.1065667
965.1928,964.5079,0.68493,4.92205,4.817567,0.1044833
965.1928,964.5079,0.6849,4.92205,5.053767,-0.1317167
965.1928,964.5079,0.6849,4.92205,5.116467,-0.1944167
965.1928,964.5079,0.68489,4.92205,5.208433,-0.2863833
965.1928,964.5079,0.68487,4.92205,5.37565,-0.4536
965.1928,964.508,0.68479,4.92205,5.400717,-0.4786667
965.1928,964.508,0.68476,4.92205,5.294133,-0.3720833
965.1928,964.5082,0.68458,4.92205,5.250233,-0.3281833
965.1928,964.5082,0.68458,4.92205,5.325483,-0.4034333
965.1928,964.5083,0.68453,4.92205,5.26695,-0.3449
965.1928,964.5083,0.68452,4.92205,5.302483,-0.3804333
965.1928,964.5083,0.68452,4.92205,5.3422,-0.42015
965.1928,964.5083,0.6845,4.92205,5.2983,-0.37625
965.1928,964.5083,0.68446,4.92205,5.296217,-0.3741667
965.1928,964.5084,0.68443,4.92205,4.445483,0.4765667
965.1928,964.5084,0.6844,4.92205,4.53955,0.3825
965.1928,964.5084,0.68436,4.92205,5.306667,-0.3846167
965.1928,964.5085,0.68433,4.92205,5.047483,-0.1254333
965.1928,964.5086,0.68424,4.92205,5.30875,-0.3867
965.1928,964.5086,0.68419,4.92205,5.2774,-0.35535
965.1928,964.5086,0.68416,4.92205,4.621067,0.3009833
965.1928,964.5087,0.68414,4.92205,5.323383,-0.4013333
965.1928,964.5087,0.68413,4.92205,4.679583,0.2424667
965.1928,964.5087,0.68413,4.92205,5.285767,-0.3637167
965.1928,964.5087,0.68412,4.92205,5.1102,-0.18815
965.1928,964.5087,0.68409,4.92205,5.2565,-0.33445
965.1928,964.5087,0.68406,4.92205,4.742283,0.1797667
965.1928,964.5087,0.68406,4.92205,5.103917,-0.1818667
965.1928,964.5088,0.68403,4.92205,5.039133,-0.1170833
965.1928,964.5088,0.68401,4.92205,5.273233,-0.3511833
965.1928,964.5089,0.68395,4.92205,5.060033,-0.1379833
965.1928,964.509,0.68383,4.92205,5.440433,-0.5183833
965.1928,964.509,0.6838,4.92205,4.75065,0.1714
965.1928,964.509,0.6838,4.92205,5.032867,-0.1108167
965.1928,964.509,0.6838,4.92205,5.252317,-0.3302667
965.1928,964.5091,0.68368,4.92205,5.041217,-0.1191667
965.1928,964.5091,0.68367,4.92205,4.641967,0.2800833
965.1928,964.5091,0.68367,4.92205,4.68795,0.2341
965.1928,964.5091,0.68366,4.92205,4.798767,0.1232833
965.1928,964.5092,0.68364,4.92205,4.70675,0.2153
965.1928,964.5092,0.68364,4.92205,5.2795,-0.35745
965.1928,964.5092,0.68361,4.92205,5.0224,-0.10035
965.1928,964.5093,0.68354,4.92205,4.648233,0.2738167
965.1928,964.5093,0.68352,4.92205,5.28785,-0.3658
965.1928,964.5093,0.68352,4.92205,5.442533,-0.5204833
965.1928,964.5093,0.68351,4.92205,5.392367,-0.4703167
965.1928,964.5093,0.6835,4.92205,5.271133,-0.3490833
965.1928,964.5093,0.68348,4.92205,5.254417,-0.3323667
965.1928,964.5093,0.68346,4.92205,4.7172,0.20485
965.1928,964.5093,0.68346,4.92205,4.82175,0.1003
965.1928,964.5094,0.68345,4.92205,5.026583,-0.1045333
965.1928,964.5094,0.68344,4.92205,5.390267,-0.4682167
965.1928,964.5094,0.68341,4.92205,4.715117,0.2069333
965.1928,964.5094,0.68337,4.92205,4.604333,0.3177167
965.1928,964.5095,0.68334,4.92205,4.533267,0.3887833
965.1928,964.5095,0.68326,4.92205,5.080933,-0.1588833
965.1928,964.5096,0.68324,4.92205,4.796667,0.1253833
965.1928,964.5096,0.68321,4.92205,5.24815,-0.3261
965.1928,964.5096,0.6832,4.92205,4.66705,0.255
965.1928,964.5096,0.68318,4.92205,4.748567,0.1734833
965.1928,964.5096,0.68318,4.92205,4.809217,0.1128333
965.1928,964.5097,0.68314,4.92205,4.552083,0.3699667
965.1928,964.5097,0.68312,4.92205,4.702583,0.2194667
965.1928,964.5097,0.68312,4.92205,5.411183,-0.4891333
965.1928,964.5097,0.6831,4.92205,5.068383,-0.1463333
965.1928,964.5097,0.68309,4.92205,4.501917,0.4201333
965.1928,964.5097,0.68309,4.92205,4.779917,0.1421333
965.1928,964.5097,0.68306,4.92205,4.6545,0.26755
965.1928,964.5098,0.68301,4.92205,4.769467,0.1525833
965.1928,964.5098,0.68301,4.92205,4.805033,0.1170167
965.1928,964.5098,0.68297,4.92205,4.794583,0.1274667
965.1928,964.5098,0.68296,4.92205,4.55835,0.3637
965.1928,964.5098,0.68296,4.92205,5.070483,-0.1484333
965.1928,964.5099,0.68293,4.92205,4.710933,0.2111167
965.1928,964.5099,0.68293,4.92205,5.072567,-0.1505167
965.1928,964.5099,0.68293,4.92205,5.112283,-0.1902333
965.1928,964.5099,0.68291,4.92205,5.26905,-0.347
965.1928,964.5099,0.6829,4.92205,4.775733,0.1463167
965.1928,964.5099,0.68289,4.92205,5.31085,-0.3888
965.1928,964.5099,0.68286,4.92205,4.690033,0.2320167
965.1928,964.5099,0.68286,4.92205,5.1499,-0.22785
965.1928,964.51,0.68285,4.92205,4.662867,0.2591833
965.1928,964.51,0.68285,4.92205,4.669133,0.2529167
965.1928,964.51,0.68284,4.92205,5.091383,-0.1693333
965.1928,964.51,0.68283,4.92205,4.635683,0.2863667
965.1928,964.51,0.68276,4.92205,4.625233,0.2968167
965.1928,964.51,0.68275,4.92205,5.260683,-0.3386333
965.1928,964.5101,0.68274,4.92205,4.744383,0.1776667
965.1928,964.5101,0.68272,4.92205,4.627333,0.2947167
965.1928,964.5101,0.68269,4.92205,4.733933,0.1881167
965.1928,964.5101,0.68268,4.92205,5.156183,-0.2341333
965.1928,964.5101,0.68265,4.92205,4.535367,0.3866833
965.1928,964.5101,0.68265,4.92205,4.788317,0.1337333
965.1928,964.5102,0.6826,4.92205,4.8134,0.10865
965.1928,964.5102,0.68258,4.92205,4.700483,0.2215667
965.1928,964.5102,0.68257,4.92205,4.221833,0.7002167
965.1928,964.5102,0.68257,4.92205,4.541633,0.3804167
965.1928,964.5102,0.68256,4.92205,4.554167,0.3678833
965.1928,964.5103,0.68253,4.92205,4.6963,0.22575
965.1928,964.5103,0.68249,4.92205,5.030767,-0.1087167
965.1928,964.5103,0.68248,4.92205,4.614783,0.3072667
965.1928,964.5103,0.68248,4.92205,5.14155,-0.2195
965.1928,964.5104,0.68239,4.92205,5.432083,-0.5100333
965.1928,964.5104,0.68237,4.92205,4.819667,0.1023833
965.1928,964.5104,0.68235,4.92205,4.6775,0.24455
965.1928,964.5105,0.68234,4.92205,4.7611,0.16095
965.1928,964.5105,0.68234,4.92205,5.1081,-0.18605
965.1928,964.5105,0.68233,4.92205,4.60225,0.3198
965.1928,964.5105,0.68232,4.92205,4.704667,0.2173833
965.1928,964.5105,0.6823,4.92205,5.106017,-0.1839667
965.1928,964.5105,0.68226,4.92205,5.037033,-0.1149833
965.1928,964.5106,0.68222,4.92205,4.593883,0.3281667
965.1928,964.5106,0.68222,4.92205,5.043317,-0.1212667
965.1928,964.5106,0.68219,4.92205,4.713033,0.2090167
965.1928,964.5106,0.68217,4.92205,5.11855,-0.1965
965.1928,964.5106,0.68216,4.92205,4.763183,0.1588667
965.1928,964.5107,0.68214,4.92205,4.629417,0.2926333
965.1928,964.5107,0.68213,4.92205,4.70885,0.2132
965.1928,964.5107,0.68213,4.92205,5.0663,-0.14425
965.1928,964.5107,0.68207,4.92205,4.786217,0.1358333
965.1928,964.5108,0.68205,4.92205,4.527,0.39505
965.1928,964.5108,0.68204,4.92205,5.028683,-0.1066333
965.1928,964.5108,0.68202,4.92205,4.8113,0.11075
965.1928,964.5108,0.682,4.92205,5.283683,-0.3616333
965.1928,964.5108,0.68199,4.92205,4.608517,0.3135333
965.1928,964.5108,0.68199,4.92205,4.7904,0.13165
965.1928,964.5109,0.6819,4.92205,4.171683,0.7503667
965.1928,964.5109,0.6819,4.92205,4.637783,0.2842667
965.1928,964.5109,0.6819,4.92205,4.782,0.14005
965.1928,964.511,0.68184,4.92205,4.660767,0.2612833
965.1928,964.511,0.68184,4.92205,5.083017,-0.1609667
965.1928,964.511,0.68184,4.92205,5.09975,-0.1777
965.1928,964.511,0.68183,4.92205,4.616883,0.3051667
965.1928,964.511,0.68183,4.92205,5.101833,-0.1797833
965.1928,964.511,0.6818,4.92205,4.7402,0.18185
965.1928,964.511,0.68179,4.92205,4.587617,0.3344333
965.1928,964.5111,0.68174,4.92205,4.683767,0.2382833
965.1928,964.5111,0.68174,4.92205,5.07675,-0.1547
965.1928,964.5111,0.68173,4.92205,4.658683,0.2633667
965.1928,964.5111,0.68173,4.92205,4.759017,0.1630333
965.1928,964.5111,0.68173,4.92205,5.0454,-0.12335
965.1928,964.5111,0.68169,4.92205,5.0245,-0.10245
965.1928,964.5111,0.68167,4.92205,4.5479,0.37415
965.1928,964.5112,0.68165,4.92205,5.05585,-0.1338
965.1928,964.5112,0.68156,4.92205,4.671217,0.2508333
965.1928,964.5112,0.68156,4.92205,4.792483,0.1295667
965.1928,964.5113,0.68151,4.92205,4.723483,0.1985667
965.1928,964.5113,0.68149,4.92205,4.72975,0.1923
965.1928,964.5114,0.68143,4.92205,4.6336,0.28845
965.1928,964.5114,0.68142,4.92205,4.5709,0.35115
965.1928,964.5114,0.68141,4.92205,4.64405,0.278
965.1928,964.5114,0.68137,4.92205,4.5897,0.33235
965.1928,964.5114,0.68135,4.92205,4.736017,0.1860333
965.1928,964.5114,0.68135,4.92205,5.095567,-0.1735167
965.1928,964.5114,0.68135,4.92205,5.09765,-0.1756
965.1928,964.5115,0.68132,4.92205,4.639867,0.2821833
965.1928,964.5115,0.68132,4.92205,4.646133,0.2759167
965.1928,964.5115,0.68132,4.92205,4.731833,0.1902167
965.1928,964.5115,0.68129,4.92205,4.598067,0.3239833
965.1928,964.5115,0.68129,4.92205,4.610617,0.3114333
965.1928,964.5115,0.68128,4.92205,4.595983,0.3260667
965.1928,964.5115,0.68126,4.92205,4.725567,0.1964833
965.1928,964.5116,0.68122,4.92205,4.57925,0.3428
965.1928,964.5116,0.6812,4.92205,4.575083,0.3469667
965.1928,964.5116,0.68119,4.92205,4.746467,0.1755833
965.1928,964.5116,0.68117,4.92205,4.72765,0.1944
965.1928,964.5117,0.68114,4.92205,4.58135,0.3407
965.1928,964.5117,0.68108,4.92205,4.564633,0.3574167
965.1928,964.5118,0.681,4.92205,4.62315,0.2989
965.1928,964.5118,0.68096,4.92205,4.773633,0.1484167
965.1928,964.5119,0.68091,4.92205,4.694217,0.2278333
965.1928,964.5119,0.68087,4.92205,4.53745,0.3846
965.1928,964.5119,0.68086,4.92205,5.074667,-0.1526167
965.1928,964.512,0.68081,4.92205,4.673317,0.2487333
965.1928,964.512,0.68078,4.92205,4.60015,0.3219
965.1928,964.5121,0.68074,4.92205,4.55,0.37205
965.1928,964.5122,0.68064,4.92205,5.093467,-0.1714167
965.1928,964.5122,0.6806,4.92205,4.7381,0.18395
965.1928,964.5122,0.68058,4.92205,4.767367,0.1546833
965.1928,964.5122,0.68055,4.92205,4.756917,0.1651333
965.1928,964.5123,0.68054,4.92205,4.631517,0.2905333
965.1928,964.5123,0.68051,4.92205,5.07885,-0.1568
965.1928,964.5124,0.68039,4.92205,4.6127,0.30935
965.1928,964.5124,0.68039,4.92205,4.618967,0.3030833
965.1928,964.5124,0.68038,4.92205,4.562533,0.3595167
965.1928,964.5124,0.68036,4.92205,4.7193,0.20275
965.1928,964.5125,0.68032,4.92205,4.556267,0.3657833
965.1928,964.5125,0.6803,4.92205,4.721383,0.2006667
965.1928,964.5125,0.68026,4.92205,4.5688,0.35325
965.1928,964.5126,0.68024,4.92205,4.754833,0.1672167
965.1928,964.5126,0.68019,4.92205,5.0893,-0.16725
965.1928,964.5126,0.68016,4.92205,4.652417,0.2696333
965.1928,964.5127,0.68014,4.92205,4.566717,0.3553333
965.1928,964.5127,0.68012,4.92205,4.5918,0.33025
965.1928,964.5128,0.68003,4.92205,4.68585,0.2362
965.1928,964.5128,0.67999,4.92205,4.545817,0.3762333
965.1928,964.5128,0.67998,4.92205,5.0872,-0.16515
965.1928,964.5129,0.67994,4.92205,4.606433,0.3156167
965.1928,964.513,0.67982,4.92205,4.6754,0.24665
965.1928,964.513,0.67977,4.92205,4.577167,0.3448833
965.1928,964.513,0.67977,4.92205,5.062117,-0.1400667
965.1928,964.5131,0.67973,4.92205,4.6566,0.26545
965.1928,964.5131,0.6797,4.92205,4.692117,0.2299333
965.1928,964.5131,0.67969,4.92205,4.80295,0.1191
965.1928,964.5131,0.67965,4.92205,4.66495,0.2571
965.1928,964.5132,0.67958,4.92205,4.56045,0.3616
965.1928,964.5133,0.67954,4.92205,4.777817,0.1442333
965.1928,964.5133,0.6795,4.92205,5.2168,-0.29475
965.1928,964.5134,0.67942,4.92205,5.03495,-0.1129
965.1928,964.5134,0.67941,4.92205,5.22725,-0.3052
965.1928,964.5135,0.67929,4.92205,5.049583,-0.1275333
965.1928,964.5136,0.67918,4.92205,4.6984,0.22365
965.1928,964.5137,0.67908,4.92205,4.207217,0.7148333
965.1928,964.5138,0.67904,4.92205,4.583433,0.3386167
965.1928,964.5139,0.67888,4.92205,4.650317,0.2717333
965.1928,964.514,0.67875,4.92205,4.807117,0.1149333
965.1928,964.5141,0.67869,4.92205,4.572983,0.3490667
965.1928,964.5142,0.67862,4.92205,5.085117,-0.1630667
965.1928,964.5142,0.67861,4.92205,4.585533,0.3365167
965.1928,964.5142,0.67857,4.92205,4.681667,0.2403833
965.1928,964.5143,0.67851,4.92205,4.194667,0.7273833
965.1928,964.5144,0.67844,4.92205,4.752733,0.1693167
965.1928,964.5145,0.67831,4.92205,4.77155,0.1505
965.1928,964.5148,0.67803,4.92205,4.213483,0.7085667
965.1928,964.5153,0.67748,4.92205,4.765283,0.1567667
965.1928,964.5154,0.67738,4.92205,5.064217,-0.1421667
965.1928,964.5155,0.67729,4.92205,4.1884,0.73365
965.1928,964.5173,0.67548,4.92205,4.190483,0.7315667
965.1928,964.5177,0.67505,4.92205,4.2093,0.71275
965.1928,964.5189,0.67387,4.92205,4.203033,0.7190167
965.1928,964.6476,0.54523,4.92205,4.585533,0.3365167
965.1928,964.6483,0.54451,4.92205,5.586783,-0.6647333
965.1928,964.6487,0.54406,4.92205,5.557533,-0.6354833
965.1928,964.6517,0.54106,4.92205,5.513633,-0.5915833
965.1928,964.6556,0.53718,4.92205,5.6056,-0.68355
965.1928,964.6558,0.537,4.92205,5.482283,-0.5602333
965.1928,964.6612,0.53159,4.92205,5.555433,-0.6333833
965.1928,964.6624,0.53036,4.92205,4.58135,0.3407
965.1928,964.6642,0.52863,4.92205,4.598067,0.3239833
965.1928,964.6642,0.5286,4.92205,5.7749,-0.85285
965.1928,964.6699,0.52294,4.92205,4.587617,0.3344333
965.1928,964.6905,0.50228,4.92205,5.59515,-0.6731
965.1928,964.7038,0.48898,4.92205,5.603517,-0.6814667
965.1928,964.7045,0.48832,4.92205,5.567983,-0.6459333
965.1928,964.7067,0.48614,4.92205,5.586783,-0.6647333
965.1928,964.7109,0.48193,4.92205,5.599333,-0.6772833
965.1928,964.7109,0.48187,4.92205,5.5638,-0.64175
965.1928,964.7114,0.48144,4.92205,5.547083,-0.6250333
965.1928,964.723,0.46981,4.92205,5.664133,-0.7420833
965.1928,964.7827,0.41011,4.92205,5.7749,-0.85285
965.1928,964.7891,0.40369,4.92205,5.7958,-0.87375
965.1928,964.7894,0.40338,4.92205,5.664133,-0.7420833
965.1928,964.7896,0.40323,4.92205,5.708017,-0.7859667
965.1928,964.7902,0.40261,4.92205,5.78745,-0.8654
965.1928,964.7911,0.40168,4.92205,5.799983,-0.8779333
965.1928,964.7914,0.40142,4.92205,5.674583,-0.7525333
965.1928,964.7992,0.39363,4.92205,5.695483,-0.7734333
965.1928,964.7997,0.39306,4.92205,5.67875,-0.7567
965.1928,964.7998,0.393,4.92205,5.69965,-0.7776
965.1928,964.8009,0.39187,4.92205,5.710117,-0.7880667
965.1928,964.8012,0.3916,4.92205,5.6892,-0.76715
965.1928,964.8012,0.39158,4.92205,5.718467,-0.7964167
965.1928,964.8021,0.39074,4.92205,5.676667,-0.7546167
965.1928,964.8037,0.38908,4.92205,5.666217,-0.7441667
965.1928,964.8045,0.38829,4.92205,5.72265,-0.8006
965.1928,964.8054,0.38738,4.92205,5.781167,-0.8591167
965.1928,964.8069,0.38592,4.92205,5.682933,-0.7608833
965.1928,964.8069,0.38591,4.92205,5.68085,-0.7588
965.1928,964.808,0.38481,4.92205,5.7122,-0.79015
965.1928,964.8093,0.38347,4.92205,5.703833,-0.7817833
965.1928,964.8094,0.38339,4.92205,5.70175,-0.7797
965.1928,964.8105,0.3823,4.92205,5.804167,-0.8821167
965.1928,964.8108,0.382,4.92205,5.80625,-0.8842
965.1928,964.811,0.38185,4.92205,5.6913,-0.76925
965.1928,964.8114,0.38136,4.92205,5.687117,-0.7650667
965.1928,964.8116,0.38118,4.92205,5.65995,-0.7379
965.1928,964.8117,0.38108,4.92205,5.685033,-0.7629833
965.1928,964.812,0.38078,4.92205,5.724733,-0.8026833
965.1928,964.8121,0.38069,4.92205,5.812533,-0.8904833
965.1928,964.8122,0.38058,4.92205,5.716383,-0.7943333
965.1928,964.8137,0.37914,4.92205,5.8167,-0.89465
965.1928,964.8139,0.37891,4.92205,5.672483,-0.7504333
965.1928,964.8144,0.37838,4.92205,5.802083,-0.8800333
965.1928,964.8144,0.37835,4.92205,5.720567,-0.7985167
965.1928,964.8146,0.37824,4.92205,5.820883,-0.8988333
965.1928,964.8146,0.37817,4.92205,5.714283,-0.7922333
965.1928,964.8155,0.37729,4.92205,5.731017,-0.8089667
965.1928,964.8156,0.3772,4.92205,5.6704,-0.74835
965.1928,964.8164,0.37638,4.92205,5.810433,-0.8883833
965.1928,964.8167,0.37612,4.92205,5.705933,-0.7838833
965.1928,964.8178,0.37497,4.92205,5.662033,-0.7399833
965.1928,964.818,0.37475,4.92205,5.693383,-0.7713333
965.1928,964.8195,0.37331,4.92205,5.814617,-0.8925667
965.1928,964.8195,0.37327,4.92205,5.6683,-0.74625
965.1928,964.8196,0.37317,4.92205,5.74355,-0.8215
965.1928,964.8199,0.37289,4.92205,5.791617,-0.8695667
965.1928,964.8201,0.37274,4.92205,5.726833,-0.8047833
965.1928,964.8202,0.37264,4.92205,5.76445,-0.8424
965.1928,964.8207,0.37207,4.92205,5.7331,-0.81105
965.1928,964.8208,0.37197,4.92205,5.697567,-0.7755167
965.1928,964.8209,0.37191,4.92205,5.793717,-0.8716667
965.1928,964.8211,0.37175,4.92205,5.80835,-0.8863
965.1928,964.8214,0.37141,4.92205,5.789533,-0.8674833
965.1928,964.8219,0.37087,4.92205,5.739367,-0.8173167
965.1928,964.8221,0.37071,4.92205,5.78535,-0.8633
965.1928,964.8224,0.37043,4.92205,5.779083,-0.8570333
965.1928,964.8227,0.37009,4.92205,5.783267,-0.8612167
965.1928,964.8232,0.36964,4.92205,5.76655,-0.8445
965.1928,964.824,0.3688,4.92205,5.7979,-0.87585
965.1928,964.8241,0.3687,4.92205,5.751917,-0.8298667
965.1928,964.8242,0.36861,4.92205,5.65785,-0.7358
965.1928,964.8244,0.3684,4.92205,5.749817,-0.8277667
965.1928,964.8246,0.36822,4.92205,5.7958,-0.87375
965.1928,964.8247,0.36805,4.92205,5.772817,-0.8507667
965.1928,964.8249,0.36793,4.92205,5.735183,-0.8131333
965.1928,964.8266,0.36618,4.92205,5.8188,-0.89675
965.1928,964.8267,0.36607,4.92205,5.777,-0.85495
965.1928,964.8277,0.3651,4.92205,5.758183,-0.8361333
965.1928,964.8283,0.36447,4.92205,5.737283,-0.8152333
965.1928,964.8295,0.36331,4.92205,5.664133,-0.7420833
965.1928,964.8295,0.36329,4.92205,5.643217,-0.7211667
965.1928,964.8298,0.36298,4.92205,5.5011,-0.57905
965.1928,964.83,0.36277,4.92205,5.768633,-0.8465833
965.1928,964.8301,0.36273,4.92205,5.760267,-0.8382167
965.1928,964.8305,0.3623,4.92205,5.762367,-0.8403167
965.1928,964.8306,0.36215,4.92205,5.613967,-0.6919167
965.1928,964.8307,0.36213,4.92205,5.61605,-0.694
965.1928,964.831,0.3618,4.92205,5.674583,-0.7525333
965.1928,964.8316,0.36124,4.92205,5.708017,-0.7859667
965.1928,964.8317,0.36106,4.92205,5.655767,-0.7337167
965.1928,964.8321,0.36074,4.92205,5.7749,-0.85285
965.1928,964.8324,0.36044,4.92205,5.653667,-0.7316167
965.1928,964.8326,0.36023,4.92205,5.6495,-0.72745
965.1928,964.8329,0.35988,4.92205,5.78745,-0.8654
965.1928,964.8333,0.35945,4.92205,5.7561,-0.83405
965.1928,964.8342,0.3586,4.92205,5.741467,-0.8194167
965.1928,964.8344,0.35836,4.92205,5.471833,-0.5497833
965.1928,964.8345,0.35828,4.92205,5.601417,-0.6793667
965.1928,964.8346,0.35817,4.92205,5.496917,-0.5748667
965.1928,964.8349,0.3579,4.92205,5.484367,-0.5623167
965.1928,964.8351,0.35766,4.92205,5.651583,-0.7295333
965.1928,964.8352,0.35764,4.92205,5.6286,-0.70655
965.1928,964.8352,0.35759,4.92205,5.6056,-0.68355
965.1928,964.8354,0.35741,4.92205,5.6474,-0.72535
965.1928,964.8356,0.35717,4.92205,5.547083,-0.6250333
965.1928,964.8357,0.35713,4.92205,5.557533,-0.6354833
965.1928,964.8357,0.35711,4.92205,5.624417,-0.7023667
965.1928,964.8357,0.35709,4.92205,5.799983,-0.8779333
965.1928,964.8359,0.35692,4.92205,5.63905,-0.717
965.1928,964.8361,0.3567,4.92205,5.754,-0.83195
965.1928,964.8362,0.35663,4.92205,5.409083,-0.4870333
965.1928,964.8362,0.35657,4.92205,5.588883,-0.6668333
965.1928,964.8365,0.35625,4.92205,5.770717,-0.8486667
965.1928,964.8366,0.35624,4.92205,5.499,-0.57695
965.1928,964.8367,0.35611,4.92205,5.641133,-0.7190833
965.1928,964.8368,0.35598,4.92205,5.580517,-0.6584667
965.1928,964.8368,0.35596,4.92205,5.620233,-0.6981833
965.1928,964.8369,0.35594,4.92205,5.572167,-0.6501167
965.1928,964.8369,0.35591,4.92205,5.413267,-0.4912167
965.1928,964.8369,0.35588,4.92205,5.622317,-0.7002667
965.1928,964.837,0.35585,4.92205,5.5617,-0.63965
965.1928,964.837,0.35583,4.92205,5.53245,-0.6104
965.1928,964.8372,0.35561,4.92205,5.528267,-0.6062167
965.1928,964.8372,0.35561,4.92205,5.747733,-0.8256833
965.1928,964.8372,0.35558,4.92205,5.632767,-0.7107167
965.1928,964.8373,0.35548,4.92205,5.611867,-0.6898167
965.1928,964.8375,0.35525,4.92205,5.513633,-0.5915833
965.1928,964.8376,0.3552,4.92205,5.4781,-0.55605
965.1928,964.8377,0.35509,4.92205,5.503183,-0.5811333
965.1928,964.8378,0.35504,4.92205,5.576333,-0.6542833
965.1928,964.8378,0.355,4.92205,5.5638,-0.64175
965.1928,964.8378,0.35497,4.92205,5.46975,-0.5477
965.1928,964.8379,0.3549,4.92205,5.218883,-0.2968333
965.1928,964.838,0.35478,4.92205,5.388183,-0.4661333
965.1928,964.8381,0.35474,4.92205,5.39655,-0.4745
965.1928,964.8381,0.35473,4.92205,5.50945,-0.5874
965.1928,964.8381,0.35468,4.92205,5.4802,-0.55815
965.1928,964.8381,0.35467,4.92205,5.392367,-0.4703167
965.1928,964.8382,0.35464,4.92205,5.603517,-0.6814667
965.1928,964.8383,0.3545,4.92205,5.55335,-0.6313
965.1928,964.8387,0.35414,4.92205,5.390267,-0.4682167
965.1928,964.8388,0.35402,4.92205,5.450933,-0.5288833
965.1928,964.8388,0.35399,4.92205,5.1499,-0.22785
965.1928,964.8389,0.35393,4.92205,5.264867,-0.3428167
965.1928,964.8389,0.35393,4.92205,5.607683,-0.6856333
965.1928,964.8389,0.35388,4.92205,5.4049,-0.48285
965.1928,964.8389,0.35386,4.92205,5.398633,-0.4765833
965.1928,964.8389,0.35386,4.92205,5.538717,-0.6166667
965.1928,964.8389,0.35385,4.92205,5.49065,-0.5686
965.1928,964.8389,0.35385,4.92205,5.5199,-0.59785
965.1928,964.839,0.35384,4.92205,5.335933,-0.4138833
965.1928,964.8391,0.35368,4.92205,5.465567,-0.5435167
965.1928,964.8392,0.35364,4.92205,5.379817,-0.4577667
965.1928,964.8392,0.35362,4.92205,5.381917,-0.4598667
965.1928,964.8392,0.35359,4.92205,5.524083,-0.6020333
965.1928,964.8392,0.35355,4.92205,5.599333,-0.6772833
965.1928,964.8393,0.35354,4.92205,5.46765,-0.5456
965.1928,964.8393,0.35352,4.92205,5.555433,-0.6333833
965.1928,964.8393,0.35349,4.92205,5.429983,-0.5079333
965.1928,964.8394,0.35336,4.92205,5.361017,-0.4389667
965.1928,964.8396,0.35319,4.92205,5.57425,-0.6522
965.1928,964.8396,0.35318,4.92205,5.3652,-0.44315
965.1928,964.8398,0.35301,4.92205,5.344283,-0.4222333
965.1928,964.8398,0.353,4.92205,5.536633,-0.6145833
965.1928,964.8399,0.35287,4.92205,5.371467,-0.4494167
965.1928,964.8399,0.35286,4.92205,5.549167,-0.6271167
965.1928,964.84,0.35285,4.92205,5.494817,-0.5727667
965.1928,964.84,0.35282,4.92205,5.461383,-0.5393333
965.1928,964.84,0.35276,4.92205,5.241867,-0.3198167
965.1928,964.8401,0.35266,4.92205,5.28785,-0.3658
965.1928,964.8402,0.35262,4.92205,5.262783,-0.3407333
965.1928,964.8402,0.35255,4.92205,5.325483,-0.4034333
965.1928,964.8403,0.35252,4.92205,5.453017,-0.5309667
965.1928,964.8403,0.35252,4.92205,5.645317,-0.7232667
965.1928,964.8403,0.35249,4.92205,5.354733,-0.4326833
965.1928,964.8403,0.35249,4.92205,5.5847,-0.66265
965.1928,964.8404,0.35242,4.92205,5.505267,-0.5832167
965.1928,964.8404,0.35239,4.92205,5.22515,-0.3031
965.1928,964.8404,0.35238,4.92205,5.6265,-0.70445
965.1928,964.8404,0.35236,4.92205,5.35265,-0.4306
965.1928,964.8404,0.35236,4.92205,5.55125,-0.6292
965.1928,964.8405,0.35233,4.92205,5.147817,-0.2257667
965.1928,964.8405,0.35232,4.92205,5.597233,-0.6751833
965.1928,964.8405,0.35229,4.92205,5.432083,-0.5100333
965.1928,964.8406,0.35225,4.92205,5.559617,-0.6375667
965.1928,964.8406,0.35223,4.92205,5.565883,-0.6438333
965.1928,964.8406,0.35222,4.92205,5.745633,-0.8235833
965.1928,964.8406,0.35218,4.92205,5.473917,-0.5518667
965.1928,964.8406,0.35217,4.92205,5.4467,-0.52465
965.1928,964.8406,0.35217,4.92205,5.482283,-0.5602333
965.1928,964.8407,0.35213,4.92205,5.338017,-0.4159667
965.1928,964.8407,0.35208,4.92205,5.233517,-0.3114667
965.1928,964.8408,0.35204,4.92205,5.3422,-0.42015
965.1928,964.8408,0.35201,4.92205,5.315033,-0.3929833
965.1928,964.8408,0.352,4.92205,5.346383,-0.4243333
965.1928,964.8408,0.35199,4.92205,5.728917,-0.8068667
965.1928,964.8408,0.35198,4.92205,5.463467,-0.5414167
965.1928,964.8408,0.35197,4.92205,5.402817,-0.4807667
965.1928,964.8408,0.35196,4.92205,5.281583,-0.3595333
965.1928,964.8409,0.35192,4.92205,5.582617,-0.6605667
965.1928,964.8409,0.35189,4.92205,5.252317,-0.3302667
965.1928,964.8409,0.35189,4.92205,5.384,-0.46195
965.1928,964.841,0.35182,4.92205,5.3213,-0.39925
965.1928,964.841,0.35181,4.92205,5.254417,-0.3323667
965.1928,964.841,0.3518,4.92205,5.407,-0.48495
965.1928,964.841,0.3518,4.92205,5.515717,-0.5936667
965.1928,964.841,0.35179,4.92205,5.358917,-0.4368667
965.1928,964.8412,0.35163,4.92205,5.350567,-0.4285167
965.1928,964.8412,0.35163,4.92205,5.634867,-0.7128167
965.1928,964.8412,0.35162,4.92205,5.5408,-0.61875
965.1928,964.8412,0.35159,4.92205,5.292033,-0.3699833
965.1928,964.8413,0.35146,4.92205,5.411183,-0.4891333
965.1928,964.8414,0.35143,4.92205,5.507367,-0.5853167
965.1928,964.8414,0.35141,4.92205,5.340117,-0.4180667
965.1928,964.8414,0.35137,4.92205,5.2795,-0.35745
965.1928,964.8414,0.35137,4.92205,5.492733,-0.5706833
965.1928,964.8414,0.35136,4.92205,5.271133,-0.3490833
965.1928,964.8415,0.35134,4.92205,5.37355,-0.4515
965.1928,964.8415,0.35132,4.92205,4.508183,0.4138667
965.1928,964.8415,0.35132,4.92205,4.7611,0.16095
965.1928,964.8415,0.35131,4.92205,4.5291,0.39295
965.1928,964.8415,0.35128,4.92205,5.567983,-0.6459333
965.1928,964.8416,0.35124,4.92205,5.327567,-0.4055167
965.1928,964.8416,0.35124,4.92205,5.534533,-0.6124833
965.1928,964.8416,0.35122,4.92205,5.304583,-0.3825333
965.1928,964.8416,0.35121,4.92205,5.356833,-0.4347833
965.1928,964.8416,0.3512,4.92205,5.369367,-0.4473167
965.1928,964.8417,0.35106,4.92205,5.145733,-0.2236833
965.1928,964.8417,0.35106,4.92205,5.476017,-0.5539667
965.1928,964.8419,0.35089,4.92205,5.609783,-0.6877333
965.1928,964.8419,0.35088,4.92205,5.455117,-0.5330667
965.1928,964.8419,0.35087,4.92205,5.41535,-0.4933
965.1928,964.8419,0.35086,4.92205,5.51155,-0.5895
965.1928,964.842,0.3508,4.92205,4.535367,0.3866833
965.1928,964.842,0.3508,4.92205,5.377733,-0.4556833
965.1928,964.8421,0.35069,4.92205,5.30875,-0.3867
965.1928,964.8421,0.35066,4.92205,5.26695,-0.3449
965.1928,964.8421,0.35065,4.92205,5.570067,-0.6480167
965.1928,964.8422,0.3506,4.92205,5.630683,-0.7086333
965.1928,964.8422,0.35058,4.92205,5.283683,-0.3616333
965.1928,964.8422,0.35058,4.92205,5.319217,-0.3971667
965.1928,964.8422,0.35056,4.92205,5.459283,-0.5372333
965.1928,964.8423,0.35052,4.92205,5.275317,-0.3532667
965.1928,964.8423,0.35051,4.92205,5.2565,-0.33445
965.1928,964.8424,0.35044,4.92205,5.590967,-0.6689167
965.1928,964.8424,0.35042,4.92205,5.5429,-0.62085
965.1928,964.8424,0.35041,4.92205,5.31085,-0.3888
965.1928,964.8424,0.35039,4.92205,5.33175,-0.4097
965.1928,964.8424,0.35035,4.92205,5.2983,-0.37625
965.1928,964.8425,0.35028,4.92205,5.285767,-0.3637167
965.1928,964.8426,0.35023,4.92205,5.317117,-0.3950667
965.1928,964.8426,0.35023,4.92205,5.348467,-0.4264167
965.1928,964.8426,0.35016,4.92205,4.53745,0.3846
965.1928,964.8427,0.35015,4.92205,5.37565,-0.4536
965.1928,964.8427,0.35012,4.92205,4.531183,0.3908667
965.1928,964.8428,0.35005,4.92205,5.517817,-0.5957667
965.1928,964.8428,0.34997,4.92205,5.053767,-0.1317167
965.1928,964.8428,0.34997,4.92205,5.367283,-0.4452333
965.1928,964.8429,0.34991,4.92205,5.260683,-0.3386333
965.1928,964.8429,0.34989,4.92205,5.593067,-0.6710167
965.1928,964.843,0.34984,4.92205,5.037033,-0.1149833
965.1928,964.843,0.34984,4.92205,5.544983,-0.6229333
965.1928,964.843,0.34977,4.92205,5.421633,-0.4995833
965.1928,964.8431,0.34972,4.92205,5.486467,-0.5644167
965.1928,964.8431,0.34966,4.92205,5.294133,-0.3720833
965.1928,964.8432,0.34964,4.92205,5.3631,-0.44105
965.1928,964.8432,0.34963,4.92205,4.70675,0.2153
965.1928,964.8432,0.34957,4.92205,5.051667,-0.1296167
965.1928,964.8433,0.34955,4.92205,4.62315,0.2989
965.1928,964.8433,0.34951,4.92205,5.63695,-0.7149
965.1928,964.8433,0.34947,4.92205,5.4488,-0.52675
965.1928,964.8434,0.34943,4.92205,5.302483,-0.3804333
965.1928,964.8434,0.3494,4.92205,5.526183,-0.6041333
965.1928,964.8434,0.34939,4.92205,5.400717,-0.4786667
965.1928,964.8434,0.34939,4.92205,5.59515,-0.6731
965.1928,964.8435,0.34932,4.92205,5.152,-0.22995
965.1928,964.8435,0.34927,4.92205,5.239783,-0.3177333
965.1928,964.8436,0.34923,4.92205,4.533267,0.3887833
965.1928,964.8436,0.34922,4.92205,5.26905,-0.347
965.1928,964.8436,0.34921,4.92205,4.809217,0.1128333
965.1928,964.8436,0.3492,4.92205,4.775733,0.1463167
965.1928,964.8437,0.34915,4.92205,5.158267,-0.2362167
965.1928,964.8437,0.34915,4.92205,5.296217,-0.3741667
965.1928,964.8438,0.34901,4.92205,5.126917,-0.2048667
965.1928,964.8438,0.34897,4.92205,5.133183,-0.2111333
965.1928,964.8438,0.34895,4.92205,5.049583,-0.1275333
965.1928,964.8438,0.34895,4.92205,5.14155,-0.2195
965.1928,964.8439,0.34893,4.92205,4.621067,0.3009833
965.1928,964.8439,0.34892,4.92205,4.7172,0.20485
965.1928,964.8439,0.34891,4.92205,5.250233,-0.3281833
965.1928,964.8439,0.3489,4.92205,5.306667,-0.3846167
965.1928,964.8439,0.34889,4.92205,5.41745,-0.4954
965.1928,964.8439,0.34889,4.92205,5.4572,-0.53515
965.1928,964.8439,0.34887,4.92205,5.434167,-0.5121167
965.1928,964.8439,0.34885,4.92205,5.243967,-0.3219167
965.1928,964.844,0.34884,4.92205,4.779917,0.1421333
965.1928,964.844,0.34881,4.92205,5.047483,-0.1254333
965.1928,964.844,0.34881,4.92205,5.28995,-0.3679
965.1928,964.844,0.34879,4.92205,5.3004,-0.37835
965.1928,964.844,0.34876,4.92205,5.440433,-0.5183833
965.1928,964.8441,0.34875,4.92205,4.635683,0.2863667
965.1928,964.8441,0.34872,4.92205,4.552083,0.3699667
965.1928,964.8441,0.34871,4.92205,4.748567,0.1734833
965.1928,964.8441,0.3487,4.92205,5.312933,-0.3908833
965.1928,964.8441,0.34868,4.92205,4.510283,0.4117667
965.1928,964.8441,0.34868,4.92205,4.524917,0.3971333
965.1928,964.8441,0.34868,4.92205,4.527,0.39505
965.1928,964.8441,0.34868,4.92205,5.083017,-0.1609667
965.1928,964.8441,0.34868,4.92205,5.106017,-0.1839667
965.1928,964.8441,0.34868,4.92205,5.273233,-0.3511833
965.1928,964.8442,0.3486,4.92205,5.112283,-0.1902333
965.1928,964.8443,0.34854,4.92205,4.514467,0.4075833
965.1928,964.8443,0.34848,4.92205,5.43835,-0.5163
965.1928,964.8444,0.34843,4.92205,5.578433,-0.6563833
965.1928,964.8444,0.34841,4.92205,4.625233,0.2968167
965.1928,964.8444,0.34838,4.92205,4.782,0.14005
965.1928,964.8445,0.34832,4.92205,5.329667,-0.4076167
965.1928,964.8445,0.34828,4.92205,5.333833,-0.4117833
965.1928,964.8445,0.34827,4.92205,4.8134,0.10865
965.1928,964.8445,0.34827,4.92205,5.03495,-0.1129
965.1928,964.8446,0.34825,4.92205,4.669133,0.2529167
965.1928,964.8446,0.34825,4.92205,4.759017,0.1630333
965.1928,964.8446,0.34824,4.92205,4.66495,0.2571
965.1928,964.8446,0.34823,4.92205,4.82175,0.1003
965.1928,964.8446,0.34821,4.92205,5.24605,-0.324
965.1928,964.8446,0.3482,4.92205,5.09765,-0.1756
965.1928,964.8446,0.34819,4.92205,5.1311,-0.20905
965.1928,964.8447,0.34811,4.92205,5.057933,-0.1358833
965.1928,964.8447,0.34811,4.92205,5.11855,-0.1965
965.1928,964.8447,0.34807,4.92205,4.662867,0.2591833
965.1928,964.8447,0.34807,4.92205,5.060033,-0.1379833
965.1928,964.8447,0.34807,4.92205,5.07885,-0.1568
965.1928,964.8447,0.34807,4.92205,5.423717,-0.5016667
965.1928,964.8447,0.34805,4.92205,5.154083,-0.2320333
965.1928,964.8448,0.34803,4.92205,4.6775,0.24455
965.1928,964.8448,0.348,4.92205,4.648233,0.2738167
965.1928,964.8448,0.34799,4.92205,5.323383,-0.4013333
965.1928,964.8448,0.34796,4.92205,4.64405,0.278
965.1928,964.8448,0.34795,4.92205,4.742283,0.1797667
965.1928,964.8449,0.34794,4.92205,4.522817,0.3992333
965.1928,964.8449,0.34794,4.92205,4.604333,0.3177167
965.1928,964.8449,0.34791,4.92205,4.593883,0.3281667
965.1928,964.8449,0.34786,4.92205,5.041217,-0.1191667
965.1928,964.845,0.34785,4.92205,5.48855,-0.5665
965.1928,964.845,0.34784,4.92205,4.60225,0.3198
965.1928,964.845,0.34783,4.92205,4.815483,0.1065667
965.1928,964.845,0.34777,4.92205,5.0663,-0.14425
965.1928,964.8451,0.34775,4.92205,4.715117,0.2069333
965.1928,964.8451,0.34774,4.92205,5.419533,-0.4974833
965.1928,964.8451,0.34773,4.92205,4.792483,0.1295667
965.1928,964.8451,0.34772,4.92205,4.616883,0.3051667
965.1928,964.8451,0.34772,4.92205,4.692117,0.2299333
965.1928,964.8451,0.34772,4.92205,4.7402,0.18185
965.1928,964.8451,0.34771,4.92205,4.5688,0.35325
965.1928,964.8451,0.34768,4.92205,4.704667,0.2173833
965.1928,964.8451,0.34766,4.92205,4.564633,0.3574167
965.1928,964.8452,0.34761,4.92205,4.6127,0.30935
965.1928,964.8452,0.34761,4.92205,4.631517,0.2905333
965.1928,964.8452,0.3476,4.92205,5.068383,-0.1463333
965.1928,964.8452,0.34758,4.92205,5.4279,-0.50585
965.1928,964.8452,0.34757,4.92205,5.3861,-0.46405
965.1928,964.8452,0.34756,4.92205,4.744383,0.1776667
965.1928,964.8452,0.34755,4.92205,4.587617,0.3344333
965.1928,964.8452,0.34755,4.92205,4.681667,0.2403833
965.1928,964.8453,0.34754,4.92205,5.1081,-0.18605
965.1928,964.8453,0.34753,4.92205,4.6984,0.22365
965.1928,964.8453,0.34753,4.92205,4.788317,0.1337333
965.1928,964.8453,0.34752,4.92205,5.116467,-0.1944167
965.1928,964.8453,0.34746,4.92205,4.56045,0.3616
965.1928,964.8453,0.34746,4.92205,5.39445,-0.4724
965.1928,964.8454,0.34743,4.92205,5.61815,-0.6961
965.1928,964.8454,0.34742,4.92205,4.819667,0.1023833
965.1928,964.8454,0.34742,4.92205,5.0454,-0.12335
965.1928,964.8454,0.3474,4.92205,4.554167,0.3678833
965.1928,964.8454,0.3474,4.92205,4.694217,0.2278333
965.1928,964.8454,0.34739,4.92205,4.629417,0.2926333
965.1928,964.8454,0.34739,4.92205,4.767367,0.1546833
965.1928,964.8454,0.34739,4.92205,5.103917,-0.1818667
965.1928,964.8454,0.34736,4.92205,5.101833,-0.1797833
965.1928,964.8455,0.34734,4.92205,5.030767,-0.1087167
965.1928,964.8455,0.34732,4.92205,4.637783,0.2842667
965.1928,964.8455,0.34732,4.92205,4.796667,0.1253833
965.1928,964.8455,0.34732,4.92205,5.0224,-0.10035
965.1928,964.8455,0.34731,4.92205,4.746467,0.1755833
965.1928,964.8455,0.34727,4.92205,4.646133,0.2759167
965.1928,964.8455,0.34726,4.92205,4.723483,0.1985667
965.1928,964.8455,0.34726,4.92205,5.064217,-0.1421667
965.1928,964.8456,0.34725,4.92205,5.43625,-0.5142
965.1928,964.8456,0.34724,4.92205,4.817567,0.1044833
965.1928,964.8456,0.34724,4.92205,5.442533,-0.5204833
965.1928,964.8456,0.34723,4.92205,4.733933,0.1881167
965.1928,964.8456,0.34723,4.92205,5.1102,-0.18815
965.1928,964.8456,0.34723,4.92205,5.444617,-0.5225667
965.1928,964.8456,0.34722,4.92205,4.58135,0.3407
965.1928,964.8456,0.34722,4.92205,4.690033,0.2320167
965.1928,964.8456,0.34721,4.92205,5.032867,-0.1108167
965.1928,964.8456,0.34718,4.92205,5.070483,-0.1484333
965.1928,964.8456,0.34718,4.92205,5.522,-0.59995
965.1928,964.8457,0.34714,4.92205,5.039133,-0.1170833
965.1928,964.8457,0.34713,4.92205,5.0245,-0.10245
965.1928,964.8457,0.34713,4.92205,5.2774,-0.35535
965.1928,964.8457,0.34711,4.92205,5.028683,-0.1066333
965.1928,964.8457,0.34708,4.92205,4.671217,0.2508333
965.1928,964.8457,0.34706,4.92205,4.710933,0.2111167
965.1928,964.8457,0.34705,4.92205,4.660767,0.2612833
965.1928,964.8458,0.34703,4.92205,4.5709,0.35115
965.1928,964.8458,0.34703,4.92205,4.713033,0.2090167
965.1928,964.8458,0.34701,4.92205,4.658683,0.2633667
965.1928,964.8458,0.34701,4.92205,5.05585,-0.1338
965.1928,964.8458,0.34699,4.92205,4.545817,0.3762333
965.1928,964.8458,0.34697,4.92205,5.043317,-0.1212667
965.1928,964.8458,0.34697,4.92205,5.229333,-0.3072833
965.1928,964.8458,0.34697,4.92205,5.53035,-0.6083
965.1928,964.8458,0.34696,4.92205,4.575083,0.3469667
965.1928,964.8458,0.34696,4.92205,5.093467,-0.1714167
965.1928,964.8459,0.34695,4.92205,4.68795,0.2341
965.1928,964.8459,0.34693,4.92205,4.572983,0.3490667
965.1928,964.8459,0.34693,4.92205,5.072567,-0.1505167
965.1928,964.8459,0.34692,4.92205,4.556267,0.3657833
965.1928,964.8459,0.34691,4.92205,4.683767,0.2382833
965.1928,964.8459,0.34687,4.92205,4.807117,0.1149333
965.1928,964.846,0.34683,4.92205,4.5897,0.33235
965.1928,964.846,0.34682,4.92205,4.5479,0.37415
965.1928,964.846,0.34682,4.92205,4.784133,0.1379167
965.1928,964.846,0.34682,4.92205,5.07675,-0.1547
965.1928,964.846,0.34682,4.92205,5.2377,-0.31565
965.1928,964.846,0.3468,4.92205,4.721383,0.2006667
965.1928,964.846,0.3468,4.92205,5.2586,-0.33655
965.1928,964.846,0.34679,4.92205,4.541633,0.3804167
965.1928,964.846,0.34679,4.92205,4.60015,0.3219
965.1928,964.846,0.34679,4.92205,4.679583,0.2424667
965.1928,964.846,0.34675,4.92205,4.6963,0.22575
965.1928,964.846,0.34675,4.92205,5.080933,-0.1588833
965.1928,964.8461,0.34674,4.92205,4.57925,0.3428
965.1928,964.8461,0.34673,4.92205,4.80085,0.1212
965.1928,964.8461,0.3467,4.92205,4.725567,0.1964833
965.1928,964.8461,0.34668,4.92205,4.7193,0.20275
965.1928,964.8461,0.34668,4.92205,5.0872,-0.16515
965.1928,964.8462,0.34663,4.92205,4.5918,0.33025
965.1928,964.8462,0.34663,4.92205,4.6566,0.26545
965.1928,964.8462,0.34657,4.92205,4.608517,0.3135333
965.1928,964.8463,0.3465,4.92205,4.577167,0.3448833
965.1928,964.8463,0.34647,4.92205,5.074667,-0.1526167
965.1928,964.8463,0.34646,4.92205,4.641967,0.2800833
965.1928,964.8464,0.34645,4.92205,4.80295,0.1191
965.1928,964.8464,0.34643,4.92205,4.786217,0.1358333
965.1928,964.8464,0.34643,4.92205,5.085117,-0.1630667
965.1928,964.8464,0.34642,4.92205,4.798767,0.1232833
965.1928,964.8464,0.3464,4.92205,4.598067,0.3239833
965.1928,964.8464,0.34639,4.92205,5.24815,-0.3261
965.1928,964.8464,0.34637,4.92205,4.700483,0.2215667
965.1928,964.8464,0.34636,4.92205,5.091383,-0.1693333
965.1928,964.8464,0.34636,4.92205,5.095567,-0.1735167
965.1928,964.8465,0.34635,4.92205,4.650317,0.2717333
965.1928,964.8465,0.34632,4.92205,4.55,0.37205
965.1928,964.8465,0.34629,4.92205,4.7381,0.18395
965.1928,964.8466,0.34623,4.92205,4.72765,0.1944
965.1928,964.8466,0.34619,4.92205,4.614783,0.3072667
965.1928,964.8466,0.34617,4.92205,5.12065,-0.1986
965.1928,964.8466,0.34615,4.92205,5.062117,-0.1400667
965.1928,964.8467,0.34611,4.92205,4.639867,0.2821833
965.1928,964.8467,0.34611,4.92205,4.72975,0.1923
965.1928,964.8467,0.3461,4.92205,5.143633,-0.2215833
965.1928,964.8468,0.34604,4.92205,4.606433,0.3156167
965.1928,964.8468,0.34603,4.92205,4.75065,0.1714
965.1928,964.8468,0.34602,4.92205,4.543717,0.3783333
965.1928,964.8468,0.34602,4.92205,4.627333,0.2947167
965.1928,964.8468,0.34598,4.92205,4.70885,0.2132
965.1928,964.8468,0.34598,4.92205,4.763183,0.1588667
965.1928,964.8468,0.34596,4.92205,4.769467,0.1525833
965.1928,964.8468,0.34596,4.92205,4.773633,0.1484167
965.1928,964.8469,0.34595,4.92205,5.2356,-0.31355
965.1928,964.8469,0.34592,4.92205,4.736017,0.1860333
965.1928,964.8469,0.34589,4.92205,4.6336,0.28845
965.1928,964.8469,0.34586,4.92205,4.77155,0.1505
965.1928,964.847,0.34582,4.92205,4.618967,0.3030833
965.1928,964.847,0.34582,4.92205,5.09975,-0.1777
965.1928,964.847,0.34577,4.92205,4.673317,0.2487333
965.1928,964.847,0.34577,4.92205,4.777817,0.1442333
965.1928,964.847,0.34576,4.92205,4.51865,0.4034
965.1928,964.847,0.34576,4.92205,5.13945,-0.2174
965.1928,964.8471,0.34574,4.92205,5.586783,-0.6647333
965.1928,964.8471,0.34572,4.92205,4.585533,0.3365167
965.1928,964.8471,0.3457,4.92205,4.595983,0.3260667
965.1928,964.8472,0.34562,4.92205,4.566717,0.3553333
965.1928,964.8472,0.3456,4.92205,4.53955,0.3825
965.1928,964.8473,0.34555,4.92205,4.583433,0.3386167
965.1928,964.8473,0.34551,4.92205,4.55835,0.3637
965.1928,964.8474,0.34543,4.92205,5.137367,-0.2153167
965.1928,964.8474,0.34542,4.92205,4.68585,0.2362
965.1928,964.8474,0.3454,4.92205,5.2168,-0.29475
965.1928,964.8474,0.34539,4.92205,4.731833,0.1902167
965.1928,964.8474,0.34538,4.92205,4.752733,0.1693167
965.1928,964.8474,0.34537,4.92205,4.6545,0.26755
965.1928,964.8474,0.34535,4.92205,4.754833,0.1672167
965.1928,964.8475,0.3453,4.92205,4.610617,0.3114333
965.1928,964.8476,0.34524,4.92205,4.756917,0.1651333
965.1928,964.8476,0.34523,4.92205,4.562533,0.3595167
965.1928,964.8477,0.34515,4.92205,5.124833,-0.2027833
965.1928,964.8477,0.34512,4.92205,5.129,-0.20695
965.1928,964.8477,0.34511,4.92205,4.6754,0.24665
965.1928,964.8478,0.34496,4.92205,5.135283,-0.2132333
965.1928,964.848,0.34481,4.92205,5.026583,-0.1045333
965.1928,964.848,0.34479,4.92205,4.652417,0.2696333
965.1928,964.848,0.34477,4.92205,4.805033,0.1170167
965.1928,964.8481,0.3447,4.92205,4.8113,0.11075
965.1928,964.8481,0.3447,4.92205,5.122733,-0.2006833
965.1928,964.8482,0.34461,4.92205,4.7904,0.13165
965.1928,964.8487,0.34405,4.92205,4.794583,0.1274667
965.1928,964.8488,0.34402,4.92205,4.765283,0.1567667
965.1928,964.8488,0.34397,4.92205,4.702583,0.2194667
965.1928,964.8488,0.34395,4.92205,5.0893,-0.16725
965.1928,964.849,0.34377,4.92205,5.114367,-0.1923167
965.1928,964.8497,0.34313,4.92205,5.156183,-0.2341333
965.1928,964.8497,0.34311,4.92205,4.66705,0.255
965.1928,964.8503,0.3425,4.92205,4.520733,0.4013167
965.1928,964.8504,0.3424,4.92205,5.4258,-0.50375
965.1928,964.8512,0.34156,4.92205,4.194667,0.7273833
965.1928,964.8592,0.33364,4.92205,5.751917,-0.8298667
965.1928,964.9008,0.29202,4.92205,5.74355,-0.8215
965.1928,964.9375,0.25535,4.92205,5.3631,-0.44105
965.1928,964.9565,0.23631,4.92205,5.37355,-0.4515
965.1928,964.9586,0.23416,4.92205,4.796667,0.1253833
965.1928,964.9596,0.23317,4.92205,4.805033,0.1170167
965.1928,964.9601,0.23265,4.92205,5.354733,-0.4326833
965.1928,964.9608,0.23196,4.92205,4.746467,0.1755833
965.1928,964.9623,0.23051,4.92205,4.748567,0.1734833
965.1928,964.9626,0.23021,4.92205,4.752733,0.1693167
965.1928,964.963,0.22975,4.92205,4.736017,0.1860333
965.1928,964.9644,0.22843,4.92205,5.319217,-0.3971667
965.1928,964.9654,0.22737,4.92205,4.742283,0.1797667
965.1928,964.9679,0.22485,4.92205,4.744383,0.1776667
965.1928,964.9683,0.22453,4.92205,5.106017,-0.1839667
965.1928,964.9705,0.22232,4.92205,4.809217,0.1128333
965.1928,964.9724,0.22039,4.92205,5.1081,-0.18605
965.1928,964.9746,0.21822,4.92205,5.2795,-0.35745
965.1928,964.977,0.21576,4.92205,5.2774,-0.35535
965.1928,964.9771,0.21567,4.92205,5.26695,-0.3449
965.1928,964.9794,0.21338,4.92205,5.356833,-0.4347833
965.1928,964.9819,0.21085,4.92205,5.333833,-0.4117833
965.1928,964.9822,0.21064,4.92205,5.317117,-0.3950667
965.1928,964.9836,0.20921,4.92205,5.122733,-0.2006833
965.1928,964.9844,0.20838,4.92205,5.041217,-0.1191667
965.1928,964.9855,0.20731,4.92205,5.344283,-0.4222333
965.1928,964.9855,0.2073,4.92205,5.346383,-0.4243333
965.1928,964.987,0.20582,4.92205,5.820883,-0.8988333
965.1928,964.987,0.20577,4.92205,5.325483,-0.4034333
965.1928,964.9872,0.20557,4.92205,5.3422,-0.42015
965.1928,964.9874,0.20537,4.92205,5.358917,-0.4368667
965.1928,964.9874,0.20535,4.92205,5.432083,-0.5100333
965.1928,964.9879,0.20493,4.92205,5.28785,-0.3658
965.1928,964.9887,0.20414,4.92205,4.566717,0.3553333
965.1928,964.9891,0.20369,4.92205,5.281583,-0.3595333
965.1928,964.9896,0.20317,4.92205,5.33175,-0.4097
965.1928,964.9901,0.20272,4.92205,5.41535,-0.4933
965.1928,964.9903,0.20253,4.92205,5.03495,-0.1129
965.1928,964.9905,0.20226,4.92205,5.3213,-0.39925
965.1928,964.9906,0.20219,4.92205,5.3652,-0.44315
965.1928,964.9922,0.20056,4.92205,5.402817,-0.4807667
965.1928,964.9925,0.20032,4.92205,4.587617,0.3344333
965.1928,964.9933,0.1995,4.92205,4.610617,0.3114333
965.1928,964.9934,0.19942,4.92205,4.72765,0.1944
965.1928,964.9935,0.19933,4.92205,5.7979,-0.87585
965.1928,964.9935,0.19926,4.92205,4.564633,0.3574167
965.1928,964.9937,0.19913,4.92205,5.312933,-0.3908833
965.1928,964.9939,0.19889,4.92205,5.7958,-0.87375
965.1928,964.994,0.19883,4.92205,4.604333,0.3177167
965.1928,964.9941,0.19866,4.92205,5.810433,-0.8883833
965.1928,964.9942,0.19863,4.92205,4.614783,0.3072667
965.1928,964.9943,0.19853,4.92205,5.789533,-0.8674833
965.1928,964.9944,0.19841,4.92205,5.43835,-0.5163
965.1928,964.9948,0.19799,4.92205,5.802083,-0.8800333
965.1928,964.9948,0.19797,4.92205,4.5918,0.33025
965.1928,964.9948,0.19796,4.92205,5.421633,-0.4995833
965.1928,964.9949,0.1979,4.92205,5.741467,-0.8194167
965.1928,964.9951,0.19771,4.92205,5.799983,-0.8779333
965.1928,964.9952,0.19758,4.92205,5.8188,-0.89675
965.1928,964.9953,0.19755,4.92205,5.78535,-0.8633
965.1928,964.9953,0.19751,4.92205,5.80625,-0.8842
965.1928,964.9954,0.19744,4.92205,5.76655,-0.8445
965.1928,964.9955,0.1973,4.92205,5.697567,-0.7755167
965.1928,964.9956,0.19719,4.92205,5.672483,-0.7504333
965.1928,964.9957,0.19713,4.92205,5.80835,-0.8863
965.1928,964.9957,0.19707,4.92205,5.103917,-0.1818667
965.1928,964.9959,0.19687,4.92205,5.779083,-0.8570333
965.1928,964.9962,0.19658,4.92205,5.6683,-0.74625
965.1928,964.9965,0.19634,4.92205,5.69965,-0.7776
965.1928,964.9966,0.19622,4.92205,5.747733,-0.8256833
965.1928,964.9966,0.19619,4.92205,5.716383,-0.7943333
965.1928,964.9967,0.19614,4.92205,5.777,-0.85495
965.1928,964.9967,0.19606,4.92205,5.653667,-0.7316167
965.1928,964.9968,0.19599,4.92205,5.720567,-0.7985167
965.1928,964.9969,0.19594,4.92205,5.8167,-0.89465
965.1928,964.9969,0.19593,4.92205,5.804167,-0.8821167
965.1928,964.9969,0.1959,4.92205,5.7561,-0.83405
965.1928,964.9971,0.19572,4.92205,5.632767,-0.7107167
965.1928,964.9971,0.19569,4.92205,5.664133,-0.7420833
965.1928,964.9972,0.19563,4.92205,5.622317,-0.7002667
965.1928,964.9972,0.19562,4.92205,5.6265,-0.70445
965.1928,964.9972,0.19556,4.92205,5.772817,-0.8507667
965.1928,964.9973,0.19547,4.92205,5.78745,-0.8654
965.1928,964.9973,0.19546,4.92205,5.674583,-0.7525333
965.1928,964.9973,0.19545,4.92205,5.6495,-0.72745
965.1928,964.9974,0.19544,4.92205,5.705933,-0.7838833
965.1928,964.9974,0.19535,4.92205,5.783267,-0.8612167
965.1928,964.9975,0.19534,4.92205,5.718467,-0.7964167
965.1928,964.9975,0.19533,4.92205,5.724733,-0.8026833
965.1928,964.9975,0.19531,4.92205,5.6704,-0.74835
965.1928,964.9975,0.19529,4.92205,5.65995,-0.7379
965.1928,964.9975,0.19529,4.92205,5.6913,-0.76925
965.1928,964.9975,0.19526,4.92205,5.762367,-0.8403167
965.1928,964.9976,0.19516,4.92205,5.662033,-0.7399833
965.1928,964.9976,0.19516,4.92205,5.731017,-0.8089667
965.1928,964.9978,0.19498,4.92205,5.46765,-0.5456
965.1928,964.9978,0.19497,4.92205,5.455117,-0.5330667
965.1928,964.9978,0.19497,4.92205,5.471833,-0.5497833
965.1928,964.9979,0.19494,4.92205,5.6474,-0.72535
965.1928,964.9979,0.19489,4.92205,5.812533,-0.8904833
965.1928,964.998,0.1948,4.92205,5.726833,-0.8047833
965.1928,964.9981,0.19475,4.92205,5.429983,-0.5079333
965.1928,964.9981,0.19474,4.92205,5.450933,-0.5288833
965.1928,964.9981,0.19466,4.92205,5.651583,-0.7295333
965.1928,964.9982,0.19464,4.92205,5.4467,-0.52465
965.1928,964.9982,0.19464,4.92205,5.793717,-0.8716667
965.1928,964.9982,0.19457,4.92205,5.461383,-0.5393333
965.1928,964.9982,0.19457,4.92205,5.609783,-0.6877333
965.1928,964.9983,0.19452,4.92205,5.63905,-0.717
965.1928,964.9983,0.19451,4.92205,5.768633,-0.8465833
965.1928,964.9984,0.19443,4.92205,5.476017,-0.5539667
965.1928,964.9985,0.19434,4.92205,5.676667,-0.7546167
965.1928,964.9985,0.19429,4.92205,5.473917,-0.5518667
965.1928,964.9985,0.19427,4.92205,5.693383,-0.7713333
965.1928,964.9986,0.19423,4.92205,5.728917,-0.8068667
965.1928,964.9986,0.19422,4.92205,5.48855,-0.5665
965.1928,964.9986,0.19422,4.92205,5.590967,-0.6689167
965.1928,964.9986,0.1942,4.92205,5.76445,-0.8424
965.1928,964.9986,0.19419,4.92205,5.4572,-0.53515
965.1928,964.9986,0.19419,4.92205,5.770717,-0.8486667
965.1928,964.9986,0.19416,4.92205,5.758183,-0.8361333
965.1928,964.9986,0.19415,4.92205,5.49065,-0.5686
965.1928,964.9987,0.19413,4.92205,5.624417,-0.7023667
965.1928,964.9987,0.19413,4.92205,5.630683,-0.7086333
965.1928,964.9987,0.19412,4.92205,5.735183,-0.8131333
965.1928,964.9987,0.19411,4.92205,5.597233,-0.6751833
965.1928,964.9988,0.19403,4.92205,5.6892,-0.76715
965.1928,964.9988,0.19398,4.92205,5.645317,-0.7232667
965.1928,964.9988,0.19395,4.92205,5.68085,-0.7588
965.1928,964.9989,0.19387,4.92205,5.745633,-0.8235833
965.1928,964.999,0.19383,4.92205,5.603517,-0.6814667
965.1928,964.999,0.19377,4.92205,5.67875,-0.7567
965.1928,964.9991,0.19375,4.92205,5.74355,-0.8215
965.1928,964.9991,0.19371,4.92205,5.515717,-0.5936667
965.1928,964.9991,0.19369,4.92205,5.492733,-0.5706833
965.1928,964.9992,0.19363,4.92205,5.484367,-0.5623167
965.1928,964.9992,0.19358,4.92205,5.499,-0.57695
965.1928,964.9993,0.19351,4.92205,5.46975,-0.5477
965.1928,964.9993,0.19351,4.92205,5.682933,-0.7608833
965.1928,964.9993,0.19351,4.92205,5.781167,-0.8591167
965.1928,964.9993,0.19349,4.92205,5.547083,-0.6250333
965.1928,964.9994,0.1934,4.92205,5.749817,-0.8277667
965.1928,964.9994,0.19337,4.92205,5.59515,-0.6731
965.1928,964.9995,0.19334,4.92205,5.507367,-0.5853167
965.1928,964.9995,0.19333,4.92205,5.620233,-0.6981833
965.1928,964.9995,0.19329,4.92205,5.754,-0.83195
965.1928,964.9995,0.19328,4.92205,5.634867,-0.7128167
965.1928,964.9995,0.19327,4.92205,5.695483,-0.7734333
965.1928,964.9996,0.19323,4.92205,5.710117,-0.7880667
965.1928,964.9996,0.19321,4.92205,5.601417,-0.6793667
965.1928,964.9996,0.19321,4.92205,5.655767,-0.7337167
965.1928,964.9996,0.19319,4.92205,5.7122,-0.79015
965.1928,964.9996,0.19318,4.92205,5.685033,-0.7629833
965.1928,964.9997,0.19312,4.92205,5.791617,-0.8695667
965.1928,964.9997,0.19311,4.92205,5.50945,-0.5874
965.1928,964.9997,0.19307,4.92205,5.708017,-0.7859667
965.1928,964.9998,0.193,4.92205,5.4802,-0.55815
965.1928,964.9998,0.19298,4.92205,5.5847,-0.66265
965.1928,964.9998,0.19296,4.92205,5.463467,-0.5414167
965.1928,964.9999,0.1929,4.92205,5.588883,-0.6668333
965.1928,965,0.19285,4.92205,5.494817,-0.5727667
965.1928,965,0.19281,4.92205,5.570067,-0.6480167
965.1928,965,0.19279,4.92205,5.578433,-0.6563833
965.1928,965,0.19279,4.92205,5.599333,-0.6772833
965.1928,965,0.19278,4.92205,5.444617,-0.5225667
965.1928,965,0.19278,4.92205,5.582617,-0.6605667
965.1928,965,0.19275,4.92205,5.53245,-0.6104
965.1928,965.0001,0.19273,4.92205,5.5408,-0.61875
965.1928,965.0001,0.19273,4.92205,5.593067,-0.6710167
965.1928,965.0001,0.19271,4.92205,5.465567,-0.5435167
965.1928,965.0001,0.19271,4.92205,5.6056,-0.68355
965.1928,965.0001,0.1927,4.92205,5.760267,-0.8382167
965.1928,965.0001,0.19269,4.92205,5.5011,-0.57905
965.1928,965.0001,0.19268,4.92205,5.57425,-0.6522
965.1928,965.0001,0.19265,4.92205,5.4488,-0.52675
965.1928,965.0002,0.19264,4.92205,5.814617,-0.8925667
965.1928,965.0002,0.19263,4.92205,5.5638,-0.64175
965.1928,965.0002,0.19263,4.92205,5.643217,-0.7211667
965.1928,965.0002,0.19259,4.92205,5.513633,-0.5915833
965.1928,965.0002,0.19258,4.92205,5.482283,-0.5602333
965.1928,965.0002,0.19258,4.92205,5.61605,-0.694
965.1928,965.0003,0.19252,4.92205,5.580517,-0.6584667
965.1928,965.0003,0.19251,4.92205,5.565883,-0.6438333
965.1928,965.0003,0.19249,4.92205,5.538717,-0.6166667
965.1928,965.0003,0.19249,4.92205,5.739367,-0.8173167
965.1928,965.0004,0.19244,4.92205,5.557533,-0.6354833
965.1928,965.0004,0.19243,4.92205,5.434167,-0.5121167
965.1928,965.0004,0.19243,4.92205,5.522,-0.59995
965.1928,965.0004,0.19242,4.92205,5.503183,-0.5811333
965.1928,965.0004,0.19239,4.92205,5.536633,-0.6145833
965.1928,965.0004,0.19238,4.92205,5.586783,-0.6647333
965.1928,965.0004,0.19236,4.92205,5.576333,-0.6542833
965.1928,965.0005,0.19232,4.92205,5.641133,-0.7190833
965.1928,965.0006,0.19218,4.92205,5.714283,-0.7922333
965.1928,965.0007,0.19214,4.92205,5.453017,-0.5309667
965.1928,965.0007,0.19207,4.92205,5.53035,-0.6083
965.1928,965.0007,0.19206,4.92205,5.7331,-0.81105
965.1928,965.0008,0.19205,4.92205,5.442533,-0.5204833
965.1928,965.0008,0.19203,4.92205,5.51155,-0.5895
965.1928,965.0008,0.19201,4.92205,5.55335,-0.6313
965.1928,965.0008,0.19201,4.92205,5.572167,-0.6501167
965.1928,965.0008,0.19199,4.92205,5.524083,-0.6020333
965.1928,965.0008,0.19196,4.92205,5.486467,-0.5644167
965.1928,965.0009,0.19192,4.92205,5.505267,-0.5832167
965.1928,965.0009,0.19191,4.92205,5.559617,-0.6375667
965.1928,965.0009,0.19188,4.92205,5.666217,-0.7441667
965.1928,965.0009,0.19186,4.92205,5.517817,-0.5957667
965.1928,965.001,0.19181,4.92205,5.70175,-0.7797
965.1928,965.001,0.19177,4.92205,5.496917,-0.5748667
965.1928,965.001,0.19176,4.92205,5.63695,-0.7149
965.1928,965.0011,0.19173,4.92205,5.4781,-0.55605
965.1928,965.0011,0.19171,4.92205,5.5199,-0.59785
965.1928,965.0011,0.19171,4.92205,5.5429,-0.62085
965.1928,965.0011,0.19168,4.92205,5.613967,-0.6919167
965.1928,965.0012,0.19162,4.92205,5.72265,-0.8006
965.1928,965.0012,0.19159,4.92205,5.607683,-0.6856333
965.1928,965.0012,0.19159,4.92205,5.611867,-0.6898167
965.1928,965.0012,0.19158,4.92205,5.61815,-0.6961
965.1928,965.0013,0.1915,4.92205,4.621067,0.3009833
965.1928,965.0013,0.19148,4.92205,5.6286,-0.70655
965.1928,965.0013,0.19147,4.92205,5.7749,-0.85285
965.1928,965.0014,0.19142,4.92205,5.534533,-0.6124833
965.1928,965.0015,0.19134,4.92205,5.555433,-0.6333833
965.1928,965.0015,0.19131,4.92205,5.567983,-0.6459333
965.1928,965.0015,0.1913,4.92205,5.5617,-0.63965
965.1928,965.0015,0.19129,4.92205,5.549167,-0.6271167
965.1928,965.0015,0.19125,4.92205,5.459283,-0.5372333
965.1928,965.0016,0.19121,4.92205,5.55125,-0.6292
965.1928,965.0016,0.19119,4.92205,5.526183,-0.6041333
965.1928,965.0016,0.19119,4.92205,5.528267,-0.6062167
965.1928,965.0016,0.19116,4.92205,5.544983,-0.6229333
965.1928,965.0017,0.19114,4.92205,5.65785,-0.7358
965.1928,965.0018,0.19102,4.92205,5.751917,-0.8298667
965.1928,965.0019,0.19093,4.92205,5.687117,-0.7650667
965.1928,965.0019,0.19089,4.92205,5.703833,-0.7817833
965.1928,965.0023,0.19051,4.92205,5.440433,-0.5183833
965.1928,965.0031,0.18971,4.92205,5.43625,-0.5142
965.1928,965.0031,0.18966,4.92205,5.419533,-0.4974833
965.1928,965.0035,0.18927,4.92205,5.423717,-0.5016667
965.1928,965.0037,0.18908,4.92205,5.737283,-0.8152333
965.1928,965.004,0.18876,4.92205,5.4279,-0.50585
965.1928,965.008,0.18481,4.92205,5.4258,-0.50375
965.1928,965.0138,0.17896,4.92205,5.3861,-0.46405
965.1928,965.0603,0.13254,4.92205,5.442533,-0.5204833
965.1928,965.2975,-0.10468,4.92205,4.746467,0.1755833
965.1928,965.3058,-0.11305,4.92205,4.713033,0.2090167
965.1928,965.3205,-0.12771,4.92205,5.047483,-0.1254333
965.1928,965.3269,-0.13413,4.92205,5.106017,-0.1839667
965.1928,965.3281,-0.13527,4.92205,4.604333,0.3177167
965.1928,965.3289,-0.1361,4.92205,4.5897,0.33235
965.1928,965.3302,-0.13741,4.92205,4.610617,0.3114333
965.1928,965.3305,-0.13765,4.92205,5.07675,-0.1547
965.1928,965.3307,-0.13791,4.92205,4.7193,0.20275
965.1928,965.3309,-0.13807,4.92205,4.608517,0.3135333
965.1928,965.3337,-0.14089,4.92205,5.0663,-0.14425
965.1928,965.336,-0.14317,4.92205,4.587617,0.3344333
965.1928,965.3367,-0.14391,4.92205,4.60015,0.3219
965.1928,965.338,-0.14522,4.92205,5.09765,-0.1756
965.1928,965.3386,-0.1458,4.92205,5.091383,-0.1693333
965.1928,965.3391,-0.14632,4.92205,5.05585,-0.1338
965.1928,965.3394,-0.14661,4.92205,5.0245,-0.10245
965.1928,965.3404,-0.14764,4.92205,5.080933,-0.1588833
965.1928,965.4286,-0.2358,4.92205,5.325483,-0.4034333
965.1928,965.4289,-0.23609,4.92205,4.4622,0.45985
965.1928,965.4297,-0.23685,4.92205,5.3652,-0.44315
965.1928,965.4297,-0.23688,4.92205,4.512367,0.4096833
965.1928,965.4298,-0.23703,4.92205,4.499833,0.4222167
965.1928,965.4301,-0.23734,4.92205,4.514467,0.4075833
965.1928,965.4302,-0.23737,4.92205,4.504017,0.4180333
965.1928,965.4302,-0.2374,4.92205,4.508183,0.4138667
965.1928,965.4304,-0.23757,4.92205,4.493567,0.4284833
965.1928,965.4313,-0.23851,4.92205,4.49565,0.4264
965.1928,965.4317,-0.23888,4.92205,4.531183,0.3908667
965.1928,965.432,-0.23917,4.92205,4.4413,0.48075
965.1928,965.432,-0.23922,4.92205,4.487283,0.4347667
965.1928,965.4321,-0.23931,4.92205,4.489383,0.4326667
965.1928,965.4326,-0.23985,4.92205,4.447583,0.4744667
965.1928,965.4329,-0.24009,4.92205,4.418317,0.5037333
965.1928,965.4331,-0.24029,4.92205,4.527,0.39505
965.1928,965.4331,-0.24031,4.92205,4.4016,0.52045
965.1928,965.4331,-0.24032,4.92205,4.51865,0.4034
965.1928,965.4331,-0.24034,4.92205,4.43295,0.4891
965.1928,965.4333,-0.24052,4.92205,4.426683,0.4953667
965.1928,965.4334,-0.24059,4.92205,4.405767,0.5162833
965.1928,965.4335,-0.24067,4.92205,4.41205,0.51
965.1928,965.4335,-0.24072,4.92205,4.403683,0.5183667
965.1928,965.4336,-0.24079,4.92205,4.397417,0.5246333
965.1928,965.4336,-0.24079,4.92205,4.458033,0.4640167
965.1928,965.4337,-0.24087,4.92205,4.522817,0.3992333
965.1928,965.4338,-0.24095,4.92205,4.407867,0.5141833
965.1928,965.4338,-0.24099,4.92205,4.497733,0.4243167
965.1928,965.4339,-0.24109,4.92205,4.520733,0.4013167
965.1928,965.4339,-0.24112,4.92205,4.280367,0.6416833
965.1928,965.434,-0.24122,4.92205,4.28245,0.6396
965.1928,965.434,-0.24123,4.92205,4.30335,0.6187
965.1928,965.4342,-0.24137,4.92205,4.288733,0.6333167
965.1928,965.4343,-0.24146,4.92205,4.476833,0.4452167
965.1928,965.4343,-0.24148,4.92205,4.5061,0.41595
965.1928,965.4343,-0.24149,4.92205,4.384867,0.5371833
965.1928,965.4343,-0.24151,4.92205,4.47475,0.4473
965.1928,965.4346,-0.24182,4.92205,4.370233,0.5518167
965.1928,965.4347,-0.24193,4.92205,4.395317,0.5267333
965.1928,965.4349,-0.24208,4.92205,4.307533,0.6145167
965.1928,965.4349,-0.24208,4.92205,4.3577,0.56435
965.1928,965.4349,-0.24212,4.92205,4.53745,0.3846
965.1928,965.4349,-0.24213,4.92205,4.301267,0.6207833
965.1928,965.4349,-0.24215,4.92205,4.4225,0.49955
965.1928,965.435,-0.24224,4.92205,4.2929,0.62915
965.1928,965.435,-0.24224,4.92205,4.351433,0.5706167
965.1928,965.4351,-0.24226,4.92205,4.5291,0.39295
965.1928,965.4352,-0.24235,4.92205,4.3138,0.60825
965.1928,965.4352,-0.24238,4.92205,4.3786,0.54345
965.1928,965.4352,-0.24239,4.92205,4.355617,0.5664333
965.1928,965.4352,-0.24242,4.92205,4.374417,0.5476333
965.1928,965.4352,-0.24243,4.92205,4.38905,0.533
965.1928,965.4352,-0.24245,4.92205,4.297083,0.6249667
965.1928,965.4352,-0.24245,4.92205,4.386967,0.5350833
965.1928,965.4353,-0.24251,4.92205,4.478933,0.4431167
965.1928,965.4353,-0.24253,4.92205,4.416217,0.5058333
965.1928,965.4354,-0.24259,4.92205,4.36815,0.5539
965.1928,965.4354,-0.24259,4.92205,4.483117,0.4389333
965.1928,965.4354,-0.24261,4.92205,4.445483,0.4765667
965.1928,965.4354,-0.24262,4.92205,4.376517,0.5455333
965.1928,965.4354,-0.24263,4.92205,4.393233,0.5288167
965.1928,965.4355,-0.24267,4.92205,4.361883,0.5601667
965.1928,965.4355,-0.24268,4.92205,4.353517,0.5685333
965.1928,965.4355,-0.24271,4.92205,4.470567,0.4514833
965.1928,965.4355,-0.24273,4.92205,4.372333,0.5497167
965.1928,965.4355,-0.24274,4.92205,4.30545,0.6166
965.1928,965.4355,-0.24274,4.92205,4.39115,0.5309
965.1928,965.4356,-0.24275,4.92205,4.3159,0.60615
965.1928,965.4356,-0.24281,4.92205,4.424583,0.4974667
965.1928,965.4356,-0.24284,4.92205,4.363967,0.5580833
965.1928,965.4357,-0.24285,4.92205,4.290817,0.6312333
965.1928,965.4357,-0.2429,4.92205,4.533267,0.3887833
965.1928,965.4357,-0.24292,4.92205,4.311717,0.6103333
965.1928,965.4358,-0.24298,4.92205,4.510283,0.4117667
965.1928,965.4358,-0.24299,4.92205,4.334717,0.5873333
965.1928,965.4359,-0.24307,4.92205,4.366067,0.5559833
965.1928,965.4359,-0.24308,4.92205,4.295,0.62705
965.1928,965.4359,-0.24309,4.92205,4.309633,0.6124167
965.1928,965.436,-0.24317,4.92205,4.32425,0.5978
965.1928,965.436,-0.24318,4.92205,4.299183,0.6228667
965.1928,965.436,-0.24318,4.92205,4.320083,0.6019667
965.1928,965.4361,-0.24328,4.92205,4.359783,0.5622667
965.1928,965.4361,-0.24329,4.92205,4.501917,0.4201333
965.1928,965.4361,-0.2433,4.92205,4.317983,0.6040667
965.1928,965.4361,-0.24333,4.92205,4.340983,0.5810667
965.1928,965.4362,-0.24343,4.92205,4.34725,0.5748
965.1928,965.4363,-0.24346,4.92205,4.524917,0.3971333
965.1928,965.4363,-0.24347,4.92205,4.3368,0.58525
965.1928,965.4363,-0.24348,4.92205,4.332617,0.5894333
965.1928,965.4364,-0.24356,4.92205,4.4434,0.47865
965.1928,965.4364,-0.24363,4.92205,4.3995,0.52255
965.1928,965.4365,-0.24368,4.92205,4.328433,0.5936167
965.1928,965.4365,-0.24368,4.92205,4.382783,0.5392667
965.1928,965.4365,-0.2437,4.92205,4.343067,0.5789833
965.1928,965.4365,-0.24371,4.92205,4.543717,0.3783333
965.1928,965.4366,-0.24381,4.92205,4.345167,0.5768833
965.1928,965.4366,-0.24382,4.92205,4.32635,0.5957
965.1928,965.4367,-0.24386,4.92205,4.349333,0.5727167
965.1928,965.4367,-0.24394,4.92205,4.322167,0.5998833
965.1928,965.4367,-0.24395,4.92205,4.278267,0.6437833
965.1928,965.4368,-0.244,4.92205,4.60225,0.3198
965.1928,965.4371,-0.24427,4.92205,4.472667,0.4493833
965.1928,965.4373,-0.24453,4.92205,4.3807,0.54135
965.1928,965.4374,-0.24456,4.92205,4.330533,0.5915167
965.1928,965.4374,-0.24457,4.92205,4.40995,0.5121
965.1928,965.4377,-0.24486,4.92205,4.481017,0.4410333
965.1928,965.4378,-0.24495,4.92205,4.338883,0.5831667
965.1928,965.4378,-0.24503,4.92205,4.535367,0.3866833
965.1928,965.438,-0.24515,4.92205,4.414133,0.5079167
965.1928,965.438,-0.24522,4.92205,4.541633,0.3804167
965.1928,965.438,-0.24523,4.92205,4.28455,0.6375
965.1928,965.4389,-0.24614,4.92205,4.51655,0.4055
965.1928,965.4392,-0.24639,4.92205,4.4204,0.50165
965.1928,965.4394,-0.24657,4.92205,4.449667,0.4723833
965.1928,965.4395,-0.24668,4.92205,4.53955,0.3825
965.1928,965.4397,-0.24687,4.92205,4.428767,0.4932833
965.1928,965.44,-0.24717,4.92205,4.809217,0.1128333
965.1928,965.44,-0.24721,4.92205,4.439217,0.4828333
965.1928,965.4402,-0.24744,4.92205,4.55,0.37205
965.1928,965.4404,-0.24759,4.92205,4.435033,0.4870167
965.1928,965.4404,-0.24762,4.92205,4.545817,0.3762333
965.1928,965.4406,-0.2478,4.92205,4.564633,0.3574167
965.1928,965.4407,-0.24791,4.92205,4.577167,0.3448833
965.1928,965.4407,-0.24794,4.92205,4.57925,0.3428
965.1928,965.4408,-0.24804,4.92205,4.575083,0.3469667
965.1928,965.4409,-0.24808,4.92205,4.572983,0.3490667
965.1928,965.441,-0.24815,4.92205,4.4852,0.43685
965.1928,965.441,-0.24816,4.92205,4.45175,0.4703
965.1928,965.441,-0.24818,4.92205,4.286633,0.6354167
965.1928,965.4415,-0.24868,4.92205,4.562533,0.3595167
965.1928,965.4415,-0.24873,4.92205,4.556267,0.3657833
965.1928,965.4421,-0.24934,4.92205,4.5709,0.35115
965.1928,965.4428,-0.24999,4.92205,4.5479,0.37415
965.1928,965.4429,-0.25008,4.92205,4.58135,0.3407
965.1928,965.4432,-0.25039,4.92205,4.56045,0.3616
965.1928,965.4433,-0.25045,4.92205,4.5688,0.35325
965.1928,965.4433,-0.25046,4.92205,4.491467,0.4305833
965.1928,965.4434,-0.2506,4.92205,4.552083,0.3699667
965.1928,965.4443,-0.25146,4.92205,4.583433,0.3386167
965.1928,965.445,-0.25224,4.92205,4.566717,0.3553333
965.1928,965.4489,-0.25611,4.92205,4.554167,0.3678833
965.1928,965.4837,-0.29093,4.92205,5.685033,-0.7629833
965.1928,965.4838,-0.29102,4.92205,5.814617,-0.8925667
965.1928,965.4842,-0.29145,4.92205,5.810433,-0.8883833
965.1928,965.4845,-0.29169,4.92205,5.812533,-0.8904833
965.1928,965.4854,-0.29258,4.92205,5.802083,-0.8800333
965.1928,965.4855,-0.29271,4.92205,5.695483,-0.7734333
965.1928,965.4856,-0.29278,4.92205,5.718467,-0.7964167
965.1928,965.4858,-0.29296,4.92205,5.7979,-0.87585
965.1928,965.4868,-0.29401,4.92205,5.687117,-0.7650667
965.1928,965.4881,-0.29527,4.92205,5.708017,-0.7859667
965.1928,965.4881,-0.29531,4.92205,5.674583,-0.7525333
965.1928,965.4881,-0.29532,4.92205,5.703833,-0.7817833
965.1928,965.489,-0.29619,4.92205,5.69965,-0.7776
965.1928,965.4896,-0.29676,4.92205,5.78745,-0.8654
965.1928,965.4896,-0.2968,4.92205,5.799983,-0.8779333
965.1928,965.4897,-0.29686,4.92205,5.6913,-0.76925
965.1928,965.4898,-0.29699,4.92205,5.779083,-0.8570333
965.1928,965.4899,-0.29712,4.92205,5.820883,-0.8988333
965.1928,965.4902,-0.29743,4.92205,5.783267,-0.8612167
965.1928,965.4904,-0.29761,4.92205,5.68085,-0.7588
965.1928,965.4904,-0.29764,4.92205,5.70175,-0.7797
965.1928,965.4906,-0.29779,4.92205,5.793717,-0.8716667
965.1928,965.4907,-0.29794,4.92205,5.78535,-0.8633
965.1928,965.4909,-0.29806,4.92205,5.7958,-0.87375
965.1928,965.4909,-0.29815,4.92205,5.705933,-0.7838833
965.1928,965.491,-0.29817,4.92205,5.67875,-0.7567
965.1928,965.491,-0.29824,4.92205,5.693383,-0.7713333
965.1928,965.4911,-0.2983,4.92205,5.770717,-0.8486667
965.1928,965.4913,-0.2985,4.92205,5.6892,-0.76715
965.1928,965.4914,-0.29858,4.92205,5.741467,-0.8194167
965.1928,965.4914,-0.29865,4.92205,5.682933,-0.7608833
965.1928,965.4915,-0.29867,4.92205,5.710117,-0.7880667
965.1928,965.4916,-0.29877,4.92205,5.726833,-0.8047833
965.1928,965.4916,-0.29879,4.92205,5.720567,-0.7985167
965.1928,965.4917,-0.29892,4.92205,5.777,-0.85495
965.1928,965.4919,-0.29906,4.92205,5.789533,-0.8674833
965.1928,965.4922,-0.29939,4.92205,5.76445,-0.8424
965.1928,965.4922,-0.29942,4.92205,5.80625,-0.8842
965.1928,965.4928,-0.30004,4.92205,5.760267,-0.8382167
965.1928,965.4929,-0.30008,4.92205,5.8167,-0.89465
965.1928,965.493,-0.30017,4.92205,5.724733,-0.8026833
965.1928,965.4931,-0.30027,4.92205,5.672483,-0.7504333
965.1928,965.4931,-0.30033,4.92205,5.7122,-0.79015
965.1928,965.4934,-0.30061,4.92205,5.731017,-0.8089667
965.1928,965.4935,-0.30072,4.92205,5.697567,-0.7755167
965.1928,965.4937,-0.30091,4.92205,5.772817,-0.8507667
965.1928,965.4941,-0.30127,4.92205,5.6704,-0.74835
965.1928,965.4942,-0.3014,4.92205,5.7749,-0.85285
965.1928,965.4943,-0.30151,4.92205,4.449667,0.4723833
965.1928,965.4945,-0.30169,4.92205,5.714283,-0.7922333
965.1928,965.495,-0.30217,4.92205,5.72265,-0.8006
965.1928,965.4952,-0.30241,4.92205,5.735183,-0.8131333
965.1928,965.4953,-0.30245,4.92205,5.8188,-0.89675
965.1928,965.4953,-0.30254,4.92205,5.749817,-0.8277667
965.1928,965.4956,-0.30284,4.92205,5.48855,-0.5665
965.1928,965.4957,-0.30291,4.92205,5.676667,-0.7546167
965.1928,965.4958,-0.30296,4.92205,5.496917,-0.5748667
965.1928,965.496,-0.30317,4.92205,5.768633,-0.8465833
965.1928,965.4961,-0.30329,4.92205,5.737283,-0.8152333
965.1928,965.4962,-0.30343,4.92205,5.739367,-0.8173167
965.1928,965.4963,-0.30348,4.92205,5.7561,-0.83405
965.1928,965.4963,-0.30354,4.92205,5.484367,-0.5623167
965.1928,965.4964,-0.30355,4.92205,5.6683,-0.74625
965.1928,965.4964,-0.30364,4.92205,5.74355,-0.8215
965.1928,965.4966,-0.30376,4.92205,5.804167,-0.8821167
965.1928,965.4966,-0.3038,4.92205,5.499,-0.57695
965.1928,965.4967,-0.3039,4.92205,5.492733,-0.5706833
965.1928,965.4969,-0.30406,4.92205,5.49065,-0.5686
965.1928,965.497,-0.30419,4.92205,5.503183,-0.5811333
965.1928,965.497,-0.30422,4.92205,5.76655,-0.8445
965.1928,965.497,-0.30425,4.92205,5.473917,-0.5518667
965.1928,965.4971,-0.30426,4.92205,5.791617,-0.8695667
965.1928,965.4971,-0.30433,4.92205,5.781167,-0.8591167
965.1928,965.4972,-0.3044,4.92205,5.482283,-0.5602333
965.1928,965.4972,-0.30441,4.92205,5.758183,-0.8361333
965.1928,965.4973,-0.30452,4.92205,5.515717,-0.5936667
965.1928,965.4974,-0.30464,4.92205,4.504017,0.4180333
965.1928,965.4977,-0.30491,4.92205,5.507367,-0.5853167
965.1928,965.4977,-0.30494,4.92205,5.4802,-0.55815
965.1928,965.4979,-0.30514,4.92205,5.513633,-0.5915833
965.1928,965.498,-0.30518,4.92205,5.53245,-0.6104
965.1928,965.498,-0.3052,4.92205,5.524083,-0.6020333
965.1928,965.4981,-0.30526,4.92205,5.5011,-0.57905
965.1928,965.4981,-0.30532,4.92205,5.80835,-0.8863
965.1928,965.4982,-0.3054,4.92205,5.728917,-0.8068667
965.1928,965.4982,-0.30543,4.92205,5.486467,-0.5644167
965.1928,965.4983,-0.30546,4.92205,5.476017,-0.5539667
965.1928,965.4983,-0.30553,4.92205,5.494817,-0.5727667
965.1928,965.4984,-0.3056,4.92205,5.762367,-0.8403167
965.1928,965.4984,-0.30563,4.92205,5.754,-0.83195
965.1928,965.4986,-0.30582,4.92205,5.51155,-0.5895
965.1928,965.4987,-0.30592,4.92205,5.517817,-0.5957667
965.1928,965.4989,-0.30607,4.92205,5.522,-0.59995
965.1928,965.4989,-0.30614,4.92205,5.505267,-0.5832167
965.1928,965.499,-0.30615,4.92205,5.7331,-0.81105
965.1928,965.499,-0.30623,4.92205,5.50945,-0.5874
965.1928,965.4991,-0.30627,4.92205,5.655767,-0.7337167
965.1928,965.4992,-0.30638,4.92205,5.5199,-0.59785
965.1928,965.4992,-0.30643,4.92205,5.471833,-0.5497833
965.1928,965.4993,-0.30648,4.92205,5.662033,-0.7399833
965.1928,965.4993,-0.30649,4.92205,5.4781,-0.55605
965.1928,965.4994,-0.30656,4.92205,5.745633,-0.8235833
965.1928,965.4995,-0.30667,4.92205,5.526183,-0.6041333
965.1928,965.4996,-0.30677,4.92205,5.528267,-0.6062167
965.1928,965.4996,-0.30678,4.92205,5.590967,-0.6689167
965.1928,965.4996,-0.30684,4.92205,5.751917,-0.8298667
965.1928,965.4996,-0.30685,4.92205,5.538717,-0.6166667
965.1928,965.4998,-0.30699,4.92205,5.65995,-0.7379
965.1928,965.5,-0.30721,4.92205,5.463467,-0.5414167
965.1928,965.5,-0.30724,4.92205,5.547083,-0.6250333
965.1928,965.5001,-0.30727,4.92205,5.5408,-0.61875
965.1928,965.5001,-0.30728,4.92205,5.534533,-0.6124833
965.1928,965.5003,-0.30749,4.92205,5.53035,-0.6083
965.1928,965.5004,-0.30757,4.92205,5.570067,-0.6480167
965.1928,965.5004,-0.30757,4.92205,5.63695,-0.7149
965.1928,965.5005,-0.30767,4.92205,5.716383,-0.7943333
965.1928,965.5005,-0.30772,4.92205,5.580517,-0.6584667
965.1928,965.5006,-0.30777,4.92205,5.55335,-0.6313
965.1928,965.5006,-0.3078,4.92205,5.384,-0.46195
965.1928,965.5006,-0.30784,4.92205,5.459283,-0.5372333
965.1928,965.5007,-0.3079,4.92205,5.664133,-0.7420833
965.1928,965.5007,-0.30793,4.92205,5.549167,-0.6271167
965.1928,965.5008,-0.30801,4.92205,5.46765,-0.5456
965.1928,965.5008,-0.30801,4.92205,5.559617,-0.6375667
965.1928,965.5009,-0.30809,4.92205,5.5638,-0.64175
965.1928,965.5009,-0.30811,4.92205,5.557533,-0.6354833
965.1928,965.5009,-0.30813,4.92205,5.536633,-0.6145833
965.1928,965.501,-0.30817,4.92205,5.588883,-0.6668333
965.1928,965.501,-0.30818,4.92205,5.666217,-0.7441667
965.1928,965.5012,-0.30842,4.92205,5.409083,-0.4870333
965.1928,965.5014,-0.30855,4.92205,5.57425,-0.6522
965.1928,965.5014,-0.30856,4.92205,5.55125,-0.6292
965.1928,965.5014,-0.30859,4.92205,5.5429,-0.62085
965.1928,965.5016,-0.30881,4.92205,5.544983,-0.6229333
965.1928,965.5017,-0.3089,4.92205,5.555433,-0.6333833
965.1928,965.5018,-0.30905,4.92205,5.6056,-0.68355
965.1928,965.5019,-0.30906,4.92205,5.63905,-0.717
965.1928,965.5019,-0.30913,4.92205,5.603517,-0.6814667
965.1928,965.502,-0.30923,4.92205,5.465567,-0.5435167
965.1928,965.5021,-0.30927,4.92205,5.578433,-0.6563833
965.1928,965.5022,-0.30937,4.92205,5.576333,-0.6542833
965.1928,965.5023,-0.30949,4.92205,5.582617,-0.6605667
965.1928,965.5023,-0.3095,4.92205,5.601417,-0.6793667
965.1928,965.5024,-0.30962,4.92205,5.747733,-0.8256833
965.1928,965.5025,-0.30967,4.92205,5.597233,-0.6751833
965.1928,965.5026,-0.30975,4.92205,5.5617,-0.63965
965.1928,965.5026,-0.30976,4.92205,5.39655,-0.4745
965.1928,965.5026,-0.30978,4.92205,5.593067,-0.6710167
965.1928,965.5027,-0.30985,4.92205,5.599333,-0.6772833
965.1928,965.5027,-0.30995,4.92205,5.61605,-0.694
965.1928,965.5028,-0.31003,4.92205,5.5847,-0.66265
965.1928,965.5029,-0.31008,4.92205,5.65785,-0.7358
965.1928,965.503,-0.31015,4.92205,5.572167,-0.6501167
965.1928,965.503,-0.31016,4.92205,5.46975,-0.5477
965.1928,965.5032,-0.31039,4.92205,5.565883,-0.6438333
965.1928,965.5032,-0.31042,4.92205,5.59515,-0.6731
965.1928,965.5033,-0.31046,4.92205,5.632767,-0.7107167
965.1928,965.5034,-0.31059,4.92205,5.609783,-0.6877333
965.1928,965.5035,-0.31065,4.92205,5.4258,-0.50375
965.1928,965.5035,-0.31067,4.92205,5.461383,-0.5393333
965.1928,965.5036,-0.3108,4.92205,5.586783,-0.6647333
965.1928,965.5037,-0.31094,4.92205,5.567983,-0.6459333
965.1928,965.5039,-0.31112,4.92205,5.607683,-0.6856333
965.1928,965.5041,-0.31125,4.92205,5.4572,-0.53515
965.1928,965.5043,-0.31153,4.92205,5.455117,-0.5330667
965.1928,965.5044,-0.31159,4.92205,5.3213,-0.39925
965.1928,965.5044,-0.31162,4.92205,4.51865,0.4034
965.1928,965.5046,-0.31183,4.92205,5.323383,-0.4013333
965.1928,965.5047,-0.31192,4.92205,5.6474,-0.72535
965.1928,965.5048,-0.31199,4.92205,5.35265,-0.4306
965.1928,965.5048,-0.31199,4.92205,5.4467,-0.52465
965.1928,965.505,-0.31216,4.92205,5.423717,-0.5016667
965.1928,965.505,-0.31224,4.92205,5.611867,-0.6898167
965.1928,965.5051,-0.31235,4.92205,4.428767,0.4932833
965.1928,965.5052,-0.31236,4.92205,5.645317,-0.7232667
965.1928,965.5052,-0.31241,4.92205,5.325483,-0.4034333
965.1928,965.5053,-0.31249,4.92205,5.6265,-0.70445
965.1928,965.5054,-0.31256,4.92205,5.450933,-0.5288833
965.1928,965.5054,-0.31261,4.92205,5.39445,-0.4724
965.1928,965.5055,-0.31272,4.92205,5.622317,-0.7002667
965.1928,965.5056,-0.3128,4.92205,5.335933,-0.4138833
965.1928,965.5057,-0.31289,4.92205,4.510283,0.4117667
965.1928,965.5057,-0.31289,4.92205,5.620233,-0.6981833
965.1928,965.5059,-0.31307,4.92205,5.429983,-0.5079333
965.1928,965.506,-0.3132,4.92205,5.231417,-0.3093667
965.1928,965.5061,-0.31326,4.92205,5.453017,-0.5309667
965.1928,965.5062,-0.31339,4.92205,4.527,0.39505
965.1928,965.5062,-0.31344,4.92205,5.333833,-0.4117833
965.1928,965.5063,-0.31348,4.92205,5.411183,-0.4891333
965.1928,965.5064,-0.31358,4.92205,5.613967,-0.6919167
965.1928,965.5065,-0.31373,4.92205,5.346383,-0.4243333
965.1928,965.5067,-0.31387,4.92205,4.531183,0.3908667
965.1928,965.5067,-0.3139,4.92205,5.33175,-0.4097
965.1928,965.5067,-0.31394,4.92205,5.442533,-0.5204833
965.1928,965.5068,-0.314,4.92205,5.651583,-0.7295333
965.1928,965.5068,-0.31404,4.92205,5.37355,-0.4515
965.1928,965.507,-0.31418,4.92205,4.520733,0.4013167
965.1928,965.507,-0.3142,4.92205,5.421633,-0.4995833
965.1928,965.5071,-0.31427,4.92205,5.4049,-0.48285
965.1928,965.5072,-0.31435,4.92205,5.432083,-0.5100333
965.1928,965.5074,-0.31458,4.92205,4.514467,0.4075833
965.1928,965.5075,-0.3147,4.92205,5.329667,-0.4076167
965.1928,965.5075,-0.31473,4.92205,5.294133,-0.3720833
965.1928,965.5076,-0.31477,4.92205,5.356833,-0.4347833
965.1928,965.5076,-0.31482,4.92205,5.444617,-0.5225667
965.1928,965.5076,-0.31483,4.92205,5.344283,-0.4222333
965.1928,965.5077,-0.31485,4.92205,5.292033,-0.3699833
965.1928,965.5077,-0.31492,4.92205,5.210517,-0.2884667
965.1928,965.5078,-0.31496,4.92205,5.653667,-0.7316167
965.1928,965.5078,-0.31501,4.92205,5.1729,-0.25085
965.1928,965.5079,-0.31509,4.92205,5.361017,-0.4389667
965.1928,965.508,-0.31521,4.92205,5.381917,-0.4598667
965.1928,965.5081,-0.31529,4.92205,5.30875,-0.3867
965.1928,965.5081,-0.31531,4.92205,5.4279,-0.50585
965.1928,965.5082,-0.31538,4.92205,5.388183,-0.4661333
965.1928,965.5082,-0.31538,4.92205,5.402817,-0.4807667
965.1928,965.5082,-0.3154,4.92205,5.327567,-0.4055167
965.1928,965.5082,-0.31542,4.92205,4.524917,0.3971333
965.1928,965.5083,-0.31549,4.92205,5.413267,-0.4912167
965.1928,965.5083,-0.3155,4.92205,5.304583,-0.3825333
965.1928,965.5083,-0.31551,4.92205,5.22515,-0.3031
965.1928,965.5083,-0.31553,4.92205,5.338017,-0.4159667
965.1928,965.5083,-0.31553,4.92205,5.340117,-0.4180667
965.1928,965.5083,-0.31555,4.92205,5.43625,-0.5142
965.1928,965.5084,-0.31559,4.92205,4.541633,0.3804167
965.1928,965.5085,-0.31569,4.92205,5.317117,-0.3950667
965.1928,965.5086,-0.31583,4.92205,5.348467,-0.4264167
965.1928,965.5087,-0.31594,4.92205,5.367283,-0.4452333
965.1928,965.5089,-0.31605,4.92205,5.407,-0.48495
965.1928,965.509,-0.31615,4.92205,5.400717,-0.4786667
965.1928,965.509,-0.31618,4.92205,5.275317,-0.3532667
965.1928,965.509,-0.31618,4.92205,5.3422,-0.42015
965.1928,965.509,-0.3162,4.92205,5.3631,-0.44105
965.1928,965.509,-0.31623,4.92205,5.398633,-0.4765833
965.1928,965.5091,-0.31629,4.92205,5.630683,-0.7086333
965.1928,965.5092,-0.31639,4.92205,5.312933,-0.3908833
965.1928,965.5093,-0.31651,4.92205,5.319217,-0.3971667
965.1928,965.5093,-0.31651,4.92205,5.41745,-0.4954
965.1928,965.5093,-0.31654,4.92205,4.552083,0.3699667
965.1928,965.5093,-0.31654,4.92205,5.3652,-0.44315
965.1928,965.5094,-0.31657,4.92205,5.296217,-0.3741667
965.1928,965.5094,-0.31661,4.92205,5.61815,-0.6961
965.1928,965.5095,-0.3167,4.92205,5.354733,-0.4326833
965.1928,965.5097,-0.31693,4.92205,5.371467,-0.4494167
965.1928,965.5098,-0.31699,4.92205,5.2983,-0.37625
965.1928,965.5099,-0.31713,4.92205,5.3861,-0.46405
965.1928,965.51,-0.31715,4.92205,5.6495,-0.72745
965.1928,965.51,-0.31722,4.92205,5.4488,-0.52675
965.1928,965.5102,-0.31738,4.92205,5.185433,-0.2633833
965.1928,965.5102,-0.31742,4.92205,5.283683,-0.3616333
965.1928,965.5102,-0.31743,4.92205,5.643217,-0.7211667
965.1928,965.5103,-0.31746,4.92205,4.5061,0.41595
965.1928,965.5103,-0.31746,4.92205,5.273233,-0.3511833
965.1928,965.5103,-0.31749,4.92205,5.377733,-0.4556833
965.1928,965.5103,-0.31751,4.92205,4.53745,0.3846
965.1928,965.5103,-0.31753,4.92205,5.41535,-0.4933
965.1928,965.5104,-0.31757,4.92205,4.535367,0.3866833
965.1928,965.5104,-0.31757,4.92205,5.624417,-0.7023667
965.1928,965.5104,-0.31758,4.92205,5.31085,-0.3888
965.1928,965.5107,-0.31786,4.92205,5.271133,-0.3490833
965.1928,965.5107,-0.31787,4.92205,4.545817,0.3762333
965.1928,965.5107,-0.31787,4.92205,4.62315,0.2989
965.1928,965.5108,-0.318,4.92205,5.260683,-0.3386333
965.1928,965.5109,-0.31806,4.92205,5.634867,-0.7128167
965.1928,965.5109,-0.31807,4.92205,5.43835,-0.5163
965.1928,965.5109,-0.3181,4.92205,5.264867,-0.3428167
965.1928,965.5109,-0.31813,4.92205,4.55835,0.3637
965.1928,965.511,-0.31822,4.92205,5.306667,-0.3846167
965.1928,965.511,-0.31822,4.92205,5.350567,-0.4285167
965.1928,965.5112,-0.3184,4.92205,5.28995,-0.3679
965.1928,965.5112,-0.3184,4.92205,5.419533,-0.4974833
965.1928,965.5112,-0.31842,4.92205,4.639867,0.2821833
965.1928,965.5113,-0.31851,4.92205,4.543717,0.3783333
965.1928,965.5113,-0.31854,4.92205,5.392367,-0.4703167
965.1928,965.5114,-0.31857,4.92205,5.358917,-0.4368667
965.1928,965.5114,-0.31858,4.92205,5.369367,-0.4473167
965.1928,965.5115,-0.31871,4.92205,5.440433,-0.5183833
965.1928,965.5115,-0.31872,4.92205,5.2377,-0.31565
965.1928,965.5116,-0.31878,4.92205,5.6286,-0.70655
965.1928,965.5116,-0.3188,4.92205,5.206333,-0.2842833
965.1928,965.5119,-0.31909,4.92205,5.24815,-0.3261
965.1928,965.5119,-0.31911,4.92205,5.3004,-0.37835
965.1928,965.5119,-0.31915,4.92205,4.610617,0.3114333
965.1928,965.512,-0.31923,4.92205,4.646133,0.2759167
965.1928,965.5121,-0.31926,4.92205,5.2774,-0.35535
965.1928,965.5122,-0.31938,4.92205,4.51655,0.4055
965.1928,965.5122,-0.31944,4.92205,5.641133,-0.7190833
965.1928,965.5123,-0.31951,4.92205,5.379817,-0.4577667
965.1928,965.5125,-0.3197,4.92205,5.315033,-0.3929833
965.1928,965.5126,-0.31976,4.92205,4.5479,0.37415
965.1928,965.5126,-0.31983,4.92205,5.434167,-0.5121167
965.1928,965.5127,-0.31988,4.92205,4.564633,0.3574167
965.1928,965.5127,-0.31988,4.92205,4.648233,0.2738167
965.1928,965.5127,-0.31991,4.92205,5.390267,-0.4682167
965.1928,965.5129,-0.32012,4.92205,4.556267,0.3657833
965.1928,965.5129,-0.32013,4.92205,4.595983,0.3260667
965.1928,965.5129,-0.32014,4.92205,4.635683,0.2863667
965.1928,965.513,-0.32018,4.92205,5.285767,-0.3637167
965.1928,965.513,-0.32022,4.92205,4.60225,0.3198
965.1928,965.513,-0.32023,4.92205,4.554167,0.3678833
965.1928,965.5131,-0.32026,4.92205,4.629417,0.2926333
965.1928,965.5131,-0.3203,4.92205,4.637783,0.2842667
965.1928,965.5131,-0.3203,4.92205,5.197983,-0.2759333
965.1928,965.5131,-0.32032,4.92205,4.604333,0.3177167
965.1928,965.5131,-0.32032,4.92205,4.614783,0.3072667
965.1928,965.5131,-0.32033,4.92205,4.575083,0.3469667
965.1928,965.5131,-0.32035,4.92205,5.302483,-0.3804333
965.1928,965.5133,-0.32046,4.92205,4.522817,0.3992333
965.1928,965.5133,-0.32053,4.92205,5.2565,-0.33445
965.1928,965.5134,-0.32056,4.92205,4.533267,0.3887833
965.1928,965.5134,-0.32061,4.92205,5.16245,-0.2404
965.1928,965.5134,-0.32063,4.92205,4.5897,0.33235
965.1928,965.5134,-0.32063,4.92205,5.218883,-0.2968333
965.1928,965.5135,-0.32067,4.92205,5.281583,-0.3595333
965.1928,965.5135,-0.32071,4.92205,4.57925,0.3428
965.1928,965.5136,-0.32084,4.92205,5.37565,-0.4536
965.1928,965.5137,-0.32089,4.92205,4.658683,0.2633667
965.1928,965.5137,-0.32095,4.92205,4.618967,0.3030833
965.1928,965.5139,-0.32106,4.92205,4.598067,0.3239833
965.1928,965.5139,-0.32112,4.92205,4.5291,0.39295
965.1928,965.5139,-0.32113,4.92205,4.587617,0.3344333
965.1928,965.514,-0.32116,4.92205,4.5918,0.33025
965.1928,965.514,-0.32117,4.92205,4.60015,0.3219
965.1928,965.514,-0.32118,4.92205,4.593883,0.3281667
965.1928,965.514,-0.32118,4.92205,5.22725,-0.3052
965.1928,965.514,-0.3212,4.92205,5.20425,-0.2822
965.1928,965.514,-0.32124,4.92205,4.641967,0.2800833
965.1928,965.5141,-0.32127,4.92205,5.223067,-0.3010167
965.1928,965.5141,-0.32127,4.92205,5.252317,-0.3302667
965.1928,965.5141,-0.32129,4.92205,5.177083,-0.2550333
965.1928,965.5141,-0.32132,4.92205,4.5709,0.35115
965.1928,965.5141,-0.32134,4.92205,4.68795,0.2341
965.1928,965.5142,-0.32136,4.92205,4.6336,0.28845
965.1928,965.5143,-0.32147,4.92205,4.627333,0.2947167
965.1928,965.5143,-0.3215,4.92205,5.164533,-0.2424833
965.1928,965.5144,-0.32156,4.92205,4.621067,0.3009833
965.1928,965.5144,-0.32157,4.92205,4.58135,0.3407
965.1928,965.5144,-0.32157,4.92205,4.66705,0.255
965.1928,965.5145,-0.32165,4.92205,4.5688,0.35325
965.1928,965.5145,-0.32166,4.92205,5.24605,-0.324
965.1928,965.5145,-0.32167,4.92205,4.6127,0.30935
965.1928,965.5145,-0.32168,4.92205,4.566717,0.3553333
965.1928,965.5145,-0.32168,4.92205,5.179167,-0.2571167
965.1928,965.5145,-0.3217,4.92205,5.254417,-0.3323667
965.1928,965.5145,-0.32174,4.92205,4.577167,0.3448833
965.1928,965.5146,-0.32177,4.92205,4.55,0.37205
965.1928,965.5146,-0.32182,4.92205,4.585533,0.3365167
965.1928,965.5146,-0.32183,4.92205,4.631517,0.2905333
965.1928,965.5146,-0.32184,4.92205,5.2147,-0.29265
965.1928,965.5147,-0.32188,4.92205,4.625233,0.2968167
965.1928,965.5147,-0.3219,4.92205,4.608517,0.3135333
965.1928,965.5147,-0.3219,4.92205,5.229333,-0.3072833
965.1928,965.5148,-0.32196,4.92205,4.673317,0.2487333
965.1928,965.5148,-0.32198,4.92205,4.70675,0.2153
965.1928,965.5148,-0.32199,4.92205,5.1938,-0.27175
965.1928,965.5148,-0.32202,4.92205,5.28785,-0.3658
965.1928,965.5149,-0.32207,4.92205,4.616883,0.3051667
965.1928,965.515,-0.32216,4.92205,5.262783,-0.3407333
965.1928,965.515,-0.32221,4.92205,5.170817,-0.2487667
965.1928,965.5151,-0.32227,4.92205,5.2356,-0.31355
965.1928,965.5151,-0.3223,4.92205,4.742283,0.1797667
965.1928,965.5151,-0.32232,4.92205,4.572983,0.3490667
965.1928,965.5151,-0.32234,4.92205,4.56045,0.3616
965.1928,965.5152,-0.32237,4.92205,5.212617,-0.2905667
965.1928,965.5153,-0.3225,4.92205,4.744383,0.1776667
965.1928,965.5153,-0.32252,4.92205,5.2795,-0.35745
965.1928,965.5153,-0.32253,4.92205,4.606433,0.3156167
965.1928,965.5154,-0.32257,4.92205,4.53955,0.3825
965.1928,965.5154,-0.32257,4.92205,4.77155,0.1505
965.1928,965.5154,-0.32258,4.92205,5.133183,-0.2111333
965.1928,965.5154,-0.32258,4.92205,5.154083,-0.2320333
965.1928,965.5154,-0.32265,4.92205,4.700483,0.2215667
965.1928,965.5155,-0.32267,4.92205,4.690033,0.2320167
965.1928,965.5155,-0.32275,4.92205,5.195883,-0.2738333
965.1928,965.5156,-0.32284,4.92205,4.671217,0.2508333
965.1928,965.5157,-0.32291,4.92205,4.8134,0.10865
965.1928,965.5157,-0.32291,4.92205,5.168717,-0.2466667
965.1928,965.5157,-0.32292,4.92205,4.6775,0.24455
965.1928,965.5157,-0.32292,4.92205,4.710933,0.2111167
965.1928,965.5158,-0.32295,4.92205,4.6984,0.22365
965.1928,965.5158,-0.32301,4.92205,4.669133,0.2529167
965.1928,965.5158,-0.32303,4.92205,4.7172,0.20485
965.1928,965.516,-0.32317,4.92205,5.14155,-0.2195
965.1928,965.516,-0.32317,4.92205,5.239783,-0.3177333
965.1928,965.5161,-0.3233,4.92205,4.681667,0.2403833
965.1928,965.5161,-0.32334,4.92205,4.715117,0.2069333
965.1928,965.5162,-0.32335,4.92205,4.6545,0.26755
965.1928,965.5162,-0.32337,4.92205,4.660767,0.2612833
965.1928,965.5162,-0.32337,4.92205,4.6963,0.22575
965.1928,965.5162,-0.3234,4.92205,5.152,-0.22995
965.1928,965.5162,-0.32344,4.92205,4.64405,0.278
965.1928,965.5162,-0.32344,4.92205,4.683767,0.2382833
965.1928,965.5163,-0.32349,4.92205,4.679583,0.2424667
965.1928,965.5164,-0.32356,4.92205,4.725567,0.1964833
965.1928,965.5164,-0.3236,4.92205,5.147817,-0.2257667
965.1928,965.5165,-0.3237,4.92205,5.145733,-0.2236833
965.1928,965.5165,-0.32373,4.92205,4.784133,0.1379167
965.1928,965.5166,-0.32378,4.92205,4.723483,0.1985667
965.1928,965.5166,-0.32379,4.92205,5.241867,-0.3198167
965.1928,965.5166,-0.3238,4.92205,4.583433,0.3386167
965.1928,965.5166,-0.32381,4.92205,4.694217,0.2278333
965.1928,965.5167,-0.32388,4.92205,5.250233,-0.3281833
965.1928,965.5167,-0.32392,4.92205,4.713033,0.2090167
965.1928,965.5167,-0.32394,4.92205,4.70885,0.2132
965.1928,965.5167,-0.32394,4.92205,4.777817,0.1442333
965.1928,965.5168,-0.32395,4.92205,5.060033,-0.1379833
965.1928,965.5168,-0.32396,4.92205,5.112283,-0.1902333
965.1928,965.5168,-0.32398,4.92205,4.80085,0.1212
965.1928,965.5168,-0.324,4.92205,4.562533,0.3595167
965.1928,965.5168,-0.32401,4.92205,4.6754,0.24665
965.1928,965.5168,-0.32401,4.92205,4.72765,0.1944
965.1928,965.5168,-0.32405,4.92205,5.124833,-0.2027833
965.1928,965.5169,-0.32407,4.92205,5.174983,-0.2529333
965.1928,965.5169,-0.32409,4.92205,4.779917,0.1421333
965.1928,965.5169,-0.32409,4.92205,5.095567,-0.1735167
965.1928,965.5169,-0.3241,4.92205,5.2168,-0.29475
965.1928,965.5169,-0.3241,4.92205,5.233517,-0.3114667
965.1928,965.517,-0.32421,4.92205,5.09975,-0.1777
965.1928,965.517,-0.32422,4.92205,4.788317,0.1337333
965.1928,965.517,-0.32423,4.92205,4.748567,0.1734833
965.1928,965.517,-0.32424,4.92205,4.66495,0.2571
965.1928,965.5171,-0.32429,4.92205,4.809217,0.1128333
965.1928,965.5171,-0.32429,4.92205,5.106017,-0.1839667
965.1928,965.5171,-0.3243,4.92205,4.704667,0.2173833
965.1928,965.5171,-0.32432,4.92205,5.07885,-0.1568
965.1928,965.5171,-0.32434,4.92205,4.754833,0.1672167
965.1928,965.5172,-0.32435,4.92205,4.692117,0.2299333
965.1928,965.5172,-0.32435,4.92205,5.16035,-0.2383
965.1928,965.5172,-0.32442,4.92205,4.794583,0.1274667
965.1928,965.5172,-0.32442,4.92205,4.819667,0.1023833
965.1928,965.5172,-0.32443,4.92205,5.039133,-0.1170833
965.1928,965.5172,-0.32445,4.92205,5.143633,-0.2215833
965.1928,965.5173,-0.32448,4.92205,4.736017,0.1860333
965.1928,965.5173,-0.32449,4.92205,4.773633,0.1484167
965.1928,965.5173,-0.32449,4.92205,4.796667,0.1253833
965.1928,965.5173,-0.32454,4.92205,5.26695,-0.3449
965.1928,965.5173,-0.32455,4.92205,5.068383,-0.1463333
965.1928,965.5174,-0.32456,4.92205,5.047483,-0.1254333
965.1928,965.5174,-0.32456,4.92205,5.083017,-0.1609667
965.1928,965.5174,-0.32458,4.92205,4.782,0.14005
965.1928,965.5174,-0.32461,4.92205,4.807117,0.1149333
965.1928,965.5174,-0.32462,4.92205,4.746467,0.1755833
965.1928,965.5174,-0.32463,4.92205,4.662867,0.2591833
965.1928,965.5174,-0.32463,4.92205,5.091383,-0.1693333
965.1928,965.5174,-0.32464,4.92205,4.80295,0.1191
965.1928,965.5175,-0.32468,4.92205,4.733933,0.1881167
965.1928,965.5175,-0.32468,4.92205,5.101833,-0.1797833
965.1928,965.5175,-0.32469,4.92205,4.7611,0.16095
965.1928,965.5175,-0.32469,4.92205,5.053767,-0.1317167
965.1928,965.5175,-0.3247,4.92205,4.702583,0.2194667
965.1928,965.5175,-0.32472,4.92205,5.126917,-0.2048667
965.1928,965.5175,-0.32473,4.92205,4.817567,0.1044833
965.1928,965.5176,-0.32476,4.92205,4.805033,0.1170167
965.1928,965.5176,-0.32476,4.92205,5.093467,-0.1714167
965.1928,965.5176,-0.32477,4.92205,5.166633,-0.2445833
965.1928,965.5176,-0.3248,4.92205,4.650317,0.2717333
965.1928,965.5176,-0.3248,4.92205,5.049583,-0.1275333
965.1928,965.5176,-0.32482,4.92205,4.756917,0.1651333
965.1928,965.5177,-0.32485,4.92205,5.028683,-0.1066333
965.1928,965.5177,-0.32487,4.92205,4.8113,0.11075
965.1928,965.5177,-0.32493,4.92205,5.0224,-0.10035
965.1928,965.5177,-0.32494,4.92205,4.82175,0.1003
965.1928,965.5177,-0.32494,4.92205,5.0663,-0.14425
965.1928,965.5177,-0.32494,4.92205,5.072567,-0.1505167
965.1928,965.5178,-0.32496,4.92205,5.200067,-0.2780167
965.1928,965.5178,-0.32497,4.92205,4.721383,0.2006667
965.1928,965.5178,-0.32497,4.92205,5.057933,-0.1358833
965.1928,965.5178,-0.32498,4.92205,4.815483,0.1065667
965.1928,965.5178,-0.32501,4.92205,5.070483,-0.1484333
965.1928,965.5178,-0.32501,4.92205,5.0893,-0.16725
965.1928,965.5178,-0.32505,4.92205,5.0245,-0.10245
965.1928,965.5179,-0.32506,4.92205,5.09765,-0.1756
965.1928,965.5179,-0.32507,4.92205,5.2586,-0.33655
965.1928,965.5179,-0.32508,4.92205,5.1102,-0.18815
965.1928,965.5179,-0.32508,4.92205,5.1499,-0.22785
965.1928,965.5179,-0.32513,4.92205,4.731833,0.1902167
965.1928,965.518,-0.32517,4.92205,4.769467,0.1525833
965.1928,965.518,-0.32519,4.92205,5.05585,-0.1338
965.1928,965.518,-0.32521,4.92205,4.72975,0.1923
965.1928,965.518,-0.32521,4.92205,4.767367,0.1546833
965.1928,965.518,-0.32523,4.92205,4.759017,0.1630333
965.1928,965.5181,-0.32526,4.92205,4.7402,0.18185
965.1928,965.5181,-0.3253,4.92205,5.137367,-0.2153167
965.1928,965.5181,-0.32531,4.92205,5.062117,-0.1400667
965.1928,965.5182,-0.3254,4.92205,5.051667,-0.1296167
965.1928,965.5182,-0.32544,4.92205,4.752733,0.1693167
965.1928,965.5182,-0.32544,4.92205,5.220967,-0.2989167
965.1928,965.5183,-0.32546,4.92205,5.032867,-0.1108167
965.1928,965.5183,-0.32546,4.92205,5.03495,-0.1129
965.1928,965.5183,-0.32546,4.92205,5.1081,-0.18605
965.1928,965.5183,-0.32547,4.92205,4.763183,0.1588667
965.1928,965.5183,-0.32549,4.92205,4.7381,0.18395
965.1928,965.5183,-0.3255,4.92205,4.75065,0.1714
965.1928,965.5183,-0.32553,4.92205,5.041217,-0.1191667
965.1928,965.5183,-0.32553,4.92205,5.12065,-0.1986
965.1928,965.5184,-0.32555,4.92205,5.037033,-0.1149833
965.1928,965.5184,-0.32559,4.92205,4.7904,0.13165
965.1928,965.5185,-0.32565,4.92205,4.7193,0.20275
965.1928,965.5185,-0.32572,4.92205,4.6566,0.26545
965.1928,965.5185,-0.32574,4.92205,4.775733,0.1463167
965.1928,965.5186,-0.32576,4.92205,5.026583,-0.1045333
965.1928,965.5187,-0.3259,4.92205,5.07675,-0.1547
965.1928,965.5187,-0.3259,4.92205,5.11855,-0.1965
965.1928,965.5187,-0.32592,4.92205,4.652417,0.2696333
965.1928,965.5187,-0.32592,4.92205,5.116467,-0.1944167
965.1928,965.5188,-0.32599,4.92205,5.080933,-0.1588833
965.1928,965.5188,-0.32601,4.92205,5.135283,-0.2132333
965.1928,965.5188,-0.32602,4.92205,4.68585,0.2362
965.1928,965.5188,-0.32603,4.92205,5.043317,-0.1212667
965.1928,965.5188,-0.32604,4.92205,5.085117,-0.1630667
965.1928,965.5189,-0.32605,4.92205,5.114367,-0.1923167
965.1928,965.5189,-0.32607,4.92205,5.030767,-0.1087167
965.1928,965.5189,-0.32611,4.92205,5.103917,-0.1818667
965.1928,965.519,-0.32618,4.92205,5.074667,-0.1526167
965.1928,965.519,-0.32623,4.92205,5.0872,-0.16515
965.1928,965.519,-0.32625,4.92205,5.187533,-0.2654833
965.1928,965.5191,-0.32631,4.92205,5.0454,-0.12335
965.1928,965.5191,-0.32634,4.92205,5.064217,-0.1421667
965.1928,965.5191,-0.32635,4.92205,5.158267,-0.2362167
965.1928,965.5193,-0.32651,4.92205,4.792483,0.1295667
965.1928,965.5194,-0.32662,4.92205,5.122733,-0.2006833
965.1928,965.5195,-0.32668,4.92205,4.798767,0.1232833
965.1928,965.5195,-0.32671,4.92205,4.786217,0.1358333
965.1928,965.5196,-0.32685,4.92205,5.156183,-0.2341333
965.1928,965.5197,-0.32693,4.92205,5.1311,-0.20905
965.1928,965.5198,-0.32696,4.92205,5.26905,-0.347
965.1928,965.5199,-0.32713,4.92205,5.129,-0.20695
965.1928,965.5199,-0.32714,4.92205,5.13945,-0.2174
965.1928,965.52,-0.3272,4.92205,5.181267,-0.2592167
965.1928,965.5207,-0.32785,4.92205,4.765283,0.1567667
965.1928,965.5222,-0.32937,4.92205,5.243967,-0.3219167
965.1928,965.5415,-0.34865,4.92205,5.63905,-0.717
965.1928,965.5423,-0.34951,4.92205,5.632767,-0.7107167
965.1928,965.5426,-0.34979,4.92205,5.63695,-0.7149
965.1928,965.5886,-0.39576,4.92205,4.328433,0.5936167
965.1928,965.5989,-0.40609,4.92205,5.708017,-0.7859667
965.1928,965.6003,-0.40754,4.92205,5.67875,-0.7567
965.1928,965.6151,-0.42235,4.92205,5.65785,-0.7358
965.1928,965.6215,-0.42873,4.92205,5.68085,-0.7588
965.1928,965.6224,-0.42958,4.92205,5.582617,-0.6605667
965.1928,965.6268,-0.43403,4.92205,5.55125,-0.6292
965.1928,965.6299,-0.43705,4.92205,5.745633,-0.8235833
965.1928,965.6317,-0.43893,4.92205,5.503183,-0.5811333
965.1928,965.6321,-0.43932,4.92205,5.4802,-0.55815
965.1928,965.6417,-0.44892,4.92205,5.61605,-0.694
965.1928,965.6418,-0.44902,4.92205,5.570067,-0.6480167
965.1928,965.6448,-0.45201,4.92205,5.57425,-0.6522
965.1928,965.6474,-0.45459,4.92205,5.5617,-0.63965
965.1928,965.6544,-0.46164,4.92205,5.091383,-0.1693333
965.1928,965.6545,-0.46173,4.92205,4.725567,0.1964833
965.1928,965.6558,-0.46298,4.92205,4.593883,0.3281667
965.1928,965.656,-0.46323,4.92205,4.57925,0.3428
965.1928,965.6561,-0.46329,4.92205,4.773633,0.1484167
965.1928,965.6608,-0.46798,4.92205,4.742283,0.1797667
965.1928,965.6642,-0.47139,4.92205,5.05585,-0.1338
965.1928,965.6645,-0.4717,4.92205,5.032867,-0.1108167
965.1928,965.6657,-0.47291,4.92205,5.051667,-0.1296167
965.1928,965.668,-0.47525,4.92205,4.70675,0.2153
965.1928,965.6682,-0.47545,4.92205,4.788317,0.1337333
965.1928,965.6699,-0.4771,4.92205,4.807117,0.1149333
965.1928,965.6701,-0.47732,4.92205,5.0872,-0.16515
965.1928,965.6709,-0.47808,4.92205,5.07675,-0.1547
965.1928,965.6723,-0.47946,4.92205,4.595983,0.3260667
965.1928,965.674,-0.48116,4.92205,5.083017,-0.1609667
965.1928,965.6748,-0.48195,4.92205,4.817567,0.1044833
965.1928,965.6753,-0.48252,4.92205,4.7381,0.18395
965.1928,965.6812,-0.48835,4.92205,5.0663,-0.14425
965.1928,965.7111,-0.51831,4.92205,5.060033,-0.1379833
965.1928,965.7145,-0.52172,4.92205,5.718467,-0.7964167
965.1928,965.717,-0.52424,4.92205,5.697567,-0.7755167
965.1928,965.7205,-0.52766,4.92205,5.459283,-0.5372333
965.1928,965.7223,-0.52951,4.92205,5.664133,-0.7420833
965.1928,965.7248,-0.53205,4.92205,5.599333,-0.6772833
965.1928,965.7251,-0.53232,4.92205,5.634867,-0.7128167
965.1928,965.7253,-0.53254,4.92205,5.622317,-0.7002667
965.1928,965.7263,-0.53351,4.92205,5.593067,-0.6710167
965.1928,965.7272,-0.53437,4.92205,5.611867,-0.6898167
965.1928,965.7276,-0.53478,4.92205,5.613967,-0.6919167
965.1928,965.7276,-0.53479,4.92205,5.59515,-0.6731
965.1928,965.7277,-0.53492,4.92205,5.601417,-0.6793667
965.1928,965.7282,-0.53539,4.92205,5.570067,-0.6480167
965.1928,965.7295,-0.5367,4.92205,5.463467,-0.5414167
965.1928,965.7295,-0.53674,4.92205,5.576333,-0.6542833
965.1928,965.7296,-0.53683,4.92205,5.57425,-0.6522
965.1928,965.7302,-0.53745,4.92205,5.61815,-0.6961
965.1928,965.7303,-0.5375,4.92205,5.49065,-0.5686
965.1928,965.7303,-0.53753,4.92205,5.455117,-0.5330667
965.1928,965.7306,-0.53784,4.92205,5.465567,-0.5435167
965.1928,965.7307,-0.53795,4.92205,5.61605,-0.694
965.1928,965.731,-0.53815,4.92205,5.476017,-0.5539667
965.1928,965.731,-0.53825,4.92205,5.588883,-0.6668333
965.1928,965.7311,-0.5383,4.92205,5.580517,-0.6584667
965.1928,965.7313,-0.53849,4.92205,5.609783,-0.6877333
965.1928,965.7314,-0.53864,4.92205,5.5847,-0.66265
965.1928,965.7318,-0.53902,4.92205,5.473917,-0.5518667
965.1928,965.7319,-0.53906,4.92205,5.4572,-0.53515
965.1928,965.7319,-0.53913,4.92205,5.557533,-0.6354833
965.1928,965.732,-0.53918,4.92205,5.582617,-0.6605667
965.1928,965.732,-0.53925,4.92205,5.567983,-0.6459333
965.1928,965.7322,-0.53941,4.92205,5.48855,-0.5665
965.1928,965.7323,-0.53951,4.92205,5.597233,-0.6751833
965.1928,965.7324,-0.53961,4.92205,5.55335,-0.6313
965.1928,965.7325,-0.53972,4.92205,5.471833,-0.5497833
965.1928,965.7327,-0.53994,4.92205,5.5199,-0.59785
965.1928,965.7328,-0.53995,4.92205,5.494817,-0.5727667
965.1928,965.7328,-0.53997,4.92205,5.46765,-0.5456
965.1928,965.7328,-0.54002,4.92205,5.572167,-0.6501167
965.1928,965.733,-0.54018,4.92205,5.578433,-0.6563833
965.1928,965.7331,-0.54025,4.92205,5.507367,-0.5853167
965.1928,965.7331,-0.5403,4.92205,5.524083,-0.6020333
965.1928,965.7332,-0.54035,4.92205,5.536633,-0.6145833
965.1928,965.7332,-0.54036,4.92205,5.55125,-0.6292
965.1928,965.7332,-0.54043,4.92205,5.4781,-0.55605
965.1928,965.7333,-0.54051,4.92205,5.484367,-0.5623167
965.1928,965.7333,-0.54054,4.92205,5.482283,-0.5602333
965.1928,965.7335,-0.54074,4.92205,5.590967,-0.6689167
965.1928,965.7336,-0.54075,4.92205,5.538717,-0.6166667
965.1928,965.7336,-0.5408,4.92205,5.526183,-0.6041333
965.1928,965.7336,-0.54081,4.92205,5.492733,-0.5706833
965.1928,965.7337,-0.54085,4.92205,5.6056,-0.68355
965.1928,965.7337,-0.54087,4.92205,5.5617,-0.63965
965.1928,965.7337,-0.54089,4.92205,5.517817,-0.5957667
965.1928,965.7338,-0.541,4.92205,5.555433,-0.6333833
965.1928,965.7339,-0.54106,4.92205,5.544983,-0.6229333
965.1928,965.734,-0.54117,4.92205,5.528267,-0.6062167
965.1928,965.734,-0.54117,4.92205,5.565883,-0.6438333
965.1928,965.7341,-0.54125,4.92205,5.46975,-0.5477
965.1928,965.7341,-0.54125,4.92205,5.603517,-0.6814667
965.1928,965.7342,-0.54141,4.92205,5.499,-0.57695
965.1928,965.7343,-0.54147,4.92205,5.549167,-0.6271167
965.1928,965.7345,-0.54169,4.92205,5.5638,-0.64175
965.1928,965.7345,-0.5417,4.92205,5.4802,-0.55815
965.1928,965.7345,-0.54174,4.92205,5.51155,-0.5895
965.1928,965.7346,-0.54179,4.92205,5.534533,-0.6124833
965.1928,965.7346,-0.54182,4.92205,5.559617,-0.6375667
965.1928,965.7347,-0.54188,4.92205,5.496917,-0.5748667
965.1928,965.7347,-0.54195,4.92205,5.513633,-0.5915833
965.1928,965.7348,-0.54196,4.92205,5.586783,-0.6647333
965.1928,965.7348,-0.54201,4.92205,5.522,-0.59995
965.1928,965.7348,-0.54202,4.92205,5.505267,-0.5832167
965.1928,965.735,-0.54224,4.92205,5.5408,-0.61875
965.1928,965.7351,-0.54226,4.92205,5.50945,-0.5874
965.1928,965.7351,-0.5423,4.92205,5.486467,-0.5644167
965.1928,965.7351,-0.54232,4.92205,5.515717,-0.5936667
965.1928,965.7354,-0.5426,4.92205,5.5429,-0.62085
965.1928,965.7355,-0.5427,4.92205,5.503183,-0.5811333
965.1928,965.7356,-0.54279,4.92205,5.53245,-0.6104
965.1928,965.7358,-0.54297,4.92205,5.5011,-0.57905
965.1928,965.7359,-0.5431,4.92205,5.607683,-0.6856333
965.1928,965.7361,-0.54331,4.92205,5.53035,-0.6083
965.1928,965.7363,-0.54346,4.92205,5.547083,-0.6250333
965.1928,965.7388,-0.54599,4.92205,5.434167,-0.5121167
965.1928,965.7438,-0.55105,4.92205,5.630683,-0.7086333
965.1928,965.7757,-0.58286,4.92205,5.810433,-0.8883833
965.1928,965.7802,-0.5874,4.92205,5.804167,-0.8821167
965.1928,965.7856,-0.59278,4.92205,5.768633,-0.8465833
965.1928,965.7875,-0.5947,4.92205,5.779083,-0.8570333
965.1928,965.7876,-0.59476,4.92205,5.735183,-0.8131333
965.1928,965.7884,-0.59564,4.92205,5.78745,-0.8654
965.1928,965.7893,-0.59646,4.92205,5.7979,-0.87585
965.1928,965.7896,-0.59683,4.92205,5.762367,-0.8403167
965.1928,965.792,-0.59916,4.92205,5.783267,-0.8612167
965.1928,965.7923,-0.59951,4.92205,5.799983,-0.8779333
965.1928,965.7927,-0.59994,4.92205,5.777,-0.85495
965.1928,965.7931,-0.60029,4.92205,5.80835,-0.8863
965.1928,965.7948,-0.60195,4.92205,5.760267,-0.8382167
965.1928,965.7975,-0.60465,4.92205,5.793717,-0.8716667
965.1928,965.7977,-0.60495,4.92205,5.718467,-0.7964167
965.1928,965.7978,-0.60497,4.92205,5.739367,-0.8173167
965.1928,965.799,-0.60621,4.92205,5.703833,-0.7817833
965.1928,965.8002,-0.60737,4.92205,5.751917,-0.8298667
965.1928,965.8013,-0.60851,4.92205,5.6892,-0.76715
965.1928,965.8019,-0.6091,4.92205,5.708017,-0.7859667
965.1928,965.8021,-0.60931,4.92205,5.695483,-0.7734333
965.1928,965.8028,-0.60998,4.92205,5.693383,-0.7713333
965.1928,965.803,-0.61024,4.92205,5.6704,-0.74835
965.1928,965.8032,-0.61043,4.92205,5.72265,-0.8006
965.1928,965.8039,-0.61106,4.92205,5.6913,-0.76925
965.1928,965.8053,-0.61245,4.92205,5.68085,-0.7588
965.1928,965.8058,-0.61303,4.92205,5.7122,-0.79015
965.1928,965.806,-0.61318,4.92205,5.685033,-0.7629833
965.1928,965.806,-0.61318,4.92205,5.789533,-0.8674833
965.1928,965.8065,-0.61369,4.92205,5.728917,-0.8068667
965.1928,965.8067,-0.6139,4.92205,5.69965,-0.7776
965.1928,965.8082,-0.61538,4.92205,5.687117,-0.7650667
965.1928,965.8089,-0.61613,4.92205,5.741467,-0.8194167
965.1928,965.809,-0.61618,4.92205,5.705933,-0.7838833
965.1928,965.8096,-0.61681,4.92205,5.80625,-0.8842
965.1928,965.8099,-0.61711,4.92205,5.814617,-0.8925667
965.1928,965.8106,-0.61784,4.92205,5.781167,-0.8591167
965.1928,965.8111,-0.61825,4.92205,5.812533,-0.8904833
965.1928,965.8118,-0.61896,4.92205,5.653667,-0.7316167
965.1928,965.8121,-0.61927,4.92205,5.714283,-0.7922333
965.1928,965.813,-0.62024,4.92205,5.716383,-0.7943333
965.1928,965.8134,-0.62062,4.92205,5.720567,-0.7985167
965.1928,965.8135,-0.6207,4.92205,5.65995,-0.7379
965.1928,965.8138,-0.62101,4.92205,5.710117,-0.7880667
965.1928,965.814,-0.62124,4.92205,5.820883,-0.8988333
965.1928,965.8141,-0.62127,4.92205,5.65785,-0.7358
965.1928,965.8141,-0.62132,4.92205,5.676667,-0.7546167
965.1928,965.8146,-0.62177,4.92205,5.7331,-0.81105
965.1928,965.8147,-0.62189,4.92205,5.754,-0.83195
965.1928,965.8147,-0.62194,4.92205,5.802083,-0.8800333
965.1928,965.8149,-0.62209,4.92205,5.697567,-0.7755167
965.1928,965.815,-0.62223,4.92205,5.682933,-0.7608833
965.1928,965.8155,-0.62266,4.92205,5.737283,-0.8152333
965.1928,965.8161,-0.62326,4.92205,5.731017,-0.8089667
965.1928,965.8168,-0.62397,4.92205,5.76655,-0.8445
965.1928,965.8175,-0.62468,4.92205,5.8167,-0.89465
965.1928,965.8177,-0.62487,4.92205,5.674583,-0.7525333
965.1928,965.8178,-0.62502,4.92205,5.666217,-0.7441667
965.1928,965.818,-0.62518,4.92205,5.662033,-0.7399833
965.1928,965.8187,-0.62594,4.92205,5.664133,-0.7420833
965.1928,965.819,-0.62617,4.92205,5.70175,-0.7797
965.1928,965.819,-0.62618,4.92205,5.78535,-0.8633
965.1928,965.8193,-0.62645,4.92205,5.726833,-0.8047833
965.1928,965.8193,-0.62648,4.92205,5.651583,-0.7295333
965.1928,965.82,-0.62716,4.92205,5.7749,-0.85285
965.1928,965.8213,-0.62853,4.92205,5.724733,-0.8026833
965.1928,965.8221,-0.62928,4.92205,5.758183,-0.8361333
965.1928,965.8222,-0.62941,4.92205,5.8188,-0.89675
965.1928,965.8227,-0.62992,4.92205,5.643217,-0.7211667
965.1928,965.8236,-0.63077,4.92205,5.7958,-0.87375
965.1928,965.8246,-0.63183,4.92205,5.67875,-0.7567
965.1928,965.8251,-0.63228,4.92205,5.672483,-0.7504333
965.1928,965.8258,-0.633,4.92205,5.770717,-0.8486667
965.1928,965.8259,-0.63314,4.92205,5.74355,-0.8215
965.1928,965.8265,-0.63366,4.92205,5.772817,-0.8507667
965.1928,965.8285,-0.63571,4.92205,5.588883,-0.6668333
965.1928,965.8286,-0.63577,4.92205,5.745633,-0.8235833
965.1928,965.8289,-0.63614,4.92205,5.6474,-0.72535
965.1928,965.8298,-0.63698,4.92205,5.5011,-0.57905
965.1928,965.8299,-0.63712,4.92205,5.55125,-0.6292
965.1928,965.8302,-0.63738,4.92205,5.762367,-0.8403167
965.1928,965.8306,-0.63775,4.92205,5.791617,-0.8695667
965.1928,965.8308,-0.63802,4.92205,5.522,-0.59995
965.1928,965.8316,-0.63881,4.92205,5.63905,-0.717
965.1928,965.8317,-0.63891,4.92205,5.632767,-0.7107167
965.1928,965.8322,-0.63936,4.92205,5.799983,-0.8779333
965.1928,965.833,-0.64018,4.92205,5.599333,-0.6772833
965.1928,965.833,-0.64022,4.92205,5.492733,-0.5706833
965.1928,965.8334,-0.64059,4.92205,5.804167,-0.8821167
965.1928,965.834,-0.64118,4.92205,5.6495,-0.72745
965.1928,965.8343,-0.64152,4.92205,5.6683,-0.74625
965.1928,965.8343,-0.64152,4.92205,5.749817,-0.8277667
965.1928,965.8345,-0.64167,4.92205,5.603517,-0.6814667
965.1928,965.8345,-0.64174,4.92205,5.620233,-0.6981833
965.1928,965.8347,-0.64195,4.92205,5.634867,-0.7128167
965.1928,965.8353,-0.64251,4.92205,5.630683,-0.7086333
965.1928,965.8354,-0.64258,4.92205,5.559617,-0.6375667
965.1928,965.8355,-0.64268,4.92205,5.655767,-0.7337167
965.1928,965.8356,-0.64283,4.92205,5.496917,-0.5748667
965.1928,965.8358,-0.64302,4.92205,5.499,-0.57695
965.1928,965.8359,-0.64307,4.92205,5.346383,-0.4243333
965.1928,965.8359,-0.64308,4.92205,5.590967,-0.6689167
965.1928,965.8359,-0.64308,4.92205,5.613967,-0.6919167
965.1928,965.8361,-0.64331,4.92205,5.507367,-0.5853167
965.1928,965.8365,-0.64365,4.92205,5.7979,-0.87585
965.1928,965.8365,-0.6437,4.92205,5.611867,-0.6898167
965.1928,965.8366,-0.64376,4.92205,5.5617,-0.63965
965.1928,965.8366,-0.64382,4.92205,5.402817,-0.4807667
965.1928,965.8367,-0.64392,4.92205,5.61605,-0.694
965.1928,965.8368,-0.64398,4.92205,5.7561,-0.83405
965.1928,965.8369,-0.64411,4.92205,5.641133,-0.7190833
965.1928,965.8372,-0.64436,4.92205,5.526183,-0.6041333
965.1928,965.8373,-0.64448,4.92205,5.505267,-0.5832167
965.1928,965.8374,-0.64461,4.92205,5.486467,-0.5644167
965.1928,965.8375,-0.6447,4.92205,5.46975,-0.5477
965.1928,965.8376,-0.64476,4.92205,5.4279,-0.50585
965.1928,965.8377,-0.64493,4.92205,5.471833,-0.5497833
965.1928,965.8378,-0.64499,4.92205,5.517817,-0.5957667
965.1928,965.8379,-0.6451,4.92205,5.494817,-0.5727667
965.1928,965.838,-0.64521,4.92205,5.476017,-0.5539667
965.1928,965.8382,-0.64536,4.92205,5.544983,-0.6229333
965.1928,965.8384,-0.64562,4.92205,5.53245,-0.6104
965.1928,965.8384,-0.64562,4.92205,5.622317,-0.7002667
965.1928,965.8386,-0.64581,4.92205,5.5408,-0.61875
965.1928,965.8387,-0.6459,4.92205,5.51155,-0.5895
965.1928,965.8388,-0.64601,4.92205,5.578433,-0.6563833
965.1928,965.8389,-0.64606,4.92205,5.5847,-0.66265
965.1928,965.8389,-0.64612,4.92205,5.536633,-0.6145833
965.1928,965.8391,-0.64625,4.92205,5.76445,-0.8424
965.1928,965.8391,-0.64631,4.92205,5.48855,-0.5665
965.1928,965.8392,-0.64636,4.92205,5.503183,-0.5811333
965.1928,965.8392,-0.64642,4.92205,5.513633,-0.5915833
965.1928,965.8395,-0.64668,4.92205,5.80835,-0.8863
965.1928,965.8395,-0.64669,4.92205,5.6265,-0.70445
965.1928,965.8396,-0.64678,4.92205,5.4488,-0.52675
965.1928,965.8397,-0.64687,4.92205,5.528267,-0.6062167
965.1928,965.8399,-0.64714,4.92205,5.607683,-0.6856333
965.1928,965.84,-0.64718,4.92205,5.361017,-0.4389667
965.1928,965.8401,-0.64726,4.92205,5.572167,-0.6501167
965.1928,965.8401,-0.64727,4.92205,5.442533,-0.5204833
965.1928,965.8402,-0.64739,4.92205,5.609783,-0.6877333
965.1928,965.8403,-0.64746,4.92205,5.565883,-0.6438333
965.1928,965.8403,-0.64748,4.92205,5.296217,-0.3741667
965.1928,965.8404,-0.64758,4.92205,5.473917,-0.5518667
965.1928,965.8404,-0.64762,4.92205,5.50945,-0.5874
965.1928,965.8406,-0.64779,4.92205,5.455117,-0.5330667
965.1928,965.8406,-0.64784,4.92205,5.78745,-0.8654
965.1928,965.8407,-0.64787,4.92205,5.547083,-0.6250333
965.1928,965.8407,-0.64789,4.92205,5.557533,-0.6354833
965.1928,965.8411,-0.64832,4.92205,5.515717,-0.5936667
965.1928,965.8415,-0.64874,4.92205,5.555433,-0.6333833
965.1928,965.8416,-0.64879,4.92205,5.63695,-0.7149
965.1928,965.8416,-0.64879,4.92205,5.747733,-0.8256833
965.1928,965.8416,-0.6488,4.92205,5.6286,-0.70655
965.1928,965.8416,-0.64881,4.92205,5.3652,-0.44315
965.1928,965.8417,-0.64889,4.92205,5.371467,-0.4494167
965.1928,965.8417,-0.64891,4.92205,5.329667,-0.4076167
965.1928,965.8419,-0.64915,4.92205,5.30875,-0.3867
965.1928,965.842,-0.64923,4.92205,5.538717,-0.6166667
965.1928,965.842,-0.64923,4.92205,5.57425,-0.6522
965.1928,965.8421,-0.64932,4.92205,5.49065,-0.5686
965.1928,965.8424,-0.64957,4.92205,5.570067,-0.6480167
965.1928,965.8424,-0.64959,4.92205,5.567983,-0.6459333
965.1928,965.8425,-0.64966,4.92205,5.53035,-0.6083
965.1928,965.8425,-0.64968,4.92205,5.407,-0.48495
965.1928,965.8426,-0.64976,4.92205,5.319217,-0.3971667
965.1928,965.8426,-0.64977,4.92205,5.432083,-0.5100333
965.1928,965.8426,-0.64982,4.92205,5.421633,-0.4995833
965.1928,965.8427,-0.6499,4.92205,5.348467,-0.4264167
965.1928,965.8427,-0.6499,4.92205,5.444617,-0.5225667
965.1928,965.8427,-0.64994,4.92205,5.344283,-0.4222333
965.1928,965.8428,-0.65002,4.92205,5.31085,-0.3888
965.1928,965.8428,-0.65003,4.92205,5.450933,-0.5288833
965.1928,965.8429,-0.6501,4.92205,5.735183,-0.8131333
965.1928,965.8429,-0.65011,4.92205,5.580517,-0.6584667
965.1928,965.8429,-0.65015,4.92205,5.524083,-0.6020333
965.1928,965.8431,-0.65027,4.92205,5.4572,-0.53515
965.1928,965.8432,-0.65036,4.92205,5.601417,-0.6793667
965.1928,965.8432,-0.6504,4.92205,5.2983,-0.37625
965.1928,965.8433,-0.65047,4.92205,5.294133,-0.3720833
965.1928,965.8433,-0.65051,4.92205,5.419533,-0.4974833
965.1928,965.8433,-0.65053,4.92205,5.3422,-0.42015
965.1928,965.8433,-0.65055,4.92205,5.271133,-0.3490833
965.1928,965.8434,-0.65056,4.92205,4.53745,0.3846
965.1928,965.8434,-0.6506,4.92205,5.55335,-0.6313
965.1928,965.8434,-0.65061,4.92205,5.465567,-0.5435167
965.1928,965.8434,-0.65062,4.92205,5.4802,-0.55815
965.1928,965.8437,-0.65088,4.92205,5.33175,-0.4097
965.1928,965.8438,-0.65095,4.92205,5.264867,-0.3428167
965.1928,965.8438,-0.65095,4.92205,5.312933,-0.3908833
965.1928,965.8439,-0.65108,4.92205,5.292033,-0.3699833
965.1928,965.844,-0.65119,4.92205,5.463467,-0.5414167
965.1928,965.844,-0.65119,4.92205,5.5199,-0.59785
965.1928,965.8442,-0.6514,4.92205,4.625233,0.2968167
965.1928,965.8443,-0.65153,4.92205,4.575083,0.3469667
965.1928,965.8444,-0.65156,4.92205,5.434167,-0.5121167
965.1928,965.8447,-0.65185,4.92205,5.350567,-0.4285167
965.1928,965.8447,-0.65186,4.92205,5.325483,-0.4034333
965.1928,965.8447,-0.65187,4.92205,5.283683,-0.3616333
965.1928,965.8448,-0.65196,4.92205,5.302483,-0.3804333
965.1928,965.8448,-0.65203,4.92205,5.59515,-0.6731
965.1928,965.8449,-0.65211,4.92205,5.41535,-0.4933
965.1928,965.8449,-0.65212,4.92205,5.285767,-0.3637167
965.1928,965.8449,-0.65212,4.92205,5.315033,-0.3929833
965.1928,965.8449,-0.65214,4.92205,5.482283,-0.5602333
965.1928,965.845,-0.65215,4.92205,5.323383,-0.4013333
965.1928,965.845,-0.6522,4.92205,4.614783,0.3072667
965.1928,965.845,-0.65222,4.92205,5.39655,-0.4745
965.1928,965.845,-0.65223,4.92205,5.358917,-0.4368667
965.1928,965.845,-0.65224,4.92205,5.338017,-0.4159667
965.1928,965.8453,-0.65251,4.92205,5.187533,-0.2654833
965.1928,965.8453,-0.65251,4.92205,5.411183,-0.4891333
965.1928,965.8453,-0.65252,4.92205,5.4049,-0.48285
965.1928,965.8454,-0.65256,4.92205,5.3213,-0.39925
965.1928,965.8454,-0.65256,4.92205,5.4467,-0.52465
965.1928,965.8454,-0.65261,4.92205,4.639867,0.2821833
965.1928,965.8455,-0.65273,4.92205,5.645317,-0.7232667
965.1928,965.8456,-0.65276,4.92205,4.629417,0.2926333
965.1928,965.8456,-0.65277,4.92205,5.4258,-0.50375
965.1928,965.8457,-0.65294,4.92205,5.327567,-0.4055167
965.1928,965.8458,-0.65297,4.92205,5.453017,-0.5309667
965.1928,965.8458,-0.65302,4.92205,5.413267,-0.4912167
965.1928,965.8459,-0.65311,4.92205,4.58135,0.3407
965.1928,965.846,-0.65321,4.92205,5.381917,-0.4598667
965.1928,965.8461,-0.65331,4.92205,4.64405,0.278
965.1928,965.8463,-0.65348,4.92205,5.304583,-0.3825333
965.1928,965.8463,-0.65348,4.92205,5.356833,-0.4347833
965.1928,965.8463,-0.65353,4.92205,5.281583,-0.3595333
965.1928,965.8464,-0.65362,4.92205,5.369367,-0.4473167
965.1928,965.8465,-0.65367,4.92205,5.273233,-0.3511833
965.1928,965.8465,-0.65375,4.92205,5.229333,-0.3072833
965.1928,965.8466,-0.65376,4.92205,4.5918,0.33025
965.1928,965.8466,-0.65376,4.92205,5.384,-0.46195
965.1928,965.8466,-0.65376,4.92205,5.576333,-0.6542833
965.1928,965.8468,-0.65395,4.92205,5.440433,-0.5183833
965.1928,965.8468,-0.65401,4.92205,4.6127,0.30935
965.1928,965.8469,-0.65408,4.92205,5.5429,-0.62085
965.1928,965.847,-0.65422,4.92205,5.250233,-0.3281833
965.1928,965.8471,-0.65432,4.92205,4.55,0.37205
965.1928,965.8471,-0.65432,4.92205,4.635683,0.2863667
965.1928,965.8472,-0.65437,4.92205,5.2565,-0.33445
965.1928,965.8472,-0.65441,4.92205,5.335933,-0.4138833
965.1928,965.8472,-0.65441,4.92205,5.6056,-0.68355
965.1928,965.8473,-0.65445,4.92205,5.768633,-0.8465833
965.1928,965.8473,-0.65448,4.92205,4.648233,0.2738167
965.1928,965.8473,-0.65449,4.92205,4.554167,0.3678833
965.1928,965.8473,-0.65449,4.92205,5.239783,-0.3177333
965.1928,965.8473,-0.65453,4.92205,5.223067,-0.3010167
965.1928,965.8474,-0.65459,4.92205,4.604333,0.3177167
965.1928,965.8474,-0.65463,4.92205,5.3004,-0.37835
965.1928,965.8475,-0.65466,4.92205,5.388183,-0.4661333
965.1928,965.8475,-0.65469,4.92205,5.4781,-0.55605
965.1928,965.8475,-0.65474,4.92205,4.66495,0.2571
965.1928,965.8476,-0.65476,4.92205,4.552083,0.3699667
965.1928,965.8476,-0.65476,4.92205,4.646133,0.2759167
965.1928,965.8476,-0.65476,4.92205,4.660767,0.2612833
965.1928,965.8476,-0.65481,4.92205,5.317117,-0.3950667
965.1928,965.8476,-0.65483,4.92205,5.3631,-0.44105
965.1928,965.8476,-0.65484,4.92205,5.18335,-0.2613
965.1928,965.8476,-0.65484,4.92205,5.5638,-0.64175
965.1928,965.8477,-0.65486,4.92205,5.306667,-0.3846167
965.1928,965.8477,-0.65489,4.92205,4.60015,0.3219
965.1928,965.8477,-0.65489,4.92205,5.377733,-0.4556833
965.1928,965.8477,-0.65489,4.92205,5.597233,-0.6751833
965.1928,965.8478,-0.65496,4.92205,4.57925,0.3428
965.1928,965.8478,-0.65499,4.92205,4.621067,0.3009833
965.1928,965.8478,-0.65499,4.92205,5.379817,-0.4577667
965.1928,965.8478,-0.65499,4.92205,5.41745,-0.4954
965.1928,965.8478,-0.65501,4.92205,4.531183,0.3908667
965.1928,965.8478,-0.65503,4.92205,5.241867,-0.3198167
965.1928,965.8478,-0.65505,4.92205,5.1499,-0.22785
965.1928,965.8479,-0.65512,4.92205,4.587617,0.3344333
965.1928,965.848,-0.65517,4.92205,5.43835,-0.5163
965.1928,965.848,-0.65518,4.92205,4.608517,0.3135333
965.1928,965.848,-0.65519,4.92205,5.624417,-0.7023667
965.1928,965.848,-0.65522,4.92205,4.543717,0.3783333
965.1928,965.848,-0.65523,4.92205,4.616883,0.3051667
965.1928,965.8481,-0.65529,4.92205,5.200067,-0.2780167
965.1928,965.8482,-0.65536,4.92205,5.37565,-0.4536
965.1928,965.8482,-0.65539,4.92205,4.6566,0.26545
965.1928,965.8483,-0.65548,4.92205,4.606433,0.3156167
965.1928,965.8484,-0.65559,4.92205,5.340117,-0.4180667
965.1928,965.8484,-0.6556,4.92205,4.6336,0.28845
965.1928,965.8484,-0.65561,4.92205,5.233517,-0.3114667
965.1928,965.8484,-0.65561,4.92205,5.582617,-0.6605667
965.1928,965.8484,-0.65563,4.92205,4.598067,0.3239833
965.1928,965.8485,-0.65569,4.92205,4.577167,0.3448833
965.1928,965.8485,-0.65571,4.92205,4.541633,0.3804167
965.1928,965.8485,-0.65572,4.92205,4.6545,0.26755
965.1928,965.8486,-0.65575,4.92205,4.583433,0.3386167
965.1928,965.8486,-0.65576,4.92205,5.354733,-0.4326833
965.1928,965.8486,-0.65578,4.92205,5.35265,-0.4306
965.1928,965.8486,-0.65579,4.92205,4.564633,0.3574167
965.1928,965.8486,-0.6558,4.92205,4.5688,0.35325
965.1928,965.8486,-0.65582,4.92205,5.593067,-0.6710167
965.1928,965.8486,-0.65583,4.92205,4.556267,0.3657833
965.1928,965.8487,-0.65587,4.92205,4.595983,0.3260667
965.1928,965.8487,-0.65593,4.92205,5.24815,-0.3261
965.1928,965.8488,-0.65597,4.92205,5.423717,-0.5016667
965.1928,965.8489,-0.65606,4.92205,4.673317,0.2487333
965.1928,965.8489,-0.65608,4.92205,4.562533,0.3595167
965.1928,965.8489,-0.65609,4.92205,4.650317,0.2717333
965.1928,965.8489,-0.65613,4.92205,4.53955,0.3825
965.1928,965.849,-0.65616,4.92205,4.593883,0.3281667
965.1928,965.849,-0.6562,4.92205,4.5897,0.33235
965.1928,965.8491,-0.65625,4.92205,5.206333,-0.2842833
965.1928,965.8491,-0.65628,4.92205,4.679583,0.2424667
965.1928,965.8491,-0.6563,4.92205,4.6775,0.24455
965.1928,965.8491,-0.6563,4.92205,5.39445,-0.4724
965.1928,965.8492,-0.65638,4.92205,4.566717,0.3553333
965.1928,965.8492,-0.6564,4.92205,5.534533,-0.6124833
965.1928,965.8492,-0.65644,4.92205,4.66705,0.255
965.1928,965.8493,-0.65647,4.92205,5.168717,-0.2466667
965.1928,965.8493,-0.65652,4.92205,5.185433,-0.2633833
965.1928,965.8493,-0.65654,4.92205,5.28785,-0.3658
965.1928,965.8493,-0.65655,4.92205,4.62315,0.2989
965.1928,965.8494,-0.65658,4.92205,5.152,-0.22995
965.1928,965.8494,-0.6566,4.92205,4.585533,0.3365167
965.1928,965.8494,-0.6566,4.92205,4.669133,0.2529167
965.1928,965.8494,-0.6566,4.92205,5.145733,-0.2236833
965.1928,965.8495,-0.65667,4.92205,5.43625,-0.5142
965.1928,965.8495,-0.65671,4.92205,4.652417,0.2696333
965.1928,965.8495,-0.65674,4.92205,4.5479,0.37415
965.1928,965.8496,-0.65679,4.92205,4.70675,0.2153
965.1928,965.8496,-0.65679,4.92205,4.7172,0.20485
965.1928,965.8496,-0.65683,4.92205,5.170817,-0.2487667
965.1928,965.8496,-0.65684,4.92205,4.6754,0.24665
965.1928,965.8496,-0.65685,4.92205,4.545817,0.3762333
965.1928,965.8497,-0.65689,4.92205,4.715117,0.2069333
965.1928,965.8497,-0.65691,4.92205,4.692117,0.2299333
965.1928,965.8498,-0.65698,4.92205,4.60225,0.3198
965.1928,965.8498,-0.657,4.92205,4.742283,0.1797667
965.1928,965.8498,-0.65701,4.92205,4.637783,0.2842667
965.1928,965.8498,-0.65702,4.92205,4.618967,0.3030833
965.1928,965.8498,-0.65703,4.92205,4.55835,0.3637
965.1928,965.8498,-0.65705,4.92205,5.2795,-0.35745
965.1928,965.8499,-0.65709,4.92205,4.56045,0.3616
965.1928,965.8499,-0.65709,4.92205,4.68585,0.2362
965.1928,965.85,-0.65715,4.92205,4.610617,0.3114333
965.1928,965.85,-0.65719,4.92205,4.723483,0.1985667
965.1928,965.85,-0.6572,4.92205,4.690033,0.2320167
965.1928,965.85,-0.6572,4.92205,5.126917,-0.2048667
965.1928,965.85,-0.65721,4.92205,4.627333,0.2947167
965.1928,965.85,-0.65723,4.92205,5.429983,-0.5079333
965.1928,965.8501,-0.65728,4.92205,4.671217,0.2508333
965.1928,965.8501,-0.6573,4.92205,5.181267,-0.2592167
965.1928,965.8502,-0.65736,4.92205,4.5709,0.35115
965.1928,965.8503,-0.65748,4.92205,5.218883,-0.2968333
965.1928,965.8503,-0.65754,4.92205,4.7381,0.18395
965.1928,965.8504,-0.65761,4.92205,4.713033,0.2090167
965.1928,965.8504,-0.65762,4.92205,5.2774,-0.35535
965.1928,965.8504,-0.65763,4.92205,4.681667,0.2403833
965.1928,965.8505,-0.65766,4.92205,4.641967,0.2800833
965.1928,965.8505,-0.65766,4.92205,4.683767,0.2382833
965.1928,965.8505,-0.65769,4.92205,5.243967,-0.3219167
965.1928,965.8505,-0.65769,4.92205,5.260683,-0.3386333
965.1928,965.8505,-0.6577,4.92205,5.14155,-0.2195
965.1928,965.8506,-0.65777,4.92205,5.24605,-0.324
965.1928,965.8506,-0.65779,4.92205,4.68795,0.2341
965.1928,965.8506,-0.65782,4.92205,4.809217,0.1128333
965.1928,965.8506,-0.65782,4.92205,5.26695,-0.3449
965.1928,965.8507,-0.6579,4.92205,5.13945,-0.2174
965.1928,965.8507,-0.65791,4.92205,4.817567,0.1044833
965.1928,965.8507,-0.65793,4.92205,5.060033,-0.1379833
965.1928,965.8508,-0.65796,4.92205,5.2586,-0.33655
965.1928,965.8508,-0.658,4.92205,4.744383,0.1776667
965.1928,965.8508,-0.65802,4.92205,4.70885,0.2132
965.1928,965.8508,-0.65803,4.92205,4.572983,0.3490667
965.1928,965.8509,-0.65805,4.92205,5.154083,-0.2320333
965.1928,965.851,-0.65824,4.92205,5.390267,-0.4682167
965.1928,965.851,-0.65825,4.92205,4.779917,0.1421333
965.1928,965.8511,-0.65829,4.92205,4.631517,0.2905333
965.1928,965.8511,-0.65829,4.92205,5.252317,-0.3302667
965.1928,965.8511,-0.6583,4.92205,5.2356,-0.31355
965.1928,965.8512,-0.65837,4.92205,5.135283,-0.2132333
965.1928,965.8512,-0.65839,4.92205,4.7611,0.16095
965.1928,965.8512,-0.6584,4.92205,4.748567,0.1734833
965.1928,965.8512,-0.65844,4.92205,5.137367,-0.2153167
965.1928,965.8513,-0.65847,4.92205,5.333833,-0.4117833
965.1928,965.8513,-0.65848,4.92205,5.254417,-0.3323667
965.1928,965.8513,-0.65851,4.92205,5.195883,-0.2738333
965.1928,965.8513,-0.65854,4.92205,5.158267,-0.2362167
965.1928,965.8514,-0.65855,4.92205,4.710933,0.2111167
965.1928,965.8514,-0.65855,4.92205,4.769467,0.1525833
965.1928,965.8514,-0.65855,4.92205,5.0663,-0.14425
965.1928,965.8514,-0.65856,4.92205,4.77155,0.1505
965.1928,965.8514,-0.65856,4.92205,5.083017,-0.1609667
965.1928,965.8514,-0.6586,4.92205,5.057933,-0.1358833
965.1928,965.8515,-0.65866,4.92205,4.736017,0.1860333
965.1928,965.8515,-0.65867,4.92205,5.0224,-0.10035
965.1928,965.8515,-0.6587,4.92205,5.026583,-0.1045333
965.1928,965.8515,-0.65875,4.92205,4.754833,0.1672167
965.1928,965.8515,-0.65875,4.92205,4.8134,0.10865
965.1928,965.8515,-0.65875,4.92205,5.16035,-0.2383
965.1928,965.8516,-0.65877,4.92205,4.788317,0.1337333
965.1928,965.8516,-0.65877,4.92205,4.807117,0.1149333
965.1928,965.8516,-0.65883,4.92205,5.37355,-0.4515
965.1928,965.8517,-0.65886,4.92205,4.700483,0.2215667
965.1928,965.8517,-0.65886,4.92205,4.82175,0.1003
965.1928,965.8517,-0.65888,4.92205,4.756917,0.1651333
965.1928,965.8517,-0.65889,4.92205,5.09765,-0.1756
965.1928,965.8517,-0.65889,4.92205,5.459283,-0.5372333
965.1928,965.8517,-0.65894,4.92205,5.039133,-0.1170833
965.1928,965.8518,-0.65895,4.92205,5.047483,-0.1254333
965.1928,965.8518,-0.65896,4.92205,4.773633,0.1484167
965.1928,965.8518,-0.65897,4.92205,4.6963,0.22575
965.1928,965.8518,-0.65897,4.92205,4.805033,0.1170167
965.1928,965.8518,-0.65901,4.92205,5.101833,-0.1797833
965.1928,965.8518,-0.65902,4.92205,4.72975,0.1923
965.1928,965.8518,-0.65902,4.92205,5.262783,-0.3407333
965.1928,965.8518,-0.65904,4.92205,5.085117,-0.1630667
965.1928,965.8519,-0.65905,4.92205,5.0893,-0.16725
965.1928,965.8519,-0.65906,4.92205,5.0245,-0.10245
965.1928,965.8519,-0.65907,4.92205,5.122733,-0.2006833
965.1928,965.8519,-0.65907,4.92205,5.124833,-0.2027833
965.1928,965.8519,-0.65912,4.92205,5.028683,-0.1066333
965.1928,965.8519,-0.65912,4.92205,5.062117,-0.1400667
965.1928,965.852,-0.65917,4.92205,5.1081,-0.18605
965.1928,965.852,-0.6592,4.92205,4.721383,0.2006667
965.1928,965.852,-0.6592,4.92205,5.3861,-0.46405
965.1928,965.852,-0.65923,4.92205,5.103917,-0.1818667
965.1928,965.852,-0.65924,4.92205,5.166633,-0.2445833
965.1928,965.852,-0.65925,4.92205,4.80085,0.1212
965.1928,965.852,-0.65925,4.92205,5.068383,-0.1463333
965.1928,965.8521,-0.65926,4.92205,5.116467,-0.1944167
965.1928,965.8522,-0.65939,4.92205,4.819667,0.1023833
965.1928,965.8522,-0.6594,4.92205,5.0872,-0.16515
965.1928,965.8522,-0.65941,4.92205,4.784133,0.1379167
965.1928,965.8523,-0.65947,4.92205,4.8113,0.11075
965.1928,965.8523,-0.65947,4.92205,5.220967,-0.2989167
965.1928,965.8523,-0.65947,4.92205,5.26905,-0.347
965.1928,965.8523,-0.65948,4.92205,4.725567,0.1964833
965.1928,965.8523,-0.65951,4.92205,4.794583,0.1274667
965.1928,965.8523,-0.65952,4.92205,5.053767,-0.1317167
965.1928,965.8523,-0.65952,4.92205,5.12065,-0.1986
965.1928,965.8523,-0.65953,4.92205,5.070483,-0.1484333
965.1928,965.8523,-0.65953,4.92205,5.093467,-0.1714167
965.1928,965.8524,-0.65959,4.92205,5.106017,-0.1839667
965.1928,965.8524,-0.65965,4.92205,4.746467,0.1755833
965.1928,965.8524,-0.65965,4.92205,5.143633,-0.2215833
965.1928,965.8525,-0.65967,4.92205,4.733933,0.1881167
965.1928,965.8525,-0.65969,4.92205,5.037033,-0.1149833
965.1928,965.8525,-0.65972,4.92205,5.09975,-0.1777
965.1928,965.8525,-0.65974,4.92205,5.051667,-0.1296167
965.1928,965.8525,-0.65974,4.92205,5.114367,-0.1923167
965.1928,965.8526,-0.65981,4.92205,4.662867,0.2591833
965.1928,965.8526,-0.65983,4.92205,5.07675,-0.1547
965.1928,965.8527,-0.65986,4.92205,4.7402,0.18185
965.1928,965.8527,-0.65987,4.92205,5.095567,-0.1735167
965.1928,965.8527,-0.65988,4.92205,5.07885,-0.1568
965.1928,965.8527,-0.6599,4.92205,5.275317,-0.3532667
965.1928,965.8527,-0.65993,4.92205,4.7904,0.13165
965.1928,965.8528,-0.65995,4.92205,4.782,0.14005
965.1928,965.8528,-0.65997,4.92205,5.1311,-0.20905
965.1928,965.8528,-0.65999,4.92205,4.777817,0.1442333
965.1928,965.8528,-0.66001,4.92205,5.043317,-0.1212667
965.1928,965.8528,-0.66001,4.92205,5.367283,-0.4452333
965.1928,965.8528,-0.66003,4.92205,4.752733,0.1693167
965.1928,965.8528,-0.66004,4.92205,5.03495,-0.1129
965.1928,965.8528,-0.66005,4.92205,4.786217,0.1358333
965.1928,965.8528,-0.66005,4.92205,5.091383,-0.1693333
965.1928,965.8529,-0.66006,4.92205,5.156183,-0.2341333
965.1928,965.8529,-0.66007,4.92205,5.072567,-0.1505167
965.1928,965.8529,-0.66008,4.92205,5.074667,-0.1526167
965.1928,965.8529,-0.66009,4.92205,4.704667,0.2173833
965.1928,965.8529,-0.6601,4.92205,5.129,-0.20695
965.1928,965.8529,-0.66012,4.92205,5.0454,-0.12335
965.1928,965.8529,-0.66015,4.92205,4.792483,0.1295667
965.1928,965.853,-0.66018,4.92205,4.702583,0.2194667
965.1928,965.853,-0.66019,4.92205,4.7193,0.20275
965.1928,965.853,-0.6602,4.92205,4.6984,0.22365
965.1928,965.853,-0.66024,4.92205,4.694217,0.2278333
965.1928,965.8531,-0.66031,4.92205,4.815483,0.1065667
965.1928,965.8532,-0.6604,4.92205,4.80295,0.1191
965.1928,965.8533,-0.66045,4.92205,4.75065,0.1714
965.1928,965.8533,-0.66046,4.92205,5.049583,-0.1275333
965.1928,965.8533,-0.66047,4.92205,4.658683,0.2633667
965.1928,965.8533,-0.66047,4.92205,5.032867,-0.1108167
965.1928,965.8533,-0.66047,4.92205,5.041217,-0.1191667
965.1928,965.8533,-0.66048,4.92205,5.080933,-0.1588833
965.1928,965.8533,-0.6605,4.92205,5.064217,-0.1421667
965.1928,965.8533,-0.66055,4.92205,5.030767,-0.1087167
965.1928,965.8534,-0.66063,4.92205,4.798767,0.1232833
965.1928,965.8535,-0.66069,4.92205,4.72765,0.1944
965.1928,965.8535,-0.66069,4.92205,4.765283,0.1567667
965.1928,965.8535,-0.66072,4.92205,5.112283,-0.1902333
965.1928,965.8536,-0.6608,4.92205,5.1102,-0.18815
965.1928,965.8536,-0.66082,4.92205,4.731833,0.1902167
965.1928,965.8536,-0.66082,4.92205,4.763183,0.1588667
965.1928,965.8536,-0.66083,4.92205,4.796667,0.1253833
965.1928,965.8538,-0.66103,4.92205,4.767367,0.1546833
965.1928,965.8538,-0.66105,4.92205,5.164533,-0.2424833
965.1928,965.8539,-0.66107,4.92205,5.133183,-0.2111333
965.1928,965.854,-0.66115,4.92205,5.147817,-0.2257667
965.1928,965.854,-0.66117,4.92205,5.05585,-0.1338
965.1928,965.8541,-0.66129,4.92205,4.775733,0.1463167
965.1928,965.8542,-0.66144,4.92205,5.461383,-0.5393333
965.1928,965.8546,-0.66181,4.92205,4.759017,0.1630333
965.1928,965.855,-0.66218,4.92205,5.586783,-0.6647333
965.1928,965.8552,-0.66236,4.92205,5.28995,-0.3679
965.1928,965.8552,-0.66245,4.92205,5.11855,-0.1965
965.1928,965.8573,-0.66447,4.92205,5.2168,-0.29475
965.1928,965.8583,-0.66548,4.92205,5.16245,-0.2404
965.1928,965.9189,-0.7261,4.92205,4.508183,0.4138667
965.1928,965.9236,-0.73083,4.92205,4.504017,0.4180333
965.1928,965.9237,-0.73091,4.92205,4.499833,0.4222167
965.1928,965.925,-0.7322,4.92205,4.489383,0.4326667
965.1928,965.9264,-0.73359,4.92205,4.39115,0.5309
965.1928,965.9265,-0.73368,4.92205,4.5061,0.41595
965.1928,965.9266,-0.73375,4.92205,4.487283,0.4347667
965.1928,965.9266,-0.73378,4.92205,4.4643,0.45775
965.1928,965.9268,-0.73402,4.92205,4.491467,0.4305833
965.1928,965.927,-0.73422,4.92205,4.460117,0.4619333
965.1928,965.9273,-0.73453,4.92205,4.497733,0.4243167
965.1928,965.9279,-0.73505,4.92205,4.437133,0.4849167
965.1928,965.9281,-0.73532,4.92205,4.481017,0.4410333
965.1928,965.9289,-0.73606,4.92205,4.512367,0.4096833
965.1928,965.929,-0.73618,4.92205,4.476833,0.4452167
965.1928,965.929,-0.73619,4.92205,4.493567,0.4284833
965.1928,965.929,-0.73621,4.92205,4.527,0.39505
965.1928,965.929,-0.73623,4.92205,4.5291,0.39295
965.1928,965.9292,-0.73641,4.92205,4.49565,0.4264
965.1928,965.9295,-0.73673,4.92205,4.483117,0.4389333
965.1928,965.9298,-0.73701,4.92205,4.470567,0.4514833
965.1928,965.9301,-0.73733,4.92205,4.514467,0.4075833
965.1928,965.9307,-0.73789,4.92205,4.520733,0.4013167
965.1928,965.9313,-0.7385,4.92205,4.524917,0.3971333
965.1928,965.9325,-0.73974,4.92205,4.447583,0.4744667
965.1928,965.9327,-0.73988,4.92205,4.53955,0.3825
965.1928,965.9333,-0.74045,4.92205,4.501917,0.4201333
965.1928,965.9343,-0.74151,4.92205,4.5897,0.33235
965.1928,965.9348,-0.74201,4.92205,4.543717,0.3783333
965.1928,965.9358,-0.74305,4.92205,4.376517,0.5455333
965.1928,965.9359,-0.74308,4.92205,4.533267,0.3887833
965.1928,965.9361,-0.74331,4.92205,4.51655,0.4055
965.1928,965.9364,-0.74357,4.92205,4.535367,0.3866833
965.1928,965.9365,-0.74373,4.92205,4.51865,0.4034
965.1928,965.9366,-0.74381,4.92205,4.478933,0.4431167
965.1928,965.9369,-0.74412,4.92205,4.587617,0.3344333
965.1928,965.937,-0.74415,4.92205,4.58135,0.3407
965.1928,965.9375,-0.7447,4.92205,4.4622,0.45985
965.1928,965.9376,-0.74476,4.92205,4.531183,0.3908667
965.1928,965.9378,-0.74498,4.92205,4.593883,0.3281667
965.1928,965.9379,-0.74512,4.92205,4.53745,0.3846
965.1928,965.9401,-0.7473,4.92205,4.554167,0.3678833
965.1928,965.9406,-0.74783,4.92205,4.585533,0.3365167
965.1928,965.9409,-0.7481,4.92205,4.566717,0.3553333
965.1928,965.9411,-0.74828,4.92205,4.562533,0.3595167
965.1928,965.9411,-0.74834,4.92205,4.55,0.37205
965.1928,965.9414,-0.74857,4.92205,4.604333,0.3177167
965.1928,965.9416,-0.74881,4.92205,4.552083,0.3699667
965.1928,965.9417,-0.74888,4.92205,4.608517,0.3135333
965.1928,965.942,-0.74925,4.92205,4.575083,0.3469667
965.1928,965.942,-0.74925,4.92205,4.57925,0.3428
965.1928,965.9422,-0.7494,4.92205,4.5709,0.35115
965.1928,965.9426,-0.74983,4.92205,4.55835,0.3637
965.1928,965.9429,-0.75008,4.92205,4.595983,0.3260667
965.1928,965.9431,-0.75027,4.92205,4.769467,0.1525833
965.1928,965.9431,-0.75034,4.92205,4.556267,0.3657833
965.1928,965.9437,-0.75087,4.92205,4.572983,0.3490667
965.1928,965.9442,-0.7514,4.92205,4.577167,0.3448833
965.1928,965.9446,-0.75177,4.92205,4.541633,0.3804167
965.1928,965.9446,-0.75177,4.92205,4.545817,0.3762333
965.1928,965.9447,-0.75185,4.92205,4.583433,0.3386167
965.1928,965.9452,-0.75235,4.92205,4.564633,0.3574167
965.1928,965.9452,-0.75237,4.92205,4.5688,0.35325
965.1928,965.9455,-0.7527,4.92205,4.5918,0.33025
965.1928,965.9469,-0.75409,4.92205,4.5479,0.37415
965.1928,965.95,-0.75722,4.92205,4.56045,0.3616
965.1928,965.9516,-0.75882,4.92205,4.809217,0.1128333
965.1928,965.9524,-0.75958,4.92205,4.817567,0.1044833
965.1928,965.9598,-0.76698,4.92205,5.085117,-0.1630667
965.1928,965.9629,-0.77012,4.92205,5.271133,-0.3490833
965.1928,965.9631,-0.77033,4.92205,4.7611,0.16095
965.1928,965.9685,-0.77574,4.92205,4.72975,0.1923
965.1928,965.9699,-0.77706,4.92205,4.748567,0.1734833
965.1928,965.975,-0.78219,4.92205,5.074667,-0.1526167
965.1928,965.9768,-0.784,4.92205,5.0872,-0.16515
965.1928,965.977,-0.78418,4.92205,5.095567,-0.1735167
965.1928,965.9781,-0.78533,4.92205,5.070483,-0.1484333
965.1928,965.9812,-0.78843,4.92205,5.317117,-0.3950667
965.1928,965.9817,-0.78894,4.92205,5.442533,-0.5204833
965.1928,965.9824,-0.78965,4.92205,5.720567,-0.7985167
965.1928,965.9828,-0.78998,4.92205,5.758183,-0.8361333
965.1928,965.9836,-0.79083,4.92205,5.3652,-0.44315
965.1928,965.9838,-0.79103,4.92205,5.371467,-0.4494167
965.1928,965.9856,-0.79278,4.92205,5.810433,-0.8883833
965.1928,965.9861,-0.79331,4.92205,5.8188,-0.89675
965.1928,965.9862,-0.7934,4.92205,5.1311,-0.20905
965.1928,965.988,-0.79519,4.92205,5.444617,-0.5225667
965.1928,965.9881,-0.79533,4.92205,5.812533,-0.8904833
965.1928,965.989,-0.79618,4.92205,5.450933,-0.5288833
965.1928,965.9894,-0.79659,4.92205,5.714283,-0.7922333
965.1928,965.99,-0.79716,4.92205,5.67875,-0.7567
965.1928,965.9903,-0.79749,4.92205,5.482283,-0.5602333
965.1928,965.9905,-0.79769,4.92205,5.745633,-0.8235833
965.1928,965.9909,-0.79808,4.92205,4.7172,0.20485
965.1928,965.9909,-0.7981,4.92205,5.76655,-0.8445
965.1928,965.9913,-0.79845,4.92205,5.772817,-0.8507667
965.1928,965.9914,-0.79856,4.92205,5.48855,-0.5665
965.1928,965.9917,-0.79888,4.92205,5.507367,-0.5853167
965.1928,965.992,-0.79921,4.92205,5.5011,-0.57905
965.1928,965.9921,-0.79932,4.92205,5.802083,-0.8800333
965.1928,965.9924,-0.79956,4.92205,5.505267,-0.5832167
965.1928,965.9925,-0.79966,4.92205,5.455117,-0.5330667
965.1928,965.9926,-0.7998,4.92205,5.494817,-0.5727667
965.1928,965.9927,-0.79994,4.92205,5.499,-0.57695
965.1928,965.9928,-0.79998,4.92205,5.517817,-0.5957667
965.1928,965.9928,-0.80004,4.92205,5.4802,-0.55815
965.1928,965.9929,-0.80008,4.92205,5.6704,-0.74835
965.1928,965.993,-0.80021,4.92205,5.4781,-0.55605
965.1928,965.993,-0.80024,4.92205,5.492733,-0.5706833
965.1928,965.9931,-0.80027,4.92205,5.453017,-0.5309667
965.1928,965.9931,-0.80031,4.92205,5.503183,-0.5811333
965.1928,965.9931,-0.80031,4.92205,5.522,-0.59995
965.1928,965.9931,-0.80033,4.92205,5.093467,-0.1714167
965.1928,965.9932,-0.80036,4.92205,5.804167,-0.8821167
965.1928,965.9932,-0.80043,4.92205,5.779083,-0.8570333
965.1928,965.9934,-0.8006,4.92205,5.5199,-0.59785
965.1928,965.9935,-0.80067,4.92205,5.486467,-0.5644167
965.1928,965.9936,-0.80075,4.92205,5.783267,-0.8612167
965.1928,965.9936,-0.80079,4.92205,5.6495,-0.72745
965.1928,965.9938,-0.80097,4.92205,5.524083,-0.6020333
965.1928,965.9938,-0.80097,4.92205,5.741467,-0.8194167
965.1928,965.9939,-0.80114,4.92205,5.496917,-0.5748667
965.1928,965.994,-0.80119,4.92205,5.473917,-0.5518667
965.1928,965.9941,-0.80135,4.92205,5.476017,-0.5539667
965.1928,965.9942,-0.80141,4.92205,5.49065,-0.5686
965.1928,965.9942,-0.80142,4.92205,5.78535,-0.8633
965.1928,965.9943,-0.80151,4.92205,5.484367,-0.5623167
965.1928,965.9944,-0.80158,4.92205,5.760267,-0.8382167
965.1928,965.9945,-0.80167,4.92205,5.440433,-0.5183833
965.1928,965.9945,-0.80168,4.92205,5.50945,-0.5874
965.1928,965.9948,-0.80197,4.92205,5.7979,-0.87585
965.1928,965.9948,-0.80203,4.92205,5.7749,-0.85285
965.1928,965.9948,-0.80203,4.92205,5.791617,-0.8695667
965.1928,965.995,-0.80216,4.92205,5.51155,-0.5895
965.1928,965.995,-0.80225,4.92205,5.74355,-0.8215
965.1928,965.9951,-0.80226,4.92205,5.43625,-0.5142
965.1928,965.9951,-0.80226,4.92205,5.716383,-0.7943333
965.1928,965.9951,-0.80232,4.92205,5.46975,-0.5477
965.1928,965.9952,-0.80238,4.92205,5.65995,-0.7379
965.1928,965.9953,-0.80246,4.92205,5.526183,-0.6041333
965.1928,965.9953,-0.80251,4.92205,5.37355,-0.4515
965.1928,965.9954,-0.8026,4.92205,5.63905,-0.717
965.1928,965.9954,-0.80264,4.92205,5.53245,-0.6104
965.1928,965.9955,-0.80274,4.92205,5.76445,-0.8424
965.1928,965.9956,-0.8028,4.92205,5.515717,-0.5936667
965.1928,965.9956,-0.8028,4.92205,5.528267,-0.6062167
965.1928,965.9957,-0.80293,4.92205,5.064217,-0.1421667
965.1928,965.9958,-0.80295,4.92205,5.6913,-0.76925
965.1928,965.9958,-0.80302,4.92205,5.747733,-0.8256833
965.1928,965.9959,-0.80307,4.92205,5.536633,-0.6145833
965.1928,965.9959,-0.80307,4.92205,5.538717,-0.6166667
965.1928,965.9959,-0.80309,4.92205,5.7331,-0.81105
965.1928,965.996,-0.80317,4.92205,5.768633,-0.8465833
965.1928,965.996,-0.8032,4.92205,5.4572,-0.53515
965.1928,965.996,-0.80323,4.92205,5.465567,-0.5435167
965.1928,965.9961,-0.80331,4.92205,5.781167,-0.8591167
965.1928,965.9961,-0.80332,4.92205,5.471833,-0.5497833
965.1928,965.9961,-0.80333,4.92205,5.590967,-0.6689167
965.1928,965.9962,-0.80341,4.92205,5.09765,-0.1756
965.1928,965.9963,-0.80354,4.92205,5.53035,-0.6083
965.1928,965.9964,-0.80356,4.92205,5.5638,-0.64175
965.1928,965.9964,-0.80358,4.92205,5.622317,-0.7002667
965.1928,965.9964,-0.80359,4.92205,5.513633,-0.5915833
965.1928,965.9965,-0.80372,4.92205,5.789533,-0.8674833
965.1928,965.9966,-0.80381,4.92205,5.582617,-0.6605667
965.1928,965.9967,-0.80386,4.92205,5.703833,-0.7817833
965.1928,965.9967,-0.80387,4.92205,5.739367,-0.8173167
965.1928,965.9967,-0.80393,4.92205,5.463467,-0.5414167
965.1928,965.9968,-0.80405,4.92205,5.5429,-0.62085
965.1928,965.9969,-0.80412,4.92205,5.597233,-0.6751833
965.1928,965.9969,-0.80413,4.92205,5.603517,-0.6814667
965.1928,965.9969,-0.80414,4.92205,5.793717,-0.8716667
965.1928,965.997,-0.80417,4.92205,5.578433,-0.6563833
965.1928,965.9971,-0.80432,4.92205,5.570067,-0.6480167
965.1928,965.9971,-0.80432,4.92205,5.6892,-0.76715
965.1928,965.9971,-0.80433,4.92205,5.5408,-0.61875
965.1928,965.9972,-0.80437,4.92205,5.710117,-0.7880667
965.1928,965.9973,-0.80452,4.92205,5.601417,-0.6793667
965.1928,965.9974,-0.8046,4.92205,5.599333,-0.6772833
965.1928,965.9974,-0.80463,4.92205,5.55125,-0.6292
965.1928,965.9975,-0.80466,4.92205,5.534533,-0.6124833
965.1928,965.9975,-0.80467,4.92205,5.544983,-0.6229333
965.1928,965.9975,-0.80467,4.92205,5.557533,-0.6354833
965.1928,965.9975,-0.80471,4.92205,5.572167,-0.6501167
965.1928,965.9976,-0.80475,4.92205,5.547083,-0.6250333
965.1928,965.9977,-0.80491,4.92205,5.459283,-0.5372333
965.1928,965.9978,-0.80496,4.92205,5.559617,-0.6375667
965.1928,965.9978,-0.80497,4.92205,5.580517,-0.6584667
965.1928,965.9978,-0.80498,4.92205,5.751917,-0.8298667
965.1928,965.9978,-0.80499,4.92205,5.63695,-0.7149
965.1928,965.9978,-0.80502,4.92205,5.5847,-0.66265
965.1928,965.9981,-0.80532,4.92205,5.5617,-0.63965
965.1928,965.9982,-0.80541,4.92205,5.6286,-0.70655
965.1928,965.9983,-0.80555,4.92205,5.6056,-0.68355
965.1928,965.9983,-0.80555,4.92205,5.68085,-0.7588
965.1928,965.9983,-0.80555,4.92205,5.770717,-0.8486667
965.1928,965.9984,-0.80564,4.92205,5.55335,-0.6313
965.1928,965.9985,-0.8057,4.92205,5.613967,-0.6919167
965.1928,965.9986,-0.80577,4.92205,5.59515,-0.6731
965.1928,965.9986,-0.80578,4.92205,5.576333,-0.6542833
965.1928,965.9987,-0.8059,4.92205,5.586783,-0.6647333
965.1928,965.9987,-0.8059,4.92205,5.634867,-0.7128167
965.1928,965.9987,-0.80594,4.92205,5.61815,-0.6961
965.1928,965.9987,-0.80595,4.92205,5.565883,-0.6438333
965.1928,965.9988,-0.80597,4.92205,5.685033,-0.7629833
965.1928,965.9988,-0.80599,4.92205,5.549167,-0.6271167
965.1928,965.9988,-0.80604,4.92205,5.69965,-0.7776
965.1928,965.9989,-0.80614,4.92205,5.46765,-0.5456
965.1928,965.999,-0.80622,4.92205,5.687117,-0.7650667
965.1928,965.999,-0.80624,4.92205,5.611867,-0.6898167
965.1928,965.999,-0.80624,4.92205,5.7122,-0.79015
965.1928,965.9991,-0.80632,4.92205,5.609783,-0.6877333
965.1928,965.9991,-0.80633,4.92205,5.630683,-0.7086333
965.1928,965.9992,-0.80636,4.92205,5.6265,-0.70445
965.1928,965.9992,-0.80636,4.92205,5.754,-0.83195
965.1928,965.9992,-0.80638,4.92205,5.666217,-0.7441667
965.1928,965.9992,-0.8064,4.92205,5.7561,-0.83405
965.1928,965.9992,-0.80642,4.92205,5.655767,-0.7337167
965.1928,965.9993,-0.8065,4.92205,5.555433,-0.6333833
965.1928,965.9993,-0.80651,4.92205,5.588883,-0.6668333
965.1928,965.9993,-0.80654,4.92205,5.80835,-0.8863
965.1928,965.9994,-0.80655,4.92205,5.6474,-0.72535
965.1928,965.9994,-0.80663,4.92205,5.643217,-0.7211667
965.1928,965.9995,-0.80672,4.92205,5.61605,-0.694
965.1928,965.9996,-0.80677,4.92205,5.620233,-0.6981833
965.1928,965.9997,-0.80691,4.92205,5.762367,-0.8403167
965.1928,965.9999,-0.80706,4.92205,5.72265,-0.8006
965.1928,965.9999,-0.80707,4.92205,5.651583,-0.7295333
965.1928,965.9999,-0.80712,4.92205,5.57425,-0.6522
965.1928,966,-0.80716,4.92205,4.710933,0.2111167
965.1928,966,-0.80723,4.92205,5.674583,-0.7525333
965.1928,966,-0.80723,4.92205,5.799983,-0.8779333
965.1928,966,-0.80725,4.92205,5.593067,-0.6710167
965.1928,966.0001,-0.8073,4.92205,5.135283,-0.2132333
965.1928,966.0001,-0.80735,4.92205,5.607683,-0.6856333
965.1928,966.0002,-0.80739,4.92205,5.632767,-0.7107167
965.1928,966.0003,-0.80749,4.92205,5.731017,-0.8089667
965.1928,966.0006,-0.80778,4.92205,5.567983,-0.6459333
965.1928,966.0008,-0.80803,4.92205,5.0893,-0.16725
965.1928,966.0009,-0.80814,4.92205,5.70175,-0.7797
965.1928,966.0013,-0.80846,4.92205,5.664133,-0.7420833
965.1928,966.0013,-0.80851,4.92205,5.735183,-0.8131333
965.1928,966.0014,-0.8086,4.92205,5.718467,-0.7964167
965.1928,966.0015,-0.80867,4.92205,5.724733,-0.8026833
965.1928,966.0016,-0.80877,4.92205,5.708017,-0.7859667
965.1928,966.0016,-0.80881,4.92205,5.662033,-0.7399833
965.1928,966.0016,-0.80882,4.92205,4.80085,0.1212
965.1928,966.0016,-0.80883,4.92205,5.777,-0.85495
965.1928,966.0017,-0.80885,4.92205,5.65785,-0.7358
965.1928,966.0019,-0.80907,4.92205,5.062117,-0.1400667
965.1928,966.0022,-0.8094,4.92205,5.461383,-0.5393333
965.1928,966.0022,-0.80942,4.92205,5.645317,-0.7232667
965.1928,966.0022,-0.80944,4.92205,5.672483,-0.7504333
965.1928,966.0024,-0.80961,4.92205,5.653667,-0.7316167
965.1928,966.0025,-0.80967,4.92205,5.80625,-0.8842
965.1928,966.0033,-0.8105,4.92205,4.7402,0.18185
965.1928,966.0033,-0.81054,4.92205,5.676667,-0.7546167
965.1928,966.0035,-0.81072,4.92205,5.682933,-0.7608833
965.1928,966.0036,-0.81084,4.92205,5.624417,-0.7023667
965.1928,966.0038,-0.81101,4.92205,5.737283,-0.8152333
965.1928,966.0041,-0.81129,4.92205,5.705933,-0.7838833
965.1928,966.0046,-0.81183,4.92205,5.641133,-0.7190833
965.1928,966.0046,-0.81184,4.92205,5.116467,-0.1944167
965.1928,966.0046,-0.81184,4.92205,5.726833,-0.8047833
965.1928,966.0051,-0.81226,4.92205,5.749817,-0.8277667
965.1928,966.0055,-0.81268,4.92205,5.6683,-0.74625
965.1928,966.007,-0.81423,4.92205,5.0663,-0.14425
965.1928,966.0073,-0.81455,4.92205,5.693383,-0.7713333
965.1928,966.0096,-0.81683,4.92205,5.728917,-0.8068667
965.1928,966.0099,-0.81705,4.92205,5.4488,-0.52675
,,,,,
